0,0,0
-17.5571569133735,-40.6321579097988,26.1195184415933
-17.5571569133458,-40.632157909812,26.1195184415824
-17.5571569133161,-40.6321579098171,26.1195184415682
-17.5571569132844,-40.6321579098138,26.1195184415508
-17.5571569132507,-40.6321579098022,26.1195184415301
-17.557156913215,-40.6321579097824,26.1195184415062
-17.5571569131773,-40.6321579097542,26.1195184414789
-17.5571569131376,-40.6321579097177,26.1195184414484
-17.5571569130959,-40.632157909673,26.1195184414146
-17.5571569130522,-40.6321579096198,26.1195184413775
-17.5571569130065,-40.6321579095585,26.1195184413372
-17.5571569129589,-40.6321579094889,26.1195184412936
-17.5571569129092,-40.6321579094109,26.1195184412467
-17.5571569128575,-40.6321579093246,26.1195184411966
-17.5571569128038,-40.6321579092301,26.1195184411431
-17.5571569127481,-40.6321579091272,26.1195184410864
-17.5571569126905,-40.6321579090161,26.1195184410264
-17.5571569126308,-40.6321579088966,26.1195184409632
-17.5571569125691,-40.6321579087688,26.1195184408966
-17.5571569125054,-40.6321579086328,26.1195184408268
-17.5571569124397,-40.6321579084884,26.1195184407537
-17.5571569123721,-40.6321579083358,26.1195184406773
-17.5571569123024,-40.6321579081748,26.1195184405977
-17.5571569122307,-40.6321579080056,26.1195184405148
-17.557156912157,-40.6321579078281,26.1195184404286
-17.5571569120814,-40.6321579076422,26.1195184403391
-17.5571569120037,-40.6321579074481,26.1195184402464
-17.5571569119241,-40.6321579072456,26.1195184401504
-17.5571569118424,-40.6321579070349,26.1195184400511
-17.5571569117587,-40.6321579068159,26.1195184399486
-17.557156911673,-40.6321579065885,26.1195184398427
-17.5571569115854,-40.6321579063529,26.1195184397336
-17.5571569114957,-40.632157906109,26.1195184396212
-17.5571569114041,-40.6321579058567,26.1195184395056
-17.5571569113104,-40.6321579055961,26.1195184393866
-17.5571569112148,-40.6321579053274,26.1195184392644
-17.5571569111171,-40.6321579050502,26.1195184391389
-17.5571569110175,-40.6321579047648,26.1195184390102
-17.5571569109158,-40.6321579044711,26.1195184388781
-17.5571569108122,-40.6321579041691,26.1195184387428
-17.5571569107065,-40.6321579038588,26.1195184386042
-17.5571569105989,-40.6321579035402,26.1195184384624
-17.5571569104892,-40.6321579032132,26.1195184383173
-17.5571569103776,-40.6321579028779,26.1195184381688
-17.5571569102639,-40.6321579025345,26.1195184380172
-17.5571569101483,-40.6321579021826,26.1195184378622
-17.5571569100306,-40.6321579018225,26.119518437704
-17.557156909911,-40.6321579014542,26.1195184375425
-17.5571569097894,-40.6321579010774,26.1195184373777
-17.5571569096657,-40.6321579006925,26.1195184372096
-17.5571569095401,-40.6321579002991,26.1195184370383
-17.5571569094125,-40.6321578998975,26.1195184368637
-17.5571569092828,-40.6321578994876,26.1195184366858
-17.5571569091512,-40.6321578990694,26.1195184365047
-17.5571569090176,-40.6321578986429,26.1195184363202
-17.5571569088819,-40.6321578982081,26.1195184361325
-17.5571569087443,-40.632157897765,26.1195184359415
-17.5571569086047,-40.6321578973136,26.1195184357473
-17.5571569084631,-40.6321578968539,26.1195184355498
-17.5571569083194,-40.6321578963859,26.1195184353489
-17.5571569081738,-40.6321578959096,26.1195184351449
-17.5571569080262,-40.632157895425,26.1195184349375
-17.5571569078766,-40.6321578949322,26.1195184347269
-17.557156907725,-40.6321578944309,26.119518434513
-17.5571569075713,-40.6321578939215,26.1195184342958
-17.5571569074157,-40.6321578934036,26.1195184340753
-17.5571569072581,-40.6321578928776,26.1195184338516
-17.5571569070985,-40.6321578923432,26.1195184336246
-17.5571569069369,-40.6321578918005,26.1195184333944
-17.5571569067733,-40.6321578912495,26.1195184331608
-17.5571569066077,-40.6321578906903,26.119518432924
-17.55715690644,-40.6321578901227,26.1195184326839
-17.5571569062704,-40.6321578895468,26.1195184324405
-17.5571569060988,-40.6321578889627,26.1195184321939
-17.5571569059253,-40.6321578883702,26.119518431944
-17.5571569057496,-40.6321578877694,26.1195184316907
-17.557156905572,-40.6321578871604,26.1195184314342
-17.5571569053924,-40.632157886543,26.1195184311745
-17.5571569052108,-40.6321578859173,26.1195184309115
-17.5571569050272,-40.6321578852834,26.1195184306452
-17.5571569048416,-40.6321578846411,26.1195184303756
-17.557156904654,-40.6321578839905,26.1195184301028
-17.5571569044644,-40.6321578833317,26.1195184298266
-17.5571569042728,-40.6321578826646,26.1195184295473
-17.5571569040792,-40.6321578819891,26.1195184292646
-17.5571569038836,-40.6321578813053,26.1195184289786
-17.5571569036861,-40.6321578806133,26.1195184286894
-17.5571569034865,-40.6321578799129,26.1195184283969
-17.5571569032849,-40.6321578792043,26.1195184281011
-17.5571569030813,-40.6321578784873,26.1195184278021
-17.5571569028757,-40.6321578777621,26.1195184274998
-17.5571569026681,-40.6321578770285,26.1195184271942
-17.5571569024585,-40.6321578762867,26.1195184268853
-17.5571569022469,-40.6321578755366,26.1195184265732
-17.5571569020334,-40.6321578747781,26.1195184262578
-17.5571569018178,-40.6321578740114,26.1195184259391
-17.5571569016002,-40.6321578732363,26.1195184256171
-17.5571569013806,-40.632157872453,26.1195184252919
-17.557156901159,-40.6321578716614,26.1195184249634
-17.5571569009355,-40.6321578708614,26.1195184246316
-17.5571569007099,-40.6321578700532,26.1195184242965
-17.5571569004824,-40.6321578692367,26.1195184239582
-17.5571569002527,-40.6321578684119,26.1195184236165
-17.5571569000212,-40.6321578675787,26.1195184232716
-17.5571568997876,-40.6321578667373,26.1195184229235
-17.5571568995521,-40.6321578658876,26.119518422572
-17.5571568993145,-40.6321578650295,26.1195184222173
-17.5571568990749,-40.6321578641632,26.1195184218593
-17.5571568988334,-40.6321578632886,26.1195184214981
-17.5571568985898,-40.6321578624057,26.1195184211335
-17.5571568983443,-40.6321578615145,26.1195184207657
-17.5571568980967,-40.632157860615,26.1195184203947
-17.5571568978471,-40.6321578597071,26.1195184200203
-17.5571568975955,-40.632157858791,26.1195184196426
-17.557156897342,-40.6321578578666,26.1195184192617
-17.5571568970864,-40.6321578569339,26.1195184188775
-17.5571568968289,-40.6321578559929,26.1195184184901
-17.5571568965693,-40.6321578550436,26.1195184180993
-17.5571568963077,-40.632157854086,26.1195184177053
-17.5571568960442,-40.6321578531201,26.1195184173081
-17.5571568957786,-40.6321578521459,26.1195184169075
-17.5571568955111,-40.6321578511634,26.1195184165036
-17.5571568952416,-40.6321578501726,26.1195184160965
-17.55715689497,-40.6321578491735,26.1195184156861
-17.5571568946965,-40.6321578481661,26.1195184152725
-17.557156894421,-40.6321578471505,26.1195184148556
-17.5571568941434,-40.6321578461264,26.1195184144354
-17.5571568938638,-40.6321578450942,26.1195184140119
-17.5571568935823,-40.6321578440536,26.1195184135852
-17.5571568932987,-40.6321578430046,26.1195184131551
-17.5571568930132,-40.6321578419475,26.1195184127218
-17.5571568927257,-40.632157840882,26.1195184122853
-17.5571568924361,-40.6321578398081,26.1195184118453
-17.5571568921446,-40.6321578387261,26.1195184114022
-17.5571568918511,-40.6321578376357,26.1195184109558
-17.5571568915556,-40.632157836537,26.1195184105062
-17.557156891258,-40.63215783543,26.1195184100532
-17.5571568909585,-40.6321578343147,26.1195184095969
-17.5571568906569,-40.6321578331912,26.1195184091374
-17.5571568903534,-40.6321578320593,26.1195184086747
-17.5571568900479,-40.6321578309192,26.1195184082086
-17.5571568897404,-40.6321578297707,26.1195184077393
-17.5571568894308,-40.6321578286139,26.1195184072667
-17.5571568891193,-40.6321578274489,26.1195184067909
-17.5571568888058,-40.6321578262755,26.1195184063117
-17.5571568884903,-40.6321578250938,26.1195184058293
-17.5571568881727,-40.6321578239039,26.1195184053436
-17.5571568878532,-40.6321578227056,26.1195184048546
-17.5571568875317,-40.632157821499,26.1195184043623
-17.5571568872082,-40.6321578202842,26.1195184038668
-17.5571568868826,-40.632157819061,26.119518403368
-17.5571568865551,-40.6321578178297,26.119518402866
-17.5571568862256,-40.6321578165899,26.1195184023606
-17.5571568858941,-40.6321578153418,26.119518401852
-17.5571568855606,-40.6321578140855,26.1195184013401
-17.5571568852251,-40.6321578128208,26.1195184008249
-17.5571568848876,-40.6321578115478,26.1195184003065
-17.5571568845481,-40.6321578102666,26.1195183997847
-17.5571568842065,-40.6321578089771,26.1195183992598
-17.557156883863,-40.6321578076793,26.1195183987315
-17.5571568835175,-40.6321578063731,26.1195183982
-17.55715688317,-40.6321578050586,26.1195183976652
-17.5571568828205,-40.6321578037359,26.1195183971271
-17.557156882469,-40.6321578024049,26.1195183965857
-17.5571568821155,-40.6321578010655,26.119518396041
-17.55715688176,-40.6321577997179,26.1195183954931
-17.5571568814025,-40.632157798362,26.1195183949419
-17.557156881043,-40.6321577969978,26.1195183943875
-17.5571568806815,-40.6321577956253,26.1195183938297
-17.557156880318,-40.6321577942444,26.1195183932687
-17.5571568799525,-40.6321577928553,26.1195183927044
-17.557156879585,-40.6321577914578,26.1195183921369
-17.5571568792155,-40.6321577900522,26.1195183915661
-17.557156878844,-40.6321577886381,26.1195183909919
-17.5571568784706,-40.6321577872159,26.1195183904146
-17.5571568780951,-40.6321577857852,26.1195183898339
-17.5571568777176,-40.6321577843463,26.1195183892499
-17.5571568773381,-40.632157782899,26.1195183886627
-17.5571568769566,-40.6321577814436,26.1195183880723
-17.5571568765731,-40.6321577799797,26.1195183874785
-17.5571568761876,-40.6321577785076,26.1195183868815
-17.5571568758001,-40.6321577770272,26.1195183862812
-17.5571568754106,-40.6321577755385,26.1195183856776
-17.5571568750191,-40.6321577740415,26.1195183850707
-17.5571568746256,-40.6321577725362,26.1195183844606
-17.5571568742302,-40.6321577710226,26.1195183838472
-17.5571568738327,-40.6321577695007,26.1195183832305
-17.5571568734332,-40.6321577679705,26.1195183826106
-17.5571568730318,-40.632157766432,26.1195183819873
-17.5571568726283,-40.6321577648852,26.1195183813608
-17.5571568722228,-40.6321577633301,26.119518380731
-17.5571568718153,-40.6321577617667,26.119518380098
-17.5571568714058,-40.632157760195,26.1195183794616
-17.5571568709944,-40.632157758615,26.1195183788221
-17.5571568705809,-40.6321577570267,26.1195183781792
-17.5571568701654,-40.6321577554302,26.119518377533
-17.557156869748,-40.6321577538253,26.1195183768836
-17.5571568693285,-40.6321577522121,26.1195183762309
-17.557156868907,-40.6321577505906,26.1195183755749
-17.5571568684835,-40.6321577489608,26.1195183749157
-17.5571568680581,-40.6321577473227,26.1195183742532
-17.5571568676306,-40.6321577456764,26.1195183735874
-17.5571568672011,-40.6321577440217,26.1195183729183
-17.5571568667697,-40.6321577423587,26.1195183722459
-17.5571568663362,-40.6321577406874,26.1195183715703
-17.5571568659008,-40.6321577390079,26.1195183708914
-17.5571568654633,-40.63215773732,26.1195183702093
-17.5571568650238,-40.6321577356238,26.1195183695238
-17.5571568645824,-40.6321577339194,26.1195183688351
-17.5571568641389,-40.6321577322066,26.1195183681431
-17.5571568636935,-40.6321577304855,26.1195183674478
-17.557156863246,-40.6321577287562,26.1195183667493
-17.5571568627965,-40.6321577270185,26.1195183660475
-17.5571568623451,-40.6321577252726,26.1195183653424
-17.5571568618916,-40.6321577235183,26.119518364634
-17.5571568614362,-40.6321577217558,26.1195183639224
-17.5571568609787,-40.6321577199849,26.1195183632075
-17.5571568605193,-40.6321577182058,26.1195183624893
-17.5571568600578,-40.6321577164183,26.1195183617678
-17.5571568595944,-40.6321577146226,26.1195183610431
-17.557156859129,-40.6321577128185,26.1195183603151
-17.5571568586615,-40.6321577110062,26.1195183595838
-17.557156858192,-40.6321577091856,26.1195183588492
-17.5571568577206,-40.6321577073566,26.1195183581113
-17.5571568572471,-40.6321577055194,26.1195183573703
-17.5571568567717,-40.6321577036738,26.1195183566259
-17.5571568562943,-40.63215770182,26.1195183558782
-17.5571568558148,-40.6321576999579,26.1195183551273
-17.5571568553334,-40.6321576980874,26.1195183543731
-17.5571568548499,-40.6321576962086,26.1195183536156
-17.5571568543645,-40.6321576943216,26.1195183528548
-17.5571568538771,-40.6321576924263,26.1195183520908
-17.5571568533876,-40.6321576905226,26.1195183513235
-17.5571568528962,-40.6321576886107,26.1195183505529
-17.5571568524028,-40.6321576866905,26.119518349779
-17.5571568519073,-40.632157684762,26.1195183490019
-17.5571568514099,-40.6321576828252,26.1195183482215
-17.5571568509105,-40.6321576808801,26.1195183474379
-17.557156850409,-40.6321576789266,26.1195183466509
-17.5571568499056,-40.6321576769649,26.1195183458607
-17.5571568494002,-40.6321576749949,26.1195183450671
-17.5571568488927,-40.6321576730166,26.1195183442704
-17.5571568483833,-40.63215767103,26.1195183434703
-17.5571568478719,-40.6321576690351,26.119518342667
-17.5571568473585,-40.6321576670319,26.1195183418604
-17.5571568468431,-40.6321576650204,26.1195183410506
-17.5571568463256,-40.6321576630005,26.1195183402374
-17.5571568458062,-40.6321576609724,26.1195183394209
-17.5571568452848,-40.6321576589361,26.1195183386013
-17.5571568447614,-40.6321576568913,26.1195183377783
-17.557156844236,-40.6321576548383,26.1195183369521
-17.5571568437085,-40.632157652777,26.1195183361225
-17.5571568431791,-40.6321576507074,26.1195183352898
-17.5571568426477,-40.6321576486296,26.1195183344537
-17.5571568421143,-40.6321576465434,26.1195183336143
-17.5571568415789,-40.6321576444488,26.1195183327717
-17.5571568410415,-40.632157642346,26.1195183319258
-17.557156840502,-40.6321576402349,26.1195183310766
-17.5571568399606,-40.6321576381156,26.1195183302242
-17.5571568394172,-40.6321576359879,26.1195183293685
-17.5571568388718,-40.6321576338519,26.1195183285095
-17.5571568383244,-40.6321576317076,26.1195183276472
-17.557156837775,-40.632157629555,26.1195183267817
-17.5571568372236,-40.6321576273941,26.1195183259129
-17.5571568366702,-40.632157625225,26.1195183250408
-17.5571568361148,-40.6321576230475,26.1195183241654
-17.5571568355574,-40.6321576208617,26.1195183232868
-17.5571568349979,-40.6321576186677,26.1195183224049
-17.5571568344365,-40.6321576164653,26.1195183215197
-17.5571568338732,-40.6321576142546,26.1195183206313
-17.5571568333077,-40.6321576120356,26.1195183197395
-17.5571568327403,-40.6321576098083,26.1195183188445
-17.5571568321709,-40.6321576075728,26.1195183179462
-17.5571568315995,-40.6321576053289,26.1195183170447
-17.5571568310261,-40.6321576030768,26.1195183161398
-17.5571568304507,-40.6321576008163,26.1195183152317
-17.5571568298733,-40.6321575985475,26.1195183143203
-17.5571568292939,-40.6321575962705,26.1195183134057
-17.5571568287126,-40.6321575939852,26.1195183124878
-17.5571568281291,-40.6321575916915,26.1195183115665
-17.5571568275437,-40.6321575893895,26.1195183106421
-17.5571568269563,-40.6321575870793,26.1195183097143
-17.5571568263669,-40.6321575847607,26.1195183087833
-17.5571568257756,-40.6321575824338,26.119518307849
-17.5571568251822,-40.6321575800987,26.1195183069114
-17.5571568245868,-40.6321575777553,26.1195183059706
-17.5571568239894,-40.6321575754035,26.1195183050264
-17.55715682339,-40.6321575730435,26.119518304079
-17.5571568227886,-40.6321575706751,26.1195183031284
-17.5571568221852,-40.6321575682985,26.1195183021744
-17.5571568215799,-40.6321575659136,26.1195183012172
-17.5571568209725,-40.6321575635204,26.1195183002567
-17.5571568203631,-40.6321575611188,26.1195182992929
-17.5571568197517,-40.632157558709,26.1195182983259
-17.5571568191383,-40.6321575562908,26.1195182973555
-17.5571568185229,-40.6321575538644,26.1195182963819
-17.5571568179056,-40.6321575514296,26.1195182954051
-17.5571568172862,-40.6321575489867,26.119518294425
-17.5571568166648,-40.6321575465354,26.1195182934416
-17.5571568160414,-40.6321575440757,26.1195182924548
-17.557156815416,-40.6321575416078,26.1195182914649
-17.5571568147886,-40.6321575391316,26.1195182904717
-17.5571568141593,-40.632157536647,26.1195182894751
-17.5571568135279,-40.6321575341542,26.1195182884753
-17.5571568128945,-40.6321575316531,26.1195182874723
-17.5571568122592,-40.6321575291437,26.1195182864659
-17.5571568116218,-40.6321575266259,26.1195182854563
-17.5571568109824,-40.6321575241,26.1195182844435
-17.557156810341,-40.6321575215657,26.1195182834273
-17.5571568096977,-40.6321575190231,26.1195182824079
-17.5571568090523,-40.6321575164722,26.1195182813852
-17.5571568084049,-40.6321575139129,26.1195182803592
-17.5571568077556,-40.6321575113455,26.1195182793299
-17.5571568071042,-40.6321575087697,26.1195182782974
-17.5571568064508,-40.6321575061856,26.1195182772616
-17.5571568057955,-40.6321575035931,26.1195182762225
-17.5571568051381,-40.6321575009924,26.1195182751801
-17.5571568044787,-40.6321574983834,26.1195182741345
-17.5571568038174,-40.6321574957662,26.1195182730856
-17.557156803154,-40.6321574931406,26.1195182720334
-17.5571568024886,-40.6321574905066,26.119518270978
-17.5571568018213,-40.6321574878646,26.1195182699193
-17.5571568011519,-40.632157485214,26.1195182688572
-17.5571568004806,-40.6321574825552,26.119518267792
-17.5571567998072,-40.6321574798882,26.1195182667235
-17.5571567991318,-40.6321574772127,26.1195182656516
-17.5571567984545,-40.6321574745291,26.1195182645765
-17.5571567977751,-40.6321574718371,26.1195182634981
-17.5571567970937,-40.6321574691368,26.1195182624165
-17.5571567964104,-40.6321574664282,26.1195182613316
-17.557156795725,-40.6321574637113,26.1195182602434
-17.5571567950377,-40.6321574609862,26.1195182591519
-17.5571567943483,-40.6321574582527,26.1195182580571
-17.557156793657,-40.632157455511,26.1195182569592
-17.5571567929636,-40.6321574527609,26.1195182558579
-17.5571567922683,-40.6321574500026,26.1195182547533
-17.5571567915709,-40.6321574472359,26.1195182536454
-17.5571567908716,-40.6321574444609,26.1195182525343
-17.5571567901702,-40.6321574416776,26.1195182514199
-17.5571567894669,-40.6321574388861,26.1195182503023
-17.5571567887616,-40.6321574360863,26.1195182491814
-17.5571567880542,-40.6321574332781,26.1195182480571
-17.5571567873449,-40.6321574304617,26.1195182469297
-17.5571567866335,-40.6321574276369,26.1195182457989
-17.5571567859201,-40.6321574248038,26.1195182446649
-17.5571567852048,-40.6321574219625,26.1195182435276
-17.5571567844875,-40.6321574191129,26.119518242387
-17.5571567837681,-40.6321574162549,26.1195182412431
-17.5571567830468,-40.6321574133887,26.119518240096
-17.5571567823234,-40.6321574105141,26.1195182389456
-17.5571567815981,-40.6321574076313,26.1195182377919
-17.5571567808708,-40.6321574047401,26.1195182366349
-17.5571567801414,-40.6321574018407,26.1195182354747
-17.55715677941,-40.6321573989329,26.1195182343112
-17.5571567786767,-40.6321573960169,26.1195182331444
-17.5571567779414,-40.6321573930925,26.1195182319744
-17.557156777204,-40.6321573901599,26.119518230801
-17.5571567764647,-40.632157387219,26.1195182296245
-17.5571567757234,-40.6321573842697,26.1195182284446
-17.55715677498,-40.6321573813122,26.1195182272614
-17.5571567742347,-40.6321573783465,26.119518226075
-17.5571567734874,-40.6321573753724,26.1195182248853
-17.557156772738,-40.6321573723899,26.1195182236923
-17.5571567719867,-40.6321573693992,26.1195182224961
-17.5571567712334,-40.6321573664002,26.1195182212966
-17.557156770478,-40.6321573633927,26.1195182200938
-17.5571567697207,-40.6321573603771,26.1195182188877
-17.5571567689614,-40.6321573573533,26.1195182176783
-17.5571567682001,-40.632157354321,26.1195182164657
-17.5571567674367,-40.6321573512806,26.1195182152499
-17.5571567666714,-40.6321573482318,26.1195182140307
-17.5571567659041,-40.6321573451746,26.1195182128083
-17.5571567651348,-40.6321573421092,26.1195182115825
-17.5571567643634,-40.6321573390356,26.1195182103536
-17.5571567635901,-40.6321573359535,26.1195182091213
-17.5571567628148,-40.6321573328632,26.1195182078857
-17.5571567620375,-40.6321573297646,26.1195182066469
-17.5571567612581,-40.6321573266577,26.1195182054048
-17.5571567604768,-40.6321573235425,26.1195182041595
-17.5571567596935,-40.632157320419,26.1195182029108
-17.5571567589082,-40.6321573172872,26.1195182016589
-17.5571567581208,-40.6321573141471,26.1195182004037
-17.5571567573315,-40.6321573109987,26.1195181991453
-17.5571567565402,-40.632157307842,26.1195181978836
-17.5571567557469,-40.632157304677,26.1195181966186
-17.5571567549516,-40.6321573015038,26.1195181953503
-17.5571567541543,-40.6321572983222,26.1195181940788
-17.5571567533549,-40.6321572951323,26.1195181928039
-17.5571567525536,-40.6321572919341,26.1195181915258
-17.5571567517503,-40.6321572887277,26.1195181902444
-17.557156750945,-40.6321572855129,26.1195181889598
-17.5571567501377,-40.6321572822898,26.1195181876719
-17.5571567493284,-40.6321572790585,26.1195181863807
-17.5571567485171,-40.6321572758188,26.1195181850862
-17.5571567477038,-40.6321572725708,26.1195181837885
-17.5571567468884,-40.6321572693145,26.1195181824874
-17.5571567460711,-40.6321572660499,26.1195181811831
-17.5571567452518,-40.6321572627771,26.1195181798756
-17.5571567444305,-40.632157259496,26.1195181785648
-17.5571567436072,-40.6321572562065,26.1195181772506
-17.5571567427819,-40.6321572529087,26.1195181759332
-17.5571567419546,-40.6321572496027,26.1195181746125
-17.5571567411253,-40.6321572462883,26.1195181732886
-17.557156740294,-40.6321572429657,26.1195181719614
-17.5571567394607,-40.6321572396347,26.1195181706309
-17.5571567386254,-40.6321572362954,26.1195181692972
-17.557156737788,-40.6321572329479,26.1195181679601
-17.5571567369487,-40.632157229592,26.1195181666198
-17.5571567361074,-40.632157226228,26.1195181652762
-17.5571567352641,-40.6321572228555,26.1195181639294
-17.5571567344189,-40.6321572194747,26.1195181625792
-17.5571567335715,-40.6321572160858,26.1195181612259
-17.5571567327222,-40.6321572126884,26.1195181598692
-17.557156731871,-40.6321572092827,26.1195181585092
-17.5571567310176,-40.6321572058688,26.119518157146
-17.5571567301624,-40.6321572024465,26.1195181557795
-17.557156729305,-40.632157199016,26.1195181544097
-17.5571567284457,-40.6321571955772,26.1195181530366
-17.5571567275844,-40.63215719213,26.1195181516603
-17.5571567267211,-40.6321571886746,26.1195181502807
-17.5571567258558,-40.6321571852109,26.1195181488978
-17.5571567249886,-40.6321571817388,26.1195181475117
-17.5571567241192,-40.6321571782584,26.1195181461222
-17.557156723248,-40.6321571747699,26.1195181447296
-17.5571567223746,-40.632157171273,26.1195181433336
-17.5571567214994,-40.6321571677678,26.1195181419343
-17.5571567206221,-40.6321571642542,26.1195181405318
-17.5571567197428,-40.6321571607324,26.119518139126
-17.5571567188615,-40.6321571572023,26.1195181377169
-17.5571567179782,-40.632157153664,26.1195181363046
-17.5571567170929,-40.6321571501172,26.1195181348891
-17.5571567162056,-40.6321571465622,26.1195181334701
-17.5571567153163,-40.6321571429989,26.119518132048
-17.557156714425,-40.6321571394274,26.1195181306225
-17.5571567135318,-40.6321571358474,26.1195181291938
-17.5571567126365,-40.6321571322592,26.1195181277618
-17.5571567117391,-40.6321571286626,26.1195181263265
-17.5571567108399,-40.6321571250579,26.119518124888
-17.5571567099386,-40.6321571214448,26.1195181234462
-17.5571567090353,-40.6321571178233,26.1195181220011
-17.55715670813,-40.6321571141937,26.1195181205528
-17.5571567072227,-40.6321571105557,26.1195181191011
-17.5571567063135,-40.6321571069095,26.1195181176462
-17.5571567054022,-40.6321571032548,26.119518116188
-17.5571567044889,-40.6321570995919,26.1195181147266
-17.5571567035736,-40.6321570959208,26.1195181132619
-17.5571567026563,-40.6321570922413,26.1195181117939
-17.557156701737,-40.6321570885535,26.1195181103226
-17.5571567008157,-40.6321570848574,26.119518108848
-17.5571566998925,-40.632157081153,26.1195181073702
-17.5571566989672,-40.6321570774404,26.1195181058891
-17.5571566980399,-40.6321570737194,26.1195181044047
-17.5571566971106,-40.63215706999,26.1195181029171
-17.5571566961794,-40.6321570662525,26.1195181014262
-17.5571566952461,-40.6321570625067,26.119518099932
-17.5571566943108,-40.6321570587525,26.1195180984345
-17.5571566933735,-40.63215705499,26.1195180969337
-17.5571566924342,-40.6321570512193,26.1195180954298
-17.557156691493,-40.6321570474401,26.1195180939224
-17.5571566905497,-40.6321570436528,26.1195180924119
-17.5571566896044,-40.6321570398572,26.1195180908981
-17.5571566886571,-40.6321570360532,26.1195180893809
-17.5571566877078,-40.6321570322409,26.1195180878606
-17.5571566867566,-40.6321570284204,26.1195180863369
-17.5571566858033,-40.6321570245915,26.1195180848099
-17.557156684848,-40.6321570207543,26.1195180832797
-17.5571566838908,-40.6321570169089,26.1195180817463
-17.5571566829315,-40.6321570130551,26.1195180802095
-17.5571566819702,-40.6321570091931,26.1195180786695
-17.5571566810069,-40.6321570053227,26.1195180771261
-17.5571566800417,-40.6321570014441,26.1195180755796
-17.5571566790744,-40.6321569975571,26.1195180740297
-17.5571566781051,-40.6321569936619,26.1195180724766
-17.5571566771339,-40.6321569897584,26.1195180709202
-17.5571566761606,-40.6321569858465,26.1195180693605
-17.5571566751853,-40.6321569819264,26.1195180677976
-17.557156674208,-40.6321569779979,26.1195180662313
-17.5571566732288,-40.6321569740612,26.1195180646618
-17.5571566722475,-40.6321569701162,26.119518063089
-17.5571566712643,-40.6321569661629,26.119518061513
-17.557156670279,-40.6321569622013,26.1195180599337
-17.5571566692917,-40.6321569582312,26.1195180583511
-17.5571566683024,-40.6321569542531,26.1195180567652
-17.5571566673112,-40.6321569502665,26.1195180551761
-17.5571566663179,-40.6321569462717,26.1195180535837
-17.5571566653227,-40.6321569422686,26.119518051988
-17.5571566643254,-40.6321569382572,26.119518050389
-17.5571566633261,-40.6321569342375,26.1195180487868
-17.5571566623248,-40.6321569302095,26.1195180471813
-17.5571566613216,-40.6321569261731,26.1195180455724
-17.5571566603163,-40.6321569221285,26.1195180439604
-17.5571566593091,-40.6321569180756,26.1195180423451
-17.5571566582998,-40.6321569140144,26.1195180407265
-17.5571566572885,-40.632156909945,26.1195180391046
-17.5571566562753,-40.6321569058671,26.1195180374795
-17.55715665526,-40.632156901781,26.119518035851
-17.5571566542428,-40.6321568976867,26.1195180342193
-17.5571566532235,-40.632156893584,26.1195180325843
-17.5571566522023,-40.6321568894729,26.1195180309461
-17.557156651179,-40.6321568853537,26.1195180293046
-17.5571566501537,-40.632156881226,26.1195180276597
-17.5571566491265,-40.6321568770901,26.1195180260117
-17.5571566480972,-40.6321568729459,26.1195180243603
-17.557156647066,-40.6321568687935,26.1195180227057
-17.5571566460327,-40.6321568646326,26.1195180210478
-17.5571566449975,-40.6321568604635,26.1195180193866
-17.5571566439602,-40.6321568562861,26.1195180177222
-17.5571566429209,-40.6321568521005,26.1195180160544
-17.5571566418797,-40.6321568479064,26.1195180143834
-17.5571566408364,-40.6321568437042,26.1195180127092
-17.5571566397912,-40.6321568394936,26.1195180110316
-17.5571566387439,-40.6321568352747,26.1195180093508
-17.5571566376947,-40.6321568310476,26.1195180076667
-17.5571566366434,-40.632156826812,26.1195180059793
-17.5571566355901,-40.6321568225683,26.1195180042887
-17.5571566345349,-40.6321568183162,26.1195180025948
-17.5571566334776,-40.6321568140559,26.1195180008976
-17.5571566324184,-40.6321568097872,26.1195179991972
-17.5571566313572,-40.6321568055102,26.1195179974934
-17.5571566302939,-40.632156801225,26.1195179957864
-17.5571566292286,-40.6321567969314,26.1195179940761
-17.5571566281614,-40.6321567926296,26.1195179923626
-17.5571566270922,-40.6321567883194,26.1195179906458
-17.5571566260209,-40.6321567840009,26.1195179889256
-17.5571566249477,-40.6321567796742,26.1195179872023
-17.5571566238724,-40.6321567753391,26.1195179854756
-17.5571566227952,-40.6321567709958,26.1195179837457
-17.5571566217159,-40.6321567666441,26.1195179820125
-17.5571566206347,-40.6321567622842,26.119517980276
-17.5571566195514,-40.6321567579159,26.1195179785363
-17.5571566184662,-40.6321567535394,26.1195179767932
-17.5571566173789,-40.6321567491545,26.119517975047
-17.5571566162897,-40.6321567447615,26.1195179732974
-17.5571566151984,-40.6321567403599,26.1195179715445
-17.5571566141052,-40.6321567359502,26.1195179697884
-17.5571566130099,-40.6321567315321,26.119517968029
-17.5571566119127,-40.6321567271058,26.1195179662663
-17.5571566108135,-40.6321567226712,26.1195179645004
-17.5571566097122,-40.6321567182283,26.1195179627312
-17.557156608609,-40.6321567137771,26.1195179609587
-17.5571566075037,-40.6321567093175,26.1195179591829
-17.5571566063965,-40.6321567048497,26.1195179574039
-17.5571566052872,-40.6321567003736,26.1195179556216
-17.557156604176,-40.6321566958891,26.119517953836
-17.5571566030628,-40.6321566913965,26.1195179520472
-17.5571566019475,-40.6321566868954,26.119517950255
-17.5571566008303,-40.6321566823862,26.1195179484597
-17.557156599711,-40.6321566778684,26.1195179466609
-17.5571565985898,-40.6321566733425,26.1195179448589
-17.5571565974666,-40.6321566688083,26.1195179430538
-17.5571565963413,-40.6321566642658,26.1195179412453
-17.5571565952141,-40.632156659715,26.1195179394335
-17.5571565940848,-40.6321566551559,26.1195179376184
-17.5571565929536,-40.6321566505885,26.1195179358001
-17.5571565918204,-40.6321566460128,26.1195179339785
-17.5571565906851,-40.6321566414288,26.1195179321536
-17.5571565895479,-40.6321566368365,26.1195179303255
-17.5571565884086,-40.6321566322359,26.1195179284941
-17.5571565872674,-40.632156627627,26.1195179266594
-17.5571565861242,-40.6321566230098,26.1195179248214
-17.5571565849789,-40.6321566183843,26.1195179229802
-17.5571565838317,-40.6321566137505,26.1195179211357
-17.5571565826825,-40.6321566091085,26.1195179192879
-17.5571565815312,-40.632156604458,26.1195179174368
-17.557156580378,-40.6321565997993,26.1195179155825
-17.5571565792228,-40.6321565951324,26.1195179137249
-17.5571565780655,-40.632156590457,26.119517911864
-17.5571565769063,-40.6321565857735,26.1195179099998
-17.5571565757451,-40.6321565810816,26.1195179081324
-17.5571565745818,-40.6321565763814,26.1195179062617
-17.5571565734166,-40.632156571673,26.1195179043877
-17.5571565722493,-40.6321565669562,26.1195179025104
-17.5571565710801,-40.6321565622311,26.1195179006299
-17.5571565699089,-40.6321565574978,26.1195178987461
-17.5571565687356,-40.6321565527561,26.119517896859
-17.5571565675604,-40.6321565480061,26.1195178949687
-17.5571565663832,-40.6321565432478,26.1195178930751
-17.5571565652039,-40.6321565384812,26.1195178911781
-17.5571565640227,-40.6321565337065,26.119517889278
-17.5571565628395,-40.6321565289233,26.1195178873746
-17.5571565616542,-40.6321565241318,26.1195178854678
-17.557156560467,-40.632156519332,26.1195178835578
-17.5571565592778,-40.632156514524,26.1195178816446
-17.5571565580865,-40.6321565097076,26.119517879728
-17.5571565568933,-40.6321565048829,26.1195178778082
-17.5571565556981,-40.63215650005,26.1195178758851
-17.5571565545009,-40.6321564952088,26.1195178739588
-17.5571565533016,-40.6321564903592,26.1195178720291
-17.5571565521004,-40.6321564855013,26.1195178700962
-17.5571565508972,-40.6321564806353,26.11951786816
-17.557156549692,-40.6321564757608,26.1195178662206
-17.5571565484847,-40.6321564708781,26.1195178642779
-17.5571565472755,-40.632156465987,26.1195178623318
-17.5571565460643,-40.6321564610876,26.1195178603825
-17.557156544851,-40.63215645618,26.11951785843
-17.5571565436358,-40.6321564512641,26.1195178564742
-17.5571565424186,-40.6321564463398,26.119517854515
-17.5571565411993,-40.6321564414073,26.1195178525527
-17.5571565399781,-40.6321564364664,26.119517850587
-17.5571565387549,-40.6321564315173,26.1195178486181
-17.5571565375297,-40.6321564265599,26.1195178466459
-17.5571565363024,-40.6321564215941,26.1195178446704
-17.5571565350732,-40.6321564166201,26.1195178426917
-17.557156533842,-40.6321564116378,26.1195178407096
-17.5571565326088,-40.6321564066472,26.1195178387244
-17.5571565313736,-40.6321564016483,26.1195178367358
-17.5571565301363,-40.6321563966411,26.119517834744
-17.5571565288971,-40.6321563916256,26.1195178327489
-17.5571565276559,-40.6321563866017,26.1195178307505
-17.5571565264126,-40.6321563815697,26.1195178287488
-17.5571565251674,-40.6321563765292,26.1195178267439
-17.5571565239202,-40.6321563714805,26.1195178247357
-17.5571565226709,-40.6321563664235,26.1195178227242
-17.5571565214198,-40.6321563613582,26.1195178207094
-17.5571565201665,-40.6321563562846,26.1195178186914
-17.5571565189113,-40.6321563512027,26.1195178166701
-17.5571565176541,-40.6321563461125,26.1195178146455
-17.5571565163948,-40.632156341014,26.1195178126177
-17.5571565151336,-40.6321563359072,26.1195178105865
-17.5571565138704,-40.6321563307921,26.1195178085521
-17.5571565126052,-40.6321563256688,26.1195178065145
-17.5571565113379,-40.632156320537,26.1195178044735
-17.5571565100687,-40.6321563153971,26.1195178024293
-17.5571565087975,-40.6321563102488,26.1195178003818
-17.5571565075243,-40.6321563050922,26.119517798331
-17.5571565062491,-40.6321562999273,26.119517796277
-17.5571565049719,-40.6321562947541,26.1195177942197
-17.5571565036927,-40.6321562895727,26.1195177921591
-17.5571565024114,-40.6321562843828,26.1195177900952
-17.5571565011282,-40.6321562791848,26.1195177880281
-17.557156499843,-40.6321562739783,26.1195177859576
-17.5571564985557,-40.6321562687637,26.119517783884
-17.5571564972665,-40.6321562635408,26.119517781807
-17.5571564959753,-40.6321562583095,26.1195177797268
-17.5571564946821,-40.63215625307,26.1195177776433
-17.5571564933869,-40.632156247822,26.1195177755565
-17.5571564920896,-40.6321562425658,26.1195177734664
-17.5571564907904,-40.6321562373014,26.1195177713731
-17.5571564894892,-40.6321562320287,26.1195177692765
-17.557156488186,-40.6321562267476,26.1195177671766
-17.5571564868807,-40.6321562214583,26.1195177650735
-17.5571564855735,-40.6321562161606,26.119517762967
-17.5571564842643,-40.6321562108546,26.1195177608573
-17.5571564829531,-40.6321562055403,26.1195177587444
-17.5571564816399,-40.6321562002178,26.1195177566281
-17.5571564803247,-40.632156194887,26.1195177545086
-17.5571564790074,-40.6321561895478,26.1195177523858
-17.5571564776882,-40.6321561842004,26.1195177502598
-17.557156476367,-40.6321561788446,26.1195177481304
-17.5571564750438,-40.6321561734806,26.1195177459978
-17.5571564737186,-40.6321561681083,26.1195177438619
-17.5571564723913,-40.6321561627276,26.1195177417227
-17.5571564710621,-40.6321561573387,26.1195177395803
-17.5571564697309,-40.6321561519414,26.1195177374346
-17.5571564683977,-40.6321561465359,26.1195177352856
-17.5571564670625,-40.6321561411221,26.1195177331334
-17.5571564657252,-40.6321561357,26.1195177309778
-17.557156464386,-40.6321561302695,26.119517728819
-17.5571564630448,-40.6321561248308,26.1195177266569
-17.5571564617016,-40.6321561193837,26.1195177244915
-17.5571564603564,-40.6321561139285,26.1195177223229
-17.5571564590092,-40.6321561084648,26.1195177201511
-17.5571564576599,-40.6321561029929,26.1195177179759
-17.5571564563087,-40.6321560975127,26.1195177157974
-17.5571564549555,-40.6321560920242,26.1195177136157
-17.5571564536003,-40.6321560865274,26.1195177114307
-17.5571564522431,-40.6321560810222,26.1195177092424
-17.5571564508839,-40.6321560755088,26.1195177070509
-17.5571564495226,-40.6321560699872,26.1195177048561
-17.5571564481594,-40.6321560644571,26.119517702658
-17.5571564467942,-40.6321560589188,26.1195177004566
-17.557156445427,-40.6321560533722,26.119517698252
-17.5571564440578,-40.6321560478173,26.1195176960441
-17.5571564426866,-40.6321560422541,26.1195176938329
-17.5571564413133,-40.6321560366827,26.1195176916184
-17.5571564399381,-40.6321560311028,26.1195176894007
-17.5571564385609,-40.6321560255147,26.1195176871797
-17.5571564371817,-40.6321560199184,26.1195176849554
-17.5571564358005,-40.6321560143136,26.1195176827279
-17.5571564344173,-40.6321560087006,26.119517680497
-17.5571564330321,-40.6321560030793,26.1195176782629
-17.5571564316448,-40.6321559974498,26.1195176760256
-17.5571564302556,-40.6321559918119,26.1195176737849
-17.5571564288644,-40.6321559861657,26.119517671541
-17.5571564274712,-40.6321559805112,26.1195176692938
-17.557156426076,-40.6321559748484,26.1195176670433
-17.5571564246788,-40.6321559691774,26.1195176647896
-17.5571564232796,-40.632155963498,26.1195176625326
-17.5571564218784,-40.6321559578103,26.1195176602723
-17.5571564204751,-40.6321559521143,26.1195176580087
-17.5571564190699,-40.6321559464101,26.1195176557419
-17.5571564176627,-40.6321559406975,26.1195176534717
-17.5571564162535,-40.6321559349766,26.1195176511984
-17.5571564148423,-40.6321559292474,26.1195176489217
-17.557156413429,-40.63215592351,26.1195176466417
-17.5571564120138,-40.6321559177643,26.1195176443585
-17.5571564105966,-40.6321559120102,26.1195176420721
-17.5571564091774,-40.6321559062479,26.1195176397823
-17.5571564077562,-40.6321559004772,26.1195176374893
-17.557156406333,-40.6321558946982,26.119517635193
-17.5571564049078,-40.632155888911,26.1195176328934
-17.5571564034805,-40.6321558831154,26.1195176305905
-17.5571564020513,-40.6321558773116,26.1195176282844
-17.5571564006201,-40.6321558714994,26.119517625975
-17.5571563991869,-40.632155865679,26.1195176236624
-17.5571563977517,-40.6321558598502,26.1195176213464
-17.5571563963145,-40.6321558540132,26.1195176190272
-17.5571563948752,-40.6321558481679,26.1195176167047
-17.557156393434,-40.6321558423142,26.1195176143789
-17.5571563919908,-40.6321558364523,26.1195176120499
-17.5571563905456,-40.632155830582,26.1195176097176
-17.5571563890984,-40.6321558247035,26.119517607382
-17.5571563876492,-40.6321558188167,26.1195176050431
-17.5571563861979,-40.6321558129216,26.119517602701
-17.5571563847448,-40.6321558070181,26.1195176003556
-17.5571563832895,-40.6321558011064,26.1195175980069
-17.5571563818323,-40.6321557951863,26.1195175956549
-17.5571563803731,-40.632155789258,26.1195175932997
-17.5571563789119,-40.6321557833214,26.1195175909412
-17.5571563774487,-40.6321557773765,26.1195175885795
-17.5571563759834,-40.6321557714232,26.1195175862144
-17.5571563745162,-40.6321557654617,26.119517583846
-17.557156373047,-40.6321557594919,26.1195175814745
-17.5571563715758,-40.6321557535138,26.1195175790996
-17.5571563701026,-40.6321557475274,26.1195175767214
-17.5571563686274,-40.6321557415327,26.11951757434
-17.5571563671502,-40.6321557355297,26.1195175719553
-17.557156365671,-40.6321557295184,26.1195175695674
-17.5571563641897,-40.6321557234989,26.1195175671761
-17.5571563627065,-40.6321557174708,26.1195175647816
-17.5571563612213,-40.6321557114346,26.1195175623838
-17.5571563597341,-40.6321557053902,26.1195175599828
-17.5571563582449,-40.6321556993374,26.1195175575785
-17.5571563567537,-40.6321556932763,26.1195175551708
-17.5571563552605,-40.6321556872069,26.11951755276
-17.5571563537652,-40.6321556811292,26.1195175503458
-17.557156352268,-40.6321556750432,26.1195175479283
-17.5571563507688,-40.632155668949,26.1195175455077
-17.5571563492676,-40.6321556628463,26.1195175430837
-17.5571563477644,-40.6321556567355,26.1195175406564
-17.5571563462592,-40.6321556506162,26.1195175382259
-17.5571563447519,-40.6321556444888,26.1195175357921
-17.5571563432427,-40.632155638353,26.119517533355
-17.5571563417315,-40.6321556322089,26.1195175309146
-17.5571563402183,-40.6321556260566,26.1195175284711
-17.5571563387031,-40.6321556198959,26.1195175260242
-17.5571563371859,-40.6321556137269,26.119517523574
-17.5571563356667,-40.6321556075497,26.1195175211206
-17.5571563341454,-40.6321556013641,26.1195175186639
-17.5571563326222,-40.6321555951702,26.1195175162039
-17.557156331097,-40.6321555889681,26.1195175137406
-17.5571563295698,-40.6321555827576,26.1195175112741
-17.5571563280406,-40.6321555765388,26.1195175088043
-17.5571563265094,-40.6321555703118,26.1195175063312
-17.5571563249762,-40.6321555640764,26.1195175038548
-17.5571563234409,-40.6321555578327,26.1195175013752
-17.5571563219037,-40.6321555515808,26.1195174988923
-17.5571563203645,-40.6321555453206,26.1195174964061
-17.5571563188233,-40.632155539052,26.1195174939167
-17.5571563172801,-40.6321555327751,26.1195174914239
-17.5571563157348,-40.63215552649,26.1195174889279
-17.5571563141876,-40.6321555201966,26.1195174864287
-17.5571563126384,-40.6321555138948,26.1195174839261
-17.5571563110872,-40.6321555075847,26.1195174814203
-17.557156309534,-40.6321555012664,26.1195174789112
-17.5571563079788,-40.6321554949398,26.1195174763988
-17.5571563064215,-40.6321554886048,26.1195174738832
-17.5571563048623,-40.6321554822616,26.1195174713643
-17.5571563033011,-40.6321554759101,26.1195174688421
-17.5571563017379,-40.6321554695502,26.1195174663167
-17.5571563001727,-40.6321554631821,26.1195174637879
-17.5571562986055,-40.6321554568057,26.1195174612559
-17.5571562970362,-40.632155450421,26.1195174587206
-17.557156295465,-40.6321554440279,26.1195174561821
-17.5571562938918,-40.6321554376266,26.1195174536403
-17.5571562923166,-40.632155431217,26.1195174510951
-17.5571562907394,-40.6321554247991,26.1195174485468
-17.5571562891601,-40.6321554183728,26.1195174459951
-17.557156287579,-40.6321554119384,26.1195174434403
-17.5571562859957,-40.6321554054955,26.119517440882
-17.5571562844105,-40.6321553990444,26.1195174383205
-17.5571562828233,-40.632155392585,26.1195174357558
-17.5571562812341,-40.6321553861173,26.1195174331878
-17.5571562796428,-40.6321553796413,26.1195174306165
-17.5571562780496,-40.632155373157,26.119517428042
-17.5571562764544,-40.6321553666644,26.1195174254641
-17.5571562748572,-40.6321553601635,26.119517422883
-17.5571562732579,-40.6321553536543,26.1195174202986
-17.5571562716568,-40.6321553471368,26.119517417711
-17.5571562700535,-40.632155340611,26.11951741512
-17.5571562684483,-40.6321553340769,26.1195174125258
-17.5571562668411,-40.6321553275345,26.1195174099283
-17.5571562652318,-40.6321553209838,26.1195174073276
-17.5571562636206,-40.6321553144248,26.1195174047235
-17.5571562620074,-40.6321553078576,26.1195174021163
-17.5571562603922,-40.6321553012819,26.1195173995057
-17.557156258775,-40.6321552946981,26.1195173968919
-17.5571562571557,-40.6321552881059,26.1195173942747
-17.5571562555345,-40.6321552815054,26.1195173916543
-17.5571562539113,-40.6321552748966,26.1195173890306
-17.5571562522861,-40.6321552682796,26.1195173864037
-17.5571562506589,-40.6321552616542,26.1195173837735
-17.5571562490296,-40.6321552550205,26.11951738114
-17.5571562473984,-40.6321552483784,26.1195173785032
-17.5571562457652,-40.6321552417282,26.1195173758632
-17.5571562441299,-40.6321552350697,26.1195173732199
-17.5571562424928,-40.6321552284028,26.1195173705733
-17.5571562408535,-40.6321552217276,26.1195173679235
-17.5571562392123,-40.6321552150442,26.1195173652703
-17.5571562375691,-40.6321552083524,26.1195173626139
-17.5571562359238,-40.6321552016523,26.1195173599542
-17.5571562342766,-40.632155194944,26.1195173572913
-17.5571562326274,-40.6321551882273,26.1195173546251
-17.5571562309762,-40.6321551815023,26.1195173519556
-17.5571562293229,-40.6321551747691,26.1195173492828
-17.5571562276677,-40.6321551680275,26.1195173466067
-17.5571562260105,-40.6321551612777,26.1195173439275
-17.5571562243513,-40.6321551545196,26.1195173412449
-17.55715622269,-40.6321551477532,26.119517338559
-17.5571562210268,-40.6321551409784,26.1195173358699
-17.5571562193616,-40.6321551341954,26.1195173331774
-17.5571562176944,-40.6321551274041,26.1195173304818
-17.5571562160251,-40.6321551206044,26.1195173277828
-17.5571562143539,-40.6321551137965,26.1195173250806
-17.5571562126807,-40.6321551069802,26.1195173223751
-17.5571562110054,-40.6321551001557,26.1195173196663
-17.5571562093282,-40.6321550933229,26.1195173169542
-17.557156207649,-40.6321550864818,26.1195173142389
-17.5571562059678,-40.6321550796323,26.1195173115203
-17.5571562042846,-40.6321550727746,26.1195173087984
-17.5571562025993,-40.6321550659085,26.1195173060733
-17.5571562009121,-40.6321550590343,26.1195173033449
-17.5571561992229,-40.6321550521517,26.1195173006132
-17.5571561975316,-40.6321550452607,26.1195172978782
-17.5571561958384,-40.6321550383615,26.1195172951399
-17.5571561941432,-40.632155031454,26.1195172923984
-17.557156192446,-40.6321550245382,26.1195172896537
-17.5571561907467,-40.6321550176141,26.1195172869056
-17.5571561890455,-40.6321550106817,26.1195172841543
-17.5571561873423,-40.6321550037409,26.1195172813996
-17.557156185637,-40.632154996792,26.1195172786418
-17.5571561839298,-40.6321549898347,26.1195172758806
-17.5571561822206,-40.6321549828691,26.1195172731162
-17.5571561805093,-40.6321549758951,26.1195172703485
-17.5571561787961,-40.6321549689129,26.1195172675775
-17.5571561770809,-40.6321549619225,26.1195172648033
-17.5571561753636,-40.6321549549237,26.1195172620257
-17.5571561736444,-40.6321549479166,26.1195172592449
-17.5571561719232,-40.6321549409012,26.1195172564609
-17.5571561701999,-40.6321549338775,26.1195172536735
-17.5571561684747,-40.6321549268455,26.1195172508829
-17.5571561667475,-40.6321549198052,26.119517248089
-17.5571561650182,-40.6321549127566,26.1195172452918
-17.557156163287,-40.6321549056997,26.1195172424914
-17.5571561615538,-40.6321548986346,26.1195172396877
-17.5571561598185,-40.6321548915611,26.1195172368807
-17.5571561580813,-40.6321548844794,26.1195172340704
-17.5571561563421,-40.6321548773893,26.119517231257
-17.5571561546009,-40.6321548702909,26.1195172284402
-17.5571561528576,-40.6321548631842,26.1195172256201
-17.5571561511124,-40.6321548560692,26.1195172227967
-17.5571561493651,-40.632154848946,26.1195172199701
-17.5571561476159,-40.6321548418144,26.1195172171402
-17.5571561458647,-40.6321548346746,26.119517214307
-17.5571561441114,-40.6321548275264,26.1195172114706
-17.5571561423562,-40.6321548203699,26.1195172086309
-17.5571561405989,-40.6321548132052,26.1195172057878
-17.5571561388397,-40.6321548060321,26.1195172029416
-17.5571561370785,-40.6321547988507,26.1195172000921
-17.5571561353152,-40.6321547916611,26.1195171972392
-17.55715613355,-40.6321547844632,26.1195171943832
-17.5571561317828,-40.6321547772569,26.1195171915238
-17.5571561300135,-40.6321547700424,26.1195171886612
-17.5571561282423,-40.6321547628195,26.1195171857952
-17.557156126469,-40.6321547555884,26.1195171829261
-17.5571561246938,-40.632154748349,26.1195171800536
-17.5571561229166,-40.6321547411012,26.1195171771779
-17.5571561211373,-40.6321547338451,26.1195171742988
-17.5571561193561,-40.6321547265809,26.1195171714166
-17.5571561175729,-40.6321547193082,26.1195171685311
-17.5571561157876,-40.6321547120272,26.1195171656422
-17.5571561140004,-40.6321547047381,26.1195171627501
-17.5571561122112,-40.6321546974405,26.1195171598548
-17.5571561104199,-40.6321546901347,26.1195171569562
-17.5571561086266,-40.6321546828206,26.1195171540542
-17.5571561068314,-40.6321546754982,26.119517151149
-17.5571561050341,-40.6321546681674,26.1195171482406
-17.5571561032349,-40.6321546608284,26.1195171453289
-17.5571561014336,-40.6321546534811,26.1195171424138
-17.5571560996304,-40.6321546461255,26.1195171394956
-17.5571560978252,-40.6321546387615,26.119517136574
-17.5571560960179,-40.6321546313893,26.1195171336492
-17.5571560942087,-40.6321546240088,26.1195171307211
-17.5571560923974,-40.63215461662,26.1195171277897
-17.5571560905842,-40.632154609223,26.1195171248551
-17.5571560887689,-40.6321546018175,26.1195171219171
-17.5571560869517,-40.6321545944038,26.119517118976
-17.5571560851324,-40.6321545869818,26.1195171160314
-17.5571560833112,-40.6321545795515,26.1195171130837
-17.5571560814879,-40.6321545721129,26.1195171101327
-17.5571560796627,-40.632154564666,26.1195171071784
-17.5571560778354,-40.6321545572108,26.1195171042208
-17.5571560760062,-40.6321545497473,26.11951710126
-17.557156074175,-40.6321545422755,26.1195170982959
-17.5571560723417,-40.6321545347954,26.1195170953285
-17.5571560705064,-40.632154527307,26.1195170923579
-17.5571560686692,-40.6321545198104,26.1195170893839
-17.55715606683,-40.6321545123054,26.1195170864068
-17.5571560649887,-40.6321545047921,26.1195170834263
-17.5571560631455,-40.6321544972706,26.1195170804425
-17.5571560613002,-40.6321544897406,26.1195170774555
-17.5571560594529,-40.6321544822025,26.1195170744652
-17.5571560576037,-40.632154474656,26.1195170714716
-17.5571560557525,-40.6321544671013,26.1195170684748
-17.5571560538992,-40.6321544595382,26.1195170654746
-17.5571560520439,-40.6321544519669,26.1195170624713
-17.5571560501867,-40.6321544443871,26.1195170594646
-17.5571560483274,-40.6321544367992,26.1195170564547
-17.5571560464662,-40.6321544292029,26.1195170534415
-17.5571560446029,-40.6321544215984,26.119517050425
-17.5571560427376,-40.6321544139854,26.1195170474052
-17.5571560408704,-40.6321544063643,26.1195170443822
-17.5571560390011,-40.6321543987348,26.1195170413558
-17.5571560371299,-40.6321543910971,26.1195170383263
-17.5571560352566,-40.6321543834511,26.1195170352935
-17.5571560333813,-40.6321543757968,26.1195170322573
-17.5571560315041,-40.6321543681341,26.1195170292179
-17.5571560296248,-40.6321543604632,26.1195170261753
-17.5571560277436,-40.6321543527839,26.1195170231293
-17.5571560258603,-40.6321543450964,26.1195170200801
-17.5571560239751,-40.6321543374006,26.1195170170276
-17.5571560220878,-40.6321543296964,26.1195170139719
-17.5571560201986,-40.632154321984,26.1195170109128
-17.5571560183073,-40.6321543142632,26.1195170078505
-17.557156016414,-40.6321543065342,26.1195170047849
-17.5571560145188,-40.6321542987968,26.1195170017161
-17.5571560126215,-40.6321542910513,26.119516998644
-17.5571560107222,-40.6321542832973,26.1195169955685
-17.557156008821,-40.632154275535,26.1195169924898
-17.5571560069177,-40.6321542677646,26.1195169894079
-17.5571560050125,-40.6321542599857,26.1195169863227
-17.5571560031052,-40.6321542521986,26.1195169832342
-17.5571560011959,-40.6321542444032,26.1195169801424
-17.5571559992846,-40.6321542365995,26.1195169770474
-17.5571559973714,-40.6321542287875,26.1195169739491
-17.5571559954561,-40.6321542209671,26.1195169708474
-17.5571559935389,-40.6321542131386,26.1195169677426
-17.5571559916196,-40.6321542053017,26.1195169646345
-17.5571559896983,-40.6321541974565,26.1195169615231
-17.5571559877751,-40.6321541896029,26.1195169584084
-17.5571559858498,-40.6321541817411,26.1195169552904
-17.5571559839225,-40.632154173871,26.1195169521691
-17.5571559819932,-40.6321541659926,26.1195169490447
-17.557155980062,-40.6321541581059,26.1195169459169
-17.5571559781287,-40.6321541502109,26.1195169427858
-17.5571559761934,-40.6321541423076,26.1195169396515
-17.5571559742562,-40.6321541343961,26.1195169365139
-17.5571559723169,-40.6321541264761,26.119516933373
-17.5571559703756,-40.632154118548,26.1195169302289
-17.5571559684323,-40.6321541106115,26.1195169270815
-17.5571559664871,-40.6321541026667,26.1195169239308
-17.5571559645398,-40.6321540947136,26.1195169207769
-17.5571559625905,-40.6321540867522,26.1195169176196
-17.5571559606393,-40.6321540787825,26.1195169144591
-17.557155958686,-40.6321540708046,26.1195169112953
-17.5571559567307,-40.6321540628184,26.1195169081283
-17.5571559547734,-40.6321540548237,26.1195169049579
-17.5571559528141,-40.6321540468208,26.1195169017843
-17.5571559508529,-40.6321540388097,26.1195168986075
-17.5571559488896,-40.6321540307902,26.1195168954273
-17.5571559469243,-40.6321540227624,26.1195168922439
-17.557155944957,-40.6321540147264,26.1195168890572
-17.5571559429878,-40.632154006682,26.1195168858672
-17.5571559410165,-40.6321539986293,26.119516882674
-17.5571559390432,-40.6321539905684,26.1195168794775
-17.5571559370679,-40.6321539824992,26.1195168762777
-17.5571559350906,-40.6321539744216,26.1195168730746
-17.5571559331114,-40.6321539663358,26.1195168698683
-17.5571559311301,-40.6321539582416,26.1195168666586
-17.5571559291468,-40.6321539501391,26.1195168634457
-17.5571559271615,-40.6321539420284,26.1195168602296
-17.5571559251742,-40.6321539339094,26.1195168570102
-17.5571559231849,-40.6321539257821,26.1195168537875
-17.5571559211937,-40.6321539176464,26.1195168505615
-17.5571559192004,-40.6321539095024,26.1195168473323
-17.5571559172051,-40.6321539013502,26.1195168440997
-17.5571559152078,-40.6321538931897,26.1195168408639
-17.5571559132085,-40.6321538850208,26.1195168376249
-17.5571559112072,-40.6321538768438,26.1195168343826
-17.5571559092039,-40.6321538686583,26.1195168311369
-17.5571559071986,-40.6321538604645,26.119516827888
-17.5571559051914,-40.6321538522625,26.1195168246358
-17.5571559031821,-40.6321538440522,26.1195168213804
-17.5571559011708,-40.6321538358336,26.1195168181217
-17.5571558991575,-40.6321538276067,26.1195168148598
-17.5571558971422,-40.6321538193714,26.1195168115945
-17.5571558951249,-40.6321538111279,26.119516808326
-17.5571558931056,-40.6321538028761,26.1195168050541
-17.5571558910843,-40.632153794616,26.119516801779
-17.557155889061,-40.6321537863475,26.1195167985007
-17.5571558870357,-40.6321537780709,26.1195167952191
-17.5571558850084,-40.6321537697859,26.1195167919342
-17.5571558829792,-40.6321537614926,26.1195167886461
-17.5571558809479,-40.6321537531909,26.1195167853546
-17.5571558789146,-40.6321537448811,26.1195167820599
-17.5571558768793,-40.6321537365629,26.1195167787619
-17.5571558748419,-40.6321537282363,26.1195167754606
-17.5571558728027,-40.6321537199016,26.1195167721561
-17.5571558707614,-40.6321537115585,26.1195167688483
-17.5571558687181,-40.6321537032071,26.1195167655372
-17.5571558666728,-40.6321536948474,26.1195167622229
-17.5571558646255,-40.6321536864794,26.1195167589052
-17.5571558625762,-40.6321536781031,26.1195167555843
-17.5571558605249,-40.6321536697186,26.1195167522602
-17.5571558584716,-40.6321536613256,26.1195167489327
-17.5571558564163,-40.6321536529244,26.119516745602
-17.557155854359,-40.6321536445149,26.119516742268
-17.5571558522996,-40.6321536360972,26.1195167389307
-17.5571558502384,-40.6321536276711,26.1195167355902
-17.5571558481751,-40.6321536192367,26.1195167322464
-17.5571558461097,-40.632153610794,26.1195167288992
-17.5571558440425,-40.6321536023431,26.1195167255489
-17.5571558419731,-40.6321535938838,26.1195167221953
-17.5571558399018,-40.6321535854163,26.1195167188384
-17.5571558378285,-40.6321535769403,26.1195167154782
-17.5571558357532,-40.6321535684562,26.1195167121148
-17.5571558336759,-40.6321535599638,26.1195167087481
-17.5571558315966,-40.632153551463,26.119516705378
-17.5571558295153,-40.6321535429539,26.1195167020047
-17.557155827432,-40.6321535344366,26.1195166986282
-17.5571558253467,-40.6321535259109,26.1195166952484
-17.5571558232594,-40.632153517377,26.1195166918653
-17.5571558211701,-40.6321535088347,26.1195166884789
-17.5571558190787,-40.6321535002842,26.1195166850893
-17.5571558169854,-40.6321534917253,26.1195166816964
-17.5571558148901,-40.6321534831582,26.1195166783002
-17.5571558127928,-40.6321534745828,26.1195166749008
-17.5571558106935,-40.6321534659991,26.1195166714981
-17.5571558085922,-40.632153457407,26.119516668092
-17.5571558064889,-40.6321534488067,26.1195166646828
-17.5571558043835,-40.632153440198,26.1195166612702
-17.5571558022762,-40.6321534315811,26.1195166578544
-17.5571558001669,-40.6321534229559,26.1195166544353
-17.5571557980556,-40.6321534143223,26.1195166510129
-17.5571557959423,-40.6321534056805,26.1195166475873
-17.5571557938269,-40.6321533970304,26.1195166441584
-17.5571557917096,-40.632153388372,26.1195166407262
-17.5571557895903,-40.6321533797052,26.1195166372907
-17.557155787469,-40.6321533710303,26.119516633852
-17.5571557853456,-40.6321533623469,26.1195166304099
-17.5571557832203,-40.6321533536553,26.1195166269647
-17.557155781093,-40.6321533449554,26.1195166235161
-17.5571557789637,-40.6321533362472,26.1195166200643
-17.5571557768323,-40.6321533275307,26.1195166166092
-17.557155774699,-40.6321533188059,26.1195166131508
-17.5571557725637,-40.6321533100728,26.1195166096891
-17.5571557704264,-40.6321533013313,26.1195166062242
-17.557155768287,-40.6321532925817,26.119516602756
-17.5571557661457,-40.6321532838236,26.1195165992846
-17.5571557640024,-40.6321532750574,26.1195165958098
-17.5571557618571,-40.6321532662828,26.1195165923318
-17.5571557597097,-40.6321532574998,26.1195165888505
-17.5571557575604,-40.6321532487086,26.119516585366
-17.5571557554091,-40.6321532399091,26.1195165818781
-17.5571557532558,-40.6321532311014,26.119516578387
-17.5571557511004,-40.6321532222853,26.1195165748927
-17.5571557489431,-40.632153213461,26.119516571395
-17.5571557467837,-40.6321532046283,26.1195165678941
-17.5571557446224,-40.6321531957872,26.1195165643899
-17.5571557424591,-40.632153186938,26.1195165608824
-17.5571557402937,-40.6321531780804,26.1195165573717
-17.5571557381264,-40.6321531692145,26.1195165538576
-17.5571557359571,-40.6321531603404,26.1195165503404
-17.5571557337857,-40.6321531514579,26.1195165468198
-17.5571557316124,-40.6321531425672,26.119516543296
-17.5571557294371,-40.6321531336681,26.1195165397689
-17.5571557272597,-40.6321531247607,26.1195165362384
-17.5571557250804,-40.6321531158451,26.1195165327048
-17.557155722899,-40.6321531069211,26.1195165291679
-17.5571557207157,-40.6321530979889,26.1195165256277
-17.5571557185303,-40.6321530890483,26.1195165220842
-17.557155716343,-40.6321530800994,26.1195165185374
-17.5571557141536,-40.6321530711422,26.1195165149874
-17.5571557119623,-40.6321530621768,26.1195165114341
-17.557155709769,-40.6321530532031,26.1195165078776
-17.5571557075736,-40.632153044221,26.1195165043177
-17.5571557053763,-40.6321530352306,26.1195165007546
-17.5571557031769,-40.6321530262319,26.1195164971882
-17.5571557009755,-40.632153017225,26.1195164936185
-17.5571556987722,-40.6321530082098,26.1195164900456
-17.5571556965668,-40.6321529991863,26.1195164864694
-17.5571556943595,-40.6321529901545,26.1195164828899
-17.5571556921502,-40.6321529811143,26.1195164793072
-17.5571556899388,-40.6321529720659,26.1195164757211
-17.5571556877255,-40.6321529630091,26.1195164721319
-17.5571556855101,-40.6321529539441,26.1195164685393
-17.5571556832927,-40.6321529448708,26.1195164649434
-17.5571556810734,-40.6321529357892,26.1195164613443
-17.557155678852,-40.6321529266992,26.1195164577419
-17.5571556766287,-40.632152917601,26.1195164541362
-17.5571556744033,-40.6321529084945,26.1195164505273
-17.5571556721759,-40.6321528993796,26.1195164469151
-17.5571556699466,-40.6321528902566,26.1195164432996
-17.5571556677153,-40.6321528811252,26.1195164396809
-17.5571556654819,-40.6321528719854,26.1195164360588
-17.5571556632465,-40.6321528628374,26.1195164324335
-17.5571556610091,-40.6321528536811,26.1195164288049
-17.5571556587698,-40.6321528445165,26.1195164251731
-17.5571556565284,-40.6321528353437,26.119516421538
-17.5571556542851,-40.6321528261624,26.1195164178996
-17.5571556520397,-40.6321528169729,26.1195164142579
-17.5571556497923,-40.6321528077751,26.119516410613
-17.557155647543,-40.632152798569,26.1195164069647
-17.5571556452916,-40.6321527893547,26.1195164033133
-17.5571556430383,-40.6321527801319,26.1195163996585
-17.5571556407828,-40.6321527709009,26.1195163960004
-17.5571556385255,-40.6321527616616,26.1195163923392
-17.5571556362661,-40.6321527524141,26.1195163886746
-17.5571556340047,-40.6321527431582,26.1195163850067
-17.5571556317414,-40.632152733894,26.1195163813356
-17.557155629476,-40.6321527246215,26.1195163776612
-17.5571556272086,-40.6321527153408,26.1195163739835
-17.5571556249393,-40.6321527060517,26.1195163703026
-17.5571556226679,-40.6321526967543,26.1195163666184
-17.5571556203945,-40.6321526874486,26.1195163629309
-17.5571556181191,-40.6321526781347,26.1195163592402
-17.5571556158417,-40.6321526688124,26.1195163555461
-17.5571556135624,-40.6321526594818,26.1195163518488
-17.557155611281,-40.6321526501429,26.1195163481482
-17.5571556089976,-40.6321526407958,26.1195163444443
-17.5571556067122,-40.6321526314403,26.1195163407372
-17.5571556044249,-40.6321526220766,26.1195163370268
-17.5571556021355,-40.6321526127045,26.1195163333131
-17.5571555998441,-40.6321526033242,26.1195163295962
-17.5571555975507,-40.6321525939355,26.1195163258759
-17.5571555952553,-40.6321525845385,26.1195163221524
-17.5571555929579,-40.6321525751333,26.1195163184256
-17.5571555906585,-40.6321525657198,26.1195163146956
-17.5571555883572,-40.6321525562979,26.1195163109623
-17.5571555860538,-40.6321525468677,26.1195163072257
-17.5571555837484,-40.6321525374293,26.1195163034859
-17.557155581441,-40.6321525279826,26.1195162997427
-17.5571555791316,-40.6321525185275,26.1195162959963
-17.5571555768202,-40.6321525090642,26.1195162922466
-17.5571555745068,-40.6321524995926,26.1195162884937
-17.5571555721914,-40.6321524901126,26.1195162847374
-17.557155569874,-40.6321524806244,26.1195162809779
-17.5571555675546,-40.6321524711279,26.1195162772152
-17.5571555652333,-40.6321524616231,26.1195162734491
-17.5571555629098,-40.6321524521099,26.1195162696798
-17.5571555605845,-40.6321524425885,26.1195162659072
-17.5571555582571,-40.6321524330587,26.1195162621314
-17.5571555559277,-40.6321524235207,26.1195162583522
-17.5571555535962,-40.6321524139745,26.1195162545698
-17.5571555512629,-40.6321524044198,26.1195162507841
-17.5571555489274,-40.6321523948569,26.1195162469952
-17.55715554659,-40.6321523852857,26.1195162432029
-17.5571555442507,-40.6321523757062,26.1195162394075
-17.5571555419092,-40.6321523661184,26.1195162356087
-17.5571555395658,-40.6321523565223,26.1195162318066
-17.5571555372204,-40.6321523469179,26.1195162280013
-17.557155534873,-40.6321523373052,26.1195162241927
-17.5571555325236,-40.6321523276841,26.1195162203809
-17.5571555301722,-40.6321523180549,26.1195162165657
-17.5571555278188,-40.6321523084172,26.1195162127473
-17.5571555254634,-40.6321522987714,26.1195162089256
-17.557155523106,-40.6321522891172,26.1195162051007
-17.5571555207466,-40.6321522794547,26.1195162012724
-17.5571555183851,-40.6321522697839,26.1195161974409
-17.5571555160218,-40.6321522601048,26.1195161936062
-17.5571555136563,-40.6321522504174,26.119516189768
-17.5571555112889,-40.6321522407218,26.1195161859268
-17.5571555089195,-40.6321522310178,26.1195161820822
-17.5571555065481,-40.6321522213055,26.1195161782343
-17.5571555041746,-40.6321522115849,26.1195161743831
-17.5571555017992,-40.6321522018561,26.1195161705288
-17.5571554994218,-40.6321521921189,26.119516166671
-17.5571554970424,-40.6321521823734,26.1195161628101
-17.557155494661,-40.6321521726196,26.1195161589459
-17.5571554922776,-40.6321521628576,26.1195161550783
-17.5571554898921,-40.6321521530872,26.1195161512076
-17.5571554875047,-40.6321521433085,26.1195161473335
-17.5571554851153,-40.6321521335215,26.1195161434562
-17.5571554827239,-40.6321521237263,26.1195161395756
-17.5571554803304,-40.6321521139227,26.1195161356917
-17.557155477935,-40.6321521041109,26.1195161318045
-17.5571554755375,-40.6321520942907,26.1195161279141
-17.5571554731381,-40.6321520844623,26.1195161240204
-17.5571554707367,-40.6321520746255,26.1195161201235
-17.5571554683333,-40.6321520647805,26.1195161162233
-17.5571554659278,-40.6321520549272,26.1195161123198
-17.5571554635204,-40.6321520450655,26.119516108413
-17.5571554611109,-40.6321520351956,26.1195161045029
-17.5571554586995,-40.6321520253173,26.1195161005896
-17.5571554562861,-40.6321520154308,26.1195160966729
-17.5571554538707,-40.632152005536,26.1195160927531
-17.5571554514532,-40.6321519956328,26.11951608883
-17.5571554490338,-40.6321519857214,26.1195160849035
-17.5571554466124,-40.6321519758017,26.1195160809738
-17.5571554441889,-40.6321519658736,26.1195160770408
-17.5571554417635,-40.6321519559373,26.1195160731046
-17.557155439336,-40.6321519459926,26.1195160691651
-17.5571554369066,-40.6321519360397,26.1195160652223
-17.5571554344751,-40.6321519260786,26.1195160612763
-17.5571554320417,-40.632151916109,26.1195160573269
-17.5571554296062,-40.6321519061312,26.1195160533743
-17.5571554271688,-40.6321518961451,26.1195160494184
-17.5571554247294,-40.6321518861507,26.1195160454593
-17.5571554222879,-40.632151876148,26.1195160414969
-17.5571554198445,-40.632151866137,26.1195160375312
-17.557155417399,-40.6321518561177,26.1195160335622
-17.5571554149515,-40.6321518460901,26.11951602959
-17.5571554125021,-40.6321518360541,26.1195160256144
-17.5571554100507,-40.63215182601,26.1195160216357
-17.5571554075972,-40.6321518159575,26.1195160176536
-17.5571554051417,-40.6321518058966,26.1195160136683
-17.5571554026843,-40.6321517958276,26.1195160096796
-17.5571554002248,-40.6321517857502,26.1195160056878
-17.5571553977633,-40.6321517756645,26.1195160016926
-17.5571553952999,-40.6321517655705,26.1195159976942
-17.5571553928345,-40.6321517554682,26.1195159936925
-17.557155390367,-40.6321517453577,26.1195159896875
-17.5571553878975,-40.6321517352387,26.1195159856793
-17.5571553854261,-40.6321517251115,26.1195159816678
-17.5571553829526,-40.6321517149761,26.119515977653
-17.5571553804771,-40.6321517048323,26.1195159736349
-17.5571553779997,-40.6321516946803,26.1195159696136
-17.5571553755202,-40.6321516845198,26.119515965589
-17.5571553730387,-40.6321516743512,26.1195159615611
-17.5571553705553,-40.6321516641742,26.1195159575299
-17.5571553680698,-40.6321516539889,26.1195159534955
-17.5571553655823,-40.6321516437954,26.1195159494578
-17.5571553630928,-40.6321516335935,26.1195159454169
-17.5571553606013,-40.6321516233833,26.1195159413726
-17.5571553581079,-40.6321516131649,26.1195159373251
-17.5571553556124,-40.6321516029381,26.1195159332743
-17.5571553531149,-40.6321515927031,26.1195159292202
-17.5571553506154,-40.6321515824597,26.1195159251629
-17.557155348114,-40.6321515722081,26.1195159211023
-17.5571553456105,-40.6321515619481,26.1195159170384
-17.557155343105,-40.6321515516799,26.1195159129713
-17.5571553405975,-40.6321515414033,26.1195159089008
-17.557155338088,-40.6321515311185,26.1195159048271
-17.5571553355766,-40.6321515208254,26.1195159007501
-17.5571553330631,-40.6321515105239,26.1195158966699
-17.5571553305476,-40.6321515002142,26.1195158925863
-17.5571553280301,-40.6321514898962,26.1195158884996
-17.5571553255106,-40.6321514795698,26.1195158844095
-17.5571553229891,-40.6321514692351,26.1195158803161
-17.5571553204656,-40.6321514588922,26.1195158762195
-17.5571553179401,-40.6321514485411,26.1195158721197
-17.5571553154127,-40.6321514381815,26.1195158680165
-17.5571553128832,-40.6321514278137,26.1195158639101
-17.5571553103517,-40.6321514174376,26.1195158598004
-17.5571553078182,-40.6321514070532,26.1195158556874
-17.5571553052827,-40.6321513966604,26.1195158515711
-17.5571553027452,-40.6321513862594,26.1195158474516
-17.5571553002057,-40.6321513758501,26.1195158433288
-17.5571552976642,-40.6321513654325,26.1195158392027
-17.5571552951207,-40.6321513550066,26.1195158350734
-17.5571552925752,-40.6321513445723,26.1195158309408
-17.5571552900277,-40.6321513341299,26.1195158268049
-17.5571552874782,-40.6321513236791,26.1195158226657
-17.5571552849267,-40.63215131322,26.1195158185233
-17.5571552823732,-40.6321513027526,26.1195158143776
-17.5571552798177,-40.6321512922768,26.1195158102286
-17.5571552772602,-40.6321512817928,26.1195158060764
-17.5571552747006,-40.6321512713006,26.1195158019209
-17.5571552721391,-40.6321512608,26.119515797762
-17.5571552695756,-40.6321512502911,26.1195157936
-17.5571552670101,-40.632151239774,26.1195157894346
-17.5571552644426,-40.6321512292484,26.119515785266
-17.5571552618731,-40.6321512187146,26.1195157810941
-17.5571552593016,-40.6321512081726,26.119515776919
-17.5571552567281,-40.6321511976222,26.1195157727405
-17.5571552541526,-40.6321511870635,26.1195157685589
-17.557155251575,-40.6321511764965,26.1195157643738
-17.5571552489955,-40.6321511659213,26.1195157601856
-17.557155246414,-40.6321511553377,26.1195157559941
-17.5571552438305,-40.6321511447458,26.1195157517993
-17.5571552412449,-40.6321511341457,26.1195157476012
-17.5571552386574,-40.6321511235372,26.1195157433999
-17.5571552360679,-40.6321511129204,26.1195157391952
-17.5571552334764,-40.6321511022953,26.1195157349873
-17.5571552308828,-40.632151091662,26.1195157307762
-17.5571552282873,-40.6321510810204,26.1195157265618
-17.5571552256898,-40.6321510703704,26.1195157223441
-17.5571552230903,-40.6321510597122,26.1195157181231
-17.5571552204887,-40.6321510490457,26.1195157138989
-17.5571552178852,-40.6321510383708,26.1195157096713
-17.5571552152796,-40.6321510276876,26.1195157054405
-17.5571552126721,-40.6321510169962,26.1195157012064
-17.5571552100626,-40.6321510062964,26.1195156969691
-17.5571552074511,-40.6321509955884,26.1195156927285
-17.5571552048375,-40.6321509848721,26.1195156884846
-17.557155202222,-40.6321509741474,26.1195156842374
-17.5571551996044,-40.6321509634144,26.119515679987
-17.5571551969849,-40.6321509526732,26.1195156757333
-17.5571551943634,-40.6321509419237,26.1195156714763
-17.5571551917398,-40.6321509311659,26.1195156672161
-17.5571551891142,-40.6321509203997,26.1195156629525
-17.5571551864867,-40.6321509096253,26.1195156586857
-17.5571551838572,-40.6321508988425,26.1195156544157
-17.5571551812256,-40.6321508880515,26.1195156501423
-17.5571551785921,-40.6321508772522,26.1195156458657
-17.5571551759565,-40.6321508664446,26.1195156415858
-17.5571551733189,-40.6321508556287,26.1195156373026
-17.5571551706794,-40.6321508448045,26.1195156330162
-17.5571551680379,-40.632150833972,26.1195156287265
-17.5571551653943,-40.6321508231312,26.1195156244335
-17.5571551627488,-40.632150812282,26.1195156201373
-17.5571551601012,-40.6321508014247,26.1195156158377
-17.5571551574517,-40.632150790559,26.1195156115349
-17.5571551548001,-40.632150779685,26.1195156072289
-17.5571551521465,-40.6321507688027,26.1195156029195
-17.5571551494909,-40.632150757912,26.1195155986069
-17.5571551468334,-40.6321507470132,26.119515594291
-17.5571551441738,-40.632150736106,26.1195155899718
-17.5571551415123,-40.6321507251905,26.1195155856494
-17.5571551388487,-40.6321507142667,26.1195155813237
-17.5571551361831,-40.6321507033346,26.1195155769947
-17.5571551335155,-40.6321506923942,26.1195155726625
-17.557155130846,-40.6321506814455,26.1195155683269
-17.5571551281744,-40.6321506704885,26.1195155639881
-17.5571551255009,-40.6321506595233,26.1195155596461
-17.5571551228253,-40.6321506485497,26.1195155553007
-17.5571551201477,-40.6321506375679,26.1195155509521
-17.5571551174681,-40.6321506265776,26.1195155466002
-17.5571551147866,-40.6321506155792,26.119515542245
-17.557155112103,-40.6321506045723,26.1195155378866
-17.5571551094174,-40.6321505935574,26.1195155335249
-17.5571551067298,-40.632150582534,26.1195155291599
-17.5571551040402,-40.6321505715023,26.1195155247917
-17.5571551013486,-40.6321505604624,26.1195155204201
-17.5571550986551,-40.6321505494141,26.1195155160454
-17.5571550959595,-40.6321505383575,26.1195155116673
-17.5571550932619,-40.6321505272926,26.1195155072859
-17.5571550905623,-40.6321505162196,26.1195155029013
-17.5571550878607,-40.6321505051381,26.1195154985134
-17.5571550851571,-40.6321504940483,26.1195154941222
-17.5571550824515,-40.6321504829503,26.1195154897278
-17.5571550797439,-40.6321504718439,26.1195154853301
-17.5571550770343,-40.6321504607293,26.1195154809291
-17.5571550743228,-40.6321504496063,26.1195154765249
-17.5571550716091,-40.6321504384751,26.1195154721173
-17.5571550688936,-40.6321504273355,26.1195154677065
-17.5571550661759,-40.6321504161877,26.1195154632925
-17.5571550634564,-40.6321504050316,26.1195154588751
-17.5571550607348,-40.6321503938672,26.1195154544545
-17.5571550580111,-40.6321503826944,26.1195154500306
-17.5571550552855,-40.6321503715134,26.1195154456034
-17.557155052558,-40.632150360324,26.119515441173
-17.5571550498283,-40.6321503491265,26.1195154367393
-17.5571550470967,-40.6321503379206,26.1195154323023
-17.5571550443631,-40.6321503267063,26.1195154278621
-17.5571550416275,-40.6321503154838,26.1195154234186
-17.5571550388899,-40.632150304253,26.1195154189718
-17.5571550361503,-40.6321502930138,26.1195154145217
-17.5571550334087,-40.6321502817664,26.1195154100683
-17.5571550306651,-40.6321502705108,26.1195154056118
-17.5571550279195,-40.6321502592468,26.1195154011519
-17.5571550251719,-40.6321502479745,26.1195153966887
-17.5571550224222,-40.6321502366938,26.1195153922222
-17.5571550196706,-40.6321502254049,26.1195153877525
-17.557155016917,-40.6321502141077,26.1195153832795
-17.5571550141614,-40.6321502028023,26.1195153788033
-17.5571550114038,-40.6321501914885,26.1195153743238
-17.5571550086441,-40.6321501801664,26.119515369841
-17.5571550058825,-40.632150168836,26.1195153653549
-17.5571550031189,-40.6321501574973,26.1195153608656
-17.5571550003533,-40.6321501461504,26.119515356373
-17.5571549975856,-40.632150134795,26.1195153518771
-17.557154994816,-40.6321501234315,26.1195153473779
-17.5571549920444,-40.6321501120596,26.1195153428755
-17.5571549892707,-40.6321501006794,26.1195153383697
-17.5571549864951,-40.6321500892909,26.1195153338608
-17.5571549837175,-40.6321500778941,26.1195153293485
-17.5571549809378,-40.6321500664891,26.119515324833
-17.5571549781562,-40.6321500550757,26.1195153203142
-17.5571549753726,-40.6321500436541,26.1195153157921
-17.5571549725869,-40.632150032224,26.1195153112668
-17.5571549697993,-40.6321500207858,26.1195153067382
-17.5571549670096,-40.6321500093392,26.1195153022063
-17.557154964218,-40.6321499978844,26.1195152976711
-17.5571549614243,-40.6321499864213,26.1195152931327
-17.5571549586287,-40.6321499749498,26.119515288591
-17.5571549558311,-40.63214996347,26.119515284046
-17.5571549530314,-40.6321499519819,26.1195152794977
-17.5571549502298,-40.6321499404856,26.1195152749462
-17.5571549474261,-40.6321499289809,26.1195152703914
-17.5571549446205,-40.6321499174679,26.1195152658333
-17.5571549418128,-40.6321499059467,26.119515261272
-17.5571549390031,-40.6321498944172,26.1195152567074
-17.5571549361915,-40.6321498828793,26.1195152521395
-17.5571549333778,-40.6321498713333,26.1195152475684
-17.5571549305622,-40.6321498597787,26.1195152429939
-17.5571549277445,-40.632149848216,26.1195152384162
-17.5571549249248,-40.632149836645,26.1195152338352
-17.5571549221032,-40.6321498250657,26.119515229251
-17.5571549192795,-40.632149813478,26.1195152246634
-17.5571549164538,-40.6321498018821,26.1195152200726
-17.5571549136262,-40.6321497902779,26.1195152154786
-17.5571549107965,-40.6321497786654,26.1195152108812
-17.5571549079648,-40.6321497670446,26.1195152062806
-17.5571549051312,-40.6321497554155,26.1195152016768
-17.5571549022955,-40.632149743778,26.1195151970696
-17.5571548994578,-40.6321497321323,26.1195151924592
-17.5571548966182,-40.6321497204783,26.1195151878455
-17.5571548937765,-40.632149708816,26.1195151832285
-17.5571548909328,-40.6321496971454,26.1195151786082
-17.5571548880871,-40.6321496854665,26.1195151739847
-17.5571548852394,-40.6321496737793,26.1195151693579
-17.5571548823898,-40.6321496620838,26.1195151647278
-17.557154879538,-40.63214965038,26.1195151600945
-17.5571548766844,-40.6321496386679,26.1195151554579
-17.5571548738287,-40.6321496269475,26.119515150818
-17.557154870971,-40.6321496152188,26.1195151461749
-17.5571548681113,-40.6321496034819,26.1195151415285
-17.5571548652496,-40.6321495917365,26.1195151368787
-17.5571548623859,-40.632149579983,26.1195151322258
-17.5571548595203,-40.6321495682211,26.1195151275695
-17.5571548566525,-40.6321495564509,26.11951512291
-17.5571548537829,-40.6321495446724,26.1195151182472
-17.5571548509112,-40.6321495328856,26.1195151135811
-17.5571548480375,-40.6321495210906,26.1195151089118
-17.5571548451617,-40.6321495092872,26.1195151042392
-17.557154842284,-40.6321494974755,26.1195150995633
-17.5571548394044,-40.6321494856556,26.1195150948842
-17.5571548365227,-40.6321494738273,26.1195150902017
-17.5571548336389,-40.6321494619907,26.119515085516
-17.5571548307533,-40.6321494501458,26.119515080827
-17.5571548278656,-40.6321494382927,26.1195150761348
-17.5571548249758,-40.6321494264312,26.1195150714393
-17.5571548220841,-40.6321494145615,26.1195150667405
-17.5571548191904,-40.6321494026834,26.1195150620384
-17.5571548162947,-40.632149390797,26.1195150573331
-17.557154813397,-40.6321493789024,26.1195150526245
-17.5571548104973,-40.6321493669994,26.1195150479126
-17.5571548075955,-40.6321493550882,26.1195150431974
-17.5571548046919,-40.6321493431687,26.119515038479
-17.5571548017861,-40.6321493312409,26.1195150337573
-17.5571547988784,-40.6321493193047,26.1195150290323
-17.5571547959687,-40.6321493073603,26.1195150243041
-17.5571547930569,-40.6321492954075,26.1195150195726
-17.5571547901432,-40.6321492834464,26.1195150148378
-17.5571547872275,-40.6321492714772,26.1195150100997
-17.5571547843098,-40.6321492594995,26.1195150053584
-17.55715478139,-40.6321492475136,26.1195150006138
-17.5571547784683,-40.6321492355193,26.1195149958659
-17.5571547755446,-40.6321492235168,26.1195149911148
-17.5571547726188,-40.6321492115061,26.1195149863603
-17.5571547696911,-40.6321491994869,26.1195149816026
-17.5571547667614,-40.6321491874594,26.1195149768417
-17.5571547638296,-40.6321491754237,26.1195149720774
-17.5571547608959,-40.6321491633798,26.1195149673099
-17.5571547579602,-40.6321491513274,26.1195149625391
-17.5571547550224,-40.6321491392668,26.1195149577651
-17.5571547520827,-40.6321491271979,26.1195149529877
-17.5571547491409,-40.6321491151207,26.1195149482071
-17.5571547461972,-40.6321491030352,26.1195149434232
-17.5571547432514,-40.6321490909414,26.1195149386361
-17.5571547403036,-40.6321490788392,26.1195149338456
-17.5571547373539,-40.6321490667289,26.1195149290519
-17.5571547344022,-40.6321490546102,26.119514924255
-17.5571547314484,-40.6321490424832,26.1195149194548
-17.5571547284926,-40.6321490303479,26.1195149146513
-17.5571547255349,-40.6321490182043,26.1195149098444
-17.5571547225752,-40.6321490060524,26.1195149050344
-17.5571547196134,-40.6321489938922,26.1195149002211
-17.5571547166496,-40.6321489817237,26.1195148954044
-17.5571547136839,-40.632148969547,26.1195148905846
-17.5571547107161,-40.6321489573619,26.1195148857614
-17.5571547077463,-40.6321489451685,26.119514880935
-17.5571547047746,-40.6321489329669,26.1195148761053
-17.5571547018008,-40.6321489207568,26.1195148712724
-17.557154698825,-40.6321489085386,26.1195148664361
-17.5571546958472,-40.632148896312,26.1195148615966
-17.5571546928675,-40.6321488840771,26.1195148567538
-17.5571546898857,-40.632148871834,26.1195148519078
-17.5571546869019,-40.6321488595825,26.1195148470584
-17.5571546839161,-40.6321488473227,26.1195148422058
-17.5571546809284,-40.6321488350547,26.11951483735
-17.5571546779386,-40.6321488227783,26.1195148324908
-17.5571546749468,-40.6321488104937,26.1195148276284
-17.557154671953,-40.6321487982008,26.1195148227627
-17.5571546689572,-40.6321487858994,26.1195148178937
-17.5571546659595,-40.6321487735899,26.1195148130215
-17.5571546629597,-40.632148761272,26.119514808146
-17.5571546599579,-40.6321487489459,26.1195148032672
-17.5571546569541,-40.6321487366115,26.1195147983851
-17.5571546539483,-40.6321487242687,26.1195147934998
-17.5571546509405,-40.6321487119177,26.1195147886113
-17.5571546479307,-40.6321486995584,26.1195147837194
-17.5571546449189,-40.6321486871907,26.1195147788242
-17.5571546419051,-40.6321486748149,26.1195147739258
-17.5571546388893,-40.6321486624306,26.1195147690241
-17.5571546358715,-40.6321486500381,26.1195147641192
-17.5571546328517,-40.6321486376372,26.1195147592109
-17.5571546298299,-40.6321486252281,26.1195147542994
-17.5571546268061,-40.6321486128107,26.1195147493847
-17.5571546237803,-40.632148600385,26.1195147444666
-17.5571546207525,-40.6321485879509,26.1195147395453
-17.5571546177227,-40.6321485755086,26.1195147346207
-17.5571546146908,-40.632148563058,26.1195147296928
-17.557154611657,-40.6321485505991,26.1195147247617
-17.5571546086212,-40.6321485381319,26.1195147198272
-17.5571546055834,-40.6321485256564,26.1195147148896
-17.5571546025436,-40.6321485131726,26.1195147099486
-17.5571545995018,-40.6321485006804,26.1195147050044
-17.5571545964579,-40.63214848818,26.1195147000569
-17.5571545934121,-40.6321484756714,26.1195146951061
-17.5571545903643,-40.6321484631544,26.1195146901521
-17.5571545873145,-40.6321484506291,26.1195146851948
-17.5571545842627,-40.6321484380955,26.1195146802342
-17.5571545812088,-40.6321484255536,26.1195146752703
-17.557154578153,-40.6321484130034,26.1195146703031
-17.5571545750952,-40.6321484004449,26.1195146653327
-17.5571545720353,-40.6321483878781,26.119514660359
-17.5571545689735,-40.632148375303,26.1195146553821
-17.5571545659097,-40.6321483627197,26.1195146504019
-17.5571545628438,-40.632148350128,26.1195146454184
-17.557154559776,-40.632148337528,26.1195146404316
-17.5571545567061,-40.6321483249197,26.1195146354416
-17.5571545536343,-40.6321483123032,26.1195146304483
-17.5571545505604,-40.6321482996783,26.1195146254517
-17.5571545474846,-40.6321482870452,26.1195146204518
-17.5571545444068,-40.6321482744037,26.1195146154487
-17.5571545413269,-40.6321482617539,26.1195146104422
-17.5571545382451,-40.6321482490958,26.1195146054326
-17.5571545351612,-40.6321482364295,26.1195146004196
-17.5571545320754,-40.6321482237549,26.1195145954034
-17.5571545289875,-40.6321482110719,26.1195145903839
-17.5571545258977,-40.6321481983807,26.1195145853611
-17.5571545228058,-40.6321481856811,26.1195145803351
-17.5571545197119,-40.6321481729733,26.1195145753058
-17.5571545166161,-40.6321481602571,26.1195145702732
-17.5571545135182,-40.6321481475326,26.1195145652373
-17.5571545104184,-40.6321481348,26.1195145601982
-17.5571545073165,-40.6321481220589,26.1195145551558
-17.5571545042126,-40.6321481093096,26.1195145501101
-17.5571545011067,-40.6321480965519,26.1195145450612
-17.5571544979989,-40.632148083786,26.119514540009
-17.557154494889,-40.6321480710118,26.1195145349535
-17.5571544917771,-40.6321480582292,26.1195145298947
-17.5571544886633,-40.6321480454385,26.1195145248327
-17.5571544855474,-40.6321480326393,26.1195145197674
-17.5571544824295,-40.6321480198319,26.1195145146988
-17.5571544793096,-40.6321480070162,26.119514509627
-17.5571544761878,-40.6321479941921,26.1195145045518
-17.5571544730639,-40.6321479813598,26.1195144994734
-17.557154469938,-40.6321479685192,26.1195144943917
-17.5571544668101,-40.6321479556703,26.1195144893068
-17.5571544636802,-40.632147942813,26.1195144842186
-17.5571544605483,-40.6321479299476,26.1195144791271
-17.5571544574144,-40.6321479170738,26.1195144740323
-17.5571544542785,-40.6321479041917,26.1195144689343
-17.5571544511406,-40.6321478913012,26.119514463833
-17.5571544480008,-40.6321478784025,26.1195144587284
-17.5571544448589,-40.6321478654955,26.1195144536205
-17.5571544417149,-40.6321478525802,26.1195144485094
-17.557154438569,-40.6321478396566,26.119514443395
-17.5571544354211,-40.6321478267248,26.1195144382774
-17.5571544322713,-40.6321478137846,26.1195144331564
-17.5571544291194,-40.632147800836,26.1195144280322
-17.5571544259654,-40.6321477878793,26.1195144229047
-17.5571544228095,-40.6321477749142,26.119514417774
-17.5571544196516,-40.6321477619408,26.1195144126399
-17.5571544164917,-40.6321477489591,26.1195144075026
-17.5571544133298,-40.6321477359691,26.119514402362
-17.5571544101659,-40.6321477229709,26.1195143972182
-17.5571544069999,-40.6321477099644,26.1195143920711
-17.557154403832,-40.6321476969495,26.1195143869207
-17.5571544006621,-40.6321476839263,26.119514381767
-17.5571543974902,-40.6321476708948,26.1195143766101
-17.5571543943163,-40.632147657855,26.1195143714499
-17.5571543911403,-40.6321476448069,26.1195143662864
-17.5571543879624,-40.6321476317506,26.1195143611196
-17.5571543847825,-40.632147618686,26.1195143559496
-17.5571543816006,-40.632147605613,26.1195143507763
-17.5571543784166,-40.6321475925318,26.1195143455998
-17.5571543752307,-40.6321475794422,26.1195143404199
-17.5571543720428,-40.6321475663444,26.1195143352368
-17.5571543688528,-40.6321475532382,26.1195143300504
-17.5571543656609,-40.6321475401237,26.1195143248607
-17.5571543624669,-40.632147527001,26.1195143196678
-17.557154359271,-40.63214751387,26.1195143144716
-17.5571543560731,-40.6321475007307,26.1195143092721
-17.5571543528731,-40.6321474875831,26.1195143040694
-17.5571543496712,-40.6321474744271,26.1195142988634
-17.5571543464672,-40.6321474612629,26.1195142936541
-17.5571543432613,-40.6321474480904,26.1195142884415
-17.5571543400533,-40.6321474349095,26.1195142832257
-17.5571543368434,-40.6321474217204,26.1195142780065
-17.5571543336314,-40.632147408523,26.1195142727842
-17.5571543304175,-40.6321473953173,26.1195142675585
-17.5571543272015,-40.6321473821032,26.1195142623296
-17.5571543239835,-40.6321473688809,26.1195142570974
-17.5571543207636,-40.6321473556503,26.1195142518619
-17.5571543175416,-40.6321473424114,26.1195142466232
-17.5571543143176,-40.6321473291641,26.1195142413812
-17.5571543110917,-40.6321473159086,26.1195142361359
-17.5571543078637,-40.6321473026448,26.1195142308873
-17.5571543046337,-40.6321472893727,26.1195142256355
-17.5571543014017,-40.6321472760923,26.1195142203804
-17.5571542981678,-40.6321472628036,26.119514215122
-17.5571542949318,-40.6321472495066,26.1195142098603
-17.5571542916938,-40.6321472362013,26.1195142045954
-17.5571542884539,-40.6321472228878,26.1195141993272
-17.5571542852119,-40.6321472095658,26.1195141940557
-17.5571542819679,-40.6321471962356,26.119514188781
-17.5571542787219,-40.6321471828972,26.119514183503
-17.5571542754739,-40.6321471695504,26.1195141782217
-17.5571542722239,-40.6321471561953,26.1195141729371
-17.557154268972,-40.6321471428319,26.1195141676493
-17.557154265718,-40.6321471294603,26.1195141623582
-17.557154262462,-40.6321471160803,26.1195141570639
-17.557154259204,-40.632147102692,26.1195141517662
-17.557154255944,-40.6321470892954,26.1195141464653
-17.557154252682,-40.6321470758906,26.1195141411611
-17.557154249418,-40.6321470624774,26.1195141358536
-17.557154246152,-40.632147049056,26.1195141305429
-17.557154242884,-40.6321470356261,26.1195141252289
-17.5571542396139,-40.6321470221881,26.1195141199116
-17.557154236342,-40.6321470087417,26.1195141145911
-17.557154233068,-40.6321469952871,26.1195141092672
-17.557154229792,-40.6321469818241,26.1195141039401
-17.5571542265139,-40.6321469683529,26.1195140986097
-17.5571542232339,-40.6321469548733,26.1195140932761
-17.5571542199519,-40.6321469413855,26.1195140879392
-17.5571542166679,-40.6321469278893,26.119514082599
-17.5571542133819,-40.6321469143849,26.1195140772556
-17.5571542100939,-40.6321469008721,26.1195140719089
-17.5571542068038,-40.6321468873511,26.1195140665588
-17.5571542035118,-40.6321468738218,26.1195140612056
-17.5571542002178,-40.6321468602841,26.119514055849
-17.5571541969218,-40.6321468467383,26.1195140504892
-17.5571541936237,-40.6321468331839,26.1195140451261
-17.5571541903237,-40.6321468196215,26.1195140397597
-17.5571541870217,-40.6321468060506,26.1195140343901
-17.5571541837176,-40.6321467924715,26.1195140290172
-17.5571541804116,-40.6321467788841,26.119514023641
-17.5571541771036,-40.6321467652884,26.1195140182616
-17.5571541737935,-40.6321467516843,26.1195140128788
-17.5571541704815,-40.6321467380721,26.1195140074928
-17.5571541671674,-40.6321467244514,26.1195140021036
-17.5571541638514,-40.6321467108225,26.119513996711
-17.5571541605334,-40.6321466971853,26.1195139913152
-17.5571541572133,-40.6321466835398,26.1195139859161
-17.5571541538912,-40.632146669886,26.1195139805138
-17.5571541505672,-40.6321466562239,26.1195139751081
-17.5571541472411,-40.6321466425535,26.1195139696992
-17.5571541439131,-40.6321466288748,26.1195139642871
-17.557154140583,-40.6321466151878,26.1195139588716
-17.557154137251,-40.6321466014924,26.1195139534529
-17.5571541339169,-40.632146587789,26.1195139480309
-17.5571541305808,-40.632146574077,26.1195139426056
-17.5571541272428,-40.6321465603568,26.1195139371771
-17.5571541239027,-40.6321465466282,26.1195139317453
-17.5571541205606,-40.6321465328915,26.1195139263102
-17.5571541172166,-40.6321465191464,26.1195139208718
-17.5571541138705,-40.632146505393,26.1195139154302
-17.5571541105224,-40.6321464916314,26.1195139099854
-17.5571541071723,-40.6321464778613,26.1195139045371
-17.5571541038202,-40.6321464640831,26.1195138990857
-17.5571541004662,-40.6321464502966,26.119513893631
-17.5571540971101,-40.6321464365017,26.119513888173
-17.557154093752,-40.6321464226985,26.1195138827118
-17.5571540903919,-40.632146408887,26.1195138772473
-17.5571540870299,-40.6321463950673,26.1195138717795
-17.5571540836658,-40.6321463812393,26.1195138663084
-17.5571540802997,-40.6321463674029,26.119513860834
-17.5571540769316,-40.6321463535582,26.1195138553564
-17.5571540735615,-40.6321463397052,26.1195138498755
-17.5571540701894,-40.632146325844,26.1195138443914
-17.5571540668153,-40.6321463119744,26.1195138389039
-17.5571540634392,-40.6321462980966,26.1195138334132
-17.5571540600611,-40.6321462842105,26.1195138279192
-17.557154056681,-40.632146270316,26.119513822422
-17.5571540532989,-40.6321462564133,26.1195138169214
-17.5571540499148,-40.6321462425022,26.1195138114176
-17.5571540465287,-40.6321462285829,26.1195138059106
-17.5571540431405,-40.6321462146553,26.1195138004002
-17.5571540397504,-40.6321462007193,26.1195137948866
-17.5571540363583,-40.6321461867751,26.1195137893697
-17.5571540329642,-40.6321461728226,26.1195137838496
-17.5571540295681,-40.6321461588617,26.1195137783261
-17.55715402617,-40.6321461448926,26.1195137727994
-17.5571540227699,-40.6321461309152,26.1195137672695
-17.5571540193677,-40.6321461169295,26.1195137617362
-17.5571540159636,-40.6321461029355,26.1195137561997
-17.5571540125575,-40.6321460889331,26.1195137506599
-17.5571540091493,-40.6321460749225,26.1195137451168
-17.5571540057392,-40.6321460609036,26.1195137395705
-17.5571540023271,-40.6321460468765,26.1195137340209
-17.5571539989129,-40.6321460328409,26.119513728468
-17.5571539954968,-40.6321460187971,26.1195137229119
-17.5571539920787,-40.632146004745,26.1195137173524
-17.5571539886585,-40.6321459906846,26.1195137117897
-17.5571539852364,-40.6321459766159,26.1195137062238
-17.5571539818123,-40.6321459625389,26.1195137006546
-17.5571539783861,-40.6321459484537,26.1195136950821
-17.557153974958,-40.63214593436,26.1195136895063
-17.5571539715278,-40.6321459202581,26.1195136839272
-17.5571539680956,-40.632145906148,26.1195136783449
-17.5571539646615,-40.6321458920295,26.1195136727593
-17.5571539612254,-40.6321458779027,26.1195136671704
-17.5571539577872,-40.6321458637676,26.1195136615783
-17.557153954347,-40.6321458496242,26.1195136559828
-17.5571539509049,-40.6321458354725,26.1195136503842
-17.5571539474607,-40.6321458213126,26.1195136447822
-17.5571539440145,-40.6321458071443,26.119513639177
-17.5571539405663,-40.6321457929677,26.1195136335684
-17.5571539371162,-40.6321457787829,26.1195136279566
-17.557153933664,-40.6321457645896,26.1195136223416
-17.5571539302098,-40.6321457503882,26.1195136167233
-17.5571539267536,-40.6321457361784,26.1195136111017
-17.5571539232955,-40.6321457219604,26.1195136054768
-17.5571539198353,-40.632145707734,26.1195135998487
-17.5571539163731,-40.6321456934994,26.1195135942173
-17.5571539129089,-40.6321456792564,26.1195135885826
-17.5571539094428,-40.6321456650052,26.1195135829446
-17.5571539059746,-40.6321456507456,26.1195135773034
-17.5571539025044,-40.6321456364778,26.1195135716589
-17.5571538990322,-40.6321456222016,26.1195135660111
-17.557153895558,-40.6321456079172,26.1195135603601
-17.5571538920818,-40.6321455936244,26.1195135547058
-17.5571538886036,-40.6321455793235,26.1195135490482
-17.5571538851235,-40.6321455650141,26.1195135433874
-17.5571538816412,-40.6321455506964,26.1195135377232
-17.557153878157,-40.6321455363705,26.1195135320558
-17.5571538746708,-40.6321455220363,26.1195135263851
-17.5571538711826,-40.6321455076937,26.1195135207112
-17.5571538676924,-40.6321454933429,26.1195135150339
-17.5571538642002,-40.6321454789838,26.1195135093535
-17.557153860706,-40.6321454646164,26.1195135036697
-17.5571538572098,-40.6321454502407,26.1195134979827
-17.5571538537116,-40.6321454358566,26.1195134922923
-17.5571538502114,-40.6321454214643,26.1195134865988
-17.5571538467091,-40.6321454070637,26.1195134809019
-17.5571538432049,-40.6321453926548,26.1195134752018
-17.5571538396987,-40.6321453782376,26.1195134694984
-17.5571538361904,-40.6321453638121,26.1195134637917
-17.5571538326802,-40.6321453493783,26.1195134580818
-17.557153829168,-40.6321453349362,26.1195134523686
-17.5571538256538,-40.6321453204859,26.1195134466521
-17.5571538221375,-40.6321453060272,26.1195134409323
-17.5571538186193,-40.6321452915601,26.1195134352093
-17.5571538150991,-40.6321452770848,26.119513429483
-17.5571538115768,-40.6321452626012,26.1195134237534
-17.5571538080526,-40.6321452481093,26.1195134180206
-17.5571538045263,-40.6321452336092,26.1195134122845
-17.5571538009981,-40.6321452191007,26.1195134065451
-17.5571537974679,-40.6321452045839,26.1195134008024
-17.5571537939356,-40.6321451900588,26.1195133950565
-17.5571537904013,-40.6321451755254,26.1195133893072
-17.5571537868651,-40.6321451609838,26.1195133835548
-17.5571537833268,-40.6321451464337,26.119513377799
-17.5571537797866,-40.6321451318755,26.11951337204
-17.5571537762443,-40.632145117309,26.1195133662777
-17.5571537727,-40.6321451027341,26.1195133605122
-17.5571537691538,-40.6321450881509,26.1195133547433
-17.5571537656055,-40.6321450735594,26.1195133489712
-17.5571537620553,-40.6321450589597,26.1195133431958
-17.557153758503,-40.6321450443517,26.1195133374172
-17.5571537549487,-40.6321450297353,26.1195133316352
-17.5571537513925,-40.6321450151107,26.11951332585
-17.5571537478342,-40.6321450004777,26.1195133200615
-17.5571537442739,-40.6321449858364,26.1195133142698
-17.5571537407116,-40.6321449711869,26.1195133084748
-17.5571537371474,-40.6321449565291,26.1195133026765
-17.5571537335811,-40.6321449418629,26.1195132968749
-17.5571537300128,-40.6321449271885,26.1195132910701
-17.5571537264425,-40.6321449125058,26.119513285262
-17.5571537228702,-40.6321448978147,26.1195132794506
-17.5571537192959,-40.6321448831153,26.119513273636
-17.5571537157196,-40.6321448684078,26.1195132678181
-17.5571537121413,-40.6321448536918,26.1195132619969
-17.557153708561,-40.6321448389676,26.1195132561724
-17.5571537049787,-40.632144824235,26.1195132503447
-17.5571537013944,-40.6321448094943,26.1195132445137
-17.5571536978081,-40.6321447947451,26.1195132386794
-17.5571536942198,-40.6321447799877,26.1195132328418
-17.5571536906295,-40.632144765222,26.119513227001
-17.5571536870372,-40.632144750448,26.1195132211569
-17.5571536834429,-40.6321447356657,26.1195132153096
-17.5571536798466,-40.6321447208751,26.1195132094589
-17.5571536762483,-40.6321447060762,26.119513203605
-17.5571536726479,-40.632144691269,26.1195131977478
-17.5571536690456,-40.6321446764535,26.1195131918874
-17.5571536654413,-40.6321446616296,26.1195131860236
-17.557153661835,-40.6321446467975,26.1195131801566
-17.5571536582267,-40.6321446319572,26.1195131742864
-17.5571536546163,-40.6321446171085,26.1195131684129
-17.557153651004,-40.6321446022515,26.119513162536
-17.5571536473897,-40.6321445873862,26.1195131566559
-17.5571536437733,-40.6321445725126,26.1195131507726
-17.557153640155,-40.6321445576307,26.1195131448859
-17.5571536365347,-40.6321445427406,26.119513138996
-17.5571536329123,-40.632144527842,26.1195131331028
-17.557153629288,-40.6321445129353,26.1195131272064
-17.5571536256616,-40.6321444980202,26.1195131213067
-17.5571536220333,-40.6321444830969,26.1195131154037
-17.5571536184029,-40.6321444681652,26.1195131094974
-17.5571536147706,-40.6321444532252,26.1195131035879
-17.5571536111362,-40.632144438277,26.1195130976751
-17.5571536074998,-40.6321444233203,26.119513091759
-17.5571536038615,-40.6321444083555,26.1195130858396
-17.5571536002212,-40.6321443933823,26.119513079917
-17.5571535965788,-40.6321443784009,26.1195130739912
-17.5571535929344,-40.6321443634111,26.1195130680619
-17.557153589288,-40.632144348413,26.1195130621295
-17.5571535856397,-40.6321443334068,26.1195130561938
-17.5571535819893,-40.6321443183921,26.1195130502548
-17.557153578337,-40.6321443033691,26.1195130443125
-17.5571535746826,-40.6321442883379,26.119513038367
-17.5571535710262,-40.6321442732983,26.1195130324182
-17.5571535673678,-40.6321442582505,26.1195130264662
-17.5571535637075,-40.6321442431943,26.1195130205108
-17.5571535600451,-40.6321442281299,26.1195130145522
-17.5571535563807,-40.6321442130572,26.1195130085903
-17.5571535527143,-40.6321441979762,26.1195130026252
-17.5571535490459,-40.6321441828868,26.1195129966567
-17.5571535453755,-40.6321441677892,26.119512990685
-17.5571535417031,-40.6321441526832,26.11951298471
-17.5571535380287,-40.6321441375691,26.1195129787318
-17.5571535343523,-40.6321441224466,26.1195129727503
-17.5571535306739,-40.6321441073158,26.1195129667655
-17.5571535269935,-40.6321440921766,26.1195129607774
-17.5571535233111,-40.6321440770291,26.1195129547861
-17.5571535196267,-40.6321440618735,26.1195129487915
-17.5571535159403,-40.6321440467095,26.1195129427936
-17.5571535122519,-40.6321440315371,26.1195129367924
-17.5571535085615,-40.6321440163565,26.119512930788
-17.5571535048691,-40.6321440011676,26.1195129247803
-17.5571535011747,-40.6321439859705,26.1195129187694
-17.5571534974782,-40.632143970765,26.1195129127551
-17.5571534937798,-40.6321439555511,26.1195129067376
-17.5571534900794,-40.632143940329,26.1195129007168
-17.557153486377,-40.6321439250987,26.1195128946928
-17.5571534826725,-40.63214390986,26.1195128886654
-17.5571534789661,-40.632143894613,26.1195128826348
-17.5571534752577,-40.6321438793577,26.119512876601
-17.5571534715473,-40.6321438640941,26.1195128705638
-17.5571534678348,-40.6321438488223,26.1195128645234
-17.5571534641204,-40.6321438335421,26.1195128584797
-17.5571534604039,-40.6321438182536,26.1195128524328
-17.5571534566855,-40.6321438029568,26.1195128463825
-17.557153452965,-40.6321437876518,26.119512840329
-17.5571534492426,-40.6321437723384,26.1195128342723
-17.5571534455182,-40.6321437570167,26.1195128282122
-17.5571534417917,-40.6321437416868,26.1195128221489
-17.5571534380632,-40.6321437263485,26.1195128160823
-17.5571534343328,-40.632143711002,26.1195128100125
-17.5571534306004,-40.6321436956471,26.1195128039393
-17.5571534268659,-40.6321436802839,26.1195127978629
-17.5571534231294,-40.6321436649125,26.1195127917833
-17.5571534193909,-40.6321436495327,26.1195127857003
-17.5571534156505,-40.6321436341447,26.1195127796141
-17.557153411908,-40.6321436187484,26.1195127735246
-17.5571534081635,-40.6321436033437,26.1195127674318
-17.5571534044171,-40.6321435879308,26.1195127613357
-17.5571534006686,-40.6321435725096,26.1195127552365
-17.5571533969181,-40.63214355708,26.1195127491339
-17.5571533931656,-40.6321435416422,26.119512743028
-17.5571533894112,-40.632143526196,26.1195127369189
-17.5571533856547,-40.6321435107416,26.1195127308065
-17.5571533818962,-40.6321434952788,26.1195127246908
-17.5571533781357,-40.6321434798079,26.1195127185719
-17.5571533743732,-40.6321434643285,26.1195127124497
-17.5571533706087,-40.6321434488409,26.1195127063242
-17.5571533668422,-40.6321434333449,26.1195127001954
-17.5571533630737,-40.6321434178408,26.1195126940634
-17.5571533593033,-40.6321434023282,26.1195126879281
-17.5571533555307,-40.6321433868074,26.1195126817895
-17.5571533517563,-40.6321433712783,26.1195126756477
-17.5571533479797,-40.6321433557409,26.1195126695026
-17.5571533442012,-40.6321433401952,26.1195126633542
-17.5571533404207,-40.6321433246412,26.1195126572025
-17.5571533366382,-40.6321433090789,26.1195126510476
-17.5571533328537,-40.6321432935083,26.1195126448894
-17.5571533290672,-40.6321432779294,26.1195126387279
-17.5571533252786,-40.6321432623422,26.1195126325631
-17.5571533214881,-40.6321432467467,26.1195126263951
-17.5571533176956,-40.6321432311429,26.1195126202238
-17.5571533139011,-40.6321432155308,26.1195126140493
-17.5571533101046,-40.6321431999104,26.1195126078714
-17.557153306306,-40.6321431842817,26.1195126016903
-17.5571533025055,-40.6321431686447,26.1195125955059
-17.5571532987029,-40.6321431529995,26.1195125893183
-17.5571532948984,-40.6321431373459,26.1195125831274
-17.5571532910919,-40.6321431216841,26.1195125769332
-17.5571532872833,-40.6321431060138,26.1195125707357
-17.5571532834728,-40.6321430903354,26.119512564535
-17.5571532796602,-40.6321430746486,26.119512558331
-17.5571532758457,-40.6321430589536,26.1195125521237
-17.5571532720291,-40.6321430432502,26.1195125459131
-17.5571532682106,-40.6321430275385,26.1195125396993
-17.55715326439,-40.6321430118186,26.1195125334822
-17.5571532605675,-40.6321429960904,26.1195125272619
-17.5571532567429,-40.6321429803538,26.1195125210382
-17.5571532529163,-40.6321429646089,26.1195125148113
-17.5571532490878,-40.6321429488558,26.1195125085811
-17.5571532452572,-40.6321429330944,26.1195125023477
-17.5571532414247,-40.6321429173246,26.1195124961109
-17.5571532375901,-40.6321429015466,26.1195124898709
-17.5571532337535,-40.6321428857602,26.1195124836277
-17.557153229915,-40.6321428699655,26.1195124773811
-17.5571532260744,-40.6321428541626,26.1195124711313
-17.5571532222318,-40.6321428383514,26.1195124648782
-17.5571532183872,-40.6321428225318,26.1195124586219
-17.5571532145406,-40.632142806704,26.1195124523622
-17.557153210692,-40.6321427908679,26.1195124460993
-17.5571532068414,-40.6321427750235,26.1195124398332
-17.5571532029889,-40.6321427591708,26.1195124335637
-17.5571531991342,-40.6321427433097,26.119512427291
-17.5571531952777,-40.6321427274404,26.119512421015
-17.557153191419,-40.6321427115628,26.1195124147357
-17.5571531875585,-40.6321426956768,26.1195124084532
-17.5571531836958,-40.6321426797826,26.1195124021674
-17.5571531798313,-40.6321426638802,26.1195123958783
-17.5571531759646,-40.6321426479694,26.119512389586
-17.5571531720961,-40.6321426320503,26.1195123832904
-17.5571531682254,-40.6321426161228,26.1195123769915
-17.5571531643528,-40.6321426001872,26.1195123706893
-17.5571531604782,-40.6321425842431,26.1195123643839
-17.5571531566016,-40.6321425682908,26.1195123580752
-17.5571531527229,-40.6321425523303,26.1195123517632
-17.5571531488423,-40.6321425363613,26.1195123454479
-17.5571531449597,-40.6321425203842,26.1195123391294
-17.5571531410751,-40.6321425043986,26.1195123328076
-17.5571531371884,-40.6321424884049,26.1195123264825
-17.5571531332998,-40.6321424724028,26.1195123201542
-17.5571531294092,-40.6321424563924,26.1195123138226
-17.5571531255165,-40.6321424403738,26.1195123074877
-17.5571531216219,-40.6321424243468,26.1195123011496
-17.5571531177253,-40.6321424083115,26.1195122948081
-17.5571531138266,-40.632142392268,26.1195122884634
-17.5571531099259,-40.6321423762161,26.1195122821155
-17.5571531060233,-40.6321423601559,26.1195122757642
-17.5571531021186,-40.6321423440875,26.1195122694097
-17.557153098212,-40.6321423280107,26.1195122630519
-17.5571530943033,-40.6321423119257,26.1195122566909
-17.5571530903927,-40.6321422958322,26.1195122503265
-17.55715308648,-40.6321422797306,26.1195122439589
-17.5571530825653,-40.6321422636207,26.1195122375881
-17.5571530786487,-40.6321422475024,26.1195122312139
-17.55715307473,-40.6321422313759,26.1195122248365
-17.5571530708094,-40.632142215241,26.1195122184558
-17.5571530668867,-40.6321421990979,26.1195122120719
-17.557153062962,-40.6321421829464,26.1195122056846
-17.5571530590353,-40.6321421667867,26.1195121992941
-17.5571530551067,-40.6321421506186,26.1195121929004
-17.557153051176,-40.6321421344424,26.1195121865033
-17.5571530472433,-40.6321421182577,26.119512180103
-17.5571530433086,-40.6321421020647,26.1195121736994
-17.5571530393719,-40.6321420858636,26.1195121672926
-17.5571530354332,-40.6321420696541,26.1195121608824
-17.5571530314925,-40.6321420534362,26.119512154469
-17.5571530275498,-40.6321420372101,26.1195121480523
-17.5571530236051,-40.6321420209756,26.1195121416323
-17.5571530196584,-40.632142004733,26.1195121352092
-17.5571530157097,-40.6321419884819,26.1195121287827
-17.557153011759,-40.6321419722226,26.1195121223529
-17.5571530078063,-40.632141955955,26.1195121159199
-17.5571530038516,-40.6321419396791,26.1195121094836
-17.5571529998949,-40.6321419233949,26.119512103044
-17.5571529959361,-40.6321419071024,26.1195120966011
-17.5571529919754,-40.6321418908016,26.119512090155
-17.5571529880127,-40.6321418744925,26.1195120837056
-17.557152984048,-40.6321418581751,26.1195120772529
-17.5571529800813,-40.6321418418494,26.119512070797
-17.5571529761125,-40.6321418255154,26.1195120643378
-17.5571529721418,-40.6321418091732,26.1195120578753
-17.557152968169,-40.6321417928225,26.1195120514096
-17.5571529641943,-40.6321417764637,26.1195120449406
-17.5571529602176,-40.6321417600965,26.1195120384682
-17.5571529562388,-40.632141743721,26.1195120319927
-17.5571529522581,-40.6321417273372,26.1195120255139
-17.5571529482754,-40.6321417109452,26.1195120190318
-17.5571529442906,-40.6321416945448,26.1195120125463
-17.5571529403039,-40.6321416781361,26.1195120060577
-17.5571529363151,-40.6321416617191,26.1195119995658
-17.5571529323243,-40.6321416452937,26.1195119930705
-17.5571529283316,-40.6321416288603,26.1195119865721
-17.5571529243369,-40.6321416124184,26.1195119800704
-17.5571529203401,-40.6321415959683,26.1195119735654
-17.5571529163413,-40.6321415795098,26.1195119670571
-17.5571529123406,-40.6321415630431,26.1195119605455
-17.5571529083377,-40.632141546568,26.1195119540307
-17.557152904333,-40.6321415300847,26.1195119475126
-17.5571529003262,-40.6321415135931,26.1195119409912
-17.5571528963175,-40.6321414970931,26.1195119344666
-17.5571528923067,-40.6321414805848,26.1195119279386
-17.5571528882939,-40.6321414640682,26.1195119214075
-17.5571528842791,-40.6321414475435,26.119511914873
-17.5571528802623,-40.6321414310103,26.1195119083353
-17.5571528762435,-40.6321414144689,26.1195119017943
-17.5571528722228,-40.6321413979192,26.11951189525
-17.5571528681999,-40.6321413813611,26.1195118887024
-17.5571528641752,-40.6321413647948,26.1195118821516
-17.5571528601484,-40.6321413482202,26.1195118755976
-17.5571528561196,-40.6321413316372,26.1195118690402
-17.5571528520887,-40.632141315046,26.1195118624796
-17.5571528480559,-40.6321412984465,26.1195118559156
-17.5571528440212,-40.6321412818386,26.1195118493485
-17.5571528399843,-40.6321412652226,26.119511842778
-17.5571528359455,-40.6321412485982,26.1195118362043
-17.5571528319047,-40.6321412319655,26.1195118296273
-17.5571528278619,-40.6321412153244,26.119511823047
-17.5571528238171,-40.6321411986751,26.1195118164635
-17.5571528197702,-40.6321411820175,26.1195118098767
-17.5571528157214,-40.6321411653516,26.1195118032866
-17.5571528116706,-40.6321411486774,26.1195117966933
-17.5571528076177,-40.6321411319949,26.1195117900967
-17.5571528035629,-40.6321411153041,26.1195117834968
-17.5571527995061,-40.632141098605,26.1195117768936
-17.5571527954472,-40.6321410818977,26.1195117702872
-17.5571527913864,-40.632141065182,26.1195117636775
-17.5571527873236,-40.632141048458,26.1195117570645
-17.5571527832587,-40.6321410317257,26.1195117504482
-17.5571527791919,-40.6321410149851,26.1195117438287
-17.557152775123,-40.6321409982363,26.119511737206
-17.5571527710522,-40.6321409814791,26.1195117305799
-17.5571527669793,-40.6321409647136,26.1195117239505
-17.5571527629044,-40.6321409479398,26.1195117173179
-17.5571527588276,-40.6321409311577,26.119511710682
-17.5571527547487,-40.6321409143674,26.1195117040429
-17.5571527506679,-40.6321408975687,26.1195116974005
-17.557152746585,-40.6321408807617,26.1195116907547
-17.5571527425001,-40.6321408639465,26.1195116841058
-17.5571527384132,-40.6321408471229,26.1195116774535
-17.5571527343244,-40.6321408302911,26.119511670798
-17.5571527302335,-40.6321408134509,26.1195116641393
-17.5571527261406,-40.6321407966025,26.1195116574772
-17.5571527220457,-40.6321407797458,26.1195116508119
-17.5571527179489,-40.6321407628807,26.1195116441433
-17.5571527138499,-40.6321407460074,26.1195116374714
-17.5571527097491,-40.6321407291257,26.1195116307963
-17.5571527056461,-40.6321407122358,26.1195116241179
-17.5571527015413,-40.6321406953376,26.1195116174362
-17.5571526974344,-40.632140678431,26.1195116107512
-17.5571526933255,-40.6321406615162,26.119511604063
-17.5571526892146,-40.6321406445931,26.1195115973715
-17.5571526851016,-40.6321406276616,26.1195115906767
-17.5571526809868,-40.6321406107219,26.1195115839787
-17.5571526768698,-40.6321405937739,26.1195115772774
-17.5571526727509,-40.6321405768175,26.1195115705728
-17.55715266863,-40.6321405598529,26.1195115638649
-17.5571526645071,-40.63214054288,26.1195115571538
-17.5571526603822,-40.6321405258988,26.1195115504394
-17.5571526562552,-40.6321405089093,26.1195115437217
-17.5571526521263,-40.6321404919115,26.1195115370008
-17.5571526479954,-40.6321404749054,26.1195115302765
-17.5571526438625,-40.632140457891,26.1195115235491
-17.5571526397275,-40.6321404408683,26.1195115168183
-17.5571526355906,-40.6321404238373,26.1195115100843
-17.5571526314517,-40.632140406798,26.119511503347
-17.5571526273107,-40.6321403897504,26.1195114966065
-17.5571526231678,-40.6321403726945,26.1195114898626
-17.5571526190228,-40.6321403556303,26.1195114831155
-17.5571526148759,-40.6321403385579,26.1195114763651
-17.5571526107269,-40.6321403214771,26.1195114696114
-17.557152606576,-40.632140304388,26.1195114628545
-17.557152602423,-40.6321402872906,26.1195114560943
-17.5571525982681,-40.6321402701849,26.1195114493308
-17.5571525941111,-40.6321402530709,26.1195114425641
-17.5571525899521,-40.6321402359487,26.1195114357941
-17.5571525857912,-40.6321402188181,26.1195114290208
-17.5571525816282,-40.6321402016793,26.1195114222442
-17.5571525774632,-40.6321401845321,26.1195114154644
-17.5571525732962,-40.6321401673766,26.1195114086813
-17.5571525691272,-40.6321401502128,26.1195114018949
-17.5571525649563,-40.6321401330407,26.1195113951052
-17.5571525607833,-40.6321401158605,26.1195113883124
-17.5571525566083,-40.6321400986718,26.1195113815161
-17.5571525524313,-40.6321400814749,26.1195113747167
-17.5571525482523,-40.6321400642696,26.119511367914
-17.5571525440713,-40.6321400470561,26.119511361108
-17.5571525398883,-40.6321400298342,26.1195113542987
-17.5571525357033,-40.632140012604,26.1195113474861
-17.5571525315164,-40.6321399953657,26.1195113406704
-17.5571525273273,-40.6321399781188,26.1195113338512
-17.5571525231363,-40.6321399608638,26.1195113270288
-17.5571525189433,-40.6321399436005,26.1195113202032
-17.5571525147483,-40.6321399263289,26.1195113133743
-17.5571525105513,-40.6321399090489,26.1195113065421
-17.5571525063523,-40.6321398917607,26.1195112997067
-17.5571525021512,-40.6321398744642,26.119511292868
-17.5571524979482,-40.6321398571594,26.119511286026
-17.5571524937432,-40.6321398398463,26.1195112791808
-17.5571524895361,-40.6321398225248,26.1195112723322
-17.5571524853271,-40.6321398051951,26.1195112654804
-17.5571524811161,-40.6321397878571,26.1195112586253
-17.5571524769031,-40.6321397705108,26.119511251767
-17.557152472688,-40.6321397531562,26.1195112449054
-17.557152468471,-40.6321397357933,26.1195112380405
-17.557152464252,-40.6321397184221,26.1195112311723
-17.5571524600309,-40.6321397010426,26.1195112243008
-17.5571524558078,-40.6321396836547,26.1195112174261
-17.5571524515828,-40.6321396662587,26.1195112105482
-17.5571524473557,-40.6321396488543,26.1195112036669
-17.5571524431267,-40.6321396314416,26.1195111967824
-17.5571524388956,-40.6321396140206,26.1195111898946
-17.5571524346626,-40.6321395965914,26.1195111830035
-17.5571524304275,-40.6321395791537,26.1195111761092
-17.5571524261905,-40.6321395617078,26.1195111692116
-17.5571524219513,-40.6321395442537,26.1195111623107
-17.5571524177103,-40.6321395267912,26.1195111554066
-17.5571524134672,-40.6321395093204,26.1195111484992
-17.5571524092221,-40.6321394918414,26.1195111415884
-17.5571524049751,-40.6321394743539,26.1195111346745
-17.557152400726,-40.6321394568583,26.1195111277572
-17.5571523964749,-40.6321394393543,26.1195111208367
-17.5571523922218,-40.6321394218421,26.119511113913
-17.5571523879667,-40.6321394043215,26.1195111069859
-17.5571523837096,-40.6321393867927,26.1195111000556
-17.5571523794505,-40.6321393692555,26.119511093122
-17.5571523751894,-40.6321393517101,26.1195110861852
-17.5571523709263,-40.6321393341562,26.119511079245
-17.5571523666612,-40.6321393165942,26.1195110723016
-17.5571523623941,-40.6321392990239,26.1195110653549
-17.557152358125,-40.6321392814452,26.1195110584049
-17.5571523538539,-40.6321392638583,26.1195110514518
-17.5571523495807,-40.6321392462631,26.1195110444952
-17.5571523453056,-40.6321392286596,26.1195110375355
-17.5571523410285,-40.6321392110477,26.1195110305724
-17.5571523367494,-40.6321391934275,26.1195110236061
-17.5571523324682,-40.6321391757992,26.1195110166366
-17.5571523281852,-40.6321391581624,26.1195110096638
-17.5571523239,-40.6321391405174,26.1195110026876
-17.5571523196128,-40.632139122864,26.1195109957082
-17.5571523153237,-40.6321391052024,26.1195109887255
-17.5571523110326,-40.6321390875325,26.1195109817396
-17.5571523067394,-40.6321390698543,26.1195109747504
-17.5571523024443,-40.6321390521678,26.1195109677579
-17.5571522981472,-40.632139034473,26.1195109607622
-17.557152293848,-40.6321390167699,26.1195109537631
-17.5571522895469,-40.6321389990585,26.1195109467608
-17.5571522852437,-40.6321389813387,26.1195109397552
-17.5571522809385,-40.6321389636107,26.1195109327464
-17.5571522766314,-40.6321389458745,26.1195109257343
-17.5571522723222,-40.6321389281298,26.1195109187189
-17.557152268011,-40.632138910377,26.1195109117003
-17.5571522636979,-40.6321388926157,26.1195109046783
-17.5571522593827,-40.6321388748462,26.1195108976531
-17.5571522550655,-40.6321388570684,26.1195108906247
-17.5571522507463,-40.6321388392823,26.1195108835929
-17.5571522464252,-40.632138821488,26.1195108765579
-17.557152242102,-40.6321388036853,26.1195108695196
-17.5571522377768,-40.6321387858743,26.1195108624781
-17.5571522334496,-40.6321387680551,26.1195108554332
-17.5571522291204,-40.6321387502275,26.1195108483852
-17.5571522247892,-40.6321387323916,26.1195108413338
-17.557152220456,-40.6321387145475,26.1195108342792
-17.5571522161208,-40.632138696695,26.1195108272213
-17.5571522117836,-40.6321386788343,26.1195108201601
-17.5571522074444,-40.6321386609651,26.1195108130956
-17.5571522031032,-40.6321386430878,26.1195108060279
-17.55715219876,-40.6321386252022,26.1195107989569
-17.5571521944148,-40.6321386073082,26.1195107918826
-17.5571521900676,-40.6321385894059,26.1195107848051
-17.5571521857183,-40.6321385714955,26.1195107777243
-17.5571521813671,-40.6321385535766,26.1195107706402
-17.5571521770139,-40.6321385356495,26.1195107635529
-17.5571521726587,-40.632138517714,26.1195107564622
-17.5571521683014,-40.6321384997703,26.1195107493683
-17.5571521639422,-40.6321384818182,26.1195107422712
-17.557152159581,-40.6321384638578,26.1195107351708
-17.5571521552177,-40.6321384458892,26.119510728067
-17.5571521508525,-40.6321384279123,26.1195107209601
-17.5571521464852,-40.6321384099271,26.1195107138498
-17.557152142116,-40.6321383919335,26.1195107067362
-17.5571521377447,-40.6321383739317,26.1195106996195
-17.5571521333715,-40.6321383559216,26.1195106924994
-17.5571521289962,-40.6321383379031,26.1195106853761
-17.5571521246189,-40.6321383198764,26.1195106782495
-17.5571521202397,-40.6321383018415,26.1195106711196
-17.5571521158584,-40.6321382837981,26.1195106639864
-17.5571521114752,-40.6321382657465,26.11951065685
-17.5571521070899,-40.6321382476866,26.1195106497103
-17.5571521027026,-40.6321382296184,26.1195106425674
-17.5571520983134,-40.6321382115419,26.1195106354211
-17.5571520939221,-40.6321381934571,26.1195106282716
-17.5571520895288,-40.632138175364,26.1195106211189
-17.5571520851335,-40.6321381572626,26.1195106139628
-17.5571520807362,-40.6321381391529,26.1195106068034
-17.5571520763369,-40.6321381210349,26.1195105996408
-17.5571520719356,-40.6321381029086,26.119510592475
-17.5571520675324,-40.6321380847741,26.1195105853059
-17.5571520631271,-40.6321380666311,26.1195105781334
-17.5571520587198,-40.63213804848,26.1195105709578
-17.5571520543104,-40.6321380303205,26.1195105637788
-17.5571520498991,-40.6321380121527,26.1195105565966
-17.5571520454858,-40.6321379939766,26.1195105494111
-17.5571520410705,-40.6321379757923,26.1195105422223
-17.5571520366532,-40.6321379575996,26.1195105350303
-17.5571520322339,-40.6321379393986,26.1195105278349
-17.5571520278126,-40.6321379211894,26.1195105206364
-17.5571520233893,-40.6321379029718,26.1195105134345
-17.5571520189639,-40.632137884746,26.1195105062294
-17.5571520145366,-40.6321378665118,26.119510499021
-17.5571520101073,-40.6321378482693,26.1195104918093
-17.5571520056759,-40.6321378300186,26.1195104845944
-17.5571520012426,-40.6321378117595,26.1195104773762
-17.5571519968073,-40.6321377934922,26.1195104701547
-17.5571519923699,-40.6321377752165,26.1195104629299
-17.5571519879306,-40.6321377569326,26.1195104557019
-17.5571519834892,-40.6321377386404,26.1195104484707
-17.5571519790459,-40.6321377203397,26.119510441236
-17.5571519746005,-40.632137702031,26.1195104339982
-17.5571519701531,-40.6321376837138,26.1195104267571
-17.5571519657038,-40.6321376653884,26.1195104195127
-17.5571519612524,-40.6321376470547,26.1195104122651
-17.5571519567991,-40.6321376287127,26.1195104050142
-17.5571519523437,-40.6321376103624,26.11951039776
-17.5571519478863,-40.6321375920037,26.1195103905025
-17.5571519434269,-40.6321375736367,26.1195103832417
-17.5571519389656,-40.6321375552615,26.1195103759778
-17.5571519345022,-40.632137536878,26.1195103687105
-17.5571519300368,-40.6321375184862,26.1195103614399
-17.5571519255694,-40.6321375000861,26.1195103541661
-17.5571519211,-40.6321374816777,26.119510346889
-17.5571519166286,-40.632137463261,26.1195103396087
-17.5571519121552,-40.632137444836,26.119510332325
-17.5571519076799,-40.6321374264027,26.1195103250381
-17.5571519032024,-40.6321374079611,26.1195103177479
-17.5571518987231,-40.6321373895112,26.1195103104545
-17.5571518942416,-40.632137371053,26.1195103031578
-17.5571518897582,-40.6321373525865,26.1195102958578
-17.5571518852728,-40.6321373341117,26.1195102885545
-17.5571518807854,-40.6321373156287,26.119510281248
-17.5571518762959,-40.6321372971372,26.1195102739382
-17.5571518718045,-40.6321372786376,26.1195102666251
-17.5571518673111,-40.6321372601296,26.1195102593087
-17.5571518628157,-40.6321372416133,26.1195102519891
-17.5571518583182,-40.6321372230888,26.1195102446662
-17.5571518538188,-40.6321372045559,26.1195102373401
-17.5571518493174,-40.6321371860147,26.1195102300106
-17.557151844814,-40.6321371674652,26.119510222678
-17.5571518403085,-40.6321371489074,26.1195102153419
-17.5571518358011,-40.6321371303414,26.1195102080027
-17.5571518312916,-40.632137111767,26.1195102006602
-17.5571518267802,-40.6321370931844,26.1195101933144
-17.5571518222667,-40.6321370745934,26.1195101859653
-17.5571518177513,-40.6321370559941,26.119510178613
-17.5571518132338,-40.6321370373866,26.1195101712574
-17.5571518087144,-40.6321370187707,26.1195101638985
-17.5571518041929,-40.6321370001465,26.1195101565363
-17.5571517996694,-40.6321369815141,26.1195101491709
-17.5571517951439,-40.6321369628734,26.1195101418022
-17.5571517906165,-40.6321369442244,26.1195101344303
-17.557151786087,-40.6321369255671,26.1195101270551
-17.5571517815555,-40.6321369069015,26.1195101196766
-17.557151777022,-40.6321368882275,26.1195101122948
-17.5571517724865,-40.6321368695452,26.1195101049097
-17.557151767949,-40.6321368508547,26.1195100975214
-17.5571517634095,-40.6321368321559,26.1195100901299
-17.5571517588681,-40.6321368134488,26.119510082735
-17.5571517543246,-40.6321367947334,26.1195100753368
-17.5571517497791,-40.6321367760097,26.1195100679355
-17.5571517452315,-40.6321367572777,26.1195100605308
-17.557151740682,-40.6321367385373,26.1195100531228
-17.5571517361305,-40.6321367197888,26.1195100457116
-17.557151731577,-40.6321367010318,26.1195100382971
-17.5571517270215,-40.6321366822666,26.1195100308794
-17.557151722464,-40.6321366634931,26.1195100234583
-17.5571517179045,-40.6321366447113,26.119510016034
-17.557151713343,-40.6321366259212,26.1195100086065
-17.5571517087794,-40.6321366071228,26.1195100011756
-17.5571517042139,-40.6321365883161,26.1195099937415
-17.5571516996464,-40.6321365695012,26.1195099863042
-17.5571516950768,-40.6321365506778,26.1195099788635
-17.5571516905052,-40.6321365318462,26.1195099714195
-17.5571516859318,-40.6321365130064,26.1195099639723
-17.5571516813562,-40.6321364941582,26.1195099565219
-17.5571516767786,-40.6321364753017,26.1195099490681
-17.5571516721991,-40.6321364564369,26.1195099416111
-17.5571516676175,-40.6321364375638,26.1195099341508
-17.557151663034,-40.6321364186825,26.1195099266873
-17.5571516584484,-40.6321363997928,26.1195099192204
-17.5571516538608,-40.6321363808948,26.1195099117503
-17.5571516492713,-40.6321363619886,26.119509904277
-17.5571516446797,-40.632136343074,26.1195098968003
-17.5571516400862,-40.6321363241512,26.1195098893204
-17.5571516354906,-40.63213630522,26.1195098818372
-17.557151630893,-40.6321362862806,26.1195098743508
-17.5571516262934,-40.6321362673327,26.119509866861
-17.5571516216918,-40.6321362483767,26.119509859368
-17.5571516170882,-40.6321362294124,26.1195098518718
-17.5571516124826,-40.6321362104398,26.1195098443722
-17.557151607875,-40.6321361914588,26.1195098368694
-17.5571516032655,-40.6321361724696,26.1195098293634
-17.5571515986538,-40.632136153472,26.1195098218539
-17.5571515940403,-40.6321361344662,26.1195098143414
-17.5571515894247,-40.6321361154521,26.1195098068255
-17.557151584807,-40.6321360964296,26.1195097993063
-17.5571515801874,-40.6321360773989,26.1195097917839
-17.5571515755658,-40.6321360583599,26.1195097842581
-17.5571515709422,-40.6321360393126,26.1195097767292
-17.5571515663166,-40.6321360202569,26.1195097691969
-17.557151561689,-40.632136001193,26.1195097616614
-17.5571515570593,-40.6321359821208,26.1195097541226
-17.5571515524277,-40.6321359630402,26.1195097465805
-17.5571515477941,-40.6321359439515,26.1195097390352
-17.5571515431584,-40.6321359248543,26.1195097314866
-17.5571515385208,-40.632135905749,26.1195097239347
-17.5571515338811,-40.6321358866353,26.1195097163796
-17.5571515292395,-40.6321358675132,26.1195097088211
-17.5571515245959,-40.632135848383,26.1195097012594
-17.5571515199502,-40.6321358292444,26.1195096936945
-17.5571515153025,-40.6321358100974,26.1195096861262
-17.5571515106529,-40.6321357909423,26.1195096785547
-17.5571515060012,-40.6321357717788,26.11950967098
-17.5571515013475,-40.632135752607,26.1195096634019
-17.5571514966919,-40.632135733427,26.1195096558206
-17.5571514920342,-40.6321357142386,26.119509648236
-17.5571514873746,-40.6321356950419,26.1195096406482
-17.5571514827129,-40.6321356758369,26.119509633057
-17.5571514780492,-40.6321356566237,26.1195096254626
-17.5571514733835,-40.6321356374021,26.119509617865
-17.5571514687158,-40.6321356181722,26.119509610264
-17.5571514640461,-40.632135598934,26.1195096026597
-17.5571514593744,-40.6321355796875,26.1195095950522
-17.5571514547007,-40.6321355604328,26.1195095874415
-17.5571514500251,-40.6321355411698,26.1195095798275
-17.5571514453474,-40.6321355218984,26.1195095722102
-17.5571514406677,-40.6321355026188,26.1195095645896
-17.557151435986,-40.6321354833308,26.1195095569657
-17.5571514313023,-40.6321354640345,26.1195095493386
-17.5571514266165,-40.63213544473,26.1195095417083
-17.5571514219289,-40.6321354254171,26.1195095340746
-17.5571514172391,-40.632135406096,26.1195095264377
-17.5571514125474,-40.6321353867665,26.1195095187974
-17.5571514078537,-40.6321353674289,26.119509511154
-17.5571514031579,-40.6321353480828,26.1195095035072
-17.5571513984602,-40.6321353287284,26.1195094958572
-17.5571513937605,-40.6321353093658,26.1195094882039
-17.5571513890588,-40.6321352899949,26.1195094805473
-17.557151384355,-40.6321352706157,26.1195094728875
-17.5571513796493,-40.6321352512282,26.1195094652245
-17.5571513749415,-40.6321352318323,26.1195094575581
-17.5571513702318,-40.6321352124282,26.1195094498884
-17.55715136552,-40.6321351930158,26.1195094422155
-17.5571513608063,-40.6321351735951,26.1195094345393
-17.5571513560905,-40.6321351541661,26.1195094268599
-17.5571513513727,-40.6321351347288,26.1195094191771
-17.557151346653,-40.6321351152832,26.1195094114912
-17.5571513419312,-40.6321350958292,26.1195094038019
-17.5571513372074,-40.6321350763671,26.1195093961093
-17.5571513324816,-40.6321350568965,26.1195093884135
-17.5571513277539,-40.6321350374178,26.1195093807144
-17.5571513230241,-40.6321350179307,26.1195093730121
-17.5571513182923,-40.6321349984352,26.1195093653064
-17.5571513135586,-40.6321349789316,26.1195093575976
-17.5571513088228,-40.6321349594196,26.1195093498854
-17.5571513040849,-40.6321349398993,26.1195093421699
-17.5571512993452,-40.6321349203707,26.1195093344512
-17.5571512946034,-40.6321349008339,26.1195093267293
-17.5571512898595,-40.6321348812887,26.119509319004
-17.5571512851137,-40.6321348617352,26.1195093112755
-17.557151280366,-40.6321348421735,26.1195093035437
-17.5571512756161,-40.6321348226034,26.1195092958086
-17.5571512708643,-40.6321348030249,26.1195092880702
-17.5571512661105,-40.6321347834383,26.1195092803287
-17.5571512613547,-40.6321347638434,26.1195092725838
-17.5571512565969,-40.6321347442401,26.1195092648357
-17.557151251837,-40.6321347246286,26.1195092570842
-17.5571512470752,-40.6321347050087,26.1195092493295
-17.5571512423113,-40.6321346853806,26.1195092415716
-17.5571512375455,-40.6321346657441,26.1195092338103
-17.5571512327777,-40.6321346460993,26.1195092260458
-17.5571512280078,-40.6321346264463,26.1195092182781
-17.557151223236,-40.6321346067849,26.119509210507
-17.5571512184621,-40.6321345871153,26.1195092027327
-17.5571512136863,-40.6321345674373,26.1195091949551
-17.5571512089084,-40.6321345477512,26.1195091871743
-17.5571512041286,-40.6321345280566,26.1195091793901
-17.5571511993467,-40.6321345083537,26.1195091716027
-17.5571511945629,-40.6321344886427,26.1195091638121
-17.557151189777,-40.6321344689232,26.1195091560181
-17.5571511849891,-40.6321344491955,26.1195091482209
-17.5571511801992,-40.6321344294595,26.1195091404204
-17.5571511754073,-40.6321344097152,26.1195091326167
-17.5571511706135,-40.6321343899626,26.1195091248096
-17.5571511658176,-40.6321343702016,26.1195091169993
-17.5571511610197,-40.6321343504325,26.1195091091857
-17.5571511562198,-40.6321343306549,26.1195091013689
-17.5571511514179,-40.6321343108691,26.1195090935488
-17.557151146614,-40.632134291075,26.1195090857254
-17.5571511418081,-40.6321342712726,26.1195090778987
-17.5571511370002,-40.6321342514619,26.1195090700688
-17.5571511321903,-40.6321342316429,26.1195090622356
-17.5571511273784,-40.6321342118156,26.1195090543991
-17.5571511225645,-40.63213419198,26.1195090465594
-17.5571511177485,-40.6321341721361,26.1195090387164
-17.5571511129306,-40.6321341522839,26.1195090308701
-17.5571511081107,-40.6321341324235,26.1195090230205
-17.5571511032888,-40.6321341125547,26.1195090151677
-17.5571510984649,-40.6321340926776,26.1195090073116
-17.5571510936389,-40.6321340727922,26.1195089994523
-17.557151088811,-40.6321340528986,26.1195089915896
-17.5571510839811,-40.6321340329966,26.1195089837237
-17.5571510791491,-40.6321340130863,26.1195089758545
-17.5571510743152,-40.6321339931677,26.1195089679821
-17.5571510694792,-40.6321339732409,26.1195089601064
-17.5571510646413,-40.6321339533057,26.1195089522273
-17.5571510598013,-40.6321339333623,26.1195089443451
-17.5571510549594,-40.6321339134105,26.1195089364596
-17.5571510501154,-40.6321338934504,26.1195089285707
-17.5571510452694,-40.6321338734821,26.1195089206787
-17.5571510404214,-40.6321338535054,26.1195089127833
-17.5571510355715,-40.6321338335205,26.1195089048847
-17.5571510307195,-40.6321338135272,26.1195088969828
-17.5571510258655,-40.6321337935257,26.1195088890776
-17.5571510210095,-40.6321337735158,26.1195088811692
-17.5571510161516,-40.6321337534977,26.1195088732575
-17.5571510112916,-40.6321337334713,26.1195088653425
-17.5571510064296,-40.6321337134365,26.1195088574243
-17.5571510015656,-40.6321336933935,26.1195088495028
-17.5571509966996,-40.6321336733421,26.119508841578
-17.5571509918316,-40.6321336532826,26.1195088336499
-17.5571509869616,-40.6321336332147,26.1195088257186
-17.5571509820895,-40.6321336131384,26.119508817784
-17.5571509772155,-40.6321335930539,26.1195088098461
-17.5571509723395,-40.6321335729611,26.119508801905
-17.5571509674615,-40.63213355286,26.1195087939606
-17.5571509625815,-40.6321335327506,26.1195087860129
-17.5571509576995,-40.6321335126329,26.119508778062
-17.5571509528155,-40.6321334925069,26.1195087701077
-17.5571509479294,-40.6321334723725,26.1195087621502
-17.5571509430414,-40.63213345223,26.1195087541894
-17.5571509381514,-40.6321334320791,26.1195087462254
-17.5571509332593,-40.6321334119199,26.1195087382581
-17.5571509283652,-40.6321333917524,26.1195087302875
-17.5571509234692,-40.6321333715766,26.1195087223136
-17.5571509185712,-40.6321333513925,26.1195087143365
-17.5571509136711,-40.6321333312001,26.1195087063561
-17.5571509087691,-40.6321333109995,26.1195086983725
-17.557150903865,-40.6321332907905,26.1195086903855
-17.5571508989589,-40.6321332705732,26.1195086823953
-17.5571508940509,-40.6321332503476,26.1195086744018
-17.5571508891408,-40.6321332301137,26.1195086664051
-17.5571508842287,-40.6321332098716,26.1195086584051
-17.5571508793147,-40.6321331896211,26.1195086504018
-17.5571508743986,-40.6321331693624,26.1195086423952
-17.5571508694805,-40.6321331490953,26.1195086343854
-17.5571508645604,-40.6321331288199,26.1195086263723
-17.5571508596383,-40.6321331085363,26.1195086183559
-17.5571508547142,-40.6321330882443,26.1195086103363
-17.5571508497881,-40.6321330679441,26.1195086023133
-17.55715084486,-40.6321330476355,26.1195085942872
-17.5571508399299,-40.6321330273187,26.1195085862577
-17.5571508349978,-40.6321330069935,26.119508578225
-17.5571508300637,-40.6321329866601,26.119508570189
-17.5571508251276,-40.6321329663183,26.1195085621497
-17.5571508201895,-40.6321329459683,26.1195085541071
-17.5571508152493,-40.6321329256099,26.1195085460613
-17.5571508103072,-40.6321329052433,26.1195085380122
-17.5571508053631,-40.6321328848685,26.1195085299599
-17.5571508004169,-40.6321328644852,26.1195085219042
-17.5571507954688,-40.6321328440936,26.1195085138453
-17.5571507905187,-40.6321328236939,26.1195085057832
-17.5571507855666,-40.6321328032857,26.1195084977177
-17.5571507806124,-40.6321327828693,26.119508489649
-17.5571507756563,-40.6321327624446,26.1195084815771
-17.5571507706981,-40.6321327420115,26.1195084735018
-17.557150765738,-40.6321327215703,26.1195084654233
-17.5571507607758,-40.6321327011206,26.1195084573415
-17.5571507558117,-40.6321326806627,26.1195084492564
-17.5571507508454,-40.6321326601965,26.1195084411681
-17.5571507458773,-40.632132639722,26.1195084330765
-17.5571507409071,-40.6321326192392,26.1195084249816
-17.557150735935,-40.6321325987482,26.1195084168835
-17.5571507309608,-40.6321325782487,26.119508408782
-17.5571507259846,-40.632132557741,26.1195084006773
-17.5571507210064,-40.632132537225,26.1195083925694
-17.5571507160262,-40.6321325167008,26.1195083844581
-17.557150711044,-40.6321324961682,26.1195083763436
-17.5571507060598,-40.6321324756273,26.1195083682259
-17.5571507010736,-40.6321324550781,26.1195083601048
-17.5571506960854,-40.6321324345206,26.1195083519805
-17.5571506910952,-40.6321324139549,26.1195083438529
-17.557150686103,-40.6321323933808,26.119508335722
-17.5571506811088,-40.6321323727984,26.1195083275879
-17.5571506761126,-40.6321323522078,26.1195083194505
-17.5571506711144,-40.6321323316088,26.1195083113098
-17.5571506661141,-40.6321323110016,26.1195083031658
-17.557150661112,-40.6321322903861,26.1195082950187
-17.5571506561077,-40.6321322697622,26.1195082868682
-17.5571506511015,-40.6321322491299,26.1195082787144
-17.5571506460933,-40.6321322284895,26.1195082705574
-17.557150641083,-40.6321322078408,26.1195082623971
-17.5571506360708,-40.6321321871837,26.1195082542335
-17.5571506310566,-40.6321321665184,26.1195082460667
-17.5571506260403,-40.6321321458448,26.1195082378966
-17.557150621022,-40.6321321251628,26.1195082297232
-17.5571506160018,-40.6321321044726,26.1195082215465
-17.5571506109795,-40.632132083774,26.1195082133666
-17.5571506059552,-40.6321320630672,26.1195082051834
-17.557150600929,-40.6321320423521,26.119508196997
-17.5571505959007,-40.6321320216287,26.1195081888072
-17.5571505908704,-40.6321320008969,26.1195081806142
-17.5571505858382,-40.632131980157,26.119508172418
-17.5571505808039,-40.6321319594085,26.1195081642184
-17.5571505757676,-40.632131938652,26.1195081560156
-17.5571505707293,-40.6321319178871,26.1195081478095
-17.557150565689,-40.6321318971139,26.1195081396001
-17.5571505606468,-40.6321318763323,26.1195081313875
-17.5571505556025,-40.6321318555426,26.1195081231716
-17.5571505505561,-40.6321318347444,26.1195081149524
-17.5571505455079,-40.632131813938,26.11950810673
-17.5571505404576,-40.6321317931233,26.1195080985042
-17.5571505354052,-40.6321317723004,26.1195080902753
-17.5571505303509,-40.6321317514691,26.119508082043
-17.5571505252946,-40.6321317306295,26.1195080738075
-17.5571505202363,-40.6321317097816,26.1195080655687
-17.557150515176,-40.6321316889254,26.1195080573266
-17.5571505101136,-40.6321316680609,26.1195080490812
-17.5571505050493,-40.6321316471881,26.1195080408326
-17.557150499983,-40.632131626307,26.1195080325808
-17.5571504949146,-40.6321316054177,26.1195080243256
-17.5571504898443,-40.63213158452,26.1195080160672
-17.557150484772,-40.632131563614,26.1195080078055
-17.5571504796976,-40.6321315426998,26.1195079995405
-17.5571504746212,-40.6321315217772,26.1195079912723
-17.5571504695429,-40.6321315008464,26.1195079830008
-17.5571504644625,-40.6321314799071,26.119507974726
-17.5571504593801,-40.6321314589597,26.1195079664479
-17.5571504542958,-40.632131438004,26.1195079581666
-17.5571504492094,-40.6321314170399,26.119507949882
-17.5571504441211,-40.6321313960675,26.1195079415942
-17.5571504390307,-40.632131375087,26.1195079333031
-17.5571504339383,-40.632131354098,26.1195079250086
-17.557150428844,-40.6321313331008,26.119507916711
-17.5571504237476,-40.6321313120952,26.11950790841
-17.5571504186492,-40.6321312910813,26.1195079001057
-17.5571504135488,-40.6321312700593,26.1195078917983
-17.5571504084464,-40.6321312490288,26.1195078834875
-17.557150403342,-40.6321312279901,26.1195078751735
-17.5571503982356,-40.632131206943,26.1195078668562
-17.5571503931272,-40.6321311858877,26.1195078585357
-17.5571503880168,-40.632131164824,26.1195078502118
-17.5571503829043,-40.6321311437522,26.1195078418847
-17.5571503777899,-40.6321311226719,26.1195078335543
-17.5571503726735,-40.6321311015834,26.1195078252207
-17.5571503675551,-40.6321310804866,26.1195078168837
-17.5571503624347,-40.6321310593815,26.1195078085435
-17.5571503573122,-40.6321310382681,26.1195078002001
-17.5571503521878,-40.6321310171464,26.1195077918533
-17.5571503470614,-40.6321309960164,26.1195077835033
-17.5571503419329,-40.6321309748781,26.11950777515
-17.5571503368025,-40.6321309537315,26.1195077667935
-17.55715033167,-40.6321309325766,26.1195077584337
-17.5571503265355,-40.6321309114134,26.1195077500706
-17.5571503213991,-40.6321308902419,26.1195077417042
-17.5571503162607,-40.6321308690621,26.1195077333346
-17.5571503111202,-40.632130847874,26.1195077249617
-17.5571503059777,-40.6321308266776,26.1195077165855
-17.5571503008332,-40.632130805473,26.1195077082061
-17.5571502956868,-40.63213078426,26.1195076998233
-17.5571502905383,-40.6321307630388,26.1195076914374
-17.5571502853878,-40.6321307418092,26.1195076830481
-17.5571502802353,-40.6321307205713,26.1195076746556
-17.5571502750808,-40.6321306993251,26.1195076662598
-17.5571502699244,-40.6321306780706,26.1195076578607
-17.5571502647659,-40.6321306568079,26.1195076494584
-17.5571502596054,-40.6321306355368,26.1195076410527
-17.5571502544429,-40.6321306142575,26.1195076326438
-17.5571502492783,-40.6321305929698,26.1195076242317
-17.5571502441119,-40.6321305716738,26.1195076158163
-17.5571502389433,-40.6321305503696,26.1195076073976
-17.5571502337728,-40.6321305290571,26.1195075989756
-17.5571502286003,-40.6321305077362,26.1195075905504
-17.5571502234258,-40.6321304864071,26.1195075821219
-17.5571502182493,-40.6321304650697,26.1195075736901
-17.5571502130707,-40.6321304437239,26.119507565255
-17.5571502078902,-40.6321304223698,26.1195075568167
-17.5571502027076,-40.6321304010075,26.1195075483751
-17.5571501975231,-40.632130379637,26.1195075399303
-17.5571501923366,-40.632130358258,26.1195075314821
-17.557150187148,-40.6321303368708,26.1195075230307
-17.5571501819575,-40.6321303154753,26.1195075145761
-17.5571501767649,-40.6321302940715,26.1195075061181
-17.5571501715704,-40.6321302726593,26.1195074976569
-17.5571501663738,-40.6321302512389,26.1195074891924
-17.5571501611752,-40.6321302298102,26.1195074807247
-17.5571501559746,-40.6321302083731,26.1195074722536
-17.5571501507721,-40.6321301869279,26.1195074637793
-17.5571501455675,-40.6321301654743,26.1195074553018
-17.5571501403609,-40.6321301440124,26.1195074468209
-17.5571501351523,-40.6321301225422,26.1195074383368
-17.5571501299417,-40.6321301010637,26.1195074298494
-17.5571501247291,-40.6321300795769,26.1195074213588
-17.5571501195146,-40.6321300580818,26.1195074128649
-17.5571501142979,-40.6321300365784,26.1195074043676
-17.5571501090794,-40.6321300150667,26.1195073958672
-17.5571501038588,-40.6321299935467,26.1195073873635
-17.5571500986362,-40.6321299720184,26.1195073788564
-17.5571500934115,-40.6321299504819,26.1195073703462
-17.5571500881849,-40.632129928937,26.1195073618326
-17.5571500829563,-40.6321299073839,26.1195073533158
-17.5571500777257,-40.6321298858224,26.1195073447957
-17.557150072493,-40.6321298642526,26.1195073362724
-17.5571500672584,-40.6321298426745,26.1195073277457
-17.5571500620218,-40.6321298210881,26.1195073192158
-17.5571500567831,-40.6321297994935,26.1195073106826
-17.5571500515425,-40.6321297778905,26.1195073021462
-17.5571500462999,-40.6321297562792,26.1195072936065
-17.5571500410552,-40.6321297346597,26.1195072850635
-17.5571500358086,-40.632129713032,26.1195072765173
-17.5571500305599,-40.6321296913958,26.1195072679677
-17.5571500253093,-40.6321296697513,26.1195072594149
-17.5571500200566,-40.6321296480986,26.1195072508588
-17.5571500148019,-40.6321296264375,26.1195072422995
-17.5571500095452,-40.6321296047682,26.1195072337369
-17.5571500042866,-40.6321295830905,26.119507225171
-17.5571499990259,-40.6321295614046,26.1195072166019
-17.5571499937632,-40.6321295397104,26.1195072080295
-17.5571499884985,-40.6321295180078,26.1195071994537
-17.5571499832318,-40.632129496297,26.1195071908748
-17.5571499779632,-40.6321294745779,26.1195071822926
-17.5571499726924,-40.6321294528505,26.1195071737071
-17.5571499674197,-40.6321294311147,26.1195071651183
-17.557149962145,-40.6321294093708,26.1195071565262
-17.5571499568683,-40.6321293876184,26.1195071479309
-17.5571499515896,-40.6321293658578,26.1195071393323
-17.5571499463089,-40.6321293440889,26.1195071307305
-17.5571499410262,-40.6321293223118,26.1195071221254
-17.5571499357414,-40.6321293005262,26.119507113517
-17.5571499304547,-40.6321292787324,26.1195071049053
-17.557149925166,-40.6321292569303,26.1195070962903
-17.5571499198753,-40.6321292351199,26.1195070876721
-17.5571499145825,-40.6321292133013,26.1195070790507
-17.5571499092878,-40.6321291914742,26.1195070704259
-17.5571499039911,-40.632129169639,26.1195070617979
-17.5571498986923,-40.6321291477954,26.1195070531666
-17.5571498933916,-40.6321291259435,26.119507044532
-17.5571498880888,-40.6321291040833,26.1195070358942
-17.557149882784,-40.6321290822148,26.1195070272531
-17.5571498774773,-40.6321290603381,26.1195070186087
-17.5571498721685,-40.632129038453,26.1195070099611
-17.5571498668577,-40.6321290165597,26.1195070013101
-17.557149861545,-40.6321289946579,26.1195069926559
-17.5571498562302,-40.632128972748,26.1195069839985
-17.5571498509134,-40.6321289508297,26.1195069753377
-17.5571498455946,-40.6321289289031,26.1195069666737
-17.5571498402738,-40.6321289069683,26.1195069580065
-17.5571498349511,-40.6321288850252,26.1195069493359
-17.5571498296263,-40.6321288630737,26.1195069406621
-17.5571498242995,-40.632128841114,26.1195069319851
-17.5571498189707,-40.6321288191459,26.1195069233047
-17.5571498136399,-40.6321287971696,26.1195069146211
-17.557149808307,-40.6321287751849,26.1195069059342
-17.5571498029722,-40.632128753192,26.119506897244
-17.5571497976354,-40.6321287311907,26.1195068885505
-17.5571497922966,-40.6321287091812,26.1195068798539
-17.5571497869558,-40.6321286871634,26.1195068711539
-17.5571497816129,-40.6321286651373,26.1195068624506
-17.5571497762681,-40.6321286431029,26.1195068537441
-17.5571497709213,-40.6321286210602,26.1195068450343
-17.5571497655725,-40.6321285990091,26.1195068363213
-17.5571497602216,-40.6321285769498,26.1195068276049
-17.5571497548687,-40.6321285548822,26.1195068188853
-17.5571497495139,-40.6321285328063,26.1195068101624
-17.557149744157,-40.632128510722,26.1195068014363
-17.5571497387982,-40.6321284886296,26.1195067927069
-17.5571497334373,-40.6321284665288,26.1195067839742
-17.5571497280745,-40.6321284444196,26.1195067752382
-17.5571497227096,-40.6321284223023,26.119506766499
-17.5571497173427,-40.6321284001766,26.1195067577565
-17.5571497119738,-40.6321283780426,26.1195067490108
-17.5571497066029,-40.6321283559002,26.1195067402617
-17.5571497012301,-40.6321283337497,26.1195067315094
-17.5571496958552,-40.6321283115908,26.1195067227538
-17.5571496904783,-40.6321282894237,26.119506713995
-17.5571496850994,-40.6321282672482,26.1195067052329
-17.5571496797185,-40.6321282450644,26.1195066964675
-17.5571496743356,-40.6321282228723,26.1195066876988
-17.5571496689507,-40.632128200672,26.1195066789269
-17.5571496635637,-40.6321281784632,26.1195066701517
-17.5571496581748,-40.6321281562463,26.1195066613732
-17.5571496527839,-40.6321281340211,26.1195066525915
-17.557149647391,-40.6321281117874,26.1195066438064
-17.5571496419961,-40.6321280895456,26.1195066350181
-17.5571496365991,-40.6321280672955,26.1195066262266
-17.5571496312002,-40.632128045037,26.1195066174318
-17.5571496257993,-40.6321280227703,26.1195066086337
-17.5571496203963,-40.6321280004952,26.1195065998323
-17.5571496149914,-40.6321279782119,26.1195065910277
-17.5571496095844,-40.6321279559202,26.1195065822197
-17.5571496041755,-40.6321279336203,26.1195065734086
-17.5571495987645,-40.6321279113121,26.1195065645942
-17.5571495933516,-40.6321278889955,26.1195065557764
-17.5571495879366,-40.6321278666706,26.1195065469554
-17.5571495825197,-40.6321278443376,26.1195065381312
-17.5571495771007,-40.6321278219961,26.1195065293036
-17.5571495716797,-40.6321277996464,26.1195065204728
-17.5571495662568,-40.6321277772883,26.1195065116388
-17.5571495608317,-40.632127754922,26.1195065028014
-17.5571495554048,-40.6321277325474,26.1195064939608
-17.5571495499758,-40.6321277101645,26.1195064851169
-17.5571495445448,-40.6321276877733,26.1195064762697
-17.5571495391118,-40.6321276653738,26.1195064674193
-17.5571495336768,-40.632127642966,26.1195064585656
-17.5571495282398,-40.6321276205498,26.1195064497086
-17.5571495228007,-40.6321275981255,26.1195064408484
-17.5571495173597,-40.6321275756927,26.1195064319849
-17.5571495119167,-40.6321275532518,26.1195064231181
-17.5571495064717,-40.6321275308025,26.1195064142481
-17.5571495010246,-40.6321275083449,26.1195064053747
-17.5571494955756,-40.632127485879,26.1195063964982
-17.5571494901246,-40.6321274634047,26.1195063876183
-17.5571494846716,-40.6321274409223,26.1195063787351
-17.5571494792165,-40.6321274184315,26.1195063698488
-17.5571494737595,-40.6321273959324,26.1195063609591
-17.5571494683005,-40.6321273734251,26.1195063520662
-17.5571494628394,-40.6321273509094,26.1195063431699
-17.5571494573763,-40.6321273283854,26.1195063342704
-17.5571494519113,-40.6321273058532,26.1195063253677
-17.5571494464442,-40.6321272833126,26.1195063164616
-17.5571494409752,-40.6321272607637,26.1195063075524
-17.5571494355041,-40.6321272382066,26.1195062986398
-17.557149430031,-40.6321272156411,26.119506289724
-17.5571494245559,-40.6321271930673,26.1195062808048
-17.5571494190788,-40.6321271704853,26.1195062718824
-17.5571494135998,-40.6321271478949,26.1195062629568
-17.5571494081187,-40.6321271252963,26.1195062540279
-17.5571494026356,-40.6321271026894,26.1195062450957
-17.5571493971505,-40.6321270800741,26.1195062361602
-17.5571493916634,-40.6321270574506,26.1195062272215
-17.5571493861743,-40.6321270348187,26.1195062182795
-17.5571493806832,-40.6321270121786,26.1195062093342
-17.55714937519,-40.6321269895302,26.1195062003857
-17.5571493696949,-40.6321269668734,26.1195061914339
-17.5571493641978,-40.6321269442084,26.1195061824788
-17.5571493586987,-40.6321269215351,26.1195061735204
-17.5571493531975,-40.6321268988534,26.1195061645588
-17.5571493476944,-40.6321268761635,26.1195061555939
-17.5571493421893,-40.6321268534653,26.1195061466258
-17.5571493366821,-40.6321268307588,26.1195061376543
-17.557149331173,-40.632126808044,26.1195061286796
-17.5571493256618,-40.6321267853209,26.1195061197016
-17.5571493201487,-40.6321267625895,26.1195061107204
-17.5571493146336,-40.6321267398498,26.1195061017359
-17.5571493091164,-40.6321267171017,26.1195060927481
-17.5571493035972,-40.6321266943455,26.119506083757
-17.557149298076,-40.6321266715809,26.1195060747626
-17.5571492925529,-40.6321266488081,26.1195060657651
-17.5571492870277,-40.6321266260268,26.1195060567642
-17.5571492815005,-40.6321266032373,26.1195060477601
-17.5571492759713,-40.6321265804395,26.1195060387526
-17.5571492704402,-40.6321265576334,26.119506029742
-17.557149264907,-40.632126534819,26.119506020728
-17.5571492593718,-40.6321265119964,26.1195060117108
-17.5571492538346,-40.6321264891654,26.1195060026903
-17.5571492482954,-40.6321264663261,26.1195059936665
-17.5571492427542,-40.6321264434785,26.1195059846395
-17.557149237211,-40.6321264206227,26.1195059756092
-17.5571492316657,-40.6321263977585,26.1195059665756
-17.5571492261185,-40.6321263748861,26.1195059575388
-17.5571492205693,-40.6321263520053,26.1195059484987
-17.5571492150181,-40.6321263291162,26.1195059394553
-17.5571492094649,-40.6321263062189,26.1195059304086
-17.5571492039096,-40.6321262833132,26.1195059213587
-17.5571491983524,-40.6321262603993,26.1195059123055
-17.5571491927931,-40.632126237477,26.119505903249
-17.5571491872319,-40.6321262145465,26.1195058941892
-17.5571491816686,-40.6321261916077,26.1195058851262
-17.5571491761034,-40.6321261686605,26.1195058760599
-17.5571491705362,-40.6321261457051,26.1195058669904
-17.5571491649669,-40.6321261227414,26.1195058579176
-17.5571491593956,-40.6321260997693,26.1195058488415
-17.5571491538223,-40.632126076789,26.1195058397621
-17.5571491482471,-40.6321260538004,26.1195058306795
-17.5571491426698,-40.6321260308034,26.1195058215936
-17.5571491370905,-40.6321260077982,26.1195058125044
-17.5571491315092,-40.6321259847847,26.119505803412
-17.5571491259259,-40.6321259617629,26.1195057943163
-17.5571491203406,-40.6321259387328,26.1195057852172
-17.5571491147533,-40.6321259156943,26.119505776115
-17.557149109164,-40.6321258926476,26.1195057670094
-17.5571491035728,-40.6321258695927,26.1195057579007
-17.5571490979794,-40.6321258465293,26.1195057487886
-17.5571490923841,-40.6321258234577,26.1195057396733
-17.5571490867868,-40.6321258003778,26.1195057305547
-17.5571490811875,-40.6321257772896,26.1195057214328
-17.5571490755861,-40.6321257541931,26.1195057123076
-17.5571490699828,-40.6321257310883,26.1195057031792
-17.5571490643775,-40.6321257079753,26.1195056940475
-17.5571490587701,-40.6321256848539,26.1195056849125
-17.5571490531608,-40.6321256617242,26.1195056757743
-17.5571490475495,-40.6321256385862,26.1195056666328
-17.5571490419361,-40.63212561544,26.119505657488
-17.5571490363208,-40.6321255922854,26.11950564834
-17.5571490307034,-40.6321255691225,26.1195056391887
-17.557149025084,-40.6321255459514,26.1195056300341
-17.5571490194627,-40.6321255227719,26.1195056208762
-17.5571490138393,-40.6321254995841,26.1195056117151
-17.557149008214,-40.632125476388,26.1195056025507
-17.5571490025866,-40.6321254531837,26.1195055933831
-17.5571489969572,-40.6321254299711,26.1195055842121
-17.5571489913258,-40.6321254067501,26.1195055750379
-17.5571489856924,-40.6321253835209,26.1195055658604
-17.557148980057,-40.6321253602833,26.1195055566796
-17.5571489744196,-40.6321253370375,26.1195055474956
-17.5571489687803,-40.6321253137833,26.1195055383084
-17.5571489631388,-40.6321252905208,26.1195055291178
-17.5571489574954,-40.6321252672501,26.1195055199239
-17.55714895185,-40.6321252439711,26.1195055107269
-17.5571489462026,-40.6321252206837,26.1195055015265
-17.5571489405532,-40.6321251973882,26.1195054923229
-17.5571489349018,-40.6321251740842,26.119505483116
-17.5571489292483,-40.632125150772,26.1195054739058
-17.5571489235929,-40.6321251274515,26.1195054646923
-17.5571489179354,-40.6321251041226,26.1195054554756
-17.557148912276,-40.6321250807856,26.1195054462556
-17.5571489066146,-40.6321250574401,26.1195054370323
-17.5571489009511,-40.6321250340864,26.1195054278058
-17.5571488952857,-40.6321250107244,26.119505418576
-17.5571488896182,-40.6321249873541,26.1195054093429
-17.5571488839488,-40.6321249639754,26.1195054001065
-17.5571488782773,-40.6321249405886,26.1195053908669
-17.5571488726038,-40.6321249171935,26.1195053816241
-17.5571488669284,-40.6321248937899,26.1195053723779
-17.5571488612509,-40.6321248703781,26.1195053631285
-17.5571488555714,-40.632124846958,26.1195053538758
-17.5571488498899,-40.6321248235296,26.1195053446198
-17.5571488442064,-40.632124800093,26.1195053353606
-17.5571488385209,-40.632124776648,26.1195053260981
-17.5571488328334,-40.6321247531947,26.1195053168323
-17.5571488271439,-40.6321247297331,26.1195053075632
-17.5571488214524,-40.6321247062633,26.1195052982909
-17.5571488157589,-40.6321246827851,26.1195052890153
-17.5571488100634,-40.6321246592986,26.1195052797365
-17.5571488043659,-40.6321246358038,26.1195052704543
-17.5571487986664,-40.6321246123008,26.1195052611689
-17.5571487929649,-40.6321245887894,26.1195052518803
-17.5571487872613,-40.6321245652698,26.1195052425884
-17.5571487815558,-40.6321245417418,26.1195052332931
-17.5571487758482,-40.6321245182055,26.1195052239946
-17.5571487701387,-40.632124494661,26.1195052146929
-17.5571487644272,-40.6321244711082,26.1195052053879
-17.5571487587136,-40.6321244475471,26.1195051960796
-17.557148752998,-40.6321244239776,26.119505186768
-17.5571487472805,-40.6321244003998,26.1195051774531
-17.5571487415609,-40.6321243768138,26.119505168135
-17.5571487358394,-40.6321243532195,26.1195051588137
-17.5571487301158,-40.6321243296169,26.119505149489
-17.5571487243902,-40.6321243060059,26.1195051401611
-17.5571487186627,-40.6321242823867,26.1195051308299
-17.557148712933,-40.6321242587591,26.1195051214955
-17.5571487072015,-40.6321242351233,26.1195051121577
-17.5571487014679,-40.6321242114792,26.1195051028167
-17.5571486957323,-40.6321241878268,26.1195050934725
-17.5571486899947,-40.6321241641661,26.119505084125
-17.5571486842551,-40.632124140497,26.1195050747741
-17.5571486785135,-40.6321241168198,26.1195050654201
-17.5571486727699,-40.6321240931342,26.1195050560627
-17.5571486670243,-40.6321240694402,26.1195050467021
-17.5571486612766,-40.6321240457381,26.1195050373382
-17.557148655527,-40.6321240220276,26.119505027971
-17.5571486497754,-40.6321239983088,26.1195050186006
-17.5571486440217,-40.6321239745816,26.1195050092269
-17.5571486382661,-40.6321239508463,26.1195049998499
-17.5571486325085,-40.6321239271026,26.1195049904697
-17.5571486267488,-40.6321239033506,26.1195049810862
-17.5571486209872,-40.6321238795904,26.1195049716994
-17.5571486152236,-40.6321238558218,26.1195049623094
-17.5571486094579,-40.6321238320449,26.119504952916
-17.5571486036903,-40.6321238082597,26.1195049435194
-17.5571485979206,-40.6321237844663,26.1195049341196
-17.5571485921489,-40.6321237606645,26.1195049247164
-17.5571485863752,-40.6321237368544,26.11950491531
-17.5571485805995,-40.6321237130361,26.1195049059003
-17.5571485748219,-40.6321236892094,26.1195048964874
-17.5571485690422,-40.6321236653744,26.1195048870712
-17.5571485632605,-40.6321236415312,26.1195048776517
-17.5571485574768,-40.6321236176796,26.119504868229
-17.5571485516911,-40.6321235938198,26.1195048588029
-17.5571485459034,-40.6321235699517,26.1195048493736
-17.5571485401137,-40.6321235460752,26.1195048399411
-17.557148534322,-40.6321235221904,26.1195048305052
-17.5571485285283,-40.6321234982974,26.1195048210661
-17.5571485227325,-40.6321234743961,26.1195048116237
-17.5571485169348,-40.6321234504864,26.1195048021781
-17.5571485111351,-40.6321234265685,26.1195047927292
-17.5571485053334,-40.6321234026422,26.119504783277
-17.5571484995297,-40.6321233787078,26.1195047738215
-17.5571484937239,-40.6321233547649,26.1195047643628
-17.5571484879162,-40.6321233308138,26.1195047549008
-17.5571484821064,-40.6321233068544,26.1195047454355
-17.5571484762947,-40.6321232828867,26.119504735967
-17.5571484704809,-40.6321232589107,26.1195047264952
-17.5571484646651,-40.6321232349263,26.1195047170201
-17.5571484588474,-40.6321232109338,26.1195047075418
-17.5571484530276,-40.6321231869329,26.1195046980601
-17.5571484472058,-40.6321231629236,26.1195046885752
-17.557148441382,-40.6321231389061,26.1195046790871
-17.5571484355563,-40.6321231148804,26.1195046695956
-17.5571484297285,-40.6321230908462,26.1195046601009
-17.5571484238987,-40.6321230668038,26.1195046506029
-17.5571484180669,-40.6321230427532,26.1195046411017
-17.5571484122331,-40.6321230186943,26.1195046315972
-17.5571484063973,-40.6321229946269,26.1195046220894
-17.5571484005595,-40.6321229705514,26.1195046125784
-17.5571483947197,-40.6321229464675,26.119504603064
-17.5571483888779,-40.6321229223753,26.1195045935464
-17.557148383034,-40.6321228982748,26.1195045840256
-17.5571483771883,-40.6321228741661,26.1195045745014
-17.5571483713404,-40.632122850049,26.1195045649741
-17.5571483654906,-40.6321228259236,26.1195045554434
-17.5571483596387,-40.63212280179,26.1195045459094
-17.5571483537849,-40.632122777648,26.1195045363722
-17.5571483479291,-40.6321227534977,26.1195045268317
-17.5571483420712,-40.6321227293392,26.1195045172879
-17.5571483362114,-40.6321227051723,26.1195045077409
-17.5571483303495,-40.6321226809972,26.1195044981906
-17.5571483244857,-40.6321226568138,26.1195044886371
-17.5571483186198,-40.632122632622,26.1195044790802
-17.5571483127519,-40.632122608422,26.1195044695201
-17.5571483068821,-40.6321225842136,26.1195044599567
-17.5571483010102,-40.632122559997,26.1195044503901
-17.5571482951363,-40.632122535772,26.1195044408202
-17.5571482892604,-40.6321225115388,26.119504431247
-17.5571482833825,-40.6321224872973,26.1195044216705
-17.5571482775026,-40.6321224630475,26.1195044120908
-17.5571482716207,-40.6321224387893,26.1195044025078
-17.5571482657368,-40.632122414523,26.1195043929215
-17.5571482598509,-40.6321223902482,26.119504383332
-17.557148253963,-40.6321223659652,26.1195043737391
-17.5571482480731,-40.6321223416739,26.1195043641431
-17.5571482421812,-40.6321223173743,26.1195043545437
-17.5571482362873,-40.6321222930665,26.1195043449411
-17.5571482303913,-40.6321222687502,26.1195043353352
-17.5571482244934,-40.6321222444257,26.1195043257261
-17.5571482185934,-40.6321222200928,26.1195043161136
-17.5571482126915,-40.6321221957518,26.1195043064979
-17.5571482067876,-40.6321221714024,26.119504296879
-17.5571482008816,-40.6321221470447,26.1195042872567
-17.5571481949736,-40.6321221226788,26.1195042776312
-17.5571481890637,-40.6321220983044,26.1195042680024
-17.5571481831517,-40.632122073922,26.1195042583704
-17.5571481772377,-40.632122049531,26.1195042487351
-17.5571481713218,-40.6321220251319,26.1195042390965
-17.5571481654038,-40.6321220007244,26.1195042294546
-17.5571481594838,-40.6321219763086,26.1195042198095
-17.5571481535618,-40.6321219518845,26.119504210161
-17.5571481476379,-40.6321219274522,26.1195042005094
-17.5571481417119,-40.6321219030115,26.1195041908545
-17.5571481357839,-40.6321218785625,26.1195041811962
-17.5571481298539,-40.6321218541053,26.1195041715347
-17.5571481239219,-40.6321218296398,26.11950416187
-17.5571481179879,-40.6321218051659,26.1195041522019
-17.5571481120519,-40.6321217806838,26.1195041425307
-17.5571481061138,-40.6321217561933,26.1195041328561
-17.5571481001739,-40.6321217316946,26.1195041231783
-17.5571480942318,-40.6321217071875,26.1195041134971
-17.5571480882878,-40.6321216826722,26.1195041038128
-17.5571480823418,-40.6321216581486,26.1195040941251
-17.5571480763937,-40.6321216336166,26.1195040844342
-17.5571480704436,-40.6321216090764,26.11950407474
-17.5571480644916,-40.6321215845279,26.1195040650426
-17.5571480585375,-40.6321215599711,26.1195040553419
-17.5571480525815,-40.6321215354059,26.1195040456378
-17.5571480466234,-40.6321215108324,26.1195040359305
-17.5571480406634,-40.6321214862507,26.11950402622
-17.5571480347013,-40.6321214616608,26.1195040165063
-17.5571480287372,-40.6321214370625,26.1195040067892
-17.5571480227711,-40.6321214124559,26.1195039970688
-17.5571480168031,-40.632121387841,26.1195039873452
-17.557148010833,-40.6321213632177,26.1195039776183
-17.5571480048609,-40.6321213385863,26.1195039678882
-17.5571479988868,-40.6321213139464,26.1195039581547
-17.5571479929107,-40.6321212892984,26.119503948418
-17.5571479869326,-40.632121264642,26.119503938678
-17.5571479809525,-40.6321212399773,26.1195039289348
-17.5571479749704,-40.6321212153043,26.1195039191883
-17.5571479689863,-40.632121190623,26.1195039094385
-17.5571479630001,-40.6321211659334,26.1195038996854
-17.557147957012,-40.6321211412356,26.1195038899291
-17.5571479510219,-40.6321211165295,26.1195038801696
-17.5571479450298,-40.6321210918149,26.1195038704067
-17.5571479390356,-40.6321210670922,26.1195038606405
-17.5571479330395,-40.6321210423611,26.1195038508712
-17.5571479270413,-40.6321210176217,26.1195038410985
-17.5571479210412,-40.632120992874,26.1195038313226
-17.557147915039,-40.6321209681181,26.1195038215433
-17.5571479090349,-40.6321209433538,26.1195038117608
-17.5571479030287,-40.6321209185813,26.1195038019751
-17.5571478970205,-40.6321208938004,26.1195037921861
-17.5571478910103,-40.6321208690113,26.1195037823938
-17.5571478849982,-40.6321208442139,26.1195037725982
-17.557147878984,-40.6321208194081,26.1195037627994
-17.5571478729678,-40.632120794594,26.1195037529973
-17.5571478669496,-40.6321207697717,26.1195037431919
-17.5571478609294,-40.6321207449411,26.1195037333833
-17.5571478549072,-40.6321207201021,26.1195037235713
-17.557147848883,-40.6321206952549,26.1195037137562
-17.5571478428568,-40.6321206703994,26.1195037039377
-17.5571478368286,-40.6321206455355,26.119503694116
-17.5571478307984,-40.6321206206635,26.119503684291
-17.5571478247661,-40.6321205957831,26.1195036744628
-17.5571478187319,-40.6321205708944,26.1195036646312
-17.5571478126957,-40.6321205459973,26.1195036547964
-17.5571478066574,-40.632120521092,26.1195036449583
-17.5571478006172,-40.6321204961784,26.119503635117
-17.557147794575,-40.6321204712565,26.1195036252724
-17.5571477885308,-40.6321204463263,26.1195036154245
-17.5571477824845,-40.6321204213878,26.1195036055734
-17.5571477764362,-40.632120396441,26.1195035957189
-17.557147770386,-40.6321203714859,26.1195035858612
-17.5571477643337,-40.6321203465225,26.1195035760003
-17.5571477582794,-40.6321203215509,26.1195035661361
-17.5571477522232,-40.6321202965709,26.1195035562686
-17.5571477461649,-40.6321202715826,26.1195035463978
-17.5571477401046,-40.632120246586,26.1195035365237
-17.5571477340423,-40.6321202215811,26.1195035266464
-17.557147727978,-40.6321201965679,26.1195035167658
-17.5571477219117,-40.6321201715465,26.119503506882
-17.5571477158434,-40.6321201465167,26.1195034969948
-17.5571477097732,-40.6321201214786,26.1195034871044
-17.5571477037008,-40.6321200964323,26.1195034772107
-17.5571476976265,-40.6321200713776,26.1195034673138
-17.5571476915502,-40.6321200463147,26.1195034574136
-17.5571476854719,-40.6321200212434,26.1195034475101
-17.5571476793916,-40.6321199961639,26.1195034376034
-17.5571476733092,-40.632119971076,26.1195034276934
-17.5571476672249,-40.6321199459798,26.1195034177801
-17.5571476611385,-40.6321199208754,26.1195034078635
-17.5571476550502,-40.6321198957626,26.1195033979437
-17.5571476489598,-40.6321198706416,26.1195033880206
-17.5571476428675,-40.6321198455123,26.1195033780943
-17.5571476367731,-40.6321198203747,26.1195033681646
-17.5571476306768,-40.6321197952287,26.1195033582317
-17.5571476245784,-40.6321197700745,26.1195033482956
-17.557147618478,-40.6321197449119,26.1195033383561
-17.5571476123756,-40.6321197197412,26.1195033284134
-17.5571476062713,-40.632119694562,26.1195033184674
-17.5571476001649,-40.6321196693746,26.1195033085181
-17.5571475940565,-40.6321196441789,26.1195032985656
-17.5571475879461,-40.6321196189749,26.1195032886098
-17.5571475818337,-40.6321195937625,26.1195032786507
-17.5571475757193,-40.632119568542,26.1195032686884
-17.5571475696029,-40.6321195433131,26.1195032587228
-17.5571475634845,-40.6321195180759,26.1195032487539
-17.5571475573641,-40.6321194928303,26.1195032387818
-17.5571475512417,-40.6321194675766,26.1195032288064
-17.5571475451172,-40.6321194423144,26.1195032188277
-17.5571475389908,-40.6321194170441,26.1195032088457
-17.5571475328624,-40.6321193917654,26.1195031988605
-17.5571475267319,-40.6321193664785,26.119503188872
-17.5571475205995,-40.6321193411832,26.1195031788802
-17.557147514465,-40.6321193158796,26.1195031688852
-17.5571475083286,-40.6321192905677,26.1195031588869
-17.5571475021901,-40.6321192652476,26.1195031488853
-17.5571474960497,-40.632119239919,26.1195031388805
-17.5571474899072,-40.6321192145823,26.1195031288724
-17.5571474837627,-40.6321191892371,26.1195031188609
-17.5571474776163,-40.6321191638839,26.1195031088463
-17.5571474714678,-40.6321191385222,26.1195030988284
-17.5571474653173,-40.6321191131522,26.1195030888072
-17.5571474591648,-40.6321190877739,26.1195030787827
-17.5571474530103,-40.6321190623875,26.119503068755
-17.5571474468538,-40.6321190369926,26.119503058724
-17.5571474406953,-40.6321190115894,26.1195030486897
-17.5571474345348,-40.632118986178,26.1195030386521
-17.5571474283723,-40.6321189607583,26.1195030286113
-17.5571474222078,-40.6321189353303,26.1195030185672
-17.5571474160413,-40.6321189098939,26.1195030085199
-17.5571474098728,-40.6321188844493,26.1195029984693
-17.5571474037022,-40.6321188589964,26.1195029884154
-17.5571473975297,-40.6321188335351,26.1195029783582
-17.5571473913552,-40.6321188080657,26.1195029682978
-17.5571473851786,-40.6321187825878,26.119502958234
-17.5571473790001,-40.6321187571016,26.1195029481671
-17.5571473728195,-40.6321187316073,26.1195029380968
-17.557147366637,-40.6321187061045,26.1195029280233
-17.5571473604524,-40.6321186805935,26.1195029179465
-17.5571473542658,-40.6321186550742,26.1195029078665
-17.5571473480773,-40.6321186295465,26.1195028977831
-17.5571473418867,-40.6321186040107,26.1195028876965
-17.5571473356941,-40.6321185784665,26.1195028776066
-17.5571473294995,-40.632118552914,26.1195028675135
-17.557147323303,-40.6321185273533,26.1195028574171
-17.5571473171044,-40.6321185017841,26.1195028473174
-17.5571473109038,-40.6321184762067,26.1195028372145
-17.5571473047012,-40.6321184506211,26.1195028271083
-17.5571472984966,-40.6321184250271,26.1195028169988
-17.55714729229,-40.6321183994248,26.119502806886
-17.5571472860813,-40.6321183738143,26.11950279677
-17.5571472798708,-40.6321183481953,26.1195027866507
-17.5571472736581,-40.6321183225682,26.1195027765281
-17.5571472674435,-40.6321182969327,26.1195027664023
-17.5571472612269,-40.632118271289,26.1195027562732
-17.5571472550082,-40.6321182456368,26.1195027461408
-17.5571472487876,-40.6321182199766,26.1195027360052
-17.5571472425649,-40.6321181943078,26.1195027258662
-17.5571472363403,-40.6321181686309,26.119502715724
-17.5571472301136,-40.6321181429457,26.1195027055786
-17.5571472238849,-40.6321181172521,26.1195026954298
-17.5571472176543,-40.6321180915503,26.1195026852779
-17.5571472114216,-40.63211806584,26.1195026751226
-17.557147205187,-40.6321180401217,26.1195026649641
-17.5571471989502,-40.632118014395,26.1195026548022
-17.5571471927116,-40.6321179886599,26.1195026446372
-17.5571471864709,-40.6321179629165,26.1195026344688
-17.5571471802282,-40.6321179371649,26.1195026242972
-17.5571471739835,-40.632117911405,26.1195026141223
-17.5571471677368,-40.6321178856368,26.1195026039442
-17.5571471614881,-40.6321178598603,26.1195025937627
-17.5571471552374,-40.6321178340755,26.1195025835781
-17.5571471489847,-40.6321178082823,26.1195025733901
-17.55714714273,-40.6321177824809,26.1195025631988
-17.5571471364732,-40.6321177566711,26.1195025530043
-17.5571471302145,-40.6321177308532,26.1195025428066
-17.5571471239538,-40.6321177050269,26.1195025326055
-17.5571471176911,-40.6321176791922,26.1195025224012
-17.5571471114263,-40.6321176533493,26.1195025121936
-17.5571471051596,-40.6321176274982,26.1195025019828
-17.5571470988908,-40.6321176016386,26.1195024917686
-17.5571470926201,-40.6321175757709,26.1195024815512
-17.5571470863473,-40.6321175498948,26.1195024713306
-17.5571470800726,-40.6321175240104,26.1195024611066
-17.5571470737958,-40.6321174981177,26.1195024508794
-17.557147067517,-40.6321174722168,26.119502440649
-17.5571470612362,-40.6321174463075,26.1195024304152
-17.5571470549535,-40.63211742039,26.1195024201782
-17.5571470486686,-40.632117394464,26.1195024099379
-17.5571470423819,-40.6321173685299,26.1195023996944
-17.5571470360931,-40.6321173425874,26.1195023894475
-17.5571470298023,-40.6321173166367,26.1195023791974
-17.5571470235094,-40.6321172906776,26.1195023689441
-17.5571470172147,-40.6321172647103,26.1195023586875
-17.5571470109178,-40.6321172387346,26.1195023484275
-17.557147004619,-40.6321172127506,26.1195023381644
-17.5571469983182,-40.6321171867583,26.1195023278979
-17.5571469920153,-40.6321171607579,26.1195023176282
-17.5571469857105,-40.632117134749,26.1195023073552
-17.5571469794037,-40.6321171087318,26.1195022970789
-17.5571469730948,-40.6321170827064,26.1195022867994
-17.557146966784,-40.6321170566727,26.1195022765166
-17.5571469604711,-40.6321170306307,26.1195022662306
-17.5571469541563,-40.6321170045803,26.1195022559412
-17.5571469478394,-40.6321169785217,26.1195022456486
-17.5571469415206,-40.6321169524547,26.1195022353527
-17.5571469351997,-40.6321169263795,26.1195022250536
-17.5571469288768,-40.632116900296,26.1195022147512
-17.5571469225519,-40.6321168742042,26.1195022044455
-17.557146916225,-40.6321168481041,26.1195021941366
-17.5571469098962,-40.6321168219957,26.1195021838243
-17.5571469035653,-40.6321167958789,26.1195021735088
-17.5571468972324,-40.632116769754,26.1195021631901
-17.5571468908974,-40.6321167436206,26.119502152868
-17.5571468845606,-40.6321167174791,26.1195021425428
-17.5571468782216,-40.6321166913292,26.1195021322141
-17.5571468718807,-40.632116665171,26.1195021218824
-17.5571468655378,-40.6321166390045,26.1195021115472
-17.5571468591929,-40.6321166128297,26.1195021012088
-17.5571468528459,-40.6321165866466,26.1195020908672
-17.557146846497,-40.6321165604552,26.1195020805223
-17.5571468401461,-40.6321165342555,26.119502070174
-17.5571468337931,-40.6321165080475,26.1195020598226
-17.5571468274381,-40.6321164818312,26.1195020494678
-17.5571468210812,-40.6321164556067,26.1195020391099
-17.5571468147222,-40.6321164293738,26.1195020287485
-17.5571468083613,-40.6321164031327,26.119502018384
-17.5571468019983,-40.6321163768832,26.1195020080162
-17.5571467956333,-40.6321163506255,26.1195019976451
-17.5571467892664,-40.6321163243594,26.1195019872708
-17.5571467828974,-40.632116298085,26.1195019768932
-17.5571467765264,-40.6321162718024,26.1195019665123
-17.5571467701534,-40.6321162455114,26.1195019561281
-17.5571467637784,-40.6321162192122,26.1195019457407
-17.5571467574014,-40.6321161929046,26.11950193535
-17.5571467510224,-40.6321161665888,26.119501924956
-17.5571467446414,-40.6321161402647,26.1195019145588
-17.5571467382583,-40.6321161139322,26.1195019041583
-17.5571467318733,-40.6321160875915,26.1195018937545
-17.5571467254863,-40.6321160612425,26.1195018833474
-17.5571467190973,-40.6321160348851,26.1195018729371
-17.5571467127062,-40.6321160085195,26.1195018625235
-17.5571467063132,-40.6321159821456,26.1195018521067
-17.5571466999182,-40.6321159557634,26.1195018416866
-17.5571466935211,-40.6321159293728,26.1195018312631
-17.5571466871221,-40.6321159029741,26.1195018208365
-17.557146680721,-40.6321158765669,26.1195018104065
-17.557146674318,-40.6321158501515,26.1195017999733
-17.5571466679129,-40.6321158237278,26.1195017895369
-17.5571466615058,-40.6321157972958,26.1195017790971
-17.5571466550967,-40.6321157708555,26.1195017686541
-17.5571466486856,-40.632115744407,26.1195017582078
-17.5571466422726,-40.6321157179501,26.1195017477582
-17.5571466358575,-40.6321156914849,26.1195017373054
-17.5571466294404,-40.6321156650114,26.1195017268494
-17.5571466230213,-40.6321156385296,26.1195017163899
-17.5571466166001,-40.6321156120395,26.1195017059273
-17.5571466101771,-40.6321155855411,26.1195016954614
-17.5571466037519,-40.6321155590345,26.1195016849922
-17.5571465973248,-40.6321155325194,26.1195016745198
-17.5571465908957,-40.6321155059962,26.1195016640441
-17.5571465844645,-40.6321154794647,26.1195016535651
-17.5571465780314,-40.6321154529247,26.1195016430828
-17.5571465715963,-40.6321154263766,26.1195016325973
-17.5571465651592,-40.6321153998201,26.1195016221085
-17.55714655872,-40.6321153732554,26.1195016116164
-17.5571465522788,-40.6321153466824,26.1195016011211
-17.5571465458357,-40.632115320101,26.1195015906225
-17.5571465393905,-40.6321152935113,26.1195015801206
-17.5571465329434,-40.6321152669134,26.1195015696155
-17.5571465264942,-40.6321152403071,26.119501559107
-17.557146520043,-40.6321152136926,26.1195015485954
-17.5571465135898,-40.6321151870698,26.1195015380804
-17.5571465071346,-40.6321151604386,26.1195015275622
-17.5571465006774,-40.6321151337992,26.1195015170407
-17.5571464942182,-40.6321151071515,26.1195015065159
-17.557146487757,-40.6321150804955,26.1195014959879
-17.5571464812938,-40.6321150538311,26.1195014854566
-17.5571464748286,-40.6321150271585,26.119501474922
-17.5571464683614,-40.6321150004776,26.1195014643842
-17.5571464618922,-40.6321149737884,26.1195014538431
-17.557146455421,-40.6321149470908,26.1195014432987
-17.5571464489477,-40.632114920385,26.119501432751
-17.5571464424725,-40.6321148936709,26.1195014222001
-17.5571464359953,-40.6321148669485,26.1195014116459
-17.557146429516,-40.6321148402179,26.1195014010885
-17.5571464230348,-40.6321148134788,26.1195013905277
-17.5571464165515,-40.6321147867316,26.1195013799638
-17.5571464100663,-40.632114759976,26.1195013693965
-17.557146403579,-40.6321147332121,26.1195013588259
-17.5571463970897,-40.6321147064399,26.1195013482521
-17.5571463905985,-40.6321146796595,26.1195013376751
-17.5571463841052,-40.6321146528706,26.1195013270947
-17.5571463776099,-40.6321146260735,26.119501316511
-17.5571463711126,-40.6321145992681,26.1195013059241
-17.5571463646133,-40.6321145724545,26.119501295334
-17.557146358112,-40.6321145456325,26.1195012847406
-17.5571463516087,-40.6321145188022,26.1195012741439
-17.5571463451034,-40.6321144919637,26.1195012635439
-17.5571463385961,-40.6321144651168,26.1195012529406
-17.5571463320868,-40.6321144382616,26.1195012423341
-17.5571463255755,-40.6321144113982,26.1195012317244
-17.5571463190621,-40.6321143845264,26.1195012211114
-17.5571463125468,-40.6321143576464,26.119501210495
-17.5571463060295,-40.6321143307581,26.1195011998754
-17.5571462995101,-40.6321143038614,26.1195011892526
-17.5571462929888,-40.6321142769565,26.1195011786265
-17.5571462864655,-40.6321142500432,26.1195011679971
-17.5571462799401,-40.6321142231217,26.1195011573644
-17.5571462734127,-40.6321141961919,26.1195011467285
-17.5571462668833,-40.6321141692537,26.1195011360892
-17.557146260352,-40.6321141423073,26.1195011254468
-17.5571462538186,-40.6321141153526,26.119501114801
-17.5571462472832,-40.6321140883896,26.119501104152
-17.5571462407458,-40.6321140614182,26.1195010934997
-17.5571462342064,-40.6321140344387,26.1195010828442
-17.5571462276651,-40.6321140074507,26.1195010721854
-17.5571462211216,-40.6321139804546,26.1195010615233
-17.5571462145763,-40.6321139534501,26.1195010508579
-17.5571462080288,-40.6321139264372,26.1195010401892
-17.5571462014794,-40.6321138994161,26.1195010295174
-17.557146194928,-40.6321138723867,26.1195010188422
-17.5571461883746,-40.632113845349,26.1195010081638
-17.5571461818192,-40.632113818303,26.1195009974821
-17.5571461752617,-40.6321137912487,26.1195009867971
-17.5571461687023,-40.6321137641862,26.1195009761088
-17.5571461621408,-40.6321137371153,26.1195009654173
-17.5571461555774,-40.632113710036,26.1195009547225
-17.5571461490119,-40.6321136829486,26.1195009440244
-17.5571461424445,-40.6321136558529,26.1195009333231
-17.557146135875,-40.6321136287488,26.1195009226185
-17.5571461293036,-40.6321136016364,26.1195009119106
-17.5571461227301,-40.6321135745157,26.1195009011995
-17.5571461161546,-40.6321135473868,26.1195008904851
-17.5571461095771,-40.6321135202495,26.1195008797674
-17.5571461029977,-40.6321134931039,26.1195008690465
-17.5571460964162,-40.63211346595,26.1195008583223
-17.5571460898327,-40.6321134387879,26.1195008475948
-17.5571460832472,-40.6321134116175,26.119500836864
-17.5571460766596,-40.6321133844387,26.1195008261299
-17.5571460700702,-40.6321133572517,26.1195008153927
-17.5571460634786,-40.6321133300563,26.1195008046521
-17.5571460568851,-40.6321133028528,26.1195007939083
-17.5571460502896,-40.6321132756407,26.1195007831612
-17.5571460436921,-40.6321132484206,26.1195007724108
-17.5571460370925,-40.632113221192,26.1195007616572
-17.557146030491,-40.6321131939551,26.1195007509002
-17.5571460238874,-40.63211316671,26.11950074014
-17.5571460172819,-40.6321131394566,26.1195007293766
-17.5571460106743,-40.6321131121949,26.1195007186099
-17.5571460040648,-40.632113084925,26.1195007078399
-17.5571459974532,-40.6321130576466,26.1195006970666
-17.5571459908396,-40.63211303036,26.1195006862901
-17.557145984224,-40.6321130030651,26.1195006755103
-17.5571459776065,-40.6321129757619,26.1195006647272
-17.5571459709868,-40.6321129484504,26.1195006539409
-17.5571459643652,-40.6321129211305,26.1195006431512
-17.5571459577417,-40.6321128938025,26.1195006323584
-17.5571459511161,-40.632112866466,26.1195006215622
-17.5571459444885,-40.6321128391214,26.1195006107628
-17.5571459378589,-40.6321128117684,26.1195005999602
-17.5571459312273,-40.6321127844071,26.1195005891542
-17.5571459245936,-40.6321127570375,26.1195005783449
-17.557145917958,-40.6321127296596,26.1195005675324
-17.5571459113204,-40.6321127022735,26.1195005567167
-17.5571459046808,-40.6321126748791,26.1195005458977
-17.5571458980391,-40.6321126474762,26.1195005350753
-17.5571458913955,-40.6321126200652,26.1195005242497
-17.5571458847498,-40.6321125926458,26.1195005134209
-17.5571458781022,-40.6321125652181,26.1195005025888
-17.5571458714525,-40.6321125377822,26.1195004917534
-17.5571458648009,-40.6321125103379,26.1195004809148
-17.5571458581472,-40.6321124828854,26.1195004700728
-17.5571458514915,-40.6321124554245,26.1195004592276
-17.5571458448338,-40.6321124279554,26.1195004483791
-17.5571458381741,-40.6321124004779,26.1195004375274
-17.5571458315125,-40.6321123729922,26.1195004266724
-17.5571458248488,-40.6321123454982,26.1195004158142
-17.5571458181831,-40.6321123179957,26.1195004049526
-17.5571458115154,-40.6321122904851,26.1195003940878
-17.5571458048456,-40.6321122629663,26.1195003832197
-17.5571457981739,-40.632112235439,26.1195003723484
-17.5571457915002,-40.6321122079035,26.1195003614737
-17.5571457848245,-40.6321121803597,26.1195003505959
-17.5571457781468,-40.6321121528075,26.1195003397147
-17.557145771467,-40.6321121252471,26.1195003288302
-17.5571457647853,-40.6321120976784,26.1195003179425
-17.5571457581016,-40.6321120701014,26.1195003070516
-17.5571457514158,-40.6321120425162,26.1195002961574
-17.557145744728,-40.6321120149225,26.1195002852598
-17.5571457380383,-40.6321119873206,26.119500274359
-17.5571457313465,-40.6321119597104,26.119500263455
-17.5571457246527,-40.6321119320919,26.1195002525477
-17.5571457179569,-40.632111904465,26.1195002416371
-17.5571457112592,-40.63211187683,26.1195002307232
-17.5571457045594,-40.6321118491866,26.1195002198061
-17.5571456978576,-40.6321118215349,26.1195002088857
-17.5571456911538,-40.6321117938749,26.119500197962
-17.557145684448,-40.6321117662067,26.1195001870351
-17.5571456777402,-40.6321117385301,26.1195001761049
-17.5571456710304,-40.6321117108452,26.1195001651714
-17.5571456643186,-40.632111683152,26.1195001542347
-17.5571456576048,-40.6321116554506,26.1195001432947
-17.557145650889,-40.6321116277408,26.1195001323514
-17.5571456441711,-40.6321116000227,26.1195001214048
-17.5571456374513,-40.6321115722964,26.119500110455
-17.5571456307294,-40.6321115445617,26.1195000995019
-17.5571456240056,-40.6321115168188,26.1195000885456
-17.5571456172798,-40.6321114890675,26.1195000775859
-17.5571456105519,-40.632111461308,26.1195000666231
-17.5571456038221,-40.6321114335402,26.1195000556569
-17.5571455970902,-40.6321114057641,26.1195000446874
-17.5571455903563,-40.6321113779795,26.1195000337147
-17.5571455836204,-40.6321113501869,26.1195000227387
-17.5571455768826,-40.6321113223858,26.1195000117595
-17.5571455701427,-40.6321112945765,26.119500000777
-17.5571455634008,-40.6321112667589,26.1194999897912
-17.5571455566569,-40.6321112389329,26.1194999788021
-17.557145549911,-40.6321112110987,26.1194999678098
-17.5571455431631,-40.6321111832562,26.1194999568142
-17.5571455364132,-40.6321111554054,26.1194999458154
-17.5571455296613,-40.6321111275463,26.1194999348132
-17.5571455229074,-40.6321110996789,26.1194999238078
-17.5571455161514,-40.6321110718031,26.1194999127991
-17.5571455093935,-40.6321110439191,26.1194999017872
-17.5571455026336,-40.6321110160268,26.119499890772
-17.5571454958716,-40.6321109881262,26.1194998797535
-17.5571454891077,-40.6321109602173,26.1194998687317
-17.5571454823417,-40.6321109323,26.1194998577066
-17.5571454755738,-40.6321109043746,26.1194998466784
-17.5571454688038,-40.6321108764409,26.1194998356468
-17.5571454620318,-40.6321108484987,26.119499824612
-17.5571454552579,-40.6321108205484,26.1194998135739
-17.5571454484819,-40.6321107925897,26.1194998025326
-17.5571454417039,-40.6321107646228,26.1194997914879
-17.5571454349239,-40.6321107366474,26.11949978044
-17.5571454281419,-40.6321107086639,26.1194997693888
-17.5571454213579,-40.632110680672,26.1194997583343
-17.5571454145719,-40.6321106526718,26.1194997472766
-17.5571454077839,-40.6321106246634,26.1194997362157
-17.5571454009939,-40.6321105966467,26.1194997251514
-17.5571453942019,-40.6321105686216,26.1194997140839
-17.5571453874079,-40.6321105405883,26.1194997030131
-17.5571453806118,-40.6321105125466,26.119499691939
-17.5571453738138,-40.6321104844966,26.1194996808617
-17.5571453670138,-40.6321104564384,26.1194996697811
-17.5571453602117,-40.6321104283718,26.1194996586972
-17.5571453534077,-40.632110400297,26.11949964761
-17.5571453466016,-40.6321103722139,26.1194996365197
-17.5571453397935,-40.6321103441224,26.119499625426
-17.5571453329835,-40.6321103160227,26.119499614329
-17.5571453261715,-40.6321102879147,26.1194996032288
-17.5571453193574,-40.6321102597983,26.1194995921253
-17.5571453125413,-40.6321102316737,26.1194995810185
-17.5571453057232,-40.6321102035408,26.1194995699085
-17.5571452989031,-40.6321101753996,26.1194995587952
-17.557145292081,-40.63211014725,26.1194995476786
-17.5571452852569,-40.6321101190923,26.1194995365588
-17.5571452784308,-40.6321100909261,26.1194995254357
-17.5571452716027,-40.6321100627517,26.1194995143093
-17.5571452647726,-40.632110034569,26.1194995031797
-17.5571452579405,-40.632110006378,26.1194994920467
-17.5571452511064,-40.6321099781788,26.1194994809106
-17.5571452442702,-40.6321099499711,26.1194994697711
-17.5571452374321,-40.6321099217553,26.1194994586284
-17.557145230592,-40.6321098935311,26.1194994474824
-17.5571452237498,-40.6321098652986,26.1194994363331
-17.5571452169057,-40.6321098370579,26.1194994251806
-17.5571452100595,-40.6321098088088,26.1194994140248
-17.5571452032113,-40.6321097805513,26.1194994028657
-17.5571451963612,-40.6321097522857,26.1194993917034
-17.557145189509,-40.6321097240118,26.1194993805378
-17.5571451826548,-40.6321096957295,26.1194993693689
-17.5571451757987,-40.6321096674389,26.1194993581967
-17.5571451689405,-40.6321096391401,26.1194993470213
-17.5571451620803,-40.6321096108329,26.1194993358426
-17.5571451552181,-40.6321095825175,26.1194993246607
-17.5571451483539,-40.6321095541937,26.1194993134754
-17.5571451414877,-40.6321095258617,26.119499302287
-17.5571451346194,-40.6321094975213,26.1194992910952
-17.5571451277492,-40.6321094691727,26.1194992799001
-17.557145120877,-40.6321094408157,26.1194992687018
-17.5571451140028,-40.6321094124505,26.1194992575002
-17.5571451071265,-40.632109384077,26.1194992462954
-17.5571451002483,-40.6321093556951,26.1194992350873
-17.557145093368,-40.6321093273049,26.1194992238759
-17.5571450864858,-40.6321092989065,26.1194992126612
-17.5571450796016,-40.6321092704998,26.1194992014433
-17.5571450727153,-40.6321092420848,26.1194991902221
-17.5571450658271,-40.6321092136615,26.1194991789977
-17.5571450589368,-40.6321091852298,26.1194991677699
-17.5571450520445,-40.6321091567899,26.1194991565389
-17.5571450451502,-40.6321091283417,26.1194991453047
-17.5571450382539,-40.6321090998852,26.1194991340671
-17.5571450313557,-40.6321090714203,26.1194991228263
-17.5571450244554,-40.6321090429473,26.1194991115823
-17.5571450175531,-40.6321090144659,26.1194991003349
-17.5571450106487,-40.6321089859762,26.1194990890843
-17.5571450037424,-40.6321089574782,26.1194990778304
-17.5571449968341,-40.632108928972,26.1194990665732
-17.5571449899238,-40.6321089004574,26.1194990553128
-17.5571449830115,-40.6321088719345,26.1194990440491
-17.5571449760972,-40.6321088434033,26.1194990327822
-17.5571449691808,-40.6321088148639,26.1194990215119
-17.5571449622625,-40.6321087863161,26.1194990102384
-17.5571449553421,-40.6321087577601,26.1194989989616
-17.5571449484198,-40.6321087291956,26.1194989876816
-17.5571449414954,-40.6321087006229,26.1194989763983
-17.5571449345691,-40.632108672042,26.1194989651117
-17.5571449276407,-40.6321086434527,26.1194989538218
-17.5571449207103,-40.6321086148552,26.1194989425288
-17.5571449137779,-40.6321085862494,26.1194989312323
-17.5571449068436,-40.6321085576352,26.1194989199327
-17.5571448999072,-40.6321085290128,26.1194989086298
-17.5571448929688,-40.632108500382,26.1194988973235
-17.5571448860284,-40.632108471743,26.1194988860141
-17.557144879086,-40.6321084430956,26.1194988747014
-17.5571448721415,-40.63210841444,26.1194988633853
-17.5571448651952,-40.6321083857761,26.1194988520661
-17.5571448582467,-40.6321083571038,26.1194988407435
-17.5571448512963,-40.6321083284233,26.1194988294177
-17.5571448443439,-40.6321082997344,26.1194988180886
-17.5571448373894,-40.6321082710373,26.1194988067562
-17.557144830433,-40.6321082423319,26.1194987954207
-17.5571448234745,-40.6321082136182,26.1194987840818
-17.5571448165141,-40.6321081848963,26.1194987727396
-17.5571448095516,-40.6321081561659,26.1194987613942
-17.5571448025871,-40.6321081274273,26.1194987500455
-17.5571447956207,-40.6321080986804,26.1194987386935
-17.5571447886522,-40.6321080699252,26.1194987273382
-17.5571447816817,-40.6321080411617,26.1194987159798
-17.5571447747092,-40.6321080123899,26.1194987046179
-17.5571447677348,-40.6321079836098,26.1194986932529
-17.5571447607583,-40.6321079548214,26.1194986818846
-17.5571447537797,-40.6321079260248,26.119498670513
-17.5571447467993,-40.6321078972197,26.1194986591381
-17.5571447398167,-40.6321078684065,26.11949864776
-17.5571447328322,-40.6321078395849,26.1194986363786
-17.5571447258457,-40.6321078107551,26.119498624994
-17.5571447188572,-40.6321077819169,26.1194986136061
-17.5571447118667,-40.6321077530704,26.1194986022149
-17.5571447048741,-40.6321077242156,26.1194985908204
-17.5571446978796,-40.6321076953525,26.1194985794226
-17.557144690883,-40.6321076664811,26.1194985680216
-17.5571446838845,-40.6321076376015,26.1194985566173
-17.5571446768839,-40.6321076087136,26.1194985452098
-17.5571446698814,-40.6321075798174,26.119498533799
-17.5571446628768,-40.6321075509128,26.1194985223849
-17.5571446558702,-40.6321075219999,26.1194985109675
-17.5571446488617,-40.6321074930788,26.1194984995469
-17.5571446418511,-40.6321074641493,26.119498488123
-17.5571446348385,-40.6321074352116,26.1194984766958
-17.5571446278239,-40.6321074062656,26.1194984652654
-17.5571446208073,-40.6321073773113,26.1194984538317
-17.5571446137887,-40.6321073483486,26.1194984423947
-17.5571446067681,-40.6321073193776,26.1194984309545
-17.5571445997454,-40.6321072903985,26.119498419511
-17.5571445927208,-40.6321072614109,26.1194984080641
-17.5571445856942,-40.6321072324152,26.1194983966141
-17.5571445786656,-40.6321072034111,26.1194983851608
-17.557144571635,-40.6321071743986,26.1194983737042
-17.5571445646023,-40.632107145378,26.1194983622444
-17.5571445575677,-40.632107116349,26.1194983507812
-17.557144550531,-40.6321070873116,26.1194983393148
-17.5571445434923,-40.632107058266,26.1194983278452
-17.5571445364517,-40.6321070292122,26.1194983163723
-17.557144529409,-40.63210700015,26.119498304896
-17.5571445223644,-40.6321069710795,26.1194982934166
-17.5571445153177,-40.6321069420007,26.1194982819338
-17.557144508269,-40.6321069129136,26.1194982704478
-17.5571445012183,-40.6321068838182,26.1194982589585
-17.5571444941656,-40.6321068547146,26.119498247466
-17.5571444871108,-40.6321068256025,26.1194982359701
-17.5571444800542,-40.6321067964823,26.1194982244711
-17.5571444729955,-40.6321067673537,26.1194982129687
-17.5571444659347,-40.6321067382168,26.1194982014631
-17.557144458872,-40.6321067090716,26.1194981899542
-17.5571444518073,-40.6321066799182,26.119498178442
-17.5571444447405,-40.6321066507565,26.1194981669266
-17.5571444376718,-40.6321066215864,26.1194981554079
-17.5571444306011,-40.632106592408,26.1194981438859
-17.5571444235283,-40.6321065632214,26.1194981323607
-17.5571444164536,-40.6321065340265,26.1194981208322
-17.5571444093768,-40.6321065048232,26.1194981093004
-17.557144402298,-40.6321064756117,26.1194980977653
-17.5571443952172,-40.6321064463918,26.119498086227
-17.5571443881345,-40.6321064171636,26.1194980746854
-17.5571443810497,-40.6321063879272,26.1194980631405
-17.5571443739629,-40.6321063586825,26.1194980515924
-17.5571443668741,-40.6321063294295,26.119498040041
-17.5571443597833,-40.6321063001681,26.1194980284863
-17.5571443526905,-40.6321062708986,26.1194980169284
-17.5571443455957,-40.6321062416206,26.1194980053672
-17.5571443384989,-40.6321062123344,26.1194979938027
-17.5571443314001,-40.6321061830399,26.119497982235
-17.5571443242992,-40.6321061537371,26.1194979706639
-17.5571443171964,-40.632106124426,26.1194979590896
-17.5571443100916,-40.6321060951066,26.1194979475121
-17.5571443029847,-40.6321060657788,26.1194979359313
-17.5571442958759,-40.6321060364428,26.1194979243472
-17.557144288765,-40.6321060070985,26.1194979127598
-17.5571442816522,-40.632105977746,26.1194979011692
-17.5571442745373,-40.6321059483851,26.1194978895753
-17.5571442674204,-40.6321059190159,26.1194978779781
-17.5571442603016,-40.6321058896384,26.1194978663777
-17.5571442531807,-40.6321058602526,26.1194978547739
-17.5571442460578,-40.6321058308586,26.119497843167
-17.5571442389329,-40.6321058014563,26.1194978315567
-17.5571442318061,-40.6321057720455,26.1194978199432
-17.5571442246772,-40.6321057426266,26.1194978083264
-17.5571442175462,-40.6321057131993,26.1194977967064
-17.5571442104133,-40.6321056837638,26.1194977850831
-17.5571442032784,-40.6321056543199,26.1194977734565
-17.5571441961415,-40.6321056248678,26.1194977618266
-17.5571441890026,-40.6321055954074,26.1194977501935
-17.5571441818616,-40.6321055659386,26.1194977385571
-17.5571441747187,-40.6321055364615,26.1194977269174
-17.5571441675737,-40.6321055069762,26.1194977152745
-17.5571441604268,-40.6321054774826,26.1194977036283
-17.5571441532779,-40.6321054479806,26.1194976919788
-17.5571441461269,-40.6321054184705,26.119497680326
-17.5571441389739,-40.6321053889519,26.1194976686701
-17.5571441318189,-40.6321053594251,26.1194976570108
-17.557144124662,-40.63210532989,26.1194976453482
-17.557144117503,-40.6321053003466,26.1194976336824
-17.557144110342,-40.6321052707948,26.1194976220133
-17.557144103179,-40.6321052412349,26.1194976103409
-17.557144096014,-40.6321052116665,26.1194975986653
-17.557144088847,-40.6321051820899,26.1194975869864
-17.557144081678,-40.632105152505,26.1194975753042
-17.5571440745069,-40.6321051229118,26.1194975636188
-17.5571440673339,-40.6321050933103,26.1194975519301
-17.5571440601589,-40.6321050637005,26.1194975402381
-17.5571440529818,-40.6321050340824,26.1194975285428
-17.5571440458028,-40.6321050044561,26.1194975168443
-17.5571440386218,-40.6321049748214,26.1194975051425
-17.5571440314388,-40.6321049451784,26.1194974934375
-17.5571440242537,-40.6321049155271,26.1194974817292
-17.5571440170666,-40.6321048858675,26.1194974700175
-17.5571440098776,-40.6321048561996,26.1194974583027
-17.5571440026865,-40.6321048265235,26.1194974465846
-17.5571439954934,-40.632104796839,26.1194974348631
-17.5571439882983,-40.6321047671462,26.1194974231385
-17.5571439811013,-40.6321047374452,26.1194974114106
-17.5571439739022,-40.6321047077358,26.1194973996794
-17.5571439667011,-40.6321046780181,26.1194973879449
-17.557143959498,-40.6321046482921,26.1194973762071
-17.5571439522929,-40.6321046185579,26.1194973644661
-17.5571439450858,-40.6321045888154,26.1194973527218
-17.5571439378766,-40.6321045590645,26.1194973409743
-17.5571439306655,-40.6321045293054,26.1194973292234
-17.5571439234524,-40.6321044995379,26.1194973174693
-17.5571439162373,-40.6321044697622,26.119497305712
-17.5571439090201,-40.6321044399782,26.1194972939514
-17.557143901801,-40.6321044101859,26.1194972821875
-17.5571438945798,-40.6321043803852,26.1194972704203
-17.5571438873567,-40.6321043505763,26.1194972586499
-17.5571438801315,-40.6321043207591,26.1194972468762
-17.5571438729043,-40.6321042909336,26.1194972350992
-17.5571438656752,-40.6321042610998,26.1194972233189
-17.557143858444,-40.6321042312576,26.1194972115354
-17.5571438512108,-40.6321042014072,26.1194971997486
-17.5571438439756,-40.6321041715485,26.1194971879586
-17.5571438367384,-40.6321041416815,26.1194971761652
-17.5571438294992,-40.6321041118062,26.1194971643687
-17.557143822258,-40.6321040819226,26.1194971525688
-17.5571438150148,-40.6321040520308,26.1194971407657
-17.5571438077696,-40.6321040221305,26.1194971289593
-17.5571438005223,-40.632103992222,26.1194971171496
-17.5571437932731,-40.6321039623052,26.1194971053366
-17.5571437860219,-40.6321039323802,26.1194970935205
-17.5571437787687,-40.6321039024468,26.119497081701
-17.5571437715134,-40.6321038725051,26.1194970698783
-17.5571437642561,-40.6321038425551,26.1194970580522
-17.5571437569969,-40.6321038125968,26.1194970462229
-17.5571437497356,-40.6321037826303,26.1194970343904
-17.5571437424724,-40.6321037526555,26.1194970225546
-17.557143735207,-40.6321037226722,26.1194970107154
-17.5571437279398,-40.6321036926809,26.1194969988731
-17.5571437206705,-40.6321036626811,26.1194969870275
-17.5571437133992,-40.6321036326731,26.1194969751786
-17.5571437061259,-40.6321036026567,26.1194969633264
-17.5571436988506,-40.632103572632,26.119496951471
-17.5571436915733,-40.6321035425991,26.1194969396123
-17.557143684294,-40.6321035125579,26.1194969277503
-17.5571436770127,-40.6321034825083,26.119496915885
-17.5571436697293,-40.6321034524505,26.1194969040165
-17.557143662444,-40.6321034223844,26.1194968921448
-17.5571436551567,-40.63210339231,26.1194968802697
-17.5571436478673,-40.6321033622272,26.1194968683914
-17.557143640576,-40.6321033321362,26.1194968565098
-17.5571436332826,-40.6321033020369,26.119496844625
-17.5571436259873,-40.6321032719292,26.1194968327368
-17.5571436186899,-40.6321032418133,26.1194968208454
-17.5571436113906,-40.6321032116891,26.1194968089508
-17.5571436040892,-40.6321031815567,26.1194967970528
-17.5571435967858,-40.6321031514158,26.1194967851516
-17.5571435894804,-40.6321031212667,26.1194967732472
-17.557143582173,-40.6321030911093,26.1194967613394
-17.5571435748636,-40.6321030609436,26.1194967494284
-17.5571435675522,-40.6321030307696,26.1194967375141
-17.5571435602388,-40.6321030005873,26.1194967255965
-17.5571435529234,-40.6321029703967,26.1194967136757
-17.557143545606,-40.6321029401978,26.1194967017516
-17.5571435382866,-40.6321029099907,26.1194966898243
-17.5571435309652,-40.6321028797752,26.1194966778937
-17.5571435236417,-40.6321028495514,26.1194966659598
-17.5571435163163,-40.6321028193193,26.1194966540226
-17.5571435089889,-40.632102789079,26.1194966420822
-17.5571435016594,-40.6321027588303,26.1194966301385
-17.5571434943279,-40.6321027285734,26.1194966181915
-17.5571434869945,-40.6321026983081,26.1194966062412
-17.557143479659,-40.6321026680346,26.1194965942878
-17.5571434723215,-40.6321026377527,26.119496582331
-17.557143464982,-40.6321026074625,26.1194965703709
-17.5571434576405,-40.6321025771641,26.1194965584076
-17.5571434502971,-40.6321025468573,26.119496546441
-17.5571434429516,-40.6321025165423,26.1194965344712
-17.5571434356041,-40.632102486219,26.119496522498
-17.5571434282546,-40.6321024558873,26.1194965105216
-17.5571434209031,-40.6321024255474,26.119496498542
-17.5571434135495,-40.6321023951992,26.1194964865591
-17.557143406194,-40.6321023648427,26.1194964745728
-17.5571433988364,-40.6321023344778,26.1194964625833
-17.5571433914769,-40.6321023041047,26.1194964505906
-17.5571433841154,-40.6321022737233,26.1194964385946
-17.5571433767518,-40.6321022433336,26.1194964265953
-17.5571433693863,-40.6321022129355,26.1194964145928
-17.5571433620187,-40.6321021825292,26.119496402587
-17.5571433546492,-40.6321021521146,26.1194963905779
-17.5571433472776,-40.6321021216917,26.1194963785655
-17.557143339904,-40.6321020912605,26.1194963665499
-17.5571433325284,-40.632102060821,26.119496354531
-17.5571433251509,-40.6321020303732,26.1194963425089
-17.5571433177712,-40.6321019999171,26.1194963304834
-17.5571433103896,-40.6321019694527,26.1194963184547
-17.557143303006,-40.63210193898,26.1194963064228
-17.5571432956204,-40.6321019084991,26.1194962943875
-17.5571432882328,-40.6321018780098,26.119496282349
-17.5571432808432,-40.6321018475122,26.1194962703072
-17.5571432734515,-40.6321018170063,26.1194962582622
-17.5571432660579,-40.6321017864921,26.1194962462138
-17.5571432586623,-40.6321017559696,26.1194962341623
-17.5571432512646,-40.6321017254389,26.1194962221074
-17.557143243865,-40.6321016948998,26.1194962100493
-17.5571432364633,-40.6321016643525,26.1194961979879
-17.5571432290597,-40.6321016337968,26.1194961859233
-17.557143221654,-40.6321016032328,26.1194961738553
-17.5571432142463,-40.6321015726606,26.1194961617841
-17.5571432068366,-40.6321015420801,26.1194961497097
-17.557143199425,-40.6321015114911,26.1194961376319
-17.5571431920112,-40.6321014808941,26.1194961255509
-17.5571431845956,-40.6321014502886,26.1194961134666
-17.5571431771779,-40.6321014196749,26.1194961013791
-17.5571431697582,-40.6321013890528,26.1194960892883
-17.5571431623364,-40.6321013584225,26.1194960771942
-17.5571431549127,-40.6321013277838,26.1194960650968
-17.557143147487,-40.6321012971369,26.1194960529962
-17.5571431400593,-40.6321012664817,26.1194960408923
-17.5571431326295,-40.6321012358183,26.1194960287852
-17.5571431251978,-40.6321012051463,26.1194960166748
-17.557143117764,-40.6321011744663,26.119496004561
-17.5571431103283,-40.6321011437779,26.1194959924441
-17.5571431028906,-40.6321011130812,26.1194959803239
-17.5571430954508,-40.6321010823761,26.1194959682004
-17.557143088009,-40.6321010516628,26.1194959560736
-17.5571430805652,-40.6321010209413,26.1194959439435
-17.5571430731194,-40.6321009902114,26.1194959318102
-17.5571430656717,-40.6321009594732,26.1194959196737
-17.5571430582219,-40.6321009287267,26.1194959075338
-17.5571430507701,-40.632100897972,26.1194958953907
-17.5571430433163,-40.6321008672089,26.1194958832443
-17.5571430358605,-40.6321008364375,26.1194958710947
-17.5571430284027,-40.6321008056578,26.1194958589417
-17.5571430209429,-40.6321007748697,26.1194958467855
-17.557143013481,-40.6321007440735,26.1194958346261
-17.5571430060172,-40.632100713269,26.1194958224633
-17.5571429985514,-40.6321006824561,26.1194958102974
-17.5571429910835,-40.632100651635,26.1194957981281
-17.5571429836137,-40.6321006208055,26.1194957859556
-17.5571429761418,-40.6321005899678,26.1194957737797
-17.557142968668,-40.6321005591217,26.1194957616007
-17.5571429611921,-40.6321005282674,26.1194957494183
-17.5571429537142,-40.6321004974048,26.1194957372327
-17.5571429462343,-40.6321004665338,26.1194957250438
-17.5571429387524,-40.6321004356545,26.1194957128516
-17.5571429312686,-40.632100404767,26.1194957006563
-17.5571429237826,-40.6321003738712,26.1194956884575
-17.5571429162947,-40.632100342967,26.1194956762556
-17.5571429088048,-40.6321003120547,26.1194956640504
-17.5571429013129,-40.6321002811339,26.1194956518419
-17.557142893819,-40.6321002502049,26.1194956396301
-17.5571428863231,-40.6321002192676,26.1194956274151
-17.5571428788252,-40.632100188322,26.1194956151968
-17.5571428713252,-40.632100157368,26.1194956029752
-17.5571428638233,-40.6321001264058,26.1194955907503
-17.5571428563193,-40.6321000954353,26.1194955785222
-17.5571428488134,-40.6321000644566,26.1194955662909
-17.5571428413054,-40.6321000334694,26.1194955540562
-17.5571428337954,-40.632100002474,26.1194955418183
-17.5571428262835,-40.6320999714703,26.1194955295771
-17.5571428187695,-40.6320999404583,26.1194955173326
-17.5571428112535,-40.6320999094381,26.1194955050849
-17.5571428037355,-40.6320998784094,26.1194954928339
-17.5571427962155,-40.6320998473725,26.1194954805797
-17.5571427886935,-40.6320998163274,26.1194954683221
-17.5571427811695,-40.6320997852739,26.1194954560613
-17.5571427736435,-40.6320997542121,26.1194954437973
-17.5571427661155,-40.6320997231421,26.11949543153
-17.5571427585854,-40.6320996920637,26.1194954192593
-17.5571427510534,-40.632099660977,26.1194954069854
-17.5571427435194,-40.6320996298821,26.1194953947083
-17.5571427361124,-40.6320995985918,26.1194953819197
-17.5571427272455,-40.6320995621053,26.1194953622083
-17.5571427160866,-40.6320995179734,26.1194953330903
-17.5571427022685,-40.6320994648576,26.1194952943189
-17.5571426854948,-40.6320994014148,26.1194952464538
-17.5571426656868,-40.632099326744,26.1194951911614
-17.5571426427696,-40.632099239816,26.1194951303969
-17.5571426166402,-40.6320991393916,26.1194950662597
-17.5571425871782,-40.6320990240553,26.1194950010303
-17.5571425542584,-40.6320988922538,26.1194949372028
-17.5571425177518,-40.6320987423006,26.1194948774808
-17.5571424775257,-40.6320985723796,26.1194948247721
-17.5571424334436,-40.6320983805474,26.1194947821848
-17.5571423853659,-40.6320981647365,26.1194947530229
-17.5571423331494,-40.6320979227562,26.1194947407835
-17.5571422766482,-40.632097652295,26.119494749154
-17.557142215713,-40.6320973509224,26.1194947820092
-17.5571421501918,-40.6320970160898,26.1194948434093
-17.5571420799296,-40.6320966451324,26.1194949375976
-17.5571420047686,-40.6320962352695,26.1194950689988
-17.5571419245483,-40.6320957836069,26.1194952422171
-17.5571418391056,-40.6320952871366,26.1194954620342
-17.5571417482747,-40.6320947427391,26.1194957334084
-17.5571416518874,-40.6320941471829,26.1194960614729
-17.5571415497725,-40.6320934971256,26.1194964515328
-17.5571414497705,-40.6320928007041,26.1194968856439
-17.5571413603699,-40.6320920669885,26.1194973439743
-17.5571412823819,-40.6320912938957,26.1194978292025
-17.5571412166337,-40.6320904792693,26.1194983441109
-17.5571411639683,-40.632089620879,26.119498891586
-17.5571411252444,-40.6320887164199,26.1194994746191
-17.5571411013354,-40.6320877635135,26.1195000963071
-17.5571410931298,-40.6320867597064,26.1195007598529
-17.5571411015301,-40.6320857024707,26.1195014685659
-17.5571411274533,-40.6320845892035,26.1195022258623
-17.5571411718262,-40.6320834172353,26.1195030352554
-17.5571412355755,-40.6320821838551,26.1195039003232
-17.5571413196363,-40.6320808862887,26.1195048247362
-17.5571414249545,-40.632079521692,26.1195058122666
-17.5571415524869,-40.632078087151,26.1195068667881
-17.5571417032003,-40.6320765796817,26.1195079922761
-17.5571418780718,-40.6320749962302,26.119509192808
-17.5571420780881,-40.6320733336731,26.1195104725633
-17.5571423042455,-40.632071588817,26.1195118358235
-17.5571425575491,-40.6320697583991,26.1195132869722
-17.5571428390135,-40.6320678390866,26.1195148304954
-17.5571431496612,-40.6320658274778,26.1195164709814
-17.5571434905235,-40.6320637201011,26.1195182131209
-17.5571438626398,-40.6320615134158,26.1195200617071
-17.5571442670571,-40.6320592038117,26.1195220216356
-17.557144708582,-40.6320567798711,26.1195241074215
-17.5571451920059,-40.6320542297016,26.1195263343344
-17.5571457183596,-40.6320515488716,26.1195287085663
-17.557146288676,-40.6320487328738,26.1195312364254
-17.5571469039898,-40.6320457771255,26.1195339243363
-17.5571475653374,-40.6320426769691,26.1195367788392
-17.5571482737569,-40.6320394276718,26.1195398065892
-17.5571490302876,-40.6320360244268,26.119543014357
-17.5571498359703,-40.6320324623525,26.1195464090275
-17.5571506918472,-40.6320287364936,26.1195499975999
-17.5571515989613,-40.6320248418212,26.1195537871873
-17.557152558357,-40.6320207732325,26.1195577850164
-17.5571535710795,-40.6320165255521,26.1195619984268
-17.5571546381748,-40.6320120935315,26.1195664348714
-17.5571557606898,-40.6320074718494,26.1195711019148
-17.557156939672,-40.6320026551125,26.1195760072342
-17.5571581761695,-40.6319976378552,26.1195811586185
-17.5571594712306,-40.6319924145402,26.1195865639674
-17.5571608259044,-40.6319869795588,26.1195922312921
-17.5571622412402,-40.6319813272309,26.1195981687143
-17.5571637182873,-40.6319754518054,26.1196043844657
-17.5571652580953,-40.6319693474607,26.119610886888
-17.5571668617139,-40.6319630083047,26.1196176844324
-17.5571685301925,-40.631956428375,26.1196247856592
-17.5571702645807,-40.6319496016397,26.1196321992374
-17.5571720978033,-40.6319425040325,26.1196399404636
-17.5571740634664,-40.6319351110233,26.1196480248981
-17.5571761636411,-40.6319274157798,26.119656461768
-17.5571784003987,-40.6319194113999,26.1196652604083
-17.5571807758102,-40.6319110909131,26.1196744302613
-17.5571832919465,-40.6319024472797,26.1196839808761
-17.5571859508781,-40.631893473392,26.1196939219083
-17.5571887546746,-40.6318841620743,26.1197042631198
-17.5571917054054,-40.6318745060832,26.119715014378
-17.5571948051384,-40.6318644981079,26.1197261856558
-17.557198055941,-40.6318541307705,26.119737787031
-17.5572014598793,-40.6318433966264,26.1197498286858
-17.5572050190179,-40.6318322881647,26.1197623209066
-17.5572087354202,-40.631820797808,26.1197752740836
-17.5572126111479,-40.6318089179137,26.1197886987103
-17.557216648261,-40.6317966407732,26.1198026053832
-17.5572208488178,-40.6317839586129,26.1198170048012
-17.5572252148745,-40.6317708635945,26.1198319077655
-17.5572297484853,-40.6317573478148,26.1198473251789
-17.5572344517021,-40.6317434033066,26.1198632680456
-17.5572393265746,-40.6317290220387,26.119879747471
-17.5572443751499,-40.6317141959161,26.1198967746605
-17.5572495994725,-40.6316989167807,26.1199143609202
-17.5572550015846,-40.6316831764111,26.1199325176557
-17.5572605835251,-40.6316669665235,26.1199512563719
-17.5572662814855,-40.6316502923798,26.1199706117622
-17.5572720303606,-40.6316331595006,26.119990618986
-17.5572778302396,-40.6316155598968,26.120011290396
-17.5572836812087,-40.6315974855173,26.1200326384431
-17.5572895833502,-40.6315789282494,26.120054675676
-17.5572955367436,-40.631559879919,26.1200774147413
-17.5573015414655,-40.6315403322907,26.1201008683828
-17.5573075975892,-40.6315202770681,26.1201250494405
-17.5573137051854,-40.631499705894,26.1201499708513
-17.557319864322,-40.6314786103506,26.1201756456477
-17.5573260750642,-40.6314569819597,26.1202020869576
-17.5573323374751,-40.6314348121833,26.1202293080043
-17.5573386516149,-40.6314120924229,26.1202573221056
-17.5573450175418,-40.6313888140206,26.1202861426732
-17.5573514353117,-40.6313649682592,26.1203157832133
-17.5573579049784,-40.631340546362,26.1203462573248
-17.5573644265936,-40.6313155394931,26.1203775787
-17.5573710002073,-40.6312899387581,26.1204097611237
-17.5573776258674,-40.6312637352039,26.1204428184729
-17.5573843036202,-40.631236919819,26.1204767647161
-17.5573910335104,-40.6312094835338,26.1205116139133
-17.557397815581,-40.6311814172207,26.1205473802153
-17.5574046498736,-40.6311527116946,26.1205840778635
-17.5574115364283,-40.6311233577128,26.1206217211893
-17.5574184752841,-40.6310933459753,26.1206603246137
-17.5574254750401,-40.6310626863685,26.1206998669611
-17.557432544599,-40.6310313889525,26.1207403265843
-17.557439684452,-40.6309994446034,26.1207817173303
-17.5574468950886,-40.6309668441409,26.1208240531347
-17.5574541769963,-40.6309335783287,26.120867348021
-17.5574615306606,-40.630899637875,26.1209116161008
-17.5574689565651,-40.6308650134322,26.1209568715727
-17.5574764551914,-40.6308296955976,26.1210031287224
-17.5574840270271,-40.6307936748422,26.1210504020279
-17.5574916725952,-40.6307569412355,26.1210987065669
-17.5574993924306,-40.6307194846591,26.121148057702
-17.5575071870676,-40.6306812949211,26.1211984709095
-17.5575150570391,-40.6306423617596,26.1212499617754
-17.5575230028772,-40.6306026748423,26.1213025459954
-17.5575310251125,-40.6305622237669,26.1213562393743
-17.5575391242748,-40.630520998061,26.1214110578265
-17.5575473008927,-40.6304789871824,26.1214670173754
-17.5575555554938,-40.630436180519,26.1215241341535
-17.5575638886042,-40.6303925673885,26.1215824244024
-17.5575723007493,-40.6303481370391,26.1216419044724
-17.5575807924532,-40.6303028786492,26.1217025908225
-17.5575893642385,-40.6302567813304,26.1217645000165
-17.5575980166238,-40.6302098341578,26.121827648677
-17.5576067501239,-40.6301620261587,26.1218920535028
-17.5576155652529,-40.6301133462926,26.1219577312981
-17.5576245367858,-40.6300637390054,26.1220247181922
-17.5576337402237,-40.6300131481806,26.1220930507085
-17.5576431771658,-40.6299615618339,26.1221627463998
-17.5576528492073,-40.6299089679166,26.1222338229209
-17.55766275794,-40.6298553543163,26.1223062980279
-17.5576729049513,-40.6298007088568,26.1223801895783
-17.5576832918251,-40.6297450192981,26.1224555155305
-17.5576939201411,-40.6296882733366,26.122532293944
-17.5577047914751,-40.6296304586053,26.1226105429786
-17.557715907399,-40.629571562674,26.1226902808947
-17.5577272694805,-40.6295115730491,26.1227715260528
-17.5577388792835,-40.6294504771745,26.1228542969134
-17.5577507383676,-40.6293882624308,26.1229386120366
-17.5577628482885,-40.6293249161361,26.1230244900822
-17.5577752105977,-40.6292604255458,26.1231119498091
-17.5577878268426,-40.629194777853,26.1232010100753
-17.5578006985664,-40.6291279601883,26.1232916898377
-17.5578138273084,-40.6290599596206,26.1233840081517
-17.5578272146033,-40.6289907631562,26.1234779841712
-17.5578408619819,-40.62892035774,26.1235736371481
-17.5578547709707,-40.6288487302548,26.1236709864322
-17.5578689430919,-40.6287758675223,26.1237700514713
-17.5578833798636,-40.6287017563023,26.1238708518103
-17.5578980827995,-40.6286263832935,26.1239734070915
-17.557913053409,-40.6285497351333,26.1240777370542
-17.5579282793022,-40.6284717627181,26.1241839263624
-17.5579437478895,-40.6283924166331,26.1242920602932
-17.5579594603757,-40.628311682957,26.1244021596498
-17.5579754179635,-40.628229547707,26.1245142453316
-17.557991621854,-40.6281459968383,26.1246283383343
-17.5580080732462,-40.6280610162449,26.1247444597488
-17.5580247733372,-40.6279745917594,26.1248626307619
-17.5580417233221,-40.6278867091526,26.1249828726557
-17.5580589243942,-40.6277973541349,26.1251052068072
-17.5580763777447,-40.627706512355,26.1252296546885
-17.5580940845631,-40.6276141694011,26.1253562378662
-17.5581120460366,-40.6275203108006,26.1254849780011
-17.5581302633507,-40.6274249220201,26.1256158968488
-17.558148737689,-40.6273279884657,26.1257490162582
-17.5581674702328,-40.6272294954831,26.1258843581722
-17.5581864621619,-40.6271294283581,26.1260219446275
-17.5582057146535,-40.6270277723157,26.1261617977537
-17.5582252288835,-40.6269245125213,26.1263039397736
-17.5582450060254,-40.6268196340805,26.1264483930028
-17.5582650472508,-40.6267131220389,26.1265951798496
-17.5582853537292,-40.6266049613827,26.1267443228147
-17.5583059266283,-40.6264951370383,26.1268958444908
-17.5583267671137,-40.6263836338729,26.1270497675626
-17.5583478763488,-40.6262704366948,26.1272061148065
-17.5583692554954,-40.6261555302526,26.1273649090904
-17.5583909738441,-40.626038909764,26.1275261112176
-17.5584131011095,-40.6259205705232,26.1276896815879
-17.5584356390838,-40.6258004973052,26.127855642601
-17.558458589555,-40.6256786748265,26.1280240167492
-17.5584819543067,-40.6255550877446,26.1281948266168
-17.5585057351184,-40.6254297206589,26.1283680948803
-17.5585299337651,-40.6253025581103,26.1285438443076
-17.5585545520171,-40.6251735845813,26.1287220977582
-17.558579591641,-40.6250427844966,26.1289028781828
-17.5586050543984,-40.6249101422229,26.1290862086229
-17.5586309420469,-40.624775642069,26.1292721122107
-17.5586572563394,-40.6246392682863,26.1294606121691
-17.5586839990248,-40.6245010050685,26.1296517318107
-17.558711171847,-40.6243608365519,26.1298454945382
-17.5587387765459,-40.6242187468157,26.130041923844
-17.5587668148569,-40.6240747198824,26.1302410433099
-17.5587952885107,-40.6239287397169,26.1304428766067
-17.5588241992338,-40.623780790228,26.130647447494
-17.5588535487481,-40.6236308552673,26.1308547798202
-17.5588833387711,-40.6234789186305,26.1310648975218
-17.5589135710156,-40.6233249640566,26.1312778246234
-17.55894424719,-40.6231689752288,26.1314935852376
-17.5589753689983,-40.6230109357738,26.1317122035641
-17.5590069381398,-40.6228508292629,26.1319337038902
-17.5590389563095,-40.6226886392112,26.1321581105898
-17.5590712790457,-40.622524534035,26.1323852588139
-17.5591037611192,-40.6223586830747,26.1326149827982
-17.5591364030692,-40.622191071147,26.1328473056768
-17.5591692054354,-40.6220216830085,26.1330822506741
-17.5592021687576,-40.6218505033565,26.1333198411048
-17.5592352935756,-40.6216775168282,26.1335601003736
-17.5592685804301,-40.6215027080017,26.1338030519751
-17.5593020298615,-40.6213260613958,26.1340487194929
-17.5593356424106,-40.6211475614704,26.1342971266002
-17.5593694186184,-40.620967192626,26.1345482970589
-17.5594033590262,-40.6207849392045,26.1348022547196
-17.5594374641753,-40.6206007854894,26.1350590235214
-17.5594717346072,-40.6204147157054,26.1353186274914
-17.5595061708637,-40.6202267140189,26.1355810907444
-17.5595407734867,-40.6200367645382,26.135846437483
-17.5595755430181,-40.6198448513137,26.136114691997
-17.5596104799999,-40.6196509583374,26.1363858786631
-17.5596455849745,-40.6194550695441,26.1366600219449
-17.5596808584839,-40.6192571688108,26.1369371463924
-17.5597163010705,-40.6190572399573,26.1372172766416
-17.5597519132768,-40.6188552667459,26.1375004374147
-17.559787695645,-40.6186512328819,26.137786653519
-17.5598236487176,-40.6184451220137,26.1380759498477
-17.5598597730369,-40.618236917733,26.1383683513787
-17.5598960691454,-40.6180266035747,26.1386638831744
-17.5599324259971,-40.6178142611252,26.1389624928961
-17.5599687320534,-40.6175999723703,26.139264127927
-17.5600049871184,-40.6173837213617,26.1395688130366
-17.5600411909971,-40.6171654920978,26.1398765730736
-17.5600773434953,-40.6169452685238,26.1401874329656
-17.5601134444193,-40.6167230345321,26.1405014177183
-17.5601494935766,-40.6164987739624,26.1408185524158
-17.560185490775,-40.6162724706014,26.1411388622199
-17.5602214358234,-40.616044108184,26.1414623723699
-17.560257328531,-40.6158136703786,26.141789108204
-17.5602931687047,-40.6155811406338,26.1421190954002
-17.5603289561499,-40.6153465022347,26.142452359888
-17.5603646906725,-40.6151097384044,26.142788927689
-17.5604003720793,-40.61487083231,26.1431288249075
-17.5604360001776,-40.614629767063,26.1434720777309
-17.5604715747752,-40.6143865257188,26.1438187124281
-17.5605070956808,-40.6141410912776,26.1441687553507
-17.5605425627034,-40.6138934466843,26.1445222329313
-17.5605779756529,-40.6136435748283,26.1448791716843
-17.5606133343397,-40.6133914585442,26.145239598205
-17.5606486385746,-40.6131370806116,26.1456035391692
-17.5606838881693,-40.6128804237557,26.1459710213335
-17.5607190829359,-40.6126214706469,26.1463420715345
-17.560754222687,-40.6123602039012,26.1467167166884
-17.560789307236,-40.6120966060807,26.147094983791
-17.5608242269854,-40.6118309523788,26.1474765188026
-17.5608588718737,-40.6115635191599,26.1478609662045
-17.5608932410193,-40.6112942906578,26.1482483508984
-17.5609273335423,-40.6110232510471,26.1486386978729
-17.5609611485641,-40.6107503844442,26.1490320322036
-17.5609946852074,-40.6104756749063,26.1494283790523
-17.5610279425965,-40.6101991064324,26.1498277636676
-17.561060919857,-40.6099206629632,26.1502302113834
-17.5610936161159,-40.6096403283811,26.1506357476197
-17.5611260305016,-40.6093580865109,26.1510443978816
-17.5611581621441,-40.6090739211189,26.1514561877593
-17.5611900101744,-40.6087878159146,26.1518711429279
-17.5612215737255,-40.608499754549,26.1522892891465
-17.5612528519312,-40.6082097206167,26.1527106522588
-17.5612838439272,-40.6079176976544,26.1531352581921
-17.5613145488504,-40.6076236691422,26.1535631329573
-17.5613449658391,-40.6073276185031,26.1539943026484
-17.561375094033,-40.6070295291035,26.1544287934424
-17.5614049325733,-40.6067293842533,26.1548666315989
-17.5614344806026,-40.606427167206,26.1553078434597
-17.5614637372649,-40.606122861159,26.1557524554486
-17.5614927017057,-40.6058164492533,26.156200494071
-17.5615213730717,-40.6055079145744,26.1566519859138
-17.5615497505113,-40.605197240152,26.1571069576447
-17.5615778331742,-40.6048844089601,26.1575654360121
-17.5616054221382,-40.6045694478504,26.1580275126279
-17.5616323177632,-40.6042523839114,26.1584932792117
-17.5616585181248,-40.6039332003912,26.158962762791
-17.561684021303,-40.6036118804851,26.1594359904674
-17.5617088253818,-40.603288407336,26.159912989417
-17.5617329284493,-40.6029627640338,26.1603937868893
-17.5617563285976,-40.6026349336165,26.1608784102075
-17.5617790239229,-40.6023048990695,26.1613668867677
-17.5618010125256,-40.6019726433264,26.1618592440391
-17.56182229251,-40.6016381492689,26.1623555095632
-17.5618428619849,-40.6013013997267,26.162855710954
-17.5618627190627,-40.6009623774783,26.163359875897
-17.5618818618605,-40.6006210652503,26.1638680321497
-17.5619002884991,-40.6002774457186,26.1643802075405
-17.5619179971037,-40.5999315015073,26.1648964299691
-17.5619349858037,-40.5995832151901,26.1654167274054
-17.5619512527325,-40.5992325692896,26.16594112789
-17.5619667960278,-40.5988795462778,26.1664696595333
-17.5619816138317,-40.5985241285763,26.1670023505151
-17.5619957042902,-40.5981662985564,26.1675392290851
-17.5620090655536,-40.5978060385389,26.1680803235615
-17.5620216957768,-40.597443330795,26.1686256623312
-17.5620335931184,-40.5970781575458,26.1691752738496
-17.5620447557417,-40.5967105009632,26.1697291866401
-17.5620551818142,-40.5963403431687,26.1702874292936
-17.5620649359088,-40.5959676742329,26.1708499735052
-17.5620740827229,-40.5955924841627,26.1714167909871
-17.5620826206164,-40.5952147549112,26.1719879104559
-17.562090547951,-40.5948344683835,26.1725633606952
-17.5620978630907,-40.5944516064366,26.1731431705552
-17.5621045644014,-40.5940661508795,26.1737273689521
-17.5621106502514,-40.5936780834739,26.1743159848684
-17.5621161190109,-40.5932873859337,26.1749090473517
-17.5621209690525,-40.5928940399255,26.1755065855146
-17.5621251987509,-40.592498027069,26.1761086285349
-17.5621288064831,-40.5920993289369,26.1767152056541
-17.5621317906283,-40.5916979270547,26.1773263461783
-17.5621341495682,-40.591293802902,26.1779420794767
-17.5621358816865,-40.5908869379114,26.178562434982
-17.5621369853693,-40.5904773134696,26.1791874421896
-17.5621374590052,-40.5900649109171,26.1798171306575
-17.5621373009852,-40.5896497115488,26.1804515300056
-17.5621365097025,-40.5892316966134,26.1810906699155
-17.5621350835528,-40.5888108473146,26.1817345801301
-17.5621330209344,-40.5883871448106,26.1823832904532
-17.562130320248,-40.5879605702146,26.1830368307493
-17.5621269798967,-40.5875311045946,26.1836952309428
-17.5621229982863,-40.5870987289741,26.1843585210177
-17.5621183738249,-40.5866634243321,26.1850267310177
-17.5621131049234,-40.5862251716029,26.1856998910451
-17.5621069963844,-40.5857840168915,26.1863780600369
-17.5620998525726,-40.5853400063929,26.1870612970797
-17.5620916712486,-40.5848931211109,26.1877496325858
-17.5620824501794,-40.5844433420057,26.1884430970222
-17.5620721871384,-40.5839906499935,26.1891417209105
-17.5620608799056,-40.5835350259479,26.1898455348264
-17.5620485262676,-40.583076450699,26.190554569399
-17.5620351240174,-40.5826149050341,26.1912688553107
-17.5620206709548,-40.5821503696978,26.1919884232964
-17.5620051648861,-40.5816828253922,26.1927133041436
-17.5619886036244,-40.5812122527772,26.1934435286915
-17.5619709849891,-40.5807386324706,26.1941791278309
-17.5619523068067,-40.5802619450482,26.1949201325034
-17.5619325669104,-40.5797821710443,26.1956665737013
-17.5619117631399,-40.5792992909516,26.1964184824672
-17.561889893342,-40.5788132852218,26.1971758898931
-17.56186695537,-40.5783241342653,26.1979388271204
-17.5618429470842,-40.5778318184516,26.1987073253393
-17.5618178663519,-40.5773363181099,26.1994814157886
-17.5617917110471,-40.5768376135287,26.2002611297545
-17.5617644790508,-40.5763356849566,26.2010464985712
-17.561736168251,-40.5758305126018,26.2018375536198
-17.5617067765426,-40.5753220766329,26.2026343263278
-17.5616763018275,-40.5748103571792,26.2034368481689
-17.5616447420149,-40.5742953343302,26.2042451506626
-17.5616120127564,-40.5737770431896,26.2050592352624
-17.5615780294135,-40.5732555190826,26.2058791032734
-17.5615427894709,-40.5727307423729,26.2067047860584
-17.5615062904215,-40.5722026933867,26.2075363150227
-17.561468529766,-40.5716713524125,26.2083737216132
-17.5614295050131,-40.5711366997018,26.2092170373182
-17.5613892136797,-40.5705987154686,26.2100662936669
-17.5613476532907,-40.5700573798906,26.210921522229
-17.5613048213792,-40.5695126731085,26.2117827546138
-17.5612607154867,-40.5689645752268,26.2126500224704
-17.5612153331625,-40.5684130663136,26.2135233574865
-17.5611686719645,-40.5678581264012,26.2144027913887
-17.56112072944,-40.5672997354338,26.215288356035
-17.5610715031003,-40.5667378731956,26.2161800835432
-17.5610209904615,-40.5661725194242,26.2170780060879
-17.5609691890479,-40.5656036538203,26.2179821558835
-17.5609160963919,-40.5650312560476,26.2188925651837
-17.5608617100343,-40.5644553057329,26.2198092662808
-17.5608060275244,-40.5638757824674,26.2207322915058
-17.5607490464197,-40.5632926658051,26.2216616732271
-17.560690764286,-40.5627059352647,26.2225974438506
-17.5606311786979,-40.5621155703288,26.2235396358191
-17.5605702872381,-40.5615215504446,26.2244882816115
-17.5605080874983,-40.5609238550241,26.2254434137427
-17.5604445770783,-40.5603224634439,26.2264050647629
-17.5603801316087,-40.5597169780077,26.2273735972375
-17.5603151274383,-40.5591070000559,26.2283493746623
-17.560249563254,-40.5584925074767,26.2293324310249
-17.5601834377453,-40.557873478136,26.2303228003294
-17.5601167496043,-40.5572498898783,26.231320516596
-17.5600494975254,-40.5566217205267,26.2323256138602
-17.5599816802057,-40.5559889478833,26.2333381261726
-17.5599132963447,-40.5553515497294,26.2343580875978
-17.5598443446449,-40.5547095038258,26.2353855322142
-17.5597748238112,-40.5540627879132,26.2364204941133
-17.559704732551,-40.5534113797118,26.2374630073988
-17.559634069575,-40.552755256923,26.2385131061869
-17.5595628335963,-40.5520943972278,26.2395708246045
-17.5594910233308,-40.5514287782891,26.2406361967896
-17.5594186374974,-40.5507583777499,26.24170925689
-17.5593456748179,-40.5500831732355,26.2427900390633
-17.559272134017,-40.5494031423522,26.243878577476
-17.5591980138223,-40.5487182626889,26.2449749063027
-17.5591233129644,-40.5480285118162,26.2460790597259
-17.5590480301771,-40.5473338672875,26.2471910719351
-17.5589721641971,-40.5466343066391,26.2483109771265
-17.5588957137643,-40.5459298073901,26.2494388095021
-17.5588186776219,-40.5452203470431,26.250574603269
-17.5587410545159,-40.5445059030846,26.2517183926394
-17.5586628431959,-40.5437864529845,26.2528702118293
-17.5585839280346,-40.5430619280142,26.2540302428743
-17.5585041934252,-40.5423322590835,26.2551986683139
-17.5584236381564,-40.5415974230987,26.2563755231183
-17.5583422610245,-40.5408573969545,26.2575608422513
-17.5582600608345,-40.5401121575336,26.2587546606682
-17.5581770363995,-40.5393616817076,26.2599570133166
-17.5580931865409,-40.5386059463369,26.2611679351347
-17.5580085100883,-40.537844928271,26.2623874610511
-17.5579230058798,-40.5370786043493,26.2636156259841
-17.5578366727618,-40.5363069514008,26.2648524648408
-17.5577495095889,-40.5355299462452,26.266098012517
-17.5576615152242,-40.5347475656919,26.2673523038955
-17.5575726885395,-40.533959786542,26.2686153738468
-17.5574830284144,-40.5331665855873,26.2698872572274
-17.5573925337375,-40.5323679396112,26.2711679888795
-17.5573012034054,-40.5315638253887,26.2724576036302
-17.5572090363236,-40.5307542196873,26.2737561362912
-17.5571160314057,-40.5299390992666,26.2750636216576
-17.5570221875742,-40.5291184408789,26.2763800945076
-17.55692750376,-40.5282922212701,26.277705589602
-17.5568319789023,-40.5274604171788,26.2790401416828
-17.5567356119491,-40.5266230053377,26.2803837854733
-17.5566384018571,-40.5257799624733,26.2817365556772
-17.5565403475913,-40.5249312653066,26.2830984869777
-17.5564414481257,-40.5240768905532,26.284469614037
-17.5563416957566,-40.5232167087328,26.2858501396679
-17.5562410827101,-40.5223505901186,26.2872402670362
-17.5561396078673,-40.5214785110505,26.2886400312987
-17.5560372701177,-40.5206004478655,26.2900494675856
-17.5559340683589,-40.5197163768975,26.2914686110001
-17.5558300014969,-40.5188262744788,26.2928974966178
-17.5557250684462,-40.5179301169391,26.2943361594859
-17.5556192681293,-40.5170278806067,26.2957846346225
-17.5555125994774,-40.5161195418087,26.2972429570157
-17.5554050614299,-40.5152050768712,26.2987111616237
-17.5552966529348,-40.5142844621191,26.300189283373
-17.5551873729484,-40.5133576738776,26.3016773571585
-17.5550772204357,-40.5124246884714,26.3031754178427
-17.55496619437,-40.5114854822256,26.3046835002546
-17.5548542937333,-40.510540031466,26.3062016391896
-17.5547415175159,-40.509588312519,26.3077298694082
-17.5546278647169,-40.5086303017126,26.309268225636
-17.5545133343439,-40.507665975376,26.3108167425624
-17.5543979254132,-40.5066953098405,26.31237545484
-17.5542816369498,-40.5057182814397,26.3139443970846
-17.5541644679872,-40.5047348665094,26.3155236038734
-17.5540464175677,-40.5037450413882,26.3171131097451
-17.5539274847424,-40.5027487824183,26.3187129491991
-17.5538076685709,-40.5017460659448,26.3203231566945
-17.5536869681218,-40.5007368683172,26.3219437666498
-17.5535653968178,-40.4997211366953,26.3235748487922
-17.5534429680919,-40.4986988180094,26.3252164731617
-17.5533196810408,-40.4976698882721,26.3268686745794
-17.5531955347707,-40.4966343235043,26.3285314878174
-17.5530705283962,-40.495592099736,26.3302049475977
-17.5529446610412,-40.4945431930059,26.3318890885921
-17.5528179318388,-40.4934875793621,26.3335839454207
-17.5526903399309,-40.4924252348625,26.335289552652
-17.5525618844685,-40.4913561355753,26.3370059448015
-17.5524325646117,-40.4902802575786,26.3387331563313
-17.5523023795299,-40.4891975769616,26.3404712216498
-17.5521713284013,-40.4881080698243,26.34222017511
-17.5520394104135,-40.4870117122782,26.3439800510096
-17.5519066247632,-40.4859084804466,26.3457508835901
-17.5517729706563,-40.4847983504647,26.3475327070359
-17.5516384473079,-40.4836812984803,26.349325555474
-17.5515030539423,-40.4825573006537,26.3511294629726
-17.5513667897932,-40.4814263331583,26.3529444635413
-17.5512296541033,-40.4802883721811,26.3547705911296
-17.5510916461249,-40.4791433939223,26.3566078796265
-17.5509527651193,-40.4779913745965,26.3584563628599
-17.5508130103574,-40.4768322904329,26.360316074596
-17.5506723811192,-40.475666117675,26.3621870485381
-17.5505308766943,-40.4744928325814,26.3640693183263
-17.5503884963816,-40.4733124114262,26.3659629175368
-17.5502454497778,-40.4721248987211,26.3678676349987
-17.5501019466595,-40.4709303391422,26.3697832592137
-17.5499579866064,-40.4697287092331,26.371709823175
-17.5498135692032,-40.4685199855496,26.3736473598203
-17.5496686940398,-40.4673041446603,26.3755959020304
-17.5495233607109,-40.4660811631473,26.3775554826295
-17.5493775688164,-40.4648510176061,26.3795261343834
-17.5492313179613,-40.4636136846458,26.3815078899996
-17.5490846077554,-40.4623691408902,26.3835007821264
-17.548937437814,-40.4611173629771,26.3855048433523
-17.548789807757,-40.4598583275592,26.387520106205
-17.54864171721,-40.4585920113045,26.3895466031514
-17.5484931658031,-40.4573183908964,26.391584366596
-17.5483441531721,-40.4560374430339,26.393633428881
-17.5481946789577,-40.4547491444322,26.3956938222855
-17.5480447428056,-40.4534534718232,26.3977655790243
-17.5478943443669,-40.4521504019547,26.399848731248
-17.547743483298,-40.4508399115923,26.4019433110416
-17.5475921592602,-40.4495219775189,26.4040493504244
-17.5474403719203,-40.4481965765345,26.4061668813492
-17.5472881209501,-40.4468636854577,26.4082959357012
-17.5471354060268,-40.4455232811252,26.4104365452979
-17.5469822268328,-40.444175340392,26.4125887418883
-17.5468285830559,-40.4428198401326,26.4147525571519
-17.5466744743889,-40.4414567572403,26.4169280226985
-17.5465199622161,-40.4400857890571,26.419115557032
-17.5463651081597,-40.4387066333171,26.4213155776404
-17.5462099122764,-40.4373192675247,26.4235281145117
-17.5460543746275,-40.435923669192,26.4257531975795
-17.5458984952781,-40.4345198158394,26.4279908567217
-17.5457422742977,-40.4331076849952,26.4302411217603
-17.5455857117598,-40.4316872541968,26.4325040224603
-17.5454288077422,-40.4302585009902,26.4347795885296
-17.5452715623269,-40.4288214029308,26.4370678496179
-17.5451139756001,-40.4273759375836,26.4393688353163
-17.5449560476524,-40.4259220825232,26.4416825751565
-17.5447977785782,-40.4244598153346,26.4440090986104
-17.5446391684766,-40.4229891136131,26.4463484350891
-17.5444802174508,-40.4215099549647,26.4487006139424
-17.5443209256081,-40.4200223170066,26.4510656644584
-17.5441612930603,-40.4185261773672,26.4534436158624
-17.5440013199234,-40.4170215136866,26.4558344973165
-17.5438410063177,-40.4155083036168,26.4582383379189
-17.5436803523676,-40.4139865248222,26.4606551667034
-17.5435193582021,-40.4124561549797,26.4630850126383
-17.5433580239783,-40.4109171720187,26.4655279042299
-17.5431963499523,-40.4093695548208,26.467983868364
-17.5430343364076,-40.407813282495,26.4704529315036
-17.5428719836312,-40.4062483341361,26.4729351200888
-17.5427092919137,-40.4046746888247,26.4754304605355
-17.5425459324037,-40.4030926682099,26.4779386745873
-17.5423815758756,-40.4015025915679,26.4804594881482
-17.5422162220693,-40.3999044343867,26.4829929338541
-17.5420498707413,-40.3982981722007,26.4855390442154
-17.5418825216553,-40.3966837805251,26.4880978517228
-17.5417141742919,-40.3950612318956,26.4906693937224
-17.5415448279211,-40.3934304964978,26.4932537113795
-17.5413744818309,-40.3917915444893,26.4958508458482
-17.5412031353439,-40.3901443461632,26.4984608380035
-17.541030787817,-40.3884888719489,26.5010837284409
-17.5408574386418,-40.3868250924115,26.5037195574747
-17.5406830872437,-40.3851529782534,26.5063683651386
-17.5405077330825,-40.3834725003137,26.5090301911836
-17.5403313756516,-40.3817836295694,26.5117050750788
-17.5401540144784,-40.3800863371356,26.5143930560096
-17.5399756491236,-40.3783805942654,26.5170941728778
-17.5397962791817,-40.3766663723511,26.5198084643008
-17.5396159042938,-40.3749436430599,26.5225359683879
-17.5394345242296,-40.3732123791612,26.5252767213823
-17.5392521388367,-40.3714725540397,26.5280307584625
-17.5390687479929,-40.3697241412204,26.530798114522
-17.5388843516041,-40.3679671143454,26.5335788242083
-17.5386989496034,-40.3662014471738,26.5363729219216
-17.5385125419518,-40.3644271135828,26.5391804418149
-17.5383251286375,-40.3626440875674,26.5420014177934
-17.5381363566134,-40.3608525768263,26.5448357616427
-17.5379458725252,-40.3590527876118,26.5476833876999
-17.5377536759548,-40.3572446919445,26.5505443332871
-17.5375597665356,-40.3554282619967,26.5534186354099
-17.5373641439519,-40.3536034700929,26.5563063307574
-17.5371668079391,-40.3517702887101,26.5592074557014
-17.5369677582833,-40.3499286904772,26.5621220462959
-17.5367669948211,-40.3480786481769,26.5650501382777
-17.5365645174215,-40.3462201345732,26.5679917673451
-17.5363603259349,-40.34435312191,26.5709469699809
-17.5361544202473,-40.3424775824262,26.5739157826069
-17.5359468002986,-40.3405934885273,26.5768982413024
-17.5357374660819,-40.3387008127868,26.5798943818033
-17.5355264176434,-40.3367995279459,26.5829042395028
-17.5353136551346,-40.3348896073981,26.5859278486573
-17.5350991789593,-40.3329710266164,26.5889652400553
-17.5348829896158,-40.3310437616932,26.5920164434092
-17.5346650876436,-40.3291077888523,26.5950814881543
-17.5344454736228,-40.3271630844491,26.5981604034482
-17.5342241481745,-40.3252096249709,26.6012532181706
-17.5340011119601,-40.3232473870369,26.6043599609238
-17.5337763656814,-40.3212763473984,26.607480660032
-17.5335499101015,-40.3192964831319,26.6106153432262
-17.533321746173,-40.3173077728163,26.6137640357212
-17.533091874958,-40.3153101958435,26.6169267613463
-17.5328599066295,-40.3133040346557,26.6201033423951
-17.5326254515376,-40.3112895717243,26.6232936011264
-17.5323885110676,-40.30926678667,26.6264975609251
-17.5321490866482,-40.307235659209,26.6297152449552
-17.5319071797515,-40.3051961691539,26.6329466761601
-17.5316627918922,-40.3031482964134,26.6361918772619
-17.5314159246283,-40.3010920209924,26.639450870762
-17.5311665795602,-40.2990273229921,26.6427236789405
-17.530914758331,-40.2969541826106,26.6460103238566
-17.5306604626744,-40.2948725805505,26.6493108266806
-17.5304036945517,-40.2927824992248,26.6526252057293
-17.5301444560046,-40.2906839215279,26.6559534784761
-17.529882749105,-40.2885768304249,26.6592956622228
-17.529618575955,-40.2864612089516,26.6626517740997
-17.5293519386875,-40.2843370402151,26.6660218310655
-17.5290828394648,-40.2822043073931,26.6694058499071
-17.5288112804797,-40.2800629937345,26.6728038472399
-17.5285372639547,-40.2779130825593,26.6762158395079
-17.5282607921419,-40.2757545572583,26.6796418429831
-17.5279818673233,-40.2735874012939,26.6830818737663
-17.5277004918099,-40.2714115981993,26.6865359477865
-17.5274166679424,-40.2692271315792,26.6900040808014
-17.5271303980907,-40.2670339851093,26.6934862883973
-17.5268416846536,-40.2648321425369,26.6969825859891
-17.5265505300589,-40.2626215876802,26.70049298882
-17.5262569066895,-40.2604021901052,26.7040177040288
-17.5259607868479,-40.2581738233064,26.7075569325636
-17.5256621728758,-40.2559364770737,26.7111106801778
-17.5253610671266,-40.2536901412162,26.7146789525492
-17.5250574719655,-40.2514348055612,26.7182617552796
-17.5247513897692,-40.249170459955,26.7218590938958
-17.5244428229261,-40.2468970942626,26.7254709738485
-17.524131773836,-40.2446146983673,26.7290974005134
-17.5238182449105,-40.2423232621713,26.7327383791906
-17.5235022385723,-40.2400227755952,26.736393915105
-17.5231837572559,-40.2377132285781,26.7400640134063
-17.5228628034071,-40.2353946110776,26.7437486791689
-17.5225393794828,-40.2330669130697,26.7474479173925
-17.5222134879516,-40.230730124549,26.7511617330014
-17.5218851312933,-40.2283842355283,26.7548901308454
-17.5215543119987,-40.2260292360388,26.7586331156992
-17.5212210325701,-40.22366511613,26.7623906922627
-17.5208852955208,-40.2212918658697,26.7661628651614
-17.5205471033753,-40.218909475344,26.7699496389461
-17.5202064586691,-40.2165179346571,26.773751018093
-17.519863363949,-40.2141172339315,26.777567007004
-17.5195178217724,-40.2117073633077,26.7813976100065
-17.519169834708,-40.2092883129445,26.7852428313539
-17.5188194053353,-40.2068600730187,26.7891026752251
-17.5184665362447,-40.2044226337251,26.7929771457252
-17.5181114316925,-40.2019760125836,26.7968660740871
-17.5177542954991,-40.1995202269983,26.8007692920849
-17.5173951296174,-40.1970552670173,26.8046868045227
-17.5170339360112,-40.1945811227082,26.8086186161306
-17.5166707166542,-40.1920977841575,26.8125647315634
-17.5163054735314,-40.189605241471,26.8165251554019
-17.5159382086377,-40.1871034847732,26.8204998921521
-17.5155689239786,-40.1845925042079,26.8244889462459
-17.5151976215699,-40.1820722899377,26.8284923220408
-17.5148243034379,-40.1795428321442,26.8325100238204
-17.5144489716191,-40.1770041210275,26.8365420557939
-17.5140716281601,-40.1744561468071,26.8405884220968
-17.5136922751179,-40.1718988997207,26.8446491267907
-17.5133109145595,-40.1693323700252,26.8487241738635
-17.5129275485622,-40.166756547996,26.8528135672293
-17.5125421792132,-40.1641714239271,26.8569173107289
-17.5121548086098,-40.1615769881313,26.8610354081295
-17.5117654388592,-40.1589732309397,26.8651678631249
-17.5113740720788,-40.1563601427023,26.8693146793358
-17.5109807103957,-40.1537377137874,26.8734758603097
-17.5105853559467,-40.1511059345817,26.877651409521
-17.5101880108787,-40.1484647954905,26.8818413303713
-17.5097886773483,-40.1458142869373,26.8860456261891
-17.5093873575218,-40.1431543993641,26.8902643002307
-17.5089840535751,-40.1404851232312,26.8944973556791
-17.5085789878115,-40.1378065121369,26.8987445581823
-17.50817238237,-40.135118619762,26.9030056735214
-17.5077642391936,-40.1324214367187,26.9072807049734
-17.5073545602323,-40.1297149536371,26.9115696557452
-17.5069433474434,-40.1269991611665,26.9158725289744
-17.5065306027917,-40.1242740499743,26.9201893277292
-17.5061163282475,-40.1215396107377,26.9245200550221
-17.5057005257822,-40.1187958341188,26.9288647138508
-17.5052831973731,-40.1160427107899,26.9332233071564
-17.5048643450048,-40.1132802314417,26.9375958378108
-17.5044439706686,-40.1105083867837,26.9419823086162
-17.5040220763634,-40.1077271675438,26.9463827223055
-17.5035986640948,-40.1049365644682,26.9507970815428
-17.5031737358756,-40.1021365683219,26.9552253889225
-17.5027472937255,-40.0993271698877,26.9596676469706
-17.5023193396713,-40.0965083599673,26.9641238581437
-17.5018898757466,-40.0936801293803,26.96859402483
-17.5014589039917,-40.0908424689647,26.9730781493489
-17.5010264264542,-40.0879953695768,26.9775762339512
-17.5005924451881,-40.0851388220907,26.9820882808194
-17.5001569622543,-40.0822728173991,26.9866142920674
-17.4997199797205,-40.0793973464125,26.9911542697411
-17.499281499661,-40.0765124000596,26.9957082158181
-17.4988415241569,-40.0736179692868,27.0002761322083
-17.4984000552956,-40.0707140450589,27.0048580207532
-17.4979569699429,-40.0678005184974,27.0094541124979
-17.4975121454956,-40.0648772808795,27.0140646376668
-17.4970655848479,-40.0619443234297,27.0186895967707
-17.4966172908991,-40.0590016373898,27.023328990253
-17.4961672665536,-40.056049214019,27.0279828184901
-17.4957155147213,-40.0530870445937,27.0326510817919
-17.495262038317,-40.0501151204076,27.0373337804013
-17.4948068402609,-40.0471334327717,27.0420309144945
-17.4943499234781,-40.0441419730139,27.0467424841813
-17.493891290999,-40.041140733006,27.051468488661
-17.4934309460287,-40.0381297055333,27.0562089256314
-17.4929688917866,-40.0351088834525,27.0609637926396
-17.4925051314952,-40.0320782596365,27.0657330871716
-17.4920396683809,-40.0290378269739,27.0705168066524
-17.4915725056732,-40.0259875783689,27.0753149484468
-17.491103646605,-40.0229275067414,27.0801275098587
-17.4906330944126,-40.0198576050273,27.084954488132
-17.4901608523355,-40.0167778661775,27.0897958804502
-17.4896869236167,-40.0136882831589,27.0946516839367
-17.4892113115023,-40.0105888489535,27.0995218956551
-17.4887340192417,-40.0074795565592,27.1044065126094
-17.4882550500873,-40.0043603989887,27.1093055317436
-17.4877744072949,-40.0012313692705,27.1142189499426
-17.4872920941234,-39.9980924604483,27.1191467640317
-17.4868081138348,-39.9949436655807,27.1240889707773
-17.4863226649765,-39.9917847629937,27.1290457575812
-17.4858359455271,-39.9886155312544,27.1340173115958
-17.4853479579003,-39.9854359638059,27.1390036291231
-17.4848587045139,-39.9822460541066,27.1440047064045
-17.484368187789,-39.9790457956298,27.1490205396208
-17.4838764101503,-39.9758351818636,27.1540511248921
-17.4833833740263,-39.9726142063111,27.1590964582787
-17.4828890818488,-39.9693828624899,27.1641565357805
-17.4823935360531,-39.9661411439328,27.1692313533377
-17.4818967390783,-39.9628890441869,27.1743209068302
-17.4813986933667,-39.9596265568144,27.1794251920788
-17.480899401364,-39.9563536753918,27.1845442048446
-17.4803988655194,-39.9530703935102,27.1896779408293
-17.4798970882854,-39.9497767047754,27.1948263956755
-17.4793940721177,-39.9464726028075,27.1999895649668
-17.4788898194755,-39.9431580812411,27.2051674442279
-17.4783843328211,-39.9398331337251,27.2103600289247
-17.4778776146203,-39.936497753923,27.2155673144646
-17.4773696673417,-39.9331519355124,27.2207892961968
-17.4768604934573,-39.929795672185,27.2260259694118
-17.4763500954423,-39.9264289576468,27.2312773293424
-17.4758384757749,-39.9230517856184,27.2365433711634
-17.4753256369363,-39.9196641498336,27.2418240899916
-17.4748115814109,-39.9162660440411,27.2471194808863
-17.4742963116861,-39.9128574620031,27.2524295388495
-17.4737799542214,-39.9094384793031,27.2577540595766
-17.4732626354448,-39.906009171237,27.2630928393759
-17.4727443577996,-39.9025695311583,27.2684458740818
-17.4722251237304,-39.8991195524361,27.273813159471
-17.4717049356829,-39.8956592284549,27.2791946912625
-17.4711837961041,-39.8921885526152,27.2845904651181
-17.4706617074422,-39.8887075183322,27.2900004766421
-17.4701386721467,-39.8852161190372,27.2954247213819
-17.469614692668,-39.8817143481762,27.300863194828
-17.4690897714578,-39.8782021992109,27.3063158924141
-17.4685639109688,-39.8746796656181,27.311782809517
-17.4680371136548,-39.8711467408896,27.3172639414574
-17.4675093819709,-39.8676034185328,27.3227592834997
-17.4669807183727,-39.8640496920696,27.328268830852
-17.4664511253173,-39.8604855550373,27.3337925786664
-17.4659206052626,-39.8569110009878,27.3393305220395
-17.4653891606674,-39.8533260234885,27.3448826560118
-17.4648567939915,-39.8497306161209,27.3504489755687
-17.4643235076957,-39.8461247724818,27.35602947564
-17.4637893042415,-39.8425084861827,27.3616241511005
-17.4632541860913,-39.8388817508496,27.3672329967698
-17.4627181557086,-39.8352445601233,27.3728560074129
-17.4621812155576,-39.8315969076593,27.3784931777399
-17.4616433681029,-39.8279387871273,27.3841445024063
-17.4611046158106,-39.8242701922118,27.3898099760135
-17.460564738506,-39.8205912804733,27.3954894968276
-17.4600235166,-39.8169022093323,27.4011829630633
-17.4594809534369,-39.8132029722845,27.4068903691647
-17.4589370523615,-39.8094935628396,27.4126117095245
-17.458391816719,-39.8057739745206,27.4183469784841
-17.457845249855,-39.8020442008646,27.4240961703331
-17.4572973551155,-39.798304235422,27.4298592793105
-17.4567481358467,-39.7945540717567,27.4356362996039
-17.4561975953954,-39.7907937034463,27.44142722535
-17.4556457371084,-39.7870231240817,27.4472320506352
-17.455092564333,-39.7832423272674,27.4530507694948
-17.4545380804168,-39.779451306621,27.4588833759141
-17.4539822887074,-39.7756500557737,27.464729863828
-17.4534251925528,-39.7718385683695,27.4705902271213
-17.4528667953013,-39.7680168380663,27.4764644596288
-17.4523071003011,-39.7641848585346,27.4823525551356
-17.4517461109008,-39.7603426234585,27.488254507377
-17.4511838304491,-39.7564901265346,27.4941703100389
-17.4506202622948,-39.7526273614732,27.5000999567579
-17.4500554097866,-39.7487543219971,27.5060434411213
-17.4494892762736,-39.7448710018422,27.5120007566674
-17.4489218651048,-39.7409773947576,27.5179718968854
-17.4483531796291,-39.7370734945047,27.5239568552162
-17.4477832231957,-39.7331592948583,27.5299556250517
-17.4472119991536,-39.7292347896055,27.5359681997354
-17.4466393443358,-39.7253001052466,27.5419944866432
-17.4460650956817,-39.7213553682566,27.5480343932277
-17.4454892567003,-39.7174005724038,27.5540879128757
-17.4449118309025,-39.7134357114683,27.5601550389273
-17.4443328218005,-39.7094607792417,27.5662357646755
-17.4437522329082,-39.7054757695275,27.5723300833668
-17.4431700677408,-39.701480676141,27.578437988201
-17.4425863298154,-39.6974754929093,27.5845594723317
-17.4420010226501,-39.6934602136708,27.5906945288661
-17.4414141497646,-39.6894348322756,27.5968431508651
-17.4408257146799,-39.6853993425853,27.6030053313441
-17.4402357209187,-39.6813537384734,27.6091810632724
-17.4396441720047,-39.6772980138242,27.6153703395738
-17.439051071463,-39.673232162534,27.6215731531263
-17.4384564228201,-39.6691561785104,27.6277894967629
-17.4378602296037,-39.6650700556721,27.6340193632712
-17.4372624953427,-39.660973787949,27.6402627453938
-17.4366632235673,-39.6568673692828,27.6465196358282
-17.4360624178088,-39.652750793626,27.6527900272274
-17.4354600815997,-39.6486240549424,27.6590739121997
-17.4348562184738,-39.6444871472071,27.6653712833088
-17.4342508319656,-39.640340064406,27.6716821330741
-17.4336439256113,-39.6361828005363,27.6780064539709
-17.4330355029475,-39.6320153496062,27.6843442384306
-17.4324255675124,-39.6278377056349,27.6906954788403
-17.4318138672553,-39.623649998473,27.6970601341006
-17.4312001504873,-39.6194523578945,27.7034381630575
-17.4305844212907,-39.615244777819,27.7098295579518
-17.4299666837502,-39.6110272521765,27.7162343109821
-17.4293469419533,-39.606799774907,27.7226524143042
-17.4287251999896,-39.6025623399603,27.7290838600317
-17.4281014619511,-39.5983149412965,27.735528640236
-17.4274757319324,-39.5940575728853,27.7419867469464
-17.4268480140302,-39.5897902287067,27.7484581721505
-17.4262183123436,-39.5855129027502,27.7549429077938
-17.4255866309738,-39.5812255890155,27.7614409457807
-17.4249529740245,-39.5769282815117,27.7679522779736
-17.4243173456014,-39.5726209742582,27.7744768961941
-17.4236797498124,-39.5683036612836,27.7810147922222
-17.4230401907676,-39.5639763366265,27.7875659577971
-17.4223986725791,-39.5596389943351,27.7941303846171
-17.4217551993612,-39.5552916284673,27.8007080643398
-17.4211097752302,-39.5509342330907,27.8072989885821
-17.4204624043045,-39.5465668022821,27.8139031489205
-17.4198130907041,-39.5421893301281,27.8205205368912
-17.4191618385515,-39.537801810725,27.8271511439901
-17.4185086519708,-39.5334042381784,27.8337949616735
-17.4178535350881,-39.528996606603,27.8404519813574
-17.4171964920311,-39.5245789101235,27.8471221944181
-17.4165375269299,-39.5201511428735,27.8538055921926
-17.4158765499343,-39.5157135216982,27.8605019088613
-17.415213471143,-39.5112662633899,27.8672108790676
-17.4145482946113,-39.5068093620173,27.8739324947841
-17.4138810243984,-39.5023428116584,27.8806667479455
-17.4132116645662,-39.4978666063993,27.8874136304491
-17.4125402191799,-39.4933807403354,27.8941731341543
-17.411866692308,-39.4888852075703,27.9009452508833
-17.4111910880217,-39.4843800022164,27.907729972421
-17.4105134103957,-39.4798651183951,27.9145272905152
-17.4098336635073,-39.475340550236,27.9213371968766
-17.4091518514371,-39.4708062918772,27.9281596831793
-17.4084679782685,-39.4662623374658,27.9349947410604
-17.4077820480878,-39.461708681157,27.9418423621205
-17.4070940649842,-39.4571453171146,27.9487025379239
-17.4064040330498,-39.4525722395109,27.9555752599984
-17.4057119563793,-39.4479894425265,27.9624605198357
-17.4050178390706,-39.4433969203506,27.9693583088916
-17.4043216852239,-39.4387946671806,27.9762686185859
-17.4036234989423,-39.4341826772222,27.9831914403026
-17.4029232843315,-39.4295609446892,27.99012676539
-17.4022210455,-39.4249294638044,27.9970745851612
-17.4015167865587,-39.420288228798,28.0040348908937
-17.4008105116213,-39.4156372339089,28.0110076738299
-17.4001022248037,-39.410976473384,28.0179929251771
-17.3993919302247,-39.4063059414785,28.0249906361075
-17.3986796193826,-39.4016255833632,28.0320008745969
-17.3979652837202,-39.3969353444787,28.0390237081445
-17.3972489272763,-39.392235219495,28.0460591271567
-17.3965305540928,-39.3875252030901,28.0531071220066
-17.3958101682144,-39.3828052899486,28.060167683034
-17.3950877736884,-39.3780754747626,28.067240800546
-17.3943633745651,-39.3733357522313,28.0743264648163
-17.3936369748977,-39.3685861170612,28.0814246660861
-17.3929085787416,-39.3638265639654,28.0885353945636
-17.3921781901553,-39.3590570876649,28.0956586404251
-17.3914458131999,-39.3542776828872,28.1027943938138
-17.390711451939,-39.3494883443669,28.1099426448408
-17.3899751104389,-39.3446890668457,28.1171033835856
-17.3892367927682,-39.3398798450725,28.1242766000948
-17.3884965029983,-39.3350606738027,28.1314622843838
-17.3877542452029,-39.3302315477993,28.138660426436
-17.3870100234582,-39.3253924618316,28.1458710162031
-17.3862638418427,-39.320543410676,28.1530940436054
-17.3855157044374,-39.315684389116,28.160329498532
-17.3847656153256,-39.3108153919418,28.1675773708405
-17.384013578593,-39.3059364139501,28.1748376503575
-17.3832595983273,-39.3010474499452,28.1821103268787
-17.3825036786188,-39.2961484947372,28.1893953901688
-17.3817458235596,-39.2912395431437,28.196692829962
-17.3809860372444,-39.2863205899886,28.2040026359617
-17.3802241112843,-39.2813917840599,28.2113247143786
-17.3794598377044,-39.2764532738927,28.2186589716714
-17.378693221224,-39.2715050539421,28.226005397871
-17.3779242665644,-39.2665471186698,28.233363982978
-17.3771529784502,-39.2615794625438,28.2407347169631
-17.3763793616082,-39.2566020800386,28.2481175897676
-17.3756034207679,-39.2516149656351,28.2555125913029
-17.3748251606614,-39.2466181138206,28.262919711451
-17.3740445860231,-39.2416115190886,28.2703389400645
-17.3732617015902,-39.2365951759393,28.277770266967
-17.372476512102,-39.2315690788787,28.2852136819526
-17.3716890223005,-39.2265332224196,28.2926691747868
-17.3708992369297,-39.2214876010806,28.3001367352061
-17.3701071607362,-39.216432209387,28.3076163529183
-17.3693127984687,-39.2113670418698,28.3151080176025
-17.3685161548784,-39.2062920930666,28.3226117189094
-17.3677172347184,-39.201207357521,28.3301274464615
-17.3669160427443,-39.196112829783,28.3376551898529
-17.3661125837135,-39.1910085044083,28.3451949386495
-17.3653068623857,-39.1858943759591,28.3527466823896
-17.3644988835228,-39.1807704390035,28.3603104105833
-17.3636886518885,-39.1756366881156,28.3678861127132
-17.3628761722486,-39.1704931178757,28.3754737782341
-17.3620614493708,-39.1653397228701,28.3830733965734
-17.3612444880248,-39.160176497691,28.3906849571313
-17.3604253430549,-39.1550034548851,28.3983083939231
-17.3596040690176,-39.1498206071647,28.4059436409728
-17.3587806702547,-39.1446279493784,28.4135906876531
-17.3579551511105,-39.1394254763803,28.4212495233105
-17.3571275159317,-39.1342131830304,28.4289201372655
-17.3562977690675,-39.1289910641935,28.4366025188124
-17.3554659148698,-39.1237591147403,28.44429665722
-17.3546319576927,-39.1185173295463,28.452002541731
-17.3537959018927,-39.1132657034927,28.4597201615627
-17.3529577518287,-39.108004231466,28.4674495059069
-17.3521175118619,-39.1027329083579,28.47519056393
-17.3512751863557,-39.0974517290655,28.4829433247732
-17.3504307796759,-39.0921606884909,28.4907077775523
-17.3495842961903,-39.0868597815416,28.4984839113584
-17.3487357402691,-39.0815490031303,28.5062717152577
-17.3478851162844,-39.0762283481751,28.5140711782913
-17.3470324286107,-39.0708978115988,28.5218822894761
-17.3461776816242,-39.0655573883296,28.5297050378041
-17.3453208797034,-39.0602070733011,28.537539412243
-17.3444620272287,-39.0548468614516,28.5453854017362
-17.3436011285825,-39.0494767477245,28.553242995203
-17.3427381881492,-39.0440967270686,28.5611121815383
-17.3418732103148,-39.0387067944374,28.5689929496136
-17.3410061994675,-39.0333069447898,28.576885288276
-17.3401371599972,-39.0278971730892,28.5847891863493
-17.339266343009,-39.0224772770599,28.5927047522133
-17.3383939991671,-39.0170470546778,28.6006320939041
-17.3375201322014,-39.0116065012915,28.6085711996943
-17.3366447458429,-39.006155612255,28.6165220578329
-17.3357678438232,-39.0006943829277,28.6244846565453
-17.3348894298746,-38.9952228086739,28.6324589840335
-17.3340095077302,-38.9897408848636,28.6404450284761
-17.3331280811235,-38.9842486068715,28.6484427780286
-17.3322451537889,-38.9787459700779,28.6564522208235
-17.3313607294612,-38.9732329698679,28.66447334497
-17.3304748118758,-38.9677096016318,28.6725061385548
-17.3295874047687,-38.9621758607652,28.6805505896417
-17.3286985118763,-38.9566317426687,28.688606686272
-17.3278081369355,-38.9510772427477,28.6966744164643
-17.3269162836837,-38.9455123564132,28.7047537682151
-17.3260229558588,-38.9399370790807,28.7128447294984
-17.3251281571989,-38.9343514061708,28.7209472882661
-17.3242318914426,-38.9287553331091,28.7290614324482
-17.3233341623288,-38.9231488553266,28.7371871499526
-17.3224349735967,-38.9175319682587,28.7453244286655
-17.3215343289859,-38.9119046673457,28.7534732564513
-17.320632232236,-38.9062669480331,28.761633621153
-17.3197286870873,-38.9006188057711,28.7698055105921
-17.3188236972796,-38.894960236015,28.7779889125685
-17.3179172665536,-38.8892912342244,28.7861838148613
-17.3170092394356,-38.8836119287128,28.7943901215838
-17.3160994609775,-38.8779224474785,28.8026077371245
-17.3151879357078,-38.8722227855166,28.8108366496426
-17.3142746681549,-38.8665129378276,28.8190768472768
-17.3133596628463,-38.8607928994168,28.8273283181446
-17.312442924309,-38.8550626652949,28.8355910503433
-17.3115244570697,-38.8493222304773,28.8438650319493
-17.3106042656544,-38.8435715899847,28.8521502510186
-17.3096823545883,-38.8378107388428,28.8604466955871
-17.3087587283963,-38.8320396720822,28.8687543536701
-17.3078333916023,-38.8262583847385,28.877073213263
-17.3069063487298,-38.8204668718524,28.8854032623414
-17.3059776043013,-38.8146651284694,28.8937444888607
-17.3050471628389,-38.8088531496398,28.9020968807564
-17.3041150288635,-38.803030930419,28.9104604259449
-17.3031812068956,-38.7971984658671,28.9188351123224
-17.3022457014547,-38.7913557510492,28.927220927766
-17.3013085170594,-38.7855027810353,28.9356178601334
-17.3003696582275,-38.7796395508999,28.9440258972631
-17.2994291294758,-38.7737660557224,28.9524450269743
-17.2984869353204,-38.7678822905874,28.9608752370674
-17.2975430802761,-38.7619882505834,28.9693165153238
-17.296597568857,-38.7560839308044,28.977768849506
-17.2956504055762,-38.7501693263487,28.9862322273579
-17.2947015949453,-38.7442444323193,28.9947066366048
-17.2937511223364,-38.7383092802134,29.0031920277626
-17.2927989730269,-38.7323639016377,29.0116883513148
-17.2918451513866,-38.7264082918667,29.0201955949104
-17.290889661785,-38.7204424461794,29.0287137461813
-17.2899325085909,-38.7144663598587,29.0372427927413
-17.2889736961726,-38.7084800281917,29.0457827221873
-17.2880132288981,-38.7024834464698,29.0543335220987
-17.2870511111345,-38.6964766099883,29.0628951800377
-17.2860873472486,-38.690459514047,29.0714676835495
-17.2851219416063,-38.6844321539492,29.0800510201621
-17.2841548985732,-38.6783945250029,29.088645177387
-17.283186222514,-38.6723466225197,29.0972501427187
-17.2822159177927,-38.6662884418154,29.1058659036349
-17.2812439887727,-38.6602199782099,29.114492447597
-17.2802704398166,-38.6541412270268,29.1231297620498
-17.2792952752862,-38.6480521835941,29.1317778344218
-17.2783184995425,-38.6419528432433,29.1404366521252
-17.2773401169458,-38.6358432013102,29.1491062025559
-17.2763601318552,-38.6297232531343,29.1577864730941
-17.2753785486294,-38.6235929940589,29.1664774511037
-17.2743953716258,-38.6174524194316,29.1751791239329
-17.2734106052011,-38.6113015246034,29.1838914789141
-17.2724242537111,-38.6051403049294,29.1926145033643
-17.2714363215102,-38.5989687557684,29.2013481845845
-17.2704468129523,-38.5927868724829,29.2100925098605
-17.2694557138693,-38.5865947555419,29.2188473386106
-17.2684630101123,-38.5803925054022,29.2276125304864
-17.2674687060629,-38.574180117414,29.2363880731015
-17.2664728061009,-38.5679575869311,29.245173954055
-17.2654753146059,-38.5617249093108,29.2539701609321
-17.2644762359558,-38.5554820799137,29.2627766813038
-17.2634755745276,-38.5492290941041,29.2715935027266
-17.2624733346975,-38.5429659472497,29.2804206127437
-17.26146952084,-38.5366926347214,29.289257998884
-17.2604641373288,-38.5304091518936,29.2981056486627
-17.2594571885364,-38.5241154941444,29.3069635495816
-17.258448678834,-38.5178116568548,29.3158316891286
-17.2574386125915,-38.5114976354095,29.3247100547783
-17.2564269941776,-38.5051734251962,29.3335986339919
-17.2554138279598,-38.4988390216063,29.3424974142172
-17.2543991183042,-38.492494420034,29.351406382889
-17.2533828695755,-38.4861396158772,29.3603255274289
-17.2523650861371,-38.4797746045369,29.3692548352454
-17.251345772351,-38.4733993814172,29.3781942937342
-17.2503249325779,-38.4670139419256,29.3871438902782
-17.2493025711769,-38.4606182814727,29.3961036122473
-17.2482786925056,-38.4542123954721,29.4050734469992
-17.2472533009205,-38.4477962793411,29.4140533818788
-17.246226400776,-38.4413699284993,29.4230434042183
-17.2451979964254,-38.4349333383702,29.432043501338
-17.2441680067529,-38.4284866586587,29.4410535092317
-17.2431363508032,-38.42203003908,29.4500732640857
-17.2421030331687,-38.4155634750763,29.4591027534913
-17.2410680584404,-38.4090869620926,29.4681419650293
-17.2400314312078,-38.4026004955765,29.4771908862698
-17.238993156059,-38.3961040709781,29.4862495047721
-17.2379532375806,-38.3895976837502,29.4953178080851
-17.2369116803577,-38.383081329348,29.5043957837474
-17.2358684889742,-38.3765550032294,29.513483419287
-17.234823668012,-38.3700187008546,29.5225807022219
-17.2337772220519,-38.3634724176865,29.5316876200597
-17.2327291556727,-38.3569161491904,29.5408041602982
-17.231679473452,-38.3503498908341,29.5499303104249
-17.2306281799655,-38.3437736380879,29.5590660579176
-17.2295752797874,-38.3371873864241,29.5682113902441
-17.22852077749,-38.3305911313181,29.5773662948627
-17.2274646776443,-38.3239848682471,29.5865307592218
-17.2264069848192,-38.3173685926909,29.5957047707604
-17.225347703582,-38.3107423001317,29.6048883169077
-17.2242868384982,-38.3041059860539,29.6140813850838
-17.2232243941316,-38.2974596459443,29.6232839626994
-17.2221603750442,-38.2908032752919,29.6324960371559
-17.2210947857959,-38.2841368695882,29.6417175958455
-17.2200276309449,-38.2774604243266,29.6509486261514
-17.2189589150477,-38.270773935003,29.6601891154476
-17.217888635734,-38.2640771649167,29.66943935458
-17.2168167905916,-38.2573698775695,29.6786996335607
-17.2157433841107,-38.2506520687644,29.6879699385002
-17.2146684207801,-38.2439237343067,29.6972502554994
-17.213591905087,-38.2371848700037,29.70654057065
-17.2125138415169,-38.2304354716654,29.7158408700343
-17.2114342345537,-38.2236755351037,29.7251511397256
-17.2103530886796,-38.2169050561327,29.734471365788
-17.2092704083752,-38.2101240305689,29.7438015342767
-17.2081861981192,-38.2033324542309,29.7531416312381
-17.2071004623887,-38.1965303229393,29.7624916427095
-17.206013205659,-38.1897176325169,29.7718515547198
-17.2049244324037,-38.1828943787889,29.781221353289
-17.2038341470945,-38.1760605575823,29.7906010244287
-17.2027423542012,-38.1692161647262,29.7999905541419
-17.2016490581919,-38.162361196052,29.8093899284234
-17.2005542635325,-38.155495647393,29.8187991332596
-17.1994579746876,-38.1486195145845,29.8282181546285
-17.1983601961192,-38.1417327934638,29.8376469785002
-17.1972609322878,-38.1348354798704,29.8470855908368
-17.1961601876517,-38.1279275696456,29.8565339775921
-17.1950579666674,-38.121009058633,29.8659921247124
-17.1939542737892,-38.1140799426775,29.8754600181358
-17.1928491134694,-38.1071402176267,29.8849376437932
-17.1917424901582,-38.1001898793297,29.8944249876073
-17.1906345344703,-38.0932290846285,29.9039217578873
-17.1895253767659,-38.0862579902601,29.9134276637382
-17.1884150211104,-38.0792765919183,29.9229426922653
-17.1873034715666,-38.0722848852995,29.9324668305666
-17.1861907321946,-38.0652828661016,29.9420000657332
-17.1850768070522,-38.0582705300247,29.9515423848486
-17.1839617001941,-38.0512478727708,29.9610937749898
-17.1828454156727,-38.0442148900439,29.9706542232265
-17.1817279575377,-38.0371715775499,29.9802237166218
-17.1806093298359,-38.0301179309967,29.9898022422318
-17.1794895366116,-38.0230539460938,29.999389787106
-17.1783685819061,-38.0159796185529,30.0089863382873
-17.1772464697583,-38.0088949440875,30.0185918828118
-17.1761232042041,-38.0017999184126,30.0282064077094
-17.1749987892767,-37.9946945372454,30.0378299000035
-17.1738732290063,-37.9875787963046,30.0474623467109
-17.1727465274206,-37.980452691311,30.0571037348425
-17.1716186885443,-37.9733162179865,30.0667540514027
-17.1704897163991,-37.9661693720555,30.0764132833901
-17.169359615004,-37.9590121492437,30.0860814177969
-17.1682283883752,-37.9518445452784,30.0957584416094
-17.1670960405256,-37.9446665558888,30.1054443418082
-17.1659625754656,-37.9374781768057,30.1151391053678
-17.1648279972024,-37.9302794037612,30.124842719257
-17.1636923097403,-37.9230702324895,30.1345551704391
-17.162555408178,-37.9158507005283,30.1442764552948
-17.1614171879112,-37.9086208454462,30.1540065700031
-17.1602776533852,-37.9013806630257,30.1637455012169
-17.1591368090426,-37.8941301490506,30.1734932355844
-17.1579946593226,-37.8868692993058,30.1832497597498
-17.156851208661,-37.8795981095776,30.1930150603525
-17.1557064614911,-37.8723165756535,30.2027891240278
-17.1545604222424,-37.8650246933222,30.2125719374067
-17.1534130953417,-37.8577224583735,30.2223634871161
-17.1522644852122,-37.8504098665985,30.2321637597788
-17.151114596274,-37.8430869137895,30.2419727420137
-17.1499634329442,-37.8357535957396,30.2517904204354
-17.1488109996363,-37.8284099082434,30.2616167816549
-17.1476573007606,-37.8210558470964,30.2714518122792
-17.1465023407243,-37.8136914080953,30.2812954989117
-17.1453461239309,-37.8063165870376,30.2911478281519
-17.144188654781,-37.7989313797223,30.3010087865959
-17.1430299376716,-37.791535781949,30.3108783608361
-17.1418699769963,-37.7841297895184,30.3207565374613
-17.1407087771454,-37.7767133982324,30.3306433030571
-17.1395463425058,-37.7692866038936,30.3405386442056
-17.1383826774608,-37.7618494023059,30.3504425474855
-17.1372177863906,-37.7544017892735,30.3603549994723
-17.1360516736716,-37.7469437606023,30.3702759867386
-17.1348843436769,-37.7394753120986,30.3802054958534
-17.1337157277909,-37.7319965160566,30.390143459566
-17.132545757457,-37.724507444717,30.40008981079
-17.1313744371313,-37.7170080938062,30.4100445363371
-17.1302017712673,-37.7094984590509,30.4200076230162
-17.129027764315,-37.7019785361791,30.4299790576337
-17.1278524207217,-37.6944483209183,30.4399588269935
-17.1266757449315,-37.6869078089969,30.449946917897
-17.1254977413853,-37.6793569961436,30.4599433171431
-17.124318414521,-37.6717958780874,30.4699480115284
-17.1231377687735,-37.6642244505578,30.4799609878472
-17.1219558085743,-37.6566427092844,30.4899822328915
-17.1207725383517,-37.6490506499975,30.5000117334514
-17.1195879625311,-37.6414482684273,30.5100494763144
-17.1184020855344,-37.6338355603046,30.5200954482662
-17.1172149117805,-37.6262125213602,30.5301496360906
-17.116026445685,-37.6185791473254,30.5402120265694
-17.11483669166,-37.6109354339316,30.5502826064823
-17.1136456541147,-37.6032813769105,30.5603613626072
-17.1124533374548,-37.5956169719938,30.5704482817206
-17.1112597460826,-37.5879422149137,30.5805433505968
-17.1100648843973,-37.5802571014023,30.5906465560088
-17.1088687567946,-37.5725616271921,30.6007578847276
-17.1076713676668,-37.5648557880153,30.6108773235232
-17.106472721403,-37.5571395796047,30.6210048591634
-17.1052728223886,-37.549412997693,30.6311404784152
-17.1040716821102,-37.5416761345309,30.6412840458249
-17.1028693119874,-37.5339290824285,30.6514354261614
-17.1016657163009,-37.5261718372067,30.6615946065237
-17.1004608993279,-37.5184043946861,30.67176157401
-17.0992548653424,-37.510626750687,30.6819363157184
-17.098047618615,-37.5028389010294,30.6921188187464
-17.096839163413,-37.4950408415328,30.7023090701913
-17.095629504,-37.4872325680165,30.7125070571501
-17.0944186446368,-37.4794140762991,30.7227127667197
-17.0932065895802,-37.4715853621991,30.7329261859965
-17.0919933430839,-37.4637464215342,30.743147302077
-17.0907789093981,-37.4558972501219,30.7533761020577
-17.0895632927694,-37.4480378437791,30.7636125730348
-17.0883464974411,-37.4401681983222,30.7738567021049
-17.0871285276528,-37.4322883095672,30.7841084763642
-17.0859093876409,-37.4243981733293,30.7943678829096
-17.0846890816379,-37.4164977854235,30.8046349088376
-17.0834676138731,-37.4085871416637,30.8149095412452
-17.082244988572,-37.4006662378639,30.8251917672296
-17.0810212099565,-37.3927350698368,30.8354815738885
-17.0797962822452,-37.3847936333951,30.8457789483196
-17.0785702096528,-37.3768419243503,30.8560838776213
-17.0773429963906,-37.3688799385137,30.8663963488924
-17.0761146466659,-37.3609076716956,30.8767163492322
-17.0748851646829,-37.3529251197057,30.8870438657403
-17.0736547084249,-37.3449323408389,30.8973787250138
-17.0724234355709,-37.3369293936018,30.9077207538636
-17.0711913498618,-37.3289162741203,30.9180699397125
-17.0699584550347,-37.32089297852,30.9284262699854
-17.0687247548221,-37.3128595029248,30.9387897321086
-17.0674902529526,-37.3048158434581,30.9491603135106
-17.0662549531504,-37.2967619962421,30.959538001622
-17.0650188591356,-37.2886979573977,30.969922783875
-17.063781974624,-37.2806237230451,30.9803146477039
-17.0625443033271,-37.2725392893034,30.9907135805455
-17.0613058489522,-37.2644446522903,31.0011195698382
-17.0600666152023,-37.2563398081226,31.0115326030229
-17.0588266057762,-37.2482247529158,31.0219526675424
-17.0575858243683,-37.2400994827843,31.0323797508419
-17.0563442746687,-37.2319639938416,31.0428138403692
-17.0551019603631,-37.2238182821994,31.0532549235736
-17.0538588851332,-37.2156623439687,31.0637029879076
-17.0526150526561,-37.2074961752589,31.0741580208255
-17.0513704666045,-37.1993197721784,31.0846200097843
-17.0501251306469,-37.1911331308342,31.0950889422435
-17.0488790484472,-37.182936247332,31.1055648056651
-17.0476322236653,-37.1747291177762,31.1160475875133
-17.0463846599565,-37.1665117382698,31.1265372752555
-17.0451363609716,-37.1582841049146,31.1370338563611
-17.0438873303571,-37.1500462138107,31.1475373183026
-17.0426375002188,-37.1417981078561,31.1580476318972
-17.0413868029103,-37.1335398299476,31.168564767887
-17.0401352424426,-37.1252713761822,31.1790887136362
-17.0388828228218,-37.1169927426553,31.1896194565122
-17.0376295480493,-37.1087039254612,31.200156983886
-17.036375422122,-37.1004049206923,31.210701283132
-17.0351204490319,-37.0920957244394,31.2212523416281
-17.0338646327659,-37.0837763327922,31.2318101467556
-17.0326079773067,-37.0754467418386,31.2423746858998
-17.0313504866317,-37.0671069476647,31.2529459464491
-17.0300921647138,-37.0587569463554,31.2635239157957
-17.028833015521,-37.0503967339936,31.2741085813357
-17.0275730430165,-37.042026306661,31.2846999304687
-17.0263122511585,-37.0336456604372,31.2952979505981
-17.0250506439004,-37.0252547914005,31.3059026291308
-17.0237882251911,-37.0168536956272,31.3165139534781
-17.0225249989741,-37.0084423691921,31.3271319110546
-17.0212609691884,-37.0000208081682,31.337756489279
-17.019996139768,-36.9915890086267,31.3483876755739
-17.0187305146419,-36.9831469666372,31.3590254573657
-17.0174640977343,-36.9746946782673,31.369669822085
-17.0161968929645,-36.9662321395829,31.3803207571662
-17.0149289042469,-36.9577593466482,31.3909782500478
-17.0136601354908,-36.9492762955252,31.4016422881723
-17.0123905906008,-36.9407829822745,31.4123128589865
-17.0111203207892,-36.9322792644971,31.4229900870607
-17.0098493771268,-36.9237649998853,31.4336740966051
-17.0085777632981,-36.9152401846338,31.444364874532
-17.0073054829828,-36.9067048149357,31.4550624077579
-17.0060325398555,-36.8981588869824,31.4657666832027
-17.0047589375861,-36.8896023969635,31.4764776877904
-17.0034846798395,-36.8810353410671,31.4871954084488
-17.0022097702759,-36.8724577154795,31.4979198321098
-17.0009342125504,-36.863869516385,31.508650945709
-16.9996580103133,-36.8552707399666,31.5193887361863
-16.9983811672099,-36.8466613824049,31.5301331904853
-16.9971036868805,-36.8380414398793,31.5408842955541
-16.9958255729608,-36.829410908567,31.5516420383444
-16.9945468290811,-36.8207697846434,31.5624064058124
-16.993267458867,-36.8121180642823,31.5731773849184
-16.9919874659393,-36.8034557436552,31.5839549626266
-16.9907068539133,-36.794782818932,31.5947391259058
-16.9894256263999,-36.7860992862805,31.6055298617289
-16.9881437870047,-36.7774051418669,31.616327157073
-16.9868613393283,-36.7687003818549,31.6271309989196
-16.9855782869665,-36.7599850024068,31.6379413742546
-16.9842946335099,-36.7512589996823,31.6487582700679
-16.9830103825442,-36.7425223698396,31.6595816733544
-16.98172553765,-36.7337751090348,31.670411571113
-16.980440102403,-36.7250172134215,31.6812479503471
-16.9791540196299,-36.7162486373282,31.6920908790621
-16.9778672323123,-36.7074693349395,31.7029404251789
-16.9765797442501,-36.6986793021917,31.7137965755806
-16.9752915592383,-36.6898785350188,31.7246593171537
-16.9740026810667,-36.6810670293531,31.7355286367888
-16.9727131135202,-36.6722447811249,31.7464045213803
-16.9714228603787,-36.6634117862632,31.7572869578266
-16.9701319254169,-36.6545680406944,31.7681759330301
-16.9688403124044,-36.6457135403432,31.7790714338967
-16.967548025106,-36.6368482811325,31.7899734473369
-16.9662550672769,-36.6279722589517,31.8008819603032
-16.9649614426628,-36.6190854696521,31.8117969597964
-16.9636671550037,-36.6101879090804,31.822718432824
-16.962372208035,-36.6012795730819,31.8336463663973
-16.9610766054867,-36.5923604574992,31.8445807475314
-16.959780351084,-36.5834305581734,31.8555215632455
-16.9584834485468,-36.5744898709432,31.8664688005626
-16.9571859015901,-36.5655383916452,31.8774224465099
-16.9558877139237,-36.556576116114,31.8883824881184
-16.9545888892526,-36.5476030401822,31.8993489124232
-16.9532894312763,-36.5386191596799,31.9103217064636
-16.9519893436895,-36.5296244704353,31.9213008572828
-16.9506886301817,-36.5206189682744,31.9322863519282
-16.9493872944373,-36.5116026490208,31.9432781774514
-16.9480853401355,-36.5025755084961,31.954276320908
-16.9467829420982,-36.4935375636866,31.9652806544564
-16.9454802747431,-36.4844888316826,31.9762910505596
-16.9441773411357,-36.475429308458,31.9873074967366
-16.9428741443358,-36.4663589899843,31.9983299805107
-16.9415706873981,-36.4572778722303,32.0093584894099
-16.9402669733719,-36.4481859511627,32.0203930109662
-16.938963005301,-36.4390832227453,32.0314335327166
-16.9376587862238,-36.4299696829398,32.0424800422021
-16.9363543191736,-36.420845327705,32.0535325269684
-16.9350496071778,-36.4117101529975,32.064590974566
-16.9337446532589,-36.402564154771,32.0756553725494
-16.9324394604337,-36.3934073289766,32.086725708478
-16.9311340317137,-36.3842396715632,32.0978019699159
-16.9298283701048,-36.3750611784766,32.1088841444313
-16.9285224786079,-36.3658718456602,32.1199722195977
-16.9272163602181,-36.3566716690547,32.1310661829927
-16.9259100179254,-36.347460644598,32.1421660221989
-16.9246034547141,-36.3382387682254,32.1532717248034
-16.9232966735632,-36.3290060358694,32.164383278398
-16.9219896774463,-36.3197624434598,32.1755006705794
-16.9206824693317,-36.3105079869234,32.1866238889489
-16.919375052182,-36.3012426621849,32.1977529211125
-16.9180674289546,-36.2919664651653,32.2088877546812
-16.9167596026014,-36.2826793917833,32.2200283772706
-16.9154515760688,-36.2733814379548,32.2311747765011
-16.9141432673196,-36.2640727103889,32.2423268599613
-16.9128345946023,-36.2547533157616,32.2534845353511
-16.911525561284,-36.2454232499341,32.264647790466
-16.9102161707257,-36.2360825087645,32.2758166131069
-16.9089064262827,-36.2267310881077,32.2869909910807
-16.9075963313044,-36.2173689838159,32.2981709121998
-16.9062858891347,-36.2079961917374,32.3093563642822
-16.9049751031115,-36.1986127077183,32.3205473351518
-16.9036639765669,-36.1892185276007,32.3317438126379
-16.9023525128273,-36.1798136472241,32.342945784576
-16.9010407152131,-36.1703980624245,32.3541532388069
-16.8997285870393,-36.1609717690344,32.3653661631774
-16.8984161316147,-36.1515347628837,32.3765845455399
-16.8971033522424,-36.1420870397985,32.3878083737528
-16.8957902522197,-36.132628595602,32.39903763568
-16.8944768348382,-36.1231594261137,32.4102723191914
-16.8931631033836,-36.1136795271501,32.4215124121629
-16.8918490611358,-36.1041888945242,32.4327579024757
-16.8905347113687,-36.0946875240458,32.4440087780173
-16.8892200573507,-36.085175411521,32.455265026681
-16.8879051023442,-36.0756525527529,32.4665266363656
-16.8865898496057,-36.0661189435411,32.4777935949764
-16.885274302386,-36.0565745796814,32.4890658904239
-16.8839584639301,-36.0470194569666,32.500343510625
-16.8826423374771,-36.0374535711858,32.5116264435024
-16.8813258221508,-36.0278769117012,32.5229147381396
-16.8800088172406,-36.0182894678789,32.5342084434197
-16.8786913262253,-36.0086912355087,32.5455075469734
-16.8773733525785,-35.9990822103769,32.5568120364377
-16.8760548997681,-35.9894623882661,32.5681218994555
-16.874735971257,-35.9798317649555,32.579437123676
-16.8734165705024,-35.9701903362203,32.5907576967542
-16.8720967009562,-35.9605380978326,32.6020836063515
-16.8707763660651,-35.9508750455603,32.6134148401354
-16.86945556927,-35.9412011751679,32.6247513857793
-16.8681343140067,-35.9315164824161,32.6360932309633
-16.8668126037054,-35.9218209630621,32.6474403633729
-16.865490441791,-35.912114612859,32.6587927707005
-16.864167831683,-35.9023974275565,32.6701504406443
-16.8628447767953,-35.8926694029004,32.6815133609087
-16.8615212805367,-35.8829305346326,32.6928815192045
-16.8601973463101,-35.8731808184913,32.7042549032485
-16.8588729775134,-35.863420250211,32.7156335007637
-16.8575481775389,-35.8536488255224,32.7270172994797
-16.8562229497733,-35.8438665401519,32.7384062871318
-16.8548972975981,-35.8340733898225,32.749800451462
-16.8535712243893,-35.8242693702533,32.7611997802184
-16.8522447335174,-35.8144544771592,32.7726042611551
-16.8509178283474,-35.8046287062514,32.7840138820329
-16.8495905122389,-35.794792053237,32.7954286306186
-16.848262844202,-35.7849444467161,32.8068485392971
-16.8469348830562,-35.7750858153098,32.8182736403934
-16.8456066318672,-35.765216154752,32.8297039215927
-16.8442780936956,-35.7553354607725,32.8411393705866
-16.8429492715966,-35.7454437290972,32.8525799750723
-16.8416201686201,-35.7355409554483,32.8640257227529
-16.840290787811,-35.7256271355436,32.8754766013376
-16.8389611322086,-35.7157022650975,32.8869325985411
-16.8376312048472,-35.70576633982,32.8983937020845
-16.8363010087556,-35.6958193554173,32.9098598996944
-16.8349705469576,-35.6858613075916,32.9213311791035
-16.8336398224716,-35.6758921920411,32.9328075280505
-16.8323088383106,-35.6659120044598,32.9442889342797
-16.8309775974825,-35.6559207405377,32.9557753855418
-16.8296461029899,-35.6459183959609,32.9672668695931
-16.8283143578301,-35.6359049664113,32.9787633741959
-16.826982364995,-35.6258804475666,32.9902648871186
-16.8256501274715,-35.6158448351004,33.0017713961353
-16.824317648241,-35.6057981246823,33.0132828890264
-16.8229849302797,-35.5957403119778,33.0247993535781
-16.8216519765585,-35.5856713926478,33.0363207775823
-16.820318790043,-35.5755913623496,33.0478471488375
-16.8189853736935,-35.5655002167357,33.0593784551476
-16.8176517304652,-35.555397951455,33.0709146843228
-16.8163178633077,-35.5452845621516,33.0824558241791
-16.8149837777169,-35.5351601054245,33.0940017957868
-16.8136494792077,-35.525024637821,33.105552520429
-16.8123149707511,-35.5148781549009,33.1171079862502
-16.8109802553124,-35.5047206522195,33.1286681814009
-16.8096453358517,-35.4945521253277,33.1402330940376
-16.8083102153235,-35.4843725697724,33.1518027123232
-16.8069748966768,-35.4741819810952,33.1633770244261
-16.8056393828552,-35.463980354834,33.1749560185212
-16.8043036767967,-35.4537676865217,33.1865396827894
-16.8029677814342,-35.4435439716869,33.1981280054174
-16.8016316996948,-35.4333092058536,33.2097209745984
-16.8002954345004,-35.4230633845413,33.2213185785312
-16.7989589887671,-35.4128065032649,33.2329208054211
-16.7976223656618,-35.4025385575588,33.2445276433241
-16.7962855690297,-35.3922595430177,33.2561390798883
-16.7949486027938,-35.3819694552414,33.2677551027167
-16.7936114708686,-35.3716682898257,33.27937569942
-16.7922741771598,-35.3613560423636,33.2910008576163
-16.7909367255645,-35.3510327084442,33.3026305649311
-16.7895991199709,-35.3406982836535,33.3142648089978
-16.7882613642586,-35.3303527635739,33.325903577457
-16.7869234622985,-35.3199961437844,33.3375468579572
-16.7855854179529,-35.3096284198604,33.3491946381541
-16.784247235075,-35.2992495873737,33.360846905711
-16.7829089175098,-35.288859641893,33.3725036482989
-16.7815705226855,-35.2784586296417,33.384164773123
-16.7802321080889,-35.2680465966861,33.3958301877087
-16.7788936776387,-35.2576235383538,33.407499880218
-16.7775552352441,-35.2471894499694,33.4191738388201
-16.7762167848041,-35.2367443268541,33.4308520516909
-16.7748783302087,-35.2262881643261,33.4425345070136
-16.7735398753375,-35.2158209577004,33.4542211929783
-16.7722014240609,-35.2053427022885,33.4659120977818
-16.7708629802392,-35.1948533933988,33.4776072096282
-16.7695245477235,-35.1843530263367,33.4893065167285
-16.7681861303547,-35.1738415964039,33.5010100073004
-16.7668477319644,-35.1633190988991,33.5127176695689
-16.7655093563744,-35.1527855291176,33.5244294917657
-16.7641710073968,-35.1422408823515,33.5361454621296
-16.762832688834,-35.1316851538892,33.5478655689061
-16.7614944044789,-35.1211183390162,33.559589800348
-16.7601561581146,-35.1105404330143,33.5713181447146
-16.7588179535146,-35.0999514311622,33.5830505902724
-16.7574797944429,-35.0893513287347,33.5947871252947
-16.7561416846535,-35.078740121004,33.6065277380616
-16.7548036278914,-35.0681178032381,33.6182724168603
-16.7534656278913,-35.0574843707019,33.6300211499848
-16.7521276883786,-35.0468398186569,33.6417739257358
-16.7507898130692,-35.0361841423608,33.653530732421
-16.7494520056692,-35.0255173370682,33.6652915583551
-16.7481142677595,-35.0148394249232,33.6770563649505
-16.7467766009134,-35.0041504282976,33.6888251134568
-16.7454390088108,-34.993450342782,33.7005977919555
-16.7441014951224,-34.9827391639625,33.7123743885363
-16.7427640635095,-34.9720168874209,33.7241548912975
-16.7414267176239,-34.9612835087351,33.7359392883457
-16.740089461108,-34.9505390234783,33.7477275677958
-16.7387522975949,-34.9397834272197,33.7595197177711
-16.7374152307083,-34.929016715524,33.7713157264033
-16.7360782640623,-34.9182388839518,33.7831155818321
-16.7347414012619,-34.9074499280592,33.7949192722058
-16.7334046459025,-34.8966498433979,33.8067267856811
-16.7320680015704,-34.8858386255155,33.8185381104225
-16.7307314718422,-34.8750162699548,33.8303532346033
-16.7293950602855,-34.8641827722548,33.8421721464047
-16.7280587704582,-34.8533381279494,33.8539948340163
-16.7267226059092,-34.8424823325686,33.8658212856359
-16.7253865701779,-34.8316153816377,33.8776514894694
-16.7240506667941,-34.8207372706777,33.8894854337311
-16.7227148992789,-34.8098479952051,33.9013231066433
-16.7213792711435,-34.7989475507317,33.9131644964367
-16.7200437858901,-34.7880359327652,33.92500959135
-16.7187084470116,-34.7771131368085,33.93685837963
-16.7173732579913,-34.7661791583601,33.9487108495318
-16.7160382223037,-34.7552339929138,33.9605669893183
-16.7147034072971,-34.7442776818453,33.9724267089015
-16.713368880262,-34.7333102667033,33.9842899182219
-16.7120346445715,-34.7223317432341,33.9961566055995
-16.7107007035887,-34.7113421071792,34.0080267593635
-16.7093670606668,-34.7003413542755,34.0199003678519
-16.708033719149,-34.6893294802551,34.0317774194121
-16.7067006823686,-34.678306480845,34.0436579024003
-16.7053679536491,-34.6672723517678,34.0555418051819
-16.7040355363041,-34.656227088741,34.0674291161313
-16.7027034336371,-34.6451706874772,34.0793198236319
-16.7013716489421,-34.6341031436844,34.0912139160762
-16.7000401855029,-34.6230244530654,34.1031113818656
-16.6987090465937,-34.6119346113184,34.1150122094105
-16.6973782354786,-34.6008336141363,34.1269163871302
-16.696047755412,-34.5897214572076,34.138823903453
-16.6947176096386,-34.5785981362154,34.150734746816
-16.6933878013932,-34.5674636468382,34.1626489056653
-16.6920583339005,-34.5563179847491,34.1745663684559
-16.690729210376,-34.5451611456167,34.1864871236516
-16.6894004340248,-34.5339931251041,34.1984111597249
-16.6880720080427,-34.5228139188699,34.2103384651573
-16.6867439356155,-34.5116235225674,34.2222690284393
-16.6854162199192,-34.5004219318447,34.2342028380695
-16.6840888641203,-34.4892091423451,34.246139882556
-16.6827618713753,-34.4779851497068,34.2580801504152
-16.6814351472188,-34.4667499419935,34.2700236852989
-16.6801085973573,-34.4555035070282,34.2819705309138
-16.678782225191,-34.4442458400812,34.293920675871
-16.6774560341109,-34.4329769364183,34.305874108789
-16.6761300274988,-34.4216967913003,34.3178308182932
-16.6748042087272,-34.4104053999837,34.3297907930164
-16.6734785811598,-34.3991027577205,34.3417540215988
-16.6721531481506,-34.3877888597578,34.3537204926873
-16.6708279130448,-34.3764637013384,34.3656901949366
-16.6695028791783,-34.3651272777,34.3776631170079
-16.668178049878,-34.3537795840762,34.3896392475702
-16.6668534284614,-34.3424206156955,34.401618575299
-16.6655290182371,-34.331050367782,34.4136010888772
-16.6642048225044,-34.3196688355548,34.4255867769948
-16.6628808445536,-34.3082760142285,34.4375756283487
-16.6615570876659,-34.2968718990132,34.4495676316431
-16.6602335551132,-34.2854564851138,34.461562775589
-16.6589102501586,-34.2740297677307,34.4735610489044
-16.6575871760559,-34.2625917420595,34.4855624403143
-16.65626433605,-34.2511424032912,34.4975669385509
-16.6549417333764,-34.2396817466118,34.5095745323531
-16.6536193712619,-34.2282097672026,34.5215852104667
-16.6522972529241,-34.2167264602399,34.5335989616446
-16.6509753815715,-34.2052318208957,34.5456157746464
-16.6496537604037,-34.1937258443365,34.5576356382387
-16.6483324265893,-34.1822084946836,34.5696585555244
-16.6470114171859,-34.1706797360699,34.5816845295896
-16.6456907352128,-34.159139563673,34.5937135491862
-16.6443703836803,-34.1475879726648,34.6057456030726
-16.6430503655896,-34.1360249582129,34.6177806800142
-16.641730683933,-34.1244505154797,34.6298187687832
-16.640411341694,-34.1128646396222,34.6418598581584
-16.6390923418468,-34.101267325793,34.6539039369256
-16.637773687357,-34.089658569139,34.6659509938768
-16.636455381181,-34.0780383648026,34.6780010178112
-16.6351374262664,-34.0664067079208,34.6900539975344
-16.6338198255516,-34.0547635936256,34.7021099218586
-16.6325025819667,-34.0431090170439,34.7141687796029
-16.6311856984323,-34.0314429732977,34.7262305595928
-16.6298691778603,-34.0197654575035,34.7382952506603
-16.6285530231539,-34.0080764647728,34.750362841644
-16.6272372372071,-33.9963759902121,34.7624333213891
-16.6259218229053,-33.9846640289229,34.7745066787475
-16.624606783125,-33.9729405760008,34.7865829025771
-16.6232921207337,-33.9612056265373,34.7986619817427
-16.6219778385903,-33.9494591756177,34.8107439051153
-16.6206639395448,-33.9377012183227,34.8228286615725
-16.6193504264382,-33.9259317497276,34.834916239998
-16.618037302103,-33.9141507649026,34.8470066292823
-16.6167245693627,-33.9023582589124,34.8590998183218
-16.6154123297208,-33.8905541260652,34.8711958469148
-16.6141006844748,-33.8787382607171,34.8832947547152
-16.612789636126,-33.8669106579976,34.8953965304133
-16.6114791871669,-33.8550713130308,34.9075011627051
-16.6101693400808,-33.8432202209358,34.9196086402931
-16.6088600973421,-33.8313573768266,34.9317189518854
-16.6075514614165,-33.8194827758121,34.9438320861964
-16.6062434347604,-33.807596412996,34.9559480319464
-16.6049360198216,-33.795698283477,34.9680667778618
-16.6036292190389,-33.7837883823483,34.9801883126748
-16.602323034842,-33.7718667046981,34.9923126251237
-16.6010174696521,-33.7599332456095,35.0044397039526
-16.5997125258814,-33.7479880001604,35.0165695379115
-16.5984082059331,-33.7360309634233,35.0287021157563
-16.5971045122016,-33.7240621304655,35.0408374262488
-16.5958014470728,-33.7120814963492,35.0529754581565
-16.5944990129233,-33.7000890561313,35.0651162002527
-16.5931972121213,-33.6880848048633,35.0772596413167
-16.591896047026,-33.6760687375917,35.0894057701332
-16.590595519988,-33.6640408493572,35.1015545754928
-16.5892956333489,-33.6520011351959,35.1137060461918
-16.5879963894417,-33.639949590138,35.1258601710323
-16.5866977905908,-33.6278862092087,35.1380169388219
-16.5853998391115,-33.6158109874278,35.1501763383738
-16.5841025373109,-33.6037239198096,35.1623383585069
-16.5828060111352,-33.591624872417,35.1745030528958
-16.5815103863016,-33.5795137113174,35.1866704750665
-16.5802156647597,-33.5673904315242,35.1988406136223
-16.5789218484501,-33.5552550280456,35.2110134571717
-16.5776289393043,-33.5431074958849,35.2231889943285
-16.5763369392449,-33.5309478300401,35.235367213711
-16.5750458501853,-33.5187760255042,35.2475481039429
-16.5737556740298,-33.5065920772651,35.2597316536529
-16.572466412674,-33.4943959803055,35.2719178514744
-16.5711780680045,-33.4821877296029,35.284106686046
-16.5698906418986,-33.4699673201297,35.296298146011
-16.5686041362251,-33.4577347468532,35.3084922200176
-16.5673185528435,-33.4454900047355,35.3206888967191
-16.5660338936046,-33.4332330887332,35.3328881647733
-16.5647501603503,-33.4209639937982,35.345090012843
-16.5634673549136,-33.4086827148767,35.3572944295957
-16.5621854791184,-33.39638924691,35.3695014037038
-16.5609045347803,-33.3840835848339,35.3817109238444
-16.5596245237054,-33.371765723579,35.393922978699
-16.5583454476915,-33.3594356580709,35.4061375569544
-16.5570673085273,-33.3470933832295,35.4183546473015
-16.5557901079929,-33.3347388939697,35.4305742384361
-16.5545138478596,-33.3223721852009,35.4427963190587
-16.5532385298898,-33.3099932518274,35.455020877874
-16.5519641558373,-33.2976020887479,35.4672479035917
-16.5506906867649,-33.2851987529737,35.4794773456273
-16.549418083917,-33.2727833013156,35.4917091536298
-16.5481463493064,-33.2603557283646,35.5039433166656
-16.5468754849368,-33.2479160287061,35.5161798238051
-16.5456054928028,-33.2354641969207,35.5284186641221
-16.5443363748901,-33.223000227584,35.5406598266944
-16.5430681331751,-33.2105241152661,35.5529033006035
-16.5418007696251,-33.1980358545325,35.5651490749347
-16.5405342861987,-33.1855354399434,35.577397138777
-16.5392686848451,-33.1730228660537,35.5896474812229
-16.5380039675048,-33.1604981274132,35.6019000913687
-16.5367401361092,-33.1479612185668,35.6141549583143
-16.5354771925806,-33.1354121340541,35.6264120711631
-16.5342151388327,-33.1228508684093,35.6386714190222
-16.5329539767699,-33.1102774161617,35.6509329910021
-16.5316937082879,-33.0976917718354,35.6631967762169
-16.5304343352733,-33.0850939299492,35.6754627637843
-16.529175859604,-33.0724838850166,35.6877309428252
-16.5279182831489,-33.059861631546,35.700001302464
-16.5266616077682,-33.0472271640406,35.7122738318287
-16.5254058353132,-33.0345804769984,35.7245485200504
-16.5241509676262,-33.0219215649118,35.7368253562638
-16.5228970065408,-33.0092504222683,35.7491043296066
-16.5216439538819,-32.9965670435501,35.7613854292203
-16.5203918114657,-32.9838714232339,35.7736686442492
-16.5191407473,-32.9711634364125,35.7859539971099
-16.5178909290835,-32.9584429581758,35.7982415101664
-16.5166423581545,-32.9457099829889,35.8105311724889
-16.5153950358417,-32.9329645053119,35.8228229731499
-16.5141489634648,-32.9202065195997,35.8351169012247
-16.5129041423339,-32.9074360203026,35.8474129457912
-16.5116605737499,-32.8946530018655,35.8597110959298
-16.5104182590044,-32.8818574587285,35.8720113407232
-16.5091771993797,-32.8690493853265,35.8843136692572
-16.5079373961488,-32.8562287760896,35.8966180706193
-16.5066988505756,-32.8433956254424,35.9089245338999
-16.5054615639146,-32.830549927805,35.9212330481917
-16.5042255374113,-32.8176916775919,35.9335436025897
-16.5029907723018,-32.8048208692128,35.9458561861916
-16.5017572698132,-32.7919374970721,35.9581707880968
-16.5005250311635,-32.7790415555695,35.9704873974077
-16.4992940575614,-32.766133039099,35.9828060032284
-16.4980643502066,-32.7532119420499,35.9951265946655
-16.4968359102899,-32.740278258806,36.0074491608279
-16.4956087389928,-32.7273319837464,36.0197736908265
-16.4943828374877,-32.7143731112445,36.0321001737744
-16.4931582069383,-32.7014016356689,36.0444285987869
-16.491934848499,-32.6884175513829,36.0567589549812
-16.4907127633153,-32.6754208527447,36.0690912314769
-16.4894919525239,-32.6624115341071,36.0814254173955
-16.4882725268965,-32.6493895019569,36.0937615312496
-16.4870545970231,-32.6363546628372,36.106099591425
-16.4858381637545,-32.623307011177,36.1184395868561
-16.4846232279322,-32.6102465414002,36.1307815064792
-16.4834097903882,-32.5971732479249,36.1431253392328
-16.4821978519453,-32.5840871251644,36.1554710740575
-16.4809874134172,-32.5709881675262,36.1678186998959
-16.479778475608,-32.5578763694125,36.1801682056927
-16.478571039313,-32.5447517252204,36.1925195803944
-16.477365105318,-32.5316142293414,36.2048728129495
-16.4761606743998,-32.5184638761614,36.2172278923087
-16.474957747326,-32.5053006600612,36.2295848074242
-16.473756324855,-32.492124575416,36.2419435472502
-16.4725564077362,-32.4789356165958,36.2543041007429
-16.4713579967099,-32.4657337779647,36.26666645686
-16.4701610925072,-32.4525190538818,36.2790306045612
-16.4689656958504,-32.4392914387004,36.291396532808
-16.4677718074526,-32.4260509267684,36.3037642305633
-16.4665794280178,-32.4127975124284,36.316133686792
-16.4653885582414,-32.3995311900174,36.3285048904606
-16.4641991988094,-32.3862519538667,36.340877830537
-16.4630113503992,-32.3729597983024,36.3532524959909
-16.4618250136792,-32.3596547176446,36.3656288757934
-16.4606401893087,-32.3463367062086,36.3780069589175
-16.4594568779385,-32.3330057583032,36.3903867343372
-16.4582751501528,-32.3196618368675,36.4027681872531
-16.4570950764529,-32.3063049048086,36.4151513028919
-16.4559166573512,-32.2929349563804,36.4275360702692
-16.4547398933506,-32.2795519858311,36.4399224784016
-16.4535647849448,-32.2661559874037,36.452310516307
-16.4523913326182,-32.2527469553361,36.4647001730044
-16.451219536846,-32.2393248838601,36.4770914375139
-16.4500493980941,-32.2258897672026,36.4894842988565
-16.4488809168191,-32.2124415995849,36.5018787460543
-16.4477140934685,-32.1989803752227,36.5142747681304
-16.4465489284807,-32.1855060883264,36.5266723541087
-16.4453854222849,-32.1720187331009,36.5390714930144
-16.444223575301,-32.1585183037455,36.5514721738731
-16.44306338794,-32.1450047944542,36.5638743857116
-16.4419048606038,-32.1314781994153,36.5762781175574
-16.4407479936852,-32.1179385128118,36.5886833584388
-16.4395927875681,-32.1043857288208,36.6010900973848
-16.438439242627,-32.0908198416143,36.6134983234253
-16.437287359228,-32.0772408453586,36.6259080255909
-16.4361371377277,-32.0636487342142,36.6383191929125
-16.4349885784742,-32.0500435023363,36.6507318144221
-16.4338416818062,-32.0364251438745,36.6631458791521
-16.432696448054,-32.0227936529729,36.6755613761355
-16.4315528775387,-32.0091490237696,36.6879782944058
-16.4304109705728,-31.9954912503977,36.700396622997
-16.4292706459378,-31.9818204322562,36.7128162957196
-16.4281318225685,-31.9681366688787,36.7252372464119
-16.4269945009936,-31.9544399545901,36.7376594641514
-16.4258586817334,-31.9407302837092,36.7500829380174
-16.4247243652998,-31.9270076505485,36.7625076570907
-16.4235915521965,-31.9132720494141,36.7749336104535
-16.4224602429186,-31.8995234746058,36.7873607871896
-16.4213304379529,-31.8857619204171,36.7997891763843
-16.4202021377781,-31.8719873811353,36.8122187671242
-16.4190753428644,-31.8581998510412,36.8246495484974
-16.4179500536737,-31.8443993244093,36.8370815095933
-16.4168262706599,-31.8305857955077,36.8495146395028
-16.4157039942683,-31.8167592585982,36.8619489273176
-16.4145832249364,-31.8029197079364,36.8743843621313
-16.4134639630933,-31.7890671377711,36.8868209330382
-16.4123462091598,-31.7752015423452,36.899258629134
-16.4112299635487,-31.7613229158948,36.9116974395155
-16.4101152266648,-31.7474312526498,36.9241373532807
-16.4090019989047,-31.7335265468338,36.9365783595286
-16.4078902806567,-31.7196087926637,36.949020447359
-16.4067800723013,-31.7056779843504,36.9614636058732
-16.405671374211,-31.6917341160978,36.9739078241731
-16.40456418675,-31.677777182104,36.9863530913616
-16.4034585102748,-31.6638071765602,36.9987993965426
-16.4023543451336,-31.6498240936513,37.0112467288208
-16.4012517038374,-31.6358279021623,37.0236950936086
-16.4001505988033,-31.6218185709885,37.0361444961983
-16.3990510302275,-31.607796094471,37.0485949255162
-16.3979529982987,-31.5937604669439,37.0610463704891
-16.3968565031978,-31.5797116827352,37.0734988200456
-16.3957615450982,-31.5656497361659,37.0859522631145
-16.3946681241657,-31.5515746215508,37.098406688626
-16.3935762405586,-31.5374863331975,37.1108620855112
-16.3924858944275,-31.5233848654077,37.1233184427019
-16.3913970859155,-31.509270212476,37.135775749131
-16.3903098151583,-31.4951423686906,37.148233993732
-16.3892240822842,-31.4810013283329,37.1606931654393
-16.3881398874138,-31.4668470856778,37.173153253188
-16.3870572306603,-31.4526796349936,37.185614245914
-16.3859761121298,-31.4384989705418,37.1980761325537
-16.3848965319205,-31.4243050865773,37.2105389020441
-16.3838184901237,-31.4100979773483,37.2230025433232
-16.382741986823,-31.3958776370965,37.235467045329
-16.3816670220948,-31.3816440600568,37.2479323970006
-16.3805935960083,-31.3673972404573,37.2603985872771
-16.3795217086251,-31.3531371725197,37.2728656050982
-16.3784513599999,-31.3388638504587,37.2853334394043
-16.3773825501799,-31.3245772684825,37.2978020791359
-16.3763152792051,-31.3102774207925,37.3102715132338
-16.3752495471083,-31.2959643015834,37.3227417306393
-16.3741852995135,-31.2816377982829,37.3352128336029
-16.3731224821128,-31.2672977981707,37.3476849241386
-16.372061095031,-31.2529442952108,37.3601579908325
-16.3710011383862,-31.2385772833607,37.37263202227
-16.3699426122899,-31.2241967565716,37.3851070070356
-16.368885516847,-31.2098027087886,37.3975829337132
-16.3678298521555,-31.1953951339504,37.4100597908856
-16.3667756183073,-31.1809740259895,37.4225375671349
-16.3657228153873,-31.1665393788321,37.4350162510422
-16.364671443474,-31.152091186398,37.4474958311878
-16.3636215026394,-31.1376294426009,37.4599762961508
-16.3625729929488,-31.1231541413481,37.4724576345095
-16.3615259144612,-31.1086652765405,37.484939834841
-16.360480267229,-31.0941628420727,37.4974228857212
-16.3594360512982,-31.0796468318332,37.5099067757253
-16.3583932667084,-31.0651172397039,37.5223914934269
-16.3573519134925,-31.0505740595605,37.5348770273988
-16.3563119916773,-31.0360172852725,37.5473633662123
-16.3552735012831,-31.0214469107026,37.5598504984375
-16.3542364423238,-31.0068629297078,37.5723384126435
-16.353200814807,-30.9922653361381,37.5848270973975
-16.3521666187338,-30.9776541238375,37.5973165412658
-16.3511338540992,-30.9630292866438,37.6098067328134
-16.3501025208918,-30.9483908183878,37.6222976606034
-16.3490726190939,-30.9337387128946,37.6347893131978
-16.3480440746446,-30.9190729983917,37.6472816830472
-16.3470168136143,-30.9043937030116,37.6597747626544
-16.3459908361726,-30.8897008204267,37.6722685406569
-16.3449661424835,-30.8749943443028,37.6847630056907
-16.3439427327048,-30.8602742682996,37.6972581463898
-16.3429206069887,-30.8455405860704,37.7097539513864
-16.3418997654812,-30.8307932912618,37.7222504093107
-16.3408802083227,-30.8160323775141,37.7347475087909
-16.3398619356476,-30.8012578384613,37.7472452384532
-16.3388449475846,-30.7864696677307,37.7597435869218
-16.3378292442566,-30.7716678589435,37.7722425428189
-16.3368148257804,-30.7568524057142,37.7847420947646
-16.3358016922675,-30.742023301651,37.7972422313766
-16.3347898438232,-30.7271805403557,37.8097429412709
-16.3337792805474,-30.7123241154232,37.8222442130607
-16.3327700025341,-30.6974540204426,37.8347460353574
-16.3317620098717,-30.6825702489962,37.84724839677
-16.3307553026426,-30.6676727946596,37.8597512859051
-16.329749880924,-30.6527616510025,37.8722546913672
-16.3287457447871,-30.6378368115878,37.8847586017581
-16.3277428942975,-30.6228982699717,37.8972630056772
-16.3267413295155,-30.6079460197043,37.9097678917218
-16.3257410504953,-30.592980054329,37.9222732484864
-16.3247420572858,-30.5780003673829,37.934779064563
-16.3237443499303,-30.5630069523963,37.947285328541
-16.3227478367835,-30.5479997447178,37.9597921152475
-16.3217524263285,-30.5329786796002,37.9722994993058
-16.3207581187936,-30.5179437504203,37.9848074689956
-16.319764914402,-30.5028949505491,37.9973160125932
-16.3187728133726,-30.4878322733509,38.009825118372
-16.317781815919,-30.4727557121839,38.022334774602
-16.3167919222503,-30.4576652604,38.0348449695499
-16.3158031325708,-30.4425609113445,38.0473556914792
-16.3148154470798,-30.4274426583566,38.0598669286499
-16.3138288659722,-30.4123104947689,38.0723786693187
-16.3128433894379,-30.3971644139082,38.0848909017391
-16.3118590176623,-30.3820044090943,38.0974036141608
-16.310875750826,-30.3668304736411,38.1099167948302
-16.3098935891048,-30.3516426008559,38.1224304319902
-16.3089125326699,-30.3364407840399,38.1349445138802
-16.3079325816881,-30.3212250164876,38.1474590287358
-16.3069537363211,-30.3059952914874,38.1599739647892
-16.3059759967263,-30.2907516023212,38.1724893102689
-16.3049993630565,-30.2754939422646,38.1850050533998
-16.3040238354595,-30.2602223045869,38.1975211824029
-16.3030494140791,-30.2449366825508,38.2100376854954
-16.3020760990541,-30.2296370694127,38.222554550891
-16.3011038905189,-30.214323458423,38.2350717667995
-16.3001327886032,-30.1989958428249,38.2475893214265
-16.2991627934325,-30.1836542158561,38.2601072029744
-16.2981938860502,-30.1682986033933,38.2726253820319
-16.297226047502,-30.1529290313185,38.2851438292458
-16.2962592779093,-30.1375454928675,38.2976625328983
-16.2952935773896,-30.1221479812693,38.310181481268
-16.294328946056,-30.1067364897467,38.3227006626296
-16.2933653840171,-30.0913110115157,38.3352200652536
-16.2924028913774,-30.0758715397853,38.3477396774066
-16.2914414682373,-30.0604180677586,38.3602594873511
-16.2904811146928,-30.0449505886317,38.3727794833457
-16.2895218308357,-30.029469095594,38.3852996536447
-16.2885636167537,-30.0139735818288,38.3978199864983
-16.2876064725302,-29.9984640405124,38.4103404701528
-16.2866503982444,-29.9829404648144,38.4228610928497
-16.2856953939716,-29.9674028478982,38.4353818428268
-16.2847414597826,-29.9518511829202,38.4479027083174
-16.2837885957443,-29.9362854630305,38.4604236775503
-16.2828368019194,-29.9207056813724,38.4729447387503
-16.2818860783666,-29.9051118310826,38.4854658801375
-16.2809364251403,-29.8895039052912,38.4979870899277
-16.2799878422912,-29.8738818971217,38.5105083563322
-16.2790403298654,-29.8582457996911,38.5230296675579
-16.2780938879054,-29.8425956061095,38.535551011807
-16.2771485164496,-29.8269313094806,38.5480723772773
-16.2762042155322,-29.8112529029015,38.5605937521617
-16.2752609851835,-29.7955603794624,38.5731151246488
-16.2743188104009,-29.7798537142864,38.5856365031231
-16.273377676168,-29.7641328825656,38.5981578958535
-16.2724375824886,-29.7483978774842,38.6106792908473
-16.2714985293629,-29.7326486922194,38.6232006761077
-16.2705605167876,-29.7168853199417,38.6357220396336
-16.2696235447558,-29.7011077538146,38.6482433694191
-16.2686876132569,-29.6853159869945,38.660764653454
-16.2677527222767,-29.6695100126314,38.6732858797234
-16.2668188717976,-29.6536898238677,38.6858070362078
-16.2658860617983,-29.6378554138396,38.6983281108832
-16.2649542922542,-29.6220067756761,38.710849091721
-16.264023563137,-29.6061439024991,38.7233699666875
-16.2630938744149,-29.5902667874241,38.7358907237449
-16.2621652260526,-29.5743754235591,38.7484113508499
-16.2612376180115,-29.5584698040056,38.7609318359549
-16.2603110502493,-29.5425499218582,38.7734521670072
-16.2593855227204,-29.5266157702043,38.7859723319495
-16.2584610353756,-29.5106673421247,38.7984923187192
-16.2575375881626,-29.4947046306931,38.8110121152489
-16.2566151810253,-29.4787276289763,38.8235317094663
-16.2556938139044,-29.4627363300344,38.836051089294
-16.2547734867372,-29.4467307269203,38.8485702426495
-16.2538541994575,-29.43071081268,38.8610891574451
-16.252935951996,-29.4146765803529,38.8736078215882
-16.2520187442798,-29.3986280229711,38.8861262229807
-16.2511025760399,-29.3825651232087,38.8986443574192
-16.2501874469901,-29.3664878637393,38.9111622206686
-16.2492733570273,-29.350396237584,38.9236798005755
-16.2483603060447,-29.3342902377568,38.936197084981
-16.2474482939328,-29.3181698572654,38.9487140617215
-16.2465373205785,-29.3020350891097,38.9612307186271
-16.2456273858656,-29.2858859262836,38.9737470435232
-16.2447184896749,-29.2697223617734,38.9862630242291
-16.2438106318838,-29.2535443885588,38.9987786485591
-16.2429038123666,-29.2373519996125,39.0112939043216
-16.2419980309944,-29.2211451879002,39.0238087793195
-16.2410932876354,-29.2049239463808,39.03632326135
-16.2401895821543,-29.1886882680063,39.0488373382046
-16.239286914413,-29.1724381457215,39.0613509976693
-16.2383852842702,-29.1561735724648,39.0738642275242
-16.2374846915814,-29.1398945411669,39.0863770155435
-16.2365851361992,-29.1236010447523,39.0988893494957
-16.235686617973,-29.1072930761383,39.1114012171436
-16.2347891367493,-29.090970628235,39.1239126062436
-16.2338926923714,-29.074633693946,39.1364235045468
-16.2329972846797,-29.0582822661677,39.1489338997979
-16.2321029135114,-29.0419163377896,39.1614437797356
-16.231209578701,-29.0255359016943,39.1739531320927
-16.2303172800797,-29.0091409507575,39.1864619445958
-16.229426017476,-28.9927314778479,39.1989702049656
-16.2285357720732,-28.9763075481639,39.2114778551769
-16.2276465251059,-28.9598692269356,39.2239848373251
-16.2267582764749,-28.9434165070692,39.2364911393026
-16.2258710260784,-28.9269493814636,39.2489967489957
-16.2249847738112,-28.9104678430109,39.2615016542846
-16.2240995195652,-28.893971884596,39.2740058430436
-16.2232152632296,-28.8774614990965,39.2865093031407
-16.2223320046905,-28.8609366793833,39.299012022438
-16.2214497438311,-28.8443974183201,39.3115139887913
-16.2205684805316,-28.8278437087635,39.3240151900503
-16.2196882146694,-28.8112755435628,39.3365156140581
-16.2188089461191,-28.7946929155606,39.3490152486521
-16.2179306747523,-28.7780958175923,39.3615140816629
-16.2170534004377,-28.761484242486,39.3740121009148
-16.2161771230412,-28.744858183063,39.3865092942258
-16.2153018424261,-28.7282176321376,39.3990056494077
-16.2144275584524,-28.7115625825166,39.4115011542653
-16.2135542709777,-28.6948930270001,39.4239957965971
-16.2126819798565,-28.6782089583809,39.4364895641953
-16.2118106849408,-28.661510369445,39.4489824448453
-16.2109403860796,-28.644797252971,39.4614744263256
-16.2100710831193,-28.6280696017305,39.4739654964085
-16.2092027759034,-28.6113274084883,39.4864556428594
-16.2083354642726,-28.5945706660017,39.4989448534367
-16.2074691480651,-28.5777993670211,39.5114331158924
-16.2066038325825,-28.561013407431,39.5239204857229
-16.2057395230754,-28.5442126831036,39.5364070181915
-16.2048762193016,-28.527397186761,39.5488927006896
-16.2040139210163,-28.5105669111177,39.5613775206016
-16.2031526279723,-28.4937218488817,39.5738614653049
-16.2022923399203,-28.4768619927538,39.5863445221694
-16.2014330566082,-28.4599873354276,39.5988266785582
-16.200574777782,-28.4430978695898,39.6113079218269
-16.1997175031848,-28.4261935879201,39.6237882393239
-16.1988612325578,-28.409274483091,39.6362676183901
-16.1980059656397,-28.3923405477682,39.6487460463595
-16.1971517021667,-28.3753917746102,39.6612235105581
-16.196298441873,-28.3584281562685,39.6736999983051
-16.1954461844903,-28.3414496853873,39.6861754969115
-16.1945949297482,-28.3244563546044,39.6986499936815
-16.1937446773736,-28.30744815655,39.7111234759113
-16.1928954270915,-28.2904250838474,39.7235959308896
-16.1920471786246,-28.2733871291128,39.7360673458977
-16.1911999316933,-28.2563342849555,39.7485377082089
-16.1903536860156,-28.2392665439777,39.7610070050889
-16.1895084413076,-28.2221838987746,39.7734752237959
-16.1886641972828,-28.2050863419344,39.7859423515801
-16.1878209536529,-28.1879738660378,39.7984083756839
-16.1869787101271,-28.1708464636591,39.8108732833417
-16.1861374664125,-28.1537041273651,39.8233370617804
-16.1852972749096,-28.1365465992118,39.8357998537423
-16.1844581878891,-28.1193736209766,39.848261801583
-16.1836202048606,-28.1021851847989,39.8607228919359
-16.1827833253314,-28.0849812828119,39.8731831114248
-16.1819475488067,-28.0677619071426,39.8856424466636
-16.1811128747894,-28.0505270499115,39.8981008842567
-16.1802793027803,-28.0332767032329,39.9105584107982
-16.1794468322779,-28.0160108592152,39.9230150128729
-16.1786154627787,-27.9987295099599,39.9354706770555
-16.1777851937768,-27.9814326475626,39.9479253899108
-16.1769560247646,-27.9641202641126,39.9603791379937
-16.1761279552318,-27.946792351693,39.9728319078491
-16.1753009846665,-27.9294489023803,39.9852836860118
-16.1744751125545,-27.9120899082449,39.9977344590068
-16.1736503383793,-27.894715361351,40.0101842133489
-16.1728266616227,-27.8773252537564,40.0226329355426
-16.1720040817641,-27.8599195775127,40.0350806120827
-16.1711825982812,-27.8424983246649,40.0475272294532
-16.1703622106492,-27.8250614872521,40.0599727741286
-16.1695429183417,-27.8076090573069,40.0724172325723
-16.1687247208299,-27.7901410268557,40.0848605912384
-16.1679076175833,-27.7726573879183,40.0973028365697
-16.1670916080692,-27.7551581325086,40.1097439549993
-16.1662766917531,-27.7376432526338,40.1221839329498
-16.1654628680982,-27.7201127402952,40.1346227568332
-16.1646502195912,-27.7025666313218,40.1470603493752
-16.1638388285519,-27.6850049614615,40.1594966335715
-16.1630286941939,-27.6674277225318,40.1719315962574
-16.1622198157291,-27.649834906338,40.1843652242608
-16.1614121923666,-27.6322265046785,40.1967975043984
-16.1606058233134,-27.6146025093457,40.2092284234765
-16.1598007077739,-27.5969629121249,40.2216579682897
-16.1589968449503,-27.5793077047949,40.234086125622
-16.1581942340423,-27.5616368791283,40.246512882246
-16.1573928742472,-27.5439504268906,40.2589382249233
-16.1565927647601,-27.526248339841,40.2713621404044
-16.1557939047737,-27.5085306097321,40.2837846154282
-16.1549962934784,-27.4907972283096,40.2962056367226
-16.1541999300621,-27.4730481873131,40.3086251910042
-16.1534048137108,-27.4552834784753,40.3210432649783
-16.1526109436079,-27.4375030935224,40.3334598453387
-16.1518183189346,-27.4197070241737,40.3458749187675
-16.1510269388699,-27.4018952621423,40.3582884719361
-16.1502368025905,-27.3840677991347,40.3707004915036
-16.149447909271,-27.3662246268504,40.3831109641181
-16.1486602580835,-27.3483657369826,40.3955198764157
-16.1478738481983,-27.3304911212179,40.4079272150214
-16.1470886787832,-27.312600771236,40.4203329665481
-16.1463047490037,-27.2946946787104,40.4327371175973
-16.1455220580237,-27.2767728353077,40.4451396547586
-16.1447406809635,-27.2588351735441,40.4575405741469
-16.1439606927892,-27.2408816259221,40.4699398718203
-16.1431820924285,-27.2229121840788,40.4823375342649
-16.1424048788066,-27.2049268396442,40.4947335479547
-16.1416290508463,-27.1869255842422,40.5071278993516
-16.140854607468,-27.1689084094904,40.5195205749055
-16.1400815475894,-27.1508753069996,40.5319115610539
-16.1393098701257,-27.1328262683742,40.5443008442219
-16.1385395739901,-27.1147612852123,40.556688410823
-16.1377706580927,-27.0966803491054,40.5690742472575
-16.1370031213418,-27.0785834516387,40.581458339914
-16.1362369626429,-27.0604705843906,40.5938406751685
-16.1354721808992,-27.0423417389332,40.6062212393844
-16.1347087750116,-27.0241969068324,40.618600018913
-16.1339467438786,-27.0060360796471,40.6309770000926
-16.1331860863962,-26.9878592489301,40.6433521692496
-16.1324268014582,-26.9696664062276,40.6557255126972
-16.1316688879562,-26.9514575430793,40.6680970167364
-16.1309123447791,-26.9332326510184,40.6804666676553
-16.1301571708138,-26.9149917215717,40.6928344517294
-16.1294033649449,-26.8967347462593,40.7052003552214
-16.1286509260547,-26.8784617165949,40.7175643643813
-16.127899853023,-26.860172624086,40.7299264654464
-16.1271501447276,-26.8418674602332,40.7422866446408
-16.1264018000442,-26.8235462165307,40.7546448881761
-16.1256547881633,-26.8052088097981,40.7670012430878
-16.124909078362,-26.786855156754,40.779355756215
-16.124164669642,-26.7684852487317,40.7917084134553
-16.1234215610031,-26.7500990770575,40.8040592006925
-16.1226797514425,-26.7316966330521,40.8164081037974
-16.1219392399558,-26.7132779080291,40.8287551086272
-16.1212000255361,-26.6948428932962,40.8411002010254
-16.1204621071747,-26.6763915801542,40.8534433668222
-16.1197254838607,-26.6579239598981,40.8657845918344
-16.1189901545813,-26.6394400238158,40.8781238618649
-16.1182561183214,-26.6209397631894,40.8904611627033
-16.117523374064,-26.602423169294,40.9027964801251
-16.1167919207902,-26.5838902333989,40.9151297998924
-16.1160617574788,-26.5653409467663,40.9274611077536
-16.115332883107,-26.5467753006526,40.9397903894431
-16.1146052966496,-26.5281932863074,40.9521176306816
-16.1138789970797,-26.5095948949739,40.964442817176
-16.1131539833684,-26.490980117889,40.9767659346192
-16.1124302544847,-26.4723489462829,40.9890869686901
-16.1117078093958,-26.4537013713799,41.0014059050539
-16.110986647067,-26.4350373843972,41.0137227293613
-16.1102667664616,-26.4163569765459,41.0260374272495
-16.1095481665409,-26.3976601390307,41.0383499843412
-16.1088308462645,-26.3789468630496,41.0506603862452
-16.1081148045901,-26.3602171397944,41.0629686185559
-16.1073999814971,-26.3414709616183,41.0752746892321
-16.1066863170904,-26.3227083208423,41.0875786061559
-16.1059738105132,-26.3039292086003,41.0998803547857
-16.105262460907,-26.2851336160197,41.1121799205657
-16.1045522674121,-26.2663215342209,41.1244772889255
-16.1038432291671,-26.2474929543184,41.1367724452809
-16.1031353453092,-26.2286478674194,41.1490653750327
-16.1024286149744,-26.2097862646252,41.1613560635677
-16.1017230372967,-26.1909081370299,41.1736444962577
-16.101018611409,-26.1720134757213,41.1859306584606
-16.1003153364429,-26.1531022717806,41.1982145355191
-16.0996132115283,-26.1341745162824,41.210496112762
-16.0989122357938,-26.1152302002946,41.2227753755028
-16.0982124083667,-26.0962693148786,41.2350523090407
-16.0975137283726,-26.0772918510891,41.24732689866
-16.0968161949361,-26.0582977999744,41.2595991296303
-16.0961198071802,-26.039287152576,41.2718689872064
-16.0954245642267,-26.0202598999287,41.2841364566283
-16.0947304651957,-26.001216033061,41.296401523121
-16.0940375092064,-25.9821555429945,41.3086641718946
-16.0933456953764,-25.9630784207444,41.3209243881444
-16.0926550228221,-25.9439846573192,41.3331821570505
-16.0919654906585,-25.9248742437207,41.345437463778
-16.0912770979993,-25.9057471709441,41.3576902934769
-16.090589843957,-25.8866034299782,41.3699406312822
-16.0899036986833,-25.8674429957171,41.3821884836291
-16.0892186324096,-25.8482658429518,41.3944338569098
-16.088534644366,-25.8290719625062,41.4066767361713
-16.087851733781,-25.8098613451978,41.4189171064447
-16.087169899882,-25.790633981838,41.4311549527455
-16.0864891418954,-25.7713898632316,41.4433902600732
-16.0858094590461,-25.7521289801773,41.4556230134115
-16.0851308505579,-25.7328513234674,41.4678531977283
-16.0844533156533,-25.7135568838878,41.4800807979751
-16.0837768535538,-25.6942456522183,41.4923057990882
-16.0831014634796,-25.6749176192322,41.504528185987
-16.0824271446497,-25.6555727756965,41.5167479435754
-16.0817538962819,-25.6362111123719,41.5289650567408
-16.0810817175932,-25.6168326200128,41.5411795103549
-16.0804106077988,-25.5974372893671,41.5533912892728
-16.0797405661135,-25.5780251111766,41.5656003783337
-16.0790715917504,-25.5585960761765,41.5778067623601
-16.0784036839219,-25.5391501750958,41.5900104261585
-16.0777368418388,-25.5196873986572,41.6022113545191
-16.0770710647114,-25.500207737577,41.6144095322156
-16.0764063517484,-25.4807111825649,41.626604944005
-16.0757427021578,-25.4611977243246,41.6387975746284
-16.0750801151463,-25.4416673535534,41.6509874088098
-16.0744185899196,-25.4221200609418,41.6631744312571
-16.0737581256823,-25.4025558371746,41.6753586266613
-16.0730986825429,-25.3829746223259,41.6875400255828
-16.0724402206835,-25.3633763564366,41.6997186584013
-16.0717827394174,-25.3437610301314,41.7118945095131
-16.0711262380573,-25.324128634028,41.7240675632973
-16.0704707159154,-25.304479158738,41.7362378041165
-16.0698161723032,-25.2848125948661,41.7484052163161
-16.0691626065314,-25.2651289330106,41.7605697842249
-16.0685100179105,-25.2454281637632,41.7727314921545
-16.0678584057501,-25.2257102777089,41.7848903243998
-16.0672077693591,-25.2059752654263,41.7970462652384
-16.0665581080463,-25.1862231174874,41.8091992989311
-16.0659094211194,-25.1664538244575,41.8213494097216
-16.0652617078857,-25.1466673768954,41.833496581836
-16.0646149676521,-25.1268637653533,41.8456407994839
-16.0639691997247,-25.1070429803767,41.8577820468571
-16.0633244034092,-25.0872050125047,41.8699203081304
-16.0626805780108,-25.0673498522697,41.8820555674613
-16.0620377228341,-25.0474774901974,41.8941878089899
-16.061395837183,-25.0275879168071,41.9063170168387
-16.0607549203613,-25.0076811226114,41.9184431751132
-16.0601149716717,-24.9877570981163,41.930566267901
-16.059475990417,-24.9678158338211,41.9426862792724
-16.0588379758992,-24.9478573202188,41.9548031932801
-16.0582009274198,-24.9278815477953,41.9669169939592
-16.0575648442799,-24.9078885070304,41.9790276653271
-16.0569296879063,-24.8878782867359,41.9911351475812
-16.0562954198212,-24.8678509757752,42.0032393810657
-16.0556620394687,-24.8478065646953,42.0153403499924
-16.0550295462918,-24.8277450440359,42.0274380385551
-16.0543979397337,-24.8076664043307,42.0395324309303
-16.0537672192371,-24.7875706361062,42.0516235112771
-16.0531373842444,-24.7674577298822,42.0637112637367
-16.0525084341978,-24.747327676172,42.075795672433
-16.051880368539,-24.727180465482,42.0878767214719
-16.0512531867095,-24.7070160883118,42.0999543949419
-16.0506268881506,-24.6868345351545,42.1120286769133
-16.0500014723031,-24.6666357964964,42.124099551439
-16.0493769386078,-24.6464198628169,42.136167002554
-16.0487532865051,-24.6261867245888,42.1482310142749
-16.0481305154351,-24.605936372278,42.1602915706011
-16.0475086248377,-24.585668796344,42.1723486555136
-16.0468876141525,-24.5653839872391,42.1844022529751
-16.046267482819,-24.5450819354094,42.1964523469311
-16.0456482302763,-24.5247626312936,42.2084989213079
-16.0450298559634,-24.5044260653241,42.2205419600144
-16.0444123593189,-24.4840722279266,42.2325814469411
-16.0437957397815,-24.4637011095196,42.2446173659601
-16.0431799967894,-24.4433127005153,42.2566497009254
-16.0425651297807,-24.4229069913187,42.2686784356724
-16.0419511381934,-24.4024839723286,42.2807035540186
-16.0413380349372,-24.3820436206638,42.2927250423044
-16.0407258328768,-24.3615859134499,42.3047428868335
-16.0401145313827,-24.3411108410851,42.3167570713401
-16.039504129825,-24.3206183939608,42.3287675795394
-16.0388946275739,-24.3001085624617,42.3407743951283
-16.0382860239994,-24.2795813369657,42.3527775017849
-16.0376783184711,-24.2590367078441,42.3647768831685
-16.0370715103588,-24.2384746654613,42.3767725229197
-16.036465599032,-24.2178952001751,42.3887644046605
-16.0358605838602,-24.1972983023363,42.4007525119936
-16.0352564642127,-24.1766839622892,42.4127368285032
-16.0346532394586,-24.1560521703713,42.4247173377545
-16.0340509089672,-24.1354029169131,42.4366940232934
-16.0334494721073,-24.1147361922388,42.4486668686471
-16.0328489282481,-24.0940519866653,42.4606358573238
-16.0322492767582,-24.0733502905032,42.4726009728122
-16.0316505170066,-24.0526310940559,42.484562198582
-16.031052648362,-24.0318943876205,42.4965195180839
-16.030455670193,-24.0111401614868,42.5084729147491
-16.0298595818682,-23.9903684059381,42.5204223719894
-16.0292643827562,-23.9695791112511,42.5323678731976
-16.0286700722256,-23.9487722676954,42.5443094017469
-16.0280766496449,-23.9279478655338,42.556246940991
-16.0274841143826,-23.9071058950226,42.5681804742643
-16.0268924658071,-23.8862463464109,42.5801099848815
-16.0263016608949,-23.8653692419889,42.592035454132
-16.0257116567347,-23.8444746040816,42.603956863283
-16.0251224528633,-23.8235624229807,42.615874195586
-16.0245340488178,-23.8026326889709,42.6277874342735
-16.0239464441354,-23.7816853923301,42.6396965625587
-16.0233596383537,-23.7607205233289,42.6516015636348
-16.0227736310104,-23.739738072231,42.6635024206758
-16.0221884216434,-23.7187380292932,42.675399116836
-16.0216040097911,-23.6977203847652,42.6872916352505
-16.0210203949919,-23.6766851288896,42.699179959034
-16.0204375767846,-23.6556322519023,42.7110640712822
-16.0198555547081,-23.6345617440317,42.7229439550704
-16.0192743283019,-23.6134735954996,42.7348195934546
-16.0186938971054,-23.5923677965206,42.7466909694707
-16.0181142606586,-23.5712443373023,42.7585580661348
-16.0175354185015,-23.5501032080453,42.7704208664429
-16.0169573701746,-23.5289443989432,42.7822793533711
-16.0163801152186,-23.5077679001825,42.7941335098755
-16.0158036531745,-23.4865737019426,42.8059833188918
-16.0152279835838,-23.4653617943962,42.817828763336
-16.0146531059879,-23.4441321677087,42.8296698261038
-16.014079019929,-23.4228848120382,42.8415064900702
-16.0135057249493,-23.4016197175365,42.8533387380905
-16.0129332205914,-23.3803368743478,42.8651665529993
-16.0123615063983,-23.3590362726093,42.876989917611
-16.0117905654955,-23.3377178703378,42.8888088383234
-16.0112203810325,-23.3163816255438,42.9006233214135
-16.0106509525898,-23.2950275283453,42.9124333494838
-16.010082279748,-23.2736555688527,42.9242389051159
-16.0095143620887,-23.2522657371696,42.9360399708711
-16.008947199194,-23.2308580233922,42.9478365292897
-16.0083807906465,-23.2094324176098,42.9596285628917
-16.0078151360295,-23.1879889099043,42.9714160541758
-16.0072502349273,-23.1665274903507,42.9831989856202
-16.0066860869243,-23.1450481490166,42.9949773396821
-16.0061226916057,-23.1235508759626,43.0067510987977
-16.0055600485577,-23.1020356612422,43.0185202453825
-16.0049981573666,-23.0805024949016,43.0302847618305
-16.00443701762,-23.0589513669799,43.042044630515
-16.0038766289056,-23.037382267509,43.0537998337879
-16.0033169908121,-23.0157951865137,43.0655503539802
-16.0027581029287,-22.9941901140118,43.0772961734015
-16.0021999648454,-22.9725670400136,43.0890372743401
-16.0016425761529,-22.9509259545225,43.1007736390628
-16.0010859364424,-22.9292668475346,43.1125052498153
-16.0005300453062,-22.9075897090388,43.1242320888217
-15.9999749023368,-22.885894529017,43.1359541382847
-15.9994205071277,-22.8641812974439,43.1476713803852
-15.998866859273,-22.8424500042869,43.159383797283
-15.9983139583677,-22.8207006395063,43.1710913711157
-15.99776179958,-22.7989332109124,43.1827940762117
-15.9972103780999,-22.7771477262841,43.1944918869263
-15.9966596935565,-22.7553441755247,43.2061847854056
-15.996109745579,-22.7335225485303,43.2178727537737
-15.9955605337976,-22.7116828351897,43.2295557741323
-15.9950120578429,-22.689825025385,43.2412338285614
-15.9944643173465,-22.6679491089909,43.2529068991189
-15.9939173119404,-22.6460550758754,43.2645749678404
-15.9933710412573,-22.624142915899,43.2762380167394
-15.9928255049307,-22.6022126189157,43.287896027807
-15.9922807025947,-22.5802641747717,43.299548983012
-15.9917366338842,-22.5582975733067,43.311196864301
-15.9911932984346,-22.5363128043532,43.3228396535979
-15.990650695882,-22.5143098577365,43.3344773328045
-15.9901088258635,-22.4922887232748,43.3461098837996
-15.9895676880167,-22.4702493907794,43.3577372884399
-15.9890272819798,-22.4481918500544,43.3693595285591
-15.9884876073919,-22.4261160908968,43.3809765859684
-15.9879486638927,-22.4040221030966,43.3925884424563
-15.9874104511228,-22.3819098764366,43.4041950797883
-15.9868729687233,-22.3597794006926,43.4157964797072
-15.9863362163362,-22.3376306656333,43.4273926239331
-15.9858001936041,-22.3154636610201,43.4389834941626
-15.9852649001705,-22.2932783766078,43.4505690720699
-15.9847303356796,-22.2710748021436,43.4621493393058
-15.9841964891676,-22.2488529854844,43.473724251656
-15.9836633497037,-22.2266129745416,43.4852937649854
-15.9831309169824,-22.2043547591338,43.4968578610296
-15.9825991906995,-22.1820783290723,43.508416521501
-15.982068170551,-22.1597836741614,43.5199697280891
-15.9815378562341,-22.1374707841981,43.5315174624602
-15.9810082474467,-22.1151396489721,43.5430597062575
-15.9804793438875,-22.092790258266,43.5545964411013
-15.979951145256,-22.0704226018554,43.5661276485883
-15.9794236512527,-22.0480366695085,43.5776533102921
-15.9788968615786,-22.0256324509862,43.589173407763
-15.9783707759358,-22.0032099360425,43.6006879225277
-15.9778453940271,-21.9807691144241,43.6121968360898
-15.9773207155562,-21.9583099758704,43.623700129929
-15.9767967402277,-21.9358325101137,43.6351977855018
-15.9762734677468,-21.9133367068791,43.6466897842409
-15.9757508978198,-21.8908225558845,43.6581761075551
-15.9752290301539,-21.8682900468406,43.6696567368301
-15.9747078644569,-21.8457391694508,43.6811316534271
-15.9741874004375,-21.8231699134114,43.692600838684
-15.9736676378056,-21.8005822684117,43.7040642739145
-15.9731485762715,-21.7779762241334,43.7155219404086
-15.9726302155469,-21.7553517702511,43.726973819432
-15.9721125553438,-21.7327088964324,43.7384198922265
-15.9715955953755,-21.7100475923376,43.74986014001
-15.9710792998966,-21.6873678767306,43.76129454249
-15.9705636332835,-21.6646697683672,43.7727230793666
-15.9700485954332,-21.6419532568854,43.7841457318098
-15.9695341862435,-21.6192183319155,43.795562480965
-15.9690204056133,-21.5964649830807,43.8069733079539
-15.9685072534423,-21.5736931999973,43.8183781938731
-15.9679947296313,-21.550902972274,43.8297771197956
-15.9674828340821,-21.5280942895125,43.8411700667692
-15.9669715666971,-21.5052671413073,43.8525570158178
-15.9664609273802,-21.4824215172455,43.8639379479404
-15.9659509160357,-21.4595574069072,43.8753128441114
-15.9654415325694,-21.4366747998652,43.8866816852805
-15.9649327768877,-21.4137736856851,43.8980444523728
-15.964424648898,-21.3908540539252,43.9094011262884
-15.9639171485089,-21.3679158941367,43.9207516879028
-15.9634102756299,-21.3449591958635,43.9320961180663
-15.9629040301713,-21.3219839486424,43.9434343976043
-15.9623984120446,-21.2989901420028,43.9547665073174
-15.9618934211623,-21.2759777654671,43.9660924279807
-15.9613890574377,-21.2529468085501,43.9774121403445
-15.9608853207854,-21.22989726076,43.9887256251338
-15.9603822111207,-21.2068291115972,44.0000328630481
-15.9598797283601,-21.183742350555,44.0113338347619
-15.9593778724211,-21.1606369671197,44.0226285209241
-15.9588766432221,-21.1375129507702,44.0339169021582
-15.9583760703199,-21.1143702270437,44.0451989789731
-15.9578761831591,-21.0912087214458,44.0564747517512
-15.9573769814917,-21.0680284233969,44.0677442008881
-15.9568784650704,-21.0448293223101,44.0790073067533
-15.9563806336496,-21.0216114075916,44.0902640496903
-15.9558834869843,-20.9983746686401,44.1015144100168
-15.9553870248309,-20.9751190948469,44.1127583680241
-15.9548912469468,-20.9518446755963,44.1239959039773
-15.9543961530906,-20.9285514002653,44.1352269981156
-15.953901743022,-20.9052392582236,44.1464516306516
-15.9534080165018,-20.8819082388336,44.1576697817716
-15.9529149732921,-20.8585583314507,44.1688814316356
-15.9524226131558,-20.8351895254227,44.1800865603771
-15.9519309358573,-20.8118018100904,44.1912851481028
-15.951439941162,-20.7883951747874,44.2024771748932
-15.9509496288363,-20.7649696088398,44.2136626208016
-15.9504599986481,-20.7415251015667,44.2248414658553
-15.9499710503662,-20.7180616422797,44.2360136900543
-15.9494827837605,-20.6945792202834,44.2471792733716
-15.9489951986024,-20.6710778248751,44.2583381957537
-15.9485082946641,-20.6475574453449,44.2694904371201
-15.9480220717191,-20.6240180709753,44.2806359773629
-15.9475365295423,-20.6004596910422,44.2917747963474
-15.9470516679094,-20.5768822948136,44.3029068739116
-15.9465674865975,-20.5532858715508,44.3140321898663
-15.9460840075503,-20.5296704488043,44.3251506982836
-15.9456012526407,-20.5060360541641,44.3362623533205
-15.9451192215415,-20.4823826769389,44.3473671348753
-15.9446379139267,-20.4587103064307,44.3584650228187
-15.944157329471,-20.4350189319338,44.3695559969937
-15.9436774678506,-20.4113085427356,44.3806400372164
-15.9431983287425,-20.3875791281161,44.3917171232751
-15.9427199118249,-20.3638306773482,44.4027872349305
-15.9422422167769,-20.3400631796978,44.4138503519158
-15.9417652432787,-20.316276624423,44.4249064539363
-15.9412889910119,-20.2924710007753,44.4359555206697
-15.9408134596587,-20.2686462979986,44.4469975317656
-15.9403386489027,-20.24480250533,44.4580324668462
-15.9398645584286,-20.2209396119989,44.4690603055052
-15.939391187922,-20.1970576072279,44.4800810273084
-15.9389185370697,-20.1731564802323,44.4910946117937
-15.9384466055598,-20.1492362202201,44.5021010384707
-15.9379753930811,-20.1252968163922,44.5131002868208
-15.9375048993237,-20.1013382579424,44.5240923362969
-15.937035123979,-20.0773605340571,44.5350771663239
-15.9365660667392,-20.0533636339157,44.546054756298
-15.9360977272979,-20.0293475466903,44.557025085587
-15.9356301053497,-20.0053122615459,44.56798813353
-15.9351632005901,-19.9812577676403,44.5789438794376
-15.9346970127162,-19.9571840541241,44.5898923025918
-15.9342315813307,-19.9330911708116,44.6008333408741
-15.9337669458983,-19.9089791676073,44.6117669323166
-15.9333031059108,-19.8848480337868,44.6226930563842
-15.9328400608608,-19.8606977586186,44.633611692513
-15.9323778102419,-19.8365283313638,44.6445228201105
-15.9319163535487,-19.8123397412763,44.6554264185557
-15.9314556902766,-19.7881319776027,44.6663224671984
-15.9309958199221,-19.7639050295825,44.6772109453597
-15.9305367419824,-19.7396588864479,44.6880918323318
-15.9300784559561,-19.715393537424,44.6989651073781
-15.9296209613422,-19.6911089717285,44.7098307497326
-15.9291642576411,-19.6668051785721,44.7206887386003
-15.9287083443541,-19.642482147158,44.731539053157
-15.9282532209833,-19.6181398666825,44.7423816725494
-15.9277988870319,-19.5937783263346,44.7532165758944
-15.927345342004,-19.5693975152959,44.7640437422799
-15.9268925854047,-19.544997422741,44.7748631507642
-15.9264406167403,-19.5205780378373,44.785674780376
-15.9259894355178,-19.4961393497449,44.7964786101144
-15.9255390412454,-19.4716813476169,44.8072746189489
-15.9250894334321,-19.447204020599,44.8180627858192
-15.9246406115881,-19.4227073578299,44.8288430896349
-15.9241925752245,-19.3981913484409,44.8396155092762
-15.9237453238534,-19.3736559815564,44.8503800235929
-15.9232988569881,-19.3491012462935,44.861136611405
-15.9228531579673,-19.3245272591481,44.8718852023821
-15.9224082102022,-19.299934136731,44.8826257264111
-15.9219640133158,-19.275321868321,44.8933581625938
-15.9215205669322,-19.2506904431895,44.9040824900021
-15.9210778706761,-19.2260398506004,44.9147986876784
-15.9206359241734,-19.2013700798107,44.9255067346352
-15.9201947270507,-19.1766811200697,44.9362066098549
-15.9197542789358,-19.15197296062,44.9468982922906
-15.919314579457,-19.1272455906965,44.9575817608648
-15.9188756282439,-19.1024989995269,44.9682569944705
-15.918437424927,-19.0777331763319,44.9789239719699
-15.9179999691375,-19.0529481103246,44.9895826721959
-15.9175632605079,-19.0281437907112,45.0002330739503
-15.9171272986714,-19.0033202066905,45.010875156005
-15.9166920832621,-18.9784773474541,45.0215088971014
-15.9162576139152,-18.9536152021861,45.0321342759503
-15.9158238902669,-18.928733760064,45.0427512712321
-15.9153909119542,-18.9038330102574,45.0533598615964
-15.9149586786153,-18.8789129419292,45.0639600256623
-15.914527189889,-18.8539735442348,45.0745517420181
-15.9140964454156,-18.8290148063224,45.0851349892209
-15.9136664448359,-18.8040367173332,45.0957097457973
-15.9132371877919,-18.7790392664011,45.1062759902427
-15.9128086739266,-18.7540224426528,45.1168337010215
-15.912380902884,-18.7289862352078,45.1273828565668
-15.9119538595222,-18.7039306426422,45.1379234365715
-15.9115275287597,-18.6788556635245,45.1484554206959
-15.9111019103326,-18.6537612869518,45.1589787872772
-15.9106770039779,-18.628647502014,45.1694935146212
-15.9102528094338,-18.6035142977935,45.1799995810024
-15.9098293264394,-18.5783616633656,45.1904969646638
-15.909406554735,-18.5531895877983,45.2009856438165
-15.9089844940618,-18.5279980601523,45.2114655966406
-15.9085631441622,-18.5027870694809,45.2219368012838
-15.9081425047795,-18.4775566048304,45.2323992358624
-15.9077225756583,-18.4523066552398,45.2428528784607
-15.907303356544,-18.4270372097405,45.2532977071311
-15.9068848471833,-18.4017482573572,45.2637336998938
-15.9064670473238,-18.376439787107,45.2741608347371
-15.9060499567143,-18.3511117879999,45.284579089617
-15.9056335751047,-18.3257642490386,45.2949884424572
-15.905217902246,-18.3003971592186,45.3053888711491
-15.9048029378901,-18.2750105075282,45.3157803535518
-15.9043886817902,-18.2496042829488,45.3261628674917
-15.9039751337006,-18.2241784744541,45.3365363907626
-15.9035622933766,-18.1987330710108,45.3469009011259
-15.9031501605746,-18.1732680615787,45.3572563763099
-15.9027387350523,-18.14778343511,45.3676027940105
-15.9023280165684,-18.1222791805502,45.3779401318904
-15.9019180048825,-18.0967552868371,45.3882683675794
-15.9015086905141,-18.0712118043445,45.3985874574536
-15.9011000640182,-18.0456487835065,45.4088973579746
-15.9006921252107,-18.0200662133409,45.41919804685
-15.9002848739086,-17.9944640828586,45.4294895017548
-15.8998783099301,-17.9688423810634,45.4397717003312
-15.8994724330944,-17.9432010969518,45.4500446201877
-15.8990672432221,-17.917540219513,45.4603082389002
-15.8986627401351,-17.8918597377294,45.470562534011
-15.8982589236562,-17.8661596405761,45.4808074830289
-15.8978557936096,-17.8404399170211,45.4910430634296
-15.8974533498207,-17.8147005560253,45.5012692526551
-15.8970515921162,-17.7889415465425,45.5114860281138
-15.8966505203239,-17.7631628775195,45.5216933671805
-15.8962501342729,-17.7373645378957,45.5318912471961
-15.8958504337934,-17.7115465166039,45.5420796454678
-15.895451418717,-17.6857088025696,45.5522585392688
-15.8950530888765,-17.6598513847112,45.5624279058383
-15.8946554441059,-17.6339742519402,45.5725877223812
-15.8942584842405,-17.608077393161,45.5827379660687
-15.8938622091167,-17.5821607972711,45.5928786140372
-15.8934666185724,-17.5562244531607,45.6030096433891
-15.8930717124467,-17.5302683497133,45.6131310311922
-15.8926774905797,-17.5042924758055,45.62324275448
-15.8922839528131,-17.4782968203066,45.6333447902512
-15.8918910989896,-17.4522813720792,45.6434371154696
-15.8914989835313,-17.4262459521391,45.6535197521324
-15.8911076606301,-17.4001903813524,45.6635927219151
-15.8907171297855,-17.3741146483469,45.6736560012474
-15.8903273904984,-17.3480187417436,45.6837095665234
-15.8899384422706,-17.3219026501563,45.6937533941006
-15.8895502846051,-17.2957663621922,45.7037874603012
-15.8891629170061,-17.2696098664516,45.7138117414106
-15.888776338979,-17.2434331515279,45.7238262136784
-15.8883905500301,-17.2172362060078,45.7338308533176
-15.8880055496672,-17.1910190184712,45.7438256365051
-15.8876213373989,-17.1647815774911,45.753810539381
-15.8872379127351,-17.138523871634,45.7637855380491
-15.8868552751871,-17.1122458894593,45.7737506085765
-15.8864734242669,-17.0859476195198,45.7837057269932
-15.886092359488,-17.0596290503619,45.7936508692927
-15.8857120803651,-17.0332901705247,45.8035860114316
-15.8853325864138,-17.0069309685412,45.8135111293293
-15.8849538771511,-16.9805514329373,45.8234261988681
-15.8845759520951,-16.9541515522325,45.8333311958932
-15.8841988107652,-16.9277313149395,45.8432260962123
-15.8838224526817,-16.9012907095645,45.8531108755961
-15.8834468773665,-16.8748297246071,45.8629855097774
-15.8830720843424,-16.8483483485603,45.8728499744517
-15.8826980731336,-16.8218465699105,45.8827042452768
-15.8823248432651,-16.7953243771375,45.8925482978726
-15.881952382969,-16.7687818068684,45.9023820941384
-15.8815806805314,-16.7422188957655,45.912205596024
-15.8812097355612,-16.7156356323517,45.9220187791695
-15.8808395476682,-16.6890320051441,45.9318216191772
-15.8804701164636,-16.6624080026531,45.9416140916113
-15.8801014415597,-16.6357636133831,45.9513961719979
-15.8797335225702,-16.609098825832,45.9611678358248
-15.8793663591097,-16.5824136284917,45.9709290585417
-15.8789999507942,-16.5557080098478,45.9806798155597
-15.8786342972407,-16.5289819583796,45.9904200822518
-15.8782693980677,-16.5022354625604,46.0001498339523
-15.8779052528946,-16.4754685108573,46.0098690459565
-15.8775418613424,-16.4486810917312,46.0195776935216
-15.8771792230329,-16.421873193637,46.0292757518653
-15.8768173375894,-16.3950448050236,46.038963196167
-15.8764562046363,-16.3681959143336,46.0486400015665
-15.8760958237994,-16.3413265100037,46.058306143165
-15.8757361947055,-16.3144365804646,46.067961596024
-15.8753773169829,-16.287526114141,46.0776063351662
-15.8750191902608,-16.2605950994517,46.0872403355744
-15.8746618141701,-16.2336435248093,46.0968635721922
-15.8743051883425,-16.2066713786208,46.1064760199236
-15.8739493124113,-16.1796786492872,46.1160776536329
-15.8735941860108,-16.1526653252035,46.1256684481444
-15.8732398087769,-16.125631394759,46.1352483782428
-15.8728862237175,-16.098576864089,46.1448173975607
-15.8725334736392,-16.0715017393789,46.1543754598015
-15.8721815578769,-16.0444060090844,46.1639225397958
-15.8718304757668,-16.0172896616552,46.1734586123344
-15.8714802266457,-15.9901526855352,46.1829836521676
-15.8711308098518,-15.9629950691622,46.1924976340055
-15.8707822247245,-15.9358168009685,46.2020005325182
-15.8704344706039,-15.9086178693802,46.211492322335
-15.8700875468315,-15.881398262818,46.2209729780448
-15.8697414527496,-15.8541579696963,46.2304424741959
-15.8693961877018,-15.8268969784242,46.2399007852955
-15.8690517510327,-15.799615277405,46.2493478858106
-15.868708142088,-15.7723128550362,46.2587837501668
-15.8683653602146,-15.7449896997096,46.2682083527487
-15.8680234047603,-15.7176457998115,46.2776216678998
-15.8676822750741,-15.6902811437225,46.2870236699225
-15.8673419705062,-15.6628957198177,46.2964143330776
-15.8670024904077,-15.6354895164666,46.3057936315848
-15.866663834131,-15.6080625220331,46.3151615396221
-15.8663260010296,-15.5806147248757,46.3245180313256
-15.865988990458,-15.5531461133475,46.33386308079
-15.8656528017719,-15.5256566757959,46.3431966620681
-15.8653174343281,-15.4981464005631,46.3525187491707
-15.8649828874847,-15.4706152759861,46.3618293160666
-15.8646491606006,-15.4430632903961,46.3711283366823
-15.8643162605359,-15.4154903926169,46.3804157954663
-15.8639841941178,-15.3878965314268,46.3896916767476
-15.8636529606579,-15.3602816950814,46.3989559542094
-15.8633225594686,-15.3326458718312,46.4082086014925
-15.8629929898637,-15.3049890499212,46.4174495921945
-15.8626642511577,-15.2773112175916,46.4266788998702
-15.8623363426665,-15.2496123630775,46.4358964980314
-15.8620092637067,-15.2218924746087,46.4451023601466
-15.8616830135963,-15.1941515404102,46.454296459641
-15.8613575916541,-15.1663895487017,46.4634787698964
-15.8610329972001,-15.1386064876983,46.4726492642513
-15.8607092295555,-15.1108023456099,46.4818079160004
-15.8603862880423,-15.0829771106417,46.4909546983947
-15.8600641719839,-15.0551307709939,46.5000895846415
-15.8597428807043,-15.0272633148619,46.509212547904
-15.8594224135293,-14.9993747304363,46.5183235613015
-15.8591027697851,-14.971465005903,46.5274225979092
-15.8587839487995,-14.9435341294432,46.5365096307581
-15.8584659499011,-14.9155820892334,46.5455846328348
-15.8581487724197,-14.8876088734456,46.5546475770812
-15.8578324156862,-14.8596144702468,46.5636984363949
-15.8575168790327,-14.8315988677999,46.5727371836289
-15.8572021617925,-14.8035620542629,46.5817637915912
-15.8568882632995,-14.7755040177897,46.5907782330451
-15.8565751828894,-14.7474247465294,46.5997804807088
-15.8562629359347,-14.7193242026315,46.6087705100093
-15.8559515377272,-14.6912023482152,46.6177482963004
-15.8556409874822,-14.6630591713777,46.6267138121219
-15.8553312844164,-14.634894660212,46.6356670299683
-15.8550224277473,-14.6067088028069,46.644607922288
-15.8547144166937,-14.5785015872471,46.6535364614843
-15.854407250475,-14.5502730016129,46.6624526199138
-15.8541009283119,-14.5220230339809,46.6713563698875
-15.8537954494262,-14.4937516724231,46.6802476836702
-15.8534908130406,-14.4654589050079,46.6891265334804
-15.853187018379,-14.4371447197996,46.6979928914901
-15.852884064666,-14.4088091048586,46.7068467298251
-15.8525819511277,-14.3804520482414,46.7156880205643
-15.8522806769909,-14.3520735380005,46.7245167357401
-15.8519802414838,-14.3236735621849,46.7333328473382
-15.8516806438353,-14.2952521088396,46.7421363272969
-15.8513818832755,-14.2668091660061,46.7509271475079
-15.8510839590359,-14.238344721722,46.7597052798155
-15.8507868703484,-14.2098587640216,46.7684706960169
-15.8504906164466,-14.1813512809354,46.7772233678618
-15.8501951965649,-14.1528222604905,46.7859632670525
-15.8499006099388,-14.1242716907104,46.7946903652435
-15.849606855805,-14.0956995596154,46.8034046340418
-15.8493139334011,-14.0671058552221,46.8121060450063
-15.849021841966,-14.0384905655443,46.8207945696483
-15.8487305875361,-14.0098536400306,46.8294701886668
-15.8484401761125,-13.9811950280838,46.8381328826368
-15.8481506068829,-13.9525147176435,46.8467826228105
-15.847861879036,-13.9238126966467,46.8554193803918
-15.8475739917615,-13.895088953027,46.8640431265354
-15.8472869442502,-13.8663434747152,46.8726538323474
-15.8470007356941,-13.8375762496392,46.8812514688844
-15.8467153652859,-13.8087872657241,46.8898360071546
-15.8464308322196,-13.7799765108922,46.8984074181161
-15.8461471356904,-13.751143973063,46.9069656726784
-15.8458642748943,-13.7222896401535,46.9155107417009
-15.8455822490285,-13.6934135000779,46.9240425959936
-15.8453010572913,-13.6645155407481,46.932561206317
-15.845020698882,-13.6355957500732,46.9410665433815
-15.844741173001,-13.6066541159599,46.9495585778473
-15.8444624788499,-13.5776906263129,46.9580372803251
-15.8441846156312,-13.548705269034,46.9665026213748
-15.8439075825488,-13.5196980320231,46.9749545715063
-15.8436313788075,-13.4906689031778,46.9833931011791
-15.843356003613,-13.4616178703935,46.9918181808019
-15.8430814561726,-13.4325449215636,47.0002297807329
-15.8428077356943,-13.4034500445793,47.0086278712793
-15.8425348413874,-13.37433322733,47.0170124226974
-15.8422627724623,-13.3451944577032,47.0253834051928
-15.8419915281306,-13.3160337235842,47.0337407889194
-15.8417210589909,-13.2868510676965,47.0420845448621
-15.8414513159269,-13.2576465328251,47.0504146439755
-15.8411822985793,-13.2284201069454,47.0587310562911
-15.8409140065906,-13.1991717780319,47.0670337517895
-15.8406464396049,-13.1699015340575,47.0753227003993
-15.8403795972675,-13.1406093629942,47.083597871998
-15.8401134792258,-13.1112952528127,47.091859236411
-15.8398480851284,-13.0819591914827,47.1001067634121
-15.8395834146259,-13.0526011669729,47.1083404227232
-15.8393194673701,-13.0232211672512,47.1165601840139
-15.8390562430145,-12.9938191802844,47.1247660169015
-15.8387937412146,-12.9643951940389,47.1329578909516
-15.838531961627,-12.9349491964799,47.1411357756766
-15.8382709039102,-12.9054811755722,47.1492996405368
-15.8380105677242,-12.8759911192801,47.1574494549395
-15.8377509527309,-12.8464790155674,47.1655851882395
-15.8374920585936,-12.8169448523971,47.1737068097385
-15.8372338849772,-12.7873886177323,47.1818142886851
-15.8369764315485,-12.7578102995355,47.1899075942746
-15.8367196979757,-12.728209885769,47.1979866956494
-15.8364636839287,-12.6985873643952,47.2060515618979
-15.8362083890794,-12.668942723376,47.2141021620554
-15.8359538131008,-12.6392759506737,47.2221384651033
-15.8356999556681,-12.6095870342504,47.2301604399691
-15.835446816458,-12.5798759620683,47.2381680555265
-15.8351943978433,-12.5501428383736,47.2461612488033
-15.8349427021803,-12.5203877675799,47.2541399570497
-15.8346917291227,-12.4906107379012,47.2621041493918
-15.8344414783263,-12.4608117375514,47.2700537949025
-15.8341919494482,-12.4309907547451,47.2779888626007
-15.8339431421475,-12.4011477776969,47.285909321452
-15.8336950560849,-12.371282794622,47.2938151403679
-15.8334476909228,-12.341395793736,47.3017062882057
-15.8332010463255,-12.311486763255,47.309582733769
-15.8329551219591,-12.2815556913957,47.3174444458068
-15.832709917491,-12.2516025663759,47.3252913930138
-15.832465432591,-12.2216273764136,47.3331235440305
-15.8322216669302,-12.1916301097281,47.3409408674422
-15.8319786201815,-12.1616107545395,47.3487433317798
-15.8317362920198,-12.131569299069,47.3565309055194
-15.8314946821215,-12.1015057315387,47.3643035570818
-15.831253790165,-12.0714200401722,47.3720612548329
-15.8310136158303,-12.0413122131942,47.3798039670831
-15.8307741587993,-12.0111822388307,47.3875316620876
-15.8305354187558,-11.9810301053092,47.395244308046
-15.8302973953851,-11.9508558008587,47.4029418731022
-15.8300600883744,-11.92065931371,47.4106243253445
-15.829823497413,-11.8904406320952,47.4182916328049
-15.8295876221915,-11.8601997442485,47.4259437634599
-15.8293524624027,-11.8299366384057,47.4335806852292
-15.8291179951664,-11.799651278686,47.4412023795078
-15.8288841977585,-11.7693436291769,47.4488088275204
-15.8286510701084,-11.7390136780699,47.4563999968469
-15.8284186121476,-11.7086614135587,47.4639758550101
-15.8281868238098,-11.6782868238397,47.4715363694761
-15.8279557050308,-11.6478898971117,47.4790815076538
-15.8277252557483,-11.617470621576,47.4866112368946
-15.8274954759023,-11.5870289854367,47.4941255244925
-15.8272663654349,-11.5565649769007,47.5016243376845
-15.8270379242903,-11.5260785841777,47.5091076436488
-15.8268101524146,-11.4955697954804,47.516575409507
-15.8265830497564,-11.4650385990246,47.5240276023218
-15.8263566162662,-11.4344849830292,47.5314641890983
-15.8261308518967,-11.4039089357163,47.5388851367833
-15.8259057566027,-11.3733104453115,47.5462904122652
-15.8256813303412,-11.3426895000437,47.5536799823739
-15.8254575730713,-11.3120460881455,47.561053813881
-15.8252344847543,-11.2813801978528,47.5684118734987
-15.8250120653537,-11.2506918174056,47.5757541278808
-15.824790314835,-11.2199809350475,47.5830805436221
-15.824569233166,-11.1892475390262,47.5903910872581
-15.8243488203169,-11.1584916175933,47.597685725265
-15.8241290762595,-11.1277131590045,47.6049644240596
-15.8239100009684,-11.0969121515198,47.6122271499993
-15.8236915944199,-11.0660885834035,47.6194738693815
-15.8234738399743,-11.0352425260269,47.6267045347105
-15.8232567211157,-11.0043740508697,47.6339190985896
-15.8230402380103,-10.9734831463651,47.6411175273753
-15.8228243908266,-10.9425698009511,47.6482997873647
-15.8226091797356,-10.9116340030704,47.6554658447954
-15.8223946049108,-10.8806757411707,47.6626156658446
-15.822180666528,-10.8496950037047,47.6697492166299
-15.8219673647656,-10.8186917791302,47.6768664632089
-15.8217546998044,-10.7876660559101,47.6839673715783
-15.8215426718274,-10.7566178225127,47.691051907675
-15.8213312810206,-10.7255470674117,47.6981200373751
-15.8211205275719,-10.6944537790863,47.7051717264941
-15.820910411672,-10.6633379460216,47.7122069407867
-15.820700933514,-10.632199556708,47.7192256459464
-15.8204920932935,-10.601038599642,47.726227807606
-15.8202838912084,-10.5698550633261,47.733213391337
-15.8200763274595,-10.5386489362688,47.7401823626492
-15.8198694022496,-10.5074202069848,47.7471346869914
-15.8196631157845,-10.4761688639951,47.7540703297506
-15.8194574682721,-10.444894895827,47.7609892562517
-15.819252459923,-10.4135982910146,47.7678914317583
-15.8190480909503,-10.3822790380985,47.7747768214717
-15.8188443615696,-10.3509371256259,47.7816453905307
-15.8186412719991,-10.319572542151,47.7884971040123
-15.8184388224594,-10.288185276235,47.7953319269308
-15.8182370205039,-10.2567755017425,47.8021497820542
-15.8180358736257,-10.2253433927802,47.8089505925695
-15.8178353819598,-10.1938889382824,47.8157343240268
-15.8176355456434,-10.1624121271905,47.822500941915
-15.8174363648161,-10.1309129484523,47.8292504116609
-15.8172378396202,-10.0993913910229,47.8359826986303
-15.8170399702001,-10.0678474438644,47.8426977681268
-15.816842756703,-10.0362810959459,47.849395585392
-15.8166461992783,-10.0046923362438,47.8560761156055
-15.8164502980782,-9.97308115374211,47.8627393238849
-15.8162550532569,-9.94144753743219,47.869385175285
-15.8160604649715,-9.90979147631312,47.8760136347985
-15.8158665333815,-9.87811295939175,47.8826246673553
-15.8156732586486,-9.84641197568271,47.8892182378224
-15.8154806409375,-9.81468851420877,47.8957943110041
-15.8152886804148,-9.78294256400073,47.9023528516415
-15.8150973772503,-9.75117411409774,47.9088938244128
-15.8149067316157,-9.7193831535472,47.9154171939325
-15.8147167436856,-9.68756967140516,47.921922924752
-15.8145274136369,-9.65573365673614,47.9284109813588
-15.8143387416493,-9.62387509861343,47.9348813281769
-15.8141507279046,-9.59199398611934,47.9413339295663
-15.8139633725876,-9.56009030834508,47.9477687498232
-15.8137766758854,-9.52816405439083,47.9541857531792
-15.8135906379876,-9.49621521336632,47.9605849038021
-15.8134052528023,-9.46424382532164,47.966966157818
-15.813220514295,-9.43224993039587,47.9733294713944
-15.813036422746,-9.40023351784619,47.9796748086652
-15.8128529784382,-9.36819457693937,47.9860021336994
-15.8126701816571,-9.33613309695185,47.9923114105018
-15.8124880326911,-9.30404906717008,47.998602603013
-15.8123065318311,-9.2719424768902,48.0048756751079
-15.8121256793706,-9.23981331541878,48.0111305905973
-15.8119454756062,-9.20766157207237,48.0173673132266
-15.8117659208367,-9.17548723617812,48.0235858066763
-15.811587015364,-9.1432902970735,48.0297860345614
-15.8114087594925,-9.11107074410683,48.0359679604314
-15.8112311535293,-9.07882856663698,48.0421315477704
-15.8110541977845,-9.04656375403407,48.0482767599968
-15.8108778925706,-9.01427629567887,48.0544035604627
-15.810702238203,-8.98196618096371,48.0605119124551
-15.8105272349998,-8.94963339929203,48.0666017791937
-15.810352883282,-8.91727794007886,48.0726731238329
-15.810179183373,-8.88489979275092,48.0787259094603
-15.8100061355994,-8.85249894674646,48.0847600990969
-15.8098337402901,-8.82007539151586,48.090775655697
-15.8096619977773,-8.78762911652147,48.0967725421483
-15.8094909083955,-8.75516011123778,48.1027507212712
-15.8093204724821,-8.72266836515169,48.1087101558192
-15.8091506903776,-8.69015386776252,48.1146508084786
-15.8089815762141,-8.65761657143502,48.1205726440213
-15.8088131439932,-8.62505642851013,48.1264756271009
-15.8086453938629,-8.59247342847049,48.1323597201243
-15.8084783259739,-8.55986756081188,48.1382248854305
-15.8083119404796,-8.52723881504315,48.1440710852903
-15.8081462375357,-8.49458718068655,48.1498982819063
-15.8079812173006,-8.46191264727767,48.1557064374124
-15.8078168799353,-8.42921520436585,48.1614955138742
-15.8076532256033,-8.39649484151407,48.1672654732883
-15.8074902544709,-8.3637515482992,48.1730162775824
-15.8073279667067,-8.33098531431238,48.1787478886157
-15.807166362482,-8.29819612915876,48.1844602681776
-15.8070054419708,-8.26538398245793,48.1901533779884
-15.8068452053497,-8.23254886384412,48.1958271796993
-15.8066856527978,-8.19969076296613,48.2014816348914
-15.8065267844968,-8.16680966948767,48.2071167050765
-15.8063686006313,-8.13390557308742,48.2127323516962
-15.8062111013883,-8.1009784634593,48.2183285361225
-15.8060542869573,-8.06802833031261,48.2239052196569
-15.8058981575308,-8.03505516337185,48.2294623635306
-15.8057427133038,-8.00205895237755,48.2349999289047
-15.8055879544738,-7.96903968708586,48.2405178768696
-15.805433881241,-7.93599735726893,48.2460161684448
-15.8052804938086,-7.90293195271507,48.2514947645791
-15.8051277923821,-7.86984346322892,48.2569536261503
-15.8049757777296,-7.8367320104249,48.2623926923818
-15.8048244506099,-7.80359771608539,48.2678119027763
-15.8046738112188,-7.77044057029129,48.2732112185254
-15.8045238597546,-7.73726056314024,48.2785906007501
-15.8043745964186,-7.70405768474604,48.2839500105008
-15.8042260214144,-7.67083192523948,48.2892894087571
-15.8040781349486,-7.63758327476813,48.294608756428
-15.8039309372306,-7.60431172349665,48.2999080143512
-15.8037844284722,-7.57101726160691,48.3051871432936
-15.8036386088882,-7.53769987929826,48.3104461039508
-15.803493478696,-7.50435956678746,48.3156848569466
-15.8033490381159,-7.4709963143092,48.3209033628337
-15.8032052873708,-7.43761011211587,48.3261015820929
-15.8030622266864,-7.40420095047811,48.3312794751333
-15.8029198562913,-7.37076881968478,48.3364370022918
-15.8027781764166,-7.3373137100431,48.3415741238333
-15.8026371872965,-7.30383561187905,48.3466907999509
-15.8024968891675,-7.27033451553726,48.3517869907644
-15.8023572822696,-7.23681041138142,48.356862656322
-15.8022183668449,-7.20326328979422,48.3619177565985
-15.8020801431387,-7.16969314117787,48.3669522514963
-15.8019426113991,-7.13609995595392,48.3719661008449
-15.8018057718768,-7.1024837245637,48.3769592644005
-15.8016696248254,-7.0688444374684,48.3819317018461
-15.8015341705016,-7.03518208514917,48.3868833727916
-15.8013994256329,-7.00149673187005,48.3918142207231
-15.8012654067401,-6.96778844196486,48.3967241893277
-15.8011321137728,-6.93405720604953,48.4016132384048
-15.8009995466832,-6.90030301475985,48.4064813276808
-15.8008677054258,-6.86652585875172,48.4113284168088
-15.8007365899579,-6.8327257287013,48.4161544653681
-15.8006062002389,-6.79890261530516,48.4209594328643
-15.800476536231,-6.76505650928054,48.4257432787294
-15.8003475978986,-6.73118740136545,48.4305059623211
-15.8002193852088,-6.69729528231889,48.4352474429229
-15.8000918981311,-6.66338014292112,48.4399676797445
-15.7999651366376,-6.62944197397378,48.4446666319207
-15.799839100703,-6.59548076630003,48.449344258512
-15.7997137903042,-6.56149651074479,48.4540005185041
-15.7995892054209,-6.52748919817504,48.4586353708078
-15.7994653460352,-6.49345881947979,48.463248774259
-15.7993422121319,-6.4594053655705,48.4678406876187
-15.7992198036981,-6.42532882738106,48.4724110695722
-15.7990981207236,-6.39122919586827,48.4769598787298
-15.798977163201,-6.35710646201171,48.481487073626
-15.7988569311249,-6.32296061681415,48.4859926127197
-15.798737424493,-6.28879165130169,48.4904764543942
-15.7986186433052,-6.25459955652395,48.4949385569564
-15.7985005875643,-6.22038432355435,48.4993788786376
-15.7983832572755,-6.18614594349018,48.5037973775925
-15.7982666613648,-6.15188432981921,48.5081940188407
-15.798150808633,-6.1175993960151,48.5125687671498
-15.7980356989014,-6.08329113319086,48.5169215801817
-15.7979213319933,-6.04895953248464,48.521252415521
-15.7978077077347,-6.01460458505996,48.5255612306751
-15.7976948259538,-5.98022628210596,48.5298479830734
-15.7975826864814,-5.94582461483754,48.5341126300683
-15.7974712891503,-5.91139957449558,48.5383551289338
-15.7973606337962,-5.87695115234714,48.5425754368663
-15.7972507202568,-5.84247933968583,48.5467735109842
-15.7971415483723,-5.80798412783178,48.5509493083275
-15.7970331179854,-5.77346550813199,48.5551027858578
-15.7969254289413,-5.73892347196059,48.5592339004586
-15.7968184810873,-5.70435801071895,48.5633426089344
-15.7967122742735,-5.66976911583598,48.567428868011
-15.7966068083522,-5.63515677876826,48.5714926343354
-15.7965020831782,-5.60052099100039,48.5755338644755
-15.7963980986089,-5.56586174404506,48.5795525149203
-15.796294854504,-5.53117902944338,48.5835485420791
-15.7961923507256,-5.49647283876509,48.5875219022819
-15.7960905871385,-5.46174316360873,48.591472551779
-15.7959895636098,-5.4269899956019,48.5954004467414
-15.795889280009,-5.39221332640156,48.5993055432599
-15.7957897362085,-5.35741314769407,48.6031877973453
-15.7956909320828,-5.32258945119561,48.6070471649286
-15.7955928661444,-5.28774222935005,48.6108836022276
-15.7954955369312,-5.25287147466156,48.6146970653711
-15.7953989443592,-5.21797717898249,48.6184875100358
-15.7953030883472,-5.18305933419585,48.6222548918177
-15.7952079688165,-5.1481179322158,48.625999166232
-15.7951135856909,-5.11315296498773,48.6297202887132
-15.795019938897,-5.07816442448859,48.6334182146146
-15.7949270283639,-5.04315230272713,48.637092899209
-15.7948348540235,-5.00811659174398,48.6407442976871
-15.79474341581,-4.97305728361213,48.6443723651589
-15.7946527136606,-4.93797437043694,48.6479770566526
-15.7945627475149,-4.90286784435658,48.6515583271149
-15.7944735173153,-4.86773769754212,48.6551161314106
-15.7943850230068,-4.8325839221978,48.6586504243227
-15.794297264537,-4.79740651056136,48.6621611605522
-15.7942102418563,-4.76220545490414,48.6656482947177
-15.7941239549177,-4.72698074753148,48.6691117813557
-15.7940384036768,-4.6917323807829,48.6725515749204
-15.7939535880923,-4.65646034703227,48.6759676297831
-15.793869508125,-4.62116463868817,48.6793599002328
-15.7937861637389,-4.58584524819407,48.6827283404752
-15.7937035549004,-4.55050216802871,48.6860729046335
-15.7936216815789,-4.51513539070598,48.6893935467475
-15.7935405437463,-4.47974490877573,48.692690220774
-15.7934601413773,-4.44433071482354,48.6959628805863
-15.7933804673888,-4.40889289460603,48.6992114738323
-15.7933015148443,-4.37343153393356,48.7024359483012
-15.7932232839428,-4.33794662552677,48.7056362579524
-15.7931457748866,-4.30243816214252,48.7088123566625
-15.7930689878808,-4.26690613657419,48.7119641982244
-15.7929929231339,-4.23135054165181,48.7150917363469
-15.7929175808576,-4.19577137024257,48.7181949246558
-15.7928429612668,-4.1601686152506,48.7212737166921
-15.7927690645793,-4.12454226961791,48.7243280659134
-15.7926958910165,-4.08889232632393,48.7273579256925
-15.7926234408026,-4.05321877838644,48.7303632493184
-15.7925517141652,-4.01752161886126,48.7333439899955
-15.7924807113352,-3.98180084084291,48.7363001008433
-15.7924104325466,-3.94605643746467,48.739231534897
-15.7923408780365,-3.91028840189896,48.7421382451068
-15.7922720480456,-3.8744967273575,48.7450201843379
-15.7922039428176,-3.83868140709172,48.7478773053704
-15.7921365625994,-3.80284243439281,48.7507095608993
-15.7920699076413,-3.76697980259227,48.7535169035342
-15.7920039781969,-3.73109350506191,48.7562992857992
-15.791938774523,-3.69518353521429,48.7590566601328
-15.7918742968796,-3.65924988650304,48.7617889788879
-15.7918105455301,-3.62329255242287,48.7644961943313
-15.7917475207414,-3.5873115265102,48.7671782586443
-15.7916852227833,-3.5513068023431,48.7698351239215
-15.7916236543199,-3.51527839037017,48.7724667401849
-15.7915628179548,-3.47922630106837,48.7750730574417
-15.7915027138723,-3.44315052812157,48.7776540276355
-15.79144334226,-3.40705106525649,48.7802096026236
-15.7913847033084,-3.37092790624257,48.7827397341767
-15.7913267972113,-3.33478104489244,48.7852443739783
-15.791269624166,-3.29861047506211,48.7877234736257
-15.7912131843726,-3.26241619065146,48.7901769846287
-15.7911574780346,-3.22619818560424,48.7926048584102
-15.7911025053586,-3.18995645390857,48.7950070463057
-15.7910482665546,-3.15369098959714,48.7973834995639
-15.7909947618357,-3.11740178674757,48.7997341693453
-15.7909419914182,-3.0810888394826,48.8020590067233
-15.7908899555218,-3.04475214197034,48.8043579626831
-15.7908386543695,-3.00839168842484,48.8066309881228
-15.7907880881873,-2.97200747310603,48.808878033852
-15.7907382572047,-2.93559949032026,48.8110990505922
-15.7906891616544,-2.89916773442052,48.8132939889771
-15.7906408017724,-2.86271219980671,48.8154627995521
-15.7905931777981,-2.82623288092589,48.8176054327737
-15.790546289974,-2.78972977227279,48.8197218390103
-15.790500138546,-2.75320286838986,48.8218119685414
-15.7904547237636,-2.71665216386774,48.8238757715579
-15.7904100458791,-2.68007765334544,48.8259131981619
-15.7903661051487,-2.64347933151079,48.8279241983663
-15.7903229019178,-2.60685713339378,48.8299087252546
-15.7902804365342,-2.57021099405498,48.8318667316426
-15.7902387092626,-2.5335409083025,48.8337981670079
-15.7901977203706,-2.49684687099493,48.8357029807377
-15.7901574701294,-2.46012887704185,48.83758112213
-15.7901179588135,-2.42338692140385,48.8394325403921
-15.7900791867009,-2.38662099909313,48.8412571846416
-15.7900411540728,-2.34983110517361,48.8430550039055
-15.7900038612138,-2.31301723476142,48.8448259471204
-15.7899673084119,-2.27617938302506,48.8465699631329
-15.7899314959586,-2.23931754518579,48.8482870006983
-15.7898964241487,-2.20243171651799,48.8499770084817
-15.7898620932804,-2.16552189234938,48.851639935057
-15.7898285036553,-2.12858806806141,48.8532757289076
-15.7897956555786,-2.09163023908958,48.8548843384254
-15.7897635493588,-2.05464840092376,48.8564657119114
-15.7897321853078,-2.01764254910852,48.8580197975754
-15.7897015637411,-1.98061267924335,48.8595465435359
-15.7896716849776,-1.94355878698323,48.8610458978195
-15.7896425493395,-1.90648086803868,48.8625178083618
-15.7896141571529,-1.8693789181763,48.8639622230065
-15.7895865087469,-1.832252933219,48.8653790895053
-15.7895596044544,-1.79510290904636,48.8667683555185
-15.7895334446118,-1.75792884159493,48.868129968614
-15.7895080295589,-1.72073072685858,48.8694638762679
-15.7894833589428,-1.6835083608932,48.8707700329781
-15.7894594324602,-1.64626153965524,48.8720483925303
-15.7894362505305,-1.60899025907797,48.8732989011923
-15.7894138135769,-1.57169451515501,48.8745215051376
-15.7893921220261,-1.5343743039409,48.8757161504454
-15.7893711763084,-1.49702962155118,48.8768827830999
-15.789350976858,-1.45966046416302,48.8780213489913
-15.7893315241125,-1.42226682801537,48.8791317939148
-15.7893128185134,-1.38484870940936,48.8802140635707
-15.7892948605055,-1.34740610470879,48.8812681035645
-15.7892776505378,-1.30993901034031,48.8822938594067
-15.7892611890627,-1.27244742279375,48.8832912765127
-15.7892454765364,-1.23493133862276,48.8842603002027
-15.7892305134186,-1.19739075444487,48.8852008757017
-15.789216300173,-1.1598256669419,48.8861129481393
-15.7892028372669,-1.12223607286052,48.8869964625494
-15.7891901251714,-1.08462196901239,48.8878513638708
-15.7891781643614,-1.04698335227458,48.8886775969461
-15.7891669553153,-1.00932021959008,48.8894751065228
-15.7891564985156,-0.971632567967919,48.8902438372521
-15.7891467944484,-0.933920394483714,48.8909837336894
-15.7891378436035,-0.89618369628004,48.8916947402942
-15.7891296464747,-0.858422470566646,48.8923768014299
-15.7891222035595,-0.82063671462107,48.8930298613637
-15.7891155153591,-0.782826425788649,48.8936538642666
-15.7891095802831,-0.744991602216492,48.8942487548786
-15.7891043970229,-0.707132242175485,48.8948144777552
-15.7890999665093,-0.66924834330081,48.8953509766456
-15.7890962896774,-0.631339903297587,48.8958581952022
-15.7890933674667,-0.59340691994165,48.8963360769809
-15.7890912008215,-0.555449391079589,48.8967845654413
-15.7890897906903,-0.517467314629418,48.8972036039459
-15.789089138026,-0.479460688580701,48.8975931357605
-15.7890892437862,-0.44142951099507,48.8979531040538
-15.7890901089329,-0.40337378000668,48.898283451898
-15.7890917344326,-0.365293493822421,48.8985841222676
-15.7890941212564,-0.327188650722409,48.8988550580405
-15.7890972703798,-0.289059249060447,48.8990962019972
-15.7891011827829,-0.250905287264176,48.899307496821
-15.7891058594505,-0.212726763835734,48.8994888850978
-15.7891113013715,-0.174523677352008,48.899640309316
-15.7891175095398,-0.136296026465001,48.8997617118669
-15.7891244849537,-0.0980438099023448,48.8998530350437
-15.7891322286162,-0.0597670264676111,48.8999142210423
-15.7891407415346,-0.0214656750407194,48.899945211961
-15.7891500247211,0.0168602454217002,48.8999459498002
-15.7891600791923,0.0552107358857654,48.8999163764625
-15.7891709059696,0.0935857972401219,48.8998564337526
-15.7891825060787,0.131985430295423,48.8997660633774
-15.7891948805504,0.170409635783932,48.8996452069455
-15.7892080304246,0.20885840924228,48.8994938059882
-15.7892219567485,0.247331746108486,48.8993118019536
-15.7892366605695,0.285829646848274,48.8990991361796
-15.7892521429399,0.324352111847395,48.8988557499059
-15.7892684049166,0.362899141411207,48.8985815842739
-15.7892854475607,0.40147073576429,48.8982765803272
-15.789303271938,0.440066895049913,48.8979406790108
-15.7893218791188,0.478687619329843,48.8975738211715
-15.7893412701781,0.517332908583702,48.8971759475579
-15.7893614461952,0.556002762708692,48.8967469988199
-15.7893824082541,0.594697181519161,48.8962869155092
-15.7894041574435,0.633416164746125,48.8957956380788
-15.7894266948565,0.672159712036853,48.8952731068834
-15.7894500215907,0.710927822954602,48.8947192621788
-15.7894741387487,0.749720496977957,48.8941340441223
-15.7894990474372,0.788537733500576,48.8935173927725
-15.7895247487679,0.827379531830763,48.8928692480891
-15.789551243857,0.866245891190843,48.8921895499333
-15.7895785338252,0.905136810717082,48.891478238067
-15.7896066197981,0.944052289458954,48.8907352521538
-15.7896355029057,0.982992326378863,48.8899605317579
-15.7896651842827,1.02195692035163,48.8891540163446
-15.7896956650687,1.06094607016418,48.8883156452804
-15.7897269464075,1.09995977451497,48.8874453578327
-15.7897590294481,1.13899803201368,48.8865430931696
-15.7897919148475,1.17806071942069,48.8856087934549
-15.7898256032211,1.21714771343439,48.8846424011573
-15.7898600956617,1.25625901243805,48.8836438557543
-15.7898953932674,1.29539461472605,48.882613096624
-15.7899314971406,1.33455451850345,48.8815500630468
-15.7899684083889,1.37373872188557,48.8804546942038
-15.7900061281246,1.41294722289751,48.8793269291776
-15.7900446574648,1.45218001947376,48.8781667069518
-15.7900839975315,1.49143710945771,48.8769739664115
-15.7901241494516,1.53071849060126,48.8757486463428
-15.7901651143566,1.57002416056439,48.8744906854328
-15.7902068933832,1.60935411691462,48.8732000222699
-15.7902494876728,1.64870835712665,48.8718765953436
-15.7902928983719,1.68808687858193,48.8705203430444
-15.7903371266316,1.72748967856813,48.8691312036638
-15.790382173608,1.7669167542787,48.8677091153943
-15.7904280404624,1.80636810281262,48.8662540163293
-15.7904747283605,1.84584372117356,48.8647658444633
-15.7905222384735,1.88534360626996,48.8632445376917
-15.7905705719771,1.92486775491396,48.8616900338107
-15.7906197300522,1.96441616382143,48.8601022705176
-15.7906697138847,2.00398882961139,48.8584811854105
-15.7907205246653,2.04358574880537,48.8568267159882
-15.7907721635897,2.08320691782721,48.8551387996506
-15.7908246318588,2.12285233300241,48.8534173736982
-15.7908779326113,2.16252209542353,48.8516623700654
-15.7909320690892,2.20221630612704,48.849873720212
-15.7909870426554,2.2419349612046,48.8480513605775
-15.7910428546779,2.28167805664625,48.8461952275011
-15.7910995065302,2.32144558834003,48.844305257222
-15.7911569995906,2.36123755207157,48.8423813858792
-15.7912153352428,2.40105394352345,48.8404235495113
-15.7912745148755,2.44089475827477,48.838431684057
-15.7913345398829,2.48075999180087,48.8364057253549
-15.791395411664,2.52064963947249,48.8343456091432
-15.7914571316236,2.5605636965557,48.8322512710599
-15.7915197011711,2.60050215821105,48.8301226466431
-15.7915831217215,2.64046501949332,48.8279596713306
-15.791647394695,2.68045227535101,48.8257622804599
-15.791712521517,2.72046392062579,48.8235304092684
-15.7917785036181,2.760499950052,48.8212639928936
-15.7918453424343,2.80056035825634,48.8189629663727
-15.7919130394068,2.84064513975704,48.8166272646427
-15.7919815959821,2.88075428896379,48.8142568225406
-15.7920510136119,2.92088780017694,48.8118515748034
-15.7921212937535,2.96104566758714,48.8094114560677
-15.792192437869,3.00122788527482,48.8069364008703
-15.7922644474264,3.04143444720968,48.804426343648
-15.7923373238984,3.0816653472502,48.8018812187374
-15.7924110687637,3.12192057914327,48.7993009603749
-15.7924856829895,3.1622001518794,48.7966855018695
-15.7925611675284,3.20250407425675,48.7940347763906
-15.7926375238437,3.24283233956419,48.7913487178167
-15.7927147534043,3.28318494097658,48.7886272599266
-15.7927928576839,3.32356187155411,48.7858703364
-15.7928718381616,3.36396312424202,48.7830778808165
-15.7929516963217,3.40438869186993,48.7802498266568
-15.7930324336533,3.44483856715129,48.7773861073022
-15.7931140516509,3.48531274268305,48.7744866560342
-15.7931965518144,3.52581121094507,48.7715514060352
-15.7932799356486,3.5663339642996,48.7685802903884
-15.7933642046635,3.60688099499076,48.7655732420777
-15.7934493603745,3.64745229514403,48.7625301939879
-15.793535404302,3.6880478567658,48.7594510789043
-15.7936223379718,3.72866767174282,48.7563358295132
-15.7937101629148,3.76931173184162,48.7531843784023
-15.793798880667,3.80998002870808,48.7499966580594
-15.7938884927701,3.85067255386693,48.746772600874
-15.7939790007705,3.89138929872118,48.7435121391366
-15.7940704062201,3.93213025455156,48.7402152050384
-15.7941627106762,3.97289541251609,48.7368817306723
-15.7942559157011,4.01368476364953,48.7335116480321
-15.7943500228625,4.05449829886278,48.730104889013
-15.7944450337335,4.09533600894256,48.7266613854114
-15.7945409498921,4.1361978845506,48.7231810689254
-15.7946377758709,4.17708377548362,48.7196638822651
-15.7947355162831,4.21799353136438,48.716109768498
-15.7948341728367,4.25892714240638,48.7125186597108
-15.794933747245,4.29988459869782,48.708890487893
-15.795034241227,4.34086589020117,48.7052251849371
-15.7951356565071,4.38187100675256,48.7015226826386
-15.7952379948152,4.42289993806138,48.697782912696
-15.7953412578869,4.46395267370961,48.6940058067106
-15.7954454474632,4.50502920315142,48.6901912961873
-15.7955505652907,4.54612951571244,48.6863393125341
-15.7956566131215,4.58725360058962,48.6824497870622
-15.7957635927134,4.62840144685018,48.6785226509862
-15.7958715058296,4.66957304343151,48.6745578354244
-15.7959803542389,4.71076837914046,48.6705552713984
-15.7960901397159,4.75198744265267,48.6665148898336
-15.7962008640405,4.79323022251243,48.6624366215591
-15.7963125289984,4.83449670713166,48.6583203973078
-15.7964251363807,4.87578688478971,48.6541661477164
-15.7965386879844,4.91710074363275,48.6499738033258
-15.7966531856117,4.95843827167316,48.6457432945807
-15.7967686310709,4.99979945678899,48.6414745518302
-15.7968850261755,5.04118428672347,48.6371675053276
-15.797002372745,5.08259274908449,48.6328220852306
-15.7971206726042,5.12402483134397,48.6284382216012
-15.7972399275838,5.16548052083739,48.6240158444063
-15.7973601435846,5.20696007443264,48.6195548533153
-15.7974813266076,5.24846374895411,48.6150551469299
-15.7976034786414,5.2899915314629,48.61051665347
-15.7977266016808,5.33154340887765,48.6059393010578
-15.7978506977261,5.37311936797411,48.6013230177181
-15.7979757687835,5.41471939538447,48.5966677313783
-15.7981018168649,5.4563434775968,48.5919733698689
-15.7982288439884,5.49799160095463,48.5872398609231
-15.7983568521773,5.53966375165611,48.5824671321769
-15.7984858434611,5.58135991575366,48.5776551111699
-15.7986158198751,5.62308007915329,48.5728037253446
-15.7987467834604,5.66482422761411,48.5679129020474
-15.7988787362638,5.70659234674764,48.5629825685276
-15.7990116803379,5.74838442201729,48.5580126519386
-15.7991456177415,5.79020043873788,48.5530030793377
-15.7992805505389,5.83204038207485,48.5479537776855
-15.7994164808004,5.87390423704388,48.5428646738476
-15.7995534106019,5.91579198851023,48.5377356945931
-15.7996913420256,5.95770362118807,48.5325667665958
-15.7998302771593,5.99963911964007,48.5273578164337
-15.7999702180965,6.04159846827669,48.5221087705898
-15.8001111669369,6.08358165135571,48.5168195554518
-15.8002531257859,6.12558865298147,48.511490097312
-15.8003960967548,6.16761945710444,48.5061203223684
-15.8005400819608,6.20967404752055,48.5007101567238
-15.8006850846513,6.25175231848298,48.4952595375437
-15.8008311080861,6.29385416386266,48.489768402242
-15.80097815441,6.33597956664917,48.4842366771539
-15.8011262257733,6.37812850967592,48.4786642885227
-15.8012753243315,6.42030097561961,48.4730511624995
-15.8014254522461,6.46249694699961,48.4673972251442
-15.8015766116836,6.50471640617746,48.4617024024246
-15.8017288048166,6.54695933535616,48.4559666202176
-15.8018820338228,6.58922571657966,48.4501898043089
-15.8020363008857,6.63151553173227,48.4443718803928
-15.8021916081942,6.67382876253799,48.4385127740733
-15.8023479579427,6.71616539056004,48.4326124108632
-15.8025053523313,6.75852539720013,48.4266707161855
-15.8026637935656,6.800908763698,48.4206876153723
-15.8028232838566,6.84331547113079,48.4146630336661
-15.8029838254211,6.88574550041236,48.4085968962192
-15.8031454204812,6.92819883229276,48.4024891280944
-15.8033080712647,6.97067544735769,48.396339654265
-15.8034717800049,7.01317532602771,48.3901483996147
-15.8036365489407,7.05569844855792,48.3839152889385
-15.8038023803166,7.09824479503712,48.3776402469424
-15.8039692763824,7.14081434538728,48.3713231982435
-15.8041372393937,7.18340707936305,48.3649640673705
-15.8043062716116,7.22602297655098,48.3585627787641
-15.8044763753028,7.26866201636905,48.3521192567766
-15.8046475646074,7.31132408820512,48.3456334353826
-15.8048198538587,7.35400908127529,48.3391052487306
-15.8049932456216,7.39671697448583,48.3325346213027
-15.8051677424668,7.43944774657295,48.3259214774944
-15.8053433469711,7.48220137610244,48.3192657416146
-15.8055200617171,7.52497784146884,48.3125673378865
-15.8056978892933,7.56777712089493,48.3058261904467
-15.805876832294,7.61059919243116,48.2990422233465
-15.8060568933195,7.65344403395492,48.2922153605515
-15.8062380749761,7.6963116231701,48.2853455259421
-15.8064203798757,7.73920193760634,48.2784326433134
-15.8066038106364,7.78211495461841,48.2714766363762
-15.8067883698819,7.82505065138575,48.2644774287563
-15.8069740602421,7.86800900491176,48.2574349439955
-15.8071608843526,7.91098999202313,48.250349105551
-15.807348844855,7.95399358936932,48.2432198367967
-15.8075379443966,7.9970197734219,48.2360470610227
-15.8077281856308,8.04006852047401,48.2288307014358
-15.8079195712168,8.08313980663958,48.2215706811598
-15.8081121038197,8.1262336078529,48.2142669232354
-15.8083057861104,8.16934989986788,48.2069193506211
-15.808500620766,8.2124886582575,48.1995278861928
-15.808696610469,8.25564985841312,48.1920924527448
-15.8088937579083,8.29883347554394,48.1846129729889
-15.8090920657781,8.34203948467633,48.1770893695562
-15.8092915503032,8.38526778970577,48.1695215729079
-15.8094922278899,8.42851829426061,48.1619095136409
-15.8096941015143,8.47179097269062,48.1542531144687
-15.8098971741584,8.51508579916085,48.1465522980249
-15.81010144881,8.55840274765088,48.1388069868646
-15.8103069284626,8.60174179195434,48.131017103464
-15.8105136161157,8.64510290567813,48.1231825702208
-15.8107215147743,8.68848606224187,48.1153033094543
-15.8109306274495,8.73189123487744,48.1073792434063
-15.8111409571579,8.77531839662794,48.0994102942408
-15.811352506922,8.81876752034752,48.0913963840444
-15.8115652797701,8.86223857870046,48.083337434827
-15.8117792787363,8.90573154416071,48.0752333685217
-15.8119945068603,8.94924638901115,48.067084106985
-15.8122109671876,8.99278308534298,48.0588895719976
-15.8124286627696,9.03634160505516,48.0506496852645
-15.8126475966633,9.07992191985379,48.0423643684151
-15.8128677719315,9.12352400125134,48.0340335430035
-15.8130891916427,9.16714782056615,48.0256571305094
-15.8133118588711,9.21079334892174,48.017235052338
-15.8135357766967,9.25446055724632,48.0087672298199
-15.8137609482053,9.29814941628313,48.0002535842102
-15.8139873764905,9.34185989683755,47.991694036639
-15.8142150646532,9.38559196970919,47.9830885081245
-15.8144440158001,9.42934560551188,47.9744369196078
-15.8146742146561,9.47312064481685,47.9657392236625
-15.8149056457057,9.51691692779782,47.9569953734063
-15.815138311703,9.56073442417654,47.9482052904876
-15.8153722154087,9.60457310358078,47.9393688964629
-15.8156073595907,9.64843293575488,47.9304861127536
-15.8158437470222,9.69231389029857,47.9215568606986
-15.8160813804823,9.73621593661296,47.9125810615644
-15.8163202627549,9.78013904389993,47.9035586365463
-15.8165603966292,9.82408318116126,47.8944895067688
-15.8168017849,9.86804831719826,47.8853735932852
-15.8170444303668,9.91203442061099,47.8762108170786
-15.8172883358348,9.95604145979767,47.867001099062
-15.8175335041142,10.000069402954,47.8577443600789
-15.8177799380204,10.0441182180725,47.8484405209029
-15.8180276403742,10.0881878729421,47.8390895022393
-15.8182766140014,10.1322783351471,47.8296912247245
-15.8185268617332,10.1763895720668,47.8202456089267
-15.8187783864058,10.2205215508749,47.8107525753462
-15.8190311908609,10.2646742385387,47.8012120444158
-15.819285277945,10.3088476018184,47.7916239365012
-15.8195406505101,10.3530416072667,47.7819881719016
-15.8197973114131,10.3972562212281,47.7723046708496
-15.8200552635165,10.441491409838,47.7625733535119
-15.8203145096875,10.4857471390224,47.7527941399897
-15.8205750527987,10.530023374497,47.742966950319
-15.8208368380431,10.5743202693592,47.7330916820324
-15.8210998099702,10.6186379767028,47.7231682320536
-15.8213639704936,10.6629764619189,47.7131965194053
-15.8216293215322,10.7073356901845,47.7031764630448
-15.8218958650087,10.7517156264617,47.6931079818637
-15.8221636028509,10.7961162354966,47.6829909946881
-15.8224325369907,10.8405374818193,47.6728254202794
-15.8227026693646,10.8849793297425,47.6626111773347
-15.8229740019138,10.9294417433618,47.6523481844872
-15.8232465365837,10.9739246865538,47.642036360306
-15.8235202753243,11.0184281229767,47.6316756232976
-15.8237952200902,11.0629520160687,47.6212658919058
-15.8240713728404,11.1074963290479,47.6108070845117
-15.8243487355383,11.1520610249114,47.6002991194347
-15.8246273101521,11.1966460664347,47.589741914933
-15.8249070986542,11.2412514161709,47.5791353892037
-15.8251881030215,11.2858770364503,47.5684794603834
-15.8254703252355,11.3305228893795,47.5577740465484
-15.825753767282,11.375188936841,47.5470190657156
-15.8260384311517,11.4198751404922,47.5362144358427
-15.8263243188392,11.464581461765,47.5253600748286
-15.826611432344,11.5093078618651,47.5144559005141
-15.82689977367,11.5540543017711,47.5035018306819
-15.8271893448252,11.5988207422343,47.4924977830577
-15.8274801478226,11.6436071437775,47.48144367531
-15.8277721416215,11.6884137510178,47.4703393693996
-15.8280652847321,11.7332408080803,47.459184726322
-15.828359578499,11.7780882744028,47.4479796622137
-15.8286550242709,11.8229561091874,47.4367240931558
-15.8289516233998,11.8678442714,47.4254179351747
-15.8292493772413,11.9127527197693,47.4140611042417
-15.8295482871551,11.9576814127865,47.402653516275
-15.829848354504,12.0026303087046,47.3911950871389
-15.8301495806548,12.0475993655375,47.3796857326448
-15.8304519669777,12.0925885410594,47.3681253685519
-15.8307555148467,12.1375977928042,47.3565139105675
-15.8310602256394,12.1826270780648,47.3448512743473
-15.8313661007369,12.2276763538926,47.3331373754966
-15.8316731415242,12.2727455770963,47.3213721295703
-15.8319813493895,12.3178347042418,47.3095554520731
-15.8322907257251,12.3629436916513,47.2976872584612
-15.8326012719266,12.4080724954026,47.2857674641417
-15.8329129893933,12.4532210713282,47.2737959844735
-15.8332258795281,12.4983893750153,47.2617727347683
-15.8335399437375,12.5435773618045,47.2496976302905
-15.8338551834318,12.5887849867891,47.2375705862579
-15.8341716000245,12.6340122048151,47.2253915178429
-15.8344891949331,12.6792589704798,47.2131603401721
-15.8348079695785,12.7245252381313,47.2008769683272
-15.8351279253852,12.7698109618682,47.1885413173462
-15.835449068723,12.8151161905236,47.1761532747621
-15.8357714060096,12.8604409723599,47.1637127277427
-15.8360949387474,12.9057852602416,47.1512195907141
-15.836419668442,12.9511490067788,47.1386737780618
-15.8367455966025,12.9965321643259,47.1260752041309
-15.8370727247414,13.0419346849816,47.1134237832271
-15.8374010543747,13.0873565205878,47.1007194296171
-15.8377305870219,13.1327976227292,47.0879620575292
-15.8380613242057,13.1782579427324,47.075151581154
-15.8383932674525,13.2237374316654,47.0622879146448
-15.8387264182918,13.2692360403369,47.0493709721189
-15.8390607782568,13.3147537192955,47.0364006676571
-15.8393963488839,13.3602904188293,47.0233769153053
-15.839733131713,13.4058460889648,47.0102996290748
-15.8400711282874,13.4514206794667,46.9971687229426
-15.8404103401537,13.497014139837,46.9839841108527
-15.840750768862,13.5426264193141,46.9707457067161
-15.8410924159657,13.5882574668729,46.9574534244121
-15.8414352830214,13.633907231223,46.9441071777882
-15.8417793715894,13.6795756608092,46.9307068806613
-15.842124683233,13.7252627038099,46.9172524468182
-15.8424712195192,13.7709683081369,46.9037437900163
-15.8428189820181,13.8166924214349,46.8901808239841
-15.8431679723032,13.8624349910804,46.8765634624221
-15.8435181919512,13.908195964181,46.8628916190034
-15.8438696667725,13.9539754311076,46.8491651564286
-15.8442224228164,13.9997734817971,46.8353839367192
-15.8445764620242,14.0455900622994,46.82154787249
-15.8449317863409,14.0914251183902,46.8076568763301
-15.8452883977151,14.1372785955696,46.7937108608036
-15.8456462980993,14.1831504390621,46.7797097384508
-15.8460054894497,14.2290405938155,46.7656534217884
-15.8463659737261,14.2749490045005,46.7515418233103
-15.8467277528923,14.3208756155102,46.7373748554888
-15.8470908289156,14.3668203709587,46.7231524307748
-15.8474552037669,14.4127832146814,46.7088744615982
-15.8478208794211,14.4587640902336,46.6945408603698
-15.8481878578566,14.50476294089,46.6801515394808
-15.8485561410555,14.5507797096444,46.6657064113044
-15.8489257310035,14.5968143392085,46.6512053881959
-15.84929662969,14.6428667720117,46.636648382494
-15.8496688391082,14.6889369502001,46.6220353065211
-15.8500423612547,14.7350248156361,46.6073660725844
-15.8504171981299,14.7811303098975,46.5926405929764
-15.8507933517378,14.8272533742771,46.5778587799758
-15.8511708240858,14.8733939497818,46.563020545848
-15.8515496171852,14.919551977132,46.5481258028465
-15.8519297330507,14.9657273967611,46.5331744632129
-15.8523111737008,15.0119201488149,46.5181664391783
-15.8526939411571,15.0581301731503,46.5031016429635
-15.8530780237741,15.1043574539632,46.4879799769428
-15.8534634098105,15.1506019752325,46.4728013433013
-15.8538501011516,15.1968636760559,46.4575656539637
-15.854238099686,15.2431424952394,46.4422728208464
-15.8546274073063,15.2894383712974,46.426922755859
-15.8550180259087,15.3357512424514,46.4115153709046
-15.8554099573932,15.3820810466294,46.3960505778808
-15.8558032036635,15.4284277214659,46.3805282886807
-15.8561977666269,15.4747912043003,46.3649484151933
-15.8565936481946,15.5211714321771,46.3493108693046
-15.8569908502814,15.5675683418446,46.3336155628983
-15.8573893748058,15.6139818697549,46.3178624078569
-15.8577892236898,15.6604119520624,46.3020513160622
-15.8581903988594,15.7068585246243,46.2861821993961
-15.858592902244,15.7533215229987,46.2702549697418
-15.8589967357767,15.7998008824449,46.2542695389845
-15.8594019013945,15.8462965379226,46.2382258190119
-15.8598084010376,15.8928084240907,46.2221237217157
-15.8602162366501,15.9393364753073,46.2059631589918
-15.8606254101797,15.9858806256289,46.1897440427415
-15.8610359235776,16.0324408088095,46.1734662848726
-15.8614477787987,16.0790169583004,46.1571297972998
-15.8618609778015,16.1256090072491,46.1407344919456
-15.8622755225478,16.1722168884991,46.1242802807416
-15.8626914150035,16.2188405345889,46.1077670756292
-15.8631086568492,16.2654797670054,46.0911948277418
-15.8635272497996,16.312134407206,46.0745634886214
-15.863947195877,16.3588043872286,46.0578729708378
-15.8643684971079,16.4054896388061,46.0411231869736
-15.8647911555227,16.4521900933664,46.0243140496246
-15.8652151731562,16.498905682031,46.0074454714007
-15.8656405520472,16.5456363356152,45.990517364927
-15.8660672942385,16.592381984627,45.9735296428445
-15.8664954017769,16.6391425592664,45.9564822178111
-15.8669248767135,16.6859179894254,45.9393750025028
-15.8673557211035,16.7327082046866,45.9222079096139
-15.8677879370057,16.7795131343232,45.9049808518587
-15.8682215264836,16.8263327072979,45.8876937419719
-15.8686564916042,16.873166852263,45.8703464927098
-15.8690928344388,16.920015497559,45.8529390168512
-15.8695305570626,16.9668785712143,45.8354712271984
-15.869969661555,17.0137560009451,45.8179430365776
-15.870410149999,17.0606477141538,45.8003543578409
-15.870852024482,17.1075536379294,45.7827051038662
-15.8712952870953,17.1544736990463,45.764995187559
-15.871739939934,17.2014078239637,45.7472245218523
-15.8721859850972,17.2483559388256,45.729393019709
-15.8726334246881,17.2953179694595,45.7115005941218
-15.8730822608137,17.3422938413762,45.6935471581144
-15.8735324955849,17.3892834797689,45.6755326247426
-15.8739841435436,17.436286604456,45.6574569810851
-15.8744372192976,17.4833029351466,45.6393202151149
-15.8748917250632,17.5303323963957,45.6211222412812
-15.8753476630598,17.5773749124427,45.6028629740703
-15.8758050355104,17.624430407211,45.5845423280067
-15.8762638446415,17.6714988043073,45.5661602176544
-15.8767240926832,17.7185800270211,45.5477165576171
-15.877185781869,17.7656739983241,45.5292112625402
-15.8776489144357,17.8127806408697,45.510644247111
-15.8781134926236,17.8598998769923,45.4920154260603
-15.8785795186766,17.907031628707,45.4733247141631
-15.8790469948418,17.9541758177089,45.4545720262394
-15.8795159233697,18.0013323653724,45.4357572771559
-15.8799863065142,18.0485011927511,45.4168803818266
-15.8804581465327,18.0956822205767,45.3979412552136
-15.8809314456857,18.1428753692589,45.3789398123286
-15.8814062062372,18.1900805588846,45.3598759682339
-15.8818824304545,18.2372977092176,45.340749638043
-15.8823601206081,18.2845267396978,45.3215607369224
-15.8828392789718,18.3317675694408,45.3023091800917
-15.8833199078228,18.3790201172375,45.2829948828258
-15.8838020094414,18.4262843015532,45.2636177604548
-15.8842855861111,18.4735600405277,45.2441777283662
-15.8847706401188,18.5208472519739,45.2246747020048
-15.8852571737546,18.5681458533781,45.2051085968747
-15.8857451168587,18.6154560519241,45.1854792345277
-15.8862343987403,18.6627780541468,45.1657864355207
-15.8867250208965,18.7101117760629,45.1460301139573
-15.8872169848268,18.7574571333546,45.1262101840041
-15.8877102920332,18.8048140413687,45.1063265598917
-15.8882049440201,18.8521824151161,45.0863791559155
-15.8887009422944,18.8995621692716,45.0663678864375
-15.8891982883655,18.9469532181729,45.0462926658869
-15.8896969837449,18.9943554758206,45.0261534087614
-15.8901970299469,19.0417688558772,45.0059500296284
-15.8906984284877,19.089193271667,44.9856824431263
-15.8912011808864,19.1366286361755,44.965350563965
-15.8917052886641,19.1840748620488,44.9449543069281
-15.8922107533444,19.231531861593,44.924493586873
-15.892717576453,19.2789995467742,44.9039683187329
-15.8932257595182,19.3264778292172,44.8833784175174
-15.8937353040705,19.373966620206,44.8627237983142
-15.8942462116427,19.4214658306825,44.8420043762896
-15.8947584837698,19.4689753712463,44.8212200666904
-15.8952721219892,19.5164951521545,44.8003707848447
-15.8957871278404,19.5640250833208,44.7794564461631
-15.8963035028655,19.6115650743152,44.75847696614
-15.8968212486082,19.6591150343636,44.7374322603549
-15.897340366615,19.7066748723473,44.7163222444732
-15.8978608584343,19.7542444968023,44.6951468342481
-15.89838269726,19.801823726376,44.6739059953031
-15.8989058561546,19.8494123796536,44.6525996937514
-15.8994303364738,19.8970103645615,44.6312278462134
-15.8999561395762,19.9446175886827,44.6097903694008
-15.9004832668231,19.9922339592555,44.5882871801176
-15.9010117195789,20.0398593831737,44.5667181952611
-15.9015414992109,20.0874937669861,44.5450833318238
-15.9020726070892,20.1351370168958,44.5233825068939
-15.902605044587,20.1827890387599,44.5016156376567
-15.90313881308,20.2304497380892,44.4797826413965
-15.9036739139471,20.2781190200477,44.457883435497
-15.9042103485699,20.3257967894519,44.4359179374428
-15.9047481183329,20.3734829507709,44.413886064821
-15.9052872246234,20.4211774081256,44.3917877353222
-15.9058276688316,20.4688800652883,44.3696228667415
-15.9063694523504,20.5165908256827,44.3473913769805
-15.9069125765755,20.5643095923828,44.3250931840476
-15.9074570429055,20.6120362681134,44.3027282060605
-15.9080028527417,20.6597707552486,44.2802963612461
-15.9085500074883,20.7075129558125,44.2577975679428
-15.909098508552,20.7552627714781,44.2352317446018
-15.9096483573425,20.8030201035672,44.2125988097876
-15.9101995552721,20.8507848530499,44.1898986821799
-15.910752103756,20.8985569205444,44.1671312805751
-15.9113060042118,20.9463362063164,44.1442965238869
-15.9118612305831,20.9941227226164,44.1213942876042
-15.9124177566861,21.0419164813094,44.0984244468224
-15.912975583752,21.0897173815505,44.0753869200448
-15.9135347130152,21.1375253221388,44.052281625896
-15.9140951457133,21.1853402015161,44.0291084831244
-15.9146568830869,21.233161917767,44.0058674106024
-15.91521992638,21.2809903686187,43.982558327328
-15.9157842768395,21.3288254514401,43.9591811524267
-15.9163499357157,21.376667063242,43.9357358051523
-15.9169169042617,21.4245151006765,43.9122222048884
-15.917485183734,21.4723694600366,43.88864027115
-15.9180547753921,21.5202300372561,43.8649899235846
-15.9186256804985,21.568096727909,43.8412710819736
-15.9191979003189,21.6159694272093,43.8174836662339
-15.9197714361222,21.6638480300107,43.793627596419
-15.9203462891801,21.7117324308063,43.7697027927208
-15.9209224607674,21.7596225237282,43.7457091754705
-15.9214999521623,21.8075182025472,43.7216466651403
-15.9220787646456,21.8554193606724,43.6975151823448
-15.9226588995014,21.9033258911513,43.6733146478422
-15.9232403580168,21.951237686669,43.6490449825363
-15.9238231414818,21.9991546395482,43.6247061074771
-15.9244072511895,22.0470766417487,43.6002979438626
-15.9249926884358,22.0950035848675,43.5758204130406
-15.92557945452,22.142935360138,43.5512734365094
-15.9261675400743,22.1908717188993,43.5266570109603
-15.9267569356322,22.2388124123235,43.5019711339606
-15.9273476423482,22.2867573308509,43.4772157285546
-15.9279396613795,22.3347063645615,43.4523907179444
-15.9285329938855,22.3826594031746,43.4274960254911
-15.9291276410281,22.4306163360485,43.4025315747162
-15.9297236039719,22.4785770521804,43.3774972893031
-15.9303208838832,22.526541440206,43.3523930930988
-15.9309194819314,22.5745093883996,43.3272189101152
-15.9315193992879,22.6224807846734,43.3019746645302
-15.9321206371266,22.6704555165777,43.2766602806896
-15.9327231966236,22.7184334713006,43.2512756831088
-15.9333270789576,22.7664145356675,43.2258207964736
-15.9339322853093,22.8143985961412,43.2002955456422
-15.9345388168619,22.8623855388218,43.1746998556468
-15.9351466748009,22.9103752494459,43.149033651694
-15.9357558603141,22.9583676133874,43.1232968591681
-15.9363663745915,23.0063625156562,43.097489403631
-15.9369782188254,23.054359840899,43.0716112108246
-15.9375913942103,23.1023594733984,43.045662206672
-15.9382059019429,23.1503612970732,43.0196423172789
-15.9388217432224,23.1983651954781,42.9935514689354
-15.9394389192498,23.2463710518031,42.9673895881174
-15.9400574312287,23.2943787488743,42.9411566014882
-15.9406772803644,23.342388169153,42.9148524358999
-15.9412984414939,23.390399049763,42.8884771072618
-15.9419208892742,23.4384111279031,42.8620306323731
-15.9425446246441,23.4864242856027,42.8355129397074
-15.9431696485446,23.5344384045305,42.8089239579327
-15.9437959619185,23.5824533659944,42.7822636159127
-15.9444235657103,23.6304690509412,42.7555318427083
-15.9450524608665,23.6784853399567,42.7287285675793
-15.9456826483353,23.7265021132653,42.7018537199856
-15.946314129067,23.7745192507304,42.6749072295893
-15.9469469040134,23.822536631854,42.647889026256
-15.9475809741282,23.8705541357764,42.6207990400559
-15.948216340367,23.9185716412767,42.5936372012662
-15.9488530036869,23.966589026772,42.566403440372
-15.949490965047,24.014606170318,42.5390976880682
-15.9501302254082,24.0626229496088,42.5117198752611
-15.9507707857328,24.1106392419762,42.4842699330697
-15.951412646985,24.1586549243907,42.4567477928277
-15.9520558101309,24.2066698734607,42.4291533860844
-15.9527002761381,24.2546839654325,42.4014866446073
-15.9533460459758,24.3026970761907,42.3737475003826
-15.953993120615,24.3507090812578,42.3459358856178
-15.9546415010282,24.3987198557944,42.3180517327425
-15.9552911881898,24.4467292745989,42.2900949744104
-15.9559421830756,24.4947372121077,42.2620655435009
-15.956594486663,24.5427435423954,42.2339633731209
-15.9572480172324,24.59074827701,42.2057883475638
-15.9579026926253,24.6387514269927,42.1775403508516
-15.9585585131636,24.6867528651119,42.1492193160288
-15.9592154791708,24.7347524637714,42.120825176373
-15.9598735909726,24.7827500950103,42.0923578653971
-15.9605328488963,24.8307456305026,42.0638173168509
-15.9611932532713,24.8787389415577,42.035203464722
-15.9618548044286,24.9267298991204,42.0065162432386
-15.962517502701,24.9747183737705,41.9777555868701
-15.9631813484235,25.0227042357237,41.9489214303295
-15.9638463419326,25.0706873548307,41.9200137085748
-15.9645124835665,25.1186676005777,41.8910323568103
-15.9651797736655,25.1666448420867,41.8619773104891
-15.9658482125715,25.2146189481154,41.8328485053142
-15.9665178006284,25.2625897870568,41.8036458772401
-15.9671885381817,25.3105572269403,41.774369362475
-15.9678604255786,25.3585211354309,41.7450188974818
-15.9685334631684,25.4064813798295,41.7155944189804
-15.9692076513018,25.4544378270734,41.6860958639492
-15.9698829903314,25.502390343736,41.6565231696266
-15.9705594806116,25.5503387960272,41.6268762735129
-15.9712371224985,25.5982830497932,41.5971551133722
-15.9719159163499,25.6462229705171,41.5673596272334
-15.9725958625253,25.6941584233186,41.5374897533929
-15.9732769613861,25.7420892729542,41.5075454304154
-15.9739591817375,25.7900152731224,41.4775266781188
-15.9746424922238,25.8379361775139,41.4474335171834
-15.975326892967,25.8858518503331,41.4172658878759
-15.9760123840907,25.9337621554258,41.3870237307375
-15.9766989657206,25.9816669562797,41.3567069865864
-15.9773866379838,26.0295661160242,41.3263155965186
-15.9780754010095,26.0774594974313,41.2958495019104
-15.9787652549284,26.1253469629148,41.2653086444196
-15.9794561998732,26.1732283745316,41.2346929659874
-15.9801482359781,26.2211035939811,41.2040024088405
-15.9808413633793,26.2689724826058,41.173236915492
-15.9815355822144,26.3168349013915,41.1423964287439
-15.9822308926231,26.3646907109675,41.1114808916886
-15.9829272947465,26.4125397716068,41.0804902477107
-15.9836247887277,26.4603819432266,41.0494244404884
-15.9843233747114,26.5082170853883,41.0182834139958
-15.9850230528439,26.5560450572977,40.9870671125041
-15.9857238232732,26.6038657178057,40.955775480584
-15.9864256861492,26.6516789254083,40.9244084631066
-15.9871286416232,26.6994845382467,40.8929660052464
-15.9878326898485,26.7472824141081,40.8614480524816
-15.9885378309797,26.7950724104256,40.8298545505971
-15.9892440651734,26.8428543842787,40.7981854456856
-15.9899513925876,26.8906281923936,40.7664406841493
-15.9906598133821,26.9383936911434,40.7346202127025
-15.9913693640505,26.9861509128781,40.7027238471899
-15.9920800812776,27.033899888809,40.6707514029769
-15.9927919655118,27.081640473068,40.6387028265329
-15.9935050172028,27.1293725194299,40.6065780646498
-15.9942192368018,27.1770958813119,40.5743770644431
-15.9949346247615,27.2248104117745,40.5420997733539
-15.9956511815355,27.2725159635218,40.5097461391513
-15.9963689075792,27.3202123889017,40.4773161099333
-15.9970878033492,27.3678995399066,40.4448096341293
-15.9978078693032,27.4155772681736,40.4122266605021
-15.9985291059006,27.4632454249848,40.3795671381487
-15.9992515136018,27.5109038612681,40.3468310165034
-15.9999750928686,27.5585524275975,40.3140182453391
-16.0006998441639,27.6061909741933,40.2811287747688
-16.0014257679522,27.6538193509228,40.2481625552482
-16.0021528646989,27.7014374073006,40.2151195375767
-16.0028811348708,27.7490449924895,40.1819996729002
-16.0036105789359,27.7966419553002,40.1488029127121
-16.0043411973634,27.8442281441925,40.1155292088558
-16.0050729906237,27.8918034072754,40.0821785135265
-16.0058059591884,27.9393675923078,40.0487507792723
-16.0065401035303,27.9869205466989,40.015245958997
-16.0072754241232,28.0344621175087,39.9816640059617
-16.0080119214422,28.0819921514486,39.9480048737864
-16.0087495959635,28.129510494882,39.9142685164524
-16.00948855284,28.1770170639563,39.8804547967317
-16.0102288976607,28.2245117736445,39.8465635775187
-16.0109706315565,28.2719944680255,39.8125948135294
-16.0117137556583,28.31946499083,39.7785484598531
-16.0124582710966,28.3669231854401,39.7444244719549
-16.0132041790014,28.414368894891,39.7102228056775
-16.0139514805027,28.4618019618707,39.675943417243
-16.0147001767298,28.5092222287213,39.6415862632552
-16.015450268812,28.5566295374389,39.607151300701
-16.0162017578779,28.6040237296751,39.5726384869525
-16.0169546450558,28.6514046467371,39.5380477797691
-16.0177089314734,28.6987721295882,39.5033791372994
-16.0184646182581,28.746126018849,39.4686325180827
-16.0192217065367,28.7934661547979,39.4338078810519
-16.0199801974354,28.8407923773713,39.3989051855343
-16.0207400920801,28.888104526165,39.3639243912541
-16.0215013915957,28.9354024404344,39.3288654583343
-16.0222640971069,28.9826859590956,39.2937283472989
-16.0230282097375,29.0299549207255,39.2585130190743
-16.0237937306107,29.0772091635635,39.2232194349916
-16.024560660849,29.1244485255111,39.1878475567881
-16.0253290015741,29.1716728441336,39.1523973466103
-16.0260987539073,29.2188819566603,39.1168687670146
-16.0268699189687,29.2660756999855,39.0812617809698
-16.0276424978777,29.3132539106692,39.0455763518593
-16.0284165334814,29.3604163618474,39.0098124738219
-16.0291920687883,29.4075628264989,38.9739701416291
-16.0299691051588,29.4546931404499,38.9380493202395
-16.0307476439521,29.5018071391974,38.9020499750336
-16.0315276865261,29.5489046579096,38.8659720718147
-16.0323092342372,29.5959855314271,38.8298155768112
-16.0330922884408,29.6430495942637,38.7935804566789
-16.0338768504906,29.6900966806071,38.7572666785025
-16.0346629217388,29.7371266243198,38.7208742097977
-16.0354505035365,29.7841392589401,38.6844030185131
-16.0362395972331,29.8311344176829,38.6478530730325
-16.0370302041764,29.8781119334403,38.611224342176
-16.037822325713,29.925071638783,38.5745167952032
-16.0386159631874,29.9720133659609,38.5377304018142
-16.0394111179429,30.0189369469041,38.5008651321516
-16.0402077913212,30.0658422132237,38.463920956803
-16.0410059846619,30.1127289962128,38.4268978468024
-16.0418056993034,30.1595971268478,38.3897957736329
-16.042606936582,30.2064464357887,38.3526147092276
-16.0434096978325,30.2532767533804,38.3153546259723
-16.0442139843875,30.3000879096539,38.2780154967075
-16.0450197975783,30.3468797343268,38.24059729473
-16.045827138734,30.3936520568047,38.2030999937951
-16.0466360091819,30.440404706182,38.1655235681182
-16.0474464102473,30.4871375112428,38.1278679923775
-16.0482582548159,30.5338503481502,38.0901332407485
-16.049071455464,30.5805430930469,38.0523192875416
-16.0498860130505,30.6272155742232,38.0144261083331
-16.0507019284341,30.6738676196626,37.9764536791666
-16.0515192024727,30.7204990570419,37.938401976554
-16.0523378360238,30.7671097137334,37.9002709774786
-16.0531578299441,30.8136994168048,37.8620606593955
-16.0539791850898,30.8602679930209,37.8237710002352
-16.0548019023165,30.9068152688448,37.7854019784046
-16.0556259824789,30.9533410704386,37.746953572789
-16.0564514264312,30.9998452236646,37.7084257627544
-16.0572782350269,31.0463275540868,37.6698185281494
-16.0581064091187,31.0927878869713,37.6311318493067
-16.0589359495583,31.1392260472884,37.592365707046
-16.059766857197,31.1856418597126,37.5535200826747
-16.060599132885,31.2320351486249,37.5145949579913
-16.0614327774719,31.2784057381131,37.475590315286
-16.0622677918062,31.3247534519735,37.4365061373434
-16.0631041767356,31.3710781137117,37.3973424074445
-16.0639419331069,31.4173795465441,37.3580991093685
-16.0647810617662,31.4636575733992,37.3187762273946
-16.0656215635581,31.5099120169183,37.2793737463042
-16.0664634393268,31.556142699457,37.2398916513825
-16.067306689915,31.602349443087,37.2003299284213
-16.0681513161649,31.6485320695962,37.1606885637198
-16.0689973706311,31.6946903105275,37.1209675985146
-16.0698449061422,31.7408238975336,37.0811670747773
-16.0706939239491,31.7869326521475,37.0412869806766
-16.0715444253014,31.8330163956254,37.0013273048946
-16.0723964114478,31.8790749489488,36.9612880366294
-16.0732498836358,31.9251081328249,36.921169165596
-16.0741048431117,31.9711157676883,36.8809706820293
-16.0749612911206,32.0170976737025,36.8406925766853
-16.0758192289064,32.0630536707608,36.8003348408434
-16.076678657712,32.1089835784882,36.7598974663083
-16.0775395787784,32.154887216242,36.7193804454116
-16.0784019933459,32.2007644031142,36.6787837710146
-16.079265902653,32.2466149579317,36.638107436509
-16.0801313079372,32.2924386992587,36.5973514358199
-16.0809982104342,32.3382354453975,36.5565157634072
-16.0818666113787,32.3840050143903,36.5156004142677
-16.0827365120035,32.4297472240199,36.4746053839368
-16.0836079135401,32.4754618918122,36.4335306684908
-16.0844808172185,32.5211488350368,36.3923762645487
-16.0853552242671,32.5668078707089,36.3511421692737
-16.0862311359125,32.6124388155905,36.3098283803759
-16.0871085533801,32.658041486192,36.2684348961135
-16.0879874778932,32.7036156987735,36.2269617152952
-16.0888679106736,32.7491612693468,36.1854088372819
-16.0897498529415,32.7946780136763,36.1437762619885
-16.0906333750055,32.8401656913499,36.1020640099697
-16.0915185473237,32.885624061611,36.0602721027315
-16.0924053713354,32.931052939342,36.0184005424538
-16.0932938484766,32.9764521391863,35.9764493318814
-16.0941839801795,33.0218214755495,35.9344184743251
-16.0950757678724,33.0671607626014,35.892307973664
-16.0959692129803,33.112469814277,35.8501178343474
-16.0968643169237,33.1577484442789,35.8078480613965
-16.0977610811199,33.2029964660779,35.7654986604064
-16.0986595069817,33.2482136929158,35.7230696375481
-16.0995595959186,33.2933999378059,35.6805609995701
-16.1004613493356,33.3385550135356,35.6379727538006
-16.1013647686339,33.3836787326676,35.5953049081493
-16.1022698552107,33.4287709075413,35.5525574711093
-16.1031766104589,33.4738313502754,35.5097304517586
-16.1040850357675,33.5188598727683,35.4668238597625
-16.1049951325211,33.5638562867012,35.4238377053755
-16.1059069021002,33.6088204035387,35.3807719994424
-16.106820345881,33.6537520345312,35.3376267534013
-16.1077354652354,33.6986509907162,35.2944019792845
-16.1086522615308,33.7435170829204,35.2510976897208
-16.1095707361305,33.7883501217614,35.2077138979374
-16.1104908903932,33.8331499176493,35.1642506177615
-16.111412725673,33.8779162807884,35.1207078636224
-16.1123362433198,33.9226490211796,35.0770856505531
-16.1132614972339,33.9673479528678,35.0333839659033
-16.1141885413217,34.0120128884211,34.9896027986969
-16.1151173769335,34.0566436353294,34.9457421673992
-16.1160480054131,34.1012400008926,34.9018020910986
-16.1169804280972,34.1458017922226,34.857782589508
-16.1179146463162,34.1903288162451,34.8136836829671
-16.1188506613931,34.2348208797014,34.7695053924436
-16.1197884746443,34.2792777891506,34.7252477395358
-16.1207280873793,34.3236993509714,34.6809107464736
-16.1216695009005,34.368085371364,34.6364944361211
-16.1226127165031,34.4124356563524,34.5919988319778
-16.1235577354756,34.4567500117859,34.5474239581806
-16.1245045590991,34.5010282433415,34.5027698395056
-16.1254531886476,34.5452701565258,34.4580365013701
-16.1264036253878,34.5894755566769,34.413223969834
-16.1273558705792,34.6336442489664,34.3683322716019
-16.1283099254739,34.6777760384017,34.3233614340244
-16.1292657913169,34.721870729828,34.2783114851007
-16.1302234693454,34.7659281279299,34.2331824534796
-16.1311829607895,34.8099480372343,34.1879743684616
-16.1321442668714,34.8539302621117,34.1426872600007
-16.1331073888061,34.8978746067786,34.0973211587059
-16.1340723278009,34.9417808753,34.0518760958432
-16.1350390850552,34.9856488715908,34.0063521033373
-16.1360076617612,35.0294783994182,33.960749213773
-16.1369780962701,35.073269287006,33.9150674172718
-16.1379504270647,35.1170213623493,33.8693067042757
-16.1389246555214,35.1607344286565,33.8234671088471
-16.1399007830088,35.2044082889949,33.777548665715
-16.1408788108867,35.2480427462926,33.7315514102765
-16.1418587405072,35.2916376033413,33.6854753785993
-16.1428405732135,35.3351926627978,33.6393206074224
-16.1438243103407,35.3787077271866,33.5930871341587
-16.1448099532152,35.4221825989022,33.546774996896
-16.1457975031552,35.465617080211,33.5003842343994
-16.1467869614699,35.5090109732538,33.4539148861121
-16.1477783294602,35.5523640800481,33.407366992158
-16.1487716084181,35.5956762024901,33.3607405933426
-16.1497667996271,35.6389471423575,33.3140357311554
-16.1507639043617,35.6821767013109,33.2672524477707
-16.1517629238877,35.725364680897,33.22039078605
-16.1527638594621,35.7685108825506,33.1734507895434
-16.1537667123327,35.8116151075969,33.1264325024911
-16.1547714837385,35.8546771572535,33.0793359698253
-16.1557781749094,35.8976968326333,33.0321612371714
-16.1567867870663,35.9406739347468,32.9849083508502
-16.1577973214209,35.9836082645042,32.9375773578791
-16.1588097791758,36.0264996227175,32.8901683059739
-16.1598241615241,36.069347810104,32.8426812435503
-16.1608404696498,36.1121526272873,32.7951162197254
-16.1618586924898,36.1549138009747,32.7474733718674
-16.16287881889,36.1976310581645,32.6997528385681
-16.163900849884,36.2403041997875,32.6519546718364
-16.1649247864961,36.2829330266946,32.604078924388
-16.1659506297405,36.3255173396596,32.5561256496471
-16.1669783806219,36.3680569393818,32.5080949017477
-16.1680080401351,36.4105516264877,32.4599867355352
-16.1690396092651,36.4530012015346,32.4118012065681
-16.1700730889869,36.495405465012,32.3635383711193
-16.1711084802656,36.537764217345,32.3151982861776
-16.1721457840564,36.5800772588964,32.2667810094496
-16.1731850013042,36.622344389969,32.2182865993602
-16.1742261329442,36.6645654108089,32.1697151150558
-16.175269179901,36.7067401216072,32.1210666164037
-16.1763141430893,36.7488683225033,32.0723411639953
-16.1773610234134,36.7909498135868,32.0235388191466
-16.1784098217675,36.8329843949007,31.9746596439
-16.1794605390352,36.8749718664436,31.9257037010257
-16.1805131760897,36.9169120281725,31.8766710540229
-16.181567733794,36.9588046800052,31.8275617671219
-16.1826242130005,37.0006496218234,31.7783759052846
-16.1836826145508,37.0424466534746,31.7291135342067
-16.1847429392763,37.0841955747758,31.6797747203187
-16.1858051879975,37.1258961855148,31.6303595307871
-16.1868693615242,37.1675482854541,31.5808680335166
-16.187935316888,37.2091517339082,31.5313003006574
-16.1890029105151,37.2507063904629,31.4816564047871
-16.1900721422914,37.2922120552567,31.4319364155601
-16.1911430120927,37.3336685284118,31.3821404033716
-16.1922155197845,37.3750756100366,31.3322684393587
-16.193289665222,37.4164331002288,31.2823205954015
-16.19436544825,37.4577407990774,31.2322969441247
-16.195442868703,37.4989985066667,31.1821975588992
-16.196521926405,37.5402060230777,31.1320225138429
-16.1976026211696,37.5813631483918,31.0817718838223
-16.1986849527998,37.6224696826932,31.0314457444537
-16.1997689210883,37.6635254260716,30.9810441721045
-16.2008545258169,37.7045301786251,30.9305672438944
-16.2019417667572,37.7454837404635,30.880015037697
-16.2030306436698,37.78638591171,30.8293876321405
-16.2041211563048,37.8272364925051,30.7786851066095
-16.2052133044015,37.8680352830087,30.7279075412459
-16.2063070876885,37.9087820834035,30.67705501695
-16.2074025058836,37.9494766938975,30.6261276153824
-16.2084995586938,37.990118914727,30.5751254189643
-16.2095982458152,38.0307085461594,30.5240485108795
-16.210698566933,38.0712453884959,30.4728969750748
-16.2118005217216,38.1117292420752,30.4216708962623
-16.2129041098442,38.1521599072752,30.3703703599192
-16.2140093309531,38.1925371845169,30.3189954522899
-16.215116045328,38.2328608987833,30.2675463040778
-16.2162241127617,38.2731308750349,30.2160230472888
-16.2173335321604,38.3133469137342,30.164425771277
-16.2184443024207,38.3535088154015,30.1127545661714
-16.219556422429,38.393616380618,30.0610095228762
-16.2206698910624,38.4336694100286,30.0091907330727
-16.2217847071876,38.4736677043453,29.95729828922
-16.2229008696619,38.5136110643497,29.9053322845558
-16.2240183773324,38.5534992908963,29.853292813098
-16.2251372290362,38.5933321849154,29.8011799696454
-16.2262574236006,38.6331095474164,29.7489938497787
-16.227378959843,38.6728311794904,29.6967345498619
-16.2285018365705,38.7124968823138,29.644402167043
-16.2296260525805,38.7521064571509,29.5919967992548
-16.2307516066601,38.7916597053572,29.5395185452163
-16.2318784975865,38.8311564283825,29.4869675044338
-16.2330067241268,38.8705964277738,29.4343437772013
-16.2341362850377,38.9099795051786,29.3816474646017
-16.2352671790661,38.9493054623481,29.3288786685082
-16.2363994049487,38.9885741011399,29.2760374915844
-16.2375329614118,39.0277852235215,29.2231240372859
-16.2386678471718,39.0669386315735,29.1701384098611
-16.2398040609345,39.1060341274923,29.1170807143517
-16.2409416013958,39.1450715135937,29.063951056594
-16.2420804672412,39.1840505923159,29.0107495432196
-16.2432206514171,39.2229711517379,28.9574763044889
-16.2443621469245,39.2618329798267,28.9041314719971
-16.2455049525159,39.3006358790485,28.8507151555757
-16.246649066934,39.3393796520083,28.7972274658581
-16.2477944889121,39.378064101453,28.7436685142798
-16.2489412171734,39.4166890302749,28.6900384130801
-16.2500892504316,39.4552542415144,28.6363372753017
-16.2512385873908,39.493759538364,28.5825652147925
-16.2523892267448,39.532204724171,28.528722346206
-16.253541167178,39.5705896024409,28.4748087850017
-16.2546944073652,39.6089139768408,28.4208246474462
-16.2558489459708,39.6471776512026,28.366770050614
-16.2570047816498,39.6853804295262,28.312645112388
-16.2581619130471,39.7235221159828,28.25844995146
-16.2593203387978,39.7616025149186,28.2041846873318
-16.2604800575272,39.7996214308576,28.1498494403157
-16.2616410678504,39.837578668505,28.0954443315351
-16.2628033683728,39.8754740327511,28.040969482925
-16.2639669576898,39.9133073286736,27.9864250172329
-16.2651318343867,39.951078361542,27.9318110580194
-16.266297997039,39.9887869368204,27.8771277296585
-16.2674654442119,40.0264328601708,27.8223751573384
-16.2686341744609,40.0640159374569,27.7675534670622
-16.2698041863312,40.1015359747469,27.7126627856481
-16.2709754783581,40.1389927783175,27.6577032407303
-16.2721481573377,40.176386100202,27.6026749761929
-16.2733223304657,40.2137156928525,27.5475781365978
-16.2744979968612,40.2509813634951,27.4924128518187
-16.2756751556323,40.2881829195778,27.4371792525442
-16.2768538058764,40.3253201687725,27.3818774702775
-16.2780339466802,40.3623929189797,27.3265076373374
-16.2792155771193,40.3994009783312,27.2710698868584
-16.2803986962583,40.4363441551936,27.2155643527915
-16.2815833031513,40.4732222581721,27.159991169904
-16.2827693968411,40.5100350961135,27.1043504737805
-16.2839569763597,40.5467824781098,27.0486424008234
-16.2851460407279,40.5834642135018,26.9928670882523
-16.2863365889557,40.6200801118822,26.9370246741053
-16.287528620042,40.6566299830995,26.8811152972393
-16.2887221329745,40.6931136372611,26.8251390973295
-16.28991712673,40.7295308847371,26.7690962148709
-16.2911136002741,40.7658815361635,26.7129867911775
-16.2923115525612,40.8021654024456,26.6568109683832
-16.2935109825346,40.8383822947621,26.600568889442
-16.2947118891264,40.8745320245679,26.5442606981282
-16.2959142712576,40.9106144035979,26.4878865390366
-16.2971181278378,40.9466292438706,26.4314465575825
-16.2983234577653,40.9825763576915,26.3749409000025
-16.2995302599275,41.0184555576566,26.3183697133544
-16.3007385332,41.054266656656,26.261733145517
-16.3019482333332,41.090009471527,26.2050313662891
-16.3031593158366,41.1256838194681,26.1482645465104
-16.3043717792081,41.1612895143641,26.0914328368554
-16.3055856219341,41.1968263704094,26.0345363888214
-16.3068008424891,41.2322942021116,25.9775753547289
-16.3080174393364,41.2676928242948,25.9205498877215
-16.3092354109273,41.3030220521038,25.8634601417664
-16.3104547557017,41.3382817010072,25.8063062716538
-16.3116754720878,41.3734715868012,25.7490884329979
-16.3128975585019,41.4085915256127,25.6918067822355
-16.314121013349,41.4436413339038,25.6344614766277
-16.315345835022,41.4786208284746,25.5770526742587
-16.3165720219023,41.513529826467,25.5195805340359
-16.3177995723595,41.5483681453686,25.4620452156904
-16.3190284847515,41.5831356030159,25.4044468797765
-16.3202587574242,41.6178320175984,25.3467856876719
-16.321490388712,41.6524572076616,25.2890618015774
-16.3227233769374,41.6870109921113,25.2312753845169
-16.3239577204109,41.7214931902166,25.1734266003373
-16.3251934174315,41.755903621614,25.1155156137083
-16.3264304662859,41.7902421063107,25.0575425901223
-16.3276688652495,41.8245084646886,24.9995076958942
-16.3289086125852,41.8587025175076,24.9414110981615
-16.3301497065446,41.8928240859095,24.8832529648835
-16.331392145367,41.9268729914216,24.8250334648418
-16.3326361689713,41.9608490890964,24.7667525521117
-16.3338820181153,41.9947522329362,24.7084101812147
-16.335129692277,42.0285822434785,24.65000652284
-16.3363791909206,42.0623389416574,24.5915417485064
-16.3376305134965,42.0960221488066,24.5330160305622
-16.3388836594411,42.1296316866698,24.4744295421742
-16.3401386281816,42.1631673774383,24.4157824572655
-16.3413954191329,42.1966290437334,24.3570749505527
-16.3426540316957,42.2300165085905,24.2983071975802
-16.3439144652568,42.2633295954622,24.2394793747214
-16.3451767191888,42.2965681282219,24.1805916591785
-16.3464407928501,42.3297319311673,24.1216442289822
-16.3477066855847,42.3628208290246,24.0626372629906
-16.3489743967225,42.3958346469518,24.0035709408902
-16.350243925579,42.4287732105428,23.9444454431941
-16.3515152714553,42.461636345831,23.8852609512422
-16.3527884336384,42.4944238792928,23.8260176472009
-16.3540634114006,42.5271356378519,23.7667157140622
-16.3553402039999,42.5597714488827,23.7073553356435
-16.35661881068,42.5923311402139,23.647936696587
-16.3578992306698,42.6248145401328,23.5884599823593
-16.359181463184,42.6572214773885,23.5289253792507
-16.3604655074226,42.689551781196,23.4693330743746
-16.3617513625711,42.7218052812397,23.4096832556673
-16.3630390278003,42.7539818076778,23.349976111887
-16.3643284882293,42.7860812763469,23.2902116859521
-16.3656197287462,42.8181036026803,23.230390021408
-16.3669127481522,42.8500486169505,23.1705113091887
-16.368207545233,42.8819161499178,23.1105757410539
-16.3695041187584,42.913706032834,23.0505835095877
-16.3708024674823,42.9454180974457,22.9905348081985
-16.372102590143,42.9770521759987,22.9304298311181
-16.3734044854627,43.0086081012416,22.8702687734008
-16.3747081521481,43.0400857064295,22.8100518309231
-16.3760135888895,43.071484825328,22.7497792003824
-16.3773207943617,43.1028052922169,22.6894510792965
-16.3786297672235,43.134046941894,22.6290676660031
-16.3799405061175,43.165209609679,22.5686291596583
-16.3812530096706,43.1962931314173,22.5081357602364
-16.3825672764934,43.2272973434836,22.4475876685288
-16.3838833051808,43.2582220827862,22.3869850861431
-16.3852010943113,43.2890671867702,22.3263282155024
-16.3865206424477,43.3198324934219,22.265617259844
-16.3878419481363,43.3505178412721,22.2048524232191
-16.3891650099076,43.3811230694004,22.1440339104913
-16.3904898262758,43.4116480174387,22.083161927336
-16.391816395739,43.4420925255751,22.0222366802391
-16.3931447167791,43.4724564345575,21.9612583764963
-16.3944747878618,43.5027395856979,21.9002272242121
-16.3958066074366,43.532941820876,21.8391434322987
-16.3971402234003,43.5630630801355,21.7780069780125
-16.3984756837845,43.5931033023638,21.7168178396057
-16.3998129872165,43.6230623285696,21.6555762287018
-16.4011521323063,43.6529400003454,21.5942823577412
-16.4024931176471,43.6827361598718,21.5329364399807
-16.4038359418151,43.7124506499208,21.4715386894911
-16.4051806033694,43.74208331386,21.4100893211574
-16.406527100852,43.7716339956569,21.348588550677
-16.4078754327881,43.8011025398819,21.2870365945585
-16.4092255976853,43.8304887917126,21.2254336701205
-16.4105775940348,43.8597925969381,21.1637799954908
-16.4119314199792,43.8890138004103,21.102075793089
-16.4132870723636,43.9181522417105,21.0403212994848
-16.4146445477034,43.9472077599012,20.9785167549281
-16.4160038424933,43.9761801950034,20.9166624000589
-16.4173649532074,44.0050693879985,20.8547584759013
-16.4187278762989,44.0338751808306,20.7928052238584
-16.4200926082007,44.062597416407,20.7308028857063
-16.4214591453248,44.0912359386015,20.6687517035899
-16.4228274840632,44.1197905922549,20.6066519200159
-16.4241976207871,44.1482612231774,20.5445037778484
-16.4255695518474,44.1766476781496,20.4823075203032
-16.4269432735751,44.2049498049245,20.4200633909418
-16.4283187822806,44.2331674522294,20.3577716336667
-16.4296960742544,44.2613004697664,20.2954324927151
-16.4310751674573,44.2893486755593,20.2330462665218
-16.432456079816,44.3173118889564,20.1706132539385
-16.4338388076728,44.3451899635561,20.1081336992303
-16.4352233474082,44.3729827541066,20.0456078465377
-16.436609695384,44.4006901163125,19.9830359403421
-16.437997847942,44.4283119068295,19.9204182254764
-16.4393878014036,44.4558479832666,19.8577549471203
-16.4407795520703,44.483298204187,19.7950463507938
-16.4421730962231,44.5106624291105,19.7322926823533
-16.4435684301234,44.5379405185142,19.6694941879851
-16.4449655500123,44.5651323338347,19.606651114201
-16.4463644521113,44.5922377374688,19.5437637078322
-16.4477651326219,44.6192565927758,19.4808322160244
-16.449167587726,44.6461887640782,19.4178568862325
-16.4505718135858,44.6730341166637,19.3548379662148
-16.4519778063436,44.6997925167856,19.2917757040281
-16.4533855621227,44.7264638316653,19.2286703480222
-16.4547950770899,44.7530479296395,19.1655221464362
-16.4562063476512,44.7795446805947,19.1023313462052
-16.4576193702606,44.8059539554926,19.0390981942059
-16.4590341413534,44.8322756262128,18.9758229376802
-16.4604506573459,44.8585095655534,18.9125058242308
-16.4618689146358,44.8846556472332,18.8491471018175
-16.4632889096017,44.9107137458928,18.7857470187516
-16.4647106386039,44.9366837370967,18.7223058236917
-16.4661341366616,44.9625653665019,18.6588240467781
-16.4675594387853,44.9883583827188,18.5953022181341
-16.4689865412935,45.0140626671283,18.5317405868876
-16.4704154404854,45.0396781020381,18.4681394024778
-16.4718461327387,45.0652045708011,18.4044989142763
-16.4732786145519,45.0906419578521,18.3408193714512
-16.4747128824138,45.1159901485386,18.2771010234886
-16.4761489327955,45.1412490291121,18.2133441202226
-16.4775867621498,45.1664184867291,18.1495489118318
-16.4790263669117,45.1914984094529,18.0857156488346
-16.4804677434983,45.2164886862543,18.0218445820851
-16.4819108883088,45.241389207014,17.9579359627693
-16.4833557977245,45.266199862523,17.8939900424003
-16.4848024681094,45.290920544485,17.8300070728146
-16.4862508958094,45.3155511455167,17.7659873061679
-16.4877010771529,45.3400915591498,17.7019309949303
-16.4891530084507,45.364541679832,17.6378383918828
-16.4906066859963,45.3889014029283,17.5737097501126
-16.4920621060656,45.4131706247223,17.5095453230091
-16.4935192649592,45.4373492424343,17.4453453641757
-16.4949781594494,45.4614371543794,17.3811101265892
-16.4964387866033,45.4854342598428,17.316839863076
-16.4979011434876,45.5093404589494,17.2525348269293
-16.499365227152,45.533155652659,17.1881952719403
-16.5008310346291,45.5568797427684,17.1238214523954
-16.5022986281686,45.580512531614,17.0594138279584
-16.5037680701017,45.6040538235592,16.9949728591479
-16.5052393575575,45.6275035247058,16.9304988022593
-16.5067124876469,45.6508615420039,16.8659919140644
-16.508187457463,45.6741277832544,16.8014524518071
-16.5096642640808,45.6973021571113,16.736880673201
-16.5111429045574,45.720384573084,16.6722768364263
-16.512623376224,45.7433749414263,16.607641200148
-16.5141056771124,45.766273172935,16.5429740236502
-16.5155898053047,45.7890791791578,16.4782755669199
-16.5170757588662,45.8117928724196,16.4135460906497
-16.5185635358451,45.8344141658258,16.348785856236
-16.5200531342726,45.8569429732665,16.2839951257774
-16.5215445521629,45.8793792094197,16.219174162073
-16.5230377875133,45.9017227897553,16.1543232286209
-16.5245328383037,45.9239736305383,16.0894425896161
-16.5260297024975,45.9461316488326,16.024532509949
-16.5275283780404,45.9681967625052,15.9595932552036
-16.5290288628613,45.9901688902288,15.8946250916558
-16.530531154872,46.0120479514861,15.8296282862713
-16.5320352519673,46.0338338665732,15.7646031067041
-16.5335411520243,46.0555265566033,15.6995498212947
-16.5350488529288,46.0771259434853,15.6344686991146
-16.5365583530837,46.0986319494086,15.5693600109612
-16.5380696512644,46.1200444969491,15.5042240292304
-16.5395827744339,46.1413635138249,15.4390609839365
-16.541097749609,46.1625889283664,15.3738711056388
-16.5426145756422,46.1837206651984,15.3086546689639
-16.5441332513679,46.2047586497241,15.2434119494513
-16.5456537756019,46.2257028081298,15.1781432235526
-16.5471761471422,46.2465530673898,15.1128487686303
-16.548700364768,46.267309355272,15.047528862957
-16.5502264272402,46.2879716003422,14.9821837857139
-16.5517543333014,46.3085397319698,14.9168138169904
-16.5532840816755,46.3290136803328,14.8514192377824
-16.5548156710677,46.3493933764224,14.7860003299918
-16.5563491001648,46.3696787520485,14.7205573764248
-16.5578843676347,46.3898697398448,14.655090660791
-16.5594214721267,46.4099662732734,14.5896004677021
-16.5609604123852,46.4299682864581,14.5240870830913
-16.5625011873314,46.4498757140578,14.458550794551
-16.5640437958804,46.4696884915393,14.3929918906975
-16.5655882369294,46.489406555201,14.3274106611273
-16.5671345093571,46.5090298421772,14.2618073964163
-16.5686826120239,46.5285582904452,14.1961823881191
-16.5702325437719,46.5479918388293,14.1305359287685
-16.5717843034245,46.5673304270074,14.0648683118745
-16.5733378897871,46.5865739955159,13.9991798319235
-16.5748933016459,46.6057224857553,13.9334707843777
-16.5764505377688,46.6247758399956,13.8677414656738
-16.5780093649105,46.6437341302929,13.8019920162259
-16.5795695487518,46.6625974292373,13.7362225762617
-16.5811310864217,46.6813656812162,13.670433443399
-16.5826939750303,46.7000388315016,13.6046249162275
-16.5842582116692,46.7186168262563,13.5387972943086
-16.585823793411,46.7370996125386,13.4729508781741
-16.5873907173264,46.7554871382585,13.407085969477
-16.5889589806438,46.7737793517044,13.3412028724775
-16.5905285806804,46.7919762017369,13.275301893502
-16.5920995147396,46.8100776381003,13.2093833400239
-16.5936717801046,46.8280836114446,13.1434475206108
-16.5952453740385,46.8459940733324,13.0774947449239
-16.5968202937842,46.8638089762451,13.0115253237169
-16.5983965365646,46.8815282735893,12.9455395688354
-16.5999740995823,46.8991519197031,12.8795377932159
-16.6015529800194,46.9166798698624,12.8135203108849
-16.6031331750378,46.9341120802874,12.7474874369579
-16.6047146817791,46.9514485081488,12.6814394876383
-16.6062974973642,46.968689111574,12.6153767802166
-16.6078816188935,46.9858338496537,12.549299633069
-16.6094670434471,47.0028826824483,12.4832083656565
-16.6110537680843,47.0198355709939,12.4171032985236
-16.6126417898815,47.0366924771685,12.350984753781
-16.6142311060049,47.0534533634245,12.284853056068
-16.6158217136169,47.0701181931392,12.2187085313966
-16.6174135880748,47.0866869389467,12.1525515047087
-16.6190067048,47.1031595744871,12.0863823018861
-16.6206010610194,47.1195360661497,12.0202012520698
-16.6221966539405,47.1358163813393,11.954008685544
-16.6237934807511,47.1520004884829,11.8878049337344
-16.6253915386191,47.1680883570361,11.8215903292068
-16.6269908246928,47.1840799574902,11.7553652056654
-16.6285913361004,47.1999752613793,11.6891298979513
-16.6301930699506,47.2157742412864,11.6228847420404
-16.6317960233318,47.2314768708507,11.5566300750425
-16.6334001933126,47.2470831247744,11.4903662351987
-16.6350055769415,47.2625929788291,11.4240935618804
-16.6366121711126,47.2780064104803,11.3578123932134
-16.6382199718141,47.293323402364,11.2915230525778
-16.6398289745902,47.3085439401959,11.225225856265
-16.6414391749528,47.3236680108877,11.1589211206215
-16.6430505683992,47.3386956024643,11.0926091623683
-16.6446631504129,47.3536267040664,11.0262902985967
-16.6462769164634,47.3684613059522,10.9599648467646
-16.6478918620061,47.3831993994989,10.893633124692
-16.6495079824823,47.3978409772053,10.8272954505575
-16.6511252733197,47.4123860326935,10.7609521428943
-16.6527437299318,47.4268345607107,10.6946035205861
-16.6543633477185,47.4411865571307,10.6282499028631
-16.6559841220659,47.4554420189569,10.5618916092981
-16.6576061701558,47.469600898719,10.4955289727358
-16.6592296094362,47.4836631500735,10.4291623264341
-16.6608544356709,47.4976287734122,10.3627919910875
-16.6624806446084,47.5114977702626,10.2964182877174
-16.6641082319821,47.5252701432901,10.2300415376679
-16.6657371935105,47.5389458962994,10.1636620626016
-16.6673675248971,47.5525250342365,10.0972801844961
-16.6689992218303,47.56600756319,10.0308962256393
-16.6706322799836,47.579393490393,9.96451050862554
-16.6722666950157,47.5926828242249,9.89812335635152
-16.6739024625705,47.6058755742125,9.83173509201224
-16.675539578277,47.6189717510321,9.76534603909667
-16.6771780377498,47.6319713665108,9.69895652138383
-16.6788178365884,47.6448744336281,9.63256686293857
-16.680458970378,47.6576809665177,9.56617738810746
-16.6821014346889,47.670390980468,9.49978842151441
-16.6837452250773,47.6830044919253,9.43340028805685
-16.6853903370846,47.6955215184933,9.36701331290129
-16.6870367662379,47.7079420789361,9.30062782147933
-16.6886845080499,47.7202661931789,9.23424413948324
-16.690333558019,47.7324938823095,9.16786259286201
-16.6919839116294,47.7446251685794,9.10148350781681
-16.6936355643508,47.7566600754056,9.03510721079719
-16.6952885116392,47.7685986273717,8.96873402849652
-16.696942748936,47.7804408502292,8.9023642878479
-16.6985982947304,47.7921867711282,8.83599827119488
-16.700255167438,47.8038364181232,8.76963626129891
-16.701913362369,47.8153898200795,8.70327858606868
-16.7035728748191,47.8268470070371,8.63692557363823
-16.7052337000688,47.8382080102114,8.57057755236267
-16.7068958333843,47.8494728619955,8.50423485081395
-16.7085592700172,47.8606415959601,8.43789779777656
-16.7102240052045,47.8717142468555,8.37156672224314
-16.7118900341687,47.8826908506123,8.30524195341035
-16.7135573521179,47.8935714443422,8.23892382067427
-16.7152259542461,47.9043560663401,8.17261265362642
-16.7168958357326,47.9150447560839,8.10630878204924
-16.7185669917427,47.925637554236,8.04001253591177
-16.7202394174275,47.9361345026446,7.97372424536532
-16.7219131079239,47.9465356443442,7.90744424073913
-16.7235880583547,47.9568410235566,7.84117285253615
-16.725264263829,47.967050685692,7.77491041142846
-16.7269417194415,47.9771646773497,7.70865724825298
-16.7286204202735,47.9871830463188,7.64241369400728
-16.730300361392,47.9971058415798,7.57618007984496
-16.7319815378507,48.006933113304,7.5099567370714
-16.7336639446891,48.0166649128559,7.44374399713941
-16.7353475769335,48.0263012927925,7.37754219164471
-16.7370324295964,48.0358423068654,7.31135165232167
-16.738718497677,48.0452880100202,7.24517271103895
-16.7404060142846,48.0546384098451,7.17900546952488
-16.7420952129367,48.0638935137279,7.11285002953709
-16.7437860892214,48.0730533781079,7.04670672318122
-16.7454786387103,48.0821180606219,6.98057588268691
-16.7471728569579,48.0910876201049,6.91445784040344
-16.7488687395024,48.0999621165908,6.84835292879541
-16.7505662818652,48.1087416113122,6.78226148043792
-16.7522654795511,48.1174261667021,6.71618382801263
-16.7539663280484,48.126015846394,6.65012030430304
-16.7556688228293,48.1345107152218,6.58407124219006
-16.757372959349,48.1429108392209,6.51803697464755
-16.759078733047,48.1512162856287,6.45201783473804
-16.7607861393461,48.1594271228846,6.38601415560807
-16.7624951736532,48.1675434206306,6.32002627048389
-16.764205831359,48.1755652497119,6.25405451266695
-16.765918107838,48.1834926821767,6.18809921552935
-16.7676319984487,48.1913257912771,6.1221607125096
-16.7693474985339,48.1990646514689,6.05623933710789
-16.7710646034202,48.2067093384125,5.99033542288179
-16.7727833084187,48.214259928972,5.92444930344176
-16.7745036088245,48.2217165012169,5.85858131244668
-16.776225499917,48.2290791344211,5.79273178359937
-16.7779489769602,48.2363479090637,5.72690105064204
-16.7796740352024,48.2435229068285,5.66108944735188
-16.7814006698765,48.2506042106053,5.5952973075367
-16.7831286947589,48.257591959964,5.52952503159087
-16.7848579230977,48.2644862962679,5.46377301947572
-16.7865883493103,48.2712873069003,5.39804160437817
-16.788319967801,48.2779950804474,5.33233111949312
-16.7900527729603,48.2846097066972,5.26664189801903
-16.7917867591655,48.2911312766398,5.20097427315334
-16.7935219207807,48.2975598824675,5.13532857808806
-16.7952582521565,48.3038956175742,5.06970514600524
-16.7969957476306,48.3101385765556,5.00410431007263
-16.7987344015277,48.3162888552092,4.93852640343914
-16.800474208159,48.3223465505333,4.87297175923028
-16.8022151618234,48.3283117607278,4.80744071054391
-16.8039572568066,48.3341845851932,4.74193359044554
-16.8057004873816,48.3399651245303,4.67645073196405
-16.8074448478086,48.3456534805407,4.6109924680871
-16.8091903323356,48.3512497562253,4.54555913175672
-16.8109369351974,48.3567540557849,4.48015105586496
-16.812684650617,48.3621664846193,4.41476857324917
-16.8144334728045,48.367487149327,4.34941201668782
-16.8161833959581,48.3727161577048,4.28408171889579
-16.8179344142634,48.3778536187472,4.21877801252018
-16.8196865218941,48.3828996426461,4.15350123013568
-16.8214397130118,48.3878543407901,4.0882517042401
-16.8231939817661,48.3927178257639,4.02302976725012
-16.8249493222946,48.3974902113481,3.95783575149658
-16.8267057863671,48.4021715843145,3.89267009073481
-16.8284634259997,48.4067620330898,3.82753321860857
-16.8302222356821,48.4112616757268,3.76242546713797
-16.8319822098924,48.4156706314695,3.69734716823779
-16.8337433430972,48.4199890207528,3.63229865371292
-16.8355056297513,48.424216965201,3.56728025525402
-16.8372690642984,48.4283545876282,3.5022923044332
-16.8390336411707,48.4324020120362,3.4373351326994
-16.8407993547892,48.4363593636142,3.37240907137411
-16.8425661995638,48.4402267687386,3.30751445164709
-16.8443341698932,48.4440043549709,3.24265160457175
-16.8461032601652,48.4476922510577,3.17782086106093
-16.8478734647566,48.4512905869294,3.11302255188242
-16.8496447780333,48.4547994936991,3.04825700765467
-16.8514171943504,48.458219103662,2.98352455884239
-16.8531907080526,48.4615495502941,2.91882553575214
-16.8549653134738,48.464790968251,2.85416026852793
-16.8567410049373,48.4679434933674,2.78952908714705
-16.858517776756,48.4710072626552,2.72493232141555
-16.8602956232327,48.4739824143031,2.66037030096386
-16.8620745386595,48.476869087675,2.59584335524272
-16.8638545173187,48.4796674233091,2.53135181351849
-16.8656355534824,48.4823775629161,2.46689600486904
-16.8674176414125,48.484999649379,2.40247625817945
-16.8692007753611,48.4875338267508,2.33809290213751
-16.8709846936466,48.4899803263945,2.27374632711689
-16.8727691341299,48.4923393813458,2.20943692329018
-16.8745540903642,48.4946111399186,2.14516501873437
-16.8763395558965,48.4967957515922,2.08093094131109
-16.8781255242674,48.4988933670101,2.01673501866239
-16.8799119890114,48.5009041379781,1.95257757820631
-16.8816989436567,48.502828217463,1.8884589471328
-16.8834863817257,48.5046657595912,1.82437945239923
-16.8852742967348,48.5064169196473,1.76033942072641
-16.8870626821944,48.5080818540724,1.69633917859434
-16.8888515316094,48.5096607204621,1.63237905223766
-16.8906408384787,48.5111536775657,1.56845936764185
-16.8924305962958,48.5125608852842,1.50458045053881
-16.8942207985489,48.5138825046688,1.44074262640263
-16.8960114387203,48.5151186979184,1.37694622044544
-16.8978025102874,48.5162696283795,1.31319155761337
-16.8995940067222,48.517335460543,1.24947896258213
-16.9013859214915,48.5183163600431,1.18580875975306
-16.9031782480573,48.5192124936554,1.12218127324883
-16.9049709798762,48.5200240292952,1.05859682690939
-16.9067641104004,48.5207511360156,0.995055744287757
-16.9085576330769,48.5213939840054,0.931558348646009
-16.9103515413482,48.5219527445876,0.868104962951028
-16.9121458286522,48.5224275902172,0.80469590987045
-16.9139404884222,48.5228186944794,0.741331511768674
-16.9157354193653,48.5231262672698,0.678011936123882
-16.9175305203076,48.5233505187881,0.614737348958094
-16.9193257848556,48.5234916247608,0.551508069985502
-16.921121206614,48.523549762029,0.488324418602161
-16.922916779186,48.523525108547,0.425186713882027
-16.9247124961728,48.5234178433792,0.362095274573097
-16.9265083511741,48.5232281466991,0.299050419093208
-16.9283043377881,48.5229561997864,0.236052465526194
-16.9301004496115,48.5226021850255,0.17310173161793
-16.9318966802396,48.5221662859026,0.110198534772236
-16.9336930232667,48.5216486870041,0.0473431920470926
-16.9354894722856,48.5210495740139,-0.0154639798494589
-16.9372860208883,48.5203691337119,-0.0782226645630626
-16.9390826626655,48.5196075539704,-0.140932546097188
-16.9408793912074,48.5187650237531,-0.203593308816828
-16.9426762001029,48.5178417331123,-0.266204637452415
-16.9444730829405,48.5168378731864,-0.328766217103812
-16.946270033308,48.5157536361974,-0.391277733244129
-16.9480670447925,48.5145892154492,-0.453738871723422
-16.9498641109807,48.5133448053241,-0.516149318772817
-16.951661225459,48.5120206012815,-0.578508761008059
-16.9534583818133,48.5106167998545,-0.640816885433466
-16.9552555736295,48.5091335986476,-0.703073379445772
-16.9570527944932,48.5075711963347,-0.765277930837687
-16.9588500379901,48.5059297926559,-0.827430227801937
-16.9606478244998,48.5042094021156,-0.889530073063316
-16.9624466752107,48.5024100393243,-0.951577268887076
-16.9642465849175,48.5005319057769,-1.01357150338277
-16.9660475484089,48.498575204031,-1.07551246506748
-16.9678495604675,48.4965401377042,-1.13739984286977
-16.9696526158704,48.4944269114707,-1.19923332613342
-16.9714567093885,48.4922357310594,-1.26101260462093
-16.9732618357875,48.4899668032509,-1.32273736851739
-16.9750679898272,48.4876203358745,-1.38440730843412
-16.9768751662621,48.4851965378061,-1.44602211541221
-16.9786833598413,48.4826956189646,-1.50758148092632
-16.9804925653084,48.4801177903095,-1.56908509688822
-16.9823027774021,48.4774632638382,-1.63053265565034
-16.9841139908559,48.474732252583,-1.69192385000952
-16.9859262003981,48.4719249706079,-1.75325837321039
-16.9877394007524,48.4690416330062,-1.81453591894923
-16.9895535866373,48.4660824558973,-1.87575618137705
-16.9913687527669,48.4630476564236,-1.93691885510371
-16.9931848938505,48.4599374527479,-1.9980236352009
-16.9950020045927,48.45675206405,-2.05907021720592
-16.996820079694,48.4534917105237,-2.12005829712521
-16.9986391138502,48.4501566133745,-2.18098757143762
-17.000459101753,48.4467469948152,-2.24185773709789
-17.0022800380899,48.4432630780637,-2.30266849154035
-17.0041019175443,48.4397050873397,-2.36341953268195
-17.0059243974072,48.4360733622306,-2.42411064060578
-17.0077471339845,48.4323682433467,-2.48474159575511
-17.0095701204763,48.4285899579397,-2.54531209732017
-17.011393350081,48.4247387342538,-2.60582184498611
-17.0132168159949,48.4208148015233,-2.66627053893607
-17.0150405114127,48.4168183899688,-2.72665787985461
-17.0168644295271,48.4127497307944,-2.78698356893111
-17.0186885635293,48.4086090561843,-2.84724730786292
-17.020512906609,48.404396599299,-2.9074487988587
-17.0223374519542,48.4001125942723,-2.9675877446417
-17.0241621927517,48.3957572762082,-3.02766384845294
-17.025987122187,48.391330881177,-3.08767681405447
-17.0278122334444,48.3868336462121,-3.14762634573255
-17.029637519707,48.3822658093067,-3.20751214830086
-17.031462974157,48.37762760941,-3.2673339271036
-17.0332885899754,48.3729192864241,-3.32709138801871
-17.0351143603427,48.3681410811999,-3.38678423746095
-17.0369402784385,48.3632932355344,-3.44641218238505
-17.0387663374415,48.3583759921664,-3.50597493028874
-17.0405925305302,48.3533895947733,-3.56547218921581
-17.0424188508821,48.3483342879675,-3.62490366775928
-17.0442452916749,48.3432103172924,-3.68426907506433
-17.0460718460854,48.3380179292195,-3.74356812083129
-17.0478985072906,48.3327573711439,-3.8028005153187
-17.049725268467,48.3274288913812,-3.86196596934625
-17.0515519597516,48.3220327774092,-3.92106443198877
-17.0533784114401,48.3165693163717,-3.98009585374828
-17.0552046169497,48.3110387574506,-4.03905994843286
-17.0570305697011,48.3054413507297,-4.09795643041959
-17.0588562631184,48.2997773471909,-4.15678501465717
-17.0606816906295,48.2940469987106,-4.21554541666896
-17.0625068456658,48.2882505580557,-4.27423735255573
-17.0643317216629,48.2823882788801,-4.33286053899845
-17.0661563120598,48.2764604157209,-4.39141469326113
-17.0679806102999,48.2704672239935,-4.44989953319359
-17.0698046098303,48.2644089599894,-4.50831477723424
-17.0716283041024,48.2582858808711,-4.56666014441278
-17.0734516865718,48.2520982446686,-4.62493535435286
-17.0752747506984,48.2458463102751,-4.68314012727486
-17.0770974899463,48.2395303374436,-4.74127418399853
-17.0789198977842,48.2331505867826,-4.79933724594568
-17.0807419676853,48.2267073197521,-4.8573290351427
-17.0825636931273,48.2202007986596,-4.91524927422326
-17.0843850675927,48.213631286656,-4.97309768643093
-17.0862060845687,48.2069990477317,-5.03087399562159
-17.0880267375472,48.2003043467124,-5.08857792626619
-17.0898470200253,48.1935474492551,-5.14620920345298
-17.0916669255049,48.1867286218437,-5.20376755289045
-17.0934864474929,48.1798481317853,-5.26125270090931
-17.0953055795014,48.1729062472056,-5.31866437446526
-17.0971242689797,48.1659033134827,-5.37600176280213
-17.0989424634866,48.1588396796105,-5.43326405374949
-17.1007601567077,48.1517156203599,-5.4904509730906
-17.1025773423353,48.144531411311,-5.54756224724951
-17.1043940140686,48.1372873288481,-5.60459760329353
-17.1062101656136,48.129983650156,-5.66155676893523
-17.1080257906835,48.1226206532148,-5.71843947253514
-17.1098408829983,48.1151986167963,-5.77524544310369
-17.1116554362855,48.1077178204593,-5.8319744103036
-17.1134694442795,48.1001785445448,-5.88862610445198
-17.115282900722,48.0925810701719,-5.9452002565226
-17.1170957993624,48.0849256792335,-6.00169659814804
-17.1189081339572,48.0772126543914,-6.0581148616218
-17.1207198982705,48.0694422790719,-6.11445477990038
-17.122531086074,48.0616148374616,-6.17071608660542
-17.1243416911469,48.0537306145022,-6.22689851602583
-17.1261517072766,48.0457898958866,-6.28300180311978
-17.1279611282576,48.037792968054,-6.33902568351652
-17.1297699478926,48.0297401181853,-6.39496989351871
-17.1315781599924,48.0216316341985,-6.45083417010425
-17.1333857583755,48.0134678047441,-6.50661825092819
-17.1351927368687,48.0052489192004,-6.56232187432462
-17.1369990893065,47.996975267669,-6.61794477930862
-17.1388048095321,47.98864714097,-6.67348670557824
-17.1406098913968,47.980264830637,-6.72894739351617
-17.1424142947461,47.9718286564455,-6.78432647545549
-17.144217979448,47.9633389393244,-6.83962358491977
-17.1460209394002,47.9547959735898,-6.89483846511632
-17.1478231685099,47.9462000542467,-6.94997085995323
-17.1496246606933,47.9375514769833,-7.00502051404074
-17.151425409876,47.9288505381666,-7.05998717269321
-17.153225409993,47.9200975348378,-7.11487058193066
-17.155024654989,47.9112927647065,-7.16967048848041
-17.1568231388179,47.9024365261469,-7.22438663977882
-17.1586208554434,47.8935291181923,-7.27901878397279
-17.1604177988389,47.8845708405303,-7.3335666699214
-17.1622139629873,47.8755619934975,-7.38803004719728
-17.1640093418815,47.8665028780755,-7.44240866608838
-17.1658039295241,47.8573937958848,-7.49670227759941
-17.1675977199277,47.8482350491807,-7.55091063345307
-17.1693907071148,47.8390269408475,-7.60503348609188
-17.1711828851179,47.8297697743946,-7.65907058867932
-17.1729742479798,47.8204638539501,-7.71302169510135
-17.1747647897531,47.8111094842569,-7.7668865599677
-17.1765545045008,47.8017069706671,-7.82066493861335
-17.1783433862961,47.7922566191371,-7.87435658709966
-17.1801314292226,47.7827587362224,-7.92796126221588
-17.1819186273741,47.7732136290727,-7.98147872148026
-17.1837049748551,47.7636216054264,-8.03490872314133
-17.1854904657801,47.753982973606,-8.08825102617918
-17.1872753340535,47.7442979189242,-8.14150560888309
-17.1890598139176,47.7345666258721,-8.19467245124845
-17.1908439000092,47.7247894023969,-8.24775131591512
-17.1926275869742,47.7149665570044,-8.30074196625779
-17.1944108694674,47.7050983987553,-8.35364416638734
-17.1961937421527,47.695185237259,-8.40645768115173
-17.1979761997034,47.6852273826685,-8.45918227613711
-17.1997582368016,47.6752251456757,-8.511817717669
-17.2015398481389,47.6651788375059,-8.5643637728131
-17.2033210284164,47.6550887699122,-8.61682020937641
-17.2051017723442,47.6449552551715,-8.66918679590811
-17.2068820746424,47.6347786060778,-8.72146330170051
-17.2086619300401,47.6245591359379,-8.77364949679007
-17.2104413332764,47.6142971585658,-8.82574515195805
-17.2122202790999,47.6039929882776,-8.87775003873162
-17.2139987622689,47.593646939886,-8.92966392938455
-17.2157767775516,47.5832593286954,-8.98148659693798
-17.217554319726,47.572830470496,-9.03321781516139
-17.2193313835798,47.5623606815592,-9.08485735857307
-17.2211079639111,47.5518502786316,-9.1364050024412
-17.2228840555277,47.54129957893,-9.18786052278429
-17.2246596532475,47.5307089001365,-9.23922369637183
-17.2264347518989,47.5200785603921,-9.29049430072524
-17.2282093463199,47.5094088782923,-9.3416721141182
-17.2299834313595,47.4987001728814,-9.3927569155774
-17.2317572695843,47.4879526568749,-9.44374853330636
-17.2335311235727,47.4771665431462,-9.49464679594265
-17.235304988204,47.4663421516341,-9.54545148429215
-17.2370788583646,47.4554798027091,-9.59616237991196
-17.2388527289483,47.4445798171671,-9.64677926511074
-17.2406265948562,47.4336425162239,-9.6973019229492
-17.2424004509967,47.4226682215105,-9.74773013724051
-17.2441742922858,47.4116572550671,-9.79806369255078
-17.2459481136472,47.400609939338,-9.84830237419941
-17.2477219100118,47.3895265971656,-9.89844596825931
-17.2494956763186,47.3784075517859,-9.94849426155739
-17.2512694075142,47.367253126822,-9.99844704167489
-17.253043098553,47.3560636462794,-10.0483040969474
-17.2548167443973,47.3448394345404,-10.0980652164654
-17.2565903400173,47.3335808163582,-10.1477301900744
-17.2583638803913,47.3222881168518,-10.1972988083749
-17.2601373605057,47.3109616615002,-10.2467708627231
-17.261910775355,47.2996017761374,-10.2961461452305
-17.2636841199418,47.2882087869464,-10.3454244487641
-17.2654573892774,47.2767830204539,-10.3946055669469
-17.2672305783809,47.2653248035246,-10.4436892941578
-17.2690036822801,47.2538344633558,-10.4926754255311
-17.2707766960113,47.2423123274719,-10.5415637569576
-17.2725496146191,47.2307587237188,-10.5903540850833
-17.2743224331571,47.2191739802584,-10.6390462073107
-17.2760948737298,47.2075585167613,-10.6876399601897
-17.2778666577542,47.1959127535795,-10.7361351803756
-17.2796377792651,47.1842370203586,-10.7845316665596
-17.2814082323057,47.172531647045,-10.8328292181857
-17.2831780109272,47.1607969638806,-10.8810276354502
-17.2849471091897,47.1490333013963,-10.929126719302
-17.2867155211612,47.137240990408,-10.977126271442
-17.2884832409184,47.1254203620091,-11.0250260943228
-17.2902502625467,47.1135717475662,-11.072825991149
-17.2920165801397,47.1016954787131,-11.1205257658764
-17.2937821877996,47.0897918873451,-11.1681252232119
-17.2955470796373,47.0778613056133,-11.215624168613
-17.2973112497723,47.0659040659194,-11.2630224082881
-17.2990746923328,47.0539205009095,-11.310319749195
-17.3008374014554,47.0419109434686,-11.3575159990417
-17.3025993712856,47.0298757267153,-11.4046109662849
-17.3043605959779,47.0178151839959,-11.4516044601305
-17.306121069695,47.0057296488784,-11.4984962905325
-17.3078807866087,46.9936194551475,-11.5452862681927
-17.3096397408997,46.9814849367984,-11.5919742045601
-17.3113979267573,46.9693264280313,-11.6385599118305
-17.3131553383799,46.9571442632458,-11.685043202946
-17.3149119699744,46.9449387770352,-11.7314238915939
-17.3166678157571,46.9327103041805,-11.7777017922068
-17.3184228699529,46.9204591796452,-11.8238767199614
-17.3201768770879,46.9081858758748,-11.8699483125281
-17.3219295817644,46.895890866512,-11.9159162076465
-17.3236809783378,46.8835744885727,-11.9617802217126
-17.3254310611748,46.8712370792315,-12.0075401718675
-17.3271798246546,46.8588789758165,-12.0531958759961
-17.3289272631678,46.8465005158029,-12.0987471527264
-17.3306733711177,46.8341020368078,-12.1441938214286
-17.3324181429188,46.8216838765843,-12.1895357022145
-17.3341615729981,46.8092463730151,-12.2347726159362
-17.3359036557942,46.7967898641078,-12.2799043841856
-17.337644385758,46.7843146879881,-12.3249308292932
-17.3393837573522,46.7718211828945,-12.3698517743273
-17.3411217650514,46.7593096871727,-12.4146670430927
-17.3428584033424,46.7467805392691,-12.4593764601304
-17.344593666724,46.7342340777258,-12.5039798507156
-17.3463275497067,46.7216706411741,-12.5484770408576
-17.3480600468131,46.7090905683293,-12.5928678572981
-17.349791152578,46.6964941979846,-12.6371521275102
-17.3515208615479,46.6838818690049,-12.6813296796975
-17.3532491682815,46.6712539203218,-12.7254003427928
-17.3549760673492,46.6586106909273,-12.769363946457
-17.3567015533337,46.6459525198678,-12.8132203210777
-17.3584256208293,46.633279746239,-12.8569692977682
-17.3601482644426,46.620592709179,-12.9006107083664
-17.361869478792,46.6078917478637,-12.9441443854331
-17.3635891690878,46.5951771621517,-12.9875704229718
-17.3653072408407,46.5824492505296,-13.0308889167444
-17.367023689139,46.5697083501512,-13.0740997030334
-17.3687385090857,46.5569547981818,-13.1172026188423
-17.3704516957974,46.5441889317912,-13.1601975018944
-17.3721632444056,46.5314110881492,-13.2030841906319
-17.373873150056,46.5186216044191,-13.2458625242139
-17.3755814079082,46.5058208177521,-13.2885323425153
-17.3772880131363,46.4930090652811,-13.3310934861257
-17.378992960929,46.4801866841156,-13.3735457963474
-17.3806962464884,46.467354011335,-13.4158891151944
-17.3823978650318,46.4545113839837,-13.4581232853909
-17.3840978117899,46.4416591390647,-13.5002481503694
-17.3857960820081,46.4287976135338,-13.5422635542698
-17.3874926709459,46.4159271442942,-13.5841693419374
-17.3891875738769,46.4030480681902,-13.6259653589217
-17.3908807860889,46.3901607220016,-13.6676514514745
-17.3925723028838,46.3772654424379,-13.7092274665485
-17.3942621195779,46.3643625661326,-13.7506932517958
-17.3959502315013,46.3514524296372,-13.792048655566
-17.3976366339983,46.3385353694152,-13.8332935269046
-17.3993213224275,46.3256117218369,-13.8744277155517
-17.4010042921612,46.3126818231731,-13.9154510719396
-17.402685538586,46.2997460095895,-13.9563634471921
-17.4043650571026,46.2868046171404,-13.9971646931216
-17.4060428430485,46.273857921713,-14.0378548602764
-17.4077188919484,46.2609061981496,-14.0784340002014
-17.4093931995059,46.2479497807565,-14.1189019672296
-17.4110657614391,46.2349890037091,-14.1592586163719
-17.4127365734811,46.2220242010465,-14.199503803315
-17.4144056313798,46.2090557066653,-14.2396373844197
-17.416072930898,46.1960838543142,-14.2796592167192
-17.4177384678133,46.1831089775882,-14.3195691579172
-17.419402237917,46.1701314099479,-14.3593670663057
-17.4210642370116,46.1571514847738,-14.3990528005755
-17.4227244609141,46.1441695352943,-14.4386262200266
-17.4243829054556,46.1311858945631,-14.4780871846207
-17.4260395664824,46.1182008954531,-14.5174355549794
-17.4276944398551,46.1052148706507,-14.5566711923816
-17.4293475214492,46.0922281526506,-14.5957939587626
-17.4309988071545,46.0792410737492,-14.6348037167109
-17.4326482928758,46.0662539660394,-14.6737003294671
-17.4342959745321,46.0532671614051,-14.7124836609213
-17.4359418480572,46.0402809915145,-14.7511535756115
-17.4375859093993,46.0272957878157,-14.789709938721
-17.439228154521,46.0143118815297,-14.8281526160767
-17.4408685793997,46.0013296036457,-14.8664814741469
-17.442507180027,45.9883492849145,-14.9046963800391
-17.4441439524088,45.9753712558435,-14.9427972014979
-17.4457788925659,45.9623958466907,-14.9807838069029
-17.447411860072,45.9494233978966,-15.0186561918585
-17.4490427143087,45.936454249595,-15.0564143518053
-17.4506714510284,45.9234887311997,-15.094058155818
-17.4522980659969,45.9105271718628,-15.1315874735903
-17.4539225549938,45.8975699004683,-15.1690021754325
-17.4555449138124,45.8846172456268,-15.2063021322697
-17.4571651382591,45.8716695356701,-15.243487215639
-17.458783224154,45.8587270986452,-15.2805572976875
-17.4603991673306,45.8457902623085,-15.3175122511701
-17.4620129636354,45.8328593541205,-15.3543519494467
-17.4636246089286,45.81993470124,-15.3910762664804
-17.4652340990834,45.8070166305185,-15.4276850768347
-17.4668414299862,45.7941054684944,-15.4641782556715
-17.4684465975366,45.7812015413875,-15.5005556787482
-17.4700495976472,45.7683051750937,-15.536817222416
-17.4716504262434,45.7554166951782,-15.5729627636166
-17.4732490792641,45.7425364268714,-15.6089921798807
-17.4748455526605,45.7296646950625,-15.6449053493248
-17.476439842397,45.7168018242935,-15.680702150649
-17.4780319444506,45.7039481387546,-15.7163824631348
-17.4796218548111,45.6911039622776,-15.751946166642
-17.4812095694809,45.6782696183308,-15.7873931416066
-17.4827950844751,45.6654454300134,-15.8227232690383
-17.4843783958212,45.6526317200499,-15.8579364305179
-17.4859594995594,45.6398288107842,-15.8930325081945
-17.4875387984601,45.6270368839515,-15.9280113399245
-17.4891166962251,45.6142561204756,-15.9628727641021
-17.4906931903128,45.6014868408935,-15.9976166645305
-17.4922682781994,45.5887293653345,-16.0322429255746
-17.4938419573777,45.5759840135151,-16.0667514321576
-17.4954142253581,45.5632511047334,-16.1011420697594
-17.4969850796682,45.5505309578637,-16.1354147244131
-17.4985545178527,45.5378238913501,-16.1695692827026
-17.5001225374736,45.5251302232019,-16.2036056317603
-17.5016891361102,45.5124502709876,-16.2375236592639
-17.5032543113593,45.4997843518291,-16.271323253434
-17.5048180608348,45.4871327823964,-16.3050043030314
-17.506380382168,45.4744958789023,-16.3385666973542
-17.5079412730077,45.4618739570959,-16.3720103262353
-17.5095007310201,45.4492673322586,-16.4053350800398
-17.5110587538885,45.4366763191967,-16.4385408496616
-17.5126153393142,45.4241012322375,-16.4716275265214
-17.5141704850155,45.4115423852227,-16.5045950025634
-17.5157241887284,45.3990000915035,-16.5374431702531
-17.5172764482064,45.3864746639344,-16.5701719225737
-17.5188272612206,45.3739664148686,-16.602781153024
-17.5203766255595,45.3614756561517,-16.6352707556153
-17.5219245390294,45.3490026991163,-16.6676406248688
-17.5234709994542,45.3365478545771,-16.6998906558122
-17.5250160046752,45.3241114328248,-16.7320207439777
-17.5265593908806,45.3116939006205,-16.7640305300674
-17.5281009931604,45.2992957255104,-16.7959196553496
-17.529640807729,45.2869172181584,-16.8276880169499
-17.53117883081,45.2745586886811,-16.8593355124819
-17.5327150586359,45.2622204466411,-16.8908620400448
-17.534249487448,45.2499028010438,-16.9222674982198
-17.5357821134969,45.2376060603293,-16.9535517860678
-17.5373129330413,45.2253305323695,-16.9847148031256
-17.5388419423491,45.2130765244605,-17.0157564494037
-17.5403691376967,45.2008443433192,-17.0466766253827
-17.5418945153689,45.1886342950765,-17.0774752320106
-17.5434180716591,45.1764466852724,-17.1081521706995
-17.544939802869,45.1642818188509,-17.1387073433231
-17.5464597053086,45.1521400001544,-17.1691406522129
-17.5479777752963,45.1400215329179,-17.1994520001557
-17.5494940091584,45.1279267202648,-17.2296412903904
-17.5510084032293,45.1158558647004,-17.2597084266049
-17.5525209538515,45.103809268107,-17.2896533129329
-17.5540316573754,45.0917872317391,-17.3194758539512
-17.555540510159,45.0797900562171,-17.3491759546761
-17.5570475085683,45.0678180415229,-17.3787535205609
-17.5585526489766,45.0558714869939,-17.4082084574921
-17.5600559277651,45.0439506913184,-17.437540671787
-17.5615573413222,45.0320559525296,-17.4667500701899
-17.5630568860439,45.0201875680008,-17.4958365598697
-17.5645546755706,45.0083457532604,-17.5248001394037
-17.5660508241262,44.9965307224218,-17.5536408082623
-17.5675453289969,44.9847427697278,-17.5823584755835
-17.5690381874802,44.9729821887374,-17.6109530509202
-17.5705293968861,44.9612492723207,-17.6394244442374
-17.5720189545362,44.9495443126533,-17.6677725659091
-17.573506857764,44.9378676012119,-17.6959973267153
-17.5749931039148,44.9262194287678,-17.7240986378383
-17.576477690346,44.9146000853826,-17.7520764108606
-17.5779606144263,44.9030098604027,-17.7799305577609
-17.5794418735365,44.8914490424541,-17.8076609909116
-17.5809214650691,44.879917919437,-17.8352676230753
-17.5823993864283,44.8684167785213,-17.862750367402
-17.5838756350299,44.8569459061401,-17.8901091374258
-17.5853502083013,44.8455055879861,-17.9173438470617
-17.5868231036817,44.834096109005,-17.9444544106029
-17.5882943186217,44.8227177533915,-17.9714407427172
-17.5897638505837,44.8113708045832,-17.9983027584442
-17.5912316970413,44.8000555452561,-18.0250403731921
-17.59269785548,44.788772257319,-18.0516535027344
-17.5941623233966,44.7775212219089,-18.0781420632071
-17.5956250982993,44.7663027193851,-18.1045059711053
-17.5970861777079,44.7551170293248,-18.1307451432803
-17.5985455591533,44.7439644305178,-18.1568594969362
-17.6000032401783,44.732845200961,-18.1828489496271
-17.6014594405518,44.721759458872,-18.2087135949199
-17.6029143802878,44.7107073209042,-18.2344535269179
-17.6043680573147,44.6996890615064,-18.2600686644993
-17.6058204695746,44.6887049543174,-18.2855589268837
-17.6072716150226,44.6777552721611,-18.3109242336299
-17.6087214916276,44.666840287041,-18.3361645046322
-17.6101700973717,44.6559602701355,-18.3612796601177
-17.6116174302507,44.6451154917929,-18.3862696206431
-17.6130634882735,44.6343062215259,-18.4111343070918
-17.614508269463,44.623532728007,-18.4358736406707
-17.6159517718555,44.6127952790636,-18.4604875429072
-17.6173939935007,44.6020941416721,-18.4849759356462
-17.6188349324621,44.5914295819538,-18.509338741047
-17.6202745868169,44.5808018651697,-18.5335758815804
-17.6217129546559,44.5702112557152,-18.5576872800255
-17.6231500340836,44.5596580171149,-18.5816728594668
-17.6245858232183,44.5491424120187,-18.6055325432912
-17.6260203201921,44.5386647021954,-18.6292662551846
-17.6274535231509,44.5282251485287,-18.6528739191296
-17.6288854302544,44.5178240110121,-18.6763554594019
-17.6303160396765,44.5074615487435,-18.6997108005673
-17.6317453496048,44.4971380199206,-18.7229398674792
-17.6331733582409,44.486853681836,-18.7460425852752
-17.6346000638006,44.4766087908719,-18.7690188793739
-17.6360254645137,44.4664036024957,-18.7918686754726
-17.6374497246545,44.4562380821511,-18.8145924270143
-17.6388730082903,44.4461121927015,-18.8371905886254
-17.6402953133595,44.4360261843639,-18.8596630881973
-17.6417166378122,44.4259803064329,-18.882009853901
-17.6431369796097,44.4159748072752,-18.9042308141839
-17.6445563367248,44.4060099343248,-18.9263258977679
-17.6459747071417,44.3960859340784,-18.948295033646
-17.6473920888564,44.38620305209,-18.97013815108
-17.6488084798761,44.3763615329666,-18.9918551795976
-17.6502238782198,44.3665616203629,-19.0134460489899
-17.651638281918,44.3568035569768,-19.0349106893088
-17.6530516890129,44.3470875845441,-19.0562490308639
-17.6544640975586,44.3374139438344,-19.0774610042208
-17.6558755056206,44.3277828746453,-19.0985465401975
-17.6572859112765,44.3181946157983,-19.1195055698622
-17.6586953126156,44.3086494051337,-19.140338024531
-17.6601037077392,44.2991474795058,-19.1610438357647
-17.6615110947605,44.2896890747779,-19.1816229353669
-17.6629174718046,44.2802744258181,-19.202075255381
-17.6643228370089,44.2709037664938,-19.2224007280878
-17.6657271885226,44.261577329667,-19.2425992860029
-17.6671305245075,44.25229534719,-19.2626708618747
-17.6685328431371,44.2430580499001,-19.2826153886809
-17.6699341425977,44.2338656676151,-19.302432799627
-17.6713344210877,44.2247184291282,-19.3221230281435
-17.6727336842916,44.2156171584912,-19.3416846379172
-17.6741319372887,44.2065626850664,-19.3611161855456
-17.6755291773818,44.1975552440788,-19.3804175940761
-17.6769254018776,44.1885950697308,-19.3995887866673
-17.6783206080868,44.1796823951972,-19.418629686584
-17.6797147933237,44.1708174526223,-19.437540217194
-17.6811079549064,44.1620004731149,-19.4563203019632
-17.6825000901566,44.1532316867443,-19.4749698644514
-17.6838911963996,44.1445113225367,-19.4934888283084
-17.6852812709643,44.1358396084703,-19.5118771172691
-17.6866703111829,44.1272167714725,-19.5301346551499
-17.688058314391,44.1186430374143,-19.5482613658436
-17.6894452779275,44.1101186311076,-19.5662571733155
-17.6908311991345,44.1016437763006,-19.584122001599
-17.6922160753574,44.0932186956745,-19.601855774791
-17.6935999039445,44.0848436108385,-19.6194584170475
-17.6949826822471,44.0765187423267,-19.6369298525789
-17.6963644076196,44.0682443095946,-19.6542700056462
-17.6977450774192,44.0600205310142,-19.6714788005556
-17.6991246890058,44.051847623871,-19.6885561616545
-17.7005032397419,44.04372580436,-19.7055020133267
-17.701880726993,44.0356552875819,-19.7223162799876
-17.703257148127,44.0276362875396,-19.7389988860801
-17.704632500514,44.0196690171343,-19.7555497560691
-17.7060067815268,44.0117536881618,-19.7719688144373
-17.7073796929011,44.0038901708887,-19.7882570072411
-17.7087509350941,43.9960783283365,-19.8044152915248
-17.7101205035495,43.9883183597127,-19.8204436084128
-17.7114883936917,43.9806104630356,-19.8363418992266
-17.7128546009261,43.9729548351291,-19.8521101054839
-17.7142191206383,43.9653516716181,-19.8677481688973
-17.7155819481933,43.9578011669235,-19.8832560313735
-17.7169430789356,43.9503035142578,-19.8986336350122
-17.7183025081881,43.9428589056197,-19.9138809221054
-17.7196602312519,43.9354675317896,-19.9289978351369
-17.7210162434056,43.928129582325,-19.943984316781
-17.7223705399045,43.9208452455554,-19.9588403099022
-17.7237231159804,43.9136147085772,-19.9735657575545
-17.7250739668409,43.9064381572495,-19.9881606029812
-17.7264230876684,43.8993157761888,-20.0026247896138
-17.72777047362,43.8922477487645,-20.0169582610723
-17.7291161198264,43.8852342570934,-20.0311609611642
-17.7304600213916,43.8782754820354,-20.045232833885
-17.7318021733917,43.8713716031887,-20.0591738234177
-17.7331425708746,43.8645227988843,-20.0729838741326
-17.7344812088596,43.8577292461819,-20.0866629305876
-17.7358180823355,43.8509911208641,-20.1002109375279
-17.7371531862609,43.8443085974321,-20.1136278398868
-17.7384865155632,43.8376818491009,-20.1269135827856
-17.7398180651373,43.8311110477935,-20.1400681115338
-17.7411479177508,43.8245961330421,-20.1530917967819
-17.742476158121,43.8181370429949,-20.1659850063969
-17.7438027840474,43.8117339455743,-20.178747681751
-17.7451277933354,43.805387007427,-20.1913797643443
-17.7464511837968,43.7990963939201,-20.2038811958031
-17.7477729532492,43.792862269135,-20.21625191788
-17.7490930995167,43.7866847958643,-20.2284918724532
-17.7504116204293,43.780564135606,-20.2406010015257
-17.7517285138237,43.7745004485589,-20.2525792472258
-17.7530437775426,43.768493893618,-20.2644265518058
-17.7543574094353,43.7625446283698,-20.2761428576425
-17.7556694073574,43.7566528090868,-20.2877281072366
-17.7569797691713,43.7508185907237,-20.2991822432132
-17.7582884927459,43.7450421269119,-20.3105052083212
-17.7595955759566,43.7393235699545,-20.3216969454338
-17.7609010166859,43.7336630708218,-20.3327573975484
-17.7622048128229,43.7280607791464,-20.3436865077873
-17.7635069622639,43.7225168432179,-20.3544842193977
-17.7648074629122,43.7170314099781,-20.3651504757525
-17.7661063126781,43.7116046250163,-20.3756852203506
-17.7674035094793,43.7062366325637,-20.3860883968178
-17.7686990512411,43.7009275754887,-20.3963599489076
-17.769992935896,43.6956775952919,-20.4064998205018
-17.7712851613843,43.6904868321008,-20.416507955612
-17.7725757256543,43.6853554246645,-20.4263842983808
-17.7738651221665,43.6802832290682,-20.4361289633456
-17.7751538473541,43.675270099379,-20.4457420632237
-17.7764419036936,43.6703161692441,-20.4552235395802
-17.7777292937478,43.6654215709237,-20.4645733340505
-17.779016020168,43.6605864352853,-20.4737913883395
-17.7803020856966,43.6558108917984,-20.482877644222
-17.7815874931703,43.6510950685294,-20.4918320435418
-17.7828722455225,43.646439092136,-20.5006545282123
-17.7841563457861,43.6418430878616,-20.5093450402162
-17.7854397970971,43.6373071795297,-20.5179035216054
-17.7867226026976,43.6328314895382,-20.5263299145014
-17.7880047659387,43.628416138854,-20.5346241610952
-17.7892862902847,43.6240612470065,-20.542786203648
-17.7905671793165,43.6197669320825,-20.5508159844912
-17.7918474367352,43.61553331072,-20.558713446027
-17.7931270663666,43.6113604981017,-20.566478530729
-17.794406072165,43.6072486079491,-20.5741111811428
-17.7956844582177,43.6031977525164,-20.5816113398868
-17.79696222875,43.5992080425842,-20.5889789496531
-17.7982393881296,43.5952795874523,-20.5962139532081
-17.7995159408718,43.5914124949341,-20.6033162933941
-17.8007918916453,43.5876068713487,-20.6102859131301
-17.8020672452772,43.5838628215151,-20.6171227554132
-17.8033420067594,43.5801804487443,-20.6238267633204
-17.8046161812547,43.5765598548326,-20.6303978800094
-17.8058892660138,43.5730008885003,-20.6368370182435
-17.807160748521,43.5695033989861,-20.6431450939014
-17.808430619288,43.5660674866907,-20.6493220549862
-17.8096988686428,43.5626932506374,-20.65536784965
-17.8109654867211,43.5593807884696,-20.6612824261967
-17.8122304634584,43.5561301964501,-20.6670657330851
-17.8134937885806,43.5529415694594,-20.6727177189318
-17.8147554515948,43.5498150009947,-20.6782383325145
-17.8160154417788,43.5467505831688,-20.6836275227751
-17.8172737481706,43.5437484067101,-20.6888852388234
-17.8185303595566,43.5408085609617,-20.69401142994
-17.8197852644594,43.537931133882,-20.6990060455802
-17.8210384511248,43.5351162120444,-20.7038690353771
-17.8222899075074,43.5323638806387,-20.7086003491453
-17.8235396212556,43.5296742234724,-20.7131999368845
-17.8247875796955,43.5270473229721,-20.7176677487826
-17.8260337698133,43.524483260186,-20.7220037352195
-17.8272781782366,43.5219821147869,-20.72620784677
-17.8285207912142,43.5195439650761,-20.7302800342072
-17.8297615945941,43.5171688879877,-20.7342202485051
-17.8310005738001,43.514856959094,-20.7380284408417
-17.8322377138061,43.5126082526119,-20.7417045626004
-17.833472999108,43.5104228414109,-20.7452485653726
-17.8347064136938,43.5083007970216,-20.7486604009582
-17.8359379410105,43.5062421896467,-20.7519400213662
-17.8371680873012,43.5042473678037,-20.755086342889
-17.8383973743694,43.5023166876691,-20.7580982499267
-17.8396258088331,43.5004502293313,-20.7609756455313
-17.8408533976716,43.4986480721003,-20.7637184309459
-17.8420801482502,43.4969102945649,-20.7663265054588
-17.8433060683467,43.4952369746542,-20.7687997662413
-17.8445311661811,43.4936281897089,-20.7711381081665
-17.8457554504479,43.4920840165601,-20.7733414236065
-17.8469789303517,43.4906045316209,-20.7754096022044
-17.8482016156473,43.489189810987,-20.7773425306179
-17.8494235166837,43.4878399305547,-20.7791400922282
-17.8506446444533,43.4865549661537,-20.7808021668102
-17.8518650106474,43.4853349937008,-20.7823286301551
-17.8530846277173,43.4841800893765,-20.7837193536376
-17.8543035089456,43.4830903298304,-20.7849742037189
-17.8555216685243,43.4820657924192,-20.7860930413677
-17.8567391216456,43.4811065554882,-20.7870757213879
-17.8579558846053,43.4802126987002,-20.7879220916284
-17.8591719749215,43.4793843034278,-20.788631992051
-17.8603874114725,43.4786214532225,-20.7892052536199
-17.861602214657,43.4779242343789,-20.7896416969702
