0.667908806319943,-0.401167754219122,1.07631551019717
-16.474454987991,-41.3406995920879,27.0595369527606
-16.7961302773143,-40.7673743163513,27.3367064231834
-16.4943220138353,-41.0300873263475,27.0751122075277
-16.6264985679212,-41.4729035357743,26.7764866696609
-16.8964234793204,-41.1540967001319,27.3384345698481
-17.2341891130324,-41.4777104668146,26.5319520685815
-16.6561500325191,-41.0540204614374,27.0175838705442
-17.1171950130763,-41.5675490262589,27.2366555333714
-16.4836979807026,-40.7705662467055,27.1915199950177
-16.9700652305777,-41.3705695963526,27.1683313492371
-17.0292041894225,-40.8698733476781,27.0644282011342
-16.7275420227158,-41.1690050879239,26.9590164417776
-16.9902866191427,-40.8048410541341,26.9715239308718
-16.5457559838345,-41.3198991048668,27.5447943841108
-16.6096475972168,-41.2784105219029,27.0570794185739
-17.0628922871988,-41.1197102187263,27.7755824615237
-17.0376218812866,-40.8936939478568,27.0191547364606
-16.678521867246,-41.243718466256,26.8821303445182
-16.55968257265,-41.0194753861132,26.9846527175529
-17.0956311271834,-41.5959442798784,26.4957426012056
-16.9661644465181,-41.2138601866703,26.9287449901817
-17.1201339287971,-41.1719104964384,27.2716609265702
-16.3820734883268,-40.2368222086525,27.3969397596605
-16.5622562977349,-40.8240381293784,26.9199209018906
-16.6500169968282,-41.2322183894982,26.8632829442927
-16.8162044214987,-41.261573508075,26.8074915225218
-16.8273041106513,-40.672940371843,26.488774666415
-16.5832817162047,-41.1872916486418,26.998581025868
-16.060739461332,-40.8072381460672,27.4066872327441
-17.0528148351579,-40.5907641110797,27.2217725651806
-16.7142779244389,-41.224393977577,27.0096203775393
-16.1289348553068,-41.2322754659508,28.0539795819454
-16.8206930202675,-40.8470296574292,26.7414047127346
-16.6654934478145,-41.3994354580885,27.3725646598916
-16.512417770343,-41.363604836297,26.8858682495286
-16.4456178960873,-41.2166202595839,26.9750700318987
-16.8184749271625,-41.461460221383,27.0554215886081
-16.760748236207,-40.9776370762968,27.3715562829616
-16.3121124275471,-41.0445387888001,27.1594380638694
-16.8258116622438,-41.0860937206964,27.3772410463971
-16.6167284673974,-40.9497832740033,26.4751308416122
-16.3499358185692,-41.3509764246234,27.3623165644301
-16.5766327702078,-41.3547027680711,26.7452436299443
-16.7739560763903,-41.6409012392929,27.0132004631818
-16.6777006719743,-40.9374926195301,26.6738309512194
-16.3542276701156,-41.4972912117777,26.9661428888709
-16.8931240484617,-40.8917896579182,27.5728690919346
-17.0993230430231,-41.007527113168,26.9977084705012
-16.6288035567959,-40.9837630098331,26.7353318906422
-16.0238809532992,-41.1155511054394,27.3873584187111
-16.4183159548244,-41.6597505455516,26.589383991772
-16.8936269926775,-41.2528474459704,27.2633609108087
-16.3928099809145,-40.9475610145461,26.7041197569847
-16.6306772933813,-41.1658098807328,27.2751320359492
-16.9075386756768,-41.3936547248441,27.2873704660073
-17.1617078586566,-41.3367157583286,26.7086139723681
-16.4320113502705,-41.1569113604635,27.3655100800339
-16.30343623754,-41.2685375874282,26.7525166189775
-16.8558186704806,-41.5650862328582,26.587140374806
-16.4265783174738,-41.4314936052604,26.2971214880985
-16.0648689389127,-41.172397574404,26.8269314800618
-17.1952092037075,-41.0322518112478,26.6879539909222
-17.4949904479405,-41.9771974099684,26.8442845971277
-16.39108060551,-41.1872306227479,27.1338886768286
-16.2645003399024,-40.8915812665276,27.6253134438295
-16.7039483601111,-40.5193710640192,27.0290251465644
-16.5996863422032,-41.557136800176,27.5589241987397
-16.6360349840088,-40.7455590775522,27.2510627634064
-16.5860208228156,-41.1950827011892,26.4460601374656
-16.5920612348464,-41.1626129259763,27.2878010928483
-17.2555232807685,-40.9735997492942,27.0131253483146
-16.5997472883237,-40.9194911397147,26.6869509495576
-16.7995200554823,-40.970032162086,27.1529091988369
-16.3291648873149,-40.9822136948183,26.4966474030427
-17.0607995457477,-41.4139722644937,26.7992244835787
-17.0259375179783,-41.0499439966702,27.1163016246114
-16.1059990636455,-41.0900352655601,26.8865691372163
-16.5779921554601,-40.9872410582443,27.1793827483089
-16.6454255034687,-41.037277103409,27.0045352478111
-17.4829054278037,-40.6199442117971,27.613753818226
-16.5937703588633,-41.4422777371461,26.7964539847383
-16.6954737876992,-40.6966346441262,26.6600546718522
-16.7916874571503,-41.0225129203734,27.556590822121
-16.6119704619773,-41.0360229345979,27.3520039139612
-16.5497870717139,-41.0204319057187,27.2314555068703
-16.636136730987,-41.2664507708554,27.9885361946576
-16.8268055015052,-41.3575465100077,26.7608086775693
-16.4581331806349,-40.8321017354154,26.2606007209273
-16.7575647375749,-41.1585433741964,27.1627468660948
-16.5428802769124,-41.3342053003531,26.9659333831098
-16.5988166582016,-40.9750721896425,27.2376769000272
-16.4622658345005,-41.4345651693976,27.4284209370403
-16.4716148478958,-41.4591445164396,27.8195079406005
-16.8066619940562,-41.2589576076846,27.0625246789594
-16.7348429596488,-41.0430327728446,26.3848459994584
-16.5700958301535,-41.3630578877903,26.9881168756887
-15.8452426611428,-40.7869234493735,26.9668449432771
-16.7709817666711,-40.7848671748159,26.5430503471648
-16.3901374203563,-41.6989501610821,27.3094230604576
-16.6634078932414,-41.0687106540568,27.2298875205974
-17.0399929881315,-41.4800213925744,27.3247654158029
-16.3881203871087,-40.7000701940687,26.8022392918842
-16.6638021018338,-41.2932738014019,27.2136124035996
-16.7462983779812,-40.8093327796865,27.6281137792335
-16.6467542474317,-40.7629255608125,27.0352049304261
-16.6269427136086,-41.2923667296086,26.8571729744513
-16.1626511817796,-41.233712353711,26.8353696822797
-16.6691028999928,-40.946424524034,27.0585264202862
-16.8864965043657,-40.8949945642553,27.0018831042384
-17.2342008839055,-41.6720513912993,27.6383157872422
-16.4896028647384,-41.0994452938402,27.3822547248053
-16.9498305479987,-40.8041392156891,27.4534269166634
-16.9177979826322,-41.0355573909779,26.959223622938
-16.9760774834321,-41.8927161466701,26.8883528359759
-16.2796491224078,-41.3635115413951,27.1937651383457
-16.3982797518125,-41.3890704510922,27.1079666801323
-16.8278679616982,-40.9301327925066,27.1684875358508
-17.1851562950479,-41.2263234388365,26.9832261501182
-16.4897084159622,-41.6315736361046,27.1807827267877
-16.5828243363925,-41.2465372159718,27.1902422834968
-16.9232464313687,-41.7066082078852,26.6916923849547
-16.8361261801045,-41.0285591155035,26.8754240079809
-16.8974748467165,-41.6956143319571,26.8131467966928
-16.5135429674245,-40.9430030723232,27.4823781594372
-16.8133620815363,-40.9790061370066,26.849233020407
-17.3546443950561,-41.1319699533873,27.602750791037
-16.440962616029,-40.8029645316226,27.6355485643745
-16.631560391203,-41.560459081148,26.9566406666956
-17.1774026686047,-41.6067231100171,26.8936195571185
-16.7652644682183,-40.9235015395487,27.4808082085389
-16.2348314771533,-41.1964969097265,27.2494035869354
-16.4501027606064,-41.7761156141624,27.7146488724151
-16.7699269032083,-40.93061466936,27.1622145912798
-16.7784603835907,-40.9172892734197,26.9881873559411
-17.0181296042125,-41.255607140713,26.9350077002682
-16.6572497161861,-41.2239052976981,27.2929699831517
-16.2769544054311,-40.6079437091526,27.2928923276656
-16.7935498816238,-41.4094399504365,27.2287269389926
-16.437330516978,-41.1060845184826,27.1214520340386
-16.3614406990274,-40.9408619313634,27.2153530111682
-16.8325681028728,-41.3084317504777,27.469262608333
-16.826932259752,-41.677346269766,27.0657867361631
-16.7700396229413,-41.3061933492078,27.0906282875605
-16.8063858658897,-41.6444015475181,26.9048792284938
-16.261341468685,-40.9729552087297,27.0414403534665
-16.4345146878871,-40.9327530136378,26.4645741420949
-17.2297039064219,-40.8154498606912,27.1013521838955
-16.5455272757128,-40.9793425230636,27.4196117643824
-16.5272345662956,-41.1448005911485,27.1836962822741
-16.7530896022812,-40.5573538052278,27.0701110602612
-16.3840325961146,-40.9534847308627,26.9881394252813
-16.7070815859397,-41.5188883119928,26.8783438329998
-16.7638708974949,-41.3759305992103,27.0104385654362
-16.5778105633942,-42.119523532577,27.2425390623199
-16.4074921296902,-41.3833636312668,26.9238727265606
-16.6887629052222,-41.1710992383433,26.7782160189073
-16.7840789383357,-41.1296584097758,26.8784833509383
-16.5938152327376,-41.1883097441523,27.7427729453863
-16.5917025324949,-41.352568264258,26.9854271173659
-16.7757413369668,-41.2811963064257,26.7075990323356
-16.6735254564111,-40.9142640723836,27.3654245756793
-16.3671981254666,-41.3825366830263,27.2097336369018
-16.8386121603289,-41.2263290048655,26.8148860324201
-16.6859566660817,-40.7900612629889,27.0648372546256
-16.5891918497672,-41.1001326234385,27.2659869625655
-16.7515316558162,-40.8858703435708,26.7356695828919
-16.6990625824919,-41.0274207334245,27.6186543312768
-17.0113367607508,-41.1729394217034,27.0864605531797
-17.0593014190758,-41.2140675318007,26.0662693123097
-16.7376958894348,-41.0664077384591,27.2650932268849
-16.6329225460576,-41.447988414655,27.2466291180981
-16.6519993429791,-40.4541707055761,27.0174319571206
-17.0428312504755,-41.4368555461192,27.3451731945027
-16.5996588149002,-41.2060421657093,26.9673399950447
-16.4598186569701,-41.3720467316297,26.9961646614807
-16.7349839052342,-40.8144596713598,26.7120964637632
-16.4328659406366,-41.1939208379802,27.3976956773958
-17.0399439771531,-41.2491440910334,27.1266621896438
-16.7348590178141,-40.9304398276575,27.0193653981761
-16.7790866533777,-41.3763533367805,27.1854939946627
-16.6505382231057,-41.6289896416242,27.2386322945455
-17.0742681802743,-40.8762905571252,27.1000467496645
-15.9871850004111,-41.291050106752,26.521937799554
-16.4629458159737,-41.1245538922871,27.3027083354318
-16.3488109343563,-41.3760216103506,27.0764629961421
-16.8565502168057,-40.7436169547294,27.2114350912496
-16.473999942709,-41.1424938762457,26.6633569926242
-16.8150586769703,-41.3841907487355,27.6172155457456
-16.6598583980282,-40.9299579661033,27.6329143482225
-16.508682848733,-41.5289361330982,27.2270471502922
-16.7631720203071,-40.810712576714,26.6486540521785
-16.6479716363647,-41.5522546103739,27.3515784435454
-16.5638435919155,-41.7006914056429,27.631474393329
-16.9695689648664,-41.3218082861302,27.1136018269088
-16.3484287482456,-41.3106026613707,26.7684184983466
-16.673149908758,-40.9048146394238,27.1279279248516
-16.9265168915621,-41.1553149967122,26.6764901506835
-16.6871220832839,-41.1089368506098,27.0547592726566
-16.7065242204731,-40.7984662242306,27.1087784501135
-16.4218435409073,-41.0126266429283,26.8145158118016
-16.7901049465952,-41.0251759490374,26.7397353791404
-16.9236355496967,-41.3051029287307,27.0065272069455
-16.8928086346834,-41.5869605609615,26.7253397569743
-16.7744514009337,-40.735918480743,26.8392548442423
-16.4101861906826,-41.2858448980653,27.0697306573028
-16.5560259301551,-41.2377890230947,27.07767076461
-16.8953369862628,-40.4465283918507,27.1935548273373
-16.5679773657033,-41.404730070178,26.7558090501109
-16.8086537607352,-40.7161681282669,27.2915664862832
-16.222422305998,-40.9300413015772,27.4359639488706
-16.4709009647746,-40.971287596862,27.2477139597098
-16.4310627095954,-40.9487631556133,26.6213560530594
-16.3956763158402,-41.7034110453017,26.9252102014122
-16.5568497038822,-40.864851186059,27.3130949115687
-16.9800708416266,-41.4311897610336,27.4592042660734
-16.103730805512,-40.7747733482064,27.6426593760148
-16.4635398520086,-40.9216954717447,26.844020656917
-16.7528969412364,-41.0288477084636,27.2703000262861
-16.6502368424348,-41.0008452867993,26.8775176215023
-16.7335413781534,-41.2057389234656,27.2878088314894
-16.3749190179248,-41.5470867731917,27.4300025339434
-16.8373481385683,-41.0115708994946,27.1117535727921
-17.1233595098981,-40.8019213203416,27.281895172936
-16.9742444273411,-41.3923871507286,26.7631288912622
-16.9785859585128,-41.4335095211912,27.2293171406894
-16.7501937652856,-41.2877242951546,26.9764644049763
-16.8227418964977,-40.8811564989664,27.2879490778317
-16.8703941293024,-41.3428642857928,27.0685404044076
-16.9026686997567,-41.4473049336064,27.475718938346
-16.6669733896266,-41.519686240059,26.9806152772173
-16.5882452325284,-41.5490404958988,27.2478656453671
-16.6038931408412,-40.8491468751731,27.184901758294
-16.5227093539726,-41.3970959632178,27.2700696557691
-16.7576785400364,-40.7091068489886,27.7548414797636
-16.8012436851965,-41.6204038344742,27.391529357227
-17.013952304228,-41.2201617995264,27.1444170312837
-17.3256807713382,-40.5814358503352,26.8729113653047
-16.5344885371113,-40.5066464763892,27.4990391112554
-16.8057436933441,-40.9396643793327,27.2636750670176
-16.8909918016122,-40.9209105704219,26.9516757544868
-16.5890206498618,-41.2315659220532,27.0420802365921
-16.5941009503811,-41.1845166916494,26.8476490282028
-16.8143820796691,-41.5874130719999,26.8434007736265
-16.8231453873048,-41.6670890528116,27.4071641833306
-16.5796539025624,-41.3300351352044,26.8520572319993
-16.8084273216198,-41.4139001093806,27.484230797391
-17.0313288345899,-41.0956389043464,26.8142941234481
-16.7714580310364,-41.1478752172024,26.8862779292381
-16.8343123516509,-41.6924542917906,27.2076155133213
-16.5712627054023,-41.4158488322559,27.4612080904795
-16.5598833872949,-41.7746251373457,26.5708886510726
-16.3394404586464,-40.6344647847786,27.0564205164078
-16.7702151389798,-41.4379187415885,26.9497625601666
-16.6781773384897,-41.4138972168263,27.3837936248594
-16.4495027180247,-41.0735962791722,26.8359699627234
-16.5801666856632,-41.5717256524843,27.1444228824477
-16.9777406044373,-40.7947572401462,27.1623536980458
-16.9285528883395,-40.5857370458352,26.904206032421
-17.0698515970556,-41.1939532766336,27.5231096587035
-16.4346054249456,-41.2300249205953,27.7578246102974
-16.7505908718459,-41.3124476448205,27.6432104947027
-16.4708460529603,-40.9784394040601,26.8087716514905
-16.5453638738315,-41.208415988229,27.2603803752009
-16.6432416308854,-41.2463448604738,26.9993204347216
-16.4473159664108,-41.3928082774096,27.3211794052872
-16.8384807153175,-40.9865749732739,27.1763069171575
-16.5863635306081,-41.4342630164387,26.9211410605991
-16.6814253686094,-41.544637539118,27.1983150414986
-16.9493625720391,-40.9153736254181,27.0027316241598
-16.9365279679216,-41.9125289081713,27.1346450134286
-16.6158457318892,-41.3448763783443,26.3768291207463
-16.9990637160368,-41.7149438941941,26.8889489713391
-16.2606082493432,-41.1940530473776,26.7808705003504
-16.8814760479135,-41.2679427992341,27.1857692808272
-16.7618936314061,-41.4927153320553,26.9805722229862
-16.5022027750141,-40.8060944323622,26.7788581360736
-16.6361213907134,-40.9656269042132,27.5394126779761
-16.5499824429772,-41.3632506769159,27.1059362879634
-16.8336818090401,-40.44043282729,27.4112995234769
-16.773264166994,-41.5474091878571,26.7420292063938
-17.0653782860671,-41.6180539816985,26.8765996609163
-16.8274495470395,-41.0867874755278,27.8532085171768
-16.7723821957651,-41.1016340223916,26.2127156420343
-16.5452979917229,-41.353498385627,26.6855661401085
-17.088334951282,-41.1998429134048,27.2577883572124
-16.2666448878435,-41.2907711817698,27.2302050024353
-16.7339325183016,-40.993652310578,27.1308177762806
-16.8326510924546,-41.6450206032712,27.4098905674652
-16.6343320784151,-40.7729216468849,26.9824339370563
-17.0831503387893,-41.1382819159566,26.4250003615394
-16.9823989288841,-41.2083381531204,27.2908943719804
-17.3181660450153,-40.9069490919934,27.4912595240218
-16.569073974082,-41.6786356267537,27.2656503615905
-16.7102642198414,-40.9035938904696,26.6669904274513
-16.9653781655849,-41.3358130128826,26.9744658215147
-16.8504731223687,-40.8754897516507,27.498053993198
-16.869593502689,-41.245309952828,27.1639692355593
-16.4093433017423,-41.6599142650568,26.8383017463686
-16.1319569356216,-41.5564303784828,27.2696279847528
-17.0627298979197,-40.7330551388205,26.3100959818062
-16.5126876029419,-41.3103259469792,26.6736895974701
-17.056774102941,-40.588716866286,27.0516402143867
-16.6298854843706,-41.5671887480482,27.0658776012848
-16.8267923126499,-41.6179751223514,26.9930095372061
-17.0563784752629,-41.311960890359,27.2722739291868
-16.8142164987648,-40.9753010904118,27.2791032531962
-16.9909579781047,-41.2364475999117,26.5466187335617
-16.5969665469719,-41.1878309199752,27.0761862867711
-16.6248629206522,-41.236031931304,27.278211480224
-16.581757606661,-41.747718026567,27.3334297231867
-16.602013008496,-41.1223544789925,27.0124825457287
-16.8332699282108,-41.2154445892519,27.0275087539526
-16.5970700731864,-41.2630514613099,27.3104657491623
-16.6635670039714,-40.9833659707108,27.1383096106315
-16.8406350545244,-40.8185831768073,27.5659764783008
-16.5683758822608,-40.7088200561427,27.006242677212
-16.5865965306878,-41.2668923801647,27.1212322681174
-16.6399129717945,-40.8581057248773,27.1539500185444
-16.7124486545377,-40.9657108552839,26.9699643904052
-16.4403041426556,-41.5841416471705,27.8363982328801
-16.5256678593731,-41.229654624648,27.4496421549215
-16.9803435296381,-41.2450365508589,27.4900317807557
-17.019860381047,-40.7330059758964,27.1315590934032
-16.578462213903,-41.0727780399211,26.7025435858203
-16.6034690142508,-41.3359997961607,27.5706238564972
-17.0248579535014,-41.3137692840026,27.2661303045548
-16.3682913372663,-41.2343868757097,26.6803373911238
-16.2056357666791,-40.8690649349348,27.0909163179704
-16.8389252494294,-41.2585642725495,27.6309501200546
-16.7781066957287,-41.6520857233635,27.1142382425398
-16.3386283924389,-41.0151005017536,27.0920842845252
-17.1113824696015,-40.6767834933965,27.5711776515334
-16.6699413786522,-41.345996348255,26.9146042156958
-16.8626966486769,-41.1579316078092,27.0417400673398
-16.6017218838056,-41.2935052518917,26.5242380572469
-16.8991223289498,-41.3893187500431,27.1232789055558
-16.3778944999268,-41.2205041147701,27.1702501720621
-16.6672285671764,-40.8874495210453,26.9510817335279
-16.4993905911982,-41.1066017065634,27.611683876391
-16.5250143131347,-41.0180788102499,27.1557987464481
-16.9699292623601,-40.6802436406288,26.944000103209
-16.9528522897112,-41.2182534772681,27.5131268261677
-16.3436057812098,-40.7827274235695,26.6093367009134
-16.6660301639221,-41.1882270610845,26.7012766650573
-16.945237144497,-41.0757202962746,27.2823697633282
-16.4005109396336,-41.841699288646,27.3137780928498
-16.5248825917862,-41.292472830168,27.556895811813
-17.0915907573427,-41.5171040477471,26.9949973836719
-16.7848952633681,-40.8691909282185,26.6067754403678
-16.0250003320251,-40.9284630212272,27.230519788414
-16.3152040016039,-41.1559426177908,27.2064299553281
-16.722661074224,-40.8690679099859,27.2272203147792
-16.2864081335018,-41.4699597540342,26.9511157040632
-16.8811809773535,-41.1235158079247,26.7789992185762
-16.8402444080555,-41.5004481254982,26.9147741862135
-16.9030971082924,-41.3997708724709,27.4322373819869
-16.9897359783849,-41.3039982735394,27.2783966357978
-17.3921303442636,-40.7908172933419,27.3287825981234
-16.8997695443569,-40.6770246327669,26.6706725432912
-16.4494155666787,-41.3454919279078,27.4241079704245
-16.8941596338805,-41.099780244264,26.9018487018741
-16.2041791402542,-40.9006839777093,27.6258807123959
-16.8446691572304,-40.9085044220481,26.799155422096
-16.9690258724033,-41.079241681517,27.3480275547382
-17.0441582120075,-40.7323597997941,27.0836034750838
-16.7020038780642,-41.0840095611457,27.5233395918601
-16.7053157182749,-40.9359061491862,27.2704817875795
-16.9132070603229,-40.9241948531486,27.5228245109578
-16.7951882412688,-41.1779946869481,26.3374268657731
-16.6516666700505,-41.3652107328285,27.104014387477
-16.8843309211332,-41.7204358927767,26.9459846947525
-16.3973056487146,-41.0457003448897,27.4668689583349
-16.4690540189375,-41.0406796270834,27.3411936972567
-16.6948126987784,-41.2561853726349,27.2651669673136
-16.9197394165366,-41.7527371857786,26.986485511667
-17.2963903717315,-40.9772137613084,27.3317302079212
-16.6302835989411,-41.3300623347605,26.7724199418887
-17.0318494709721,-41.3678032953391,26.9616570889116
-16.2930566352761,-40.9876353826895,27.1242483737302
-16.6833212782771,-40.9725877298123,26.8576626283403
-16.5578864068612,-41.0508548502303,27.3886392497857
-16.4565002646393,-41.3358342608672,27.2353592395201
-16.8381741753447,-41.6918131945369,27.2809154179417
-16.2564583933462,-41.0730313938339,27.0049450208149
-16.2173182038591,-41.5718148830556,27.259000780596
-16.7020110346898,-41.3098602310568,26.8305380854883
-15.9204317949292,-41.0664622994997,27.0923806596736
-16.6635663464956,-41.3927591388635,27.1543996123719
-16.4225276668209,-41.0835871627087,26.4592803674183
-16.4072628718137,-40.9463085159758,26.7308336045889
-16.2963940312634,-41.329317293281,27.036340432749
-16.8496978995375,-41.3641521189473,27.1526360868975
-16.2179204369149,-41.053272786268,27.0148246943049
-16.9370921344521,-41.5331781630578,27.3194579123336
-16.7054201828213,-40.9377171119225,27.1852525995483
-16.5661818227511,-40.8930747217776,27.5306190553322
-16.8480060723232,-41.346366409868,27.6289377112497
-16.7284914841102,-41.1009978425445,27.2529658356997
-16.3090929937655,-41.367524338939,27.2263942602889
-17.1845324909041,-41.217724500021,27.6235152333696
-16.3416971481973,-41.0961070566865,26.8206709571231
-16.2403676564748,-41.2049718363593,26.9174877650253
-16.364046252745,-41.4626017672507,26.4296843237875
-16.2018528549664,-41.5116782256344,27.392930486767
-16.540996577492,-41.0810912731084,26.742618335467
-16.5562636731965,-41.1716708005012,27.1636413283829
-16.4941930889104,-41.0075011434008,26.7542751710402
-16.5742641580446,-41.3698561110167,26.7964541557667
-16.3148502397998,-41.288236898721,27.3793199842922
-16.3476499113768,-40.7362071150653,26.9993957302571
-16.7117191480658,-41.5831881293825,26.8875749700675
-16.2794042077043,-41.3732670823403,26.9721660919589
-16.1283293206016,-41.3521439312808,26.761262793481
-16.4294557292942,-41.2362902757765,27.2649882705086
-16.6030491758362,-41.1683183212495,27.5609715217721
-16.8588387421897,-41.0501628265003,27.0192276420152
-16.7621241079913,-41.3703905654798,26.4648426075072
-16.9036319512726,-41.2625028725635,27.0219073249228
-15.9893100842489,-41.2804577226353,27.3575200549955
-16.7938918941536,-41.3881583598082,26.91119446458
-16.7592073847439,-41.3026686289049,27.0069005381218
-17.1699763455031,-40.921012412277,27.5030645013294
-16.1146768648321,-40.9224320313072,27.0368699093104
-17.0505225887058,-41.1226441217503,26.8318214306747
-16.3651234509669,-40.4617796763246,26.9999144996621
-16.5944840148021,-40.966593057095,27.2021004848914
-16.7086776808528,-41.5297661670393,27.3239765407805
-16.5448137492556,-41.0292429448523,27.1376125289617
-16.5426669782792,-41.0885775270663,27.0175676230984
-16.9233794223261,-41.1859344481058,26.900395487258
-16.8682553312569,-41.3633890057349,27.3081748761156
-16.4094041506754,-41.5027506026097,26.6751285665109
-16.1648734930521,-41.0072945901486,26.8222835479921
-16.733389065744,-40.585805220415,27.1827229305653
-16.2636968932809,-40.8611381061152,27.4512944562132
-16.7576090667098,-41.0903857267715,26.8544451458533
-16.707152937465,-41.4987146380298,26.7927578518068
-16.6221794888924,-41.303927152679,27.5679774932029
-16.4599296570198,-40.7739604916115,26.3215118652176
-16.6486106971872,-40.6983436648945,27.3690569167841
-16.6088905763261,-40.9393045747146,27.2952555215101
-16.1984225365105,-41.1103857694015,26.8788263556791
-16.7588011323406,-41.0885846477871,26.9633545862862
-16.4271105168325,-41.2624383011122,27.3556097153658
-16.4479885556694,-41.0161021828698,27.3368411211857
-16.6967523338454,-40.5259279971239,26.9016007458775
-16.8144892106659,-41.2293020210478,26.8270272421937
-16.5618844255243,-41.3133308293523,26.9497957198782
-16.877688038186,-40.7615442287084,27.0369987681465
-16.9754419161196,-40.9598325199719,27.1027354887899
-16.4062052045988,-41.4349184969294,27.0002209464019
-16.7002468099666,-40.6163933583607,27.125231730846
-16.8159987815598,-40.8872883141802,27.2926651554449
-16.8243034175124,-41.2143068780205,27.29212482254
-16.6274607803091,-41.6495509028406,26.7116278723143
-16.1787825431107,-41.3845303814543,27.0630150440004
-16.6516389790573,-41.5004693972636,27.5238100514613
-17.1194372016193,-40.9278393658619,27.3216460058353
-16.4024834205239,-41.4823329735396,26.8936857880828
-16.5709269925598,-41.2245175774082,26.7058795553169
-16.2243416150027,-40.9628599145324,27.2579814065281
-16.7854654436376,-41.3827719853609,26.9307332605179
-17.001632353903,-40.9067495784093,27.7342575392702
-17.1963336593293,-41.4956547541364,27.0434866167956
-16.4937081731281,-40.9057384211861,26.8833196564615
-16.6497885554805,-41.0092131972292,27.2378583539187
-16.892207562454,-41.487161052152,27.307130305355
-16.6076373156894,-40.6950988465938,27.1478358522428
-17.1672507932968,-41.0735436957682,26.792270589371
-16.5906702661936,-41.3949208661777,26.7382846275286
-16.6158053963638,-41.0005672810064,27.0889974930093
-16.5712362699956,-41.0435661597793,27.1253578418277
-16.3460910480002,-40.7535884416959,27.2729663842899
-16.463764415955,-40.8441863237433,26.990283546588
-16.8567708767483,-41.3650047384253,26.9082999745918
-16.7638932918612,-41.3898369314632,27.5091722863039
-17.1092905495539,-40.2984252101689,26.8740393802958
-17.3872545198754,-40.8442141862854,27.2597429253966
-16.999967050471,-41.3423851968495,27.1098342687078
-17.0103521779038,-42.135145736923,27.1693100139062
-16.7763882932481,-41.4516215212873,27.2605426017732
-17.3701671622352,-41.5675206956039,26.616209809891
-16.5396885911161,-41.1938708572048,27.0086046887511
-16.9979997094248,-41.0088493965902,26.8885804729951
-16.6897914566785,-41.0955972999325,27.0786596121816
-16.522430572163,-41.549245545619,27.4543841383691
-16.5474831050497,-41.2994637703822,27.3457022063917
-17.0696515019024,-40.5928765542965,26.8175394237105
-16.0716104596812,-40.9000827284744,26.8643707629221
-16.8865086319439,-41.5459631960311,27.0873384366246
-16.4264741967509,-41.0066289897558,27.4877917879145
-16.6261033691973,-41.2795609551414,27.2084276187157
-16.269384457883,-40.6819492981618,27.3945411669871
-16.2793439035099,-41.1218546001174,27.2603213474258
-16.0912770659595,-40.8346140879491,26.6743644265101
-16.8033589049031,-41.6531151361352,26.3578625452838
-16.8379758210598,-40.8851720964439,26.819967895629
-17.1892540504864,-41.3387588367606,27.0814328010276
-16.9920448865373,-40.8933219737338,27.0894547416292
-16.5721667879416,-41.4045920267541,27.5229689115154
-16.2106276130244,-40.834596495502,27.0285772146567
-16.5522760762437,-41.5869801277528,27.110025839103
-17.058516688223,-40.8149220563557,27.2478524654299
-16.8868200623984,-41.1809808611118,26.9181026290125
-17.487575562707,-41.1858830249369,27.335390556349
-16.3736718975922,-40.8521681746591,27.1261866873386
-17.1258139780589,-41.2682425409908,26.0224163672778
-17.1995752767275,-41.2097157289405,27.3603173345305
-16.7427818621822,-40.9702086989491,27.2737050711843
-16.7521702478831,-41.4065342213212,27.1833289992427
-16.4579974018379,-41.1218336194344,26.8436589530023
-16.6282037799508,-41.6907828199749,26.7385134112648
-16.3518712757634,-41.3748396842782,27.2513879161322
-16.3874076242418,-40.8788247685349,27.1937563257313
-16.670212964504,-41.3566568967573,26.8792372347006
-16.6025791247363,-40.88773123777,26.638401618172
-17.0140805585306,-41.240581618305,27.1453139104779
-17.0743591793164,-41.2232469875112,26.6383853801856
-16.9650058174244,-41.3486194522879,26.7532466672868
-16.8380634291899,-41.036173475285,27.4647816750262
-16.7044986523776,-41.4318250047493,27.4534143730294
-17.3742774833475,-41.095591942705,26.7372842728393
-17.0557019239259,-41.0706674990181,26.9710662817142
-16.8767192068085,-41.515367034361,27.0250728168058
-16.1681471552646,-41.385642392452,26.838803274376
-17.1704173008478,-41.3337865700168,26.5246045637056
-16.6106800028127,-41.3493245554901,26.9964059619583
-16.5945540562432,-40.863049670853,26.9763845197586
-16.7928607923998,-41.3737449793714,26.5257729204456
-16.7334149916941,-40.8688553406484,27.13280518169
-16.0838869011277,-41.0443931172574,27.0222309539455
-16.5425271826184,-41.1757000678603,27.1993786044035
-16.270955322628,-41.0217651160086,26.7476062795052
-16.3532392912225,-41.1635604326703,27.6475402190286
-16.55376041348,-41.150755902453,26.9694863384691
-16.3820030042966,-40.8899248812754,26.9329750745067
-15.883580635231,-41.118818908539,27.4027117382138
-16.724956189697,-41.1980818211787,26.7601761129744
-16.8088586788439,-40.7639273622061,26.7336406325697
-16.4886368132269,-41.5649284503752,27.6393368939195
-16.5764915862121,-40.9509642335737,27.3556665692573
-16.2178765400184,-40.6753336368521,27.5150588497602
-16.5427343203173,-41.193150377349,27.3437483757528
-16.548596565067,-41.3493703295654,27.4735715154908
-17.0039396231642,-41.4211853477186,27.1539037048412
-17.2921960184355,-41.3611015561458,26.923827590193
-16.423954076776,-40.9824272337955,26.6580878596981
-16.7566368320752,-41.0266857770271,27.1986707095952
-16.9341093925778,-41.2412700023314,27.1299828913905
-16.6527937122974,-40.7762113142611,27.1882089161724
-16.5342934844317,-40.5893073468051,27.2789168876156
-16.7480074563325,-41.2453623970231,27.0468264790714
-16.5708472466026,-41.4873390186295,26.8749487839771
-16.729817002288,-41.5017202923258,27.3544878124342
-16.7416238254346,-41.8249304165253,26.7347473129263
-16.6823214161007,-41.0986357362618,26.6867721508267
-16.9729302114321,-41.1801283867202,27.141974051635
-16.7717308568811,-41.144651194225,26.9062651567528
-16.3157739062176,-41.0428230829726,27.6069752999279
-16.4717009789338,-40.8354021666633,26.5422455385513
-16.4715457410037,-41.408117425285,26.7933059551299
-16.3124738930518,-41.0026597211158,27.6349572125167
-16.2718827829509,-41.111057382562,27.4250679717481
-16.9001910085772,-40.8922775142206,27.2460041022573
-16.5353417458188,-40.7673297503981,26.9575855077095
-17.1300011702329,-40.9678846199161,27.3629667408183
-17.0916708861862,-40.9237299086594,26.7445188830516
-16.9648393764557,-41.2566798197541,27.1108817054294
-16.6925366855517,-40.7174468905227,27.3299402403134
-17.1897405941905,-41.0030237807886,26.6328057485965
-17.0241402621619,-41.1379718233169,27.1844840839588
-16.7259394344632,-41.4442755287896,26.5851304526499
-16.7833455034027,-40.9953071498447,26.9442708041685
-16.6372818034217,-41.2851456105688,27.3276344263628
-16.9452092096309,-41.1478279917202,27.3937472477025
-17.1817172550026,-40.9827914275303,27.5778879879399
-16.9941283966189,-41.1317366220198,27.7448005724022
-16.6593988426432,-41.449980814951,26.9700151367314
-16.4251769303195,-41.7185613642025,27.1574356065874
-16.962928537475,-41.5004434697346,27.1770563914476
-16.3809950644283,-41.2991337766483,26.7481687661129
-16.6963344124358,-41.0733803253784,27.0948774787629
-16.4124687014892,-41.0421828721353,27.075663955484
-16.927770145449,-41.0720455808622,27.2463779354066
-17.0252898212937,-41.1989219096115,26.9074365073079
-16.2825165110279,-41.2226106080924,27.4261664225393
-16.7336820859435,-40.8912097043668,26.6678516104262
-17.3919460348619,-40.5747630064004,26.5485578649171
-16.6615017205342,-41.6462862353102,27.4757850059913
-16.4924923580967,-41.1207381223761,26.8306306692216
-16.7031145727737,-41.7442701014151,26.5872899199277
-16.591533632267,-41.2338712305809,26.7288099286217
-16.3904468280151,-41.1057577796731,26.8134670302057
-16.6968337782571,-41.5452107003785,27.242453478144
-16.1604591168197,-41.2206816788975,27.6816808077725
-16.4389542827705,-41.2802330071641,26.9261031994425
-16.7062703791855,-41.37619720132,26.6047798284295
-16.7995274838072,-41.1497451645886,27.0490383741502
-17.0280239599217,-41.4993057757562,27.0439676609158
-16.9672081503374,-40.876212446433,27.029490539638
-16.4566929781019,-41.3642480942304,26.4969179157326
-16.9166701942769,-40.9534206999418,27.460938802027
-16.1615018463638,-40.8700914815041,26.6545874334737
-16.7117714434278,-40.7923953119686,27.015941695816
-17.0930394839174,-41.7312398377932,26.4745510600493
-16.5635485538236,-41.2778880211082,26.8969587828439
-16.2636015578073,-41.0309588745807,27.1678532442332
-16.7717206846762,-41.5818561902328,26.7774187007973
-17.1651287455437,-41.1222484725742,26.7020813925614
-16.772584781775,-41.1034198860295,27.38549067502
-16.5457446804895,-41.2580401686076,27.2841148697038
-16.2167459572598,-40.9108006365093,27.3405445655679
-16.7849697591338,-41.3477582644034,27.4714970416605
-16.3269439818364,-40.8673282186365,26.638981528752
-16.6950679499362,-41.0886951098637,27.2614388973033
-16.4605545710796,-41.3343640759929,27.2814318463902
-16.3084925138336,-41.1596874303405,27.0630498111328
-16.7724564958571,-40.4914944119665,27.1808935057024
-17.427240536049,-41.0684117456596,26.5369219341868
-17.2974377022826,-41.5273870603958,27.2287975959963
-17.1151512256253,-40.7439301885512,26.6087705264916
-16.3379401475056,-41.1428192283824,27.3792252775578
-16.511605458401,-41.4983408753008,27.3042427331183
-16.8700450456305,-41.4131559902559,26.9404229237205
-16.3011231359843,-41.5136829726962,26.9521005197734
-16.7412045454848,-40.9452728977919,26.7082904755719
-16.6886433933206,-41.1540619595956,27.1681440361594
-17.024064941943,-41.4980946290065,27.5753012625682
-16.8499506563896,-41.1206589223622,26.959226542638
-17.0639129067669,-41.3186495863965,27.0410343979712
-16.8002492634981,-40.9482089408867,27.1600560719315
-16.7307894290594,-40.9964223367657,26.7118137152909
-16.5854566638643,-41.4034311120627,27.3369347754686
-17.0344693135475,-41.5203065575596,26.4938701427827
-16.6900064522492,-40.8336070702542,27.021137453878
-17.2427472037777,-41.4196697074404,27.0471629554483
-16.8808605537894,-41.6722015854672,26.4729695056081
-17.0955201872636,-41.3319504666136,26.896684853894
-16.7375099295465,-41.4702742797083,26.8618126617591
-17.1890007931493,-41.1465598665386,26.946648648802
-17.0013931958175,-40.9157181073622,27.3884213283108
-16.2814412011791,-41.2660912535507,26.9928779849397
-16.6426598331931,-40.9552560130611,26.9456106342645
-16.7495906795969,-40.9417719731507,27.4148125196842
-16.7340124659608,-41.4563652247969,27.2475274869037
-16.4717550547987,-41.3145278172572,26.6627928119375
-16.8527032421883,-41.3937000670276,26.2750100366801
-16.6714906570697,-41.3184792607462,26.7133162677218
-16.6681879210296,-41.223002329875,27.2647672866524
-16.4681097160854,-40.7716120654377,27.5999449935564
-16.437689024322,-40.757528985356,27.5170375509584
-16.9046303724825,-41.4456752665613,26.9535180063142
-16.5171540119973,-40.8617066359697,27.3934980551802
-16.4828502365426,-41.445411411576,26.938911015145
-16.2674341884016,-41.053986530457,26.419684820837
-17.1681449313828,-41.4268727458058,26.8935007038064
-16.7555280753676,-41.2493945744602,26.7554366748144
-16.8337561911252,-41.1160186334283,27.0729043431577
-16.6777881713102,-40.9115513457973,27.3352399096804
-16.5201104629286,-40.5175527792707,26.7815873196683
-16.6081327570921,-41.3131232992809,27.2298217700473
-16.0710607420185,-40.9116946905506,27.0938775854327
-16.3936733228864,-41.3400213702126,26.8890436685497
-16.6289331581044,-41.2587485786946,27.5263193548154
-16.828672590444,-41.2237704126792,26.9223579311011
-16.7256147605825,-40.8996674982555,26.9856875585101
-17.0763440900914,-40.6549534580945,27.3940652831508
-16.8235276021304,-41.0009472410001,26.800329908348
-16.2060714904317,-40.7553605405555,26.9856651826852
-16.6082352646265,-41.3269663370174,27.2389786008266
-16.5195563629815,-41.0728692440922,26.5897377927593
-16.0887895103124,-41.1399989553805,26.7561715342961
-16.6196148650687,-41.3460137384571,26.8480048951523
-16.7384034187408,-41.3032627676197,27.5223458270331
-17.0238011930334,-41.2566811503094,26.8943619599994
-16.6815504053495,-41.0323090100175,27.0377140172451
-16.9344225644987,-41.0275155472553,26.7262488605272
-16.4425501564916,-41.473642180845,27.537302290103
-17.2346445454149,-41.2288186338141,26.9656661691854
-16.7267960967693,-41.4988972166213,26.8392951826044
-17.2293726407091,-41.0483697378775,26.9544075810914
-16.1533984878449,-40.7473698076539,26.6707438093308
-16.5069114004332,-40.9286603129428,26.8143932675133
-17.1590635967097,-40.7896937598723,26.583513631676
-16.4526337348765,-41.0685643870484,27.3290557893652
-16.9730801661259,-41.205325934586,26.9957763535366
-16.7797457615694,-41.5509009833946,26.7810572390491
-17.0931667156912,-41.1962494812873,27.0014334106607
-16.7336537022066,-41.2863899261332,26.6537543349829
-16.925750190137,-41.1594040058392,26.878208157946
-16.601203676349,-41.5411392390873,27.5530565358781
-16.9957138846262,-41.3622089167472,27.1543001923059
-16.3965880696629,-40.8738673605048,26.2933423972452
-16.7638085001416,-40.7824301273402,26.9427616941409
-16.8664504011888,-41.2340797636914,27.3801683320864
-17.0690181038828,-40.9187189330749,26.5439102499823
-16.6566538387153,-41.2507076246701,26.7639091254979
-16.6773070773407,-41.6241153473561,27.3831109612953
-16.0554387530712,-40.8711635022784,26.9270540986595
-16.8078457972245,-41.2082571962031,27.4993221348208
-16.6481790382079,-41.4965542144054,27.24524753284
-15.8760905589368,-40.7350624041464,27.5454635709749
-16.7682077308496,-41.7048298653908,27.0739443299441
-16.8949256534167,-40.565478527597,26.9180234749628
-16.8223945109366,-41.0372273742309,27.2948021343695
-16.1172319567899,-40.2461915694417,27.6926644206555
-17.5874362640518,-41.6096810864185,27.0254652948102
-16.5414440527073,-41.1099183763583,26.8755020558143
-17.1091776436815,-41.3958214476494,27.5147603260265
-16.5701833802335,-41.2748681237686,27.1607505711474
-16.6915090419928,-41.0281852056798,27.3572908332764
-16.2216775607737,-41.1694974775346,27.3723928907684
-16.7924102942009,-41.0079307098078,26.5928700314297
-16.6036427287646,-41.4713709550888,27.4773122979052
-16.2029743554531,-41.4627921526468,27.0510681576298
-17.1054039722503,-41.365263637873,26.911653696212
-16.2911169421327,-41.233043939568,27.1406573592648
-16.6079889584908,-41.7869975665778,26.8737287636263
-16.613441977351,-40.790706240745,27.0560992036002
-16.5342554589863,-41.71650037456,27.5365848340815
-16.3894774581713,-41.3029910469223,26.9951741200724
-16.5690786197175,-40.8288512620611,27.3448836530199
-16.3313159056566,-41.0712207736562,27.2684246528615
-16.3362152795824,-40.634998960738,27.0167468178274
-16.9542713230771,-41.4631459662562,27.5026215520278
-16.2154007767839,-41.4829133893594,27.3221917225812
-17.0035072929656,-41.2399549069941,26.8265454815289
-16.7025277285022,-41.5865347912184,27.1592468906257
-16.5014184642188,-40.5475239271405,26.8100204606332
-17.2203369109866,-41.3713657544268,27.4822125851778
-16.4427125010729,-41.1428500749215,27.288726899915
-16.6404249886792,-41.3966476002543,26.9717176104004
-16.6972128718652,-41.4371896486569,27.1451646659799
-16.9628217830029,-41.0431028348189,27.1112244531432
-16.2941163954096,-41.0779346865028,26.6957044086465
-16.8334798832436,-40.5854006014937,27.2822323691086
-16.954469679193,-40.888679504398,27.335315541502
-17.0835886603512,-41.5938437269211,27.1301877699446
-17.1204101277513,-41.5663752494773,27.2156409782324
-16.5217795352286,-41.0991756936909,26.7103343588637
-16.3044269197937,-40.7297883521091,27.2215357488798
-16.5373067207377,-41.0317201556041,27.2824617199807
-16.5251182784194,-41.3477297123231,27.1348752706229
-16.5805701176303,-41.4191368678801,27.4732835496787
-16.5686389351831,-40.7970924545283,27.2776982303612
-16.2780423978155,-41.4224215256528,27.6138147537182
-16.9849897766896,-41.6985319373023,26.8614072612928
-16.544273342245,-41.735953550468,26.9074593413817
-16.4445793426755,-41.4517598793033,26.9966410697723
-16.7406519306178,-40.7981755066458,27.0475255792934
-16.6048515294721,-41.2988120852945,26.5412157537193
-16.8168220974096,-41.0008068189034,27.0304679497473
-16.5031319578268,-40.8693504494655,27.4451100804635
-17.1432186749531,-40.6873850743917,27.3855962956709
-16.6381041519237,-41.4295980620933,27.1191106195058
-17.238659221884,-40.9044258234415,27.2061820328442
-16.5342703761883,-41.1264383266644,26.876662670489
-16.8235905972541,-40.9022240057884,26.8678744657081
-16.5664655094531,-41.032522381648,26.946149443074
-16.4610355623368,-41.0187495806117,27.2207744007577
-16.9816821331121,-41.6714209997874,27.0170756667347
-17.0473518945859,-41.6330698802336,27.6213320137363
-16.4648123634765,-41.2598092592924,26.4951491323842
-16.9958023676442,-41.2007801397652,27.8745008121807
-17.0145040206132,-40.94744817997,26.9390088414499
-16.2411175004385,-40.9965246739817,26.810036027598
-16.355106936229,-41.4414637042994,27.7596495613808
-17.7355553565673,-40.9088132471466,26.6908192225785
-16.8188607697697,-40.9399148365673,27.3182853109892
-17.0975841179258,-40.8286727774586,26.7123563971483
-16.4625531967221,-41.2480204514063,26.6024238146772
-16.7457412799884,-41.4796325693689,27.5336669236085
-16.3554732221143,-41.2631415833546,27.3863256547114
-16.4296907930663,-41.4181386475895,26.9992735458027
-16.7189713318224,-40.9695643863399,26.637248411779
-16.4800180745545,-40.8046881847018,27.2312204683697
-16.5449279530536,-41.0978866614776,27.2561130244814
-16.8537846195956,-41.0122791619963,27.5317347599256
-16.931159259593,-40.9941169428313,27.3062330987131
-16.1930574527592,-40.5804254132627,27.1357830455731
-16.7160623936958,-41.1188207146149,27.2151987839692
-16.8004816142501,-41.4898311439181,26.9705768377653
-17.2036399543007,-41.0385753996963,27.0980994517365
-17.3170526056622,-41.2795989923084,27.17823722271
-17.0640395604192,-41.0035186558568,27.2150917284334
-16.8284814792433,-41.039705664378,27.2612421276262
-16.5532210723799,-41.338257364629,26.8494650391243
-16.1052005744319,-41.2248583032005,27.2657956166921
-16.5230465126744,-41.4300196842037,26.8660881256249
-16.8623277127209,-41.5997637328365,27.8317247592779
-16.6672380894228,-41.2521997152166,27.0198392081685
-16.5833054602985,-40.6628439482266,27.0213010214821
-16.9481659427883,-40.9767644120903,27.0150231706407
-16.8045769054976,-41.2873309723608,27.4803453373337
-16.024386966377,-41.6574518571437,26.9588756686995
-16.6433757326582,-41.4083930028744,26.922283052888
-16.9866206357805,-41.3817438909866,26.959032339467
-16.643661389024,-41.4606046432812,27.1173376512025
-16.7312324199105,-41.2310017909523,27.1129401430706
-16.07284434251,-40.6785912053367,26.656368544275
-16.5437759904154,-41.2806171899928,27.0695898756792
-16.7635465263,-41.1847036289675,26.6865586843955
-16.4963495893574,-41.1640114690205,27.7451038108087
-16.3838870606863,-41.765183200795,26.7228663403802
-16.4423347127166,-41.4235317120992,26.8273010724171
-16.6123956444881,-41.4094406311071,27.0183538829531
-16.9244233735947,-41.5166309816992,27.0679762626989
-16.8420384657841,-41.6060442872019,27.1990751024721
-16.9217277053199,-41.3346629459685,27.3359674258629
-16.7027853525593,-41.100389736141,27.4829202057731
-16.8322713247136,-41.0539573843134,26.9448139122161
-16.972987884619,-41.3414569166836,27.4860346388102
-16.8845932362933,-41.0613916255337,26.9002075269406
-16.4359114072666,-40.8816139042508,27.4330726407296
-16.2321873790184,-41.2699398046731,27.0705540636657
-17.0163624027622,-41.0842801307626,26.8500091965288
-16.4848323745571,-41.0301982849089,26.9876878210572
-16.1769055628571,-40.5443274275133,27.0247447281983
-16.5165834126199,-40.4832129557899,26.8558581932501
-16.728596646805,-41.6025885682701,26.9806794414792
-16.6011113216821,-40.9436580044249,27.1712982724314
-16.4355863826512,-40.8286876604344,26.9861053653569
-16.8722354242436,-40.9175511062923,26.8919070576886
-16.8060333816739,-40.7787255841645,27.1463993825945
-16.4700780911107,-41.0782218515243,27.3916303331145
-17.0447803495705,-41.0093227325365,26.8498675594782
-16.7814062828535,-41.4505565707591,27.2101836885992
-16.6349062452245,-41.1607286398676,27.3455103076796
-17.3176609590722,-41.4302737449492,27.3075264950938
-16.7189166008121,-41.1452309468139,26.246232982957
-17.0885449328806,-41.5772620595684,26.9624578851396
-16.2277326757734,-41.0782378295004,26.8539025276933
-17.0950544543933,-41.2465447649053,27.2405245710457
-16.5810923774915,-41.0649610602516,27.041925719737
-17.2082403086679,-41.0587409707283,26.3095771716344
-16.5816385110853,-41.1847460220492,26.9672123876322
-16.7244374444309,-40.9822217285212,27.3425135245167
-16.3574802914401,-40.8709886056554,27.4135296551752
-16.774211239101,-40.680510089248,26.9121543281749
-16.5840563744898,-40.8773136184984,27.137045542226
-17.4003001526681,-41.0750951604497,27.2955642366462
-17.056399152148,-41.3961603266543,27.2382316003205
-16.3954756069823,-40.8801644121911,27.5920036362507
-16.8536639686668,-41.4391765539614,26.7546053740474
-16.1453717417159,-41.0785527921036,27.8517244036272
-16.5498929451732,-40.9238118378596,27.223820131182
-17.3763748695726,-41.5574525127006,27.5306082350385
-16.2444441601823,-40.9045636795982,27.4219019288407
-16.6325347654263,-41.0353809748823,26.7492007535312
-16.9846146884608,-40.9048077250318,27.445980054989
-16.6019267207002,-40.9078527319959,26.9998304984355
-16.7552383205941,-41.1493286698313,26.8748719698752
-16.7696440588795,-41.1597335273877,27.1137222058249
-16.4021142013784,-40.7949993874936,27.0993458100342
-16.9310914986226,-41.0269408936167,26.8643766275481
-16.214129427616,-40.893853068104,26.3690664498723
-16.7161214357852,-40.8131166046313,27.1751951455624
-16.3065512681475,-41.1329862953438,26.9306733351895
-16.5117016659405,-41.2683095295798,27.0852039964263
-16.4693457131316,-41.2414149720388,26.6711582584536
-16.551103581794,-41.7655023199045,26.7152332571975
-16.4088778537548,-41.8333592583121,26.9472497915273
-16.642466153721,-41.7130406695837,26.2319511740825
-17.0580609504686,-41.1498329124364,27.1661069806577
-16.2038128220837,-41.20701090959,27.3794926077532
-16.4153623384583,-40.8033039071009,27.7204442326444
-16.4011959132529,-41.5974716744279,27.3171828717322
-16.1975539275906,-40.8329940525013,27.1486460687584
-16.931562399378,-41.2111998552439,27.3138066074767
-17.0924657106832,-41.359112676196,27.2079162812945
-16.8572047717412,-41.6013310522005,26.8906564656788
-16.9491031686391,-41.1579919987509,27.4953123245331
-16.7079041589878,-41.6130939791551,26.9209205866465
-16.5143163327992,-41.4240922723855,27.2416590830489
-16.6922338950763,-41.0674232198215,26.7272621889515
-17.0026336813322,-41.8419191410334,26.9799690646804
-16.5829866591989,-41.0947408527979,27.2761995492751
-16.7732342066524,-41.0531986111053,27.0096816607662
-17.059888273462,-41.0959591455416,27.5807898590638
-16.9518139457651,-41.1758453446715,27.0533003596233
-16.1019534014167,-40.7688701766112,26.6171879027618
-16.506429362059,-41.1667494384108,27.364873792723
-16.3882905494124,-41.4162959217976,27.0939337387601
-16.5704771161567,-40.6404243565155,27.0309370878892
-16.2343075490105,-41.3823956486217,27.2185727815889
-16.8177977292186,-40.6560688306967,26.7568983211447
-16.8513012049914,-40.7731302873432,26.8937408588785
-16.3747231733059,-41.2417430970127,27.2793213699329
-16.329931820165,-40.443419868319,27.0762531366291
-16.8868293540007,-41.0708060654794,26.775972278467
-17.3710105439614,-40.9706244180275,27.3747020453669
-15.9235260089992,-40.8930903652184,27.6200327395607
-16.3704038702442,-41.1638843496893,27.2408628854076
-16.6177756405083,-41.5185647662233,27.0954177227837
-16.2961627369299,-41.1918644218701,27.1150641947053
-16.3302893267044,-41.0249828106959,27.2490125187159
-16.2569520977303,-40.7160684507123,27.027747912096
-16.8810981585192,-41.0618478120773,26.8261912013433
-16.4935669225326,-41.4789679955995,26.6298129228237
-16.948765345033,-40.8094507127599,26.64249782629
-17.3077317404546,-41.7753156239967,27.1788218970793
-16.628073096909,-40.7733004573156,26.7058890112338
-16.2265345862512,-40.765854673459,26.8465405716626
-16.3535787027945,-41.2870565262376,26.8092992460563
-16.6949368999807,-41.0531608721197,26.7828569592654
-16.8258312051981,-41.8031659617681,27.2622285896366
-16.4402402451539,-41.4233999967859,27.4092797976294
-16.2775640177371,-41.5382957949688,26.6461442186515
-16.9208020019744,-41.3544759595304,27.1203187088879
-16.7663585066015,-41.2609500554109,27.6072717495815
-16.3180582601054,-41.0174310837078,27.1859013587531
-16.8644260265898,-41.1125388453342,26.7188474362443
-16.9754418176069,-40.8657263369889,26.2198555946777
-16.0999166884838,-41.4241053829757,27.1746808488923
-16.6205676010946,-41.0228299398844,26.8665769474825
-16.4623705353048,-41.0889893716743,26.7686170377055
-17.0084495602173,-41.2491118427109,27.2086397830049
-16.8235500856908,-40.8260830527404,26.9377840697921
-16.525943020403,-41.2865786197882,27.2261904682245
-16.4568992782822,-41.5140156166231,26.9784225328904
-16.2267898859966,-41.2343974510098,27.0183003557958
-16.7055576470565,-41.1456079456816,27.5421026537981
-17.0135644698708,-41.5689257219238,26.9310619885332
-16.3814363497033,-40.7000613117531,27.365469716532
-17.2390693108527,-41.3447985627819,27.4000301526113
-16.4356648674668,-41.6618735132481,27.0240868588371
-16.5005302214919,-41.4120923264781,27.381418464285
-16.5040678497461,-41.1905050876398,27.2820866184775
-16.3710367652251,-41.7409729405561,26.7705202462842
-16.7277432695099,-40.7680248215494,27.1451245113043
-16.6408079169051,-41.5963919601,27.6511845994187
-16.6487120051211,-41.1129227095464,27.061876807269
-16.7806338026063,-40.7265412275871,27.2985974220827
-17.1314861523531,-40.7501199316556,27.3083050282494
-16.7437125703491,-40.6561473510536,26.8995076246959
-16.8677896970215,-40.989891999248,27.1523571021369
-16.2166609857156,-41.610984212343,27.9373852827309
-16.3765401441553,-41.269722860191,26.7489883150264
-16.6830355881871,-40.9116774613445,26.7259360225419
-16.9454644803576,-41.5506877328983,27.2101317521249
-16.7928125236467,-41.3366637443895,26.7021669700217
-17.4425549317634,-40.3691517162597,27.230906215247
-16.6610464136531,-41.9035544778306,26.7989718274407
-16.6314629280224,-41.368698220684,27.0565931409819
-16.970851589056,-40.7633970662626,27.103914294622
-16.5633753427297,-41.3652704144282,27.0513831156158
-16.6407797624281,-40.9492467897464,26.4398719297108
-16.4544453986365,-41.2199999324365,26.9682548849854
-16.9250677249897,-41.4725071683409,27.5837726154516
-16.668810596017,-41.1494621079147,26.6798699593454
-16.65167670966,-40.9996740417794,27.4723391474889
-16.7436468501456,-41.0107952778088,27.3767745913778
-17.0777277687297,-41.3258527194716,27.1825745205062
-16.5490800248749,-40.9888219526244,27.5990702895744
-16.2745704257116,-41.226520310015,27.1883481741328
-17.0663175916214,-40.8590769279984,27.9792792111744
-16.8849115211944,-41.329891962435,27.0398995207256
-16.8327117625616,-41.0268672776843,26.789389762147
-16.8524657059679,-40.5380728192171,27.3637237363129
-17.2746160639888,-41.4650535309353,27.3053607402776
-17.4903416036321,-41.3009613906051,26.8939772540317
-16.9898496029182,-41.4578132938736,26.9075761340821
-16.7940522798331,-41.193803959601,27.2368766548103
-16.9773433648037,-41.5226461253909,27.0293788814422
-16.5171714907843,-40.828969474677,27.1130758547029
-16.9152429135886,-41.313696759119,27.3057282639421
-17.0311630990054,-41.3383126058354,26.5592084691912
-16.959247621056,-41.1306016824673,27.0189963442216
-16.3603884550645,-41.3259754783832,26.9655174009054
-16.6262443947402,-41.4210644574537,27.2485034350996
-16.5764622657621,-41.8994769582062,27.4868025266402
-16.8809667586378,-40.8887610227328,26.5388284201869
-16.5666618456427,-41.1657907969044,27.372406245395
-16.5171000384992,-41.3506842716683,27.4440319827912
-17.078427057703,-40.7831139335423,27.1448936165612
-16.6196156593125,-41.5164361673943,27.0363231055446
-16.8171787458201,-41.1958499085316,26.8886967750027
-16.9907252715189,-41.16841315526,26.5717136288467
-16.5769519713899,-40.8245702757628,26.7824425433331
-17.0608447107771,-41.2826237266691,26.7266119030392
-16.9305304069054,-40.8608660572752,26.9119284928037
-16.8412097437614,-40.9360126984638,27.190755523445
-16.5809630148257,-41.5561951122406,27.2124403340083
-16.2074777551509,-41.0117388215359,27.1059532952984
-16.4901792571162,-41.1717165870973,26.6792355781982
-16.2314732572014,-41.1444387422752,27.4628950931307
-16.2311300295632,-41.0584633636482,26.5784891568381
-16.8503108814652,-41.1585881390385,27.479516226884
-17.0587559251487,-41.026295608794,27.2154784859315
-16.8113292672459,-41.4522777450204,27.0728447626541
-17.0448110706427,-41.7242805455817,27.0617520921504
-17.5411703578049,-41.0255302725116,26.6880145243802
-16.8517382612785,-40.9867725209601,26.8818658450653
-16.9152259185743,-41.0776873845003,26.7968674993449
-17.1622043298582,-41.0294561212555,27.1180029725283
-16.6342969583738,-41.223923288851,27.3593504822005
-16.0483925457615,-41.3935470023282,27.5576541328163
-17.6775058762867,-41.2815606598182,27.0764805794532
-16.685292578014,-41.095466233813,27.1494975345865
-16.5676554707701,-40.9749539261134,27.4332798702579
-16.5627089574133,-40.8419669228503,26.9380489589287
-16.8143659782629,-40.6904513259302,27.2245673853443
-16.7291526193191,-41.0185022457368,27.0041989400778
-16.4474460675076,-40.9343604404118,27.2565957445513
-16.3777728311911,-41.509375071074,27.316466342269
-16.7072861076579,-42.1919096423042,26.7061826417062
-16.9768809530494,-41.0434307156016,27.0964109624368
-16.0337405226644,-41.0465610038812,27.2581238765967
-16.7509870866059,-41.2737003773979,27.1721936423387
-16.3852055317416,-41.2518243750602,27.7021599254237
-16.529923988894,-41.3957577199959,26.8789688435116
-16.7841570176965,-41.3235851335189,27.017400094993
-16.7696399224694,-41.2389710233661,27.2941240522758
-16.4849068949163,-41.4642786451869,26.9760560973007
-16.5887180926966,-41.3117621868208,27.1435974707606
-16.6986791290298,-40.8633783023463,27.4044386495548
-16.4597762528987,-41.4037027298399,26.5561747016507
-16.4736057592493,-40.9129079599076,26.6044595502034
-16.5745955788032,-41.0518508444349,26.8826285302169
-16.5355193122277,-40.511470744479,26.7232582880335
-17.0484286333745,-41.3801464303078,27.0473540206232
-16.9759961184117,-41.6776823849371,26.7117823702388
-16.9882463669724,-41.3178242239756,27.3431750913271
-16.5393896457991,-41.5508247869969,26.8652803465628
-16.5084700723683,-41.0436055087314,27.1097768832844
-16.6692874373226,-40.9110227739812,27.16115266403
-16.7795298729908,-40.7744971841179,26.7968112023743
-16.4752460801401,-41.0699986282647,27.2069738062091
-16.7616268607303,-41.9998722624356,27.0100016133713
-15.9402312932002,-40.6918604514837,27.1479482021905
-16.8163706246528,-41.4751249914329,27.2275820636409
-16.5637856691494,-40.8091541826522,26.7816650721571
-16.1385696487089,-40.8632229315922,27.2796013190903
-16.5165126815216,-41.1351630273326,27.1661116012319
-16.3675864138816,-41.6345963509877,27.0995489630365
-16.2674488016883,-41.0944520586281,26.8208942919064
-17.1495437169181,-41.1705507918576,26.7569248486058
-17.1212626951185,-40.9857894815559,27.3065236925426
-16.9292534662208,-41.232692308746,27.4326834487293
-16.3971958945451,-40.7862067732329,27.2247467269355
-16.7022207335325,-41.4792772714515,26.9621013782472
-16.4378903916603,-41.0928767710024,27.0772241706962
-16.8663910941072,-41.8097383854,27.5559586242349
-16.7783204052814,-41.4463954642247,26.9993136734125
-16.3436327643445,-40.5561789270895,27.1638163257392
-16.4791108450479,-40.8707149166518,26.731281428751
-16.5396138181447,-41.4075281894485,26.7440023585943
-17.0588894829032,-41.1160363468018,27.0099603811951
-16.3411584863947,-40.530570797887,26.6218763972056
-16.9953046817034,-40.4462841413836,27.1740055672434
-16.4503181922631,-41.5337386718126,27.2112206873048
-16.3262052349056,-40.697867299056,27.5465649332502
-16.6852104774931,-41.6752171660615,27.398898790984
-16.6690015198917,-40.9600846806957,27.0661786614389
-16.3951387758252,-40.8458566678313,27.8657280494678
-16.5789038983821,-41.2741895340013,27.5589552190504
-17.3623841961539,-40.8723444548148,27.3183399253267
-16.4752875665841,-41.1918131423283,27.2479398359534
-16.3238430174745,-41.0202836548989,26.9616636023754
-16.6949594764796,-40.8993637637503,27.3936037840786
-16.6488712472347,-41.1074692761172,27.3110960792039
-16.0973371840319,-41.7597236106427,26.7539034662319
-16.5856122133625,-41.2319899412205,27.4261301753229
-16.5791183020761,-41.113003813943,26.8926272580554
-16.623902123658,-41.079789270958,26.8756546396089
-16.2164101948709,-41.2667792831317,26.8310877529288
-16.3929085941109,-40.8214080015518,26.5439267787846
-16.5614259365971,-41.1847225527555,27.3572630159224
-16.929090330153,-41.2494075558204,27.1619808988052
-16.5928590902675,-41.2293525076391,27.2154060818574
-16.9426553699495,-40.9292386927687,27.2725046011586
-17.1595169208168,-40.9331316923593,27.373497185407
-16.8369403106246,-41.302371977873,27.2207011960104
-17.1696725626173,-40.5186013677801,26.9587272219441
-16.5452350904259,-40.9957871673022,27.052476770223
-16.6020356265105,-40.8451837024647,27.4947891982655
-16.6983849857421,-41.1505845948187,26.8810086951627
-17.2045815929521,-41.0115736170231,26.8556800597651
-16.3221210468718,-40.904928277103,26.7535799605906
-17.0329042254671,-41.4197497542106,26.7687776567615
-16.5315123552452,-40.6173711442516,26.412947588347
-16.8142567282308,-41.5626546009521,27.3429797861814
-16.1190873407354,-40.9487612658713,26.6487317830048
-16.502925374033,-41.5739751600503,27.4392507701924
-15.9324358597255,-41.1586925411932,26.5573008791127
-16.6068073760856,-41.160678695041,27.5379120858862
-16.7208420982009,-41.6541640539525,26.8579419709828
-16.3827981231319,-41.3761404435396,27.0309879266067
-16.3455046323667,-41.385058294536,27.3355508546255
-17.1675692434644,-41.6564749350963,27.1737671366602
-16.8858510908487,-41.2931601025589,27.4986723251528
-16.3465202597301,-41.2501056442828,26.6412328316571
-16.8048216978151,-41.0002115858486,26.6350813962264
-16.8884973636968,-40.8183357704557,26.800875753731
-16.4688619569483,-41.0258664272799,26.8608417919689
-16.5603016707846,-41.2315831975799,27.6955590568397
-16.1573736391117,-41.2604697465561,27.0360254450825
-17.2711654799522,-41.2353414206452,27.1614487131574
-16.440608414964,-40.6024893912814,26.449298621979
-17.0454405948732,-40.513476950349,27.2017495898349
-16.3779725822751,-41.0817613714936,26.3544346216324
-16.4438143739555,-41.1055357384607,26.9469623673141
-16.3757159853316,-40.6744897466269,26.6920122589917
-16.5626755158135,-41.5166102395923,27.0046552344916
-16.3098528612769,-41.2575749717447,27.3423800993208
-16.6709137379968,-40.8304361345202,27.1261636994683
-17.3589586098445,-40.920347418099,26.3400455666222
-16.6793571897842,-41.5225670199638,27.5559095171019
-16.4084399138848,-40.7905726928458,27.3697320967398
-17.0530958717665,-41.2020699744754,27.2987478222768
-16.622006898499,-41.2110876044025,26.6605539124803
-16.835912466923,-41.0554476463942,27.1553615237299
-16.6137550557547,-40.8297115675794,27.3484764976855
-16.4132455287261,-41.5880739757311,26.9198411955394
-16.7747991084602,-40.6419880768623,26.6914975447605
-16.7165361577554,-41.2686983071699,27.2571149957436
-16.4389156319842,-41.5390426221671,26.9514249810618
-16.9098378260387,-41.0895786898322,27.4942265652505
-16.5725038706839,-41.1426173521914,27.1204006018714
-16.4562786596333,-40.9484956873775,26.507710491078
-16.9965219418233,-41.3858933204229,27.5101931142206
-16.440966321105,-41.6048589351643,27.3643242086301
-16.9379329994017,-40.8570268416289,27.2846703830057
-17.4461904975836,-41.3726938377905,27.8234794256512
-16.8939169857324,-41.1581526351259,26.8082022480404
-16.4829125171754,-40.9959456965215,26.8985849038607
-16.6697691473597,-40.8293879232547,26.862038408359
-16.5364105164867,-40.5362462533336,26.7697189784066
-16.6198360245553,-41.30604148392,27.0814947091022
-16.6353625713083,-40.8680699304397,27.15313084992
-16.5155225853777,-40.8008457842794,27.9716108027429
-16.5938426940087,-41.0514085883953,27.2072548943833
-17.0383229307244,-41.8174323446516,27.3493572051456
-16.2416401243987,-41.3392200715681,27.0951049617644
-16.2114694735849,-41.2413543618428,27.1433099525601
-16.7606491268473,-40.919979378612,27.2398813524994
-17.5537899319558,-41.0269271775558,27.3529204488757
-16.2718531826348,-41.1457693728112,27.0901926870172
-16.9463052519721,-41.0164985215731,26.2228329758946
-16.1709681529392,-40.5890090636148,27.0833863457495
-16.7713869746873,-40.8338729409925,27.202727575696
-16.7651065176266,-41.1596011086973,27.4467989829661
-16.376536151162,-41.0802684779172,27.2470443240146
-16.9068519692101,-41.134373480743,27.400986805933
-16.8032900637762,-41.1254022119584,27.1725460758565
-16.5219382526174,-40.9826522383126,26.8673219434205
-16.9578887886621,-41.1238146954608,27.0448803853132
-16.6411588676229,-40.8829607298347,26.9401254675962
-16.8777728317483,-41.2476582337439,27.0382231424199
-17.0785857625404,-41.0500946978408,26.8879403741989
-16.7537487444833,-41.326547971738,27.3810670783588
-17.3916475376203,-40.9529868645305,27.419339949517
-16.4026740173551,-41.3097113958289,26.9301933182639
-16.9024190709732,-41.6005415702674,26.9502900624655
-16.3813251482812,-41.1567349921222,26.7851732805828
-16.48698881552,-40.7294442682085,27.4546728169203
-16.8919171570534,-41.3161975650507,27.262760454199
-16.3046278537251,-40.5786962178009,26.6747943169619
-16.5769604990127,-41.2570139163426,27.2550950113366
-16.919929835563,-41.2558297663108,27.0047883327914
-16.7997367050866,-41.4360168294459,27.4091154605948
-16.8049615939906,-40.9638691205962,27.1920136948412
-16.5905488579725,-40.8386945148034,27.1076668325726
-16.7631917365411,-40.5112601995083,27.0690713981842
-16.8873972038701,-41.888398970548,27.6293920689343
-17.2502462811179,-41.3423891017441,27.0296240663408
-16.8953220090878,-40.8348557775019,26.8388712875453
-17.018131915194,-41.1984545304401,27.0339583763387
-16.9908681121066,-41.4816790221916,27.3841362800321
-16.4485987905314,-41.4644619344751,26.902226432732
-16.7963426594613,-41.4118797938906,27.2386565665003
-17.0295885906185,-41.9171359536915,26.5462492587882
-16.6900601433922,-41.1153271146265,27.2921999681766
-16.6693343981656,-40.7750036514892,26.862203676665
-16.5061235328536,-40.7088296389576,27.5410921322036
-16.5651256545598,-41.6095405249796,27.0528500938751
-16.6072757220687,-41.2889599410146,27.389534888619
-17.1470491069708,-41.4363266671411,27.288658692301
-17.1642188885307,-41.2075194476707,27.1498749552946
-16.6211309164565,-40.7404530274329,27.4135082548228
-17.2778971675511,-41.1013159983433,26.8771590209952
-16.694819379286,-41.5288021252182,27.1890933893152
-17.153565022326,-41.1847691104847,27.4094769519249
-16.5272616286583,-41.2762917442501,27.8201040475152
-16.7145992112042,-40.5833126414497,26.8945965027001
-16.4830414606357,-41.0609946075329,26.6862714083548
-15.901822894163,-41.6017063201223,27.5787096439567
-16.5252461794097,-41.3148430614742,27.0273134576924
-16.8948557122631,-41.2974370693121,27.3488657593115
-16.6679691476514,-41.3787198374088,26.8008943077651
-16.6718084253416,-41.0338279499522,26.7405103106562
-16.9333562610292,-41.4151994851426,27.7757403970719
-17.1688734617198,-41.2174369168045,27.3969747708254
-17.0746365775103,-41.1096125628053,26.9259165966997
-16.4210177831493,-40.6579340341962,27.2617332791479
-16.5319578082627,-40.8404081640404,26.4723565692506
-16.7739578288508,-41.1876654582776,27.0063427256326
-16.9226617163027,-41.338688109111,27.1639060311575
-16.7096437637951,-40.5999468250947,26.9717591641235
-16.5909191495033,-41.106957550312,27.3442249102649
-16.8265071175625,-41.3705925995976,27.6853376782704
-16.6400262282231,-41.3327992660477,27.1304923483518
-16.4073966640544,-41.3509742794244,27.0327252963664
-16.8782096788179,-40.4996823062021,27.0026646313779
-16.7530640601087,-41.0585895371876,27.1841636906268
-16.9663922351487,-41.2572823804118,27.2516329744707
-16.4078483731139,-41.1746954344397,27.1662156275786
-16.6210534111642,-41.0194614406488,26.937144093532
-16.7589839297923,-41.3497912287908,27.3045350969035
-16.4098271169535,-41.5569060946427,26.7409149476847
-16.8047549807303,-41.3914856455966,27.416514562626
-16.4699208840881,-41.8279784714002,27.4142534099244
-17.0431820213696,-41.0483616013116,27.2216311048568
-16.2330884828743,-41.5305843645079,27.1010383745333
-16.6664880668033,-41.2553743830394,27.3643343853328
-16.0501621528781,-40.6901271686938,26.8094745624695
-16.7635271967179,-40.9458281930561,26.9351266519079
-16.3569184857157,-41.4219967924047,27.3004766169799
-16.5560072619678,-41.1250611460036,27.140704084702
-16.8167789189762,-40.9270109667332,27.2761747211747
-17.0628180374906,-41.2596502965708,26.9571868931224
-16.3573182980971,-40.9971696625405,27.1524493991783
-17.04839529291,-41.0337679302055,27.086241519617
-16.426104510946,-41.2894934575743,27.1184630112322
-17.1883437268222,-41.3651267780328,27.0428467529512
-16.5172399911745,-40.9487806722741,26.7355471536495
-16.4085121173792,-41.1087790977134,27.1528268852568
-16.625071818514,-41.5950775300138,26.7466284007621
-16.9671525282473,-41.0339419756553,27.4076309004159
-16.8667627592871,-41.2288887024952,26.7267423646688
-16.5230881044408,-41.0110388978092,27.2933127594592
-16.800936548315,-41.0667339692175,27.0456761061839
-17.2276127456004,-40.9536044249323,26.7984730664962
-16.4104498752398,-41.1023387817751,26.7842716760179
-16.2868054089214,-41.4704317439436,26.681321006016
-16.6928346510302,-41.6788316076676,26.8800998571616
-16.7050419276887,-41.2300054747593,27.1233266323617
-16.9487051914322,-41.2081087538088,27.2967738422653
-16.7051452749682,-40.4829813121156,27.1683128487878
-16.637445786056,-41.1379654778014,27.0872788047213
-16.8732392195219,-41.7528858323261,27.0696798452228
-16.5756718525867,-41.1703034060485,27.1369722714362
-16.3591990085498,-41.5040692942473,27.5354424433225
-16.7908851918876,-41.1468470090513,26.6468418029819
-16.410727085268,-40.921168425714,26.978292503402
-16.8564924207846,-41.5188687333472,27.201595903654
-17.2086281526848,-41.4520229694205,27.1485598808857
-16.855189510398,-41.2198193567978,27.4769199495629
-17.1461693098233,-41.4349691123022,27.2508479082319
-16.1910583852505,-41.0015331049125,26.8730475825745
-16.8073813708453,-41.1007721660706,27.223859191435
-17.1436278942821,-41.1129671221708,26.8081758795102
-16.4184892672406,-40.9135717018614,26.9309244705042
-16.6717479178233,-41.4340056005118,26.6349207501102
-16.5242394638518,-42.083262983432,27.004649839019
-16.368212345534,-40.9050285256868,26.5176459123683
-16.3229191993482,-40.8987217880555,27.000533457049
-16.5377086670955,-41.3601069903692,27.7978034636356
-17.0575970381432,-40.7416980244965,26.6730824821449
-16.1158516147416,-40.4951540824166,26.6383574205708
-16.7481941891674,-41.5416718690857,26.9487570535181
-16.5786330385172,-41.1702247003743,27.41676879572
-16.9440080821835,-41.4577389467747,26.8750038499542
-16.6401040872159,-40.7042986388875,27.0787323824678
-16.805117095465,-41.5362597630885,26.819218360248
-16.6022310416628,-41.3024025792135,27.4049826593043
-16.7678328204316,-41.2019359137236,27.6563115278888
-16.8430686927412,-41.5794857061685,27.0939395117586
-16.8853809237403,-41.0971763393177,27.5704432284343
-16.4607537658024,-41.4378069260501,26.8002738124026
-16.8432830659654,-41.4796504286787,26.2932786728845
-16.8857517646824,-40.808533932975,27.1432477448303
-16.4473155183235,-41.8277390733702,26.7220623928637
-16.3265223149225,-41.3434793929969,27.2347228707495
-16.9225716234538,-41.3085893862727,26.7458171583668
-16.8443309353994,-41.0766216184189,27.1931026956361
-17.0176057973614,-41.7276556282939,27.200820918479
-16.5341721350065,-40.9242706463668,26.884759674919
-16.6506162043681,-41.3937202571202,27.2503727494329
-16.6048843933186,-41.3381265771451,26.5364831321686
-16.3630233941639,-41.1971435519609,27.0035717260497
-17.0694141560047,-40.7391034681218,27.5018874475775
-16.96424341797,-41.3236657008073,27.1197578740149
-16.2267267222924,-41.0311136600174,27.3435650795654
-16.6483774951591,-41.5353580290169,27.1683103246385
-16.2353771419466,-41.0969650824751,27.0757918660005
-15.9592109904954,-41.5841803711071,27.1080852558568
-17.0860850378254,-41.2414681461435,26.6787647182989
-16.5749835358918,-41.2947403044953,26.7899022842765
-16.9374102115824,-41.372293824184,27.1153770301469
-16.3986410361463,-41.5762058179003,27.1339694077262
-16.9296257944099,-41.4121831052551,26.7243326883655
-16.6594167936823,-41.2010298007181,27.1777628677126
-16.5749955204326,-40.9170489847722,27.4967590989802
-16.2529441581762,-41.0369701493657,26.9845527945495
-16.5486765319577,-41.4067453693574,27.3994723440747
-16.9844319323439,-41.5875696154757,27.3746845824517
-16.4677948549678,-41.2829909941103,27.327193250655
-17.0595224694119,-41.476114529326,27.1369839703321
-16.5046255303748,-41.2067493622818,26.8911811707007
-17.1427836468964,-41.1525306576741,27.541553901671
-16.5782900760571,-41.1038821038113,26.9928659606256
-16.290947813678,-41.2274171992446,26.8910688627057
-17.0319173162996,-41.3252106231276,26.7299147627894
-17.1974255649807,-41.1518033485137,27.0666047332914
-16.6132203926087,-40.7522443217999,27.1656058106948
-16.9156690876199,-41.1111886589496,26.9892908861984
-16.9335776870214,-40.6133469922678,26.8758772601841
-16.3741980387857,-41.270267416518,27.4558621579796
-17.153384171483,-41.2602650265511,26.505577904803
-16.8687581363085,-41.5679014742902,26.8055125723271
-17.0458109306832,-41.5325888029633,26.9253986819237
-16.2595553748754,-41.2880276018008,27.2747972883075
-16.8039551871487,-40.8418875032787,27.0780856878249
-16.5191146390518,-40.7553449363398,27.0566109695433
-16.7309090146625,-41.0296772464212,26.6476186442781
-16.3373930501704,-41.4268538499324,26.8842512909232
-16.4403738052987,-41.0556499276319,27.0715796691887
-16.7724945279171,-41.0971392741255,26.9967481428247
-16.5667658824713,-40.9020399220753,27.2894404024416
-16.7296959732457,-41.3993799383303,27.1473625127237
-16.4440716891235,-41.4430634611561,27.4438681239698
-16.1178048567176,-40.6713874962299,26.7455749400187
-16.8952811478177,-40.9628102305883,27.1810124988757
-16.7100931213475,-40.9963663564508,26.9208795444097
-16.5485659095072,-40.5911929387092,27.4677587013107
-17.0277720029937,-40.9131298704877,27.4157243751075
-16.2045984555632,-41.1391406841956,26.9940628713237
-16.6417717690448,-40.9923456690117,27.1067408832354
-16.4865355192524,-41.5362285039099,27.1683520969813
-16.7332958003034,-41.4750918001996,27.3756764655453
-16.801136247793,-40.8762809719816,26.9864320312242
-16.8260903306245,-41.5233898395924,26.8727511791033
-16.3418444570105,-41.0925523218602,27.0248633054932
-16.1646792469836,-41.0703276998117,26.7953584581225
-15.9352876918635,-41.1656841438553,27.1500810843912
-17.0466222965582,-41.1488487926761,27.2268635267802
-16.8977255682134,-41.3898842025598,27.1129459512587
-16.9987009546462,-41.4785105859138,26.6391141399258
-16.3805211428691,-41.2119015712258,27.5696407060029
-16.3973074059604,-41.0808235195082,26.7287789291103
-16.7571304886817,-41.011453667125,26.8341666916706
-16.986730776699,-42.0066862054248,27.2596908058397
-16.9369212960985,-40.9450535969289,26.9663468188365
-17.1255633406437,-41.1886106070993,27.3269288371894
-17.2445302630813,-41.2894926882353,26.5279127203808
-16.5570068853627,-41.1050323006794,26.8946843900215
-16.4843332185868,-41.0246529887821,27.1257098574608
-16.7413593704897,-41.4292172954285,27.1723415876412
-16.9130270321594,-41.2281228914953,26.622599421599
-16.5549305725446,-40.3411775151623,26.7952572401888
-16.5859542424494,-41.3963855208126,26.9423533839929
-16.8086287112695,-40.7012696493439,27.1849762391521
-16.8179104260557,-41.1392948556039,27.1256198356832
-16.7553472603772,-41.007490746533,26.5976937497105
-16.6876340874901,-41.0760110404066,27.5052194426555
-16.527666827277,-40.8002740800505,27.4119587614482
-16.5643971358681,-40.8957258659334,26.9593293512527
-16.6906362054232,-41.2382098402561,27.1181709190058
-16.6298145968837,-40.9302276238684,27.2271504194412
-16.3075087707814,-40.9137737074371,27.2830620516944
-16.5291585700871,-41.486961710763,26.9199471482036
-16.4936580655753,-41.1513855926046,27.3387897868093
-16.2949840043938,-41.2027284101397,27.0290615681785
-17.2340532957723,-40.7762758498984,26.7011509224856
-17.3406381294805,-41.7976012187187,26.8778727003223
-16.538676515876,-41.8246587014944,27.192625671933
-16.8226022450696,-41.2448077642333,26.8886959707766
-16.6919007415201,-41.4368693334716,26.6918340580447
-17.0528679119836,-41.2991504742488,26.9575790911105
-16.7401868598763,-41.3869846201799,27.2948807150172
-16.7891638125325,-41.4483336553329,27.3710071239425
-16.8884992897415,-41.6579558158928,27.045195384937
-16.9593578140953,-40.7521190670189,27.4517902881091
-17.087618364262,-40.7488641769766,27.5373194757716
-16.4770690258372,-41.200499579553,26.8855415824696
-16.7585104652573,-40.9219869219693,26.8902689430831
-16.6291349684263,-41.4483688877693,27.2724559008139
-16.671053241378,-41.3862529968239,27.9743147950167
-16.5254211083135,-40.8249520576471,26.9269580524933
-16.5121761105269,-40.7254381828274,27.1736970450678
-16.7824448267723,-41.1567158860129,27.0029967252878
-16.8614619569215,-41.5220483121846,27.1425148793425
-16.425862266719,-41.2663290413164,27.5508489444148
-16.3857000117829,-40.9918828874911,26.8339524722898
-17.2057695560407,-40.7934512623074,26.9740407267153
-16.7247458014703,-40.690196848504,27.0976262402435
-16.6304263233205,-41.375972109533,27.3915017775352
-16.4207170980712,-41.357934980026,27.2624815107997
-16.7771283435322,-40.8288024596419,26.4826631412814
-17.1100865992427,-41.4265831328518,26.7731941118611
-16.7099365960552,-40.8309030120848,26.4476365296722
-16.908383590544,-41.1376466990403,26.8979204226025
-16.3185516391734,-41.0510553158857,27.1362907539026
-16.4542335761516,-41.2753175844841,27.0537574665615
-16.8666241925923,-40.8668141796218,27.3232126526827
-16.3882152709538,-41.5139960178287,27.3135851116474
-16.9427641340739,-41.4359665075973,27.5314225693346
-16.8415837366645,-41.1452973508705,26.6367665686217
-16.7439963323914,-41.1485884692417,27.0307081711478
-17.0497229292511,-41.1013238304993,26.8565127811608
-17.2703445626437,-40.9676183739569,27.0423164694751
-16.5400896883584,-40.7357856443255,27.1377746099372
-16.4631946714356,-41.333800406031,27.4709133780633
-16.89896446357,-41.096993216651,26.7343477016602
-17.2398117004347,-41.5353610020703,26.6895640911714
-15.9695525586175,-41.3526744116348,26.7902731116831
-16.8821329901784,-40.8683550843098,26.743123053183
-16.4196957214872,-41.2948826934565,27.1324664658618
-16.4812232814975,-41.8022702166804,27.9816406371828
-16.5814125025553,-41.4778480015826,27.2018123417491
-16.881475079103,-41.421689817076,27.1817920998035
-16.7083661557028,-41.3244117999281,26.9778946881726
-16.8104635394829,-40.9254364358455,27.6671655454899
-17.1533357760076,-41.3324523907185,27.3887894841953
-17.1441351239869,-41.4102251256944,27.4704363128638
-16.2694090454352,-41.3970474379762,27.186494019545
-17.0510951392044,-41.4797670089887,26.9136275859312
-16.3543809604277,-40.6786367880075,26.7088997153464
-16.9342361201976,-41.019288009669,27.712170322549
-16.6606086618916,-41.4619691171755,27.0813633823493
-16.6735300812035,-41.4065316070007,26.9828541717445
-16.8192612064374,-41.2139823848418,27.0394973975493
-17.2017967148647,-41.5533099683448,26.7725460209289
-17.0352020009093,-41.3223507055075,27.3093459111371
-16.7997482996614,-41.5816621407699,26.7416548318094
-16.7907605603682,-41.4642033955728,26.7110459176459
-16.4670956882166,-40.514411570108,27.3702790201691
-16.5144857046172,-40.7052981034575,27.3477475862207
-16.8271749759397,-40.5269663887346,26.6651576234151
-16.6665875068366,-40.7776125525881,27.7740969317418
-16.5905574012842,-41.2442870899822,27.3321596739088
-16.578566700592,-41.1070743938268,27.1403783775916
-16.8435712005888,-41.2370539323118,26.8020292008818
-16.9337673031571,-40.9369921332257,26.7959470374974
-16.7093939806905,-41.4336376893189,27.2936735767076
-16.6624558437655,-41.3182532574011,27.5353392045797
-16.5239286049537,-41.1738208557556,27.1283414042482
-16.8819886431654,-40.899384649791,27.2939346318846
-17.0476200799412,-41.2784932098582,27.8474691787794
-16.5622142297525,-41.2247701032456,27.6837743038385
-17.4364286475504,-40.6520636287096,26.5938507388076
-16.2981419802334,-40.6713343870015,27.2311706819723
-16.6028266078742,-41.0289204753569,27.6711252879288
-16.7718356485015,-41.1634414791408,26.8697941615941
-16.9690026182459,-40.6859553616217,27.725868429522
-16.4110301710966,-41.6214436222545,26.4747171775022
-16.524833376555,-40.6813210231418,27.1420385951369
-16.289459154136,-41.0777356261208,26.8210218171067
-16.928681744613,-41.2614948019479,26.4051727134656
-16.4343832399981,-41.1867313357845,27.4880494139552
-16.4177932023734,-41.0108962496412,26.8098125915058
-16.5546814527229,-41.2607812413033,26.9408803080007
-17.1536452979606,-41.4537874621655,27.0589239487177
-16.4379723425469,-41.4164703542821,27.2574375331667
-16.8175425651294,-41.0003826368088,27.4849347482635
-16.8658401010386,-40.9406533442071,27.1031455236229
-16.8532617677866,-41.0106995496427,27.3316818976485
-16.67997135995,-40.9831483449952,27.4872295258855
-16.1092211729376,-41.446434558901,27.0661722678617
-17.4271714566532,-40.8144251109796,27.5003470067942
-16.6242881853386,-41.3414346075821,27.4349497400279
-16.6050996808577,-41.6841537924422,27.1770247714757
-16.4122081736512,-40.9036861519859,27.0802737722526
-16.5984502196335,-41.1449331061218,27.2460476076107
-16.8099386528934,-41.5299939745373,27.6148798828453
-16.3051950589813,-41.3026274362833,26.7270993627103
-16.9556688578535,-41.1982382429766,27.1636819208052
-16.7960809316784,-40.5749528207016,26.9244766556377
-16.8271755305829,-40.9981001653415,26.4453601948223
-16.2977150906751,-40.9689392476364,26.8747007650991
-16.9364418573483,-41.5390944822575,27.0529888054596
-16.5778679327091,-41.3356688705882,26.6343099314229
-16.6433478384118,-41.2098401423544,27.0756744648484
-17.3625666483513,-40.7785376476458,27.2065277293313
-16.4217404941295,-41.3813327435884,26.7200786165073
-17.0559235710299,-41.5162520713918,26.8358727267652
-16.9795821935533,-41.290872344484,27.1276659534124
-16.6239394460562,-41.4129560059239,27.3725635109892
-17.3176453873129,-41.4813498568882,27.3461014326511
-16.5325961430385,-41.157149119026,27.2029030192193
-16.8789167925723,-40.9327236836017,26.7546592165671
-16.9424183353712,-40.9512860601292,27.1481641186883
-16.0599819076421,-41.3737231527799,26.5800292139319
-17.2841537763832,-41.4007319928209,27.0213148025349
-16.8322411900678,-41.3401339401956,27.1805280045054
-16.6303324252736,-40.8114420281036,27.3440631443382
-16.1562209569461,-41.4008761429872,26.9768791254641
-16.6118524056085,-41.216783755703,26.951153813088
-16.6687762823117,-41.1677611538789,27.1709301392569
-16.6456775593216,-40.5451926796048,26.8804485240728
-16.3230032008069,-41.4868842087448,27.6316854929683
-16.8414570383003,-41.3097630630294,26.8101837740346
-16.5529746274784,-40.618418739199,27.4654064675068
-17.0389433473304,-40.5986928216729,26.5228104816348
-16.5304980735025,-40.8257647887641,27.2315955214835
-16.5617456429477,-40.8572378844823,26.8758592260433
-16.6552016275365,-41.3836575185303,27.03803679691
-17.2330360952732,-41.7555078088404,27.4297490346477
-16.8521815487119,-41.2243419189038,27.2759156203828
-16.8900611698338,-40.8834091143095,27.3456365200452
-16.9406371125926,-40.4481671370127,26.9913173251795
-16.6876227852819,-41.0911837946692,27.0918459885472
-17.0017748558518,-41.1080596287805,27.3032982766602
-16.6494526396314,-41.1737741028138,27.2370505159025
-17.0550505423611,-40.8553933610799,26.9203868769967
-16.490370657497,-41.6038143421291,26.9957737698618
-16.0923072763545,-40.7905548379383,26.7323498260579
-17.1623670369388,-41.5072545752259,27.0827559644147
-16.7452711798096,-41.5401337157203,27.5346095810249
-16.3530066013431,-41.1922996182577,26.7329576786284
-16.5869669312531,-41.2087244192397,26.3946011104762
-16.462723491365,-40.9091093187533,26.9934774573492
-16.6683974345222,-41.7549846516377,27.1248953681197
-16.1600700962746,-41.1415162152663,26.6338783561828
-16.608486622544,-41.4275428788457,26.9294987106461
-16.9638267629127,-40.9563486665856,26.9481587457009
-17.1122811840247,-41.7794195265399,27.6701406246874
-17.0490071312982,-41.3231319084563,27.1045111712467
-16.5545384643876,-41.0406959483635,27.0553842264796
-16.6941858845852,-41.0762643843614,27.5426958964774
-16.8118036299569,-40.9255727102808,27.0810624845631
-16.503677403589,-41.0899679453558,26.8396449316438
-16.4081110355145,-40.8589540545654,26.820816710775
-16.720165705544,-41.0692326520352,26.9743536878499
-16.6866371977232,-41.0019612467726,26.5700196775506
-16.8168364672652,-40.9584143674473,27.448127676316
-16.7406246295404,-41.2649448748027,26.601832193317
-16.6220039792281,-40.7806094118546,27.1476989974853
-16.8986332975386,-41.273030960457,26.3689008041549
-17.1073764979966,-41.062936932067,26.9337016743692
-16.6157832364537,-41.2165746428607,27.8705841864014
-16.5247090245381,-41.3385591463732,27.4618032447363
-16.3969753893236,-41.032466320942,27.052163101287
-16.6250494364234,-41.1294253297308,27.2658996837674
-16.5882558175779,-41.0662362181986,27.266191582899
-17.2060023397335,-41.2772936190102,26.9103491183868
-16.8038825852281,-41.4933292595229,27.0107010717532
-16.5417941389945,-40.8514196688323,27.223865828348
-16.8741845190638,-41.1645552671977,27.3088347621345
-16.8252431888152,-41.780855135847,26.8075370164425
-16.8352864989382,-41.0515607265529,27.5104159658719
-17.2382760557218,-41.0537335679894,27.2964569280598
-16.9926626080731,-41.3172155256553,26.8286070736374
-16.7282815023003,-41.2101482146725,27.0082804649388
-16.2546075702577,-40.9056074594912,26.7726475764641
-16.4391974408346,-41.2778832057883,27.2422608971048
-16.6025412666415,-41.0907803010427,26.9498955515925
-16.7039547785607,-41.2081862828596,27.0500677853387
-16.3326718691119,-40.9416538420263,27.3541694313919
-16.6745843436307,-41.3312218944298,27.2513516669515
-16.3213970910644,-40.8925251706244,27.5872286841603
-16.7434159428976,-40.5704430808444,27.3589461452238
-16.5505127867727,-41.2924651485617,27.5012593618618
-16.6091177751689,-41.0981534085805,27.1346206973596
-16.8263538018079,-41.4151358054711,26.3893507987593
-16.641485099264,-40.5583336955585,27.2448599562128
-16.2604587153821,-40.9461004441295,26.8705719350064
-16.9337702127526,-41.1763099312769,26.9232806020449
-16.7204980196893,-41.0417245101243,26.7673393591803
-17.1235796321622,-41.6819802226555,26.8712011359375
-17.0053140896768,-40.9213538980583,27.1509377237934
-16.0590808350593,-40.7280206285435,27.3340417444039
-16.7707046138772,-41.3134748492012,26.9527573720122
-16.876862572891,-41.0051940588268,27.0738646767139
-16.8165271620879,-41.7322056293675,26.8715791924857
-16.9699296709791,-41.3461943099587,26.8859506219229
-16.239131205658,-41.610797150694,27.3017118338738
-16.39762871319,-41.7302564799648,27.2862541128591
-16.4406737501942,-40.951970546645,27.1197981758357
-16.8877586656012,-41.3047490091396,27.5559329012055
-16.2824437281366,-40.596665237092,27.221825201684
-16.0678688978606,-40.5074546495494,26.9166725386789
-16.3547297805235,-41.3202215746865,26.7496183407619
-16.41567089262,-41.2544589900589,26.8125008573785
-16.3468768137308,-41.743762140481,27.5766983270088
-16.5641753271473,-41.1086258485171,27.5573281703104
-16.5277563978938,-41.4148663002559,27.2375995174024
-16.9036113727463,-40.9996309626676,26.6440402854598
-16.0764358455975,-41.9162620392178,27.3527975285324
-17.1444771386884,-41.3648157208603,26.5662260329497
-16.3688250222416,-41.0875177243823,27.5542834186857
-16.3395322698906,-40.6829131784906,27.2700199302865
-16.6198466184785,-40.354671176535,27.1722980447344
-16.4828992209577,-40.7935126130968,27.0583125392295
-17.2993803448538,-40.8327915773133,27.3849044386465
-16.1970616846266,-41.165495862455,27.1750028735198
-16.9891742024848,-40.5148759336452,27.2240077918391
-16.4487283311857,-40.7914550187749,27.4611749875235
-16.452124549573,-41.227440394442,26.5457631089878
-16.6092355496522,-41.1899299786481,27.060733868913
-16.4575324757144,-41.5085372375352,27.3195083730685
-16.9415943313623,-41.1566119303227,26.8088851792376
-16.4482476525137,-41.319830850144,27.1629031280076
-16.5997008215484,-41.3718422586982,27.0315267837959
-16.4319507171334,-41.4826527111941,26.9951028678607
-16.3157033449275,-40.9713748341925,27.0958588028053
-17.0481504067517,-41.1094172820254,26.4620273493426
-16.5548807746798,-41.3974022155858,26.3653811435374
-16.3011257111345,-41.5092662502364,26.9046599655235
-16.3325746950086,-41.0617485270566,26.3674650365221
-16.7130954327483,-41.3336386072462,27.3004050381362
-16.7869977992927,-41.0240141780359,27.2215555793554
-16.4105391770379,-41.0988227607429,26.9849882023371
-16.7491003009665,-41.4756480309876,27.2949544552299
-16.7350948390352,-41.2821109478558,27.129496571759
-16.7989801833442,-41.5690757807362,27.3798534926363
-16.8092204977622,-40.8987704907469,26.6871170322609
-16.697821378154,-41.4056797770169,27.4614655944741
-17.0048321054134,-41.4537881673263,27.4961146030642
-16.6033490780258,-41.1388165637909,27.023885139657
-16.9442048780144,-41.4513967104737,27.23784227146
-16.5782930535464,-41.2734738712394,27.400191093928
-16.3746145599095,-41.0658029764088,26.9628776540435
-16.2414951937164,-41.2948483016164,27.1988221757745
-16.513623585548,-41.3391096054101,27.3426861796957
-16.5696516755203,-41.1632657016306,27.2692857697789
-16.4536044014297,-40.9619099909802,27.1266565735807
-16.8620771751354,-41.1109841002914,26.9924745125265
-16.7831264684443,-40.957111954257,27.3701230866822
-16.6282053163513,-41.121056739703,26.8760492834285
-16.7832727022817,-41.0097875031812,27.2422726083117
-17.7276571967793,-41.3102004741239,27.4678152165724
-16.2938703205822,-41.3238415498855,27.3712576015468
-16.1754853347601,-41.3949553398629,27.3015112156335
-16.4524298060844,-41.5604827702715,26.5109758190566
-16.6806678489364,-40.9602339118446,27.1682505546039
-17.1573150488603,-41.6122500306765,27.3046891999023
-16.6618167974498,-40.9434988724343,27.3435316060283
-16.3330008188465,-41.4028739665185,27.2208049888383
-16.8358694992638,-41.6586406857068,26.7907162735036
-16.3706828974333,-41.5853569158147,26.7277317868499
-16.7691480701151,-41.3124017104963,26.9114153556096
-16.7792843327246,-41.3774967497231,27.3567142862326
-16.7646998024485,-40.7398247107211,27.1109327428563
-16.7714626334465,-40.7880723549224,27.247899429689
-17.21983576505,-41.6883763810603,26.7720390139791
-16.321171513798,-41.7113957903825,27.370705644368
-17.0504937874156,-41.2248490234832,27.1272949514543
-16.3403952467191,-41.0096247143644,26.7584757777052
-16.9604208037038,-41.0498308099497,27.4049661023647
-16.8069517307253,-41.4599860604767,26.7504323995226
-16.8066457846968,-40.6239533834219,27.5149684546831
-16.2697799851037,-41.1089123813171,26.5120840619122
-16.6822660749225,-41.2017693763169,26.8907547945875
-16.2044029310671,-41.1365815314756,26.9244037296439
-16.5047983304949,-41.2189402398828,26.4553390273896
-16.8583621366,-40.8680480391905,27.3442196052736
-16.4147999608339,-40.548657862248,26.7984414592712
-16.8972642783635,-41.6170986258866,27.4436029648554
-17.0229603555652,-40.8091900677565,27.0504941994065
-16.0771017283494,-40.8931236833749,27.0018547899823
-16.8087912651235,-41.0992078303048,26.9307199020194
-16.4184666454712,-40.7459598158796,27.0511657633059
-16.6037561270581,-41.5046243780737,27.3640474057535
-17.0073057156718,-40.7347577106062,26.7515849393581
-16.743424593656,-41.1983509811513,27.4545240996456
-16.8349448676075,-40.8700174624455,27.2117196831478
-16.7938049508208,-41.2817756726948,27.2987800440503
-16.3263884439964,-41.8779458252831,26.8164207183832
-16.7436291583466,-40.6129999747529,27.2276801716649
-16.2753131300094,-41.5616881112424,26.6293342515637
-16.7539142182192,-41.2367397317547,26.9904656369756
-16.4544399479615,-41.1576183560692,27.2551538208058
-16.5254895154635,-41.0532570549784,26.9117346912253
-16.8154173220441,-41.494069954033,27.4514190761162
-16.5150489302458,-41.2241675170107,27.0622888737579
-16.699953726832,-41.5184082453057,27.4116086125722
-17.0040401216339,-40.9607298038354,27.5614088689958
-16.5356935623943,-41.3482277694763,27.5248367259621
-16.570575627288,-41.2309871120367,26.7077411082077
-16.5956732173064,-41.5079694671231,27.4165618754996
-16.7476649494039,-40.8907834787287,27.2800636921409
-16.9295994854227,-40.9641288709532,26.743187830592
-17.1834288214295,-41.130939142192,27.5954221436064
-16.3108334300795,-41.2957633450989,27.5493070345844
-16.7933057060998,-41.3855764662247,27.0185592609879
-15.7695587485154,-40.809350110939,26.966860650002
-16.6947316847719,-41.3402675093417,26.9051739743214
-16.8979136938336,-41.0362130356255,26.5767223527787
-16.7065947379686,-40.8148690210659,27.1159733904858
-16.5322821466038,-41.348828092087,27.513704644584
-16.4572376283107,-41.4901597676587,26.8996327028216
-16.9416455426137,-41.197511072887,27.5689285948314
-16.6733814503706,-41.306007346841,27.4242307746586
-16.7561396276868,-40.9536532792999,26.8347753703048
-16.4225066140739,-41.67509928763,27.2145444358149
-16.3073429443153,-41.078410533518,27.4081441876552
-16.4832141587011,-41.0087398795574,27.1060819931624
-16.7263354350549,-40.8495970718812,27.2830659830166
-16.9728082068883,-41.3201316414763,27.1662787033846
-16.8511139034963,-41.3377995246483,27.1283501601923
-16.9848766876808,-40.9015281924045,27.2191483102458
-16.4460894104985,-41.1916882437029,27.4060506612621
-16.6104364405261,-41.0943825904,26.9011340257652
-16.8909228940592,-40.8609968437711,27.0086835210852
-16.3781883522804,-41.5740651373839,26.8708991984876
-16.9148427395689,-41.4954594385894,26.8951704005819
-16.3179273603595,-41.7009626231123,27.2658213601568
-16.4906219304966,-41.6317938816038,26.6179122142424
-16.8666883664655,-40.729900487195,27.1799551459224
-16.6661823966636,-41.1620045268362,27.8236162138347
-16.8824075228301,-41.2900303126309,26.6444681126984
-16.8749627414416,-40.2780174737402,26.8035519815492
-16.9794202844577,-41.5551550256138,27.1333861374873
-16.8281612238246,-41.0985248450577,26.686062378546
-16.8962036612285,-41.0743953871622,26.7419174374422
-16.5983581672074,-40.721461522694,26.9477827280705
-16.5528004409186,-40.9648333720976,27.1328041164062
-16.5664334254921,-40.8181353813203,27.4151755928899
-16.6901310867118,-41.490269851885,27.3299660909245
-17.060701076168,-40.8209561956458,26.3923430081434
-16.9548432732398,-40.8718500710691,26.5874297184613
-17.1517670955836,-40.8546251438108,27.0433612590246
-16.990037384501,-41.1635610263514,27.1286739246497
-16.5237323032816,-40.9693422257611,27.1052761115879
-16.7462650169607,-41.7597533035556,27.0030806894583
-16.5237878956675,-41.5475863835082,27.2512302118848
-16.6093983406315,-40.6274122667857,27.6060495975836
-17.2338364720376,-41.0246762194025,27.1392156839655
-16.7335283684257,-41.0475218889001,26.6649307741892
-16.3165996738531,-41.1354384021511,26.531826661917
-16.6176571358488,-41.5375735800487,27.2464636581548
-16.6221757648232,-41.0022029238909,27.521248001615
-16.2869876381899,-41.2975956156807,27.5740344684854
-16.9314046699107,-41.4317039117696,27.2830024116337
-16.8167567567046,-41.3046821052422,27.2146091012919
-16.4834537995542,-41.6999418880553,26.5770957118379
-17.0123700978305,-41.2842318870648,27.1178022836259
-16.9987263196231,-40.9851766741073,27.0762752173294
-16.637489818741,-41.6071893799284,26.9719055305245
-16.454375205788,-40.9399890929879,27.2847464662492
-16.9759459604662,-40.4551303443933,26.5143980791614
-16.5019796030336,-41.0360018108805,27.1732617896356
-16.6736370565067,-41.3550559114342,27.471934581632
-16.6393073797572,-40.9840872259039,26.8685895520907
-16.6010767971679,-41.4090337401995,27.0458866594502
-16.8889132300664,-41.1835356923575,27.522603988795
-16.5107799456816,-41.4278304906528,26.5019926737049
-17.3707520963149,-41.1390797095092,27.0537749015505
-16.9008141479718,-41.0208618472059,26.9926901582591
-16.7921769229448,-40.7040926288101,26.9535543350459
-16.6341224518667,-40.9225172184757,27.1984241930401
-16.5467445707746,-40.9697373887524,27.0149994779385
-16.3760612897858,-41.0908815162211,26.474532618153
-16.7603606878699,-41.1544912438765,27.4828905962063
-16.7885245124667,-40.9651487070456,27.8018703483446
-16.809041216977,-40.8294496474491,26.9841284431631
-16.654013793219,-41.0901357533996,27.3078419292856
-16.8452812413767,-40.8949801924054,27.3194128683564
-16.9165937132375,-41.3243709432417,27.0804317651782
-16.7636440058629,-41.0817123918396,27.034209721207
-17.0967301376191,-41.1058800408047,26.9225797873282
-16.8237925350458,-41.6459176806518,26.8602661405913
-16.6654891141934,-41.3888253337493,27.5081901253173
-17.2564245401509,-40.8142882167828,27.3414528989487
-16.8647711076786,-40.9060791498393,26.931103600133
-16.4482862851955,-41.4822232833846,27.003639912832
-16.885880380052,-40.3127884744632,26.9615567738013
-16.4137042971257,-41.4102731577604,26.9821542443554
-16.5295753463238,-40.9107915059079,27.1880664837113
-16.7956633747861,-41.0674869099876,26.6296439765205
-17.059627038362,-41.3783820468913,27.1099640534807
-16.3485067149137,-41.151146197655,26.7076071532245
-16.6748927395127,-41.2571862750764,27.0192734401855
-16.5010647495857,-40.3475045783522,27.2517012698865
-16.6884346390804,-41.090715309725,27.0784303495505
-16.4008977897895,-41.1347118684644,27.0489067982144
-16.7654064557362,-41.2296508147962,26.8428491930185
-17.2454187213211,-40.8162482023327,26.6348563794709
-16.8829663418552,-41.1423471074034,27.5348272478261
-16.3587242690447,-41.2016802929233,27.2521630707729
-16.9372410602302,-41.2181982231431,27.075118041048
-16.5467836973716,-41.0290908778075,27.3781886319437
-16.4653820976729,-40.8495220663565,27.1397801099246
-16.5559582912857,-41.383282348076,27.2393941381743
-16.224219999305,-41.5253469409588,26.6427108932585
-16.5966237906403,-40.779741867779,27.0754308159959
-16.9219624858092,-41.6580039596099,27.5937680967498
-16.1431935188371,-41.2527514072589,27.0288523557282
-16.8016528119171,-41.5288168322371,26.8448854360863
-16.8969115879849,-41.4119639878013,26.6109666566245
-16.6156867244158,-41.2281227133976,27.4022793310809
-17.262469058594,-41.1932553098519,27.7372076805316
-17.2751408330283,-41.0171284169765,26.7867753090525
-16.5639231831631,-41.6929886110509,26.6802559342251
-15.9561701373918,-41.2085214169386,27.110797008921
-16.5433728025956,-41.4569008138902,27.6975391355869
-16.9268823145868,-41.3658475540157,26.880734632072
-16.749544785349,-41.075790727244,27.2322697200088
-16.1230269679311,-41.384227201587,26.4348242366974
-16.3870072548018,-41.0295031277465,27.0820201083362
-16.923955709831,-41.5977630110892,27.3325795569539
-16.6845169862956,-41.1514317163342,26.9654589719543
-16.5872461062983,-40.8034918263202,27.1597266769525
-16.8102120356934,-41.4016059030943,27.4030365833946
-16.274819374545,-41.6197753481971,26.9140074152619
-16.8451286498478,-41.1029775139149,27.1237660066057
-16.3750142293666,-40.9246866275185,27.0810228841738
-16.7727775415725,-41.4807723137719,27.7093158443932
-17.1920888321944,-41.3232744824071,27.4126079292726
-16.2101623055444,-41.2934302262028,26.5000263315028
-16.7497754818495,-40.9787741839326,27.2143847847076
-16.4447483919593,-41.0688373695425,27.1917702698062
-16.5715271870244,-41.4915776087602,26.6444341013731
-16.30052156605,-41.2334909748032,26.5753673536288
-16.6478708412397,-41.4497326717886,26.9373928402625
-17.1645017650046,-41.0050944745909,26.7528084117513
-17.0772076660576,-41.5815881506822,27.252775199125
-17.0015029171952,-41.3238661151951,27.1941533953035
-16.9503786372429,-41.5739405571442,27.6116638042006
-16.9192325621825,-40.8296506892171,27.298955119509
-16.6857306131342,-41.184953739158,27.0293317756415
-16.8721836807707,-41.2748681704206,27.0426748897349
-16.7368866992761,-41.4368408438251,27.124790408829
-16.7026087222187,-41.1028001708187,27.3589419832161
-16.8850473536467,-41.3986888625805,27.1995736911196
-16.8675270084654,-41.4769872868162,26.8648527903032
-16.6834233279891,-41.471345448019,27.5062215375016
-16.7338343146967,-41.0499873881352,27.157046231661
-16.6894867880115,-41.0364777360392,26.8365957182741
-16.8755440752391,-41.1607869631745,26.9033279018065
-16.8199721720112,-41.1214239220517,26.6485409281702
-16.3955667262987,-40.9525173615263,27.5286092298485
-16.6488462555,-40.6551716250525,27.6625809355628
-17.1167639872277,-41.518867058918,26.992840527676
-16.9745720724162,-41.3217529193128,27.1117617826227
-16.4208113426581,-41.6701235147072,26.6586293034334
-16.4306295083292,-41.7320176406522,27.3764662120783
-16.3412758171795,-40.8853817439371,27.2092342761598
-16.7543567243416,-41.1562961797836,27.3603157815717
-16.5160823339346,-41.5305573807714,27.0408610228835
-16.1212838126007,-41.4541829877969,26.8241878573162
-16.7355287319032,-41.0502183381011,26.5967612587731
-16.7066712012633,-41.1543050992836,27.9321745231728
-17.0119011936349,-41.798477436946,26.9744497984524
-16.6144765322043,-40.9714019641159,27.525002977921
-16.8385396175222,-41.1770719936848,27.0574850837264
-17.3822259352411,-40.8296939756984,27.3899237869486
-16.5831633695828,-41.5841229875834,26.5936613658639
-16.3155204144399,-41.3583546326231,26.9408532149165
-16.6672667891656,-41.3110799506536,26.8672240695968
-17.2033821816912,-41.078195626303,27.2510418536926
-16.4953907886296,-41.0246437846747,27.3168198611891
-16.6445278052074,-41.7510903246366,26.715499874989
-17.4423217577825,-41.483200733541,26.9271847198904
-16.676864836272,-40.7272219373861,27.0423305033125
-16.8174280295085,-40.4600304308016,27.1227976239822
-16.9988015187461,-41.1638212753295,27.2993732897667
-17.2368300546037,-40.9063374666815,27.3593631248695
-17.0054902207048,-41.5635211067513,27.625975645337
-16.5698547616179,-41.8205520261952,27.127754139648
-16.7035360071885,-41.4791564949595,27.0769926381467
-16.6081569155364,-40.8934991514357,26.9119652534551
-16.8419502081366,-40.9674170906952,26.9851506206634
-16.8384395380862,-41.7587769465112,27.1564882930139
-16.4261661132945,-41.5310933248981,27.0370870027093
-16.4331732871553,-41.0668868000716,27.1566223740184
-16.3347129884207,-40.8702417541595,26.8150860805437
-16.8264697943591,-40.9603641901432,26.8156709090494
-16.3318845922929,-41.1075581685743,26.5004658944253
-16.727134928268,-41.2642367306802,26.9593596116963
-16.7344076755348,-40.8125302910518,26.8575867119941
-16.7066263610343,-41.5222991521722,27.0466213428984
-17.1771732139073,-40.8955724950031,27.2826507364483
-16.4343858232412,-41.1113999747538,27.0494384498499
-17.221970891655,-41.3139559486652,27.3943565302467
-17.082125859607,-41.2875668214382,27.2302885090442
-16.7061652811908,-41.3709694003299,27.0357297228377
-16.4258241333883,-41.3252527122971,26.6432310581914
-16.7578014433332,-40.9098973085525,27.2258414496259
-16.3374675345698,-41.1298315973967,27.0301854853458
-16.9579332666622,-41.1430738233913,27.2570303126805
-16.4504048477113,-41.5857431040623,27.3033459825663
-16.5447237132145,-41.3975010550669,27.0627977556034
-16.7709079662479,-41.0555553688147,27.3146545781189
-17.0776523348003,-40.9916115270453,27.1976512114762
-16.5821229800501,-40.9709816091154,26.9843863087814
-16.7024903190902,-41.4873923989015,27.3923484256735
-16.6616738671077,-40.9618559002488,26.8906065286888
-16.4635988970208,-41.2679052697035,26.6102520698305
-16.3742955505379,-40.9785226979318,27.2888002953471
-16.9348759357215,-41.1367971450417,26.7913058061753
-16.8215766728437,-40.6922699567401,27.1528661224062
-16.9417643850725,-40.6395202113887,26.9119347994246
-16.9249949006807,-41.1944292288403,27.3636391284287
-16.5487775328541,-40.4699230466755,27.0879173363296
-16.5428886634081,-40.366374417667,26.8400145429606
-16.4021608647988,-41.1434674511943,27.6544182168852
-16.4000849918578,-41.4230189959674,27.4075989575314
-16.9963657284025,-41.6466725781872,26.9995818374629
-16.2865010646374,-41.3884364832634,26.9743899049439
-16.4899723106022,-41.2844403625474,26.7610168377202
-16.4245783294783,-41.556154856694,27.3385701144115
-16.2757235708809,-40.8650068159399,26.6682576415633
-16.670519983965,-41.1397733032142,26.9247648416881
-16.6591301210805,-40.871807280764,27.3072289072804
-16.7954466740211,-40.4986406231171,27.2875522180923
-16.7401866901673,-41.3076697423715,27.4205281882315
-16.4362995653779,-41.3785790267531,27.6219309637104
-17.0430799520867,-41.4607818157556,27.6106748090902
-16.7341302944796,-41.5056768068265,26.9010815456165
-17.2509458069654,-40.8583054476656,26.9138212188773
-16.2442747916132,-40.5285243549901,27.1355440251459
-16.7340418818908,-41.2405171899062,27.0696609277339
-16.4470486279361,-40.9794676590295,26.5418934735728
-16.5053579595647,-41.2870691910817,27.2819937803313
-16.5361801131866,-41.4579284850577,27.2826188281943
-16.6366429378097,-41.4074411284325,27.7253240511398
-16.7122982020051,-40.9532147062609,27.0874035262739
-16.8903109012339,-41.6121515612156,26.8765369268212
-16.539326266662,-41.0799506786542,26.8548565456682
-16.4286070622237,-40.9820761934673,27.1267445046849
-16.2216481310797,-40.2388036377571,27.2532381238427
-16.5787735868574,-41.0146578960814,27.5790267517622
-16.8402084032691,-41.2258538876999,27.3706618615191
-16.3924448822404,-41.0331357893429,27.5163411569718
-16.9076264971476,-41.1421564573094,26.9995152099983
-16.4551947656461,-41.0213808917828,27.3421279264822
-16.2939314627116,-40.9936859494869,27.9290298119337
-16.3585156660419,-41.2758615350722,27.2371025246816
-16.2545931427878,-41.1112358289113,26.94802540695
-16.5124562307034,-40.8829346796879,27.0756212609002
-17.0052685576409,-41.1216785205503,26.6636306590522
-16.7205144026203,-40.8935081236243,27.3346002885512
-16.4987860824498,-41.4182970003492,26.3967266012646
-17.1666878926979,-41.3651250006123,26.8912949511135
-16.8934421951739,-41.062619777235,26.6933621517628
-16.623146919397,-41.4607347441883,26.5312547133221
-16.5214542797439,-41.13613253681,26.8950442774303
-16.8967612467764,-40.5792776752952,27.1396911863947
-16.9737116193973,-41.0442273868752,27.3264661592015
-16.773673648542,-41.2668537677047,27.4440951773625
-16.9914488006292,-41.3157524697427,26.6340927447765
-17.1261526516983,-41.1875021315412,27.0937770244949
-16.2944665344349,-40.4433379429936,26.8060844073129
-16.8437958123342,-41.2314257661848,27.24772297574
-16.2024988905822,-41.5580353483536,26.7248127702611
-16.4065527877917,-41.5210638617426,27.161132601968
-16.8108087402291,-41.1706631702284,26.8737768536059
-16.3334383239429,-41.1797106376031,27.4147923681522
-16.2744312810662,-41.4552206724765,27.1250173180707
-16.4219761235607,-40.9886790010906,27.4239763153473
-16.6360103469127,-41.3459368744751,26.926420063206
-16.1706474532909,-40.9023769275677,26.8710893286576
-17.309565877982,-40.9090684076796,26.9062142017146
-16.5548679745134,-40.8584510533464,26.878835020252
-16.8879086509784,-41.3812566397132,27.17012378603
-17.03085263675,-41.2661669206992,26.8399026651739
-16.5930165915572,-40.8246071181066,26.6188496939872
-17.1417467647099,-41.1410163553212,27.3559610454763
-16.7671828226206,-41.4333734221657,27.3473835333599
-17.0391449963293,-40.9912485409078,27.3532097094436
-17.1254095649972,-40.6290300293009,26.7602384602481
-16.8256645306472,-41.0822492949565,26.6535876094761
-16.5891571463934,-41.4288070681011,26.9251004916794
-16.315176735239,-41.0115903468353,27.1266957816904
-16.4949081348238,-41.1975128378521,26.7762131489198
-16.3404453813418,-40.9041703883077,27.0141675946764
-16.388601987268,-40.8788442500148,26.9606537343558
-17.1092593220273,-41.4795199631007,27.5997504302561
-16.2854580290159,-41.2002643889815,26.6512216722254
-16.4682977083923,-41.0705576040775,27.0004661041529
-16.6892972817689,-41.022403258153,27.1034301910993
-16.3176799657604,-40.8620014352138,26.9989308466697
-17.0211612380511,-40.8422772547387,27.3286650887698
-16.9248329883465,-40.8299118764748,26.6885449629297
-16.9963708673036,-40.8970576263224,27.197934010247
-16.3283834473952,-41.2711643724033,27.0058835372565
-17.0068372599139,-41.6710597722645,27.4555090194109
-16.5166178405589,-41.597175759408,27.5006988776658
-16.4544757709251,-41.3088623878379,27.3303978404576
-16.6436966904734,-41.2229128046618,27.1926710444509
-17.1474020481827,-41.7360046852993,27.4428216005348
-16.2210198637192,-40.7145936229588,26.8080482588027
-16.8282908824979,-41.9201983681549,27.1974988651461
-16.5903280617143,-41.4349021190242,26.5762406747588
-16.4661751257007,-41.2151736409019,27.3827559895046
-17.2926387953959,-40.7271906115948,27.0490461681828
-17.0420591363124,-41.1037711855029,26.5351794380619
-16.9072712782637,-41.6191155382136,26.9908725875553
-16.8711387845856,-41.3382694383159,27.276669945343
-16.919334581633,-41.5025180994887,26.7758654207957
-16.802981241411,-41.0719701755532,27.5998773873475
-16.2147785954961,-41.56619747882,27.3464360983442
-16.3742103377179,-41.2986439333446,27.2866136166221
-17.1981014701576,-41.2804906848706,27.0968423931843
-16.25682156361,-41.320068007678,26.85957343899
-17.3037183175466,-40.6395280306453,27.1309788435473
-16.7728703472067,-41.2659566811813,27.299754902761
-17.0314802910208,-41.4312330728142,26.9783375543979
-16.8783381164945,-41.4783730604392,26.7281719336653
-16.4425883811897,-41.2272722571412,27.4679431998492
-17.0440547928092,-40.3794834976874,27.0107809324621
-16.7828219806608,-41.2021544648344,27.3896973188708
-16.6361553475477,-41.315952407098,27.4222449193067
-16.0641890090609,-40.8290111269929,27.2108242952551
-16.568143882066,-41.3778485044381,26.9713251032456
-16.7949219090492,-41.0274498691489,26.9520958224556
-16.7332686026269,-41.6447630276899,27.1014762598925
-16.5997883469071,-41.5665293466384,27.4208283642884
-16.3955157336197,-40.8095689031265,27.521637215014
-16.3983292674749,-41.3715957080092,27.0952275623742
-16.4867181519433,-41.1707506876808,27.0213813133497
-16.6304152012591,-40.7613272849857,26.9912132671207
-16.272029293125,-41.3040630053176,27.372644213476
-16.8643848062253,-41.351607699585,27.0205969173331
-16.8184391531974,-41.0468520164739,27.1816248346704
-17.3253516240492,-40.8134868450987,27.2151089089657
-16.9625416462188,-40.5663642455546,27.4691418399701
-16.7033839557722,-41.0853495972303,27.0844968432714
-16.5182628298963,-41.1645979623095,27.2087814227604
-16.4584759238552,-41.1806297951647,27.2404046845504
-16.1790181280005,-40.8970081910316,27.3947356718972
-16.9844737972326,-41.6151594895612,27.2261701433609
-16.2890681913829,-40.7593611852116,27.4360795230994
-16.5979331479713,-41.3077268450555,27.4274658264149
-16.7299214709589,-41.5459845445711,27.0041886698853
-16.6401098240312,-41.2699871272072,27.3522968616305
-16.0612401692755,-41.1392473916444,27.4123728988643
-17.1646438325085,-40.9544393790052,27.1662221452917
-16.4049675402553,-40.9909171569536,27.1717391586699
-16.8346948808857,-41.4857759685518,26.9786036138372
-17.1227870350998,-40.6284043652453,27.1205943413415
-17.3358982027316,-41.1340051453897,27.1573829080784
-16.6263257057463,-40.7696538205677,26.7364480115825
-16.5462473604386,-41.3392517898068,26.4613777423704
-17.0750434891413,-41.3195246352756,27.6576864895142
-16.7581898650497,-40.8844460345856,26.9093915781357
-16.1750558674954,-41.0297408975908,27.1228299210831
-17.2780643306488,-40.9354422851291,26.5699351524833
-17.4508793476349,-41.319775263106,27.0639739940876
-17.0075837721244,-41.0473434164134,27.0590845278928
-16.9343188119993,-40.8858194040159,26.7620678308197
-16.9288027660352,-40.951950010187,26.8199352632757
-17.1316831083414,-40.9947422490767,27.1572786481431
-16.6572145279002,-41.4219300746555,26.9848987101595
-16.1757908178417,-41.0006503788685,27.0955393868595
-16.5507380048077,-41.5592183410363,27.3048285133167
-16.3788910593109,-40.8963998238541,26.8350539205557
-16.4609653727844,-41.2871970655642,27.0039805105797
-16.7344944806682,-41.2288513486602,27.3794149081953
-16.8802344252431,-41.2528840374338,27.2792499511407
-16.5820397416234,-40.7231967567823,27.0977571785036
-16.621712576946,-41.7221033718587,27.2641712102618
-16.9145585031229,-40.9294769027867,27.0793893373745
-16.6446654815354,-41.5338555453027,26.4585635224627
-17.0768425028764,-41.1850954347662,27.100103017072
-16.9320462886995,-41.1273190216721,27.4689114533182
-16.6647726868613,-41.5356391336221,26.8852444321618
-16.8628075735129,-41.6490443555847,27.4801367036921
-16.7214861736977,-40.8908715570403,26.6480214193702
-16.3919419481866,-41.4533964574025,28.0104148732743
-16.9069743334287,-40.762348907218,27.1116118554091
-16.9912814267352,-41.3256972001263,27.1914622048808
-16.6813663333972,-40.9536591182409,27.3576049541562
-16.8149108921962,-41.0915136333498,27.0922868349715
-16.2248647683667,-41.659521677996,26.9523933051721
-16.7234656041554,-41.00700153177,27.0389978332193
-16.2800216609129,-41.1105140468743,27.1116743354337
-16.7029859707957,-41.2661997754087,26.8776888233478
-16.5042076255632,-41.0562095519775,27.0209346125096
-16.8867731498521,-41.2667105474084,26.9419467087846
-16.2909111330403,-41.0961120212222,27.0571839867209
-16.8017682101642,-40.8294697209857,27.2417019318816
-17.0803276222886,-40.786901586402,27.0363865026459
-16.3390052901267,-41.8359709597788,26.999318274172
-17.0141145876424,-41.0361812170494,26.8782643481822
-17.1054515719802,-41.4582776809552,26.7691650438757
-16.8152384493151,-41.103756761101,26.8246405930715
-16.8877432184667,-40.9763239353528,27.2839254796496
-16.771873480965,-41.2367255613442,26.9575279846754
-16.6696039439875,-41.1722012847108,26.8002528490684
-16.7182111061574,-40.8598874864576,26.9099132459672
-16.1969271723824,-40.8807818821613,27.0675356487109
-16.8853128982542,-40.9254258086055,26.7648189671442
-17.0068743430913,-41.3734233983858,26.8471100189222
-16.7861035970115,-40.9493940384693,27.2774763657217
-17.0099498602428,-41.0396023993881,27.1886031015683
-17.1008800155873,-41.3004978103552,27.6177056981524
-16.977376674972,-41.5324599698356,27.2672313754124
-16.7115113455939,-41.0061045740537,27.44102368051
-16.3001271763854,-40.7277466503359,27.3295178098653
-16.4956413530688,-41.204919976138,26.7622419567365
-16.4788210938985,-41.2256813048705,27.221239629384
-17.1793761700375,-41.724936725478,26.7727903222017
-16.8688299608457,-41.3338082916603,27.8948769438621
-16.7631396536093,-40.7442776807592,27.2862545578886
-16.7520066106257,-41.2233977386029,27.2946747698268
-16.1906494462979,-40.4186683364828,26.8333295522716
-17.1275089269097,-41.4355572266882,27.4720899165342
-16.6663557304276,-41.1412840489853,27.4360953994336
-17.1379486051161,-40.4417558375598,27.5480605576969
-16.8901161711815,-41.4600201315616,26.815585069171
-16.758062683919,-41.0995588856463,27.1226527548329
-16.3274891526224,-41.3783158840321,26.5668787390097
-16.9067325866315,-41.3044617615399,26.7221965967145
-16.6992894301731,-41.2235463869453,27.0596175732201
-16.6782830869521,-41.209504293024,26.9949706903384
-17.0558766883818,-41.3060823146068,27.2692213978192
-16.4088883684666,-41.1602138261051,26.8059739939181
-17.7945463906527,-40.7419428558298,27.5748571062009
-17.058874322859,-40.9754304189734,26.9644019444952
-16.278764397603,-41.2535132339869,27.4998336821262
-17.1837317101782,-41.2650918880537,27.4098595624589
-16.7063899317901,-40.8468559656248,27.171822918602
-16.3731001866383,-41.3346842788609,27.0857620548668
-16.3731876815862,-41.3025336913498,26.9045067653734
-16.5892156573241,-40.9239898839066,27.0400655929102
-16.8984918896318,-40.8829714526569,27.1480539643294
-16.5561102452905,-41.5584729115853,26.6629580243704
-16.6197972268372,-41.3343958950983,27.3699854660013
-16.8982035104847,-41.0081498284976,26.2696710032336
-16.5379253615025,-41.0881877446614,27.1480796928941
-16.356227923916,-41.2829434144196,27.1515557286968
-16.254930719801,-41.3183306005889,27.0839925320305
-16.4281510858331,-41.1395394453977,26.8423849444307
-17.0362962035983,-41.0112595106448,26.7753803598395
-16.8474367144952,-41.0715211866506,27.2975537828941
-16.6323104383959,-41.123806428693,27.9115285593165
-16.608769376963,-41.2980082283052,27.3215482970191
-16.859689522334,-41.0162421888598,26.4694047302484
-16.4876194380697,-41.0345191696314,27.3094514138598
-16.4576652101667,-41.3086828611263,27.3201047386594
-16.5805011028277,-40.4972308430988,26.9313153784608
-16.5343467409885,-41.8243120554873,26.7706018029979
-16.7431199924361,-41.3588854215196,26.8517642075217
-16.6012303157664,-41.3809298545281,27.6619630335246
-16.270674015837,-41.4440051856103,26.9653434014898
-16.8355010536907,-40.4660721687624,27.1634435952976
-16.1170691425134,-40.5257399308601,27.5514004686005
-16.7946912176382,-41.2005962777577,26.8321790891487
-16.9812163487675,-40.6079098814023,27.363677965089
-16.4582888997926,-41.6893024351979,27.2727719056443
-16.9946268696621,-41.0832295025651,26.6699163323866
-16.6170447114411,-41.426750306435,26.6108982667778
-16.49512343738,-41.6603777222091,26.8969382984614
-16.3942494660421,-41.1610125214064,26.787116776097
-16.691531562242,-41.2330805676626,27.1308548259042
-16.4315861544272,-41.061817644404,27.2878507560401
-16.4169589858894,-41.080331907142,26.945516516117
-16.8635756857621,-40.8970211672222,26.6572670295954
-16.4783971280407,-41.1083625240317,27.4201615392761
-16.9911901437733,-40.8988378234582,27.0623348169169
-17.1027976657538,-41.2267534968264,26.7077077753087
-16.2674064736064,-41.3807903020408,26.9503344684909
-16.8055369385648,-41.2209398520371,27.0259636709955
-16.5659331887473,-40.8734590320471,26.8111034537622
-17.069960693632,-41.0238948159248,27.0951686839737
-16.3115933435188,-40.6096872354637,27.1284505721527
-16.5984617634289,-41.3802339736358,27.4449455083581
-16.498882523332,-40.4967719187749,26.9020417178131
-16.5128065847181,-41.111806148673,27.4559269559124
-16.3895426237999,-41.1651089180762,27.3270028453901
-16.6054465203759,-40.8932199789678,26.7774415834919
-15.9032423972325,-41.6847290612948,26.6725956414345
-16.9673169579736,-41.1187274033487,27.0429857689939
-16.8397813326983,-41.6592567248479,26.8409112086762
-16.6039589249127,-41.2412016894214,27.2135189362093
-17.3593658809563,-41.1630044626563,26.5794086446794
-16.2338609666774,-41.5927227490173,26.9351582027223
-16.5041493173463,-41.1606382569467,27.3561615282731
-16.2323234187219,-41.23361064196,26.8228336105124
-16.3242412248127,-40.7898382711961,26.8908365798512
-16.8528448021058,-40.9678011089267,26.9672291224834
-16.1949007398941,-41.3353169472785,26.6290601682007
-16.53295564988,-41.3009862934439,26.7257226619053
-16.6697422504654,-41.2184656050254,27.0111936962456
-16.8015321600683,-40.8354484425192,27.0866442469239
-16.8361647492164,-41.6807810003315,27.5797035576384
-17.0616695189101,-40.8231730901116,27.0911046776589
-16.925049163867,-41.7163955411645,26.8824639285164
-16.412404417275,-41.0448226334179,27.0030672254606
-16.4676519964774,-41.2567199669036,27.1559118694549
-16.704833084679,-40.9135262573684,27.4694985604988
-16.5594581493246,-40.9792178120427,27.0281217881228
-16.6452934136085,-41.1698382945004,26.9797517692249
-16.7200892572884,-40.8587240978485,27.2694279127862
-16.5402882943813,-41.0917082157586,27.1756032068864
-16.9648124805783,-41.0091124451155,27.2364686064417
-16.9723242382529,-41.4274329763396,27.0859312897161
-16.0409874123042,-40.837927566152,26.9288805474451
-16.5676407716598,-41.4554828174197,27.398797916533
-16.3689471692871,-41.2314918539075,27.0482056314969
-16.560249784486,-40.5121749945706,26.9632007615431
-16.8911148407575,-41.1582020252326,26.945245404918
-16.4813358964256,-41.2666180074917,27.6001423064554
-16.3182335809536,-40.8036235611106,27.2581827512588
-16.4778762555493,-40.8275866101857,26.8926410847572
-16.3858389568703,-41.4706653186691,26.7516227754778
-16.4680837560102,-41.3665172019952,27.4006722662703
-16.7566790535329,-41.0538084794071,27.7562616921094
-16.7556558535695,-41.1977397518456,27.1705399309135
-16.3554475036129,-41.203333634228,26.9648869534055
-16.5886419706238,-40.6983127093627,26.9383879801294
-16.6707697470454,-41.2373843263792,27.2863333923962
-16.8119922776045,-41.1315740754738,27.0130162759255
-16.4178981119572,-41.2916596656926,27.0413455480625
-16.6130996039088,-40.9192705844784,26.9103400466737
-16.659575041173,-41.3077952001616,27.05426444044
-16.8490633654647,-40.3186121737058,27.236776157162
-16.4461435234556,-41.3782281693722,26.9694566360578
-16.9725774342264,-41.3537906260308,26.8081985204574
-16.6736997072102,-40.9987914406214,26.9926527885871
-16.8943169315625,-41.2890073136313,26.743026542
-16.5003668300947,-40.9601515392764,26.733324775319
-16.408200192149,-41.3160641311488,27.8035616143416
-16.8765391059481,-41.1205831330329,26.9239220643257
-16.5598090426429,-41.2356244892035,27.3246281409716
-16.4452753155558,-40.8578491923011,26.932825577128
-16.6687013875481,-41.3011255147682,27.1479384479871
-15.9676840152781,-41.782422529119,26.6201438583029
-16.3631078372075,-41.3231022950147,27.1966103660748
-16.7518208153889,-41.224657862449,27.1451419966928
-16.5016085577596,-41.4804935443165,26.6592641721868
-16.2573014022097,-41.2338761737965,27.3381423264377
-16.4840871744848,-41.2889525912704,27.4154793437783
-16.7352267056189,-41.1750625443453,27.4250756152219
-16.5025103817581,-41.0664448922389,27.0125643192239
-16.6222485076983,-41.5159223579397,26.8130027736902
-16.9176605781346,-40.6762646074153,27.0910605351479
-16.5807017733122,-41.5698024613372,27.0017898508273
-16.8637775440851,-40.920962808862,27.4098471400705
-16.460181012981,-41.1193842815024,27.4880847532929
-16.6645700632288,-40.7825572418166,27.1345376843238
-16.7056604757063,-41.2067347933794,27.4257733042735
-16.4274262461862,-41.3750370024979,27.4428780894815
-16.6001888181198,-41.4479944346696,27.5699040852796
-16.9880530329569,-40.965988478903,27.2723063553942
-16.6775429125216,-41.0533722332369,26.6966336613245
-16.3857300195297,-41.8012705409221,26.9145444595601
-16.2028651954198,-41.1760345057132,27.0492863577295
-17.0158858034963,-40.2159153434983,26.8485056698698
-16.7358936796408,-41.2743475021799,27.3201003912807
-16.7185565164831,-41.5758831064904,27.155835455022
-16.6605839623567,-40.9366437703206,26.7890000074895
-16.6282802765702,-40.8826935199563,27.3899636034013
-16.9802866720662,-40.8534343636361,27.2500280632261
-16.5430562966643,-40.7636680929931,27.2011608579258
-16.7482033400533,-41.2545182426639,27.1098346064232
-16.6861417476134,-41.1085372935393,27.9033321457673
-16.4385054394001,-41.3025646379644,26.3005666336588
-16.6420627764869,-41.0613323808839,27.1333526261624
-16.2756475186537,-41.0502005124903,26.7668397024407
-16.8665646622461,-41.0898081011009,27.2238915555097
-16.7426011442324,-41.3049591228463,26.946974848129
-16.5589786283708,-41.0591692833189,26.7680027326291
-16.4843347906496,-41.0378707664588,26.9939016447837
-17.7386386854553,-41.3426392149475,26.9150699315352
-16.8173219096492,-41.1495342442266,26.6332885879519
-16.627138354243,-41.2466136313824,27.1726032304069
-16.3608978722498,-40.8257987658643,27.0612935028975
-16.3843053191609,-41.0235351295341,26.9899800372946
-16.5783618227823,-41.2390801614729,26.8531185012666
-16.7071033759741,-41.653924080259,27.3670425842795
-16.853959585897,-41.0242409224651,26.9669979089413
-16.8919045402826,-40.648929805228,26.808602957798
-17.59831927804,-41.5319248068539,26.6726605061732
-17.2421696994626,-41.6826111272988,27.2570481926342
-16.570247361288,-41.5632025328137,27.1155642591588
-16.4657042303572,-41.6652817191086,27.4071201315277
-17.1332617224381,-41.373012734072,26.921302327429
-16.3758014848548,-41.0286469078354,27.0192042220839
-16.7584185483959,-41.1790669161693,26.8034022311798
-16.800887567481,-41.6660969499773,27.3487624774542
-16.9489306891081,-41.2552932853314,27.227183982298
-17.1033907150764,-40.9009793110698,27.2702300863885
-16.6875909279878,-41.5555246553585,26.8658673393158
-16.7985670493508,-41.3516483729514,27.2082353418799
-17.4172863244036,-41.0873719115713,27.0105430247722
-16.3217500203168,-40.9292225011008,27.4836734383976
-17.0820698630953,-41.0283474027773,26.7211061788478
-16.5983963154136,-40.7307019253052,27.4160674276125
-16.5911315909705,-41.0815051960572,27.460051505429
-17.0890342036849,-41.5557955822266,27.3467425017362
-16.41604462505,-41.4018877661001,27.0491077099752
-16.6942256252235,-41.2120265562358,27.236045938403
-17.2102006616057,-41.2646820783395,27.2609226643203
-16.6530875882008,-40.9120123226299,26.6206234349008
-16.3883226918012,-40.9161822274731,26.9606350089477
-16.8523784676084,-41.0336532040169,27.5111957921147
-17.2306582940883,-41.048995446054,26.9571175002209
-16.4302187149106,-40.9478894739113,27.4535622157906
-16.4694402039449,-41.3936611074556,27.0519605905523
-16.8133132671239,-40.4607837902772,27.1960803745725
-16.9758778819593,-41.0794804477259,26.8470585140637
-16.899593233567,-41.2712683414696,27.3193024912225
-16.3348698156608,-41.0962422253067,26.7852070145351
-16.8383445781513,-41.1157601828694,26.874720965441
-17.0809322798405,-41.9658080433718,27.2730360155191
-16.5100928739048,-41.0986332479105,27.1128460795934
-16.483529739493,-41.0524838279343,27.5475849381044
-15.8269645981507,-41.5980953904538,27.1722986949598
-16.570747309636,-41.1791880923249,27.1186526770313
-16.9064424779404,-40.9691512344812,27.2127489514393
-16.7905309074928,-41.48006126124,26.3307985603592
-16.805830087648,-41.1433676527796,27.1950975978413
-16.7301461397613,-40.5658726471751,26.8957952710941
-16.8215904072198,-40.7560862171997,27.2785810122828
-16.6569420889749,-40.9638398504356,26.1919288165728
-16.5762287845727,-41.515301613521,27.2648314538419
-16.9399398187476,-40.6462181855386,26.7636182471051
-16.7386341236148,-41.0706315669467,27.0596581602882
-16.6532525649514,-41.3294486934906,27.2454801057766
-17.2018255042122,-41.5036993575587,27.7650250728011
-16.9711091838516,-40.9320350305236,27.2130773193111
-16.8946461298793,-41.559968722706,27.1466765084671
-16.5385289998459,-41.3069320607798,26.9912151408795
-16.3915378233172,-41.3850467579623,27.3083311680909
-16.774815208125,-41.5792768990189,26.6279702887692
-16.375303686075,-41.3711790796415,26.729371197063
-16.6370514857208,-41.2176976834574,27.3768395635745
-16.4252738809929,-41.3054915996098,27.1778591137353
-16.6908477625413,-40.6398267349041,26.8531191824177
-16.4549935188892,-40.7503880960812,27.3632115221192
-16.8670111331121,-41.1162702745501,26.804504136237
-16.3381791711216,-41.3522126540018,26.584169590872
-16.4571551473652,-41.406382508674,27.1829416091731
-16.8615514991015,-41.5039221711745,27.3350076807256
-16.7192500987484,-40.8297517796935,27.3279958468924
-16.8847075712576,-41.2029647656669,27.0922778804382
-16.8258272074476,-41.2604186849974,27.1369836407616
-16.665415293914,-40.9911005731682,26.9726267798876
-16.8622899019968,-41.028001818732,27.1080137940807
-16.268991191815,-40.9792790727534,26.8246893002558
-16.1158063983368,-41.5254626451562,27.1704707763807
-16.7782386567225,-41.372457103362,26.9465930659718
-16.875069305024,-41.0909156803096,26.8992939557589
-17.3624768745815,-41.3890555163118,26.8221539355794
-16.9452579120632,-41.7064569583459,26.9044343153149
-17.0420868042348,-40.9247402648274,26.8168512166663
-16.2797352991329,-41.2969004423749,27.1047159618957
-16.9678673968443,-41.3117998834077,27.1698461154696
-16.1099722837599,-40.4471198457802,27.257124118933
-16.7882748029059,-41.4530863142184,26.9501746367557
-16.4470243943877,-41.2465603499943,26.9421135308628
-16.4878328155382,-41.7076504027188,27.1036270793451
-16.9975425598984,-41.4800230944903,27.3905080826384
-17.1041785627319,-40.9158021843872,27.0506844643813
-16.888687307308,-41.4422331116841,26.8099179910485
-16.7041750864213,-41.3765586211612,27.4914363725186
-16.3899337819474,-40.7419880247541,26.566833651498
-16.7332959096314,-41.3532465278911,27.2062399372113
-16.4746364571417,-40.809636219699,26.9329806319338
-16.9666614960697,-41.2464066887651,27.1247027254481
-16.5889771984562,-41.6485108474195,27.0801443426071
-16.4865271910577,-40.7824050961359,27.2184836392692
-16.1438682193192,-41.2149055985715,26.8614737723646
-16.8015247502053,-41.1186086952606,26.7602896779311
-16.0834542600693,-41.076692040287,26.7989181077017
-16.1786051120019,-41.9210041462996,27.1693737910844
-16.5593410382629,-40.7804915809447,26.7514642099489
-16.4020465922209,-41.1513322642088,26.7658882855971
-16.9981047898567,-41.0004655005466,26.7399742196299
-16.4766427070542,-41.3313295062386,27.1690578787733
-16.6522428323982,-41.2309121706399,27.0214363459574
-16.8454543608355,-40.8352579885097,27.3314060775185
-17.0978586121187,-41.1453967703982,26.6497922818033
-16.6595474133333,-40.8188608202738,27.3597652363506
-16.9752875576723,-41.6307980289255,27.0629160523954
-16.5593268663229,-40.6962604224095,26.8337258114314
-16.5690988247881,-41.1900044129105,26.9639047598469
-16.4544563328064,-41.2860196839112,27.0382611744545
-16.3819933052125,-41.0238130503688,27.3477522385176
-16.2881570492894,-41.6075518649711,27.1712658334119
-16.9189676018437,-41.3463604143269,27.1480978181817
-16.5454514971613,-40.3537588377891,27.7426240969385
-16.550505746358,-41.0122359724074,26.9951575223301
-16.4249519223774,-41.1305643962699,27.1047504899747
-16.417590697505,-40.7372770218603,27.279244252896
-16.4850615569134,-41.0111740503116,27.4055970092167
-16.7965567255875,-41.53905318948,27.5948466622015
-16.8383769497308,-41.3441726869122,26.8889917148932
-16.1191944418412,-41.7071568686656,27.0203022954324
-16.3556204870688,-41.2183419670397,26.9239183958701
-16.9087328118704,-40.9339609223057,27.2039050581178
-16.6407393550048,-41.1984834968651,26.6727701471738
-16.5019621246338,-41.2499469975668,27.5610280072378
-16.2851514076075,-41.5637803900734,27.5240433927588
-16.3556764979995,-41.1002895398391,27.271990812034
-16.3776306004612,-40.8723432383039,27.1314733737935
-16.4372972276751,-40.9933088336828,27.3326248551651
-16.4823876499426,-41.4183267605589,26.7205744328556
-16.6605458346591,-41.2308026664415,26.6565661642042
-16.8018953660843,-41.4824926539522,26.5119584780714
-16.3555620168501,-40.9345532415459,27.0444496690446
-16.8645710214973,-41.3756003806921,27.3984737556652
-16.8202151735391,-40.912940742216,27.2708501446015
-16.7999848889066,-41.6083292119765,26.7133454821591
-16.6846285109944,-41.0725714970152,27.7590883439965
-16.3500587085884,-41.1014119744899,26.8362530294503
-16.650522165373,-41.6587875973915,27.1831296875601
-16.3654232654024,-40.7675737911075,27.1770196450836
-16.5202326911132,-41.8166892991402,27.0477149996704
-16.8118788751081,-40.8436244799572,27.1348475501433
-16.5730991548227,-41.2895688391668,26.9321477354044
-17.3546649311786,-41.3001035278721,27.2187670504186
-16.5780108038107,-40.9965127702304,27.1986449519985
-16.9997302321235,-41.0809107371699,27.0026892483309
-16.7972769894791,-41.5758948312605,27.2516695786781
-16.1971682703806,-40.8734572401964,27.6495649548648
-16.4350080597886,-41.3233805359775,26.9701727195242
-16.4215809662458,-41.5251451486043,27.2763661654658
-16.7794774188228,-41.1130809205631,27.1406717628096
-16.8818723155729,-41.0163477042101,27.125958642869
-16.6515720507947,-41.1057734246895,27.2294989551363
-16.7627461437799,-41.2465469702805,27.240015632367
-16.2564770840722,-41.2679522109498,26.486244396337
-16.7358568363087,-40.7754359597124,26.7025014699187
-16.1623251517449,-41.0533489743848,27.2635832699286
-16.1645127641759,-41.5402264659381,26.8288127642311
-16.7403755662903,-41.7799537890038,27.4622369182454
-16.7797200922202,-41.014736969954,26.8852615974514
-16.8580960234072,-41.059776800789,27.4146109360412
-16.8552599861468,-41.5274695244338,26.9685431166804
-17.0856088696174,-41.4021694618359,26.7713685180881
-16.8488522251984,-41.1512063388009,27.0323030136793
-17.1429644287303,-41.038654948776,26.8676154806904
-16.8764690110123,-41.7724653270118,27.2579102802177
-16.5256478169985,-41.4573161279772,27.0421050823641
-16.0713607482805,-41.6504328237413,27.0090958256291
-17.4460606899981,-41.364297098281,26.6947879178412
-16.589114985942,-41.5851043022175,26.7240395945251
-16.7928161480571,-40.8002878434247,27.0491744497212
-16.3496395928695,-40.7271736043666,27.3544115209154
-16.738576465554,-41.0490953272677,27.0712043888014
-16.5625690045022,-40.8599669069035,27.3191497828108
-16.691349640753,-41.3311335690153,27.2118726412001
-16.8693888749049,-41.5583953826057,27.2513918678131
-16.7953635992535,-40.8856080335803,27.360034070165
-16.9510516448262,-41.0241968520684,27.2177002978302
-17.0084754501498,-41.292418277332,26.9353534188178
-16.5595393411574,-41.1882381057166,26.6467292367368
-17.1181452278584,-40.9201212761626,27.008876236306
-16.950852830564,-40.8165015525638,27.488225168542
-16.1975298075388,-41.3265509960334,27.2070136117222
-17.0205809454253,-41.4813602557788,26.9237990122246
-16.7058837944004,-41.1702610088256,26.8825521621984
-16.8283279755373,-40.7434913620849,26.9597064978305
-16.6909644714852,-40.9744394236341,27.432672587542
-16.3627763991714,-40.7230113448285,26.5459756933845
-16.8572944971095,-40.7869784073131,26.4772681761786
-16.6206442822629,-40.7463476804934,26.9455651773746
-17.0145617005272,-41.5556211612142,26.6484019077054
-17.0777446571809,-40.8330129055905,26.8354443920347
-16.6027209985032,-41.2355945543773,27.3096498142633
-16.6378938315048,-40.7816481163667,26.828196541158
-16.7212551367447,-41.187263681241,26.8899799411605
-16.5481041250232,-40.8295469449498,27.0192679751036
-16.5302505855958,-40.5163499309156,27.5157923466068
-16.9926295662406,-41.1794232855001,26.1586830702201
-16.0078958748194,-40.7986488869451,26.9333860864597
-17.1003436247661,-41.5318138071192,27.4173329569062
-16.6040720296147,-40.9368779696271,27.2742259397754
-16.7996441788185,-41.1781102160191,26.973155085167
-17.0052280138435,-40.5963216147311,26.7562848077462
-16.5238957915672,-40.6055197475129,26.4881287283525
-16.663268507258,-41.2442751045653,27.067251864726
-16.3457798976141,-40.7901789650165,27.4770473348036
-16.634989929965,-41.2483396988088,26.7446351741143
-16.0878932477275,-40.9659640636107,27.0880083277796
-16.3396257315407,-40.7443905928075,27.1763900462125
-16.3655686490059,-41.260014792167,27.0152544419459
-17.0938089957533,-41.545562910379,27.2972403040616
-16.2226142371058,-41.220979727517,26.7717754188864
-16.2914350180582,-41.5888131835426,27.1231138279863
-16.827025985066,-41.2854037177984,26.9759092699761
-16.2855560612674,-41.1849374601112,27.3166686067273
-16.9855301235231,-40.8185518238538,26.6559631943173
-16.7530710239002,-41.0637119488229,27.7826036468825
-16.8129185244267,-41.1899303021634,27.1410881084736
-17.1216957481577,-41.2746640183037,27.3527157706755
-16.6073923540956,-41.0450945914701,27.0110894670602
-16.874066636433,-41.1769204156356,26.8698007980619
-16.9515466992363,-40.8623532640613,26.9328029296036
-16.6444131245269,-41.3654026897365,26.9921371802246
-15.7452197497171,-41.2657665304144,27.3306141892776
-16.1020522038284,-41.0842932421239,27.4339992072961
-17.0505400112647,-40.7277199989154,26.8529193451726
-16.4794385365348,-40.7602536811611,27.7057068580797
-16.052882306334,-41.2662033686558,27.5683048681278
-16.6691028890548,-40.8280999301733,26.6648294331048
-16.3014045455502,-41.0405187967227,27.1754405169596
-16.2294564135614,-40.918747447121,26.9600441610653
-17.3645381109199,-41.2001868227419,26.8756125201682
-16.5353789735992,-41.5985127994887,26.8853197276614
-16.9497877792381,-41.2871596711645,27.4133582884628
-16.7064844817723,-40.9455984298245,27.0819092888666
-16.9700637724227,-40.9778658446818,26.7382595986031
-16.7459340449886,-40.6282037145064,27.2270491087576
-16.614915710443,-41.2040688989312,27.1529461691749
-16.4958663705248,-41.5124969711137,27.1711700071074
-16.9578842457944,-41.2961830619445,26.9424858033145
-16.8689353311697,-41.4888327116498,27.1388289113542
-17.068501181662,-41.362886105566,27.7050095865943
-17.4119640612095,-40.9025476539533,27.1428414976973
-16.7220608125943,-41.0587041139025,27.0707604886757
-16.455579439388,-41.3059690864768,26.9789973851809
-16.9933540030808,-41.497370766282,27.4460776750719
-16.633916237716,-40.9190506505761,27.0783949182495
-16.9725197613776,-41.371076589898,26.7310749746271
-16.9749279750217,-41.1500977189202,26.7704126871141
-17.0103541576186,-41.4304441460574,27.3105345918576
-16.0238768411698,-41.1601280532063,26.92748076177
-16.9509474671222,-41.4831785736668,27.2103841047051
-17.1218018805422,-40.5099295281521,27.7203601210405
-16.2805297525398,-41.099763376276,27.9533028036295
-16.7236613259893,-40.9318273792296,27.1279879398588
-16.7613651671215,-41.3427974411723,27.0424842007919
-16.8884325172795,-41.2128738417444,27.3059583404972
-16.4248501060333,-41.0587074946538,26.4266962654157
-16.5024632656341,-41.5818117000053,27.3191975390459
-16.9469166232749,-41.4334768876454,26.9451144503683
-16.7755564595517,-41.1431717259961,27.2599247549897
-17.2634249513783,-40.9418139134671,26.8959833959409
-16.6169266906194,-40.7819667704619,27.6640329392786
-16.3857103553338,-41.3490458098764,27.3321070000921
-16.7827326554159,-41.3820919217885,27.1244324124854
-16.4699879883358,-41.1208285045028,27.1012184372789
-16.3361478606184,-41.3613516834324,26.7176494458605
-17.3268605204778,-40.4270443258509,26.8799809577028
-17.1533549486614,-41.0214177884983,27.1544989657407
-16.4895048446983,-40.3386473911125,27.6092158942655
-17.1769738352583,-41.3755042345943,26.752740525566
-16.7955915273737,-41.4960159665045,27.0226154980628
-16.4082540105577,-41.5835875869165,26.6062948274656
-16.8914213648659,-41.2925409508228,26.6255408747504
-17.4104821225744,-41.6426638133269,26.8878835597643
-16.3797490412316,-41.0017257768544,26.7212114752872
-16.7072116657641,-40.7873388219134,27.1879496361341
-16.8871232498891,-41.0787405511999,27.3391460078314
-16.4954924095494,-41.4550222328195,27.2829587168086
-16.611668580499,-41.0721078674765,27.2492932442532
-16.9570837136572,-40.9969605634398,27.2719813452721
-16.6038461071205,-41.197670480542,26.7427344501731
-16.6068680507807,-41.1971151615911,26.9689549077054
-16.4847496895575,-40.8665744779002,26.7422355925887
-16.7777055578872,-41.0926743025502,26.6928562459605
-16.9795395616608,-41.8354936576431,27.0071319673017
-16.6807857295957,-41.1973761408798,26.8451280020109
-16.6617827030426,-40.595504626851,27.9019142828922
-16.5845537428175,-40.9977513528485,26.9354003659633
-16.5513885916938,-41.1115329544948,27.343001135262
-17.0545468614324,-41.4014590223062,27.061207075537
-16.5444006248826,-40.7910417757342,27.0193662498211
-16.9321934041903,-41.5726435354088,27.366739686937
-16.536069888409,-41.0250886955243,26.742480375542
-16.0928019162429,-41.1487825391412,26.56256602157
-17.0777595082962,-41.1304575282825,26.8507760737818
-16.4615624260713,-41.0610898138012,27.317541040263
-16.5729110283201,-40.7265252081283,26.7734071087281
-16.9969261943656,-40.8370901363406,27.0488134672316
-16.5899142821845,-40.9667007511521,27.0260086244577
-16.5318706647019,-41.652282616971,26.7935101210557
-17.1101772091323,-41.2983191265024,27.0054690832819
-16.5723141104181,-41.5404947059282,26.8209605087042
-16.5156060367559,-41.1039492823987,27.164497689547
-16.7208482386752,-41.3199778665747,26.753363242441
-16.9729980075939,-41.1694493525394,27.1570722499693
-16.8747879298939,-41.2835562159085,26.7206677842045
-16.8025295974772,-40.596162494662,26.9199048513154
-16.8636105495917,-41.1521900539304,26.8523032412831
-16.8479918193635,-41.347637744197,27.3988423282271
-16.8707620699077,-41.5505772130811,27.1758760532293
-16.7563372229706,-41.6650005491913,26.7239033001026
-16.2425686460286,-40.9779584166171,27.4228029544558
-16.2723232265457,-41.5236058107282,27.0886283719101
-16.6494705740512,-41.2247386779708,27.0504347024016
-16.7437012388328,-41.153273433588,27.344785779853
-16.8655935091692,-41.2674563168285,27.0355521117625
-16.4476993147739,-41.1460251970923,27.0221929147261
-16.514790653497,-41.2899693468027,26.75466759958
-17.0678567538662,-41.4133419476007,27.1160173910243
-16.6310222619682,-40.7366518522166,27.5783144195565
-16.7633567646805,-41.3134234855795,26.9407054036546
-17.0942962988554,-40.968111514423,26.7956753223287
-16.9967176203884,-41.1611359467965,27.1400545004349
-16.7915029262136,-40.6854897000518,26.4497877713607
-16.5958959720936,-41.1416121710944,26.458211284754
-16.8537619765275,-41.2148916181409,26.8433875792871
-16.8331201652674,-40.9451691821065,27.3691753000424
-16.4376239246523,-40.4590649375714,26.7426763085884
-16.3155381685932,-41.2679537391057,26.779723958121
-16.7675328104247,-40.9917442225514,27.0752246075744
-16.6689643261757,-41.4286450043524,27.097478093943
-16.6136591975419,-41.0656930455944,27.1010433426429
-16.9652188141543,-40.9017833883132,26.8166864513004
-16.9437570311233,-41.573111331995,27.1341652192716
-16.8671020552602,-41.4314907661641,27.0581443350803
-16.8439900766021,-41.1049563363653,26.9011278118077
-16.4247384459171,-41.4741237418752,27.0769751876376
-16.9137406797068,-41.3552676104415,27.3610589226497
-16.774548603247,-40.7531411502243,26.7547270890664
-16.9983218692658,-41.1556235427388,27.318399069767
-16.4548728728998,-41.282379521267,26.9407691242156
-16.6343959344988,-41.9911927626439,27.0336306115517
-16.3219067422158,-41.2550491628315,26.1134295346207
-16.6295765959044,-41.492161339396,27.3459165451336
-16.7941721302955,-41.4832154420661,26.6599711264016
-17.0838572642628,-41.4328954126064,27.131397392503
-16.7718664802622,-41.1454275675652,27.1936806683124
-16.5960432403025,-41.4171823216533,27.1727675566817
-15.9419920690308,-41.1371253066279,27.2894088263105
-16.1598063759788,-40.6257203126619,27.1450669957947
-16.7709146167729,-41.2587949925743,26.7730373415828
-16.6085141698128,-42.0669934772383,26.9634623444214
-16.870029178652,-41.8057763712975,27.0990399818135
-16.8309757701725,-41.7006688600982,27.4543282413248
-16.3883378698468,-41.0143070658256,27.0767724034694
-16.5690592376856,-40.7494194310515,27.224648279587
-16.5643847585153,-41.2671873344002,27.1275904865738
-16.9455484649386,-41.4462599404362,27.2619572755164
-16.8310176884426,-41.1522025351977,27.0733323243106
-15.8813418636972,-41.7214206435405,27.2997113892571
-16.7862759232188,-41.4878623712411,27.40016416687
-16.7920273551206,-40.8298313457147,27.3865836310733
-16.434186976889,-41.4985890540659,26.8452800234644
-16.9303925910949,-40.6797278970014,26.8223001224274
-16.6017393756783,-40.3863320356424,26.4055481578125
-16.5269818342155,-41.1606367165862,27.2903933576997
-17.0296962276987,-41.5053619834395,26.9879504084223
-16.9731150223841,-41.6308778450916,27.1396702508243
-16.4242629945322,-41.3050994723853,26.9247377513578
-16.1777967442203,-41.3415436539567,27.126257487569
-16.2912753785975,-41.2188580684472,26.8306776044011
-16.5666753835636,-41.2219921610652,26.8723981818777
-17.183857736303,-40.6964221388582,26.9223261930805
-16.52677824739,-41.2930399627353,27.3631332949549
-16.8182203603569,-40.7543113262515,27.1358008714996
-17.1546991983982,-40.820518066883,26.7482088918428
-17.1292364717663,-41.631673500209,27.0580972014449
-16.2247072057283,-40.7472542337063,27.0139227423907
-16.5801822925539,-41.2651297656659,27.2018898558775
-15.9630064697242,-40.4034749301992,27.2932710447224
-17.0345226275536,-41.2179129680996,27.3930520320286
-16.8385998597399,-41.2854307750253,27.0678166627114
-16.2531756271396,-41.1052628414646,26.379979777901
-16.3747293322938,-42.0780575571714,27.3644194440226
-16.7667907463329,-41.1898401759365,27.1090897497073
-16.5146691460485,-40.8271699649309,27.2036612356478
-16.1705267253892,-41.398762814395,26.9432897742935
-16.7763293807089,-40.906394871603,26.9787107445325
-16.3129000685973,-41.7017836930788,27.6708336196753
-16.8477012105414,-41.1691963764054,27.016765797173
-17.2011939292929,-41.2239322182361,26.8772525829893
-17.1017926749408,-40.6527177278761,27.0792642528565
-16.4373199587789,-41.2968302479217,27.0413102038682
-17.0405057239952,-41.26711308975,27.2222536122337
-16.057241149609,-41.6199838998757,26.9805033418822
-16.7125657217219,-41.6191198847878,27.6173577489936
-16.857701052886,-41.1015171015356,26.6236604737897
-17.0505732448688,-41.5288359456297,26.4924098709401
-16.4774943325387,-41.8073274077313,27.0187346120199
-16.7819901831159,-41.5307192244618,26.4096025079105
-16.4246860391687,-41.3193531097656,27.8066342101012
-16.9370609923804,-41.0900362025947,26.4423644649755
-16.7911551188009,-41.2750970829441,27.3797613969104
-16.6523135433488,-41.4890036341561,26.9016432547226
-16.7429271772144,-41.1687274516964,27.1970712438095
-16.3711835022228,-41.0888571295932,27.3246976074603
-16.4372919046276,-41.0995267060226,27.1608082054698
-16.5980411095252,-40.707496602842,27.0743332280513
-15.9903515905931,-41.4084372603955,26.7573817868819
-16.8478387803241,-40.7869992633708,26.9857083705553
-17.0513633311271,-41.1614886926601,27.1848989124315
-16.6593766080502,-41.0119684057094,27.6891194976221
-16.7173498156808,-41.115416331748,27.7047193310136
-16.6298490650254,-41.3223566881716,27.0853155638119
-16.3846138198603,-41.4809087762483,27.203412522166
-16.8526447792754,-41.2535185777126,26.8381539196557
-16.615276428576,-41.3193204337495,27.0166758387696
-16.6590565946721,-41.4792557766996,27.2338951123974
-16.5184547796842,-41.0457241064269,27.2011001485232
-16.7632026176247,-41.2444333532381,27.0681274537156
-16.7644356445186,-41.2480529855379,26.8529418564568
-16.9306516591491,-40.9993786727235,27.1733920506432
-17.1108016496046,-41.5235587667191,27.7179353089335
-16.5740738466171,-40.6369256391109,26.7627787106559
-16.7157504549184,-41.0312653467657,26.9566025138809
-16.7992585159817,-41.3615323994217,27.3236276741577
-16.6787996039186,-41.0924885321292,26.8858084929277
-16.5172533528,-40.6636643070438,26.5904762491574
-16.7427013174053,-41.1148878198691,26.7671635068965
-16.5197192525522,-41.1391680571753,27.3228074495181
-16.8612581502637,-41.2417455850738,26.8493372607087
-17.1652365446163,-41.2530164476229,27.6517855780399
-16.7414098319777,-41.2119797751113,27.0092260408541
-16.8524969525036,-40.5701893489787,27.0008911309717
-16.4314581586249,-41.2462353315808,26.6618587373511
-16.7776182456596,-41.1887604541391,26.761961988192
-16.4680160457325,-41.4547752908911,27.0888404551912
-17.0457469430189,-40.9153187134132,26.5969807040723
-16.7249821270306,-41.1662747946359,27.467785301624
-16.7616171249701,-40.9655853246939,27.4946223227456
-16.5371138260182,-41.1001069795499,27.1493428951892
-16.9747760027888,-40.9105607395109,26.9916276929335
-16.8583714769909,-40.6904921560338,26.9555818244633
-17.2078854824988,-41.681887679324,27.0137104437021
-16.4976523120822,-41.4998947387557,27.3361609980793
-17.0707402472816,-41.0064818440549,27.4293582641621
-16.8087274235608,-40.8766517899049,26.5962005441263
-16.7023626832358,-41.2237255008666,27.1114034452786
-16.3478621201031,-40.981132077106,26.9310937481744
-16.4658256059119,-40.9888587856865,26.9381978483365
-16.7573125922793,-40.998022709414,27.0661416199962
-16.9350771476827,-41.5205032983032,27.0116121594976
-16.6522260391601,-41.5513277298453,27.0064426204995
-16.8451023712247,-40.9172574516125,26.8424498174381
-16.2016520319934,-41.0103393175001,26.5068931971805
-17.0195084543612,-40.9648902131137,27.1001075728332
-16.4843585885576,-40.5479619355039,27.4702592719372
-16.4717357102045,-41.0099111435991,27.6211292566438
-16.4114076424037,-41.2668226018245,27.133660110071
-16.7596300576786,-40.9436327326427,27.0173176820754
-17.083451754102,-40.8955607436719,27.5844805648829
-16.3728952423109,-41.5099923210379,27.2470237618865
-16.6449666260308,-41.2053604468603,26.4303818066877
-16.4478686621267,-40.9578158410055,26.9696204176092
-16.7912710155978,-41.6414708202555,26.7364762475533
-16.1567660452077,-41.4213156061899,26.9750126909111
-16.5617131235643,-41.3700147987474,26.7941276846685
-16.5796515394511,-41.2038824739482,27.867912849007
-16.6123645447337,-40.9441539408103,27.2046627781083
-17.040586849353,-41.1046919386174,27.6690009102232
-16.8384894383947,-41.0983225329724,26.7232324263895
-16.223149700086,-41.1971270608903,27.6531334297678
-16.4554706567851,-41.136606660107,27.8585649550999
-16.4903364598214,-41.3271417946991,27.3480529766272
-16.2948043880749,-40.7654035599552,26.7861970496819
-17.1054500902258,-41.1275843005352,26.4626125610309
-17.0024736716916,-41.3023156689019,27.5565726061083
-16.9213244715011,-40.73055496517,27.1255423978796
-16.4589033974384,-41.7509224157331,26.9355620178112
-16.6900775311758,-41.1176743080543,27.0372657681121
-16.9737608409856,-40.5510881444968,26.9258842052081
-17.165748281934,-40.9084861026726,26.6754424375303
-16.6627905868612,-41.2023572665165,27.1422132909132
-16.6527540352699,-41.0561992865711,26.7547424617996
-16.4143187442237,-41.1012707794748,26.8322739986999
-16.3316352070563,-40.7274355315854,27.4200624640015
-16.7550147351001,-41.0442804527254,27.1924957800474
-16.7963521136212,-41.4395985712728,27.3946156348107
-16.1136711520872,-41.0919543812767,26.9537445724383
-16.5338759653363,-41.4811496546382,27.1557786302666
-17.0202542099535,-40.9809907105908,27.2422636586319
-17.1151398189252,-41.659567835175,26.8553914020583
-16.9804976484685,-40.5554813334524,26.5987450990655
-16.5991012753131,-41.15648014658,26.7566035087386
-16.1402085866692,-41.1867734129907,26.8600356726955
-16.4092461360322,-40.7223805225666,26.7251329289959
-16.2679874490254,-41.2088342801678,26.8275464088943
-16.5276768845035,-41.3567776231035,26.6335283152507
-16.7300859099912,-41.2305845687517,26.9070569594706
-16.7635780235589,-40.8264787828049,27.4532268080018
-15.8134647320976,-41.08613391193,27.1920081836364
-16.453538544521,-41.3002349698899,27.3637772510762
-16.9671806861198,-41.0185830340253,27.365409907312
-16.5770962496478,-41.4668991303994,27.7552991171324
-16.6143837894465,-41.3006843233581,27.0439916111381
-16.8223016130348,-41.6362891315787,27.0751966777478
-16.6753389475465,-41.3501713784497,27.5969982930776
-16.6486692913091,-41.0439426911875,26.9707747813504
-16.6660557479334,-40.5423456070233,27.1604509712655
-16.2811718291174,-41.8184236296814,27.1798868206286
-16.4039845284114,-40.9963700451584,26.9964405283627
-17.3670010170605,-41.0992346854457,27.2266965728248
-16.90279068492,-41.189172386492,26.9080760891636
-16.7910352236462,-41.1920346153252,26.9078968747552
-17.0307758060343,-41.2053795261914,27.127479438363
-16.7373094414071,-41.209417152309,26.9778780024398
-16.8757589471233,-41.4593014192044,27.087922236688
-16.7858434205445,-41.702100734339,26.7005662594465
-16.4803282474486,-41.4275525983911,27.1914368621855
-16.599620147016,-41.4268592126518,27.2254604541144
-16.2412978091134,-41.69952069094,27.2875444651908
-17.0744510900282,-41.2786217880209,27.0903737391494
-16.5947994831576,-40.9613977849542,27.2119089559486
-16.5748739567124,-41.0566944010232,26.7517176150259
-16.8590005069386,-41.1983892022991,27.1771287253088
-16.4698151679184,-40.8293623358555,26.7736470988142
-16.8876188795064,-41.0144865566514,27.4009438906466
-16.8061516273822,-41.5792876929492,26.8926222326727
-16.5750920250096,-41.1572468919415,26.8372549721027
-16.6128948299497,-41.546035516461,27.341200862299
-17.0756640816689,-41.2707147822652,27.3059821087385
-16.7214393519382,-41.2261971506422,27.4259678369605
-17.0685898081515,-41.6200871825135,27.3834363853162
-16.5645323394726,-41.1068327740818,26.889955899529
-16.5107441574922,-41.1517046051763,26.4616545865555
-16.8113321254835,-41.257919684233,27.2510048430412
-16.708322858435,-40.8643245746528,27.0055798035562
-17.1002573606254,-41.4202605748571,27.8809744721911
-16.4068593912656,-40.7753482767919,26.8867191269276
-16.2891758463643,-41.2782576243443,26.7767674011143
-17.1095498428739,-41.6206743597673,27.1296344898015
-16.4978410145161,-40.7395249879826,27.3868429325965
-17.1014646255481,-41.0669072581996,26.9073174600098
-17.138090577245,-41.7107728813678,28.0028060265594
-17.1398491465392,-40.9604864667219,26.9811514238894
-16.917305536982,-41.56424253975,26.9903948887666
-16.4149265282769,-41.7306173805428,26.7380947383504
-16.4314814965409,-40.9303080245466,27.2444655755036
-17.0155822212351,-41.3099240739965,26.788971994021
-16.9632061584472,-41.2250625796251,27.409391984096
-17.3048708358803,-40.7943132281526,27.0461644201391
-17.4001137357702,-40.800343138041,27.7127763537407
-16.6277649900818,-41.5146440305363,27.2525274724289
-16.9351265147254,-41.4803586656483,27.0842252923842
-17.3142402177146,-41.513780779255,27.2944643585638
-16.7814220034564,-41.3289362716092,27.4846017267244
-16.6963885486747,-41.3795687460141,26.7116046776047
-16.4848841820463,-41.201663835545,27.4105460169152
-16.350146062785,-41.1022401339367,27.1105263081817
-16.5193614134871,-41.3039008315891,26.7168360169673
-16.5239578611066,-41.7668617711792,27.105221180824
-16.9706222681052,-41.0671132064463,26.6652066314403
-16.6011699442335,-41.3354462345568,27.1622420024027
-16.7728789259521,-41.2255760347224,27.2753378980184
-17.0509564978913,-41.3268243240828,26.898187119774
-16.8807749225603,-40.9270313653674,27.0683776056616
-16.620066874812,-41.609483367085,27.0856940525286
-16.4219399647332,-41.3731299020972,27.0934023036015
-16.668793348605,-41.2269585278387,27.096035038295
-16.6003094918185,-40.8582937082555,26.5526573748137
-16.5700678534981,-41.0940517748594,27.0897395720164
-16.4416799516279,-40.9446351487566,27.0561068390991
-17.2487567898341,-40.6949640893294,27.5647228861385
-16.9216788516793,-41.2826037786172,27.326383099949
-15.9126597483166,-41.4965853423652,27.3794928070682
-17.2062627379537,-41.1604612651358,27.1791734752998
-16.2630221773083,-41.2045114093323,26.6193663629166
-16.7351417547263,-41.210318019833,27.3727514198387
-17.3050072484907,-40.6806171302909,26.869693389187
-16.6688001712552,-41.0332286646434,26.5954868006862
-16.5274583558614,-41.5114398842387,26.827648298306
-16.6858457326558,-41.2153169164776,26.6886637133908
-16.6495525213279,-41.2895881785084,27.250388223593
-16.5977057193498,-41.1155821008366,27.2380360468116
-16.9192776805264,-41.3040429856569,27.4493306037674
-16.6241054577625,-41.0450756690025,27.3379395461933
-16.3829249958547,-41.357620738075,26.4880151680452
-16.404163433374,-41.4986404674019,26.9693639913303
-16.8084305530037,-40.7162311155016,27.1417025819751
-16.8206492124053,-41.4394483880344,26.7611057915515
-16.330999199173,-41.6812668667657,27.5751565475737
-16.663433674936,-40.5997446354643,26.608526243163
-16.8068418353815,-41.1279762561277,27.1019196884113
-16.6253200191934,-40.91326320194,26.7841174871324
-16.3274992470709,-41.2888759343986,26.9349025422656
-16.7028309084239,-41.2255168388388,27.4507792485045
-16.1623796951213,-41.2340475804861,26.8381463374384
-16.6721328033325,-41.0274098808948,26.552364891214
-16.8956532425533,-41.1356286849278,27.1601771419919
-16.3840660536456,-41.0520385340934,27.6527430835772
-16.7609547741186,-40.9086631217263,27.1322669077024
-16.8647375823016,-41.0293401153706,27.4223311794099
-17.1685418568965,-40.5560075937256,27.2898302697202
-16.666277027224,-41.3403836211665,27.1824324845197
-16.4021606877444,-40.8850913968042,26.8090597018958
-16.5734034058708,-40.8379595119065,27.0576844113996
-16.8066537754517,-41.6636790994748,26.7126170643003
-17.1501497293481,-41.5105237253163,27.1379586687009
-16.7679972056526,-41.519973555966,27.3754409426786
-16.6775094572292,-41.3648345272328,27.0160785810341
-16.7799360300029,-41.6975211135102,27.0127866697954
-16.3687446516516,-41.3914232705552,27.0080326341155
-16.5607606066623,-40.6282356091213,27.1745040638889
-16.6637848330661,-41.0547044939025,26.4468446902405
-16.7591110137795,-40.9091060080856,26.7389165286335
-16.7391829671541,-40.5691445595279,27.1390747799686
-16.9055492807776,-41.4179014177768,26.558950087666
-16.5271013013726,-41.4652993279863,26.6587148069194
-16.4028403145526,-41.2931899973746,26.819571375772
-16.6601891463927,-41.064958074815,27.089352886832
-16.4729704867079,-41.6574012917641,26.6536944591331
-16.0385440521714,-40.4810890455869,28.1055205983232
-16.5901978057615,-40.9013217547656,26.9466231948996
-16.3405401081924,-40.9258090839925,27.2859155305603
-16.5944220640058,-40.7355366281092,27.2356962279891
-16.4697175849394,-40.9885686422502,26.6194256818667
-16.1601961844425,-41.080102446814,27.3292716941939
-16.8050698232477,-40.7254467681526,27.2579722777845
-16.4332292702327,-41.3665964125013,27.0084866638384
-16.8325543261495,-41.0874296978062,27.3480469551455
-16.453869042543,-40.6509090750762,27.142612385554
-16.622908836355,-41.21958904101,27.4409881163203
-16.7496759892,-40.8719882958564,26.4878624274051
-16.5591322072716,-41.4857741260234,27.3941784658586
-16.7868031422904,-41.3287683680963,27.2676947613405
-16.4826857118272,-40.5009156965639,27.3839953603786
-16.6395557824095,-41.0979184112361,26.5433191094596
-16.4100014248679,-41.8013057793135,27.3085106198681
-16.7512626795291,-41.3436157178019,27.2679219873669
-16.7713696065981,-40.7372786389876,26.8611288424275
-16.4605623482589,-41.4295962630424,27.3362978749895
-16.898791847188,-41.3942682312258,27.2831677079592
-16.5416292460184,-40.8303520108562,27.1729194779265
-16.8874574808501,-41.3896015093772,27.3943615850274
-16.3767358643858,-40.6527550815692,26.9903580633558
-17.0823003592711,-41.1159359560972,26.9314163508478
-17.1195529909669,-41.0794706914495,27.0109965493694
-16.8004672211864,-40.9679462232421,27.4942597889574
-17.0300702044599,-40.911580652483,27.5273242275705
-17.2013162402528,-41.4659287912744,26.6982703493244
-16.3899993880144,-41.0150455125202,27.4449348482349
-17.0949655340301,-40.8320905749483,27.5126201328516
-16.552163415471,-40.5087507990004,26.9354677711166
-16.2817136860034,-40.9970605817698,27.6710911904033
-17.228595339695,-41.5855253061471,26.6790137084357
-16.5001464441518,-40.8511358378697,26.6415400781768
-16.6774376626972,-41.3417623347695,26.9969602348335
-16.6531157086718,-41.0382676650003,27.294075305242
-16.8733679093858,-41.1991598956454,27.7708161305296
-16.5133717551535,-40.8863208145987,27.2649175702334
-16.804910594383,-40.9665844751226,27.4721556570895
-16.4559700825533,-41.4108711463002,26.933665037425
-16.5662578899776,-41.1275380881918,26.9222484979909
-16.6114600305872,-41.1790990320608,26.7013681036085
-16.7158262691189,-41.3153362646481,26.8399529389733
-17.0683801784936,-41.4266926756962,26.4405159887548
-16.5291036574453,-41.1810824939735,27.5050633582256
-17.004987916497,-40.8816604682091,27.471568357843
-17.0449253950366,-40.9540181451037,27.5649898641015
-16.8619672109511,-40.9093305005986,27.0927785205174
-16.7881638389669,-40.7066361124708,27.409757796039
-16.4068676910084,-41.054919672649,27.619012163817
-16.4457216470307,-40.9998393880306,27.1755322812704
-17.0349865328918,-41.156527558827,27.2686322536582
-16.9285865184608,-41.2606867378531,26.9522468977308
-16.9683206666305,-41.1144940652922,26.9887663468444
-16.9504993292284,-41.1164147510176,27.633715316513
-16.785835784745,-41.1592667752034,27.3392377161065
-16.5551076530255,-41.2288582029248,27.1463368480345
-17.0070616382345,-41.6478838405799,26.6151638103403
-16.8268232526333,-41.2741662790649,27.2857845865001
-16.7137386161336,-40.6851107400079,26.8884138913721
-17.2857561994016,-40.8802730875094,27.1593641386591
-16.8731957471068,-41.167191080405,26.9338857555297
-16.5057819678642,-41.0338093097364,27.7588325478599
-16.7282801853796,-40.8102964609659,26.738696088344
-16.6835703188452,-41.3085704630432,27.0284763166314
-17.2828181488957,-41.5775567426703,27.3196622913128
-17.0001090120033,-40.7871456592184,27.1626544043841
-16.5437787918266,-41.0179320712194,27.5186734915599
-16.4311733741861,-40.8237357483138,27.642080662228
-16.9183928850278,-41.1648378405039,27.2434403504785
-16.353439174554,-41.2047103331801,27.3817590260452
-16.9917222986481,-41.3884694154667,27.5105422615343
-16.4936599244946,-41.4235611574157,27.323108039161
-16.9050367047943,-40.9554825361486,27.6727790275985
-16.8093391551482,-41.0716681814419,26.4210335132461
-17.4384803708586,-41.2362360649365,27.7008309345372
-16.1562861194153,-40.8341170175136,26.583904368892
-16.8579326165381,-41.1146281249097,26.5697242210135
-16.3579682333493,-41.0964585008835,26.9810730740004
-16.9519460452687,-40.9969379804994,27.5169870963503
-16.6082141143233,-41.3011972676619,26.8779285119943
-16.6519762562528,-41.7042044319597,27.432428173835
-16.9631775780266,-40.8898045580178,26.8085661874373
-16.8551176957145,-41.1318118853374,26.5537899758266
-17.0775213075938,-41.1982317260352,27.0275962906874
-17.0161010510481,-41.266674865714,26.9724145666478
-17.0362103303562,-41.2014398173091,26.4764592119813
-17.0340311762047,-41.0469415537256,27.303908437432
-16.4325046219461,-41.9092270709603,27.2509112273647
-16.5344816749966,-40.8578039461206,27.3825437621657
-16.8621020778163,-40.7779850321843,27.0061323930493
-16.6251529977569,-41.5180702237327,27.2463838268635
-16.5111016070118,-41.465469854885,27.3445183649041
-16.7479072289026,-40.520257472136,27.2523224222714
-17.1671618837219,-41.4145485277359,26.8889487663097
-16.7957726539156,-41.2573436334754,26.7948819951175
-16.8270212750275,-41.3430146173038,27.0136303808536
-16.5679239754077,-41.3591733970251,27.1323781865217
-17.2381026686166,-40.7886166649761,27.0474030471848
-16.9338773836638,-40.6811480075379,26.6461934619694
-16.9987963751357,-41.1967526887067,27.3591050647865
-17.081079500523,-41.2211197766042,26.8775736810667
-16.7394710226416,-41.3701822746441,26.9372154150882
-16.8172510391286,-41.5019589235693,26.50253164326
-16.594100822115,-40.8321229708609,27.359768820284
-16.7135213067925,-41.4961071198308,26.9394073499535
-16.7382691617013,-40.8689846648224,26.7503116729435
-16.824775611421,-41.3969650290217,27.2118962020381
-16.9563152348208,-41.0666534483165,26.720031797673
-17.3177898066736,-41.4464518795159,27.0017331849593
-16.9311116715129,-41.2696010442828,26.9686854516793
-16.7457749586615,-40.6066507870927,27.4344956198881
-15.889399228698,-41.7297630155671,27.4844539854187
-17.1200215729984,-41.1458019656278,27.0624255879574
-16.9953701771422,-41.5498269754872,26.9941362196858
-17.1501822588814,-41.2835108474659,27.237857541369
-16.4204038256058,-40.972037773576,27.624758624394
-16.6472560214378,-40.5637089575663,27.1789726801281
-16.7773260549444,-41.0769456062929,27.45471458653
-16.8163183406095,-40.5142837611502,27.1569696342936
-16.9385365936349,-41.4001931578581,26.9699199778234
-16.9578009677455,-40.9036915269509,27.5416022154977
-17.1482672008027,-42.1460530836858,27.1030509199212
-16.5094755322731,-40.871725076764,26.6864461295626
-17.0136831207849,-40.8040945032991,27.3072884225804
-16.8157062833042,-40.4926823559212,27.5055852925577
-16.5893895411023,-41.3267892872541,26.9693474245882
-16.3259983411571,-41.0314482614113,27.1925848931224
-16.7914361800096,-40.7546131875578,26.5393395014662
-17.1659210517779,-40.8054657674915,27.5555666887757
-16.3070900112893,-40.7634757742033,26.9872566488745
-16.8986427787549,-41.2769241847128,26.6557258699014
-16.5071357608835,-40.8053965060451,26.7705429653244
-16.4821084473388,-41.5307737375929,26.9522367805869
-16.569270886705,-41.3365088015015,26.784238528089
-16.7024083749191,-41.4020237702472,27.4123840040345
-17.0154885946979,-41.2961695468316,27.1664063986666
-16.9151954012625,-40.8178421460556,27.2734770792775
-16.8855516664771,-41.3325277933428,27.284412225446
-16.5569646407202,-40.7762043124306,26.8958378557864
-16.4371250751748,-41.7352490733306,26.9933863569495
-16.1944969311295,-40.8247857321559,26.9317460325463
-16.7706680495149,-41.3578693665234,27.4046510835482
-16.5289714871704,-40.9124876869557,27.3055264474997
-16.7716172063047,-41.6169101260486,26.4478282474406
-16.938386931508,-40.847819969615,26.9391575260325
-16.8974652289749,-40.4254071052216,27.1809230669142
-16.4234258117866,-40.233470970474,27.2583397070123
-16.5779469147998,-41.2589940296104,26.954174133688
-16.5274465282498,-40.8549555937941,26.8192796097961
-17.1678050313276,-40.4878292019501,26.8889110352566
-17.172893296739,-41.3512624279188,26.7522493727948
-16.9507961238646,-41.0245101798451,26.8099620844235
-17.1215200623973,-41.0754312762979,27.2551995177029
-17.0164312084027,-41.1785877404001,27.6209037816526
-16.8915335282065,-40.9442313410919,26.7539605887072
-16.4662639197728,-41.1743684242174,27.2998934899419
-17.1658367678791,-41.0780866069608,27.1682312365661
-16.8230871050449,-41.4250658862661,26.881747365721
-16.9860824807242,-41.4927786080725,27.1215366449237
-17.1361526927785,-40.8795234625899,27.0623370854024
-16.5996755521759,-40.6879836708997,27.3145472398869
-17.2615600656052,-40.9451106178663,27.0191858966338
-17.0094975641109,-41.3218273430516,26.8307934257746
-17.070441231953,-41.3844462438279,27.5814645199007
-16.5010814061419,-40.9032138736107,27.3689465548453
-16.9887614310163,-41.4168147824362,26.8862982160842
-16.6188280920355,-41.1285148352812,26.8349751809846
-16.4790540159226,-41.7139616439117,26.953522236684
-16.5765448110778,-41.0224243437323,27.4657587794766
-17.0627862058498,-41.2201884456746,26.9614918697062
-16.688408689753,-40.9728924446767,26.5383686272592
-16.5147906291934,-41.1343354840909,26.6871535275989
-16.4336598068016,-41.0380023028631,26.9417533221578
-16.6382030002123,-40.838956284617,26.9604139482941
-16.5353154711557,-41.2106517538774,26.5666470864739
-16.6488358031573,-41.3065977480554,27.0490123900561
-16.5381583713431,-41.3091202701811,27.2335703352659
-16.480314070777,-41.6879532555871,26.4761714027477
-17.4061471276695,-41.2879483520298,27.254427499529
-16.4292670387864,-41.3928080979909,27.722948293937
-16.319445009445,-41.3184909625079,26.9471314001725
-16.9942444100176,-41.2302738528789,26.7667018072596
-16.9097489976619,-41.9276182026256,26.2391787182874
-16.5643042726214,-41.0655457065445,27.497850717347
-16.9334685141881,-41.2943588821166,27.4722081366678
-16.8145068682167,-41.326243195308,27.0224544004504
-16.3689635159747,-41.5657165415955,26.8788580849049
-16.9090459850324,-40.7812986342378,27.1697186770029
-17.2258127044404,-41.2587711515549,27.0464729115751
-16.3150842022147,-40.695699448948,27.0584691765706
-16.8120873142815,-41.2886956909721,27.3092934600426
-16.615171156254,-41.461514610599,27.3281978252168
-16.3750059210255,-41.1970535047931,26.5354612209736
-16.2651438415199,-40.9738934366348,26.5796567077652
-16.4702054968045,-41.3790106458422,26.4612149219882
-16.4812968484098,-41.7161804966824,27.279512967914
-16.5188583451307,-41.5063292522616,27.1174948869487
-16.5820215888264,-41.6147183454653,26.9891229454024
-17.0515964129625,-41.1388764433536,26.7778430928902
-16.9929274437861,-41.6705636918693,27.0442702943275
-16.6108756497068,-41.7969008872848,27.6156159280922
-16.4265211313108,-41.1122764929905,26.9806943824668
-16.9828766997436,-40.5819085639172,27.1746288911433
-16.5208838598203,-41.2901354616312,26.7853841987641
-16.9798945798892,-41.0936592410867,27.3366952047061
-16.3214606926932,-41.3364441929554,27.3959356574364
-16.9267839714228,-41.578315565089,26.539023334407
-16.9891987373524,-41.2277252762928,27.1798206016138
-17.3543540294062,-40.9307664946232,27.6751565971434
-16.6919404305491,-41.2200481704783,27.2780897080363
-16.4649208587774,-40.9293106700852,26.9444954676222
-17.2505476401252,-41.0248195717351,26.9010970320066
-16.4275968143053,-41.2053801899186,27.5728539804784
-16.571069847075,-41.7729642072763,26.8281129304043
-16.5430744152254,-40.8900010183278,27.5499108131321
-16.2552075263169,-40.7535409658657,26.9339810383108
-17.0181492580717,-40.9696860098942,27.1972179329802
-16.9778712135045,-41.3660192641358,27.2141015689968
-16.6732643166627,-41.1523909092713,27.3868826141209
-16.2851170883349,-41.1243877640626,27.3664334126472
-17.3226072273184,-41.3324157539382,26.8049058374593
-16.6335037367499,-41.1717496036127,27.0902499075308
-16.7504501896844,-40.8640048538357,26.9760832999856
-16.7537187435274,-40.9781795798611,26.8952014469714
-16.9275326802687,-41.210984995258,27.1890720910944
-16.6236016862939,-41.1380690090426,27.1607920328302
-16.7295698135397,-41.1812521953245,26.7798837327201
-16.7626739525567,-40.9562484122395,27.3434254296825
-16.827135376101,-40.6863959709485,26.4494662956485
-16.4879098903551,-41.1436506349818,27.8681966125776
-17.1784993798732,-41.4378089793716,26.936673444255
-16.6697299970235,-41.4319071094692,27.4601732385139
-16.5053518950324,-40.9374720248294,27.3933229599621
-16.002741453495,-41.3956788578512,27.0967310742771
-17.0767791498371,-41.2404892045023,27.2496877206931
-17.0301961364589,-41.1167813446218,26.9258272231135
-16.7530742937059,-41.0309974481646,27.1650955539942
-17.1067876627124,-41.2827528263584,26.6467783703842
-17.0524308667341,-41.1633441601128,27.1270206681889
-16.6776723168342,-41.4883895388683,26.9520446824721
-16.729770777277,-41.3017046178883,27.3746108919033
-16.8044340485769,-40.8853959904006,27.3053004978112
-16.8281982239385,-41.5721325324561,27.124594612337
-16.8391591767874,-41.2479196958334,26.9260927986035
-17.0970894912742,-40.838953855144,26.8585691166497
-16.9596776202948,-41.8239979394963,27.2054525531855
-16.475517654247,-41.122574587824,27.2403017978184
-17.1647282474063,-40.8553356783125,27.6476118368565
-16.9658559355902,-40.9978010470422,28.0959991511687
-16.206536258109,-40.852811991221,26.68112204483
-16.3399906134756,-41.1428440814916,27.6111017423355
-16.7566045954203,-41.669089353137,27.2354645869553
-16.5998223316132,-41.2294264434663,27.4938819569796
-16.6698761343077,-40.9513857650326,26.5132409685319
-17.0261761487948,-40.611930434383,27.1632301280044
-16.5949922760901,-41.0109710109086,27.7865472498238
-16.2595069769522,-41.180690796481,26.9273993501493
-16.3051228187779,-41.3547603933853,26.9812217111255
-16.788915555512,-41.2131126166625,26.8898048423622
-16.5164696110214,-41.3228977703861,27.1022981468701
-16.6405908891928,-40.5954378337664,27.312538125335
-16.6033605828821,-41.1260471687415,26.9884286195383
-16.4149195570392,-40.8078012343822,27.481930261398
-15.8388166592833,-41.5385211991339,27.121466028234
-16.7424960718666,-41.278355933827,27.3168496913763
-17.1655679713459,-41.5029418669682,26.7919967151669
-16.8308131607894,-40.9406066194725,26.8840044168472
-17.2288697693931,-40.7845777031737,26.747599102989
-16.602712195313,-41.0553027240781,27.2970268565492
-16.6924055461977,-41.2555147422859,27.1873382890202
-16.9146162590241,-40.6722709403527,27.2130783605182
-17.1739154425242,-41.1043939665402,26.7488437549874
-16.4068808068443,-41.3652635335627,27.3600598551937
-16.3994477135979,-41.4596431480742,27.7358184618654
-16.8442940034767,-41.1475889259123,27.5029736054227
-16.6899521337297,-41.6294775817547,26.9403422642263
-16.6755629390409,-41.2739273775467,26.9434685301695
-16.6937244932806,-41.0520091706782,26.9672915019734
-16.469984397554,-40.7660155372339,27.1073958884505
-16.7686231161772,-41.0360535591627,27.472197808535
-16.4730472796891,-40.761583140093,27.1292075129932
-17.3604542873063,-41.4581607599172,26.7145642951017
-16.4134051371806,-41.2124993802487,27.3280880644485
-16.7559832987185,-41.300228442798,27.0404826062864
-16.9231405374099,-41.4031046606614,26.9261959846535
-17.5534577323287,-41.6050919233606,27.2242803952665
-16.422554928497,-40.6972954067912,26.8382899851321
-16.885568663024,-41.7755792130261,27.1494791700351
-17.0338816678756,-41.1370989325815,26.8949524568803
-16.7598924769859,-41.0688828989433,26.936767893625
-16.9601647123728,-41.2386551296683,27.3300971395529
-16.6234540533609,-40.9354530636349,26.69144828084
-16.3546494760059,-41.3946466275582,27.0829708029831
-17.0174712056066,-40.8020442855083,27.2160152370554
-17.0721593516712,-40.9660217705104,26.941112648707
-17.0912762781815,-40.7823159102555,27.8477998727871
-17.437382126997,-41.5208801902775,27.1272282154578
-16.3303673185504,-41.1365234919307,27.573389424825
-16.798564721948,-40.8827495169772,27.0275715707035
-16.6595641418595,-41.375786658774,26.2287976872468
-16.5519439099278,-40.870109241824,27.4214229834656
-17.1749252983945,-41.1856496466577,26.9851448445926
-16.8129064581398,-41.1639809532445,27.2113053751246
-16.4682399997855,-41.130450989895,26.9755628876519
-17.0110763396484,-41.1325585931574,27.3632284195157
-16.941699979843,-41.7845519849658,27.6113531607322
-16.6445538722432,-41.5294438203805,27.0956454802377
-16.6427166267765,-41.0328730491715,27.0074323202642
-16.3604089748113,-40.9877503230348,27.4728931034523
-16.3626405429299,-41.5669023920167,26.7253428029506
-17.339768576924,-41.6698398477773,27.0610236239843
-16.6499760325898,-41.0860019073203,27.3219178612156
-16.3491874792888,-41.2076352443545,27.0983704661142
-17.0197682033898,-40.8826205885566,26.5984277663814
-16.4026930454294,-41.141819206246,26.6765627656266
-17.0138960842495,-41.5183517786098,27.0924459252186
-16.8141126605582,-41.2093136798412,27.5168535839045
-16.5313603587635,-41.0481903122054,26.9733348215411
-16.6445736922913,-40.7605292139243,27.4655922062903
-17.0416735059563,-41.1641392221569,27.1211820281902
-16.9856290463638,-41.028804431485,27.0441715621617
-16.9528654999658,-41.2011572527083,26.4695924892164
-16.3032687348597,-40.6451855678883,26.6027543238749
-16.6033879317531,-40.6863251037124,26.4654346989799
-17.138985950152,-40.9302169831049,27.1880921033294
-15.8932372498215,-40.9776204957238,27.6361466638222
-16.5228054338804,-41.2432182664251,27.1887842484021
-16.8572031037921,-41.3841868231037,26.4832984556826
-16.1939459652086,-41.3618743544227,27.1639098644527
-16.8168715196151,-41.1445671501771,27.2683188056998
-16.1983969532517,-41.3143519830708,27.2586233875683
-16.5773913124143,-41.5608205256422,26.7565252384646
-16.7713107732416,-41.3054365519113,27.7045814988572
-16.3654983380457,-41.1873445272278,27.3787807416639
-16.5288135735579,-41.2223596679394,26.6184045936881
-16.4437955611405,-41.027555285737,27.3003655122802
-16.5603189311739,-40.9545889308573,27.5908556513042
-16.6050131129403,-41.5430476879514,26.3115707322927
-17.0355497311735,-41.1413054473812,27.0836524331943
-16.5740208142372,-41.1429574810128,27.199385079019
-17.0169649105951,-41.0748180393176,27.0455647338155
-17.031607566007,-40.9083291007274,27.3536956043635
-16.6281671661253,-41.6131755478695,27.0612567027897
-16.8142425393961,-40.8911397768249,27.2534129570706
-16.6827422164275,-41.3124467471011,26.8862148758671
-16.8523546310735,-41.6272365078066,26.590015151047
-16.4682575661805,-41.4695253206844,27.1522510523546
-16.8603212817522,-41.4313495364426,27.0113819420188
-16.6053722596087,-40.2153348526839,27.1206936165271
-16.6522678943613,-41.195858834032,26.926031381795
-16.4165770688838,-41.4624827733686,27.243265403561
-16.8080467690902,-41.2148708046455,27.6350032466821
-16.6901974387054,-41.945083316667,26.5935039714616
-16.7034353680102,-41.3514485563587,27.298166321369
-16.8369729586421,-40.8599417027772,27.7484193624002
-17.0323658344393,-40.9066440024543,27.2656299964264
-16.0507960966778,-41.1490270967689,27.0758923023196
-16.9764728078613,-41.3947630451466,26.9358259661154
-16.5307149424102,-41.7306647173467,27.2600416178198
-16.5538838807836,-41.5978305342029,27.795593653124
-16.931840378494,-41.6026952169572,27.066815808009
-16.7084946955398,-41.0242897666509,26.2621588992977
-16.6323213584248,-41.2593419797158,27.1699528451043
-17.0547087778305,-41.6121237545934,27.0950046060156
-15.9584645996071,-41.3203429509796,27.1075157905648
-16.668754008531,-41.4463891820591,27.1288440881812
-16.5692276306354,-40.7375061010683,27.2349331112831
-16.5255959335873,-41.3502311326936,27.0697262810517
-16.6377547050143,-41.2401949763351,27.4420816910818
-16.0700980592332,-41.5721385523655,26.6509993087891
-16.306091806733,-41.4880221239575,26.9767282325053
-17.0224152792771,-40.737537740536,27.7642707835572
-16.7958560415794,-41.1414434823264,27.2463617520893
-17.0454916572127,-40.7381069917302,27.4990599574148
-16.7963240263406,-40.4083611587288,27.3182779652387
-16.7890621455588,-41.0935480138083,26.7222662230697
-16.8933946425234,-40.8793617520442,27.2647745608342
-16.6675493949276,-41.1521448930581,26.9195076340955
-17.2425580222899,-41.1227680823939,27.0120946839636
-16.6923817454234,-41.0297708436501,26.9187425191268
-16.3744514746528,-41.3186574465984,26.8332967833481
-16.1573732642598,-40.997879171716,26.8121082165007
-16.7711452420627,-41.5155647018615,27.2133711197458
-16.8289952941916,-41.3842833864408,27.311319612072
-16.5717980442405,-41.3643486984707,26.9273939868799
-16.6576717274768,-40.7510552858421,26.185174338275
-16.616150387737,-41.3775003982949,26.1892135923505
-16.8915621142428,-41.05366694017,27.3734288181503
-16.6316564391836,-41.4277752475596,26.9872275698364
-16.9851425878164,-41.2827099510464,27.06200295757
-16.9700684670021,-41.3046592879733,27.538616893842
-16.9508516087044,-41.3673513566172,27.2751812391083
-16.4852384906938,-41.8646089684493,27.1972572361444
-17.1558191454378,-41.1901796238603,27.2365054434441
-17.2955627178876,-40.8394298052215,27.1548491279798
-16.5714839229326,-40.8928038556126,26.8631302999852
-16.8684750824466,-41.1360527994032,27.1475489602138
-16.8234619051345,-40.8512761810214,27.1186356089112
-16.4874428259943,-41.2482862194076,27.2256407188054
-16.6633948524094,-41.1660482121591,26.9264047965589
-16.9628508600431,-41.0817270561709,27.2138361364442
-16.3018175462075,-40.8933743384657,27.1415325373503
-16.4101693326144,-40.6739068123399,27.0238801498716
-17.67714443911,-40.7437963936021,27.0976087588378
-16.6459696507177,-41.1211394181883,27.2987939999886
-16.4262886927065,-40.935856188437,27.282732104558
-16.8830693628023,-40.9048887089899,26.8411622469304
-16.7346991411902,-41.5708333608133,27.0482914221946
-17.5258684150385,-41.2263290030423,26.8036754881841
-16.0228790451124,-40.7517091310813,27.0435930379439
-16.6984983529839,-41.7662207082746,26.9558922047997
-16.6545244026716,-41.0726061894192,27.3411542534542
-16.8439485140478,-40.8937471523296,27.1293074575214
-16.8198280647926,-41.2591081606728,26.8674032519867
-16.5339223549783,-41.2462332629401,27.2831644091883
-16.8975614414947,-41.3546889275369,27.1577569008157
-16.5601826408736,-40.8415994279153,27.0674990404625
-17.1057025754886,-40.7708245894246,26.8680787680284
-16.9271453714415,-41.0089201312103,26.6029368583859
-16.6892427149316,-41.5379385081051,26.8732274890353
-17.2450605381481,-41.0406971921526,26.9041129674392
-17.5758099094268,-40.7714397665365,26.8965698436024
-16.3564500098743,-41.5454194320264,27.2428504826612
-17.2541766239998,-40.6544779294988,27.2071529869514
-16.7338783222942,-40.9533139967968,26.8673609585714
-16.7641606912607,-41.0617715850464,26.9382994859193
-16.699377111766,-41.1040807814407,27.1800444993464
-16.2014068161196,-40.6814243252816,26.8155562239883
-16.677745352391,-41.3830039842754,27.0103132137619
-16.8423278658544,-41.7948264579435,27.0553916868946
-16.3495194228437,-41.3005289608297,26.7509515301361
-16.527482167805,-41.0666884727463,27.5134386759133
-16.8218967261165,-41.2766181090691,26.931812953493
-16.4779876801947,-41.5769821071903,27.2477828637552
-16.9000893545485,-41.0400681578198,27.0234304372815
-16.4145972692489,-40.7905863190071,26.7203752803321
-16.4767248416417,-40.7376569069475,26.8327374042317
-16.8516745038616,-41.3903703650516,27.4212527518814
-16.8729002316106,-41.1501620451704,26.9301173079794
-16.7376564322412,-41.6324546541166,27.3521020925419
-17.2440672435349,-40.6497814411491,26.5608817029955
-16.3771015454227,-41.3250081718983,27.1278126571446
-16.925624099698,-41.041954850368,26.6333582174133
-17.0696117870126,-40.6783249307325,27.3504309888815
-16.1948283648969,-41.129941545253,27.0464568514191
-16.5979291567913,-40.8510127917677,27.1515627986879
-16.6681861763912,-40.6558048136644,27.093887517645
-16.7630394010251,-41.1539986900366,26.5098370117407
-17.0534521947902,-41.4550949583463,27.4780194662087
-16.568777358696,-40.8723092596172,27.2524064374513
-17.2538185601936,-41.1721700913782,26.7064564963815
-16.1980433289593,-41.3993802717469,27.5075379764126
-16.702089376111,-41.52063864586,27.0208111096052
-16.5229210976039,-41.2091422965881,27.2338330925445
-17.0168880306267,-41.3643707851139,27.1764463657266
-16.6947906767362,-41.1773020916685,26.8609761657416
-16.707927905564,-40.8435864001481,27.1271345503878
-15.8173065929917,-41.6457670759584,27.0615918167835
-16.9299889956165,-41.1068828048377,26.7068026187837
-17.1230358444169,-40.95707012829,26.8840694153912
-16.4132926171892,-41.3449015685349,26.9567018891605
-16.4568990221716,-41.4657360588378,27.8906213477257
-16.2309144714563,-41.2798393390099,26.9242339010854
-16.9408528960815,-40.8200307577996,26.7370591721122
-16.3908714313685,-41.1475903995753,26.5925212482326
-17.0274214386325,-41.1990650577441,27.4313514169451
-16.3483856868968,-41.1098062222233,27.002600539137
-16.5162405221174,-41.3995231688396,27.6418214052197
-17.4062912805213,-41.2045303932008,27.1732950431153
-16.3439565582052,-41.083751915142,26.4976686718961
-17.100643745973,-40.9658965553825,26.7220867961815
-17.5002523721742,-40.7856779483288,27.4166639672936
-16.5164836763016,-41.1925620054814,27.6810116058362
-16.2376065931587,-41.5969389471414,27.0159974517378
-16.8124379887238,-41.2171901401006,26.837173708358
-16.1690598512453,-41.0577850482298,27.0815401043305
-16.9389637412832,-40.6589307240852,27.9662673854964
-17.2154064556051,-40.9722316499391,27.1858448072625
-16.1327263098417,-41.4465212380466,26.8507077148702
-16.544830608543,-41.0252728372891,27.1215232842119
-16.1389954356281,-40.9319376933163,26.8944407905753
-16.3521897508942,-41.0860068332677,26.8862003933045
-17.0071657773562,-41.1890375509592,26.7354842784606
-16.8289540911558,-41.3308324349279,26.9736724157941
-16.6943293726453,-41.117432301022,27.4389813255742
-16.7747145813018,-41.4547629964134,27.202915113579
-16.8508128908011,-41.0052282067771,26.8095783973925
-16.4626134421366,-41.1601571283896,27.5586726836433
-16.2792239214881,-40.8344901077738,27.0601435979259
-16.7877323322407,-41.2590340338121,26.97362083101
-16.9354693908491,-41.2926915122627,26.9868036132265
-16.6137528344298,-41.2525693086676,27.0080412707401
-16.453163777701,-40.9048040318565,27.048831863338
-16.6105374709347,-41.101267341437,27.0921086943037
-16.1851893750758,-41.5254151845002,26.7688744823605
-16.5692621527744,-41.1729653964527,27.282392913279
-16.3354192520821,-41.2239532962745,27.1577047343967
-16.6732092242457,-41.4318465545553,27.1529288442927
-16.3418466096431,-41.8874695878378,26.7367378795148
-16.8665009279545,-41.1286859577151,27.5820897082531
-16.5909489143683,-40.9546771780386,27.4036253154996
-17.2147620558096,-41.7815551575424,26.8653360303547
-16.9598103726822,-41.123547200713,26.7346104487224
-16.7659989295426,-41.2572667558017,27.5016457939152
-16.8016038773111,-41.4347642847054,26.841359901984
-16.105602898759,-41.0590522249263,26.810492768199
-17.0329702292857,-41.0634599538825,27.3089155307113
-16.8068141835869,-40.8145026332195,27.3592105780699
-16.9410112526526,-40.2833351979148,28.053718740268
-17.1547783865394,-39.975251236871,27.1794444229814
-16.8859947450758,-40.8466273117176,27.1900421492366
-16.5828064971304,-41.519064535192,27.0905861969774
-16.4610339987289,-41.2208218170657,26.7671552190023
-16.73150476201,-40.7156901836997,27.3271336881463
-16.2917811497475,-41.1344516385578,27.0079073511292
-16.6594553701204,-41.2240011588617,27.4001918987303
-16.4804984864771,-40.6247665251188,26.8412881285258
-16.7198583358985,-41.1253126751612,27.5270309516522
-17.033999975929,-41.4543488639496,27.2654192247383
-16.8386779647517,-41.7005599258189,27.2422388857956
-17.280684018003,-41.1351339699086,27.1776892278816
-16.6754143288781,-41.1795688382524,27.2861904005332
-16.8469202047074,-41.2841413701713,26.8366176684916
-16.8867875922839,-40.919179177294,26.9234194034428
-16.0745095787831,-41.0484157804469,27.4841770660918
-16.6187532512375,-40.8692214060146,27.200920577568
-16.4389517452198,-41.5015448702016,26.9144930227513
-16.7162273473734,-41.1704537569638,27.3062005970549
-16.8099957214551,-41.3480130082465,27.3571082896333
-16.1295678954832,-41.4902719577847,26.8543239870671
-17.0157683028097,-40.8599017489093,27.091044330292
-16.8907130093027,-41.3554423041908,27.1804800551901
-16.7400536515686,-41.4552074384064,27.2057019820195
-16.8430031179522,-41.1745513283134,27.484834008752
-16.6428164564594,-41.1253627605227,27.4047635377875
-16.8728869427182,-40.9482175219775,26.874600271953
-16.4575539275381,-41.8164501699979,27.098162441133
-17.0858372175227,-41.3953816352165,27.0868306631478
-16.8032982362759,-41.1194934059107,27.2096652956344
-16.6438313091324,-41.1374530395527,26.8916547493526
-16.911743184153,-41.3735936237409,27.3379993036513
-16.4699564438665,-40.8365690000034,26.9736679968011
-16.3100021587739,-41.3728363080404,27.3455420039787
-16.4874618592083,-40.5521393613503,27.0621238576002
-16.3879885738458,-41.3871860298777,26.9031730346066
-16.7999055156916,-41.2043593397977,26.8951623694215
-16.5498235203626,-41.2430935017207,26.7956866551881
-15.9644744204211,-40.9262420723353,27.3523317113134
-16.8083023543912,-40.8947710444506,26.814011772123
-17.0868579640463,-41.2241338322977,27.1795350519107
-16.6436894483098,-40.9049960427712,27.5212827952286
-16.4623056942909,-41.1710052824643,27.0908345213269
-17.3607925629894,-41.3633679267018,26.688292256773
-16.9491238227318,-41.3157237639065,27.3028141307167
-16.632477982329,-40.8110766233865,26.5602932578696
-17.0835482390937,-40.9081557108871,26.9239693192249
-16.742747475695,-41.4383147141397,26.9585783436343
-16.9291932679799,-41.8260558344075,26.8754775421039
-17.1728207595251,-40.9717250893365,26.8895025992831
-16.7913687020461,-41.5603767194284,27.2084276511204
-16.6716035425604,-40.9814744447946,27.4029991597507
-16.6158470662582,-41.5931622881291,27.0531082798953
-17.0117624872711,-40.9953666048901,27.0554998460814
-16.9222455429018,-41.0880356544386,27.239924326012
-16.4036995300055,-41.2119291969095,27.2317118889312
-16.664269938012,-40.7190678293256,27.1533076156213
-16.1487146438624,-41.9514301428911,26.6181697086309
-16.7455542477482,-41.2111404361593,27.494632322981
-16.8627068467585,-40.7074856942326,27.0273895092565
-16.6908482993545,-41.3896110207679,27.1624018333345
-16.8206758868445,-41.0780498450172,26.9022364594685
-16.4984690252162,-41.1798226431585,27.1375497392192
-16.7433636940044,-41.6057297485543,27.6559025057612
-16.6690779641325,-41.0506511653277,27.1238823905638
-16.1040655332748,-40.881821391149,26.5031265990896
-16.5332268603413,-41.3238569195972,26.8437051966026
-16.8040916169228,-40.7471199783421,26.5747544881456
-17.1215586125986,-41.2309469567566,27.3209056133446
-16.1304331943056,-40.905842509972,27.4586686216154
-16.7061756059833,-41.1954356274567,27.1469800536463
-16.8027209789796,-41.0293132247477,27.0086977523106
-16.5641094834446,-41.3259923177021,26.809534047425
-16.3681612099712,-41.3210110438426,27.1978141941048
-16.4502842520663,-41.0277515268827,27.0206371447281
-17.039883856273,-41.6488468626503,27.4312508759352
-16.7249459895057,-41.3546950404434,26.8810111954751
-17.1959540356991,-41.3199615662705,26.6944785788256
-16.6153084127451,-41.4147472298557,27.0932049174897
-16.7961292405386,-41.0555925226842,27.1120295017875
-17.0155547856041,-41.0518463292232,26.7245561128027
-16.7435618655892,-41.2159403109547,27.1032886094412
-16.5228825219955,-40.877439542255,27.4286724676533
-16.8312199163195,-41.2615190462029,26.9147246397991
-16.8296367314406,-41.1426393540337,26.9086282087418
-16.9208840502875,-41.0805502878371,26.8905193075718
-16.2336408199936,-41.1913299258389,26.6997688976454
-16.7513940350403,-41.3041872219182,27.1730747185531
-16.7721346981145,-41.4304806546208,27.0742711482206
-16.8602915008937,-41.0267376709998,26.9740826046789
-16.7645446396019,-41.5270223734463,27.3682799797487
-16.417535919616,-41.1682838408828,27.1374820171386
-16.6651539745223,-41.0696322961459,27.1281815382972
-16.7950388659253,-40.9556302484445,27.259339268371
-16.9014150069521,-40.952502737224,26.9045690935588
-16.7396759162224,-41.3571593167515,27.0227597613824
-16.5809271646179,-41.6071569616502,27.2987823642197
-16.8268803131933,-41.2313918888311,27.7659974780915
-17.0087151812249,-41.2570752184333,27.1531909164971
-16.3964037046294,-41.2880726578687,27.4447614176933
-16.2795855697235,-40.9666375189863,27.7835686916263
-17.1199332809354,-40.8932439876555,27.4438004232441
-16.6908268547797,-41.0194930035267,27.1903054614757
-17.3639435597923,-41.1377577745493,26.5243452590889
-16.9015133511099,-40.6641989805653,27.4371820142864
-16.1704359687065,-41.6014623084037,27.1771984182991
-17.0640726425567,-40.983656935848,26.8583385175488
-16.5786165995995,-41.5627861593808,27.0660236272831
-16.7893442844779,-41.4464076844096,27.240811959942
-16.5895320063951,-41.5881804272939,27.4142559106805
-16.6307535291273,-41.201030538475,26.8450754372688
-16.3335850728655,-41.2665670613461,27.0872748656895
-16.7649077447657,-41.1533703551825,27.3436979131592
-16.8868265085576,-41.2991496486135,27.29301507741
-16.7844141313845,-41.3931903161731,27.2935369459139
-16.5191037586266,-40.9298386337715,26.8133352201211
-16.6806459746143,-41.7531099129627,27.1036069245002
-16.6148995589437,-41.2479426847653,27.483581890149
-16.7391019669823,-40.8639658128286,26.796219586798
-16.8946739281659,-41.3100863473684,27.0620777262246
-16.6851291750767,-41.7862486683521,27.2670747691157
-16.6160614723071,-41.6018253967143,27.0943150847553
-16.8919881094329,-40.9512200275695,26.9130775748364
-16.867019301319,-40.8805984395044,26.6135337136071
-16.5293262826984,-40.6151746386165,27.0871291947561
-17.214088645634,-40.9868409295169,26.6013618581308
-16.69029175517,-41.1807983848175,27.2696514050459
-16.6216920408006,-40.6427187792777,27.250647402275
-16.8452593953501,-41.4926874962306,26.7700091346245
-16.3215529654097,-41.412261527959,27.5991790804419
-16.5776477174335,-41.6386312962223,27.4612484127551
-16.4663510626872,-41.3865282258718,26.9612040764819
-16.9461780371104,-41.1988656124795,26.8212694427418
-16.9684799999466,-41.1071449499163,26.7517347033699
-16.2944488793888,-40.8372946634947,26.8928604749186
-16.1826375918017,-40.8609001453771,26.8107167868156
-16.9613589968496,-40.8046087388694,26.5048870378777
-16.003983901334,-41.4925719331366,27.1632511045435
-16.5776479192563,-40.8709631411372,27.0079261933762
-17.1144187355788,-41.2789155545749,27.0983415838785
-16.8324480348629,-40.8814193458037,26.7796046605505
-16.1954322938432,-41.5331793764803,26.6830279961164
-16.2182567517095,-41.4380491491823,26.9598814692309
-16.8734675147933,-41.0292343179236,27.1278357824387
-16.6927411684875,-40.7923682309801,27.1051490189574
-16.7277596954333,-41.6013570340237,27.6962190577921
-16.7721763665393,-41.5129329881322,27.2295145339242
-15.8573233205944,-41.1369879327565,27.5632169225558
-16.7878879739564,-40.8331900407517,26.9913149078421
-17.0664021393387,-41.536384327236,26.5481299561696
-16.7863143258827,-41.2458627709523,27.2081047823914
-16.3626821231647,-41.0912693751432,26.2756001611485
-16.6820687525167,-40.8764477239313,26.9551453964426
-16.4424662067554,-40.7415869071457,27.3673138747728
-16.8145291246344,-40.2321550047028,26.999171204708
-16.9202863758462,-40.828271624807,26.8887058732186
-16.749258980184,-41.1774824949946,26.8123537337148
-16.3352097969236,-40.8105669015733,27.0512426981007
-16.3470368295337,-41.5719139072943,27.6258760151997
-17.2916981749332,-41.0135469697344,27.2699964819658
-17.0030214398983,-41.3279376497662,27.0987884439042
-16.7009217443762,-40.6052850908923,27.0698939019006
-16.6595186899633,-40.4044509545745,27.2752526682451
-16.7028717390816,-41.2105885596143,27.0425432660071
-16.3806766127862,-41.1869147794038,27.5226117187683
-16.8013922351585,-41.0651466841506,27.1755473211401
-17.2040219883719,-41.1909904397722,26.9414688873964
-16.9071683648374,-41.3564587102019,27.7000638591681
-17.0342066471481,-40.8798295336744,26.7968758094717
-16.6755494987688,-41.1478393828549,27.3959823860513
-16.3107817245241,-40.8965406571077,27.1417301950943
-16.5654430890352,-41.000383505639,27.2066053097454
-16.6784308795494,-41.6513818940266,27.4905924491145
-16.6730471565292,-41.5201537421989,27.6205614127739
-16.6255907740978,-41.2388516254734,27.2900797713158
-17.316640961498,-41.3664054544623,26.8147779169965
-16.7300493854114,-41.1664349272495,26.9562119888159
-15.9936896430651,-40.9390479585553,27.1347990011727
-16.3238338762485,-41.0665071251467,26.8743721911822
-16.3134956795765,-41.3822011334338,27.1473353711917
-16.680753144207,-41.0403261221023,26.9475725025685
-16.4919316547454,-40.4961601035868,27.0588387788672
-16.7687664570566,-41.0869990646677,26.9610735961719
-16.644213680927,-41.6373141653109,26.9721294606753
-16.6631056410731,-41.0903761128994,26.8404574397688
-16.5468468218745,-41.0745638775589,27.5180794521548
-16.9172583389236,-40.946041292503,27.232660386977
-16.5858318512121,-41.0719032416217,26.9472119760208
-16.7291007848911,-40.9081957922975,27.2332763295766
-16.3632471447076,-41.7534301490728,27.2053094439269
-16.3947538636891,-41.5252741283796,27.723221872598
-16.8247341885619,-41.1781390333789,26.6096524408801
-16.3787210992962,-41.1538655867615,27.2363097303505
-16.7094955788351,-40.7577144262094,26.8230219294091
-16.5060825451029,-41.3540334259576,26.3135653385437
-16.7245793614279,-41.6340254909692,26.9935889592519
-16.5454830283097,-40.8569323248039,27.1154640765402
-16.7553523179163,-41.3412739267107,26.8614990708002
-16.8394489734409,-41.0480171859208,27.0666855823948
-17.2879904226451,-40.723640938196,27.605549412741
-16.5613401141145,-41.5774812580135,26.9350784270616
-16.8559468118817,-41.2022908617694,26.8731482804783
-16.5415488860692,-41.3782479349965,26.7422836173484
-16.8392320330346,-41.448448017614,27.2427511511615
-16.3409039394529,-41.5765093839784,26.9060781275707
-16.4280075184118,-41.290042792018,27.8002992907143
-16.6012615316013,-41.072699059829,26.9376315656852
-17.3480497655587,-41.3797540515329,27.2079811146715
-16.537081181771,-41.5191797935127,27.045493269313
-16.7106728358625,-40.5806582775363,27.0477675161113
-16.5477373906116,-41.3467381228044,27.3412504142949
-16.1914913677936,-41.4086307243406,27.2981322716526
-17.0156690657983,-41.2133919563044,26.8123876303621
-16.7309603847126,-41.3503399920985,27.0660723806729
-16.9643334294668,-41.1003482535822,27.1990996751963
-17.1613746049044,-41.880720285781,27.3690821290459
-16.9467127510283,-41.2258120037342,26.9355904942065
-16.4931371775187,-40.8754045333497,26.8942934834476
-16.8410289051599,-41.1179474205148,26.9354760309054
-16.181359554135,-40.545307306449,27.0448113497255
-16.393756410336,-41.2773952805626,27.3257715177682
-16.8919329986661,-41.9508802839191,27.0627479313973
-16.7311365098542,-40.9301641931298,27.0730609972652
-16.6591393118986,-41.0165855161943,26.8082922817693
-16.9585591796843,-40.9708683771127,26.8167258449209
-16.4129614509574,-40.9847603460258,27.0169677478926
-17.4884706947496,-40.6789377708296,27.1563488046316
-17.1528896844813,-41.2517007716655,26.751649033993
-16.4789279909115,-41.1919747538626,26.9906164852694
-16.4957767194577,-41.081999153952,26.8699143061362
-16.58707373694,-41.6630508866622,27.0127338142325
-15.9406930562485,-40.926288492375,27.3419168825278
-16.9066992236518,-40.7197926170795,26.8913674476834
-16.3376283436217,-41.0607789336427,27.6150894727737
-16.6746927329572,-41.490346454996,27.1908648823147
-16.1299833708256,-41.2394090358083,25.9588954446995
-16.7193909088972,-41.1368338490854,26.8361872253085
-16.4731465297332,-41.1637446612779,27.253498454842
-16.7936490754035,-41.0356629394147,27.2447238294533
-16.6406912716733,-41.6298904935171,27.3450346063162
-17.1851319484563,-41.4083892785006,26.6343376512622
-16.4423704363146,-41.4278602738587,27.0421121562807
-16.7343103777115,-41.1381953339499,27.4489420489871
-16.6494713221264,-41.3600141909724,26.7820152012245
-16.7226340774021,-40.9234144229874,26.9941581127276
-16.605990767524,-40.9168498739318,27.4495062502452
-16.8431939394078,-41.5942223636673,27.7300316889765
-16.5475791855709,-40.9566572891286,27.1834019688547
-16.6512061476736,-40.8680572140507,26.6603906293247
-16.365406818204,-41.5483822256979,26.4915298257839
-16.1414644921897,-41.458933560042,26.932011287393
-16.5442546184399,-41.8658673706826,27.0969460644164
-16.20326440656,-41.051447622155,27.0510057933444
-16.1304851662294,-41.6559172032148,26.8568834053968
-16.4128221057063,-41.3861003294248,27.2116374487982
-16.5242256562211,-40.6126270180747,27.3286069133087
-16.1113355978793,-41.2129592320808,26.8716431893083
-17.0037341862869,-41.205387732553,26.7858145596208
-16.1748339078251,-41.1046814661972,27.0451660740074
-16.4028742257361,-41.1906654589604,27.2948392870625
-16.5869911129015,-41.1279498831538,26.6175608245734
-16.5887562292815,-40.8349076892033,27.2956429729066
-16.5954348369885,-41.0849900278004,27.6490618718753
-16.8371520037508,-41.2766095227471,26.9361626009181
-16.859877078267,-41.1306794335042,27.3704153763187
-16.7968458245204,-41.3296823755495,27.2427016230831
-16.404930081104,-41.2060382246962,27.0094455479249
-16.9477089049975,-41.2221512844937,27.3132796124563
-16.3869688539046,-41.1772121237319,26.684010594572
-17.2088208992465,-41.3642424115208,27.1158238910149
-16.6682348745913,-41.0041737592217,27.0796373712822
-16.6647220206306,-40.994154665124,26.7206434407889
-16.6665676352988,-40.7195093870574,26.676073314579
-17.2641204486454,-41.4451286193077,26.8119705710801
-16.5353417925473,-40.6985239216259,26.9548772702262
-16.6582736490761,-41.3680219865312,27.4091753376482
-16.7215656289411,-41.6506136864831,26.8036194592207
-16.3443690429096,-40.84487305033,26.7614993370665
-16.8012381736329,-41.2257337118349,27.3469464399221
-16.4406547378479,-41.2675094849432,26.8103511931171
-16.5817754826151,-41.0694711792782,27.3919666795515
-16.2351860550659,-40.8714005062394,26.8230987925769
-16.0372245331012,-41.0242445441546,27.0103438052269
-16.6731734633251,-41.1314043785323,27.1628606779159
-16.3357465491098,-40.6828534588286,26.7687140890121
-17.084461235898,-41.68206962818,27.3557670069439
-16.3515718249442,-41.4958099942844,27.2431074805896
-16.885244478301,-41.5020960230562,27.2212456032713
-17.183899427288,-40.8097566782894,27.4064279120919
-16.2535156509851,-40.6236550009402,26.9081452111211
-17.0659424263916,-40.9329387588369,26.9759157110569
-16.4907590815765,-41.3008735135016,26.8711689730088
-16.7534329506441,-41.5165653362141,27.3445517992748
-16.7105938443294,-41.2606477311639,27.5641845890923
-16.9897700626144,-40.9850254930499,26.5296987948031
-16.3170698554029,-41.2713774334571,27.0766098562798
-16.8333873848016,-41.6442509864993,27.4420600969861
-16.4306328853952,-41.1457820258097,27.4026259773737
-16.1919296992331,-41.2505020244745,27.47382458058
-16.4465265080902,-40.9722460750035,27.034107549673
-16.5229614771503,-41.2554315361797,26.3374936485223
-16.8603398668845,-40.8816575644863,27.5173227613467
-16.7057872627723,-41.2270099635313,26.9909080567592
-16.8356261379874,-40.7980662498218,27.3891754324507
-16.8968978212128,-41.4767004518926,27.3906473879752
-17.4700139869116,-41.4330389228052,26.5379153236314
-16.6919598731644,-40.9171360279594,26.8427936534247
-16.7935927308632,-41.4524608662298,27.3276338233725
-16.4874953617676,-41.1671457034167,27.4573316995505
-17.1177643160851,-41.1249978300651,26.893320511814
-17.018213993539,-41.1751491557095,27.0049552690658
-17.1693598684939,-41.0366795413437,27.0551039315894
-17.3215215779974,-41.5648683624185,27.5404348759767
-16.3438233286604,-40.8508301985661,26.919345940044
-17.1434713526138,-41.075665017872,26.8110723899134
-16.8242214128918,-40.8870074891615,27.4287605367447
-16.9594659971668,-40.8483351425847,26.7046965971234
-16.2228668444542,-41.1299191545473,26.9121844081841
-16.8715415330993,-41.3188093541402,26.9036530771761
-16.5795908877491,-41.3069445666174,27.2364476329085
-16.4586598569833,-40.912378265121,26.6626576194694
-16.439177202239,-40.92340498006,27.1575130636327
-16.6745157170163,-41.3399989957908,27.2679940862788
-16.7365560177532,-41.2089954165997,27.3202980784671
-16.9979302085122,-41.3146452808016,27.1682396739609
-16.5401819444212,-40.7860322268377,27.2165692856232
-16.509987410114,-41.3066241340989,26.622842803044
-16.307786108259,-41.5441228369486,27.2524403226542
-16.6840351838814,-41.3578530416267,27.082407048945
-17.1875886917973,-41.2878031376552,27.1776131440562
-16.6083572707196,-40.9259805210407,27.102604997635
-16.137566133072,-40.9402119132351,26.9797481950123
-16.9028230480227,-41.3533076794693,27.3488755742143
-17.0495804174889,-40.5966594478188,26.9956817882709
-16.3839988077596,-41.2226865744419,27.0770562540292
-16.6135095571624,-41.7303192119262,27.0786092709852
-17.0632654015559,-41.2511408073955,27.4159674069668
-16.6547922611909,-41.230208985416,26.6886769895351
-16.8788601330892,-41.5105929810034,27.2275756348342
-16.9452106741139,-41.3669706880819,26.4785903558851
-16.1326491925859,-41.3677520479236,27.262202710462
-15.9773790461783,-41.0883931101188,26.8106390253013
-16.4263525156815,-41.3240827656927,27.0160057457861
-16.727093147904,-41.7471654939451,27.0282123361918
-16.7432747591545,-41.1089792391614,26.5513772923641
-16.0970834279903,-40.7541845940225,27.1909403908252
-16.6206127416499,-40.5554182274086,26.237276372175
-17.1947359301734,-41.5318550557917,26.8505978858259
-17.4936399878763,-40.9521191066381,27.208186811057
-16.6726633317897,-41.8444502026242,27.3120175710097
-16.3418794199838,-40.9004233645885,26.6004350044234
-16.6786229257641,-40.9259451174649,27.2061477832624
-16.809491136493,-41.0163048944592,27.1402030751265
-16.6677886850223,-41.0195471307443,26.9889715862055
-16.5782727233473,-41.2638866152207,27.0721812022554
-16.9405128352554,-41.6263862054714,27.3891222138572
-16.6067257825109,-40.71726026303,26.5555902211628
-16.5232170099152,-40.9766633124241,27.4748839852918
-16.5381740291384,-41.4559236721645,27.2499842247463
-16.7509429651318,-40.9291470098464,26.8648061386723
-16.7975907613568,-41.432756192715,27.2408896460379
-16.9844953612181,-41.1852069215588,26.8787102084957
-17.0178868399111,-41.1858283220464,27.0118451515614
-16.8898043825699,-41.1237510141901,26.361608982857
-17.4679202200993,-41.2900844427561,26.6256767265363
-17.1842198875753,-41.3463217006661,27.0251665626822
-16.5280422724001,-40.9092775098257,27.0011408039692
-16.9265859436551,-41.1274954042483,26.974598265142
-16.41861710616,-40.9789107300905,26.9126711278499
-17.2181377710389,-40.6350866033983,27.2166734571854
-17.1789781131021,-41.6242460223991,26.9960580495534
-16.4700300767839,-41.5191743119988,27.1518414826067
-16.709190136937,-41.1282564973326,27.3876175079327
-16.8496970143223,-41.1551729670767,26.4824913335928
-16.7211444094117,-40.9254176217347,26.8252149585793
-16.2338056605028,-40.9551002436447,26.7191805640242
-16.4969745154027,-40.8116219928571,27.0452893882745
-16.4132124550973,-41.4669945973664,27.123118995624
-16.3674174774694,-41.4508925740742,27.0430086569849
-16.3804885309459,-41.6250270017508,27.1697126553703
-16.7168098304388,-41.0923798570228,27.3929356397497
-16.7997361629388,-40.9097220437801,26.8976892608264
-17.2504846834204,-40.980178939292,27.440759177313
-16.1138713165473,-41.6926283692172,26.7079108530004
-16.901431267088,-41.4419763246239,27.0669251677619
-16.8631711133338,-40.9618400803746,27.0934129904058
-16.4658681593131,-41.0468855457284,27.2524313749096
-16.9370733828309,-41.1315115132312,26.8009681417919
-16.5554435359171,-40.8870367598419,26.9946385265297
-16.2333240550749,-41.2901528025919,27.3871974500177
-16.3708355866584,-41.1912068463548,27.0543997173336
-17.0797571790414,-40.7780536771928,27.0104254747383
-16.8005908402872,-40.5860662315344,27.2771617869924
-16.6286292446102,-40.7838410717623,26.9950844818032
-16.756522984888,-40.9123051271613,27.3766076155826
-16.4197551875986,-40.7035607236092,27.2161020387695
-16.8504126617619,-40.8321907725184,26.8395139915235
-16.8565173944516,-41.2907875506612,26.9542131059892
-16.7056298441259,-40.7578230870903,27.0789249135676
-16.4439347108291,-41.2913768659279,26.9707541337406
-16.2597611588658,-41.0924526504825,27.0504079906715
-16.5331855429682,-41.0771701935083,27.1021007468822
-16.4696436375349,-41.2565270055208,27.0913951802683
-16.5371623246725,-41.0829576561625,27.0730202151546
-16.1605623049992,-41.2245943039513,27.2329136326426
-16.6512273082972,-41.7004210988145,26.6451109247064
-16.8216604669615,-40.640720599926,27.5689226691502
-16.4186761433781,-41.2974314412865,27.0977916939966
-17.0673252293369,-41.8859709810639,27.2177427656878
-16.5591317597187,-40.9763634936192,26.6320943541049
-16.8850802960273,-41.3330448647658,27.376122101864
-16.7399869619565,-41.2029414097011,26.6353696540619
-16.7953663735887,-41.5456242531338,26.8530493451365
-16.4766881194375,-40.9551257855668,27.6936764328208
-17.5505782510838,-40.9553256796164,26.9748844401074
-16.9787399365818,-40.6105756628068,27.4127259471531
-16.6268950494133,-40.6841190451308,27.0858714476668
-16.4849501018773,-41.3327431321961,27.3022047521235
-16.8328018751723,-41.5599872940544,26.6265805954802
-17.0530210603951,-41.420010655125,27.0084295431137
-16.9046590361416,-40.959214737363,27.697239436563
-16.4371896674434,-41.1393629456153,26.9530019414167
-16.2977562581738,-41.2924183674328,27.5587602499762
-16.7921626013365,-41.3506402145912,27.0859706165832
-17.1410313048258,-41.4316063381084,27.5462302496621
-15.9770048610979,-41.0274913412243,27.0350844970185
-16.6442892303546,-41.2777188793007,26.9383100006967
-16.366657060065,-41.0397879595825,26.9882244713932
-16.5653204815621,-41.2987915401473,26.9729785536482
-17.1366147750667,-40.7813629743347,27.1477950877353
-16.6989802782645,-41.1552959751072,26.919519511753
-16.3061874849947,-41.0954940827284,26.4562228661475
-16.9790215241698,-41.4801180405164,27.2189150783014
-16.6410769327526,-40.5010332305583,27.3020846610534
-16.4551807656769,-40.9148817313203,27.2852373295988
-16.6514003932114,-40.5878196950455,26.9179498389819
-16.5390293034171,-40.9316858990344,27.7505385756424
-16.5971422204237,-41.3039914022694,27.5938775455489
-17.0329979644207,-40.968870779316,27.4510874433609
-16.5465864291376,-40.870178881722,26.7760966150898
-16.5496826329144,-40.8135036152825,26.632247558157
-17.0579743025083,-41.2462879105848,26.9242293852629
-16.2708513553355,-40.9979006033937,26.9873254861326
-16.9418350208872,-41.112429250619,27.1055558952719
-16.4049973279433,-41.7519584813384,26.9615674165469
-16.4561053865532,-41.6862120565273,26.9357341112677
-16.2614218469172,-41.4405668025905,27.0796272329073
-16.6859114609998,-41.4734134668917,26.9433327347056
-16.6682553713812,-41.1908402214988,26.7851144911366
-16.7879464338423,-41.7070951370654,27.0061327403111
-16.6232586554532,-41.2841449270834,27.4967711796847
-16.5581198050721,-41.2047723704858,26.8623243536252
-16.5897644309121,-41.420089500762,27.0863314979467
-16.9075909108689,-41.384182587391,27.3809701983615
-16.363704955716,-41.0611849672348,26.2907341735917
-16.6646564631855,-41.6472778750281,26.4539296866282
-16.9541955231354,-41.4263500742111,27.7032812337898
-16.4916993782395,-40.9252372388554,27.235848038473
-16.7640111888367,-41.1425996900489,27.0385074680429
-16.2639981440625,-41.6750534771692,26.7269949246856
-16.5974859400291,-40.9950964864943,26.7747571973321
-16.3004910605939,-41.0435662074919,27.6033208829448
-16.5833274073062,-41.1056774383232,26.6921956460439
-16.156495111157,-41.1977412892212,27.1356889244781
-16.6745710576313,-41.5023974597703,27.6452385798764
-16.006947179283,-41.5287016982715,26.6964968432891
-16.3656627236528,-41.2261791354075,26.8247696859211
-16.7338352206222,-41.1798824187472,26.5750664182049
-16.2740583512969,-41.6101743728435,26.7485235240172
-16.6791157445209,-41.2970878705256,26.5569907978619
-16.9374325701835,-40.8935721565258,26.6320841267642
-16.4204704291207,-41.2052023234095,27.0239936789329
-16.7879221490127,-41.1284549873832,26.9821583008713
-16.7430113228214,-40.9610207839124,27.2893757700305
-16.6429920438196,-41.0041870462132,26.8885030070667
-15.9475186515761,-41.2342006581628,27.181936345108
-16.3337462567267,-41.2298319474613,26.8666620610108
-16.4954693954757,-40.9443864502301,27.0348846559084
-17.058748766099,-40.8892226708143,26.9158463799325
-16.8545690705781,-40.8239073998346,26.6206933526869
-17.0576522056922,-40.6887574924141,26.7688399401138
-16.6359888645186,-41.1469349296492,26.7288751329318
-16.3449024978464,-41.2292162172117,26.8767206939666
-17.1399687028889,-41.0190124903013,27.0531359424557
-17.2667855913436,-40.6257459123241,27.1313718087854
-17.1154334516629,-40.8438940913561,27.0848335715772
-16.8858430291539,-41.023485158508,27.1532114819153
-16.549441860768,-41.1617815699378,26.9595834972011
-16.64530022023,-40.8992040790687,26.8567431515574
-16.9244320745811,-41.2307470963693,27.041910157876
-16.3539919279829,-40.7004692362045,26.658511061746
-16.6672778923853,-41.1210159325813,27.0147922941013
-16.5195138542932,-41.103800235547,27.0450829475139
-17.2206317484358,-40.7608855373703,27.6330839188699
-16.6474114899667,-40.7235103682684,27.1911196159899
-17.0717965052531,-40.8704085678992,26.9391074180804
-16.756919177347,-41.5469144687454,27.0241587363479
-16.6843741512359,-41.8167793379349,26.7582104961744
-17.0972281026493,-41.1376582354252,27.3424152325663
-16.5268849221144,-41.3093634842658,27.1861688598771
-16.7416678173805,-41.6589721277308,27.2279328874565
-16.6528637706603,-41.2024315729927,26.6448559327236
-16.8517937443587,-40.6218820073916,27.2232490096665
-16.6687227399197,-41.2972620949939,26.7836051129132
-16.3847937378647,-41.2788469449363,27.235205516251
-16.700053897428,-41.2816154032363,26.8765297389386
-16.8388637862149,-41.2525351123272,27.2504008057099
-16.5658093406039,-41.4381621842657,26.9600731584102
-16.876831998611,-41.2622121838327,27.7459626803776
-16.3601992733422,-41.1628626616286,27.2945748363892
-16.7384103064394,-41.6076868315878,26.8278957627216
-16.7644935298322,-41.051582164498,27.0634302996438
-16.5190487693568,-41.1932673204615,27.1590056044038
-16.1988021116758,-41.0517410416594,26.7491322717941
-16.8154742408593,-41.4376766774709,27.0471539383207
-17.364998071242,-41.2019647421092,27.0619430097211
-16.8674949029666,-41.3930252435414,27.1156900609366
-16.1197398243154,-41.979322877478,27.0128352465027
-16.2781696674229,-41.2123771868359,26.2423996773672
-16.0255719475789,-41.4553816671964,27.4599522309101
-16.5673398551419,-41.1965023917988,26.8145692826199
-16.657917903293,-41.0524157882334,26.998233076684
-16.3001640746382,-41.2174534769342,27.1683464047181
-16.8744436841293,-40.5658308326442,26.4551508533852
-16.7242423073228,-41.1918056850069,27.3657897955495
-16.5916590112541,-40.9892334082636,27.4595724873983
-16.6111763781865,-40.8349289269017,26.966639066486
-16.7062075175222,-41.9000763910368,26.951307819535
-16.8258799637084,-41.0668841983621,27.2322665847561
-16.5487609657204,-40.9155476332306,27.3105666832327
-16.793806104829,-41.2090549629279,27.1959562445346
-16.890748783118,-41.4273819096752,26.8500512787717
-16.81833015704,-41.8714183395966,27.1760191885241
-16.6295615012137,-40.5314718485511,27.2805683831824
-16.7354408932642,-40.9805348468386,26.9667712156036
-16.5896857308944,-41.1030566085706,27.2590597662371
-17.0947657620375,-41.1231040349626,26.5916823983709
-16.7996881730937,-41.5387424702585,26.8985373058901
-16.6929203130896,-41.4149804374021,27.3270829489916
-16.5325398620344,-40.9574793459662,26.4334582587033
-16.7581684232823,-40.5207205193124,26.9147398345615
-16.3324135954932,-41.0634438280967,26.7202247316484
-16.5854385515361,-41.8793725515335,27.2083417888119
-16.8454301347268,-41.1015111227469,26.655201416524
-16.4201856324827,-41.2941007729701,26.8709373195224
-16.2974887516364,-40.8162290427518,27.7568483305819
-16.4968227175275,-41.2535949970632,27.4384748201009
-16.3831978781929,-40.936789639576,26.8482702072438
-16.9903336677892,-41.5145961156412,26.9834830118715
-16.8360048809792,-41.2164591150122,27.2894502024159
-17.396937589575,-41.0992514252074,27.3324365158377
-16.6802768444678,-41.4802468645994,27.6355390370625
-16.4845446918605,-41.4329364249934,27.5074176832628
-16.4061719742897,-41.4467560022334,26.8313639609114
-16.7482738243399,-41.3588007844991,27.4012986081283
-16.0858285354968,-40.7649745187727,26.9606537958607
-16.8236162077909,-40.8069740749949,27.4001607324008
-16.7896748407284,-41.5252015878773,27.3055443036195
-17.0327489457345,-41.4962424110325,26.9991915943818
-16.5773845409329,-41.1483263379681,26.6393452697156
-16.7727144974547,-41.0899530875134,26.7364621663757
-16.6962241325946,-41.0876989445086,27.3336313393064
-16.9103155392224,-41.3570110745764,26.7436134260554
-16.4300829413357,-41.255092009309,27.0907334626355
-16.6871361987502,-41.1725868279805,26.8212012646056
-17.197550689765,-41.1327670451207,27.6355011398311
-16.7984406966749,-41.0489622324012,27.0553464883946
-16.8421955675193,-41.331211078936,27.3951498451957
-16.6142154690998,-40.9969127607779,26.8875770353233
-16.6539681521467,-41.2828782380085,27.1947379270699
-16.4443579530229,-40.762250097355,27.152217480079
-16.5981721725203,-41.1059186741074,27.4140379758742
-16.1919122991541,-41.3662371257621,26.9865751420287
-16.985874434108,-41.2795790896757,27.1597697171558
-16.8631705291267,-41.5714121432233,26.822682634587
-16.7454605095161,-41.0529296119685,27.2573459855499
-16.887296404455,-41.1141789463261,27.4831768686842
-16.5134451853207,-40.5201290167182,26.817785367025
-16.2110219656683,-41.3342606551886,27.3868260749293
-16.4829412103313,-41.6112199280854,26.8420980144337
-16.8437887741689,-41.5443079328389,27.1295073218487
-16.5754495856046,-41.3833363047963,27.3451396657916
-16.6880831052424,-41.3547485142754,27.2330144648755
-17.2289436684248,-41.1625042593397,27.1058035237077
-16.6936405669766,-41.2742231636627,26.7897797275821
-16.3943973722351,-41.0162725865726,27.2884666529368
-16.9993950989204,-41.5002287224922,27.0150686740155
-16.4707702835312,-41.2119585231454,27.3781294639838
-16.4207114126175,-40.938253695493,27.0407828634848
-16.1407336948883,-41.0494928112449,27.244869075802
-16.4031856501795,-40.8952625768923,27.4200655340953
-16.5600762646645,-41.2943652693465,27.1551962208913
-16.859259408969,-41.4228451288128,27.3070304705472
-16.6436013999562,-40.5126974281875,26.5515922160222
-16.9415621279499,-41.371241970097,27.3320530291054
-16.6581359604073,-41.1144513875625,26.9228121830204
-16.5812560795597,-40.8104313969872,27.1257121175001
-17.1613043079923,-40.7516452241481,26.7604956041904
-16.3813569536176,-40.9312109680048,27.268786540869
-16.4083585032114,-41.52048075944,26.5843509266419
-17.1030895953172,-40.964543762035,26.6298241519214
-16.812134053394,-41.1115334833899,26.976693929132
-16.7635237657774,-41.5162025258033,27.3351168193937
-16.0817739390592,-40.8439914395471,27.3487841594838
-16.7484339951339,-41.3801228572624,26.6212249772974
-16.5477442121036,-41.3769448019423,27.0897081605941
-17.2668725215507,-40.9081228548636,27.2024836202355
-16.6155051802444,-41.1438916295631,26.7425676210105
-16.7405500277869,-41.3884440815788,26.9746609735107
-17.0325050321252,-40.8952207171752,27.1011189771153
-16.9509364034455,-40.8424064660264,27.158358820425
-16.5397446481432,-41.0148322048933,27.0199156889326
-17.2422386176711,-41.0896372612483,27.2607573531357
-16.5084333169281,-41.3134288098403,27.4955547849155
-16.3469961352845,-40.738903597921,26.8708998780601
-16.5024799963677,-41.4484330566938,27.0955563250963
-16.3972943969844,-41.4839768085531,27.6920983794462
-16.4353502963771,-41.3040450179608,26.9849930224289
-16.4150457641906,-41.2454627911027,27.8874818925011
-16.8147071412644,-40.9050434211885,26.8604903585434
-16.6233959976207,-41.0216083535213,27.0411719693772
-16.7570449782442,-41.2466659699472,26.8224735035762
-16.6046467321852,-41.6515844178853,26.7583116660153
-16.2304961259364,-41.7385200484306,26.8239289110235
-16.8323178406964,-41.3460645434279,27.2327659755832
-16.5519167480341,-40.8957578533051,27.6126104640012
-16.8359490388899,-41.1317916668796,27.3629744365505
-16.7490439492073,-40.951318032718,26.6732202227841
-17.2430167839946,-41.5867493288978,27.2891277414679
-16.7602013790716,-40.6861366512359,26.8403145017412
-16.6333519903952,-40.5992935162025,26.7512827981192
-16.9827016561876,-41.1278991776841,27.179239990491
-16.3745584822965,-40.6162146079878,27.0860022914292
-16.8225576349177,-40.9764012525836,26.8711354856194
-16.9331432331593,-40.7117387729538,27.377175471003
-16.4684767217124,-41.1413982724297,27.088678473105
-16.4294319239222,-40.690175535182,27.0692714259482
-16.3334513205489,-41.1732862391927,27.5680476319631
-16.727073186802,-41.1476932465998,27.0367676448992
-16.0078986558055,-41.897041351027,26.8529580686924
-16.4647335506101,-41.0322653956814,26.9258280633386
-16.6079654000445,-41.5071303164956,27.2884994992615
-16.4682867313426,-41.3875772546197,27.6536262013637
-16.7318928858186,-41.2523879027933,26.8298777651627
-15.9414408296091,-41.3340505294625,27.0967830116557
-16.3530124140117,-41.1476794031053,27.3107489262501
-17.4870589307564,-40.6172749294268,26.6051718899896
-17.2344219165979,-41.5224969042755,26.6748729554971
-16.8008347997487,-41.5823840733033,27.0690877558125
-16.4132505341739,-40.6996865072089,26.8586514648974
-16.6632295080153,-41.3790016652327,26.7971209755506
-16.6316621148949,-41.2854567118655,26.7796078122091
-16.823588535381,-41.0730106933678,26.9712313749581
-16.3823634889698,-41.278643195777,27.3184115943873
-17.1522615125846,-41.1426647776961,26.918507686701
-16.7980028160455,-41.1455350002354,27.1446342765533
-17.2363163502821,-41.4018207653344,27.027104840123
-16.1908617026117,-41.1577023920126,26.957598979026
-16.7884186042272,-41.2301066795705,27.2548127067725
-16.946395025234,-41.072016241702,27.4334615382955
-16.2834073790754,-41.4648795533455,27.1655417326283
-16.3238872629278,-40.5127589684807,27.2599122146988
-16.7055080447955,-40.8464985526712,26.8207087214036
-16.3368087457675,-41.3171578977605,27.119591210898
-16.8277852939303,-41.1358468050044,27.2433253144444
-17.4736538661062,-41.0080201392647,27.0092972707087
-16.7310287474673,-41.0817403788074,27.0077161107376
-16.5107506903854,-41.3720170360783,27.567767643447
-16.2802022556079,-41.1859258999135,27.545303639065
-16.5348455883743,-40.8231800277698,26.827918330623
-16.5008013387791,-41.3350156141666,26.9858486756706
-16.9671451432356,-41.2061621614411,27.1120931798178
-16.3759215337687,-40.7765081405759,27.1485326751653
-16.065508786788,-40.7904906088433,27.0080767665431
-17.214109837192,-41.4763195611921,27.5962887539132
-17.1611797119593,-41.4053799823312,27.3692101745301
-16.7118291463048,-40.8548048394805,26.8417907794667
-16.4995797903784,-41.4275594928224,26.6310440378169
-16.9439867482373,-40.553063205367,26.6865302178741
-16.6443258371205,-41.1639642539148,27.0049784039802
-16.6812902129825,-41.6050946608914,26.9442118637022
-16.7680787791186,-40.8481254350598,27.1987562718318
-16.6487467818677,-41.2950484645505,27.1010303519896
-16.8355990122051,-41.1904085412349,27.4341021657685
-16.2984308810796,-41.156565499161,27.2516683248454
-16.7298526957513,-41.5197428581816,27.192911823614
-16.6857253908279,-40.8597137980881,27.5382025665943
-16.8353721239092,-41.3653995953652,26.7357715443572
-16.8914093191326,-41.4650270089311,27.6757378746952
-16.937275700561,-41.3802723766708,27.335267976668
-16.4881502281807,-41.6289081631794,27.3018325460362
-16.6119543569462,-41.0778508990131,27.6031002705479
-16.465895647784,-40.6557556222881,27.0893788523363
-16.7845668409658,-41.0979171882366,27.1642992373965
-17.0795222091935,-41.1409792249728,27.399928425682
-16.9199717742915,-41.3860397891006,27.1873955375639
-16.8180015412703,-41.1149500173447,26.7064416772231
-16.8047689157017,-41.3347395471977,27.172268008204
-16.4248506053879,-41.3601783445981,26.9875706242028
-16.8809426979603,-40.5719206382844,27.4263232777206
-17.3147901416137,-40.9143320246862,27.9962942257521
-17.1468828431926,-41.6517442422156,27.0142278522577
-16.6932322821582,-41.1963657168645,27.0488672146934
-16.7977608495459,-41.5494471882357,27.1822642988841
-16.3783644293602,-41.9125147472338,27.7395459850658
-16.7656850564648,-40.5403447809253,27.3334149507047
-16.646664387662,-41.3155025294925,27.3168162746499
-16.2416034202224,-41.3671199154928,27.4831676281944
-16.3376913667982,-40.8707089034253,27.4137080739234
-17.1391618069415,-41.6149529137125,26.8859140986282
-16.480433025733,-41.5627104002391,27.0631631505571
-16.5474167808345,-41.3302163738599,26.9210693936034
-16.9073942778047,-40.7301627273277,26.997960303906
-16.6856099656986,-40.6542001622012,27.2420007650708
-16.919551968619,-41.2045734178767,27.3104710232068
-16.458435873706,-41.1827371920655,27.0282633825935
-16.6487591126691,-41.320976655762,27.0840940286277
-16.76033950927,-40.9461885700279,26.8712575158486
-16.5303006906128,-41.1242807598525,27.9201960315255
-16.9074133498564,-41.0982292765323,26.7708839505352
-16.2697290394209,-40.8305878298021,27.5342018493645
-16.8594376899366,-41.1107375946875,27.5034542601633
-17.1217341395131,-41.1049405532077,26.8679656935316
-16.3144087910727,-41.2968439196808,27.1616233343924
-16.3921931587365,-41.2768262756718,27.19611032785
-16.2962923948815,-40.8852089162603,27.0345613956136
-16.8713106505505,-41.2370682588303,27.2414833307027
-17.5350451062077,-41.1257051041255,26.7858316556715
-15.9064955725705,-41.0541015639774,27.3751859592051
-17.3634731164156,-40.8786867265249,26.9609769247146
-17.2036117135629,-41.1119630886846,27.1310352684065
-16.7059841161939,-41.1191167813565,27.4446120567819
-16.4775182461949,-40.8226809554072,26.9304773574933
-16.3231042323323,-41.2890120973543,27.085499040485
-16.5363485612962,-40.8028594519851,27.6186466918214
-16.761926399715,-41.4603417362122,26.8553441442674
-16.2476919454486,-40.8880812711971,27.1807115525391
-16.800790406599,-41.6599617412306,27.3368806595273
-16.6681553396646,-41.0359126999178,27.5319180613569
-16.8896081165004,-41.4208577765816,27.7343308058338
-16.9266466370781,-40.9323196104566,27.3636980162107
-16.5921059845099,-41.2421928363442,27.094483656514
-17.2058796941904,-41.0300375841571,26.6532142460212
-16.7534012174694,-41.2822104800835,27.6475848298389
-16.9114346922041,-40.8445030880909,26.8724006557267
-16.8136399686835,-41.1461252813113,27.5489358262144
-16.6711089248545,-40.953234403859,26.795583430674
-16.5590346828416,-40.8383827327784,27.0597627945299
-16.5274419983913,-41.0747949786871,27.975555319079
-16.8282255718925,-41.0550855341537,26.8724382441574
-16.3800547088293,-41.5212149396728,26.9574429591659
-17.3479773632751,-41.323046952312,27.5333546280882
-16.4708778098427,-41.3218738293125,27.273238804173
-17.2112234756655,-41.3965728843973,27.2477187667981
-16.7406131553526,-40.7347163737003,27.0922265930013
-16.6884727384281,-40.9414537650757,27.1105686859884
-17.0097707979877,-41.3742799108044,27.3713752865888
-16.8978100016182,-40.9287614055871,26.7625248389504
-16.9846115142586,-41.3392833777585,27.047385313279
-16.376183837787,-41.3198282802277,27.0844334688411
-16.7258132170939,-41.1132932103902,27.4316179552904
-16.7629100107014,-41.8183043225635,27.4810052781953
-16.5417135388711,-40.9680065671704,26.923822689216
-16.7622925292298,-40.8523733635677,27.2934437508522
-16.7420255132614,-41.3206552700949,27.4538358615977
-16.5283599143914,-41.3658813230112,27.0489401454256
-16.5515321821175,-41.2335225515456,27.247297221023
-17.1432191398068,-40.7781302483655,27.6292514398317
-17.0279890666974,-41.6042140351641,27.2522820513991
-16.3887228143416,-41.1892048071122,27.3757455728527
-16.9586979787628,-40.8582188118059,27.0622231835584
-16.432705741255,-41.4421645437257,27.5398923309711
-16.9303446336206,-41.2738199945504,27.4606818278267
-16.4770511637594,-40.8100295406318,27.3915140769242
-17.0003573951807,-40.7753571974647,27.4875922846933
-16.7622448007111,-41.4483442063456,27.1571927014323
-16.7100303272919,-40.7772941903375,27.3121806826102
-16.4105922331471,-41.2009051065059,27.3988230527103
-16.7138585852565,-41.2475840742839,26.5792202086409
-16.2334827467182,-41.1953764616513,27.7647247988995
-16.9783111587773,-41.470378141793,26.8382240656315
-17.1703139134044,-40.770896622462,27.3364140821036
-16.6122850661703,-41.0962980654816,27.1942726794938
-16.6301953847068,-40.6573067737856,27.0625241670852
-16.8264007218922,-41.3433103132786,27.3783346649341
-16.4403717150249,-40.7620043854585,27.2926091899097
-17.2423039066421,-41.0787926315727,27.4881595814957
-16.4852244136647,-41.0555251504169,27.4827522735827
-16.7723748929599,-41.197198870955,27.7214734990669
-16.6230243891294,-41.3180343447715,26.9146359091492
-16.8770170939497,-41.5696374478669,27.3457779788129
-16.6033355899027,-41.287344037153,27.6161458160805
-16.5664625059821,-41.5119686133767,27.1361081170298
-16.4060029566844,-41.2170131152501,27.2597086693588
-16.5380177370349,-40.7832974059725,27.391568610657
-16.6259580957398,-40.9562984468591,26.823949492361
-16.7341529428377,-41.2757156473481,27.0697847278978
-16.7975349951341,-40.8449532810605,27.2990604967861
-16.4401261868509,-41.0126404376502,27.1238001246735
-16.9287092964256,-41.3762373721035,26.9417124634728
-16.4242218522931,-40.9840696772452,26.9993909939898
-16.6662817986163,-41.296288560403,27.0492004433892
-16.3930139042673,-40.9144498957385,27.3102504112704
-16.5533098103781,-41.2183548428149,27.9439091686363
-16.6715049696268,-40.3419698748861,27.9162185661697
-16.9993959947161,-40.8760541230047,27.2584504192831
-16.6138231393506,-41.4973501457443,27.1844774781817
-16.7031639289214,-41.3833227924311,27.5069357122585
-16.450997068578,-40.6740908578222,26.9665330728943
-17.0234772728938,-41.4105336156594,27.3870378718268
-16.66951897901,-41.6244567429974,26.7598066657833
-16.7906213019121,-40.6116698557709,27.5722620314973
-16.9795397887337,-41.3993455825316,27.2784962466016
-16.6967655113729,-41.2957972260124,26.9141701964867
-15.9356158408427,-41.0756027984704,27.3998460235543
-16.4059860880331,-40.7088525589579,27.3915220990844
-17.0137920329756,-40.7856792616612,27.212135320255
-17.0444678318229,-40.894085081522,27.5228007354356
-16.7874459575563,-40.8541749417167,27.6926560500593
-16.8765009597688,-40.8309271205573,26.7801486198775
-16.5390402919075,-40.9284918134862,27.0551218221392
-17.1595387959213,-41.1860553504088,27.5321433354491
-16.9156154763921,-40.9428696220919,27.3161587606998
-16.4924310478372,-41.4875813304515,27.3936111880714
-16.4026133098578,-41.0042698871241,27.1256635039045
-16.7671202247819,-41.3514012764524,26.6949138273555
-16.8306944243427,-41.2440381824143,27.3221002521645
-16.4514218254351,-41.4369551895045,26.8580734383501
-16.8340943816898,-41.446707122157,26.7162742045162
-16.6716872739294,-40.8090963551469,27.3520373297576
-16.3169804843499,-41.7026176752944,27.3572717857537
-16.6392199282321,-41.5097299670311,27.0535749513243
-16.6420770431333,-41.1132441595141,27.2522197070984
-16.6630919379136,-41.0634647634821,27.0414338078013
-16.7384358038602,-40.7922576065053,26.8753837376112
-16.5054058909646,-40.8005605657553,27.7384893677276
-16.5656599062595,-41.7680018659692,27.5808670515381
-16.6126493903299,-41.1896544076726,27.1397477463906
-16.7631963566215,-40.7250255421034,27.3618795398524
-16.9059553424836,-41.6311226843882,27.1764734676817
-17.0987577507218,-41.0981623919241,27.2282150177143
-16.1636156266568,-41.2435521592249,27.5199877232219
-16.8636471208141,-40.8804734052854,27.5866339936976
-17.3082538304284,-41.1819713473615,27.5733645180075
-16.6926199158888,-41.3149236428857,26.914404448987
-16.0697326786993,-40.8001791049948,27.6824955871873
-16.7507187710598,-41.4344322801132,27.4136807979944
-17.0321774375314,-41.0614546957492,27.7634155047926
-16.7457335404013,-41.4525018743129,27.6053306502932
-16.8470004768885,-40.7646443562441,27.5233580253774
-16.9863600977839,-40.848072462431,27.6492508840262
-17.0678643441288,-41.5095363354806,27.5752055867617
-16.7403913602053,-41.3147179517873,26.9662584527051
-16.4624782571332,-41.1105884786965,27.2098636663449
-16.6688612894509,-40.9016999185849,27.5243667048557
-16.76180268035,-41.5063996486877,27.0998981232002
-16.691302048563,-41.2303570217536,27.2702613622687
-16.4743231378,-41.4598637552875,26.7729358076069
-16.8277934353613,-40.99262977274,27.2698119094282
-16.5160721197468,-40.7592251381452,27.5124270721561
-16.169401643925,-41.2800049864466,27.5778795642077
-15.9193739974831,-40.6225337393761,26.9975477793838
-16.8436682778871,-41.1471044567387,26.8250781336018
-16.4921829323308,-41.0353233885745,27.0441023352384
-17.6533867577708,-40.9288156262642,27.1555805911714
-15.9315936271012,-41.0432901413661,26.8885082478987
-17.1296504703142,-41.0038767290352,26.897584292327
-16.730863593067,-40.8371040034231,27.7050419990343
-16.3873529369287,-40.6075498764199,26.9733598502671
-16.9585350813354,-40.8610622286766,27.3901747808458
-16.4375740326438,-40.5982784004193,26.8378366925561
-16.8423319407367,-40.9108412627911,27.424844263323
-16.2466198679569,-41.2074783595491,27.5554957271989
-17.1261048028976,-40.9079834229987,27.0648982227799
-16.5809661420717,-40.597130376285,27.9486403932854
-16.1381907977022,-40.9908874287216,27.3839677318739
-16.6338699089213,-41.238573920453,27.1724743356616
-16.9619343777898,-41.1678745537751,27.511780039832
-16.7957211342584,-41.5178142143632,27.3668601273981
-16.6677713475019,-41.0522802864605,27.1376563054129
-16.4864790461081,-40.7778193423327,27.7157008617025
-16.9079544842973,-41.3433278386639,27.1737338280163
-16.4733150278749,-41.2521411425713,27.8247456723913
-17.0085167507487,-40.7437615770077,27.0671154657627
-16.1858181770483,-41.3216181675341,27.6361351643792
-16.9371454293126,-41.2199728164401,27.4251624095017
-16.7312069554484,-41.1350408724993,27.8029521141348
-17.0630305623196,-40.8922344824334,27.307296150105
-16.8349993654326,-40.9249205769209,27.7533977808899
-16.7276916635871,-40.3367887404507,27.1689553102929
-16.5602270784506,-40.8066058977517,27.5215686018502
-16.5338630808596,-40.8913025651124,27.6272978257177
-17.3104274868499,-40.6771966022808,27.5301941032564
-16.6597109101862,-41.3112399033543,27.6533926239111
-16.5378802082751,-40.7615025116409,27.5287087430977
-16.3963019212518,-40.6473098722788,27.9939750496661
-16.9492327911471,-40.7205650795383,27.0988486046861
-16.3610887953797,-40.9832544109654,27.768032292946
-16.2184062703852,-40.466651953665,27.2992104127531
-16.758253055163,-40.5233932997758,27.0510830687997
-16.4180491376237,-41.0944622190395,27.3558877243679
-16.8436850294605,-41.0310685500905,27.4462819530506
-16.5091954887269,-40.7534028753111,27.7726557970359
-16.8199838734155,-40.8467992403826,27.6830023422903
-16.5021652279587,-40.8341050283182,27.5335486410785
-16.1910300865856,-40.8086272683074,27.4029247986088
-16.9150074501361,-40.4973782157893,28.0931700300093
-16.7746696038311,-40.8198908985269,27.099021140609
-16.7960865428173,-40.8948111998801,27.589959535739
-16.5123146847279,-41.6802530312748,27.4499140396901
-16.6781825379393,-40.9761820389936,27.2104807938948
-16.4828626144219,-40.7949485557152,27.653866000122
-16.4819380032864,-41.32592233385,27.2466897040875
-16.4184028924442,-40.7090144519444,27.4626602378372
-16.4392233101231,-40.7824078517543,28.0245944431312
-17.1862022833101,-40.8728428295181,27.2837539832276
-16.6010247419694,-41.1296107843995,27.3588560127212
-16.5380395026211,-40.7084862133269,27.7601499569486
-16.9807488779647,-41.1241448644849,27.8373367065097
-16.3272515373042,-41.1190179829249,27.4137766166639
-16.8026810761309,-40.901202649116,27.1975787389482
-16.2911999341216,-40.6000635053364,27.1882268361927
-15.8837222364662,-41.1231604055129,27.6332984959177
-17.1704256841515,-40.5965493209637,27.6149295829875
-16.5733323075517,-40.8047901823933,27.8397515750075
-16.4260214043117,-41.1328957523167,27.8510977766775
-16.9116876243569,-40.3041463611542,27.5177904451151
-16.4548273993985,-40.6971612892427,27.4039663975756
-16.7591350483242,-41.1444999972753,27.4130080441146
-16.7707140297962,-40.9874866657599,27.8391571741339
-17.3238293625482,-41.1173421073101,26.9738113410296
-16.4800576540996,-41.4714903191812,27.4977374419873
-16.5505411592677,-40.4406985663373,27.5857951525848
-16.4634078722035,-41.2215369661315,27.0485605662659
-16.4964534649942,-40.668283966356,27.2303336366167
-16.6195797797837,-41.1386744326516,27.5019049555814
-16.5638180295896,-41.3884454641944,27.8651233904419
-16.971637766648,-40.226364775471,27.4547751737648
-16.6578475232305,-40.7759936966817,27.507899257856
-16.3401395839427,-41.4234945598654,27.3910385253422
-16.530572625172,-40.9629257452042,27.2589094180372
-16.5477265331104,-40.279173881525,27.5304640436266
-16.4946839833121,-41.0584199891282,27.3059471655784
-16.4494460499325,-41.095091811937,28.4094328778546
-16.4384868844369,-40.8068144075352,27.6725655709548
-16.9598286732139,-41.2112202848239,27.5296700905966
-16.8565382275839,-41.0678981685688,27.5000097527218
-16.7711783683677,-40.9903883028074,27.5704616794256
-16.2799539351651,-40.7233231855241,28.0840286166958
-15.7298197406886,-40.9125107656607,27.3514104371034
-16.5431556175282,-40.8875481904987,27.2057286193267
-16.9441351027552,-40.8332358244945,27.5724762360713
-16.6497054054936,-40.5569748539058,27.1550929427138
-16.4883401615374,-40.7719435878435,27.5072498426936
-16.3217454037011,-40.4345712870603,27.3192200778577
-16.0811685349693,-40.2909964123591,27.3740369255801
-16.9877832498032,-41.036995728468,27.655195442737
-17.1558384445411,-40.765597103875,27.6467127884164
-16.5322436776927,-40.1994846751794,27.5636160288055
-16.3063433558903,-40.8839601893787,27.4843536769671
-16.6291525559653,-40.6671032548905,27.3421292070179
-16.8906831373358,-40.6020465783053,27.095169030807
-16.6100164569957,-40.033709716245,27.316799192028
-16.7824309223263,-40.6932983290679,27.1459584499254
-16.9253855737054,-41.3055456741879,27.6030151686825
-17.1680403625016,-40.8623484530548,27.2833066063117
-16.6510486762336,-40.3813894190624,27.2144861697265
-16.0573067497543,-40.8338107830085,27.2234522764204
-16.6221811497814,-40.5293980636733,27.5815015091667
-16.662222801414,-40.7144723509282,27.9771983889478
-16.8082836092687,-40.9690606782417,27.163486138702
-16.5148749990634,-40.7098320052545,27.9384750479927
-17.0412554586696,-40.9428141980494,27.1957893815992
-16.9121183190884,-40.5097430721059,26.8560004483274
-16.9095718343052,-40.8099676012633,28.2667314026515
-16.7220520324546,-40.9431959799583,27.0599854359865
-16.9645163831079,-40.5761245285319,27.470559994176
-16.6968626832332,-40.7452214230283,27.1106695514807
-16.8250811426911,-40.5982114156299,27.0027538172807
-16.7593988759744,-40.9817145404799,27.5432820820369
-16.7390427377267,-40.5374299326538,27.8667423285031
-16.6378662513089,-41.2317926205547,28.2057744996032
-16.8162417062124,-40.9360006400063,27.4852906511517
-17.1388253387777,-40.552375204636,27.7486161174664
-16.8111519870831,-40.4053734292292,27.5870200098038
-16.387286120933,-40.6826896396086,27.7894419280797
-16.4918474260732,-40.7540046262436,28.1489759549688
-16.6636060690902,-40.7709674287569,27.2902377173796
-17.1800886700467,-40.3276741670693,27.5310475798932
-17.1821064395504,-40.6035246172728,27.8768241039563
-16.3999937218548,-40.8460940460998,27.6089119258608
-16.6431212911125,-40.5132175660875,27.2862591122565
-16.6059329590582,-40.8084136579687,28.0568109300704
-16.7646425691234,-40.4700708028349,27.6378054728946
-16.4120477922194,-41.1942498517916,27.8793782902693
-16.4769957719538,-40.432843690418,27.6541406982869
-17.4192711798305,-40.6641698759743,28.0803251964991
-16.4148002096069,-40.2585324283874,27.4016746305737
-16.8582613659905,-41.1857469361242,27.6401812346808
-16.853972850036,-40.2701004572338,27.3327130282203
-16.7029590487243,-40.9340498359783,28.2925715235806
-16.7118580281016,-40.7247181689896,27.6735306927571
-16.6144228362601,-41.383774146804,27.1711220924165
-16.5827484704313,-41.14306587673,28.1347749802752
-16.6598344302733,-40.1465445273091,27.7800575997722
-16.5052675522954,-40.8407077729604,27.3608794360816
-17.049139320237,-40.761068981514,27.1956511982949
-16.2777892212093,-40.9893143504842,27.7190374687977
-17.0243970125598,-40.9333623723691,27.9357799908944
-16.7851115914057,-40.7742357389927,27.8581987195135
-16.6492679253245,-40.6726706469369,28.5385157458856
-17.2013560125669,-40.5198023802197,27.3517056075058
-16.4673666652536,-40.9677701360768,27.5284088570432
-16.6324821181529,-40.5353582582162,28.0522038265544
-16.8410686728261,-40.8378027815857,28.2705558693234
-16.8264399622687,-40.5928527033518,27.5997584929926
-16.6798264439447,-40.8490988231545,28.2774697446344
-16.4778347731478,-40.8903064261396,27.8779585162467
-16.4091393017224,-41.0414047181809,27.6180284650471
-16.3537502084205,-40.9798247138193,27.8333624026897
-16.593886671958,-40.6403921084401,27.3241200993506
-16.6837324037149,-40.9030543455657,27.5920094693081
-16.6040204388213,-40.7693642270493,27.6144717242626
-16.5192593077015,-40.9282271352157,27.45121913509
-16.1376525036321,-40.8726716103168,28.3431044572892
-16.5789513430747,-40.3037823666187,27.8096708135561
-17.2036206030226,-40.3828678321589,27.8758181878972
-16.6842849082694,-40.5738544447409,28.1835027484619
-16.014912159642,-40.7657822406171,27.5071758058276
-16.7392749557356,-40.9859343905555,27.7226549058452
-16.8127299326533,-40.6764374028616,27.7207573987813
-16.1536002305486,-40.7078961055773,27.6994288521611
-17.3017631814385,-40.4204294342803,27.7273904114317
-16.7048680280158,-40.9389114768654,28.1225501870481
-17.0694443616367,-40.5325353220056,27.6692241682589
-16.5426434129998,-40.6617817570845,27.9102921307644
-16.1761002533471,-40.0915734709191,27.2356188946452
-16.6294833431059,-40.5111186801667,27.2210396442502
-16.0176943565809,-40.0465614424057,27.4887038741448
-16.5846012944526,-40.7614401480216,27.5844452674115
-16.7740045005685,-40.7248440341786,27.9958286231722
-16.9076294476163,-40.7713231444408,27.8709388580506
-16.5008674092467,-40.6694334772173,28.3066849167112
-16.6181067738015,-40.0384364458713,27.1921648577648
-16.4086463637026,-40.7694750156756,27.5898291071925
-17.2552672229621,-40.5162609650724,27.6914527459113
-16.9346780473019,-40.7165728727036,27.8347454898079
-17.0856750094894,-40.0165780907131,27.3231235789194
-16.8498619940971,-40.8791209014096,28.0734752726794
-16.752273631692,-40.5293077758728,27.9158936652491
-16.4146958287216,-40.6408001508892,27.7070477841416
-16.578207318797,-40.8520493273444,27.8047357078631
-16.4263098420229,-40.2725259000526,27.6672278460783
-16.5696185929283,-40.2439515557197,27.8371920531231
-16.3536553894982,-40.6102693016029,28.1073582725246
-16.6080319133792,-40.471615063849,27.756022655392
-17.1518175371281,-40.8588012757287,27.6457833871625
-16.9948763868807,-40.6222957649441,28.2682398114806
-16.6149015754797,-40.3822545776322,28.0353887622231
-16.0204245130175,-40.737231600348,28.1616081394929
-16.0881963140613,-40.7666909865185,28.2107115423871
-16.2297118804544,-41.1416080527058,27.7053533257916
-16.9394629567359,-41.2483823129753,27.8295705390817
-16.9544192888216,-41.0071196708671,27.5167208452768
-16.6592250111539,-40.7322725437197,27.8802511256875
-16.9353289540439,-40.6641444270977,28.1439705669069
-16.200272408623,-40.5844445700147,28.2598046943378
-16.5082856321194,-40.6470734341606,27.4373927446958
-16.5378574400582,-40.5502747328483,28.0234769241965
-16.5325707424505,-40.9704381583367,28.1423316295294
-16.7892159528949,-41.2052260607733,27.7430707259561
-16.2240191754909,-40.7846927005734,28.3214916624179
-15.9313644516267,-40.5187177504086,28.0224059165128
-16.1411778192656,-40.257931495824,28.4895452669161
-16.5591290119161,-40.5042659580103,28.0004039483476
-16.764758536003,-40.6007958142275,28.1467951137326
-16.6071393717455,-40.719475217576,27.6585385835774
-16.6753987017999,-41.0915532843326,27.6557027394817
-16.5763377694407,-40.733808973485,28.0307775910598
-16.2671577689144,-40.5961315962721,27.6709515433141
-16.2253237001265,-40.6793488765922,27.7105691890837
-16.4759783546463,-40.18092798103,27.9541966274732
-16.689081480178,-40.5077085685683,28.0705841579959
-16.2490517636448,-40.3108106155168,28.2496393654587
-16.532457142843,-40.7692713274499,27.7302362553158
-16.4785695412989,-40.7209229344355,28.1728345291206
-16.0917656956775,-41.1229283951117,27.8107761886393
-16.742413299766,-40.366331907844,28.6093520288605
-16.5480539798931,-40.5316821462144,28.0521770860769
-16.9881328042674,-40.4066766486328,28.7516262377086
-16.6012129524289,-40.7835437630668,28.1749100168627
-16.8480672039509,-40.497051537446,28.119967586026
-16.871894170198,-40.6432670208992,27.8501753936471
-17.1766982764056,-40.3513081141582,28.1993299177597
-16.807911843239,-40.2449056855156,28.2279307651463
-16.8949679205992,-40.8489541517186,27.9236088969666
-16.8084743046756,-40.7394949052689,28.111674013442
-16.8784555991836,-40.2149557804673,28.6010027973295
-16.8064725512345,-40.4719962572293,28.0036507642807
-16.788853955638,-40.1486294289883,28.297041513384
-16.9862635125417,-40.6025688817268,28.1704973387467
-16.5470040761263,-40.5140193414891,28.3102249695072
-16.511604154794,-40.6752240503288,27.9783753802473
-16.5938712637773,-40.3062899880488,28.5553158171891
-16.4497700126741,-40.8040858748996,28.2118312309993
-16.5885797435369,-40.915484201555,28.4349680339921
-16.3575553085381,-40.7972701447346,28.3625295832044
-16.2540602562301,-40.630983213994,28.776362218447
-16.3499995214766,-40.4178249871018,28.3250162569189
-16.8769994161777,-40.7492414757898,28.6832377856142
-16.8215113210362,-40.6883643043897,28.4896772848971
-16.8990818928254,-40.1588031001395,28.8538397200343
-16.5224913660019,-40.7874547077216,28.1666640367895
-16.8115260923822,-40.3272251996115,28.156858284248
-16.1284253145276,-40.491356063124,28.4762603635122
-16.6825449827687,-40.7082152254124,28.1906578384863
-17.0980991635828,-40.4178596589944,28.1242161966557
-16.605994908444,-40.8818164747593,27.7548494807
-16.7398026960599,-40.4640336870193,28.377667067689
-16.5146678188898,-40.1067366051248,28.3007906139193
-16.6267156767823,-40.4890759648553,28.3455975903971
-16.2963420696754,-40.7543380041976,27.8295593576328
-17.0082753687439,-40.4929210242669,28.970960085622
-16.9000578270121,-40.1731243757552,28.3593552816614
-16.3907656217279,-40.2052400708062,27.9930591635464
-16.5332435628651,-40.4588371971149,28.7038381236758
-16.5676329395266,-40.2774947422124,28.2083741789941
-16.7502939304036,-40.5618628866831,28.1616525986997
-16.208747042573,-40.0626287620896,28.5216181641744
-16.7696992619922,-39.9825028876329,28.444481442591
-16.2092350458117,-40.7040408573307,27.8931961366222
-16.4101647848277,-40.4836558042629,28.7035029574324
-16.7360312068862,-40.4929115419604,28.3500203451235
-16.3917967064304,-40.220669309535,28.3681864121182
-16.5042991897345,-40.3347956235772,28.0025911264106
-16.642321046732,-40.3318500978898,28.1817817456403
-16.430875069393,-40.5665222555378,27.8739627967629
-16.6386963628329,-40.5597731207469,28.537474479644
-16.4295687418048,-40.7352598228877,28.3611083799832
-16.5111117642266,-40.5305349283036,28.0392435227902
-16.1836330585182,-40.448876210313,28.3326424723489
-16.3431836854847,-40.9192063028268,27.9491328140402
-16.4991130670593,-40.1905291846485,27.9836898235723
-16.5020378111959,-39.9671007252526,28.4569545565093
-16.9242362488191,-40.6635731894391,28.2230749087099
-16.4893336900702,-40.4893362683264,28.802110013012
-16.5303384585882,-40.5682716752851,28.2392752426013
-16.1848963360673,-40.2374395288808,28.7383758426777
-16.6342213348577,-40.1688354608876,28.6128277115136
-16.4095438297489,-40.4691229248531,28.339907425108
-16.7861208592936,-40.2392801440169,28.357086075648
-16.4432547796106,-40.6628918443081,28.5429662873724
-16.5875673421278,-40.6044891638693,28.9082747729529
-16.4505781818434,-40.0991938802268,28.6533119261618
-16.456584454892,-40.0615651219981,27.9266671659208
-16.5967143787493,-40.3710706870235,28.2175100503794
-16.8604536280015,-40.1139059446031,28.7497483408363
-16.3636517929863,-39.8056877455091,28.6613744319094
-17.1961802996851,-39.7919423214876,27.8970409338535
-17.0696068441946,-40.3993509847985,28.316050540102
-16.7829415604091,-40.2809585359966,28.893301232331
-16.2585157670453,-40.313225621843,28.5900861584345
-16.4767442704675,-40.4480267907154,28.3805350606858
-16.5296170760883,-40.2922317315139,28.6246517578412
-16.3916855893236,-40.1011243494558,28.3125360446531
-16.9415854586759,-40.1677765969702,28.3171135724798
-16.5818823554699,-40.7636431006198,28.6483936242813
-17.5412304256385,-40.5711376691975,29.0275109215939
-16.5262475431716,-40.4383994872726,28.4842815717181
-16.5688908922439,-40.4802333663101,29.0621349103201
-16.4916838644457,-40.5848655299257,28.594529145628
-16.939665275895,-40.209014213199,28.8326759452506
-17.0743091672172,-40.1574118436579,28.3001972054499
-16.7316749496425,-40.2441424458609,28.6543064905922
-16.2055672222638,-40.4569913597914,28.4755550659349
-16.4506654246735,-39.8535565588569,28.9348558210373
-16.2824464133432,-40.4527837494485,29.0145752903638
-16.287759276153,-40.1449995121101,28.5484865693868
-16.7645108408927,-39.9618345406841,28.167518858806
-16.2650818730828,-40.6506825904204,28.2551403870124
-16.5857376240123,-40.1232250355459,28.9788288068541
-16.7400482112001,-40.3877598025598,28.6213821048619
-16.2834512073733,-40.52269416975,29.0388781827564
-16.7430113780871,-40.4133889065094,29.0043559210628
-16.6715333148549,-40.3440660916779,28.3018686770537
-17.0049736481207,-40.299894229692,28.3345514471526
-16.7071735234736,-40.3217261201999,29.0944126396974
-16.7358780221083,-40.4540391223305,28.7083569915786
-16.8243794317017,-40.0126422086401,28.2264710289451
-16.4597852775082,-40.3089838027783,28.5652616178912
-16.8800263105999,-40.24535367565,28.6672180729119
-16.0542319096227,-40.3044826173532,29.1650703649587
-16.7176468623635,-40.2446348595001,28.9600001889239
-16.4013727980004,-40.205415311381,28.7550813151563
-16.032088681327,-40.2798213703901,28.46497073724
-16.5611880038436,-40.1002655287537,28.4614371707968
-16.8719987483426,-40.3397905928669,28.5973635123896
-15.8606827683158,-40.098008718083,28.5287275974191
-16.4709701537897,-40.3069451013021,29.0703280380387
-16.4717065689276,-39.9052358590584,28.6901515710439
-16.0278239676185,-40.1880370294034,28.7070899177109
-16.7805270756232,-40.303507396961,28.7983923498734
-16.4107196188571,-39.6355084004351,29.0442471226039
-16.5248110805684,-40.0635446406347,28.6711738667334
-16.6256091595344,-40.1363817213475,28.7221216248201
-16.825301240162,-40.4774897425917,28.8548388667976
-16.291038924476,-40.2857463291568,28.7093923574681
-16.2922970588949,-40.1900349069465,28.6193085462081
-17.3856280472785,-40.0617288125512,28.940666250066
-16.1540490694652,-40.6559033931443,28.9750131527229
-16.6034579144857,-40.5593059427908,29.0882181979473
-16.6896456836826,-40.3991240820466,29.1533783648626
-16.625749514521,-40.0391479644855,28.5011419089335
-16.5450991427149,-40.0972971986431,28.4668934913235
-16.3639480725772,-40.0330931950459,28.6139193461939
-16.6130953778718,-40.2308945119429,28.6047894531904
-16.6060063348511,-40.1343998050345,28.6786377544586
-16.7698750442918,-40.2004860534036,28.8621177127098
-16.227185660962,-39.9065672509913,28.5446940891534
-16.3894629043794,-40.1759766605247,28.7682099859171
-17.0103064183646,-40.2108526304343,29.0375942265383
-16.5689985490637,-39.8283525331124,29.1053104427759
-16.5148404119427,-39.56688771842,29.0282294018205
-16.3939067419968,-40.1875555630474,29.2873573383721
-16.3060857352911,-39.8735701629937,28.8746632176814
-16.262627906233,-40.0102595480321,29.0074473958443
-16.3432591257834,-40.3713799746252,28.5708411147631
-16.1338628155492,-39.9622903066238,28.9374674961918
-16.2644446513891,-40.0793762743431,28.8961608507429
-16.2176901573504,-40.0300772242869,28.9469194380862
-16.4394277121616,-40.0895199812325,29.2122694374866
-17.2648003649569,-40.4239829165723,28.7671401697357
-16.5673710772416,-39.714174530282,28.3730375604264
-16.4904168872046,-39.2422935737814,29.1334385668657
-17.1915516250301,-39.9531615781142,29.1286540147868
-16.3672998230834,-39.3049017719461,28.559103305431
-16.7706956332776,-39.5439002981899,28.84662484162
-16.5980384065339,-39.5524824339117,29.0719336042744
-16.9393046532519,-39.9289759725753,28.8939207501962
-16.8550512317286,-40.2434690188071,28.7080377916942
-16.4585611215309,-39.7270609300172,29.6744896290819
-16.6577369916137,-40.0402773338664,29.427414349459
-17.222650637703,-39.5699361993592,28.8059173220952
-16.2557085604625,-40.1239025336816,28.608324132949
-16.5461069730026,-40.2196554591509,28.805442636891
-16.6149650150279,-40.4354664724467,29.313595448999
-16.282818405423,-39.8063023477059,29.3626056205803
-15.9433134019217,-40.0653124307463,28.7660359049177
-16.4569668195498,-40.0729803340091,29.2532287065906
-16.6104645880276,-39.1955615453131,28.5412044651392
-17.136531753032,-40.078843620436,29.043680607184
-16.8666247047891,-39.7136523217001,28.844779039546
-16.1179203959496,-40.4356687013883,28.8610736276725
-16.533203254818,-39.4981861799392,29.0585661591786
-16.5019325534343,-39.3891352124078,29.3712343838497
-16.0039591751806,-39.9559735360332,29.3716722296662
-17.3191031433393,-40.2398245033948,29.5759271444329
-16.0630877178743,-39.5716172248414,28.9888360336107
-16.7388977563469,-39.8232167751331,29.1762739764366
-16.159140203646,-39.9789447462436,29.1585999313853
-16.4482785997578,-40.0941470254002,29.1281593203139
-16.7216211578315,-39.9984067830822,29.8928576640271
-16.23191002672,-39.8426559632748,29.3542720280039
-16.4147488472896,-39.9366592333478,28.5131738233576
-16.6528569125763,-39.5708158655515,29.0675441645212
-16.4968887070559,-40.0321062157519,29.2651747452002
-16.1881594168944,-39.8410803636365,28.6887971761546
-16.383660989607,-39.7925994324056,28.9823642095074
-16.7969662725395,-39.835793207834,29.1355078156416
-16.3817592528796,-39.8995249865506,29.2036588289912
-16.1754999962447,-40.1334730215339,29.5120518574916
-16.2249690716222,-39.6166541011136,29.7932335369272
-16.6882562017314,-39.5021343080665,29.1879840952222
-16.6038643061979,-40.1397882967794,29.9258734187224
-15.7854260450228,-39.6111230091869,29.2564540053277
-16.1520521469478,-39.5521501268913,29.8806362429095
-16.760201747631,-39.9389504053192,29.3990259430052
-16.3432222508011,-40.1277437841939,29.1901662228897
-16.3367698918352,-40.0767129123293,29.3551211228568
-16.425429464548,-39.5886214966833,29.106180347896
-16.1162269077684,-39.7552456253224,29.1920880810397
-16.7453062687134,-39.9531102683839,29.4626785194147
-17.2251669094741,-39.610686566457,29.1938756322022
-16.0037260328995,-39.653749645282,29.161819968607
-16.2649867146128,-39.2227956230719,29.1384902487614
-17.0538798053545,-39.1890300000299,29.6794065594039
-16.6886320158794,-39.986162448296,29.5049703135111
-16.5981121040278,-39.4327910231305,29.2250429337114
-16.9737082751169,-39.7063299659419,29.1986445720415
-16.5254715989528,-40.1539248962385,29.1665509836942
-16.6298038382068,-39.760079240403,29.7079609675926
-16.3307706252443,-39.3852235806831,28.8189139329993
-15.7394567421332,-39.5715837139563,29.0481093131938
-16.4330573364593,-39.7663235385496,29.1150592548586
-16.3436952879566,-39.3479781162062,29.3982266126106
-16.0050170172943,-38.9562560628181,29.3936992382695
-16.5251173347585,-40.0439875980508,29.4500267277774
-16.1827838886724,-39.3807757901024,29.4105641966474
-16.3330120964805,-39.7428981312689,29.9451552613508
-16.1931300440473,-39.1821409165442,29.9978674750744
-17.0945840246879,-40.0453204939772,29.2000875496903
-16.1440440726787,-39.9460182631133,29.1705895866023
-16.3679641521274,-39.5224062032906,29.3779105246724
-16.7796362150985,-39.3957762013772,29.4244199716284
-16.306388618076,-39.5898177193776,29.6614218322262
-16.6163863664006,-39.3085389833324,30.0297342420558
-16.8310170245249,-39.9136588426144,29.2084105098964
-15.8742275286173,-39.8789399931579,29.8457649787944
-16.8732925999996,-39.3997484209627,29.0315833233705
-16.5988453469658,-39.5892797865663,29.5900750573154
-16.7597096898977,-39.9413767086142,29.7473749706269
-16.2585528007087,-39.5293617278641,29.4247772435045
-16.5870133326393,-39.7474604120041,29.4042083590588
-16.595200452801,-39.5389111310424,29.5935262044944
-16.9129688133394,-39.4757810541328,29.6524987949277
-16.7587924280403,-39.6670435492589,30.0653915212745
-15.9739991212779,-39.5272997051168,29.6417286907042
-16.1638329537515,-39.387070783849,29.1414191108732
-16.6264679769545,-39.348078756594,29.4709679729074
-16.257768555718,-39.6441714947944,30.0363879115807
-16.563908946592,-39.4670637565368,29.3748724676747
-15.9306013932424,-39.5671287732587,29.8429712172654
-16.1962297179306,-39.1213548580671,29.2785524142519
-16.7380576138218,-39.9037671826726,29.3498573809521
-16.4010641880024,-39.7672163883117,29.9358764912193
-16.4153870446365,-39.5689644652809,29.108860854546
-16.8218160266129,-39.201151728902,29.2635244723909
-16.6999387291879,-39.5499984635132,29.887083162304
-16.9599861130088,-39.4337120216178,29.6008849522326
-16.4061370029007,-39.5177781710514,29.8208696892955
-16.0798976930443,-39.1902542133421,29.9567072679281
-16.3984869478808,-39.8300842124366,30.0397831100409
-16.1742604353853,-39.5046091754251,29.8448917240212
-16.086827805702,-39.1987789004074,29.6534542640566
-16.5580361598663,-39.8754404401407,30.3158887656285
-16.2201563741474,-39.4456892123424,29.925983245503
-16.7662220254906,-39.881910378354,29.7046748735276
-16.0931570257768,-39.3707502074616,29.8331592347226
-16.575785724839,-39.3073194340147,30.0299933768106
-16.2144425749605,-39.3499169767667,30.0007297952024
-16.6615779953681,-39.0415369517424,29.5815455347481
-16.650057667576,-39.6072795109488,30.2360083312587
-16.8189451548273,-39.1497544518498,29.0838515814744
-17.0739881777723,-39.625796088733,29.9302421175281
-16.350380654627,-39.3314854665099,30.3770525764386
-16.6859581130709,-39.2253028842939,30.0718761266993
-16.6810857509666,-39.5554049138937,29.6695327344755
-16.2412494561448,-39.2645341704527,30.5351335456466
-16.355698499685,-39.1842270033651,30.5282977511427
-16.3945616738487,-39.0369675538147,29.6721129960246
-16.1275288597897,-39.5765429805394,29.9691410757464
-16.3973073104619,-39.4481483463724,29.8970751792281
-16.4800200858023,-38.9671055615941,29.9224312304289
-15.7584416739662,-38.7764324019771,29.9797057412938
-16.7192013670935,-39.4631083402777,29.9491746340423
-15.6270414547069,-39.2690592946168,29.3164235933388
-16.4861837701996,-38.9637587076949,30.0580398851185
-16.1477568061222,-39.0134852496317,29.3335628391545
-16.7354585064675,-39.4500127307697,29.8419352865284
-16.7810158465942,-38.9714766164507,29.8887629342704
-16.5617484265762,-39.4167488995188,29.9042770531294
-16.2070742143556,-39.201656022711,29.9712414622625
-16.6010702933917,-39.2386910848562,29.6680043654675
-16.35890830874,-38.534081384157,29.3304749888915
-16.7195008172858,-39.4880469846341,29.7811336184274
-15.9356928983434,-38.9883977583918,29.6064343430527
-16.310116287633,-39.0009462457037,29.618666721362
-16.5742601418298,-39.1404468173947,30.175050330684
-16.2428316575171,-39.3193358711794,30.0214660554022
-16.76754442267,-39.673334832611,29.758668203259
-16.7005526570234,-39.1364689338727,30.3034766957275
-16.1615948757124,-39.102893744902,29.651973793747
-16.1390053650237,-39.4607327764404,29.5561897706587
-15.9289750809657,-39.6927715317687,29.4958172383376
-16.572712346927,-38.9089526792278,29.3276579229979
-16.8529111097059,-39.4533623516873,30.2365255875732
-16.0805090689416,-39.4145411370546,30.1088693149928
-16.7832935373958,-39.2920542364718,30.623196911689
-16.32634987569,-38.7183521422692,28.7427311376847
-16.4946803067158,-38.98476993776,30.1569853219457
-16.7403869150197,-39.1179053674042,30.320118052942
-16.8136394242241,-39.1566002196188,29.4206814188988
-16.1892651987035,-39.2655705359826,29.7883644870867
-16.8956800657271,-39.2115344089774,29.8464038753644
-16.3618841005864,-39.6698299862825,30.2358589008678
-16.5581683867837,-39.3106167795723,30.4412408795475
-16.9155865159017,-39.9579875397453,30.2484115945525
-16.1496135390504,-39.561626244786,30.2477544594368
-15.6709928662789,-39.0097535183043,30.0402870081419
-15.9348849385281,-39.0410034222355,30.6228191801476
-16.5306217313276,-39.0439834102378,30.3940186825301
-15.9665125486992,-38.6256602811091,30.4093336527851
-16.0874322971388,-39.2077990978942,30.3207965025479
-16.252607531106,-39.0852302566926,30.2664432916289
-16.2665915303838,-39.4052911510391,29.9732438955279
-16.7634835684141,-39.3411875703575,30.5926325977303
-16.557937289797,-39.2430394396871,30.2396600266537
-15.6414563337736,-39.1098146096257,29.9138156860901
-15.9205006122371,-39.2047098482136,30.4221837851142
-16.0113691769239,-38.8937152935008,29.8940801027405
-15.9397518416075,-38.8580478178674,30.711816532737
-16.2545368673619,-39.053573583941,30.015655207753
-16.0233100945721,-38.9441035855789,30.1766837643312
-16.1877342606133,-38.9375683433431,30.5865092070497
-16.1976784641191,-39.1349153069329,30.5102763189044
-16.4176955104598,-38.8372144630243,30.682817842465
-16.6251450728498,-39.2126230192213,30.546040212513
-16.7452128832738,-39.2043261721303,30.3396387906931
-16.4855509361761,-39.1309699154461,30.7061769132041
-16.6459307180485,-38.5871072026393,30.2096584307562
-16.2175276800382,-38.8720347967249,29.6170274316376
-16.8604755917812,-39.3658531149309,29.9892364463541
-16.4345795710785,-39.0919840431146,30.3638166462096
-16.3716802412185,-38.9246487508661,30.4551858718534
-16.5452585447334,-39.3978664054233,30.2830251584849
-16.2937589148659,-38.934001742483,30.3819940870762
-16.4484587428872,-39.0753214310686,31.0675423241401
-16.3068535658715,-38.8979292393339,30.4763459143509
-16.0876329871047,-39.0478111720885,30.6064013003982
-16.8250507691065,-39.0152227588464,30.5361125677681
-16.6963154656286,-38.5891917184072,30.4778399755416
-16.0541436725637,-38.7510955448528,30.3877271678469
-16.2881608642734,-38.6550611580385,30.132342810759
-16.2287044690761,-39.0691051068425,31.2393465073848
-16.4260294713275,-38.797160640338,30.7999105657701
-16.2218784455315,-38.3369168190588,30.1275162240463
-16.3943438734276,-39.1301409678547,30.4553570325711
-16.4288780419429,-38.5187231420945,30.7798790578243
-16.814430078489,-38.6259506968959,30.3968011488745
-16.0487521042019,-38.9087531615171,30.7451829292924
-16.4551605521835,-39.2226286917654,30.5006439061297
-16.0618865996492,-38.7050316988491,30.8051510614641
-16.8231517317071,-38.9780855062647,30.6584204466659
-16.4627702911746,-38.6107579993899,30.5428556453555
-16.1453310163335,-38.7116510631574,30.5893592802466
-15.9883267620171,-38.3658186563979,30.636257867824
-16.0972714183215,-38.6574109890077,31.1193028234891
-16.4129331151837,-38.5982276881835,31.0560777033329
-16.4105044569324,-38.801817573673,30.4627995878206
-16.4749943493834,-38.884959327105,30.4384760731086
-16.5352701908342,-38.7057567760779,30.6051769055193
-16.4820829320551,-38.4757011318994,30.4368080810487
-17.0168871286144,-38.5685573866876,30.8620580884957
-16.336228537491,-38.8400441894152,30.7330313731265
-16.5650085495461,-38.7235205864147,30.7840317958155
-17.0103655088754,-38.654639093078,30.5888162564715
-16.3089122113249,-39.2234086452789,30.5029638870793
-16.5760993096798,-38.9859551971049,30.3491324704887
-16.833515896352,-38.7665926907746,30.849232841386
-16.1279350988959,-38.5717768414944,30.7070763905444
-16.4700487366869,-38.9690529348383,30.4430594080907
-17.2958575242213,-38.6611150771915,30.9041683206818
-16.5905099746066,-39.0124337365863,30.9287633733776
-17.0463859654616,-38.9174200021519,31.066053203263
-16.3665359988687,-38.8167978834286,31.1508554439234
-16.7619920439593,-38.8009728404317,30.3976169291115
-16.6743421027558,-38.429116632614,30.3501293110465
-16.4055909411935,-38.1753634323558,30.3796640450449
-16.3771113823894,-39.1485208979553,30.9250619288884
-16.3312465598985,-38.5150935271207,31.042224805778
-16.5658814332345,-38.6132657111452,31.0437675012002
-16.3676971076861,-38.9821608036747,30.7258715374507
-16.3816978743115,-38.828007956602,30.7708635077786
-16.1841575552087,-39.0277484937077,30.8016373127236
-16.4131006776014,-39.0206997507733,30.9133692282376
-15.9933043956768,-38.5339828006557,31.4659479248063
-16.1517522540172,-38.1816790282471,31.1941795612806
-16.1127649342203,-38.4764923162855,30.3775604986654
-16.4341978161112,-38.6229297126327,30.8543698609936
-16.3321227153766,-38.3175529847685,30.9662704151381
-16.6458006701929,-38.2032240761049,31.5340558226394
-16.3709678110588,-38.6301166729402,30.8314325800316
-16.4333968279902,-38.5292017843793,30.8917721673436
-16.5077909637965,-38.8535403912771,30.5299566458418
-16.6607039564991,-38.5106240737244,30.6920954391888
-16.7609181700204,-38.3827848270378,31.2900216123644
-16.5437576382848,-38.2017506874217,31.2048352881268
-16.1267716990374,-38.3350906433406,31.0987083885506
-16.6413559030392,-38.4418702409458,31.3982757355928
-16.0822174092593,-38.9148095940689,31.446796021
-16.3546724404363,-38.9077360604545,30.5498601343002
-16.4133652941095,-38.9499635805258,31.3168139623635
-16.3208515624407,-38.2781662068828,31.603783437917
-16.4212294351143,-38.2686457099678,31.0392031520339
-16.3355598650735,-38.8845028117198,30.5648568041895
-15.9667971123874,-38.5850395000417,30.8787074641534
-16.6211147522802,-38.3561858877499,30.493896089352
-16.1210896803668,-38.484592136366,30.8854858512537
-16.5426515364573,-38.6512017822923,31.1758861685138
-16.572720642063,-38.5748790763026,31.2433299271204
-16.7398123889954,-38.5579833067882,31.2710095504802
-16.4059295018862,-38.3001332268608,31.0672137656015
-16.9226523967431,-38.1084479165648,30.7704589561023
-16.5605146241437,-38.5287299484858,31.0749999473821
-16.2194833042043,-38.1880162964509,31.4714869069216
-16.574117548784,-38.7717448811124,30.9371575321756
-15.9685476448605,-38.6071897489773,31.2250502209001
-16.6148628291835,-38.8626800023791,31.7727985470503
-16.5113579033598,-38.5621498862151,30.9438466600187
-16.6229086148346,-38.3773630628857,31.2344985784704
-16.2759913902838,-38.8371988668191,31.1425314252918
-16.0463318145985,-38.6239945508788,31.4352292601149
-16.3714832142587,-38.9309223907463,30.5698011227544
-16.4015385036553,-38.6585759572476,30.3943395799435
-16.2056608042238,-38.6960139004169,31.0606803861633
-15.8551296212855,-38.6378349664049,30.9059128174715
-16.3907160655843,-38.2836297246017,31.6519909747425
-16.4576328111449,-38.5929804469398,31.3620173302404
-16.1474625866068,-38.0278019305588,31.3365704646744
-16.2998921221902,-38.1353584436342,30.84967103952
-16.0737101928179,-38.1451756639944,31.0870884415276
-16.5602111455454,-39.1961440835808,31.5498268784429
-16.1006543769441,-38.295186329101,30.9056117771577
-16.2692641135529,-38.4667358948305,31.7944490383289
-16.1653326728379,-38.4893009707213,31.8347273879
-16.0420709472269,-38.3592935928024,31.545316664539
-16.1174925004724,-37.929155821027,31.8185797287953
-16.9334595755891,-38.8882724970874,31.2073443747713
-16.1687518243832,-37.8135970672493,31.3131435764685
-16.1441926271245,-38.2159405757832,31.2909271166666
-16.2931902982078,-37.6948783112735,31.5311529436354
-15.9900414129927,-38.1193232538217,31.9720270446646
-16.222495696236,-38.2069094700691,31.4010287338817
-16.1527405309443,-38.3236770253611,31.8845901939037
-16.2301755286696,-38.455186946613,31.2767725720968
-15.79218286037,-37.7854663802887,31.5040653137376
-16.1417405272159,-38.1512418631554,31.1027035355907
-16.4707948600969,-38.3532929743718,32.2121588627527
-16.2156849624445,-38.1475705868284,31.4836263824093
-16.5021260154828,-38.3304034628378,31.3490619600505
-15.8517385562937,-38.4902722172287,31.4070740066053
-16.7367406702269,-38.3626841265957,31.4363529767254
-16.4005223620443,-38.1645236865995,31.2800871273014
-16.1042706193505,-38.4265810577338,31.8711150749342
-16.4322748879772,-38.2135806188469,31.4502374134566
-16.2794782606917,-38.3307379215156,31.2352619102744
-16.6014259983981,-37.9789886583751,31.245815595134
-15.6496248268588,-38.2369566351137,31.72832223692
-16.0756910674618,-37.5479900736618,31.701670872895
-15.616212443429,-37.4134334505612,32.092592595248
-16.3819752121547,-37.7443366982808,31.7156873676375
-16.3475010217399,-38.304754618907,32.0268505523613
-15.8662172385268,-38.5072283611585,31.4856273399437
-15.9681098018368,-37.6083125380696,31.549182707268
-16.8169013227677,-37.7633684005295,31.2485189735141
-16.0543043154294,-38.226921458694,31.3858694868913
-15.9082524231962,-38.3802298856147,31.9548667621802
-15.9580952274984,-38.2017224113857,31.7314997847489
-15.9971834363903,-37.8522938209271,32.1761574981103
-15.9974546718619,-37.9488936678613,31.8722440498928
-16.6268232051924,-37.9391503475075,31.9826424921752
-16.3126180817,-37.4268123784413,31.5483114862117
-16.2064246881125,-38.3464023646123,32.1356426691995
-15.9025901253403,-37.783060415976,31.8474969048543
-16.2225165000822,-37.6876906133157,31.208883740044
-15.9580853549322,-37.3348713321627,32.2147253306684
-16.2691362549084,-38.040098679197,31.3867526968418
-16.362209955105,-37.8346258878947,31.8834626013886
-16.1101720542742,-38.0462685198198,31.9363280675169
-16.161243809334,-38.2918647849738,32.0078103361384
-16.3871073133911,-38.1151578233518,31.4902295680055
-15.6385966399378,-38.3332935409338,31.7823469836456
-16.4382025611932,-38.0297705487091,31.7120350712031
-16.0650858292093,-37.5128704099116,31.6861662042942
-15.9459439245929,-37.7012818585764,31.6149235485941
-16.0273049196691,-38.0449893401272,31.9328872336498
-15.9755314435142,-37.326505215458,31.4757470534812
-15.4111254791525,-38.0367348489642,31.7650419179053
-15.8432304117297,-37.6452139628084,31.9579820850481
-16.1855877225983,-37.9785379794325,31.6694013722361
-16.5867866583599,-37.8249407668465,32.2163847956654
-16.2811026063271,-38.067058253244,32.4419963702827
-16.3659901848459,-38.1889557914741,32.2989389148031
-16.4016618429028,-37.6228538852615,32.0484481467234
-16.148150174623,-37.4418388602882,32.3048367641546
-15.8059502135379,-38.1291557919916,31.7705830865645
-16.2569938231841,-37.6023934606529,32.2662498659537
-16.4038230352345,-38.3980055844209,32.0174653713687
-16.16633508529,-37.9072806307802,32.2605041079594
-16.0638999291839,-38.0769381918216,31.8641514650564
-16.3739079756974,-37.8273851665103,32.329546842209
-16.1990066068527,-37.7888451487771,32.2967513350197
-16.6182589172643,-37.8103982031074,31.9181740638787
-16.4586905725868,-37.9248025211107,31.8505851095095
-16.2688551295144,-37.6386059756868,32.2907808673574
-16.4022946589687,-37.9002366879655,31.8799760867715
-16.0025981334622,-38.162131833276,32.123066497859
-15.8174789617782,-37.7130102786705,32.2574298179814
-15.8949247510253,-37.5956152830855,32.2099177436117
-16.1401269089105,-37.1601389270052,32.1123414567711
-16.8407746218289,-37.1267913402831,31.4384973054117
-15.9052664480425,-37.6263383634442,31.8894558547354
-15.9794245877374,-37.5280550569947,32.6180800291301
-15.9057903557377,-37.1135645282195,32.0514966407302
-16.3524634915519,-37.1903363870456,31.5604216601168
-15.9660913343554,-37.43568254914,32.4478664907818
-16.2322587306592,-37.9178770999771,32.531468253501
-15.9774778654312,-37.7856056801746,31.4709285402086
-15.9475806394037,-37.3755779598422,32.1999486063088
-16.112594714921,-37.2938133521825,31.8286872502692
-16.2557688345271,-37.3391508087007,32.0161629941233
-16.5131479080587,-38.128299096898,31.9344223939319
-16.0621649347917,-37.2959516183098,32.1105598774284
-16.6513400716426,-37.9782642454725,32.0239280283146
-15.8609106439824,-37.9298583869642,32.2442179092566
-16.162252343164,-37.6674415955734,32.5732015008201
-16.2328589702455,-37.9628397174427,32.7868737555046
-16.1906470931204,-37.2471008599692,32.3725328913753
-16.3576373199703,-37.299687696953,32.6610587869181
-15.8153480674757,-38.1584818456371,32.3970116955888
-16.1904209153897,-37.259295779131,32.2861546947794
-16.0245836548438,-37.545923726812,32.3245526973578
-16.3984768845223,-37.4666593128969,31.350713348836
-15.859945596923,-37.4753747014908,32.3243256301936
-16.1164465128654,-37.0419055681705,32.0410238646104
-16.8263908753889,-36.9958444882709,32.5360015236511
-16.2537883457264,-37.5081949724655,32.5116941273229
-16.0250438027158,-37.6235386208961,32.2918315392853
-15.9904197609105,-37.5993257321109,32.3289595209734
-16.245401756589,-37.5346664288226,32.6619343017317
-16.272739276925,-37.6621472088607,32.7915470767396
-16.2624432569007,-37.1412923231655,32.2999827323894
-16.5828296442719,-36.9293762775166,32.5228641790293
-16.0300072959655,-37.5724092727557,32.5450660740238
-16.2909306755184,-37.2005042040308,32.5600719244189
-16.1062783693315,-37.3817555807877,33.1284376041383
-16.1368121064726,-37.6294910139415,32.4445649063121
-16.3249941843882,-37.7250963952435,32.2472926487568
-15.9668099706621,-37.6707666538236,32.7510951988652
-16.7616107128004,-37.5318847146305,32.7820307247943
-16.3773667075601,-37.6480180500144,32.0463598549109
-15.772068872791,-36.9291657205725,32.1641104567664
-15.8375177261422,-37.1449406178667,32.7719592436897
-16.2867054740732,-37.9434403663278,32.6498248218532
-16.5129753725869,-36.5411148342711,33.0743679153731
-15.6898603999152,-37.1754374964557,32.3626304820555
-16.3697863803539,-36.8804280121118,32.8780817133504
-15.7482411410829,-37.1730845192541,32.8165520314915
-15.2743495441842,-36.850811243569,32.9667009391376
-16.2235714978622,-37.0253943048279,32.4624263165293
-16.1074224153353,-36.8832406799181,32.8213772164523
-16.0518202588201,-36.524871806542,32.7655064479112
-16.2594668299212,-37.197499491696,32.7594853512544
-16.259384389967,-37.0084368157382,33.0118155003274
-15.9182517520232,-37.2714128703575,32.7398450485148
-16.1008009733926,-37.3684676229955,32.8533903442108
-16.4006743867636,-38.1071154530917,32.8884740643032
-15.8489684364459,-37.5439766965149,32.7658393648493
-16.4801003352059,-37.7637738188346,32.9169111379425
-16.6204601599286,-37.9707288533598,32.7638879555077
-16.2078259486479,-37.1275591098969,32.8809859327121
-16.0127384833308,-37.1349732392514,32.4515140310898
-16.5184371890578,-37.2465990541769,33.058244962008
-16.4804735088227,-37.0195353152837,32.8845161205367
-15.953052009297,-37.0264886454528,32.1073181870088
-15.9105576589084,-37.3957538701955,33.0196888478168
-15.92529345952,-37.5048368816855,32.9424483042659
-16.4357217452247,-37.4875918405315,32.4942464645459
-15.8592452088415,-37.3918807344167,32.7796366667059
-16.1836217573355,-36.9354261178682,32.6472763446837
-16.8193087218213,-37.2096574396827,33.073352767618
-15.5954127324402,-37.1581503080282,32.9389202994937
-16.4841809076813,-37.4022430074466,32.5318755490063
-15.8993863512048,-37.2023237820394,33.0392607161026
-15.9709755694912,-36.7356456907221,32.7738563148601
-15.9289167056367,-37.1529303284293,32.4947832193389
-16.1229603087043,-36.9468453694197,33.0267628107565
-15.8387167612224,-37.1266363619728,33.07518889919
-16.2175164639626,-36.7254547361022,32.4018730624289
-16.2540486861084,-37.0497775509405,32.6583353522581
-15.9794696015106,-36.4306759152407,32.9440636174457
-15.851486346381,-37.0468560324451,33.0258225994109
-15.7797332966968,-36.8570464170526,33.0320493723427
-16.0272508885769,-36.4358962827293,33.0500196798634
-16.2820108777644,-36.7080487212164,33.0372030580856
-16.2996307965854,-36.2562401470389,33.0867115194704
-16.4339610034553,-36.9878691484588,33.279998733117
-16.2803815063238,-37.6373184725415,33.0275978495493
-16.0818890091078,-36.9744066991987,32.8468610340117
-16.221118928821,-37.2372050703611,33.5284143441514
-15.8562047836649,-36.7451285847191,32.5269093694952
-16.3768256488595,-36.7702861146559,33.6151277581337
-15.9059303440301,-36.8485039548028,33.2535591524042
-16.2178379154356,-36.5909771590841,33.067240511621
-16.1266831586803,-36.6627582156261,33.0238358228527
-16.1421028223539,-37.5717712155303,33.2563608153926
-16.2563015531948,-36.5209837615796,33.0782034720515
-16.5503082844615,-37.0678540507167,32.814336651311
-15.6780358833413,-37.6755310564923,33.121527935419
-15.8240822785887,-37.0164101150806,33.8101928475894
-15.7397150171612,-36.8131896129178,33.68103297031
-16.1283448413769,-36.9127306751195,33.3319467281336
-16.0991457435474,-36.3783933194437,33.3262565106575
-16.4978643733905,-36.673798305143,33.2788606460347
-15.6914782586995,-36.6209646674678,33.0192641027981
-16.2009898587393,-36.8434302859389,33.7163069362194
-15.7040933332998,-36.7470477738242,33.707965253087
-15.8016328144636,-36.4230058048906,33.1004247498182
-16.0089118983737,-36.3025454170368,33.1015480558484
-15.9534178318679,-36.3924924848631,33.242759648272
-15.9261498345093,-36.5121026881357,33.1516392991186
-15.366762893491,-36.7647699328223,33.5608414830283
-16.0226421255589,-37.0475118268124,33.3864180497296
-16.0388982360158,-36.4238885202503,33.611510592377
-15.5057256788928,-36.7564207086329,33.1053827470375
-16.1388407065379,-36.4127293297567,33.5346218513679
-16.2521346863792,-36.9314047574453,33.1630072428124
-16.1510221630043,-36.0930661352893,33.0755721189667
-15.6775336599911,-36.2794825158578,33.6628299611905
-16.3393498359921,-36.4889963683721,33.528831812771
-15.4847380994677,-36.3387602303551,33.1960328815003
-15.8466220609962,-36.8720169972589,34.1938251931516
-15.8210361912111,-36.4546876693445,33.5152389646586
-16.0644897907714,-36.6339442961012,33.1523731621753
-15.5516160968502,-36.7866066008763,34.1085369816303
-16.0881204831316,-36.4579253425399,33.2897394943195
-16.050899938139,-35.8437212981847,33.723515101373
-16.4220548984304,-36.8370406478485,33.6695422613624
-16.1468601568829,-36.5888010615939,33.924685124414
-15.8399538155702,-36.7888323833929,33.5709461584647
-16.2303708880545,-36.9147051288793,33.6210359023091
-15.7960725946882,-36.5996556398554,33.5197771288758
-16.379272870074,-36.7351760017696,33.2282641986141
-16.0570937360901,-35.6991975629378,33.2436502978999
-15.7528175797965,-36.7149885748218,33.7336435154863
-16.0190750477268,-36.3695521407406,33.5429532710046
-15.4469976515661,-36.4374209727768,33.4730151990704
-16.1538718108813,-36.2856666119066,33.6045012860716
-16.1731747210266,-36.3636996821892,33.8629384501816
-16.0653696718688,-36.4733876184548,33.5073468765654
-15.3724616961052,-36.2935490933777,33.779486232913
-15.9009363757979,-36.7062782513346,33.3840241910519
-16.2498776371613,-36.5647137753859,33.5396153751417
-15.7116332945615,-36.0552561772003,33.6155483267348
-15.9046844960812,-36.336373296243,33.8671280632406
-16.0993375626524,-36.2832623986725,33.5546850849371
-16.6074537367617,-36.2096147845032,34.5295802852305
-15.9832780777204,-35.6677228880518,33.8610048430484
-15.9201138484884,-36.7113787471062,33.4000370075283
-15.9153158705696,-36.6636646471963,33.5773356415292
-16.1273314490969,-36.5932167520586,33.4665913210596
-15.7482316002179,-36.0700618060768,33.3491211129871
-16.5474591646421,-36.1676200954685,33.7203898086746
-15.7207349204292,-36.3814024166323,33.612387925362
-15.8017170215583,-35.8603877511611,34.2226692951338
-16.4691219898176,-36.2983908705864,33.7057151369114
-16.4024663076063,-36.3378321333706,34.1462994344162
-16.3128448172822,-36.2661125765562,33.9168791440914
-15.9689905500237,-36.1887741005505,33.0962693625521
-15.8826381219509,-36.94960088834,33.5306378683649
-16.4230780028979,-36.0745997496016,33.5687455597041
-16.1773154115099,-35.7275711213038,33.7472368444458
-15.6434966422596,-36.2562223414534,33.8488709369161
-16.2779373100135,-35.9020498698302,34.2515065243689
-15.7411256637608,-36.1627143238183,33.6745714543975
-16.0618789468268,-36.1541958143472,34.1618766414197
-16.2494617959335,-35.7815171158661,33.7701049846758
-16.0840293248584,-36.3823202949302,34.3469548041909
-16.1861841042303,-35.6763124109174,34.0882145392424
-16.3226553929433,-36.0455154086149,35.0444347743511
-16.3012820354398,-35.6772950910589,34.1216237247052
-16.251244965085,-36.7016716858944,34.2305399523055
-15.4470351305712,-36.2630208732938,34.110045922293
-15.4268727417781,-36.0540575304599,33.7928325065199
-15.6445164880086,-35.8110237680288,33.9297519051808
-15.9413069596065,-36.1267605506586,34.2345855828351
-15.8804643966867,-35.8036139463559,34.256022559925
-16.3039436641807,-36.0804037157121,34.1782883510201
-15.7155011085461,-36.2303827695798,33.7491772338156
-15.9173055719395,-35.5561785429931,34.4707196851432
-15.5056119903742,-35.6571042091404,34.0963654792941
-16.0752556382623,-36.0476098941662,34.1244737613913
-15.6908365174436,-35.4003460562693,34.1352906431589
-15.5787800383673,-36.4016067083149,34.1320755589877
-15.7299543398926,-35.9735474246321,34.3083635548838
-15.9744104589078,-36.206180517331,33.9975222544383
-15.6729996558308,-35.5575315460619,34.0353063831464
-16.3736234492298,-36.162722717548,34.3082787080197
-15.6886438878397,-35.7227385559195,34.4934128917468
-15.7289297086706,-36.2970523325951,34.6792457568042
-15.9956167061597,-36.2022177671034,34.3869808839463
-15.9209070494545,-36.1582828298756,33.8358042837783
-16.2754887771013,-35.8277411850935,34.099882408872
-15.9252689924541,-35.7442185183045,34.3612598848649
-15.6455019650441,-36.0015356067592,34.3553090902167
-15.7052113309358,-35.5108146783959,33.9342161269681
-15.813115663573,-36.0407005042112,34.4067302895834
-16.5759541650896,-35.5667844841427,34.7273176250572
-15.9063772545888,-35.8863216141307,34.9844907140612
-16.1460460566639,-35.6898685252036,34.3153037916309
-15.884006240203,-36.0845075181757,34.3028007511857
-15.762580491274,-35.7572840290573,33.8396083148086
-15.7817957409275,-35.4662604147404,34.0996653606911
-16.3207649080426,-35.9307775180438,34.0173210704311
-16.388641506099,-35.5453411585632,34.19328832848
-16.1104083029659,-35.7386881726875,34.1622881759508
-15.971651847136,-35.4419426619847,34.6633329160468
-15.8066737693042,-35.5961591676629,34.5611645069635
-15.3863820315015,-35.8775172724313,34.0457745895144
-16.1870128857542,-36.2761966475672,34.2063586841318
-16.2225061103092,-35.7608595359644,34.4132001004309
-16.0721839728827,-35.6121706293678,34.1477670060544
-15.8177925464195,-36.0978384950966,34.2849781979733
-16.2809929359188,-35.4148138661925,34.8610139074234
-15.4102358054849,-36.0160139014472,34.301361572131
-16.0637524740234,-35.8439733624035,34.804755187699
-16.2651230038906,-35.408999711419,34.1505007359431
-16.036413439217,-35.5653741191493,34.603001997735
-15.6209734813322,-36.155752522864,35.1198561907496
-15.6231340188811,-35.7817392919224,34.8378977347834
-15.949740975237,-35.7399578508524,33.8875945974344
-15.7538724368178,-35.4810110647624,34.3667377594158
-15.9968263581756,-35.2508615014643,34.4120493283323
-15.7996853218036,-35.2367872544498,34.3698023735522
-15.3441625725744,-35.4295292886225,34.7825325383947
-15.8766182925526,-35.4975664202341,34.7462067260177
-15.8674431359118,-35.7194562014424,34.7553369405625
-15.8258205997229,-35.5629969559331,34.508275125368
-15.6119834968873,-35.3521515083379,34.7954154553922
-16.0214157875985,-35.627552851063,34.7311562485791
-15.4314834739299,-35.5714937933607,34.4061205903754
-15.8998131009624,-35.4856407558568,35.4325468622949
-15.907956894354,-35.1653595442549,34.8601379835577
-15.6041105571905,-35.3766001760714,34.5797748902514
-15.4542994382482,-35.3674358527698,34.5229833809975
-15.8883255285274,-34.9092751664075,34.4704153094106
-15.626531243254,-35.7010540972506,35.2524720316493
-15.4094813083657,-35.5161543559506,34.9889715603357
-15.9164425112434,-35.8491075509539,34.6092835996661
-16.1971151634306,-35.36037671099,34.6924555887927
-16.1725024688241,-35.5225700541547,34.9454195482174
-15.7532153830256,-35.6619839248254,34.8461468510494
-15.7953695721231,-35.4582369570029,35.1732649597636
-15.9770320284372,-35.6688721221533,34.6382688909826
-15.7751463466045,-35.4657083163091,34.7143759934228
-16.3040164253089,-35.1072061588849,34.6545774157843
-15.8205898551952,-35.1801255174783,35.5626976474556
-16.1396477790933,-34.9038750587374,35.0224278360399
-16.1419387469165,-35.22663875073,35.559719770923
-16.0056308127399,-35.0977572402931,34.4865591959732
-16.0597368758849,-35.1195637262049,34.7999810431216
-15.457195788113,-34.9798001272194,34.7297905176122
-15.8833049116006,-35.1821133359867,34.6772089617718
-15.9476400669999,-34.9440619172107,35.4218345084297
-15.7078979724633,-35.6195486198789,35.6090016874271
-15.9992656269515,-35.0797858586307,35.1663999224347
-16.2726293537472,-35.0851173544904,35.0637654578704
-15.9835248656917,-35.4220228671784,34.888304056031
-15.9207563585952,-35.1902694592721,34.2909115273414
-16.0931343008588,-35.2081117992608,35.4124956248373
-15.7130079703348,-35.4246008516861,35.2534510902326
-16.3402607072877,-35.5361445419859,35.0154052703765
-15.1827053486566,-35.5298713823187,34.9864938062775
-15.8432256234016,-34.7333612639236,34.9262655202185
-16.1111027693536,-34.6036132633767,35.3865354877356
-16.2876225313314,-35.4959120026373,35.4197133059679
-15.8747429225956,-34.9763041034269,34.9110630487325
-15.79187430119,-34.9915939652481,34.9273808875851
-15.3830685375644,-35.3824034715541,34.9306796265826
-16.3582821644066,-35.0047288829376,35.5605518425707
-16.0845358410049,-35.341401116629,35.189059425802
-16.3584054425521,-34.4924262170194,34.9844261259405
-15.9556752005323,-34.7678930721851,35.0809772795591
-16.1253866584617,-35.5051832002897,35.0230342839584
-16.0945432440217,-34.623273437354,34.6663769691426
-15.5574168861366,-35.3314863449636,34.9638574588423
-15.6978186492363,-34.6106668235913,35.3354997723205
-15.7819141157299,-34.9972103037936,35.2962437911161
-15.5535358271698,-35.0130256777259,35.4265985073568
-16.0142429684526,-35.0481226105217,35.3953715800452
-15.3159495473452,-35.0916279996681,35.7488058340777
-16.192561420216,-34.9664228496828,35.0957627120994
-15.6369851733579,-34.5912325713442,35.690362857438
-16.3371391773899,-35.3655431210689,35.6549909812146
-16.0807123080979,-34.790714344397,35.3632535992058
-16.2520202226376,-34.7659751545831,35.6389946915178
-15.9156002889379,-34.685443963735,35.2476342168549
-16.0889839309779,-35.3115408887529,35.4816551099565
-15.9390588677915,-34.946304490968,35.2179829502817
-15.8010300870371,-35.1100093053982,35.004198366796
-15.9485859928217,-35.2847732771418,35.3005911250563
-16.1404674928532,-35.2218389794779,35.8422805191207
-16.1111194466106,-34.8227444555698,35.0257191538701
-16.2644967975398,-34.9848828803999,35.6804073498611
-15.9429461052711,-35.0640160397707,35.5471874265606
-15.9832158400639,-35.1360430115358,35.4357996412306
-16.5868255773081,-35.0003254391121,35.3557538980143
-15.9261988493415,-34.5212750566964,35.7085529466823
-15.4089022580918,-35.3526387916171,35.3549537202559
-15.3725362653454,-35.0533596555249,35.5063317547617
-16.4042458744676,-34.4397577810392,35.5886094449518
-15.8378166891603,-34.4917206130385,35.7526991420284
-15.582031818411,-34.8019901717719,35.0382658550853
-15.8737304425454,-34.7092957466105,35.3731132699864
-15.4957108445354,-34.7585563695893,35.3953435540744
-16.4050616229345,-35.1746854149524,35.1652571718585
-15.2466313295862,-34.6526537722563,35.9268545843623
-16.1164274321984,-35.0743690594845,35.6394434285236
-15.4783871237133,-34.4323827503117,35.5336249935335
-15.7806684568102,-34.3861866593657,35.8167338170595
-15.7728127254237,-34.4052150789597,35.1656047852536
-16.012338901806,-34.2569882316592,35.3556316373867
-15.6850003142033,-34.4450958054724,35.7539617038105
-15.8403753945045,-34.8139619646129,36.0833293370778
-15.406961395421,-35.1130956196633,35.1673883365177
-15.8815874994725,-34.0447059238179,35.7188917873709
-15.6844960933208,-34.4021230822202,35.5995437178613
-15.3641731224891,-34.5151276665357,36.526409843359
-15.8498370705311,-34.5578214883186,36.2527972006829
-15.7638747579565,-34.7988637427663,36.3250665711233
-16.0505613974887,-34.3134315303079,36.4593982506983
-15.7170132934909,-34.3929608311285,36.0647319678596
-15.8814736675337,-34.2661002659502,35.618681375147
-16.3214893207811,-34.810354625042,35.5277560077747
-15.9020396305519,-34.5616101802825,36.3298965354338
-15.9808266940719,-34.1350328785463,36.0938216250599
-15.8546132550382,-34.2083041207926,35.9429578163004
-15.8975635400333,-34.6110070680628,36.0616516522908
-15.631178090178,-34.6874967114451,35.0515141174735
-15.626911451956,-34.1049795216019,35.6616028476436
-15.3907510916102,-34.0496352146719,36.3125321388496
-15.8440700728523,-34.261552844279,36.1463405298965
-15.4080916560268,-34.5583560251527,35.6113526782635
-15.8720925266855,-34.098901995027,36.0592596940555
-15.128400596527,-34.2843592480256,36.0877648775885
-15.616478060303,-33.7239093424803,35.5835241218054
-15.9372063445263,-33.7238644684248,36.2479638777635
-15.756291821409,-33.7302513631228,35.8060509778686
-15.4390914645877,-33.9428890670427,35.915962971634
-15.8003713068042,-34.377115385101,35.632565140462
-14.8445699065807,-34.1880700922957,35.7911779200546
-15.931637502516,-34.11301431206,36.155636458997
-16.1240912677338,-33.7944367172849,36.1216713332362
-16.1506625588259,-34.331439645487,35.4775335084473
-15.5428073327201,-33.872153804344,35.6421535285244
-15.3431842517974,-33.8383499495894,36.0397251246371
-15.6103031692055,-34.7263399111544,36.1378037537815
-15.1670430293377,-34.4285330500656,35.871758196273
-16.2222464048606,-33.8773585872054,35.8783608188497
-15.9748211102165,-34.3645489931165,36.5649975315874
-15.5270598556674,-34.3464888930759,36.5418612609658
-15.5475328546981,-34.1427701976828,35.9228213981427
-15.9483516506573,-34.4244666177224,36.2526108426267
-15.7606647173311,-33.9584948778028,36.3053875646987
-16.4853130008419,-33.7338855330026,36.3052611327227
-15.7121618108687,-34.1787598634268,36.1720649957464
-15.418223520205,-33.8169596291037,36.2123041744684
-15.6306484005421,-34.565657223699,35.7928107239043
-15.9064228465803,-33.8580343472455,36.684907641919
-15.6145586834007,-33.8890326697107,36.4238343891695
-15.6803240532603,-33.9204192496961,36.7909491141549
-15.5106929852127,-33.8119699559555,35.8182471044733
-15.4959824230755,-34.1460666906782,36.5983874652903
-15.7513695095346,-33.4527004258222,35.7981788563681
-15.3221178409723,-33.1630644086403,36.2292931210275
-15.7248495625365,-33.2108082948555,36.4023687849318
-15.8517318551306,-33.8684611662336,36.2641011283391
-15.5605923944132,-34.3193036650828,36.1706224973035
-15.7601265969136,-33.7580325302718,36.9679199797457
-15.4303931811609,-33.7550026945903,36.5841195213951
-15.8958334481459,-33.8545503355159,36.4681126298895
-15.774824798131,-33.9227211135761,36.0921242878957
-15.5575778855326,-33.9715049828666,36.6726132147128
-16.3027223742328,-33.4412523845351,36.2164714303495
-15.9658133516059,-33.8766888834581,36.7782554877845
-15.5287084660156,-34.2465316314457,36.6691475288699
-15.4903149814858,-33.3777925717192,36.5475168336189
-15.4661278543638,-33.8133320284418,36.1611171461688
-15.6167675480595,-33.5145928519559,36.7177120106232
-15.2551425918705,-33.5651720261925,36.2020738566755
-15.4892168404195,-33.8493419362125,36.1600117711248
-15.4366749836122,-33.4335391809615,36.7249842512991
-16.0082358261002,-33.3310287721874,36.2816606540135
-15.6007180286036,-33.9174954902828,36.2633388091636
-15.5842925985289,-33.7973982142706,36.775153266169
-15.7248126446107,-33.8491460853749,37.2575260405377
-15.8175582762626,-33.8294725334737,35.7661185699802
-15.6644245785554,-33.4828664322157,36.1717960961466
-15.9983346716388,-33.8421844289398,36.5751770385694
-15.7145424703179,-33.4312200393437,36.8734373495506
-15.2547699794574,-34.1547891900517,36.7233699511101
-15.5079048871004,-33.2832017521512,36.5059360108848
-15.4922402205783,-33.3684649115712,36.565331569128
-15.2258885498524,-33.6755307896361,36.5228138605719
-15.6444985313029,-33.6321869272769,37.1400078064743
-16.0895101292674,-33.5926164141794,36.8710383939492
-15.7091057024579,-33.9630793482729,36.650122502957
-15.9949329603793,-33.198362372418,36.6020524428635
-15.892988551793,-33.5614713766208,36.4323538129913
-16.0262139724661,-33.9033063709829,37.1771506400273
-15.3600774033597,-33.3292723205162,36.3896568482973
-15.2842300526248,-33.358735433105,36.7728643262161
-15.4527257173863,-33.475982834339,36.755110358209
-15.9373081123409,-33.1057204977633,36.8520551810354
-16.2118548278994,-32.7898884462547,37.0559271751536
-15.3848244400087,-33.1921816115046,37.284751763215
-15.3100082205353,-33.410082817739,36.8626557171513
-15.2096663841077,-33.0573618978794,36.3323537822153
-15.8146577660994,-33.6439281287677,36.840043944187
-15.6339618024876,-33.4435208304216,37.0899759295529
-16.1984345945752,-33.5380222404296,36.4434167625894
-15.5366109755086,-33.7889374634041,37.3725682509118
-15.6958625238012,-33.8883617637386,36.9239249282392
-15.6329777649757,-33.3755535930965,36.6762544670574
-14.7147618940219,-33.477315920333,36.8089513782733
-15.6821136708403,-33.4917753712366,37.4593831313589
-15.8817385642276,-33.1542464033203,36.6957767533098
-15.7810786655813,-33.0410440457806,37.2049541612792
-15.6248355498687,-33.3683195822906,36.6523007635244
-15.1392121232799,-33.5400474248149,36.9121679847657
-15.4151931206856,-32.789487492545,37.1842042496828
-15.6915690735301,-33.3538663841587,37.4746406176331
-15.457247125835,-33.6450640046492,37.1403414397836
-15.8350412702964,-33.6473606664349,37.1441271567267
-15.3074164247063,-32.8044806255196,37.0055208843007
-15.5585990876859,-32.6695882282446,36.7518105776588
-16.4818036698526,-33.6498985934173,37.0781255082125
-16.2698016358721,-33.2933306711476,37.276409355916
-15.4377901035752,-33.468156709002,37.3315974513934
-15.880205043597,-33.0734846866138,37.5898686399829
-15.8522421707494,-33.2214831721309,37.1988185644238
-15.4756665636328,-34.0879162866053,37.4025962604241
-16.1745720274187,-32.8060796824941,37.4132448526906
-15.3601258947305,-32.7393475146231,37.2774150992927
-14.8811486054681,-33.0180180995568,37.4163556143618
-15.3607027574503,-33.1207136770557,36.8932394836668
-15.8377191542694,-33.0132122981239,37.5527244892846
-15.3138406085136,-33.5349706656735,37.3491370298509
-15.4331875617725,-33.3659478831913,37.5243828381455
-16.092988267594,-33.1950272576653,37.1951758712097
-15.4247318186901,-33.2446053188902,37.5670760813762
-15.0113721717798,-33.157294574253,37.3253166854522
-15.4221848095002,-33.197999703307,37.6130709597158
-15.4703814830539,-32.5336158691149,37.0040791260479
-15.8351410510754,-33.2287973361984,37.2995430998139
-15.4662220225109,-33.2973110076058,37.7906278014676
-15.5547653489499,-32.8688775101288,37.2489124502812
-15.7199610084176,-33.5860394355844,37.1207743145755
-15.4298201142476,-33.0011324031172,37.3524201368456
-15.4330802176508,-32.6259708674665,37.1954883869739
-15.3901449317364,-32.7543711195545,37.371725458098
-15.5655744045947,-32.0621297086896,37.7198467782836
-15.6381684398804,-33.2293310480177,37.6051657963308
-15.6770480373209,-32.4242321274848,37.6234931158035
-15.811274938542,-32.6570420402102,37.4562382793742
-15.4290014220485,-32.871941186674,37.2191745733512
-15.768463940855,-32.0794509413714,37.3625481022529
-15.294585269604,-32.523155957722,37.5945677480033
-15.5937223131355,-33.2333288529034,37.4993961504207
-15.638452733284,-32.956914625373,37.5366856831018
-15.7329304872412,-32.4492223482503,38.0162849807372
-15.7287345355676,-33.2315103161177,37.3488352959457
-15.3664057893704,-32.5475655398859,37.408391617524
-15.6307187191208,-32.9309117707001,37.3083626146061
-14.9552256708835,-32.5288508777197,37.333919764834
-15.4776729084057,-32.9893119664613,37.71889468649
-15.8786120944399,-32.9957635303592,37.3092226191427
-15.2634719681539,-33.7660274999254,37.336434723893
-15.4652980152499,-32.9726502574749,38.1783974683419
-15.4092775875648,-32.2495642961958,37.0322825454902
-15.6649341258078,-32.3739813329665,37.6718549039541
-15.42184584529,-32.4531199187572,37.7000185707403
-15.2128849702338,-33.0937076669963,37.0689822536211
-15.4251869899402,-32.2518206384393,37.3242244062512
-15.5186247278861,-32.6695896798404,37.7878911594992
-15.6067259599648,-32.5829651071174,37.6884348585563
-15.2101873770075,-32.4898738102891,37.825108123785
-15.3749717412606,-32.4759600161324,37.6537997916205
-15.7317667680976,-32.3192793094467,37.4272471827517
-15.8188030597808,-32.5826612991443,38.1268595126452
-15.5958837284142,-32.56683784165,37.7744951919543
-15.337450471697,-32.619899992062,37.4540149957015
-15.7051130168328,-32.6929298372313,37.512874767734
-15.9034598237199,-32.2465210581467,38.2166865502067
-15.7861176136688,-32.8847473960723,38.0311679845224
-15.5417477680033,-31.5244544400972,37.6085745148038
-15.7302881572735,-31.7074938826822,37.7960525019922
-15.5357834555154,-32.6672836456996,37.3231501522099
-15.6961322209527,-32.3925389884645,38.1741987838941
-15.6680431254104,-32.0759910346509,38.4019341044568
-15.3461848188027,-32.5519233664715,37.9653719452767
-15.7755612288429,-31.9813010749396,37.4526660490668
-15.7734572988981,-32.2543912657925,37.9739709708361
-15.5482912054576,-32.5399996288572,38.4715224854137
-15.9508860582149,-32.147556788426,38.0696937888714
-15.2821096781639,-32.6029627935608,37.6734707573568
-15.8928429061437,-32.1105019559333,37.9559178892899
-15.1717334913128,-31.8173264633088,38.9509842932403
-15.4293973045396,-31.7462507548795,37.7738075253459
-15.5444483721765,-32.3317016551259,38.260610354544
-15.9106855325829,-32.4061648466459,37.5311149255485
-15.8889767655925,-32.3991757970516,37.5393874398194
-15.2656673881977,-32.3863932950907,38.2362189782143
-15.3842564013835,-32.7976807900606,38.0289994125882
-15.6708270548061,-32.3710807442155,38.7350566783601
-16.0311268161927,-31.9766268394522,37.9542830389947
-15.4870742128299,-32.2198230369277,38.0685574791451
-15.6151841879365,-32.5868362954786,38.7445444467533
-15.9621160736906,-32.4617962971522,38.3016137586195
-15.7711554146746,-32.6586684724828,38.0290422653327
-15.3247594962355,-32.2114290827076,38.0704939434523
-15.8949557031395,-32.2620370882318,38.0319989176627
-15.7975036743035,-31.6145615637801,37.8475101647076
-15.0717148964343,-31.3879177075256,37.7533237493104
-15.6524882304241,-32.2594369802312,37.839069104805
-15.9128763936673,-31.9660559889756,38.6350646521962
-15.6190927615053,-31.8339217986504,38.4836997221666
-15.2815641454318,-32.2859201899496,38.138977786604
-15.6558987202611,-32.2559937828535,37.9264518713893
-15.3995328790196,-31.2684337844337,38.5379393987181
-15.7064933163095,-32.0376195979133,37.7257347776136
-15.305704646379,-31.7505662129388,38.969154652695
-15.4509526583817,-32.0612132949441,38.4233494602698
-15.4774503599523,-31.7688994954528,38.02501289938
-15.273265247724,-31.5484760808882,38.0893792671828
-15.0343759314759,-32.5065537385808,38.7539744199265
-15.5038680577723,-31.4140546192515,38.3460714954575
-15.3997991663322,-32.0923688417969,38.236520400888
-15.5591044998764,-31.6981073909585,38.829342492953
-16.0536280486384,-31.3429866625654,38.1356447284619
-15.5977021268322,-31.8264540958722,38.3591046963847
-15.1792352237322,-31.1875101369782,37.9143583601574
-15.3026953783498,-31.644872391392,38.1357758705473
-15.2214600888091,-31.2817441982487,39.1425077600588
-14.9358287000122,-31.4284411237055,39.0145895993468
-16.2789224392019,-31.1603446714812,37.9558572246106
-14.984920355477,-31.7632478858039,38.5272506408123
-15.3867023694381,-31.1688093240649,38.6040894345808
-15.4234735926276,-31.5646255502761,38.6683576430848
-14.8437036364856,-31.1442050336674,38.3161360193303
-15.4869239255124,-31.874783458604,38.4102431510556
-15.1325461714667,-31.7091229811326,38.2182208212282
-16.0076851563178,-31.1322368395447,38.9376943884756
-15.1119176990372,-31.3313086869999,38.7846634372936
-15.5661179187821,-31.2816440404398,38.8021726858141
-15.6060785329792,-31.1787035330321,38.9518375732178
-15.6853847143882,-31.2641946716613,38.5445398964281
-15.7673031008311,-31.5675968418197,39.1095588115068
-15.9295027672872,-31.0881455895958,38.4318665618552
-16.0690673343147,-31.3353816440467,38.7709109055215
-15.3340661313743,-31.2964953576039,39.0784109853579
-15.4279772266964,-31.1318363058072,38.7960947372853
-15.4441294988861,-31.775394544931,39.0573873542074
-15.7941424059664,-31.9487633479668,38.7067779240347
-15.8250684438351,-31.7572989038832,38.8515316182407
-15.295279650643,-31.0415899355507,38.4021099651761
-15.849783104309,-31.4013059026526,38.6611956658288
-15.7668103839895,-31.2779137639258,38.7490692585654
-15.770502309428,-31.4119075707057,38.5841969496043
-15.522834342177,-31.3288592276198,38.8660330656455
-15.4569649521228,-31.4428541508438,39.0858301658546
-15.7958703469777,-31.493674325587,39.130938664818
-15.5665942670302,-31.1185961965588,38.6704022964455
-15.3372662886116,-31.5688032263671,38.820512509051
-15.5291132237985,-30.94358785325,38.6642230052259
-15.5641090890824,-31.563676561792,38.3647947372328
-15.5247331841893,-31.7764131061415,38.7524611477466
-15.7866107594616,-30.6971185213186,38.7761002065291
-15.3246167402492,-31.3167639755839,39.1610253856453
-15.218208791227,-30.9728314714882,39.2151041480444
-15.7616430903222,-31.0885209036125,38.794320964879
-15.2260672364197,-31.4824186282492,38.9335483644029
-15.1337538139872,-30.9402668128268,39.3393646478396
-15.4116408759271,-30.6286315871967,39.328148402296
-14.8091971160496,-30.814825529197,39.0225278847379
-15.6815604385207,-31.0022134256298,39.2529931462575
-15.577945363458,-31.0188148999067,39.3326024437063
-15.5097857081311,-31.4532333958781,38.6623312750545
-15.5388054297775,-31.3447580198162,39.1486626030366
-15.7348671193386,-30.967023063432,38.9207701938569
-15.453061720887,-31.7886864894865,39.7663708228712
-16.2939600732667,-31.1947168016211,38.6017189179457
-14.9127861866555,-31.1446534081411,39.0422860608226
-15.4745098632123,-30.4223986376923,38.9507113228191
-16.0270531090612,-30.690704385047,39.4374634704974
-15.9610428177355,-30.6825824077707,38.4527134572495
-15.3364377422035,-31.3237010969251,38.3707850360164
-15.3616128971887,-31.2962691219219,38.9776571373545
-15.0451255071948,-31.605261884113,39.0423719470788
-15.1885578835404,-30.718226167901,39.0240942107844
-15.4088598165882,-31.2215581485853,38.6599981269834
-15.6357184739183,-30.0564631274914,39.8247984216981
-15.4575188967108,-30.9632475878665,39.110349652306
-15.2990909664723,-30.9425784308629,39.4375296507962
-15.0122206560744,-31.3658392705437,38.7791745347338
-15.8182520779512,-30.7420378259282,39.3465993257768
-15.0096493467701,-30.6298565439951,38.6063360437089
-15.2557440492377,-31.1844338019972,38.9528319962829
-15.8284054251923,-30.5655769662075,39.2455647074802
-15.1961853767905,-30.3224360093403,38.9881584097852
-15.1341596563813,-30.681974021195,39.3703723892506
-15.616287165438,-30.7439219938793,39.128624011083
-15.9025067757138,-30.6690138498662,38.5801546473899
-15.7541093175113,-30.2334210888071,39.8431674103605
-15.5992932254983,-30.5843774859489,39.6730158310059
-15.750012595283,-30.540247274041,39.7487521132056
-15.0697523040418,-30.925455937755,39.9560519332548
-15.6385629236305,-31.1317833916301,39.2574423309677
-15.4987952571159,-30.1868904304939,39.572734333902
-15.4657683914514,-29.6916359889276,39.8656878394093
-15.9288590418597,-30.3221763731639,39.3043821612568
-15.615534408451,-30.2864495485439,39.2597178642976
-15.449453375915,-30.4293939443754,39.4811047375916
-14.8229751294947,-30.1665693310326,39.7549758836734
-15.3337744114481,-30.4485981166704,39.4561476901802
-15.4940489167218,-30.1364205210448,39.461554681741
-15.132208644108,-29.9820993226142,39.7557648793663
-15.7779048403338,-30.6770433317728,39.2387461545134
-15.2626370920573,-30.4840888249567,39.165201201148
-15.7587857379121,-30.2900756654329,39.186183677772
-15.5366984852822,-30.5486800042499,39.4198577604165
-15.4072712547532,-30.1945379693135,39.398443302465
-15.7997033311093,-30.3558203408186,39.3187889604913
-15.5686390063359,-29.4479832209045,39.3625232905149
-14.8080205201332,-30.4513883041092,39.1798792357996
-15.5424060788645,-30.3123739042527,39.8433696582647
-15.408794022296,-30.1581649442958,39.9888379272556
-15.1739297662219,-30.3173504204659,39.435115457662
-15.4674472196791,-30.1398684339105,39.9473729133908
-15.5626568881806,-30.2058265497333,39.4967057654191
-15.0470173751001,-30.3845675256976,39.4193492404
-14.9253002238312,-30.5359916835589,39.4361806677078
-15.4780654253959,-30.2874654258806,39.8902140227133
-15.3674193106728,-30.4746603481753,39.3161921735858
-15.5584518409212,-29.8282413330533,39.0809325973105
-15.5513944254149,-30.0493543782568,39.9306200831176
-15.4042037442427,-30.1743906870624,39.592127983452
-16.0877431918585,-29.8163318880122,39.9598343198005
-15.7283175531218,-30.322236463381,39.6444816364596
-15.3567308943775,-30.3537072389272,39.7155587185571
-14.9847250694618,-29.7911492041873,39.5192076669965
-15.6308124290142,-30.1078101883807,39.8631684035089
-14.9960797683875,-29.7372519070324,39.9853079613503
-16.0132423212897,-30.0304519662111,39.3702273635367
-15.6249979447977,-30.0027747365516,39.7852213206141
-15.6723524888401,-30.2063185426603,39.3146390774481
-15.3244175111771,-29.8678965403901,40.6300215828978
-15.0966376967005,-29.9677271645609,39.9541153762982
-15.2872731158625,-29.8982470577191,39.4678403990315
-15.3625991070224,-29.6792832237507,39.795828345599
-15.537365806207,-29.9971711940848,39.8921961771008
-15.5275498120406,-30.1424522164202,39.5953623541173
-14.8477469805975,-29.9927203184914,40.2463341022135
-15.2283728226452,-30.0238059080554,40.2036083101768
-15.8790927406538,-30.4259142944855,39.4530742706085
-15.4701870316654,-29.7667761295952,39.826570638051
-14.8685583253963,-29.9509813560904,39.5467542518983
-15.5995731834002,-29.5754066937661,40.0273143858751
-15.4745788828614,-29.6590936669943,40.0815901381105
-15.6519461945896,-29.6582367751778,39.9512733569985
-15.2776454118983,-29.4459487643195,40.5711375448332
-15.6560181356785,-29.9526308284403,39.8939769380851
-15.7517373972813,-30.0137127701017,40.1608555608734
-14.8677291433156,-30.0468863709062,39.8076026731762
-15.2224703525803,-29.9802685342479,40.5415595658002
-15.0226876307707,-29.5930160671953,40.0365944765503
-15.2087300430653,-29.6353133141468,39.8528740932369
-16.275262344166,-29.8047257022531,39.8182317956558
-15.8897519413215,-29.7116825590682,39.9818117033882
-15.3768783495478,-29.6955769308699,39.7544754006343
-15.3962517531518,-29.6685224386668,40.3673795026604
-15.6812819276602,-29.3866806208392,40.0577794107307
-15.5433230190194,-29.0521694841658,39.556852080136
-14.9826040469961,-29.7057757879775,39.9194080953416
-15.0212609462295,-29.7246253623349,40.7627275441771
-15.0672334244023,-29.8951226094628,39.7033037180372
-15.3673859933515,-29.3453250563888,39.6223342830842
-15.2167833672951,-29.5496106798864,39.9723233103153
-15.445703519071,-29.7633062854241,39.9360772302055
-15.2092130515424,-29.3117888993981,40.463075963243
-15.2617966054004,-29.1978916503814,39.8945186565279
-15.7187353306245,-29.2014506115959,40.0118359602408
-15.4799104094085,-29.5651973739358,40.3184356835979
-16.0594095948117,-29.5838697286925,40.5753109420373
-15.271788401715,-29.9812639120981,41.0619639719049
-15.2813618717604,-29.2158737144629,40.3198385846266
-15.6839133666675,-29.0480758387364,40.5141165986004
-15.3436199598827,-29.5982576628225,40.0276772298918
-15.2388254523307,-29.2635466011068,40.272945688315
-15.1054555878821,-28.990928961403,40.9790595629093
-15.079278320069,-29.3562033986293,40.0729109439387
-15.6050552163986,-29.4189602115291,40.5193028148312
-15.3565173170097,-28.7260368270865,40.6214878838937
-14.9201170104669,-29.0839922708356,40.466960517725
-15.3516293058752,-28.5739560708303,40.0468510412155
-15.0942461094188,-29.2364437085639,40.8733995765929
-15.5389903552766,-29.5394394582718,40.2108152507828
-14.9407675027319,-29.2758158495994,40.8932404049372
-15.5040902698096,-29.2313441257714,41.0977753536937
-15.3978959561211,-29.3667233456038,40.3338871276471
-14.9624336297544,-28.470896011781,40.2202077280043
-15.1932462336246,-28.9500967113112,40.8003638610988
-15.610582786411,-29.5279491295527,40.5511812655323
-15.1974888338325,-29.1141925966964,40.9033356236446
-15.6276623761514,-28.9867921170053,40.2946694077804
-15.1001907256644,-28.9489146437264,40.3829197375441
-14.962731067718,-29.2769610880179,40.8641926295666
-15.8060229079184,-28.8694653734209,40.2946027920354
-15.5969776339706,-29.0912761985627,40.7693507026718
-15.2504027912343,-28.8811056455231,39.8298394006772
-15.0339984428508,-29.0816641736337,40.7642369677035
-14.8250137179215,-28.6916954884264,40.9283349732256
-15.5497090194934,-29.1502085515361,40.7595831254162
-15.2781202883105,-28.9617894587674,40.4769830210657
-15.3548330690297,-28.6719321316807,41.0840585222424
-15.0307890075703,-28.8204834031669,40.2092855488108
-14.7327894164116,-28.7197764603423,40.4290370143389
-15.4051722239217,-29.0204668081168,40.7955720744515
-15.2557870308771,-28.7294266339829,41.0273335930174
-15.1330454900971,-29.4279042131878,41.2108319766477
-15.0751687504282,-28.2035196908312,40.6331079044434
-15.363229443389,-28.9134180181773,40.3858730530082
-15.263517458811,-28.5989104799203,40.6940460251149
-15.0327278026273,-29.0771434674711,40.704979778838
-15.9183539156819,-28.5527280220786,41.0438911006501
-14.9149413603414,-28.3298872292892,40.6594521656493
-15.4590424090556,-28.8874162085537,40.6784738781212
-15.2945673293161,-28.5180430088632,41.3015218530981
-15.5822372539573,-28.9835978911256,41.024293307399
-15.4818341079036,-28.87036945086,40.4672202499261
-15.1206972232946,-28.6420319970011,40.9914512479961
-15.3252865717543,-28.9137548484811,41.0869305359744
-15.3164185547564,-28.5878494535312,40.7076954440781
-15.5826879574687,-28.3530839324611,40.5848702149358
-14.738967795476,-28.025292815474,40.6316525485051
-15.4978067035815,-28.5862119509914,41.4099651270314
-15.3109588297635,-28.2585933733244,40.8160567657542
-15.0130618256317,-28.4375979684707,41.0378851456578
-15.3767118420984,-28.368042600137,40.7330776593243
-15.1737575997864,-28.2354911584919,41.0054347119789
-15.5080949401478,-28.3669120756808,41.1793640546831
-15.2380798558017,-28.9675990538309,40.4668782549236
-15.0278078737027,-29.1287729424784,40.7787651138888
-15.3387939975304,-28.4823021331045,41.1256603869006
-15.3791080332477,-28.4447142577223,40.9269305739618
-15.4391462047546,-28.4014387954393,40.7958294138005
-15.521806578925,-28.3296746944344,41.2411069817693
-15.740530123432,-28.4572270744362,41.2020804947087
-15.1664282983841,-28.4153342126783,40.6570453465335
-15.1385577219243,-28.202484488437,40.4440229317274
-15.0498213487778,-28.1783519154353,41.3849701599785
-15.2611029336891,-28.3816786444388,40.936338255378
-14.817497283345,-28.1574894160906,41.3297926807281
-15.1745646446702,-28.3060235795968,41.179911181904
-14.7966491018004,-28.2361006857841,41.1515454807379
-15.6559613987089,-28.3049128929951,41.2112707429251
-15.2302054486529,-28.0065380208852,41.3779825930681
-15.1109165791408,-28.5325825346984,40.8949496229457
-15.5084905464623,-28.3154606601851,40.9431425933867
-15.3413465251436,-28.4293743829069,40.8732743399906
-14.9838956683205,-28.2173054078842,41.1379818297618
-15.4000418468834,-27.6565594381722,41.3104720180507
-14.7063397266327,-27.9561575283474,41.3836142430375
-15.1090024251871,-28.3035496873613,41.4269753590145
-14.9258170324473,-28.3105893283677,41.3678570209908
-15.5674098467941,-28.4056309781647,40.7836286423466
-15.2787131191731,-28.1551204726153,41.280943426783
-15.2533343535735,-28.2128290428496,41.0694407412204
-15.0905006163379,-27.7733556483272,41.6235096156552
-15.1986192394244,-27.8017440212698,41.076396543221
-15.1463971065891,-27.7667125598619,41.3272420964931
-15.0755128283624,-28.2991153466166,41.154760644311
-15.4008825279784,-28.26811299454,41.495843744112
-15.0128910601291,-28.1671339279922,41.7379740308324
-15.3560683008452,-28.1931102513721,40.9768966830206
-15.1944229455885,-28.4329284118081,40.530203986207
-14.7899728700105,-27.8135049496275,41.6000413652063
-15.2163637664858,-27.3055621168655,42.0026162790135
-15.5850962725912,-27.6974985520019,41.4362619160275
-15.5090498945964,-27.8546471852697,41.3533202858628
-14.9167294543698,-27.4207837713222,41.651845682868
-15.3258158489214,-27.549943464527,41.6337299548927
-14.8851210423515,-27.7693527037318,41.2154698002872
-15.1136360192044,-27.6188382308239,41.3999569481996
-15.322026167121,-27.9204995486568,41.6377950651005
-14.8885931679059,-27.48315625156,41.5323757218848
-14.9104965012161,-27.3810405472419,41.4106006914575
-15.06347231707,-28.1684861222699,41.4116840976116
-15.1933937593237,-27.4333206902677,41.4545357289971
-14.8744225957999,-27.3588709408981,41.5673246985825
-15.4311325416324,-28.1822799667479,41.8564134728799
-14.8891094889498,-27.9646898322827,42.137645504164
-14.8876558001872,-26.9997247537589,41.1433616215556
-15.1675932721475,-27.3537265113179,41.9941749500709
-15.6087327039411,-27.2252715919116,41.6845175768446
-15.6862058149807,-27.5887885337948,41.6186345622074
-15.2390051039251,-26.9007666304968,41.336936271904
-15.3040701398607,-27.6885688117713,42.0441585679502
-15.6069403093765,-27.3357445060245,41.7660628819925
-15.2751650347402,-26.9624013934861,41.7306703095567
-15.3512206786761,-27.4820307327814,41.955076798244
-15.4124387578752,-26.6813409550912,41.2020512767276
-15.6688346051209,-27.4734251724044,42.1087979587695
-15.3080328858881,-27.6175309061533,42.0827928830825
-15.2241370158653,-27.3019041931341,41.8375644411948
-14.9018279761346,-27.2269930341686,41.3964207405866
-15.5016956047382,-26.9614184262163,41.790782363069
-15.6871953972433,-27.3804024229056,41.9546731072459
-14.8875601961035,-27.0335978857382,42.5257156571091
-15.0175717245861,-27.1516387513239,41.5920470678643
-15.2614714891552,-26.5927603423317,42.2107546658851
-15.5924158933892,-26.6647219725111,42.4431189611176
-15.1146753299191,-27.4097942512238,42.378828907725
-15.04683840918,-27.535997153735,41.5347633560063
-15.7960736874446,-26.4530353403125,41.4380435866633
-15.6468272471951,-27.7306274720022,42.2608117048754
-15.5119463108362,-27.4273964269992,42.5867224444916
-15.7181647618433,-27.0005117524309,42.1172451263024
-14.8792754517145,-26.149560420307,41.6113224356801
-15.4613882532948,-26.4118769109652,42.0615309472329
-15.5866101204969,-26.5656331749498,41.7861175207042
-15.3502191374633,-26.7910677943844,41.5553424915134
-15.156576593298,-26.79333440847,41.4570986714719
-15.3102739883936,-27.0902869769199,41.690736084868
-15.066153260345,-27.2441705233467,42.0432511987845
-15.1753905696303,-27.2767311653118,41.7439279425145
-15.4666657559557,-27.1392783850584,42.4385977037631
-15.0367662123548,-26.6540811856763,42.0923868100857
-14.6494999671986,-27.0486558655102,41.8359460119611
-14.9795234123279,-26.4818034103247,42.1188597576648
-15.4048360301001,-26.4013234212,42.6528264316336
-15.1217735214154,-26.8224982720449,41.7449616510725
-15.3908989490323,-26.6040929762741,41.6349459904632
-15.6162172041088,-26.147913730266,42.0363534626625
-16.0097132936772,-26.6658520096099,41.4148920886656
-15.0724121025187,-26.6304193775077,42.483422599711
-15.471060579542,-26.4172110244668,42.4752647016951
-15.5091098482814,-26.8897557398285,42.1462172221041
-14.7453060787719,-26.5910792832546,41.9898577894906
-15.3950896707174,-26.6789878513623,42.1068039406877
-15.0723809566713,-26.5524471331345,42.5048813417849
-15.1951332639469,-26.8246662289066,42.5963562887874
-14.7734761127905,-26.5874254929374,42.0785585387002
-15.336003261179,-26.1122247064757,42.4350949642052
-15.5092376266194,-26.461085393784,41.9697309584102
-14.9962687570691,-27.2069278925754,42.1719331782388
-15.5439513043591,-26.4720781698701,41.9663058902608
-15.0882398485954,-26.8141198964242,42.6923336631757
-14.7626786068572,-25.9041361356321,42.4273087973294
-15.2439790966414,-26.1442840320763,42.5051599226589
-15.0593767891978,-25.9287619955113,42.5152994903403
-15.7375568237504,-26.275887400613,42.4196374133004
-15.1146116694432,-26.2541570222831,42.6646345681216
-15.3799001803529,-26.6693234726118,42.3988803142077
-15.2515212368231,-26.6510714168026,42.9209240080876
-15.636141735367,-26.7839124094025,42.5248130438005
-15.3555381675148,-26.0549431379733,42.5583602691399
-15.5009310623653,-26.1451669185277,42.1521606693681
-15.208938213473,-26.4084824124987,42.1709275472976
-15.3050556929805,-26.5014609146591,42.528393602656
-15.3589631929018,-26.3142586144733,42.5549260898281
-15.2059786414483,-26.171836429304,42.2842691926097
-15.0778598398673,-25.9625522467831,42.440459193875
-15.3184253755351,-26.3806716877821,42.2372619121461
-15.4913105392953,-25.9443185047669,42.4870228639032
-15.5811580735322,-26.229444341108,42.993673187917
-15.1671466877663,-25.9916402923684,42.7321531116357
-15.5956876489299,-26.355612156618,43.1959504431311
-15.0159907024465,-26.3555340450071,42.6956409157748
-15.1478924975166,-25.8597401201947,42.6358839559789
-15.1420911603678,-26.348652959304,42.768108479161
-15.8927832457229,-26.0910473680782,41.8224704617037
-15.4405548920742,-25.9727500707795,42.1716860456927
-15.4803751725258,-26.1339388396897,42.2630426765312
-15.2084549091137,-26.0444220030506,42.0447226060355
-14.544322288565,-26.2436516933972,42.8050893722156
-15.1065077536935,-25.6596884993637,42.7848104495304
-15.3556559456248,-24.9587104220612,42.5507910235932
-15.5513735333529,-25.8806816108312,42.2732034035186
-15.6488810322842,-25.4320476014298,42.6916787401562
-15.6525555896344,-26.1749880185925,42.6200834482474
-15.3654334761619,-25.5793135262823,42.2845203952021
-15.5834439420961,-25.488725225114,43.5427475295981
-15.3689196304179,-25.4035356393093,42.1770381549698
-14.9773963487507,-25.6738725461126,42.5359177718921
-14.6188032433905,-25.6485436409019,42.9206913462905
-15.4942410485305,-25.4640309534586,42.6107779055199
-14.8950998314372,-25.700252522224,42.1366596109994
-15.1747866052088,-25.4860080176983,42.7407839549938
-15.2836113478608,-25.5263862769321,42.1819813152401
-15.0716271948071,-25.9181883751837,42.7633280979444
-14.9246234656504,-25.277724594919,42.8233014833196
-15.3873903941119,-25.1352500596096,43.1728530055149
-15.5722540637039,-25.8821182510322,43.0451297176182
-14.7116107367418,-25.1726617718948,42.8108694348248
-15.4778639146819,-25.2361705038563,43.5606814422531
-15.5021811465304,-24.9484266739617,42.1312466924127
-14.8397716375751,-25.7246306413334,42.6621286847769
-14.94576110378,-25.2315009361549,43.0883214217015
-14.7721812111229,-25.2187440409483,42.5968294303723
-15.1943157305163,-25.4463301070393,43.3478545833942
-14.9133256004835,-25.3597508851816,42.7050082964089
-14.903185269052,-25.8987601225855,42.8319978222252
-15.0499929098015,-25.1727066491246,42.5147007337715
-15.2046074279719,-25.4683898122034,42.7867065433401
-15.3055620928914,-25.0596549929203,43.5050663043995
-15.2082810292536,-25.0942819261652,42.7069592885372
-15.3584021766309,-25.0563768300304,43.3143140483151
-14.8036807376208,-25.5921765717391,43.5137582586942
-14.9829025225352,-25.4377663667103,42.6916464980039
-15.439103789467,-25.0758256331188,43.1868250097091
-14.9639064653072,-25.0287240776728,42.9542692769647
-14.909168173536,-25.504689676052,42.7730735301968
-15.3745043767694,-25.543962998535,42.9512739021875
-14.591136137756,-25.3922058765191,43.1643513493199
-15.1367726614844,-24.7944590778468,43.1077853753394
-15.8796947554004,-25.1587371587432,42.934801101218
-15.3300217845692,-25.2576823581491,43.3959880460011
-15.5597928580632,-24.9481745744699,43.1151745640801
-15.3264452844673,-25.0095874966353,43.0300127198571
-15.4005494903393,-24.4951167681406,42.8005896362544
-15.1846975446631,-25.1822677195168,43.1627956258667
-15.5484142273879,-25.071201062996,42.751347993804
-15.0211166102258,-25.1051438805152,43.2140916632894
-15.1534111040681,-24.7212830974584,43.5237309686051
-14.7984619796075,-25.0369216264449,42.4409451254245
-15.6030763334979,-25.163558174557,43.2069107322288
-15.1282128586502,-24.986873843935,43.5834242256129
-15.5951157615455,-24.9866899041862,43.0153961361981
-15.0036657551891,-24.5847743913792,43.2278983012168
-15.0160164601168,-25.3780824953883,43.12374540084
-14.7714796462902,-24.717717423515,43.887754469829
-15.6891024542552,-25.0790251816812,43.2674508564866
-15.2858872087504,-24.9458324402821,43.697795332331
-14.9957968059413,-24.4686098786268,43.3319486546529
-15.2458032849538,-24.9542882528733,43.1110254081284
-15.4698225762561,-25.3685442104831,43.7570935927679
-15.2376386513499,-24.1173396447914,43.4496012382405
-14.977236675267,-24.8328860680695,43.3823463546923
-15.2017809997387,-24.3432974326314,43.4767668563148
-14.6938261838335,-24.6840528105441,43.5885414931534
-15.695505378921,-24.4441391152719,43.285007336852
-14.7938358525248,-24.5964417028202,44.4355146657658
-15.2033170613265,-24.049228816136,43.9840776133033
-14.9571562108288,-24.984665886907,43.3977753292069
-15.3094992487986,-24.3785840749426,43.6526287258083
-15.5782174556417,-24.5046003489248,43.5808136307518
-14.6985676760081,-24.296411998322,43.2979694777807
-15.1250285984685,-24.7407724094554,43.2221722956572
-15.1659543597665,-24.5256998876716,43.8335977494934
-15.4037940962202,-23.921249695145,43.3390938891776
-15.6110003955632,-24.0407188423016,43.1574783407295
-15.2597337977566,-25.08323621908,43.6019333111514
-14.9423569729107,-24.2316547971882,42.9767238610178
-15.7458436850986,-24.3403377495675,43.5681070476141
-15.1749985088378,-24.6021838299767,43.808395166828
-15.413516598326,-24.0508905321869,43.4040353019821
-15.7582392017051,-24.2165111574356,43.7146219274014
-15.3940503105184,-24.2530017949831,43.3892503077645
-14.9295058499258,-24.1255965842148,43.5062108296246
-15.191159198062,-24.3140131551667,43.517663988362
-15.3940355587721,-24.0707420050621,43.4517975961899
-15.8248433710365,-24.4775595657132,43.6224222474447
-15.4945076671701,-24.0845867676469,44.0843946959311
-14.6943424494941,-24.2449435484848,43.7319110058817
-14.9162760198028,-23.746819397681,43.3939342100834
-15.541416487856,-23.8383017082266,44.5275691024343
-15.1563553040108,-24.0969286258669,43.6953890935294
-15.4402513623381,-23.9248029465509,43.4623444519183
-15.2128649806033,-23.8425849546372,43.9840903275004
-15.2191058899532,-23.8509795591084,44.219346902788
-15.8314626222809,-23.4726849065283,44.2435194751963
-14.9975204388598,-23.7434873521967,43.3996621059459
-15.5680368677791,-24.1271110106832,44.2153011311273
-15.1083218799569,-23.2782119769859,43.6498893819404
-14.6918700406248,-23.7793599755055,43.8127938353542
-15.3205918237171,-24.0266701543715,43.3765616908167
-15.0358808422125,-23.762917685632,44.3274368894156
-15.154024701424,-23.9575009831134,43.4954084602032
-15.3295139919108,-23.9780367349344,44.5596050293049
-15.1209390094776,-23.9596760755318,44.3183516784206
-15.0863562791019,-23.4016952385114,44.0432443182776
-14.9782164877806,-24.2484669694894,44.2422973399317
-14.6715517762528,-24.1125762394634,43.8255137359502
-15.112242562118,-23.4099095201575,43.4224775077657
-15.0330466271706,-24.0864908498574,43.5880299653532
-15.1561236086127,-24.0743671319276,44.1857684716219
-15.4417588692078,-24.0600844463416,44.0485946312304
-15.4421948034448,-23.8223193939261,44.6806189935066
-14.6658560981836,-22.8380588937675,43.8549073846114
-15.0430784178198,-23.6663425074155,44.4467702125922
-15.2335224907176,-22.9829559253387,44.3799411194861
-15.4061978464295,-23.595203389355,43.9893435984381
-14.9367313272093,-23.4903040156887,43.7013051649685
-15.1729818436291,-23.8039728826402,44.4861385917668
-14.8216319912668,-23.0326170900533,43.9644998844343
-14.3633093296471,-23.336997868941,43.7000864162628
-14.8724596895633,-23.5930926385147,44.2956935058497
-15.0839282295209,-23.9357183964096,44.5503437826018
-14.7746240252804,-23.6481807565432,44.0867980283358
-15.4011860767507,-23.9386752539021,43.9725211862582
-15.3039547990569,-23.6055709871521,43.30697902153
-15.2181736134061,-23.2198178394411,44.2299541142485
-15.5737122436899,-23.6215214271794,44.2015760841538
-15.1931464784027,-23.2717094674387,44.2647907370041
-15.7141348355932,-23.3373763676945,44.7463746211476
-14.9203936263325,-23.2766382160828,44.6930367648219
-15.2063713616967,-23.1592096224637,43.9137581632401
-15.445691746046,-23.5965943230978,43.9547985543076
-14.9878425662041,-22.9626859630823,44.0336498797361
-15.4824968520169,-23.1926514130203,44.0700519364591
-15.4517502387652,-23.6843296841052,44.3123025104766
-15.8804485017255,-22.8429947543043,44.0921741985806
-14.925038413846,-22.6367411283263,44.1775168272017
-15.1419640850387,-23.1422899772754,44.1059797686537
-14.7767812026836,-22.9328277115867,44.4760784840069
-15.1255930970673,-23.274206369209,44.2538927272414
-15.2590366139643,-23.1350376797412,44.3011843683513
-15.3641445131754,-22.8152168673855,44.3402486091067
-14.8425173945167,-23.0447683212442,44.6039372015485
-14.9142316563906,-22.7561504282375,44.3416633225413
-14.7024085926935,-22.7328514216698,43.9407512768949
-15.2829000196275,-23.0586479453384,44.7185184709555
-15.7536327066612,-23.2902046306567,44.4368082808066
-15.2641762513586,-23.0567480324466,44.2350916724697
-14.9842199707426,-23.3129780036732,44.6443253779934
-15.2254561495915,-22.8880799204546,44.4132416904196
-15.365432923078,-22.9729053702808,44.8981743291695
-15.1474866907552,-22.5813793801448,44.4414621213842
-15.7439642932724,-22.938849384203,44.2734706787028
-15.3774607886107,-22.5616520478313,44.3548040969644
-14.8423979626156,-22.4306056451286,44.9606793734456
-15.166961621768,-22.9009916369173,45.1936171802806
-15.3355614454203,-22.7558002942938,44.3375766041174
-15.5090156568295,-22.5999750333213,45.1585698073107
-15.3507890819012,-22.5564046045796,44.7363203142611
-14.6786409075924,-22.2693692691921,44.5376535542474
-14.7948147138112,-22.610856512697,44.9058690297637
-14.8396931810528,-23.0716214027027,44.8259519333183
-14.4553445895132,-22.2583331448486,44.7154860373803
-15.6218409230097,-22.9180871075171,44.6610439954078
-15.1063788506192,-22.1559682948726,44.9290937706079
-15.2311810879911,-22.2958364407551,44.8334391165401
-15.7759316467521,-22.1837304322009,44.7986182737957
-15.5035303435849,-22.1354922822808,44.4874645887206
-15.149463045552,-22.3787818035719,44.2929820116491
-14.9088613192382,-22.0273241860516,45.4139916111959
-14.9477219004481,-22.1399817811854,44.86976569834
-14.9665980152519,-22.3981041788615,43.9445603860104
-15.0244900227077,-22.0251383521515,44.2192417133635
-15.6589966634544,-22.1156928058524,44.8365569030644
-15.0514289367667,-22.2359938689386,44.915014063871
-15.367616173554,-22.1650419215494,44.8518551230759
-15.1665573723806,-21.936629711036,45.1241056506276
-14.8260417222687,-22.2084491734346,44.7158838863964
-15.0079008021971,-22.1405609012363,44.9537795886444
-14.4976540918364,-22.517039986904,44.5892437468686
-15.456147061241,-21.6069810073359,44.7718840704496
-14.7705444611763,-22.2385990916507,44.6704163230499
-15.0846246378469,-22.0484385582082,44.9522060543045
-14.9890265063565,-21.8006300672074,44.885514403456
-15.0755231980774,-21.4966641298995,44.6251433354177
-14.6676793911523,-22.5692528179815,44.9787325845971
-15.3891960960801,-21.2709297061328,44.6457956908336
-14.37130372243,-22.0338554244325,44.7876075845204
-15.2256863813962,-21.8512973038333,44.6974749035835
-15.2338693664067,-21.8412422358801,44.9770372092247
-15.0539436106291,-21.1350889126933,44.814293055678
-15.0103059081357,-21.4734682071459,45.0614760919192
-15.0468745064838,-21.5482194996305,44.6259857285461
-15.0929114216609,-21.7880483001371,45.1603299540924
-14.6688375546739,-21.9429352192257,45.013639023875
-14.750336149171,-21.5347577184598,44.6105577017769
-15.1723568018118,-21.4266608364588,44.7206329532307
-15.0517512363015,-21.8505957389734,45.4893963626423
-14.7619538521336,-21.4475336972212,45.3008367051988
-14.9679724870875,-21.9574104252823,45.1900462386816
-15.0797554071513,-21.7603447909135,45.1207979632014
-15.0399878043561,-21.5818982045239,44.2491686263748
-15.6291487663217,-20.9990224509506,44.9050316791386
-15.0611133190555,-21.6609959892864,45.5530735778578
-14.7985224286898,-21.6873745295912,44.7743170822103
-15.6956890325122,-21.0343062948118,44.9356417716733
-15.5262487791318,-21.5955808356225,44.7404111501704
-14.5833560412461,-21.3061634293635,44.7907970837773
-15.303672625029,-21.5775606787445,44.7672171329366
-14.9550859077718,-21.3451376593216,44.9774690253072
-14.9053050618485,-20.6676508717267,45.3863739696496
-14.7983000271646,-21.5868675775721,45.0466190468611
-15.2251772587824,-21.4420481461706,45.4578773401314
-15.0899519509825,-21.0573706448772,45.6412827184186
-15.0693508015424,-20.8483422240159,45.6123049449852
-15.6893509812495,-21.3254581594794,45.2666033780132
-15.1036562099368,-22.0204406194829,45.1472177889361
-15.6309531330519,-20.7965474251519,45.4805356997975
-15.0378211413197,-21.2178018682457,45.590359475265
-15.445671210664,-20.7922271795792,45.2504871721431
-14.9500635738478,-21.7680575972749,45.0537212787648
-15.2139772469278,-21.6089537938104,45.4125341620532
-14.8804372551827,-21.0754572003796,45.4527077043756
-15.3371065044371,-20.5061126965969,45.5034296899374
-15.3357981624948,-20.082601929243,45.9263124898459
-15.3437030101563,-20.4069842162141,45.5719321786438
-14.7921829945121,-20.9244591061227,45.6867145921131
-15.3996246611676,-20.8962243830193,45.618927370544
-15.2402214370007,-21.0477679339297,45.2938839249226
-15.5128487997107,-21.1717325614639,45.598128353777
-15.6364020865247,-20.6259673743939,45.1608724564197
-15.3795058630369,-20.7743895062499,45.4285620450906
-14.9235040146471,-21.0455772191324,45.2436887365007
-15.4208632364204,-20.4501465354883,45.1363601882371
-15.0033680575325,-21.1694722528604,45.5023272711345
-14.6583501198379,-21.1057622876254,45.660653170404
-14.8131616156066,-20.91785042442,45.2464015135852
-15.0494122829688,-20.7345134799725,45.4001864623725
-14.9138103545969,-20.5221840818795,45.8084385679025
-15.1550804918713,-20.5645393807507,45.1878157041527
-15.4457351961773,-20.6697505193084,45.7020957595423
-15.1755750532987,-21.0558519600565,45.7674119479485
-15.5158770397353,-20.688014671641,45.4920724673903
-15.0958937136688,-20.6265701391175,45.7309960641533
-14.699078848768,-20.5438930621914,45.6197058254875
-15.6116292620339,-20.4977590296316,45.4532873017577
-14.9291196032213,-20.3078750218256,45.9133239622473
-15.0858857231993,-20.6085736555557,45.7984422039505
-14.7108381458065,-21.0198355142002,46.205467004747
-14.3994224733074,-20.2769497483432,46.0774551656667
-15.7665027350717,-20.7163892512262,45.1256819612492
-14.9940195219541,-20.1794192935318,45.3072867525807
-15.3738776894893,-20.9141198706064,45.493924354112
-15.1314320145917,-20.2883822497459,45.9488123197084
-14.8118553103369,-20.2139606618973,45.2259112671546
-15.4344059239847,-19.6652116319334,46.1836573032326
-14.900198302465,-20.3677971572021,45.6993997451616
-15.2967562344642,-20.1027844935848,45.4402934717455
-15.0393850708507,-20.8052080041724,45.4249192566771
-15.0765455130732,-19.7424787615755,45.9258632221634
-15.0292369744803,-20.0092680108577,45.2516999541297
-15.7312408743676,-19.8938638855537,45.3206280579379
-15.1441852538554,-19.748216220307,45.4995670542256
-15.4851700557268,-20.1125506768465,45.9289920276996
-14.9803153868095,-19.9034918579582,45.8430667346087
-15.4797815930642,-20.6299971213454,45.9300131809533
-15.0262350208051,-20.426732729535,45.5974093694835
-15.0478791356216,-19.5252488164703,46.0829122144595
-14.7924607379947,-20.0631043977552,45.727514249215
-14.9223698125702,-20.1063626103943,45.8348807613165
-14.6201587479047,-19.8519825431664,45.8015744571236
-14.9430336690199,-19.6645102331175,45.6856254896005
-15.0656391202566,-19.6336560743944,46.0326340202662
-14.8628541699506,-19.5577438726203,46.3506404423194
-15.5670696012706,-19.9825652462152,46.2170041251195
-14.8145916880452,-19.6967817205303,45.8630990479787
-15.1327440165513,-19.6576158479488,46.3359818325538
-15.0566434177037,-19.7473543458862,46.5886690644441
-15.2522858554172,-19.6359547726305,45.5703549847796
-15.5043285471793,-19.5786955546525,45.7999565876535
-14.9156299875869,-19.9490070867274,46.4985408738792
-15.1135988966064,-19.8477689187692,45.5041808710058
-14.5902187480865,-19.5669539968881,46.0384152099841
-14.6470633322723,-19.3154770576776,45.4324653904075
-15.0781252072186,-19.8363809163046,46.0481575733277
-15.5769816814582,-19.0418791835965,46.4717729058248
-15.1191547844858,-19.003887219758,46.4035399974311
-14.7096524868592,-19.4350053783078,46.0418054596084
-15.3573851885878,-19.446540077401,45.9166830236011
-15.0718347376141,-19.476438029424,46.1946993722359
-15.7823126103739,-19.2547228518336,46.0140536982426
-14.4195620063121,-18.6666688211532,46.053824531102
-14.7747881746311,-19.4799561660104,45.8345646542747
-14.7660651828873,-19.6997636718838,46.0413990566361
-15.3965261254844,-19.0911997055157,46.2810463629179
-15.3560814461818,-19.2215211239709,46.2400104049622
-15.7905917087966,-18.4614205217355,46.0999713375188
-14.5101825998813,-19.1965769769573,46.2251935470887
-15.3708594573149,-18.857341947264,46.314731906014
-14.7917707162721,-18.7299271708209,46.2241818321584
-14.7872126937396,-19.3083812412731,46.0724768443879
-14.8769643995615,-19.2348694009616,46.0377081487596
-15.1064077855542,-18.6862223076676,45.9688710672593
-14.9914940326799,-19.0235069492649,46.3532836296928
-14.8334275099334,-19.227456732777,46.2978776954852
-15.3015559009852,-19.2065224718358,46.1504125059748
-14.8307387893868,-19.4573683809103,46.2692356066103
-15.0097451589035,-19.2898172515218,45.9822624197999
-15.6415980803767,-19.178912256962,46.2060332043768
-15.0473686920473,-18.8096180381231,45.8541584578039
-14.8010487189341,-18.6936659978947,46.2142253466256
-15.3185449485546,-18.9149197602586,46.1487220262557
-14.780656981547,-18.8086560936125,46.1372414351029
-14.765581777792,-18.8747109536952,46.4038367376909
-15.0163222629263,-18.7920194231606,46.3337343146893
-15.4721727037478,-18.8669884509879,46.0156478493431
-15.37922764895,-18.419134412267,46.4112622304509
-15.2341848448027,-18.9696822197213,46.3882090620777
-14.9755680464517,-18.8123124458891,46.4843845773722
-14.7788729819345,-18.892606169371,46.2832836621354
-14.7373558064314,-19.1520443561921,46.3620276754497
-15.3106814581225,-17.7843452660691,46.5028119520589
-15.4721365145999,-18.9139916651518,46.4125923269738
-15.4110595548091,-19.4425613408193,46.9786825462412
-15.513662962613,-19.3499298223492,47.086818373125
-14.582800598669,-18.4581167739567,46.6711921347811
-15.0280184185612,-18.1439483896967,46.3746479384142
-14.7045035463472,-18.798570389216,45.9882746122908
-15.0839984319834,-18.4008605681616,46.2964964074345
-15.3254230089821,-18.0343943914738,46.5433641977911
-14.9668701772345,-18.6190464892166,46.8825297870627
-15.1381907285566,-19.0542164929072,45.7559737192515
-15.1642662994519,-17.7298301153045,46.5133793427651
-15.0199048307262,-18.3528703011333,46.4448903772437
-14.6886853391726,-18.260730112066,46.1604189484683
-15.2809022251621,-18.209685959285,46.8307863892562
-15.2805213275882,-18.4400393613945,46.5302235096462
-14.7286578789788,-18.4032584517692,46.6155502867517
-15.0347774307271,-17.9934652231917,46.8030228141424
-15.0780244929013,-18.3974591949492,45.9345079557528
-15.3288534689517,-18.2231823022614,46.1652764356341
-15.1454784305621,-17.9197019255299,46.6428720375586
-14.8479645203858,-17.9162890745558,46.7153610534918
-14.8726262540773,-18.1097387175937,46.2818921202071
-15.06918200127,-18.26945123447,46.8569149096373
-14.8462471867545,-17.9456279154752,46.3511540208277
-14.8516622270129,-17.8027052283705,46.9547750156703
-14.6375123424397,-18.1871884411375,46.9174306176541
-15.04417955307,-17.6944863422709,46.8229454432046
-15.2437322774172,-17.8271245968764,46.7170243224726
-14.6877770731025,-18.4148801886453,46.8620279020825
-15.1264497600213,-17.8560709561008,46.7570122654218
-14.9947726497971,-18.0979428938718,47.2293951948798
-14.9940545965949,-18.0766186942516,46.8216022082074
-15.5449589528133,-18.1281848193225,46.6758649883368
-14.8999619918534,-17.3558705972109,46.44129693517
-15.0845350766709,-17.9130846397412,46.5539984762967
-15.0275399685557,-17.9211757274022,46.4165388477818
-14.5443429907809,-17.8039443932535,46.4025216109501
-14.8331948101316,-17.9207567703602,46.7085606481999
-15.1043946566265,-17.4987210575886,46.5192359730064
-14.892996847699,-16.9612031923121,46.5837862043229
-14.7359553233521,-18.0647467006168,46.4454095323284
-15.1033819215884,-17.3387785888487,46.6659178688914
-15.5752744545629,-17.6486199837267,46.7650392826751
-14.8180503097341,-17.2421226979997,47.3183435176213
-14.9624306412806,-17.4532788016043,46.4998834439454
-14.6277946749018,-17.5379804186502,46.9507911019621
-15.1260752090814,-17.8139793785906,46.670936355255
-15.0537127330958,-17.2636441870032,47.1096476914883
-14.800831874023,-17.44186793032,46.2508462784196
-14.9349440742773,-17.3646811456443,46.8068362501961
-14.6058815081093,-17.0996514953688,47.0566639448792
-15.0797867432667,-16.8971225033268,46.8272881074802
-15.1928664097198,-16.9848031360102,46.552862978391
-15.1331119435858,-16.9858284251335,47.0232469217554
-15.0500127519348,-17.0828851462151,46.7421165868925
-15.0251157942454,-17.7278127668258,46.9148860405519
-14.8761482832007,-16.7051032110378,47.0917662138229
-15.11808686786,-17.5652114906062,47.350455678853
-14.5044121508625,-16.8114468761106,46.8752490800412
-14.9341147814417,-17.08523799596,46.9163274143923
-15.1835493831027,-17.261289265538,46.7415202664
-15.1580542038541,-16.9026842457747,47.4082721494475
-15.0042034218162,-16.9154620200565,46.5774746872208
-15.39399686049,-17.2318001071889,47.519146699521
-14.9619768612612,-17.2612655165467,47.3514451209271
-15.5715163520344,-17.3934888615588,46.4992127957315
-15.5433010329118,-17.3441015717858,46.9914063339131
-15.1965872442342,-16.7792830562333,46.8774629940195
-14.4011289369099,-16.8614628494704,46.7977566664949
-14.9821154100481,-17.0340434392864,46.8326028496397
-15.4960765898479,-16.5102929624532,47.7040016959741
-15.6120497271877,-16.508514371437,47.0212864276565
-15.4974284933094,-16.4899090777554,47.6333624935678
-15.278231224101,-16.5989827954727,46.7093346606072
-15.1357092077436,-16.7976499992207,47.2511311880795
-14.6434092585697,-16.977994558736,47.287435975676
-14.8766753183119,-16.8308336218029,47.1914119727282
-14.9977047290737,-16.3101338764295,47.2574820810611
-14.7500000450772,-16.754557073694,47.0352039209117
-15.0438421205754,-16.6539029501736,47.3890697366581
-14.5700039208862,-16.8847366907881,47.5002217814392
-14.6558457027861,-16.6742822085397,47.0821366947352
-15.0396921358575,-16.3647860040312,47.1347822451948
-15.153457808114,-16.7265767162742,46.5175533526536
-14.9233696437458,-16.2374336316905,47.4871214431342
-15.050845599844,-15.7932449091567,46.9648901786671
-15.2975602540155,-16.6901929222769,47.179324683458
-14.7441433445372,-16.5971925681916,46.9575683209546
-14.8201299355787,-16.6934719470971,47.1028140843434
-14.7402214759695,-16.331240303397,46.8458485345248
-15.4431521173893,-16.28363896514,46.8535659342015
-14.9383299655087,-17.0090216310022,47.2727585931284
-15.4055469452575,-16.101550893036,46.8972500740574
-14.71467408369,-16.3393618785927,47.4948372849361
-14.6293756997319,-16.0993826949154,47.2973697005083
-15.6799218255986,-16.1959490444364,47.7886994739895
-15.0428685228956,-15.9253017115826,47.4771617384871
-15.1107957938932,-16.3988084552054,47.4068393328835
-15.2394908168104,-16.3300377607834,47.3214191962418
-14.794906449733,-15.7339367706572,47.5689352315385
-15.1165639506329,-16.1389489696005,47.1274073689351
-14.4924149079363,-16.4339580148979,47.3494600276595
-14.8227037575707,-15.6436530919162,47.2758505538514
-15.0555562419279,-15.8780991140201,46.8515799804772
-15.2640101952005,-16.4814759226521,47.6804145645137
-15.2376904655049,-16.2841551618662,47.6118800111444
-14.7710775840563,-15.7719882424778,47.3532559716564
-15.1191902021255,-15.520398962683,47.3737844476381
-14.9838999206662,-16.1595548443915,46.9733349365605
-14.9886368741456,-15.9289043158164,47.2900737913285
-15.0713000385017,-15.2485932545756,47.6764311841032
-14.6134962408568,-15.572084550855,47.4088747717477
-15.1033357174732,-15.735347870339,47.5450301949829
-15.4591611384341,-15.5409466116315,47.6980191443638
-14.4786844608737,-15.186654565005,47.5109427554872
-14.981214636972,-15.3502884747344,47.4572959257845
-15.2909464417055,-15.6304577105813,47.4299097837757
-14.5500805963625,-14.9905305409512,47.0010752195926
-14.9175544002478,-15.3709673915633,47.0984909634099
-14.4982428784634,-14.9072918851235,47.701162941901
-14.8005479345368,-15.4590396941702,47.6182425663605
-15.0647955768847,-15.4990459313233,47.276034911073
-15.0103027120263,-14.9349866942998,47.2067150105096
-15.0401264641359,-14.6042400926966,47.7087123133655
-15.0379279693538,-15.2394900112066,47.6658019162697
-15.2531829697529,-15.0528491218556,47.3183432265055
-14.8157925848396,-15.2201944213921,47.932227355607
-14.9470841204179,-15.1866862885463,47.5344434336706
-14.8208404980519,-15.6948388431648,47.5585012972954
-15.0854432218039,-14.7640146339408,47.941841579056
-14.4157790712667,-14.5402363297165,47.8374093174517
-15.3521722284725,-15.2491410285891,47.7792475213305
-15.1747225987034,-14.7530686985801,47.751499542682
-15.0632782893046,-15.1745890453479,47.3280982761501
-15.1341175820747,-14.6238833946989,47.5020859359186
-15.1741256910608,-14.9623110102556,48.1757260303134
-15.2546745521259,-14.6111832497359,47.4427668296301
-14.9553743686614,-14.93244466487,47.4638728881672
-15.1543286279792,-14.6353898648452,47.4459231985753
-15.0470663989311,-14.708869640706,48.1060668420074
-14.949722862841,-14.4300518265531,47.5105927748159
-14.8884155078936,-14.9851423125636,47.6321281417366
-15.7508190057609,-14.81363854593,47.606065670182
-15.2152076442403,-14.6204618274379,47.7345771599579
-15.0396177089295,-14.7128630551732,48.2867627864775
-15.2750375758323,-14.5685060553319,47.0730773948995
-14.8307064687397,-14.8408252840917,47.6504956054335
-14.9358726939227,-14.7565611617363,47.5367133037532
-14.4616200513769,-14.634253005022,47.0295249655434
-14.8057179215735,-14.4923527036241,47.7301488380138
-14.9335228242422,-14.5718028075883,47.6459726669962
-15.2502597696202,-15.1294021025283,47.6047398021261
-15.0345821910896,-13.9268511146185,47.533485876465
-14.8111517196292,-14.9618509737405,46.9901555104257
-14.8935342503805,-14.776535399259,47.6111376715496
-14.881731084616,-14.8165124710437,48.0333059322289
-14.5163243815896,-14.2648388891607,48.0831342463388
-14.8188969812679,-14.3353481500845,47.5357170364826
-15.546912754835,-14.1516853325693,48.0396945039442
-14.9560052850451,-14.487154068726,47.7615257685729
-14.5931940769631,-14.1137764788198,47.3569149059976
-14.7052365925744,-14.1374869022989,48.1168821351475
-14.5548191051127,-13.3565980601781,47.6594651356435
-14.5142185299436,-14.6029062042286,47.5015258210677
-14.8065699301992,-14.239329715911,48.0479410375868
-14.6808587345611,-14.0485165616104,47.8652489210937
-14.6628998362826,-13.9234270781635,48.4696578714869
-15.2730872800434,-14.1025670843441,48.1185632292521
-15.2848956329853,-14.2310787825675,47.6424970426419
-15.0957209415464,-14.3250486041299,48.0793720344381
-14.6482108661365,-13.9494420976554,47.8615465878452
-14.9425335719055,-14.4368334069802,47.6489426801728
-14.9647513470674,-13.8641356351188,47.7858915487267
-14.3683992831094,-14.2449247148724,47.8700201607301
-14.7057576329134,-14.3573790696417,48.6215096379251
-15.1757045314269,-13.4914481746613,48.2648875192424
-14.944069677825,-14.1053601566757,47.8483086001349
-14.9953438065152,-14.1099561791771,48.141489063161
-15.1631156359678,-13.5705545610066,47.8723387152367
-14.8130789147893,-13.4712398999098,48.1446065055679
-14.8610571640733,-13.5213091168544,48.0783230748166
-15.2580138580336,-13.7203929632077,48.0498739376473
-15.1729066296534,-13.4098922765559,48.359265697743
-14.9136000077245,-13.7880631964713,48.3825297368864
-14.6798894360526,-14.0283879083189,48.1422069205254
-14.7754179506466,-13.117502736091,47.8346395486927
-15.0008102172698,-13.6782005386881,47.8166691361178
-15.2677361764022,-13.5768418560711,48.0069966207208
-14.7649061601068,-13.7249173439036,48.2942056988824
-14.7582390307168,-12.9100037060354,48.5275295263759
-14.9327889382407,-13.3561262706414,48.1190641630244
-15.2588281196551,-13.6707303894281,48.2117061975591
-15.2277725841741,-13.3191497891817,47.9599951800999
-15.1308656724602,-12.6525821392766,48.3552131577204
-15.6179729947535,-13.1679754611239,47.5191400244808
-14.6313217229887,-12.9201643059595,48.4060097754377
-14.7771800964762,-13.3932449067933,47.9932613168982
-14.8615721359271,-13.5282098421913,47.7661147797359
-14.6733166823526,-13.3722924240673,48.4024164034701
-15.1877562672088,-13.6552009072238,48.0765840050661
-14.9881900666822,-13.3678411860095,48.5782647051557
-15.409736078234,-12.9042906745263,48.619515860862
-15.506905597795,-13.2352962715047,48.0074779176667
-15.1260995146819,-12.8150096497997,48.055546925775
-15.1126003223047,-13.2310979832675,48.2145311837077
-15.1245929455848,-12.3932640211766,48.2448310932892
-14.9096335611089,-13.242689284991,48.1886878174267
-14.8509732587586,-13.1109687469216,48.8484713587916
-15.1092663187661,-12.8864742539325,47.978014436742
-14.7219929700503,-12.5271080667766,48.2312312350849
-14.80716898324,-12.7658466321877,48.2598673392119
-15.1122109828184,-12.8938133638453,48.4631724186267
-14.9766807235333,-12.9723075236457,48.4415306250264
-14.7398690096339,-12.185489750556,47.9402690487619
-14.9121211855014,-12.9811750654712,48.2440670405597
-14.9811759651639,-13.185769012909,48.387975630294
-14.7602039360494,-12.4640564957927,48.1939280780423
-15.1868927728521,-13.2020980994115,48.1327541994942
-14.5110217093647,-12.2167070597067,48.5684216814543
-14.7586531280757,-12.8254864951519,48.2961904816635
-15.727300830188,-12.3136025848074,48.6146513739285
-14.7521657755986,-12.5386421386024,48.5675697265987
-14.7617945973342,-12.9487593860376,48.4382666786709
-15.9322352283786,-12.5047760847716,48.7052957557087
-15.116320753624,-12.7124398183569,48.4086514914701
-15.0301724042293,-12.5577278660001,48.0691822383606
-15.0414524148547,-12.3713438362095,48.5851693730082
-15.2574221777998,-12.3072052523173,48.5706063200671
-15.0111169810123,-12.3120027659246,48.3670555733141
-15.5694769729606,-12.0135764334435,48.3227281800973
-14.810883444012,-12.102993086671,48.810501829323
-14.8010442496725,-11.9887888994643,48.867934169509
-15.2901522902,-12.2599639978092,48.601785348581
-14.6329949952725,-12.5201961311576,48.5531199740506
-14.843969295583,-11.5385984444758,48.388680432669
-14.8533097964666,-12.2079115780859,48.4945307524251
-14.816055363151,-11.5859891093093,48.5988270932681
-15.0735829223785,-12.5305794182551,48.1185595481563
-14.9716914888944,-11.6999621869111,48.8066288514622
-14.8666613628239,-12.1940098150113,48.7926730171885
-15.1460856143309,-11.6525594270788,48.5712777681417
-15.1599484949012,-11.8685127201222,48.7910930951215
-15.4117639346191,-11.5698848124001,49.3371906338674
-14.8996476562334,-11.5451085591851,48.271885534918
-14.7302016510411,-11.4477775009658,48.3284017289512
-14.6304016663462,-11.6155977395946,48.6886711462471
-15.1678214911046,-11.4120942750785,48.3937883816096
-14.7165570440226,-11.3703192607313,48.4599205665474
-15.0752959187317,-12.2547282182732,48.277856982448
-14.9524812605073,-11.5458897276558,48.7651706354346
-16.0030279335583,-11.3241975365818,48.4708170287314
-14.9119650770102,-11.6503679154079,48.6282701967429
-15.4085768836111,-12.0252084575215,48.8342207130265
-15.655674216881,-11.7742063670231,48.7529385759588
-14.972081586597,-11.6625435798544,48.7891331098012
-14.8544521237116,-11.4552763125585,48.4601059721165
-15.1239995507697,-11.154311924125,48.5188312875645
-14.8495429021103,-11.6680473723347,48.2853117273574
-14.7384385162916,-11.3359203735534,49.1053478508128
-14.8851698994037,-11.701218323094,49.253642976748
-15.0750456516701,-11.9481979109983,48.9600561404189
-15.0374035598909,-11.2926851703096,48.8560518640131
-15.0868948799535,-10.7572910951074,49.2729715172743
-14.8144899396058,-10.7293684847768,48.3926905577932
-15.2692932945004,-11.1252224477428,48.9061333841967
-14.8804204298885,-11.1630093884822,48.7913288496938
-14.8685705898623,-11.4883495140516,48.5208050893302
-14.7170012757111,-11.0218746132429,47.9776733580435
-14.495972916918,-11.0142507655693,48.7095299939942
-15.0505740196812,-11.1330963777253,48.961764539828
-15.0519359133203,-10.9676403615592,48.8721774497898
-14.9332339243859,-10.1497260614488,48.7141830018488
-14.9371607483904,-10.8035622657797,48.802458268846
-15.0201076370161,-10.9239320371598,48.5669355045214
-14.8222687894527,-10.9414029822939,49.087013743999
-14.5863577511119,-10.7420378726095,48.4224194311017
-15.4880757576993,-10.8292706938202,48.7893039635933
-14.7847658265042,-11.4535543314464,48.6374625589638
-15.2074981828116,-10.8188485232835,48.7741578440894
-15.5006349336534,-10.680862613705,48.8103180767655
-15.5448153220425,-10.515231838608,49.2461024125789
-15.166056500609,-10.6765772021229,48.6267585111468
-14.8668583691281,-9.996265881277,49.2312102939592
-14.6923594424807,-10.4016908398115,49.2123803982292
-14.9191219717643,-10.5248466867508,49.0007938048474
-14.4893717663016,-10.4958702280549,48.4734019478812
-15.0374389587489,-10.1951586056228,48.6963768564771
-15.0219812001009,-10.2440850925193,49.3329261203756
-15.0155029161186,-10.5826751921769,49.138626348505
-15.0176318415094,-10.4969395182579,48.9934676044471
-14.886970670595,-10.1648799332644,48.6698336597948
-14.7984601694588,-10.2151219491668,48.9645156561892
-14.8482725453875,-9.96395429851485,48.435552055823
-14.8205945609318,-10.7936986035919,48.9373297987362
-15.2151609769723,-10.3690516924753,48.6667748525994
-14.7738000091916,-10.2909642885692,49.2777404434986
-15.662179973496,-9.79233761885066,48.9200091482442
-15.3001305105064,-9.84944682940568,48.394358773505
-15.4165056925679,-10.0999171044752,49.0199805582559
-14.776536001313,-10.2952984073491,48.7963082204832
-15.1646164455489,-10.0200638035791,48.6946113245543
-14.8026802327099,-10.1151138270408,49.1248584022812
-14.9997338713655,-10.6063060934047,48.7158109324136
-14.746643231587,-9.79692488572604,49.1813569584798
-14.6978616209557,-10.1160374315143,48.9029871772998
-15.1389039121215,-9.82271033654606,48.7776070021186
-14.9901837113924,-10.4451461529349,48.7950193484047
-15.1482423833157,-9.58638714162618,49.2042932890585
-14.9190218809054,-9.8275785590284,49.5794432844023
-14.9350372708737,-9.06296226135522,48.7584772517395
-15.2242329167724,-9.65934271826901,48.8494131853253
-14.7928700265203,-9.92590312268333,49.3350833742557
-14.8042886083105,-9.9389954593805,48.4931942858239
-15.04701849566,-9.5750765589328,49.0809928262253
-15.0419994371959,-9.46979595473175,49.0660288917472
-13.9939326013159,-9.13092502666956,48.9187291695944
-15.165327021302,-10.121629672502,49.1629026952144
-14.7893296492464,-9.71512467456279,48.7772444795488
-15.1516811913375,-9.55782633619306,48.6697188364429
-15.2174832121616,-9.5290847312533,48.9900878566436
-14.8855537934133,-9.30926966357755,48.9136473973009
-14.9924432949681,-9.43516638479887,48.9035962556342
-15.2097461746832,-9.35785323705116,48.6879581537622
-14.4856233598657,-9.53795193401194,49.1204655407902
-15.2423132560779,-9.43657377963731,49.3825200804636
-14.2509624375274,-8.59269407371191,49.428401551449
-15.2017554913486,-9.5773770207525,48.934051600519
-14.8858510428284,-9.34139176173003,49.0243961550333
-15.0906572246983,-9.49549780269694,49.1934311352299
-14.9886746016163,-9.1245902209472,49.7276414991122
-14.6315715646237,-9.2033387148927,49.3495489718071
-14.8873409841822,-9.74592582234391,49.1664538241508
-15.2915465186504,-8.83891477196272,49.1112981284953
-14.3629964337971,-8.97948712873871,49.4170588835073
-14.8946083086934,-8.52202358010793,49.259991773886
-14.9356782010501,-8.56254515666985,49.4091925275595
-14.7309660465238,-8.63535574358098,49.004710941341
-15.4574097810417,-9.05606751857136,48.9539209770643
-15.2611777692595,-8.70965813382071,49.1415941224236
-14.7832386646247,-8.59498641374709,48.8316170775669
-14.5069793974377,-8.6883764670455,48.989477124237
-14.9343444100443,-8.67992249797793,48.8869993348476
-15.1978811572372,-8.56576386686856,49.0518820491146
-14.8456652304466,-8.50269642803559,49.1486405677572
-14.73395794533,-8.31265685913747,49.3359477773276
-14.3751141390563,-8.3759889939008,49.217754005801
-15.0554294845917,-8.67449186012107,49.1848618029749
-15.0978729490505,-8.19611820668122,48.7262356590827
-14.9666242002537,-8.48896335149064,48.9750920361742
-14.7708552407725,-8.47001718127861,49.2021646359578
-14.570630633138,-8.59692910066349,49.4175981863636
-14.8476143403139,-8.74557213388061,49.4529884583084
-14.5317906668252,-8.15314931645923,48.847093938389
-14.5757951662045,-8.53777319797436,48.7890795394735
-15.0404128839519,-7.74709307116692,49.3054888045421
-14.4563625700465,-8.2529780954787,49.6025065238533
-15.4727460419387,-7.85078530751132,49.3278443008592
-15.099477546565,-8.44284330826934,49.5563721552424
-15.1089834740778,-7.86718540485791,48.9824985236385
-15.1909812071883,-8.05849752568183,49.0151735792753
-14.857631579592,-8.37152003201424,48.8649404472276
-14.6857073633935,-8.13812487092475,50.00287469864
-15.4196633370352,-8.43714563866949,49.6126949929117
-14.60521425394,-8.28335858333678,48.9034002651457
-14.7530320590333,-8.35362262934249,49.1592542276794
-15.1278414516388,-7.80925970951267,49.4368719537085
-14.536994657816,-7.77852975765799,49.0756068408852
-14.5238768668056,-7.92246868917012,48.8630224395357
-14.5566985941967,-7.42020095795382,49.3478056593829
-14.602581303987,-7.23846967680167,49.237001742565
-14.9824755429488,-7.83785191749502,48.6137230237721
-15.1556278684222,-8.04613790742532,48.9899188416978
-14.8892835841021,-7.83369694913466,49.5981692853486
-14.6200414454808,-7.5675964929461,48.959736651767
-14.6462211730796,-7.4724549876408,49.1982378618094
-15.1675894960841,-7.21411439816604,49.0657962458368
-14.8495839405888,-7.61863341370992,48.7630834043482
-15.014062021825,-7.92773762618007,49.1825337975424
-14.7119317791684,-7.14535660995026,49.1383259822922
-14.8881252416717,-7.04922783583174,48.8564462285814
-15.2753904140788,-8.55428054156176,49.5297275369592
-14.6963959268187,-6.869123017719,49.6799790928868
-15.535058325844,-7.18263234210549,49.2857926338268
-14.7054264190722,-7.36794326386729,49.3267846529136
-14.7969691236829,-7.73656567791794,49.6748522019891
-15.4307213366149,-7.58781506853452,49.2791700485003
-15.3405978929828,-7.3160471793569,49.3950536089637
-14.6411502008548,-7.33781093829954,49.4600316659791
-14.7825733712199,-7.21365399079362,49.5555885929179
-15.0701201681185,-7.12149196924359,49.2960610289832
-15.0106049783388,-6.72622459494175,49.2047444639451
-14.8709514620338,-6.89569059728758,49.4317545505738
-14.778044958525,-6.34880727068273,49.2606463531459
-15.0561075299899,-6.26467176227222,48.7313270918857
-14.8790668424551,-6.59071564479565,50.0700476624192
-15.0242653819459,-6.51542198020317,49.1431671142798
-14.8352030424372,-6.6748468252959,49.2597606454568
-14.7882680146884,-7.17701873509237,49.6084230646539
-14.9516773054466,-7.05005161312265,49.7265443955107
-14.9056973551875,-6.65094453650758,49.1699230078193
-15.200996782809,-6.64543086804231,49.668241245672
-14.3099835520829,-6.32384773079171,49.6302179956324
-14.9776861676978,-6.85249817796964,50.3222880593527
-14.9967179354535,-6.3558236723801,49.3529839866381
-15.6301686400391,-6.4350315844216,49.8877392697631
-15.446232248586,-6.28640675777199,48.9709335138966
-14.7619447416419,-6.69182174772034,49.9048870486882
-14.9952745715611,-6.0790692956041,49.5149364857944
-15.2120118450115,-6.70479726417454,49.9592095971407
-14.8531822606629,-6.54264361000352,49.4327686998368
-14.9836102878249,-6.12259598721965,49.4006628341516
-14.7004468266157,-6.81602701683949,49.4622051476128
-15.4672945447909,-6.27474809363396,49.2609382663511
-15.1014191080001,-6.3825100190159,49.778541855266
-14.7738178420065,-6.68902904449536,49.5509109422666
-15.4843541026771,-6.05129736247174,49.2805906412827
-14.870578119197,-5.94530611229667,48.8682780591967
-14.9659561946289,-6.06221933328558,49.7453558956285
-15.3708260676106,-6.74613410255823,49.0911369066417
-15.1793011124492,-6.02702179265439,49.0050726446396
-15.0101214572785,-6.39126414524709,49.0889232562473
-14.8658456687726,-5.87765102008561,50.089982012399
-15.0834563858524,-5.9201171992341,49.3651284407015
-14.4589502116697,-5.87500365533814,49.725193334008
-14.7237227315086,-5.7872875522743,49.2023235259865
-15.0392657585697,-5.54714759257687,49.6573862679377
-14.9388013093166,-5.89981212290876,49.5604842071136
-14.92235567912,-5.43797223845837,49.6199894790445
-14.7072570495151,-5.19544177276602,49.5679173775396
-14.8864342749615,-5.85305176500254,49.3757636819033
-15.2497048964824,-5.94188726997299,49.5881840017972
-14.9039919386868,-5.34441592523584,49.2477120920993
-14.8169708687207,-5.28803167920224,49.6569338133863
-15.0677015995943,-5.44263001694526,49.6262712326348
-15.0641127854973,-5.24402242222591,50.186658968218
-14.6805895642261,-4.77856403663354,49.2830436579565
-14.916940436222,-5.41307273168505,49.3251444752092
-15.000042726538,-5.89742105878238,49.7670158312761
-15.1034654147915,-4.89671791431379,49.4729092038011
-14.7723249012035,-5.44415340312189,49.6686185901775
-14.5783726376321,-5.6419915469019,49.6050939902987
-14.523275144825,-5.41129996406669,50.1280266966096
-15.4644662041077,-5.31204060742653,49.366368946917
-14.9600034995222,-4.93565482856814,49.5794339215052
-14.5033321205037,-5.10281108286634,49.5136155400059
-15.0631563088028,-5.01196125964926,49.8277668137072
-15.3307222673823,-4.54565181261452,49.8259649303274
-14.9589509635366,-5.0753988810889,49.7995432878859
-14.7497547297451,-5.22716497441206,49.5945370313089
-15.0320492950213,-4.99217254209442,50.5347375799341
-14.7551637749679,-4.53341987170328,50.061479521674
-14.9760624790019,-5.12393759810709,49.5709914034475
-14.8797623151675,-4.63304014394651,50.0090117225108
-15.0646609170524,-4.66529874120623,49.6802049457689
-15.2519966808505,-4.3247784957573,49.50157880459
-14.6662464157561,-5.25444974374775,50.1719673867493
-14.8265907127005,-5.15741933783563,50.0665936757258
-14.7602147678032,-4.68778355436571,49.3917072754572
-15.2895361030314,-4.46326926309707,49.6089837618247
-14.7316917097753,-4.77718586647499,50.047813080483
-15.0835306592112,-4.20338351317369,50.0853011817732
-14.8444961072901,-4.12192398448342,49.8521569514882
-15.1693154543659,-5.2443886410878,50.1003226715853
-14.8413890952252,-4.15822718632766,49.3347240037338
-14.3986075592218,-4.51823017588288,49.8298274405176
-15.1516704009944,-4.33416447521263,50.2537041350773
-15.0933293457249,-3.84781856549507,49.4241472760505
-14.4229528301893,-4.27798126791602,49.4051837029089
-14.9092880663075,-4.42224571864552,49.6219086989544
-14.7315602388547,-4.32679066554314,49.8178481583961
-14.7473117044727,-3.90839957018278,49.3022512521808
-14.9424196272329,-4.11034285827879,50.142991962054
-14.9915836125893,-4.13246099110502,49.6482948678924
-14.8955945245687,-4.1577240347189,49.5157852297757
-14.4692431808026,-3.87084602812978,50.1943044594142
-14.5807705758189,-4.37875915130304,49.2120982102139
-15.4029579276968,-3.81003159914844,49.7294984903601
-14.9071615594843,-3.96812830123294,49.9941695798113
-14.8425706062009,-4.24317722221005,49.693448703183
-15.3303213051752,-3.59117297548521,50.014782366848
-14.4047857112493,-4.37913067592772,50.0853773240074
-14.7435743530965,-4.24782937138181,49.6422242939751
-15.0103438898356,-3.60525186857325,49.7179963445895
-14.5676848292223,-4.02952998130375,49.4624859957112
-15.0924525839651,-4.01762358502974,49.9579326812982
-14.4998238693769,-3.5849022430794,50.3037427060585
-15.197960587239,-3.74823217657228,49.8094076816004
-14.7767042618677,-3.94541517675766,49.9861863418645
-14.8244352472291,-3.72304499112572,49.9465804020274
-15.1485066351899,-3.46378606257547,49.9556118105812
-14.886540519835,-3.79079858381694,49.9867060653996
-15.0283932735242,-3.16035501765395,49.9397256524174
-14.9953756949445,-3.51033209557339,50.0091762903573
-15.0799242763836,-3.43514476603918,50.3264241772496
-14.765266678633,-4.19132164596451,49.518234432441
-15.7703504376194,-3.24190431943274,49.2598109269087
-14.7579940756555,-3.58500310048846,49.9117236967953
-15.0209229450616,-2.90113374023833,49.6049513939079
-14.8329179678759,-3.22737712730463,50.1876555203751
-14.8949285948704,-3.17033795694891,49.8011014589987
-14.7827943766765,-3.21067569866305,49.9597365533653
-15.4938703045403,-3.14703354900457,49.9725502629241
-14.853543524777,-3.28926594528498,49.9704662562114
-14.5904187478724,-3.10332214396268,49.6642742066824
-14.3204094079411,-2.93312943786891,49.7975830533562
-14.9453269274482,-3.00920272993545,50.1866823325572
-14.4556650433505,-2.88297105968784,50.2186847726962
-14.6349320359592,-3.2678508439219,49.8128654603832
-15.3415423593008,-2.83684634502204,49.6638436411619
-15.2064019673648,-2.85806141830529,49.7596707147623
-14.6986873021628,-2.54555758391514,50.2654562150839
-14.9972240490904,-2.33042071126161,49.5892140867537
-14.7031636229558,-2.22906191215396,49.641577272666
-15.1528358039371,-2.73641738185561,50.0344205700043
-14.4786933592097,-2.80761111229509,50.1587131833013
-15.3089508348142,-2.96249137543974,50.1117540995744
-14.0750892058801,-2.53296939947852,49.782377188671
-14.4757673447861,-1.8302971444634,49.8072382209729
-15.1038567199426,-2.67282607679863,49.9876501163957
-14.2979776562752,-2.54941993742533,49.2603620708853
-14.6229706848289,-2.64850266904676,50.2106489969639
-14.5983840365084,-2.2225777985294,50.1864119585553
-15.1844271035064,-2.19206383222248,49.5253928545506
-15.0036513817417,-1.79258531011458,49.7308113643911
-15.0640173982335,-2.43922138785163,49.5528001861887
-14.8731798329124,-2.12161874682199,50.1951572519703
-14.1404616027134,-1.8562681634848,49.7933661980321
-14.57976219133,-2.07905051753754,49.9742585099585
-14.9751337086624,-2.05312007760639,49.4409998002437
-15.350050814549,-2.07585645541832,50.3040540666589
-14.9019577167718,-2.30510123678636,49.5194834884479
-14.6426346419899,-2.68164450795038,50.0704484822303
-14.7689765672358,-2.05958702088216,49.8306705746435
-14.9764189296736,-2.05181455845419,49.5968346647725
-14.7011888729211,-2.02815756382516,50.0954751835915
-15.3297802237361,-1.87346400071008,49.9171624022004
-14.6380272384555,-1.77886251423305,49.7810414372203
-14.3614730791979,-1.25575650738562,50.1067278462027
-14.9687620246169,-2.05504201947707,49.9885424098809
-14.9017838059337,-1.5843330527147,49.7177575856174
-15.5109697377563,-1.70506645241828,50.0434189187574
-14.5395824669756,-1.4461189987294,49.8540410551961
-14.5598644867816,-1.90008140016947,50.2785414413726
-14.7202592336859,-1.70758340363449,49.7170652112899
-14.3989113766876,-1.54955249844994,49.9037048105526
-15.0775563505085,-1.40473223117379,49.9212830061397
-15.4211076618284,-1.2482631645627,50.4080561738117
-14.9946838656752,-1.1292648522098,49.9408692694032
-15.1928755957701,-1.65740091214665,49.7538752063628
-14.8745311940089,-1.92538201483445,50.0425444264803
-14.8833441808962,-0.947171630579964,50.0728404076209
-14.9815085288031,-0.925093846929866,50.1294937040156
-15.2759637562727,-1.25199012987004,49.6302998228584
-15.1102710173161,-0.765338047232611,50.2311730293092
-15.0308442246055,-1.01817442696072,49.7947182297204
-14.8770829065024,-1.08985677259037,49.5487356305635
-14.7666227759161,-0.562250344651248,49.9946566809728
-15.1522814480157,-0.780885116145452,50.1989771895024
-14.8854864787578,-1.01833161122239,49.5583536784302
-15.3592365380825,-0.71488424883632,50.203430184957
-14.8907587928719,-1.22926386226879,49.9589458517432
-14.8238000161807,-0.63530454823402,49.8683795846243
-15.2543779857856,-0.505302714728405,49.9585718888963
-15.1001898191405,-0.809636511375024,49.6881354567194
-14.7050973783658,-0.7186238873804,49.673890310425
-15.1329292046487,-1.10178949588495,49.5824817320546
-14.2389788673961,-0.529508813161931,49.4665424615767
-14.9327762438175,-0.511237856612314,49.798877123353
-14.928996705494,-1.10999098189088,49.8362014545162
-15.2126024998133,-0.966809708812198,49.9505756815911
-14.9183870305694,-0.00845330600874894,50.4553751425596
-14.7056133100236,-0.505158623363732,49.6708551852303
-14.6801931681714,-0.671250400981455,50.1800541480895
-14.7044587452188,-0.192127228989928,50.4653790407086
-14.6908853917006,-0.592989060633958,49.4147088226987
-15.318141848827,-0.64241752713749,50.1591150503588
-14.7059500933136,-0.323721549011605,50.0453546697726
-15.2724249417814,-0.101993495723949,49.9521382316224
-15.1250442797104,-0.259101492498176,49.8566453417291
-14.6063744088559,-0.0549407112397535,50.4925135800913
-15.2347068817608,-0.10293878817251,49.5250177691616
-14.6354144755564,-0.0051259487275982,49.6736407116752
-14.893727497812,-0.262592827478595,49.8944442489702
-14.9593752494655,0.369336918801019,50.1821176667337
-15.3120362556117,0.267553125875798,50.1028179960165
-14.6808134320402,-0.259119049781875,49.8570100642122
-14.7304476026827,0.0714960875997728,50.0216153808463
-14.537424365685,-0.259891986882683,49.9365280045235
-14.6991558867686,-0.372088617263247,49.6687110957783
-15.0172800643011,-0.22626409853167,49.404914756867
-14.8966265625399,0.419592872399673,50.1178930809292
-15.3125186570211,0.0791323414731679,49.5698648902604
-14.8247400415947,-0.238450809246734,49.9926837238389
-14.5997488881295,0.0478543786129496,49.4026223516996
-14.78477150569,0.515233967201691,50.184712735805
-15.1770345050737,-0.167859422536957,49.8106273612352
-15.0405776723715,0.44958728602328,50.1406694389797
-15.0133090738415,0.6342686790691,49.9503415244484
-14.7145550442629,1.13278653722177,49.8069458595921
-14.7466549755605,0.397497609390924,49.7111191205783
-14.3002591282913,0.541385195967274,49.5205565905256
-14.8332299519807,0.238652399379809,49.6872039938941
-14.6468458159501,0.631074216576059,50.0897487160008
-14.8417895890665,0.426541495220778,49.5512601677678
-14.8736005862786,0.491333565049569,49.970694628305
-15.0236402939779,0.950199772176163,49.3673325840533
-15.0113860764614,0.423244794311406,49.7748950124417
-14.7450967316506,0.772087181790716,49.824054723347
-14.9533726296017,0.939463859971093,49.7612141079059
-14.7908945973687,0.337637195103942,49.6946269414025
-14.9874622693947,1.01175131200219,49.8347806379504
-14.6349743607731,1.0964046945468,49.4444093178286
-15.1214229889353,1.26738175621947,50.220679055551
-15.0548620287292,1.26217895779001,49.5384391673224
-14.6150897930459,1.27020977815468,49.5871300300565
-14.7118723844743,1.8482391580496,50.4852368963112
-15.3306243187137,1.1221189994176,49.72170248022
-14.1871608352841,0.923185999178645,50.0920659613451
-15.5755820373241,1.28510750057935,49.4569311837543
-14.7512359016224,1.40223822398583,49.5309897839934
-14.8107341210201,1.4748824713106,49.7831262404996
-14.7416774169099,1.72289054658692,50.0876144056881
-15.0316438946096,0.928251034836391,49.6752537803618
-14.7666823425672,1.39986293421872,49.3320627476393
-14.8599595737708,1.69215657948419,49.8717441576939
-14.833569392098,1.86607872955332,49.7907499123655
-15.03031258147,1.70306847344298,49.5330444561658
-15.2805168159601,1.78325313982088,49.7361259837506
-15.0521709134847,1.50489173490506,50.2945607254879
-15.1640449974989,1.58696977340781,50.4415886056585
-14.8821325780636,1.85067437568247,49.4918492754726
-14.7414091218624,1.7219418190423,49.6767610180754
-14.9111716452288,1.65995369205626,49.3504240848865
-15.3375936652923,2.24777916706908,49.6306226818398
-15.3715777304527,2.39228586398524,49.6957666162497
-14.7653095717841,1.86414322357104,49.7305607778092
-14.9692155321525,2.0764066229244,49.5721152956452
-15.0784293934598,1.97451763197126,49.9714234407106
-14.976294077814,1.96712623420908,49.8094283484354
-15.09804845451,2.15857683256567,49.649017647831
-15.0648979873585,1.83856962713946,49.7011381721888
-15.3204660003475,2.12675952537015,49.5989059977985
-15.1892497413769,2.53992501784179,50.2348611404396
-14.5543498988805,1.88430594091311,49.599504013055
-14.785035213831,2.69816718499254,49.7447434994951
-14.6573320895296,3.10275673442859,49.3712422136431
-14.923958365692,2.43291019971706,50.1065953470739
-15.1770569446157,2.41959552612206,49.5830005473587
-15.1066154077832,2.65451379291269,49.3452857523391
-14.9652499285574,2.48274256653262,49.4987855828449
-15.518915778557,2.6104453033488,49.6720089779845
-14.3843592807605,2.72731611966407,49.8369155629879
-14.5946021777298,2.87027178599402,50.0750233080989
-14.4223424970203,2.97661942626249,49.6398341664125
-15.0705367536045,3.22553392534314,49.1805310545036
-14.7996911669227,2.85614073180414,49.8463123364813
-15.5151094508847,2.61479787128725,49.8365265383945
-15.1706218581818,2.84940459972988,49.840010025904
-15.1265967736136,3.42976267066607,50.0878659370481
-15.1075301572326,3.16704043322763,49.8910361979475
-14.9537938458872,3.09901639662487,49.9727675865332
-15.5834811192522,3.13299315923531,49.8988174382599
-15.1715376925022,2.82301697320629,49.727576590389
-14.7175456910313,2.97823295935466,49.6076785353694
-14.982274933494,3.45308812979016,49.8757823978916
-15.2380167350142,2.93604640631998,49.6802195474953
-14.7098410781905,2.95170740197327,49.8263933362723
-14.3606098443998,2.92900143875232,49.5284746961767
-14.8497221871862,3.62697096791858,49.7481408843166
-15.0276883437188,2.90987572988168,49.2100981664408
-14.7642443021126,2.88290777780569,48.8240617037396
-14.6897565687826,3.63823916953465,49.7697332417733
-15.5531931889059,3.48437336900997,49.2978325345412
-14.6440426727871,3.50189833936239,49.4548888653559
-15.6195673284146,3.8359174252443,49.1451778080807
-14.8018832151294,3.04176021430924,49.4326123740908
-14.2415891377291,4.00443977245655,49.656777768669
-15.0902125108719,3.84970097732797,49.9786567333778
-14.8305742276274,3.84344682140754,49.4909512756076
-14.9394459296844,2.99216768038721,49.5497302178334
-14.6952924596778,3.58030396064164,49.426145086442
-15.0634747621596,3.72491148026105,49.741219776916
-14.779872588503,4.28477740891814,49.7292606741105
-14.5549134749281,4.2090271103229,49.5799810695431
-15.0761877682571,4.54643136809571,49.8457598627858
-14.6473862778136,3.99929102358841,49.696803427664
-14.6448935465904,4.03950750544018,49.7629377269011
-14.9908641729529,4.09824583564974,49.314346846615
-14.9568554511233,3.77164122251852,49.0912590468854
-14.7974200564758,4.24330565383806,49.5739866959669
-15.1341782714083,4.39591903276936,49.0986657638713
-14.6507146463225,3.78592512589837,49.5518966240549
-14.8516056092387,4.07961080406573,50.0945233948514
-15.1124526345086,4.62484801535476,49.4797344560916
-14.6464985634603,4.12602972199098,49.9950397232622
-15.5540986162447,4.73826417895155,49.763084503246
-14.890128415205,4.31888610188128,49.974389170725
-14.457015347693,4.08630799721821,49.5975818404836
-14.5196355520951,4.53023464830949,49.5218229705959
-15.0580396180825,4.56058023434672,49.3618078319327
-14.8376320890753,4.61277940683896,49.1570757891195
-14.6612548452834,4.58082422244439,49.3259593390125
-14.4668352690371,5.05856578818087,49.2288421830922
-14.9610511219813,4.37993954155362,49.3203817931202
-15.2081456445978,4.8208715370706,49.742446339997
-14.9496837566793,4.88458106244523,49.5894772518259
-14.751366996872,4.24267591566048,49.7075263521726
-14.9074796969494,4.59240560783426,49.4099018675698
-14.5962661433349,4.77626941563915,48.9606270374602
-14.816883176906,4.72841948057487,49.4502353969599
-14.9231960305018,4.5379243101294,49.3217789431434
-14.5888231584719,5.30256109454018,49.3110896862538
-14.8268190190022,4.7330851498358,48.9406343053329
-14.7892430615921,5.40309294328037,49.339039052203
-15.1259939583964,5.52004399855846,49.7284850142305
-14.9490896530738,5.34261747101068,49.7027670439512
-15.2090889037471,5.01817871624571,49.8406719648946
-15.1016657661697,5.00640856613521,49.5933436388649
-14.941488093945,5.51939444800826,49.3318166113603
-15.4045487493687,5.32099503581,49.5170022337795
-15.012064281375,5.83592578888848,49.5596179389391
-14.7471631310369,5.69537536153983,49.5858413391545
-15.2733955995099,6.03102861786379,49.7550723049788
-14.6730345452582,5.82475855984952,49.5597600533829
-15.0321637136725,5.73627976311781,49.8370781610542
-14.9126357515533,5.45121715192969,49.4027434926862
-14.7922450226526,6.01614578281991,49.8011997410969
-14.8802349596711,6.159242805961,50.1358691495623
-14.8850250096378,5.5795379249062,49.0846306926538
-14.9362581807278,6.22646554793069,49.4486028977497
-15.3842190352097,5.82403776707677,49.3947681199421
-14.8828527705028,6.12578489512308,49.4413389859073
-14.7194333840685,5.37435103562006,49.408549393611
-15.4603821599647,6.08936979010765,49.0771865491742
-14.5199307973388,6.56288875848808,49.4083841470009
-14.9483604915634,6.10050522852181,49.2965669249453
-15.2717432602372,6.1830502120932,50.1821133678022
-15.0690244794304,5.67798644346343,48.9796200093072
-15.0032865796354,6.67268418215275,49.694196274342
-15.1570880666774,6.2565260429075,50.0378445176514
-14.9822028880883,6.12906026762923,48.8724254271368
-15.0519453827472,6.10666136985942,49.3645950648894
-14.9401304118318,6.59929629867493,49.2937537928238
-14.6951618425134,6.09870021228974,49.1961283045498
-14.7511486777928,6.53128177978996,49.3604748783974
-14.9885928110387,6.00895097857082,49.1810545747118
-15.0707683221976,6.66440500492401,49.6390404579858
-14.6679976550208,6.40778811167656,49.5786850611041
-15.0288181031919,7.17847349759699,49.1702870336192
-14.7424734361299,7.20248013727542,49.0739604831203
-15.1309006753388,6.5079522245855,49.4714306281749
-14.6815365167433,6.24157742816319,49.4881158363818
-14.7082622447242,6.89725493287495,48.9030685510803
-14.9953959006146,6.50591340493769,49.339519279221
-14.7189819536257,7.32007691927287,49.5785942274028
-14.5063913128265,6.85520744470317,49.2205908359768
-14.5259728882887,7.09188579614644,49.596073097339
-15.1991280727111,6.97931514392896,49.346487152741
-15.1959579597361,7.17609975574995,49.1689821924822
-15.4975321318327,7.09854243838456,49.5785265090479
-14.7985215224545,6.76751141614659,49.2958446069031
-15.045806415115,7.32539078589271,49.0162756828005
-14.9215961971279,7.05389825950476,49.0499875866832
-14.9293995913451,7.73478095753352,49.0700734400816
-15.1793481398265,7.57963524312448,49.4457854424804
-14.9348315091898,7.13450495436876,49.4491585512097
-14.7713333657248,7.76749752700177,49.5642818544361
-15.1159911104377,7.20429883429928,48.914177917698
-15.3425818290227,7.61026700109037,49.3484364805991
-15.6107174900455,7.24025024032936,49.0153938921929
-14.8404123893293,7.72351633388513,48.963257946301
-15.4440296069383,7.51274805629296,49.1659539249187
-14.8003705034981,7.96254496480826,49.2018179581178
-14.9790263113549,7.69626616548786,49.3436106589308
-15.1981640258821,7.9503267366921,48.6382751542495
-15.0141701335166,7.71206398381945,49.0751276103532
-14.6143672257297,7.52856693022802,49.3229903230511
-14.8308654351715,7.6063097463321,49.4454997663994
-14.7787715102003,7.6127848669498,48.8395593592932
-15.4093588961707,7.64634843433705,48.9184648580052
-14.7220909994684,7.62882193763544,48.9511558137108
-15.0168988203356,7.98249171262604,49.3447222113883
-15.1806192729931,7.58983933570402,49.2308499259397
-14.6139068448252,8.21560226548885,49.0902379106206
-15.2416944187426,7.98534815884154,48.8034701294908
-14.7418492153095,8.17859631091814,49.6473241821929
-14.3325364942664,8.42335016403868,48.5592169385882
-15.1575589405534,8.5768315032761,49.0626973294065
-14.9710453443776,8.24546763206969,48.7632519488181
-15.2467225471398,8.23406467123704,48.9234772925867
-15.4055979353681,8.30743204483287,48.7571903064027
-14.6409207846611,8.36594161433623,49.181564878308
-14.8963729098815,8.04960019718405,49.2551124526826
-14.9110341114021,8.39756816920019,48.9352968354013
-14.5981363865806,8.84328816614579,49.1270109070181
-14.9109421854258,8.53666792736112,48.9907930144459
-14.7002382879705,8.56348861950854,48.6758209294713
-14.4951470671555,8.921331823767,48.9262955954804
-15.2044618883302,8.55917505066954,48.4425457123423
-14.7717187751087,8.85573292095724,49.6345708542365
-14.8782797753809,8.85705095490299,49.3096832720598
-14.7286875198913,8.48792859510651,49.0685704046059
-15.3443850073655,8.37196029712958,48.751666666167
-15.1081064878272,8.79924696294359,49.1561016529667
-15.4075800903188,9.61525420610703,48.1760141913807
-14.7751615498518,9.75771939602945,48.7725152581264
-14.8594581377118,9.14311932951059,48.7310720128821
-14.9421050043431,9.47655685371895,48.64422069458
-15.3239841845189,9.12563436405245,49.1160617301443
-14.7013163591134,9.03477188529509,48.7288786682085
-15.0961143694289,9.18154209786162,48.9080663365254
-14.7988218835009,8.69392521480928,49.1916288372705
-14.6647678514995,8.93055970777444,49.0164178496933
-14.7361398200318,9.38419540197213,48.4628809857032
-15.2717981538764,9.43973112781013,48.8018643541783
-15.3424289784049,9.15833604872509,48.8180039055477
-14.9032450379033,9.80693837454761,49.1760679856896
-15.20320138789,9.3573369648018,48.6146075536267
-14.9248069061543,9.67613359673174,48.7326699601432
-14.8200979785605,9.87155824816441,48.6595500356769
-14.6986769265824,10.2026411102842,48.8070985741374
-14.8926054571186,9.67360022328362,48.5663942137185
-14.9573190745418,9.79769592591014,48.7738346573246
-15.5829007548886,10.2323017555256,48.872073080134
-15.0895552805025,10.2315566633447,48.6968769473293
-15.0773713403502,9.506129233145,48.6347057298636
-15.1857277296351,10.0215091839023,48.8043491477734
-14.7884118813462,9.928310512919,49.4077044328582
-14.7869407581103,10.5166122720483,48.8731134618455
-15.2158273859106,10.0270065859192,48.7215756548392
-15.2803337613997,10.0075322888723,48.4023580554672
-14.873953193469,10.3569431875224,48.6429331807152
-15.1356579829147,10.2013257723921,48.6177106772766
-15.3865495291825,10.3748596551112,48.7786237056419
-14.8886235749116,10.5470295884318,48.6612619061078
-15.1158168593193,9.97244915616381,48.653067951383
-15.4041848879021,10.8362689420492,48.2724390002002
-15.3147411298224,10.3142408365866,48.5092751328785
-15.5212039274579,10.6398387611492,48.3010054575114
-15.0513586726923,10.4622406980827,48.5287279323948
-14.4901592894175,10.5428068234764,48.4145587043161
-14.4982101148578,10.9136533909651,48.6728227671191
-14.831683429613,10.7472266440122,48.8844084110083
-14.5896969348058,10.8327168064297,48.7237769808197
-14.4079005440009,10.9630415528856,48.452134486904
-14.7894006382669,10.8603304631678,49.0727175443137
-15.1883619018939,11.2368621639352,49.0490375085358
-15.1703396469747,10.8521445888896,48.8899901705088
-15.1726057449797,11.047062407192,48.2734540818135
-15.2197130759755,10.9816607749804,48.259143147692
-15.1734141602295,11.0400660857443,47.9958117757137
-15.1836910726876,11.1984170906744,48.3683176043468
-15.0680489804663,10.8898642180067,48.7393576439793
-14.8466300251767,11.4511047393431,48.2768795217008
-15.1066821071967,10.8702431447954,49.0380614959276
-15.0147455201165,11.3148367987753,48.2895066434123
-15.0380492716544,11.2129496399587,48.9445868095285
-14.8085077591294,11.2108945765919,48.4431418014247
-15.2894647339342,11.3685928087003,48.2605381823208
-15.0649443927959,11.4700626242431,48.5523403702653
-14.5793694666011,11.6787109827383,48.237163004431
-15.1341261272424,11.0765478586375,48.0118355756318
-14.7952817816166,11.7455714421141,47.7669608568725
-15.1564908636745,11.5472794094711,48.1758217948851
-15.0619716399056,11.8177221550894,48.4478966296415
-14.7391191392975,11.8652403849649,47.9891732848472
-15.1921458251764,11.6419985941913,48.1098103859305
-14.5773594763444,12.1848835454863,48.7215032463633
-14.8154857982612,11.8959725570233,48.7829890888261
-14.8235284266799,11.8065048570346,47.6015359356026
-14.9210580933034,12.5430143692364,48.1780980557147
-15.2017723273306,12.1531053333748,48.3462204450236
-15.0069240106374,12.1293671095946,48.4388863616516
-14.8009766464368,11.7667406106068,48.6606903279598
-15.2839355901832,11.8832939242663,47.6158409762961
-14.9597718101784,12.2207354703065,48.4003565805538
-14.8131570922962,12.604042696931,48.7139277012222
-14.3950082287351,12.7575074128858,47.9145837619728
-15.3197126570964,12.5194447610652,48.2133998830144
-15.4199141374177,12.4394155489379,47.9412533047493
-14.5176976146492,12.3290254820801,47.9687693686163
-14.7541821819938,12.3098980394768,47.688235399915
-15.4353958686518,12.5249853198466,48.4659687383719
-15.6938253748298,12.975436955265,48.1793738228393
-15.0259540034665,12.70663885714,48.5649899462194
-14.7332695644046,12.6338716463231,48.2619958628638
-14.810387744169,12.6903516982387,48.0678162476854
-14.7882159448314,12.6120716805111,47.8464778051855
-14.9214594663333,12.6264382628104,48.3513679492526
-14.794972148157,12.6561353297242,47.9333563969392
-14.9717724272131,13.1688188275843,46.9735977225312
-15.0528986288962,13.0645108969254,48.1500483813066
-14.8006772547058,12.9811365505364,48.6926050587643
-14.7396403762102,13.1291678025676,47.4816047342964
-13.9986511371978,13.3353465103607,48.1201761276372
-14.5796876832268,13.2812286153774,47.3620417113945
-14.9913062184703,12.917568839171,48.163842096535
-15.2515529441683,13.0233427920289,47.0645744772409
-15.5142356522658,13.3713008236027,47.1971183293658
-15.3829388917691,13.1147204296001,47.8793362697393
-14.9676148778593,13.0668786849284,47.9356934099874
-14.9352878019197,13.6832302395398,47.9621496711452
-15.3124941883053,13.5167898350413,47.8716726013364
-14.8794759442067,13.7094639370209,47.442631794927
-15.4758331081164,13.3257528065156,47.8458736360904
-15.1261775569456,13.9776762834196,47.7734496302981
-15.086915214884,13.3571411518771,47.6744645567664
-15.1021903499316,12.890410948939,47.3793043053536
-14.9561469049821,13.1916071774738,47.3298018025917
-15.0629057530422,13.6938968288202,47.2120382380847
-14.9001124037162,14.5502521831519,47.9402295411369
-14.7624602490322,13.7828294430683,47.8049062889713
-14.5797193258635,13.5942033208281,47.4688083912672
-15.1588014088399,14.2956088982606,47.654451542027
-15.2769701553152,13.8805781324963,47.2707192896506
-15.0952162416615,13.6529073323957,47.9027668998222
-15.3383669565187,13.7642967329484,48.218849539665
-14.8349012616989,13.9095388846776,48.2151909645067
-15.0151958129594,13.9546200414271,47.6685577461762
-14.797420536313,14.3234507566433,47.3585583737058
-14.8863660508754,14.0085721360564,47.2748177244908
-14.8783319824229,14.8154914445483,47.6205898506064
-15.0434888820106,14.595175575669,47.6642861382478
-15.1592551834658,14.3046576268956,47.4674680712929
-15.1060040117416,14.6570907703608,47.4750924490299
-14.6671146766605,14.4453718312,47.3856572367168
-14.7871471839893,14.8509226286696,47.5382691606221
-14.7307574134692,14.395485536821,47.4129544761029
-15.4943213091664,15.2698289355912,47.3672465951679
-15.1815105638937,15.3863708421097,47.3862736309487
-14.8909741767233,15.02297796796,46.9391668862838
-15.2326788222742,15.3944700566551,47.8311511520267
-15.0249246442364,15.3439415925218,47.1049692972611
-14.7247096905617,15.2892150550248,47.5731840421776
-14.8676336453996,14.713926110383,47.65096358569
-14.9961876791066,14.810912406546,46.8085732792441
-15.2425526334556,15.0609046927945,47.0476910725283
-14.4693368421885,15.5391272938012,47.4011399399346
-15.293894949967,15.5264499000583,47.4159074714369
-15.2620713938712,15.5708043660778,46.9615601875105
-15.1818875930108,15.5319539245946,47.1810061656024
-15.4002528657318,15.3343389805485,46.8200373658745
-15.2517159000075,14.8165828268105,46.8002855001638
-14.6933815646028,15.5898554504544,47.7070729907737
-15.262019560214,15.3236178293772,47.0212563246456
-14.3768230409647,14.7652297184137,46.9532872940079
-14.7800395160833,15.8905149503935,47.1065036080518
-15.2063110021047,15.5509101624013,46.5512528206204
-14.9507262430443,15.4290449685602,46.8310988611556
-14.9905753586911,15.4576183581409,47.5007724694752
-14.8838615040554,15.9870342500997,47.4762453034304
-14.9604734486487,15.8484652330427,46.5957903960386
-15.0764657478215,15.6642726756133,47.1341791752334
-15.0928004335048,16.034753683532,46.8776504091826
-15.3816985820509,16.2817439557917,47.0163107193621
-15.3519513391739,16.3968366517562,47.2596606773971
-15.1095360362649,15.9163100931815,47.2094365423708
-15.3529756868111,15.6168322172024,46.5621758915706
-14.9747926892423,15.9520123073487,46.7569957278479
-15.4219019330185,16.555013658047,46.7885113527908
-15.533666835626,16.2989006494168,46.8357606362816
-14.9523939063045,16.0027449277306,47.2706735777279
-14.8739335238055,16.9949269812791,46.7063813743212
-14.570603875018,16.2294613054617,47.2978820220727
-14.7145007046091,16.4172261836114,46.3152504416684
-14.8281648634716,15.951161769032,46.8861563937256
-14.7785271449834,16.6473628053195,46.9294413077594
-15.0663374094765,16.2364016758645,46.0604476597322
-14.9138589795526,16.7408378754419,46.5028103748876
-15.166660877272,16.5825468619327,46.2258693668373
-14.6579044079035,16.387246153634,46.8646547392353
-14.8602352026986,16.7140977538913,46.1635159605096
-15.2966015288423,16.7852334270358,46.6244703002259
-14.2862701664945,17.0222965723678,46.5292045677041
-14.9123247341746,16.4423927513333,46.9266859988632
-14.4314292543486,17.0088866157225,47.013627037388
-15.2543645859399,17.5405604697227,46.2394672092166
-15.5405093914512,16.9008097610697,46.6725550934585
-14.7456633958357,17.1255771583719,45.9592989230555
-14.6303074459128,17.2648969925241,46.316275211208
-14.8003815597973,16.4289891699486,46.1264455193846
-15.2520149260228,17.0402351720323,46.882916504412
-15.3932224278576,17.2780787192238,46.5849035903925
-15.3643452893559,17.2858580242403,46.1745946425694
-14.8819972340364,16.4518473391958,46.2830076013658
-14.6745926871561,17.6334727772468,46.0762653348977
-14.8744177379792,18.1633721788299,46.5534980536377
-15.4167636943795,17.5302415137887,46.1236045181749
-14.7945252260969,17.3910666024113,46.4582985626763
-14.9928759938512,17.197321774033,46.4623850596561
-14.4023801540694,17.5176055252255,46.0235848899812
-14.8689295787546,17.7389756453909,45.9800184587943
-15.0048832537163,17.4113137366949,46.3000935338225
-14.7131394977845,18.5754963134981,46.2910888170482
-14.8932830983403,17.7784010537636,46.3091755198125
-15.4208955026081,18.1591166562677,46.7299619206831
-15.4565809658351,17.9545482284467,46.0600897504583
-15.107827716979,17.4855098407862,46.9140020802705
-15.3025269666402,18.0505110721536,46.3583242762218
-15.4293349587265,18.0887025392023,46.437179396142
-14.4015764290554,17.9297707950835,45.9065198499301
-15.0816231205857,17.9621960733243,46.0456916783779
-15.690810728465,18.3882631130082,46.3079770461484
-14.8924680969558,17.6641611938584,46.4740923815891
-15.1300311217978,18.125884723182,46.7180980675027
-14.7485010136177,18.4969941657056,46.328014852381
-15.0016499253728,18.1778787062218,46.1036954465026
-15.3934895138963,18.2494950321412,46.3772831317865
-15.2347954340974,18.1584352098617,45.8987896658395
-14.4660108679373,18.0279091844191,45.5976483740124
-15.6107209371052,18.4159560325949,45.9248982194938
-15.0956651552294,18.1538618217813,45.7842798004798
-15.1299576542532,18.6554196661437,46.0083959005612
-14.7802502850202,18.8355491736241,45.4310193802934
-14.879968751039,19.1370828686253,45.9340807033089
-14.6248950045122,18.4207100244955,45.6317295589406
-15.4765403905292,18.9266567873555,45.9477676932574
-14.8748098177276,19.1981419874102,45.7838379089182
-15.3941973058077,19.0352806400572,46.0304092138958
-15.3325582198208,18.6805301231499,46.0482641484434
-14.9924595490916,18.9193797423418,45.7293684415228
-15.3006191885262,19.2636705205574,45.6526824738932
-14.5997256573627,19.5433156033831,45.5555113536784
-14.7289098559257,18.3794285028032,45.5840880290667
-15.2289959244274,19.5045589025204,45.5886211214024
-14.8683906142593,19.563746481857,45.5723394938296
-14.9245535877737,19.1084934983075,45.7924333561022
-15.0804249652009,18.976391664071,45.9830394962595
-14.9834576025121,19.406147458483,46.4034436672853
-15.1950676106727,19.7113577684607,45.4611146169571
-14.9785825283537,19.5420762388686,46.1174060330984
-15.1583189959942,19.116192623581,45.7385971200448
-15.0525147294154,19.7482037071563,45.8596631664516
-15.5765206675281,19.4870866392793,45.5986799921095
-14.7460834603562,19.4635657388396,45.1792310459318
-15.2608193003142,19.5824542999323,45.733627725272
-14.7084714188399,19.9849920092576,45.8371003255844
-15.2689704665506,19.9681840570621,45.3956981950807
-15.0587305246027,19.7248595002429,45.4735843699204
-14.6144717438371,20.1938895933577,45.2762238304857
-14.7248515051375,20.155712622433,45.4574649702396
-15.2460874894596,20.1172758215673,45.0908225525906
-15.2819489143625,19.7986260485917,45.6550039500188
-15.218243516393,19.7075172712822,45.7806906359956
-15.2872794491297,20.2201474339362,45.5268317674205
-15.4415253807923,19.9924124964245,45.7547770974463
-15.1145198573684,19.9989981768957,45.1682597021565
-15.0171058817728,20.0366129825532,44.6477696372804
-14.5350122803857,20.2599946022744,45.4401810604641
-15.0147741376591,20.3717430480152,45.6659692457237
-15.1457569773969,20.4836154014372,45.0912959504829
-15.197626476514,20.2036007988089,45.0173515658384
-15.2290511586278,20.3358156635813,45.1562625942298
-15.1148905466393,20.4581970651509,44.9751496295413
-14.6283320214931,20.4269749850975,45.4506069374292
-15.0933797462431,20.8774630842914,44.626866562824
-15.4135762894483,20.9857896086122,44.7602082282164
-15.3842688630644,20.6731958664117,44.919798720956
-14.8598336826674,20.2506775462801,45.6614680474386
-14.5550736236262,20.4304719801464,45.2627219870448
-14.883399166558,21.1435482230734,45.0835031014754
-14.8413141328641,21.1368323950121,44.5467855537195
-15.3009669471254,21.5602338767268,45.0887726160066
-15.1981810169305,21.3603895495884,45.1970183120128
-15.2020476658915,20.5382227351627,44.998952833437
-14.8906866537697,21.7420806569907,44.7149728740709
-15.0201538189158,20.7062697833951,44.9127520607735
-14.7528423773638,20.9011683317593,44.8959389914962
-15.2342574941339,21.2036037854579,44.5326040680498
-14.7599479172222,21.3906679206276,44.3041582212594
-14.8825264670827,20.9554600770834,44.5620824776506
-15.4269743626488,21.484172555673,45.0428061328163
-14.8814888672635,21.3985900654774,45.0325591400865
-14.9815136917767,21.505693416529,45.1781512013465
-15.4842079053754,21.4766827213104,44.8500143390558
-15.1859459037577,21.7236066030112,45.3277048685683
-14.8541469085109,21.7620858959747,44.3259944872732
-15.1144963429604,21.7841633846455,44.3597358263544
-15.315160432575,21.7643185935687,44.2723438936796
-15.0860288949304,21.6837858158962,44.9042440029928
-15.2957662990967,21.4136873599862,44.5563749830122
-14.9638938733211,21.4733631074887,44.7150754098036
-14.7197649387112,22.5017915361536,44.0729382409315
-15.0045459394745,21.8162535124502,43.9991168217741
-15.2193686254474,21.7808222521937,44.7294369515767
-15.223906253864,22.4612685323124,44.2316576466748
-14.1896465371899,22.2134496479577,44.1237531415143
-15.0826538110242,22.0006117772619,44.5760737182789
-15.0815391090741,22.3540270806733,44.4770592351746
-15.3705143415566,22.0596721137402,44.1086830763152
-14.8775110515123,22.670375143847,44.4436643601354
-14.9709361894178,22.1175344683171,44.0370575436908
-15.1552444093235,22.8012865134323,44.2372284989837
-15.5243080131014,22.6079683574852,44.1336464955594
-15.0224407980501,22.4035284386006,44.5640062078487
-15.0543765284335,22.5852746066874,44.2819061316259
-14.9311262284156,22.3324141988375,43.9019864328016
-15.0104354327007,22.0938094878434,43.4649052308156
-14.8506619694685,23.2826900147151,43.8467026540053
-14.7795666621141,22.8974378221768,43.6826666653317
-15.0236369724257,23.0033051816478,43.8331654144425
-15.2100392812236,22.9403924753393,43.7395365024448
-14.888476115947,23.0295267874009,43.7349922640768
-15.0976598682491,22.8429411223764,43.6826535457265
-15.1714417295618,23.6004130285261,43.6248132431784
-15.2810908616791,23.0991490397087,43.9834792299463
-15.4849647915093,23.7297817653732,43.7436832327346
-15.3998308157505,22.7688328742621,43.6525693067769
-15.0459265004625,23.3682412184684,43.3917738371448
-15.2265883710807,23.1087701389822,43.6193383641937
-14.9706015468275,23.505980427992,43.7131963657433
-15.4899696243147,23.0663208063199,43.4922824716077
-15.0405431898473,23.4402654900505,43.9561862429601
-15.3369196380055,23.7320510758894,43.2601015658839
-15.0649555794859,23.8454444794405,43.5041009920716
-15.2490679546281,23.5386969057003,43.309391271954
-14.5919513764421,24.1718636118134,43.3330261483472
-15.2564911021757,23.7793660374974,43.7616709518327
-15.5929689958964,23.6343452170917,43.3817590177557
-15.4818846759073,23.8070445041884,43.8535578571674
-14.9351069697301,23.6220727402263,43.2541915800041
-14.8260683877537,24.1337941602694,43.4515230689838
-14.9774640938156,23.8871344616266,44.0163808858808
-14.9228507379359,23.7364947227619,43.230331240197
-15.2115497005455,23.4563063733433,43.4381004792425
-15.4265579835031,24.009550361831,43.1102000961786
-14.7137092213546,23.5669688700619,43.1340677441108
-14.8214983656634,24.2080307951577,43.4382408151902
-15.873461584147,24.2327027667155,43.1371548296084
-15.2463822400333,24.6029710422453,43.2551724015404
-14.8275254534992,24.4432006249272,43.303329037792
-15.0154355712259,24.1423132922091,42.7915531388121
-14.754226557472,24.7236815185474,42.9558979301245
-15.3041890957286,24.4382012798936,42.9449595049665
-15.1067220467618,24.0153264148508,42.9119956478118
-14.9046978498649,24.2712521225959,43.3171375350675
-15.0973463921822,24.5301985913272,43.0604605523946
-14.7499512015351,24.5104247011978,43.1337601351865
-14.77536919316,24.881688506113,42.6320591437539
-15.0311429381437,24.2018933680787,43.0776275004568
-15.439467671689,24.826763231475,42.8578666215196
-15.3483504734439,24.2995751201571,43.0035924713604
-15.1834818140642,24.7420532465649,42.7398681520863
-15.2615703417057,24.9939404640246,42.5930554768614
-15.4259794131639,24.6772679382331,42.5652012210664
-14.9016136819998,24.8206789591961,42.1578951137245
-15.1291698297486,25.5465561237298,42.7129700367594
-14.9692474864851,24.9514790175723,42.3380504352279
-15.1561821495821,24.8104520790609,42.2400462049352
-14.9887572667508,25.1875397872531,42.9753777967677
-15.1673480401736,25.1928543996886,42.0892195871064
-15.1134947568631,25.4272471128324,42.5436525955484
-15.197656199862,25.4682843208061,42.6182577195778
-15.6284457735093,25.9668008153752,42.1390665523653
-15.2628537476991,25.6390380043449,42.6341886500632
-15.3214491420404,26.0250570383676,42.2495888376604
-15.4007943400974,25.7930524322638,42.7260718088762
-15.5631928164259,25.5502389608501,42.2966107891263
-14.8431726091393,25.7629227582151,42.1201037385481
-15.0475647109129,25.3943680767709,42.532598193947
-14.8889259221446,25.333488776657,42.064692019122
-15.8079318938681,25.9345607964718,42.2132849621996
-15.4797585624338,25.751576518394,41.9176421775578
-15.4150698624538,24.9033694693118,42.5651895275424
-14.8523271607874,25.8482112348959,41.9006934148069
-15.3284581825604,25.6796494825613,42.0377505951887
-14.7087646759204,25.2842164321349,42.1027534858984
-15.3788600344212,25.633331240155,42.233662694798
-15.2132829358688,25.8887238651886,41.4777750664067
-15.091364419776,26.1028828185426,41.8051277713555
-15.4664920932344,26.1052352961905,41.4509005665355
-14.8854999104801,26.2612229459848,41.8278378560296
-15.2109769822851,26.327877124972,41.610937146311
-15.318620572555,26.208553945811,41.7347943468532
-15.2182153151758,26.2168709021685,41.9025455627696
-14.5647929693471,26.6638727928902,41.4841890356246
-15.395395960875,26.8515648516326,42.087428168755
-14.7001780610788,26.4756164678795,42.4106574223713
-14.2904268097653,26.1255735983266,41.4885973121421
-14.6880164478218,26.1976846771458,41.6652473957052
-15.1467375802847,26.9108194647841,41.7325764433
-15.4529624826597,26.6875626638535,42.0122221231359
-14.8638626016834,26.8847336629333,41.5986850269766
-15.106949017232,26.8212353420209,41.6961500345165
-15.134439367929,26.9733354219829,41.8124189745501
-15.2833195292728,27.0141180009261,40.9684770258002
-14.9911366188214,27.0922546067849,41.5657311556367
-15.3255999075668,26.9341729560939,40.9956922948679
-15.1415251618902,26.7954009095997,41.5687650806111
-15.111662774521,26.4773996126372,41.570952956901
-15.1175723525652,27.1082714309986,40.8782407988793
-14.8707309577702,26.6842573593564,40.7410540828329
-14.8494699523194,27.4514542231687,41.3654802560039
-15.1305927049376,27.2497044460695,41.0068497457242
-15.2198610693559,27.4965791230309,40.996520477974
-15.4898950836151,27.1219628027199,41.2376969774168
-15.3512904260924,27.5651584888918,40.4276170516501
-14.9614541400796,27.9465828423952,41.15648046953
-15.7084244740722,27.6730167294175,40.5444621657101
-14.9603755333771,27.3733518297825,41.0057019830178
-14.958289886642,27.6939452989933,40.6596455014245
-15.1341934907734,27.8545467027582,41.2883234997242
-15.2175521470105,27.9732603244112,40.6740585499349
-15.2706876802033,28.043768284335,40.6171692538847
-15.2816100331618,27.4469785552253,40.8695941406292
-15.9479634305918,27.9053218642146,40.7082959843756
-14.7749171839658,28.2166612060185,40.0709968429906
-15.3619880666108,28.1011578010225,41.2399651180595
-14.7314165279658,27.8579480179205,40.4806983719847
-15.3448688603309,27.8819967141621,40.5146267901905
-15.2615787167631,28.1379487467837,40.6243406249205
-15.1066184028851,28.2693140452578,40.8573672658052
-15.5328966034644,27.9716572737492,40.6347142549841
-15.386114088484,28.5658191059112,40.6138162145826
-15.4803579531698,28.0614925947853,40.1116082492691
-15.3118500982767,27.9944588835122,40.1281912402543
-14.8020518593099,27.6201647367533,40.5023417394203
-15.0890765083653,27.7893759458974,40.2271741913668
-14.9541363109634,28.1739138582543,39.7069920173801
-14.8224634335897,28.6795648160656,40.1966684155819
-14.9611093679937,29.0464874827104,40.1690598459623
-14.9549762389696,28.1625588687255,39.9899511822736
-15.6124960238723,28.5409605138437,40.2526433172008
-15.4107845074826,28.1397197444528,39.7517115677014
-15.0320831986734,28.0629952097564,40.3755227980813
-15.9674607508117,28.6039871812387,40.3119835770793
-14.3683050643052,28.5519693692048,40.166797876818
-15.0027962415938,28.9982640279239,39.814291066036
-15.0742225987194,28.7512528478276,40.5139951408763
-14.9912368325536,28.1938390656041,39.9926191351399
-14.5990096883776,28.6902919495208,39.9339843359915
-15.3047754017236,28.6618668406231,39.94615601804
-15.243272601041,28.9739256742772,39.3686398788858
-15.409106719124,28.7273104897689,40.260871247074
-15.4230182544103,29.120396406458,39.2803709414262
-15.1831380732374,29.0799820772866,40.3616646046224
-14.5922082938741,28.9690939999329,39.5931998203612
-15.1616939044051,29.0130220468976,39.2563397904458
-15.7687434748284,29.029615151635,39.3157189252551
-15.0402268468193,29.4894945463071,39.2879406824277
-15.4704210555133,29.4135373591122,39.2996418836283
-15.0323204801045,29.7914608936434,39.528161742588
-15.2448465747244,29.0807593449794,39.2823643374038
-15.2373585556763,29.5837894309818,39.8471190758533
-15.5066833580464,29.5218319867539,39.0671660860805
-14.6012097055235,30.0289638555956,39.6189376136085
-15.4564325990423,29.3899776827005,39.1743748616984
-15.0894848148993,29.5167273579638,39.0017563970956
-15.3191934421635,29.5195740217179,38.8979244264366
-15.6241016952959,30.3265820066268,38.8484555061473
-14.6924014120865,29.9854678785438,38.9042551526943
-14.8200550991527,30.3182203886816,39.1531696591611
-14.4632041133911,29.9158638672531,38.4733030935802
-15.1414245568727,29.9590490920999,39.2347524446501
-15.0029391078551,30.1601861833442,38.8439500100828
-15.1957387002584,30.1576070048595,39.2302286649146
-14.6998490100086,30.107572167883,38.8918243806836
-14.9490952068367,30.2437250764592,38.549524745764
-14.9598551583002,30.2929664685875,38.9532163504633
-14.8623004921707,30.3362924768254,38.8293360086295
-14.7025607961128,30.6077921221756,38.6019135971735
-15.8533884591081,30.6842540816109,38.6322228071336
-15.3853703697106,30.3119340249986,38.944032104349
-15.5294539151664,30.5066253174023,39.0189420228112
-15.1111323295879,30.5711018672328,38.5789760177483
-14.2851746159602,30.4514079131016,38.0777117194371
-14.985972435093,30.7542245516423,38.2215207041237
-15.2400180909942,30.4539377860648,38.3317421748611
-15.4714834005905,30.7611488446058,38.4977189969949
-15.099926438793,30.5187992004144,38.3077419794383
-15.094128381025,30.5781674184487,38.14121304576
-15.0343811219846,30.9192885218152,38.4833268302601
-15.1365505618003,30.9807495060797,38.594203225949
-14.9846189308169,31.3454568697164,37.8025829809835
-14.9514736400836,31.2689002815549,38.3066136635524
-14.8227754923471,31.2049246086073,38.4495333138628
-14.7650793470765,31.3219626178328,37.9223719230999
-15.1872403841473,31.7886306866099,37.9580587712928
-15.4462554971989,30.8776944638087,37.7031674386552
-14.94816649339,31.7116134821477,38.0232529811622
-14.7896047621445,31.6624944477245,38.0827004408461
-15.6105533686997,31.3876205134656,37.947973915055
-14.9326768349218,30.9258031917499,37.8803591287904
-14.9270215083461,31.3703418587399,37.6493827982542
-15.6631871335192,32.0725189505023,38.0904068579064
-15.0327844588492,31.8818812165744,37.7313762838007
-14.7878155028141,31.4551977639669,37.7248937030627
-14.9820183431879,31.6263344349897,37.8229996112571
-15.1017118699271,32.0410965613281,37.6713519078583
-15.4294139715137,31.6251487032838,37.4171310973169
-15.5293723554072,32.0750398625378,37.0620627618284
-15.501653244435,31.7488996633917,37.3222777319731
-14.9563670194784,31.7298813605857,37.7935340853563
-14.9599553922381,32.2842194369618,37.1059407040834
-15.2721607363785,31.6257395059323,37.2041335534676
-15.2780765070499,31.9430464746952,37.7259942522769
-15.1061651287922,32.7807815370095,37.2156580689612
-15.284051901745,31.7954792409564,37.0811839790441
-15.2871747212346,31.9660131308535,36.8707120019844
-14.9797590560279,31.9353220619486,37.7639675030275
-15.3847855496202,32.6378006676799,37.0445412303
-14.873858927359,31.8511853779438,37.0245754802733
-15.4181755582559,32.4490308688167,36.7885389610719
-15.4585374988393,32.5061326820695,37.1053012262689
-15.6456003679163,32.5966295249266,36.5752770283267
-14.5458950659717,32.1039159999357,36.8609428119401
-15.7037894994943,32.4651484543395,36.6373553003928
-15.4089890512573,32.8166386727533,36.2702059073998
-15.4935315837529,32.1518821158878,36.8486149352369
-15.3584217539321,32.8453263695485,36.9024576792304
-15.2776938776184,32.6295428096056,37.1464517092586
-15.1028797663013,32.5990288010291,36.6284414500581
-14.6738463979713,33.1151144350321,36.3938380501841
-15.5470825174204,33.1762509270494,36.6799049468639
-14.963280026802,33.093277952415,36.3669580403408
-14.6292170480444,32.9487888331286,36.4875305001427
-15.0959875478958,32.9846207624008,36.2256993690294
-15.7113943377936,33.4216304590579,36.1902531206488
-15.2541119065165,32.9435235677921,36.0912753406069
-15.2623594402123,32.6634357498568,36.2291671699156
-14.9692167355645,33.1021588411476,35.6155452025619
-15.1385052823892,33.0471912700162,36.513521500902
-15.6714979367388,33.3112085832806,36.1063391078255
-15.6786797509516,33.5551771695119,36.2766322238807
-15.0958411101538,33.346810168846,36.1750560008821
-15.0694641106143,33.4172890608754,35.4469846474795
-15.4208924317695,33.38200796628,35.8320423652205
-15.3118276716142,33.0400702393665,36.5017576254809
-14.9134658763943,33.4377699902695,36.2969940242002
-15.3175493593214,33.624309501797,35.9800521390739
-15.3099537531726,33.1313387188788,35.5682591950456
-15.4142105063078,33.9017523562588,35.3929045463059
-14.9562145748184,33.8275910032589,35.9081926275323
-15.2042951039571,34.0289355810341,35.799846784663
-15.5165790783612,33.8257233583684,35.5255742379731
-14.7709827592391,33.7482647879803,35.1394846489756
-15.3459991136322,33.5842373507491,35.4109080455625
-15.3810058845292,34.1690107105678,35.4854217700809
-15.3937162335263,34.0113342972154,35.6687632053049
-14.9185633929001,34.1371854044399,35.6382592538682
-15.0317321089729,34.4259294631337,36.029068340967
-14.7024878765199,34.0962279113095,35.4871445210892
-15.256316935408,34.2860110729826,35.1699937258256
-15.1512172074875,34.1320320676285,35.6001071976399
-14.8864128259537,33.7303589286897,35.4926223474461
-15.2165700876174,34.1070282277416,35.474755885128
-15.615361349074,34.5753723732451,34.4803261226056
-15.113601225145,34.819276456975,34.8783827011535
-15.4429863723622,34.293774898548,35.164846536155
-15.3310925170635,34.3446655713241,34.9564247224036
-15.4160871522127,35.0293037512698,34.5913694037445
-15.0510587695431,34.2342609575984,34.6607487772417
-15.6892641730061,33.632943097328,35.7553281800777
-15.8489783745365,35.0344025087887,34.7525629227649
-15.3248601448846,34.8963327744814,34.2658242599536
-15.4438471393861,34.2471453138468,34.5597308922447
-14.7483912631174,34.4900415133181,34.1097445408282
-15.1132692148422,34.857986325845,34.8892297437421
-15.2569772001791,34.5055722193388,33.6392014573248
-15.2829517723628,35.1654602132872,34.2404160108839
-14.7525954263688,35.0835812996057,34.3522985052423
-15.3186115389768,34.4989112384482,34.3786712127453
-15.292237698667,34.9687062541999,33.8897262202684
-15.3374203654461,34.8204549962138,34.7754705762072
-15.1109127662379,34.7835934583413,34.2089363283471
-15.6121341161372,35.1736523923635,34.7169984331279
-15.1577164767852,35.615208013774,34.3289325999533
-15.1071776761335,34.7881602251752,34.4658769748494
-15.2822740249076,35.4907921461988,33.6766083817575
-15.1116116546506,35.6015625496786,34.0886429574462
-15.7653936676829,35.4251471676592,33.9959081873164
-14.6312509387538,35.3255730665639,33.7709676413586
-14.7135808927106,35.270563441236,33.8442606722589
-15.953600721573,35.3820658208006,34.3264537002542
-14.9095751490658,35.6710762148453,34.3264387332793
-15.1700348133556,35.1913921848179,33.6398999034768
-15.5842376309461,35.7617923611971,33.3373077441468
-15.5531370758619,35.7715609772401,33.7292992437329
-15.4933935152372,35.9418484659813,33.6567949812257
-15.6031155603344,35.6279528806436,33.8560036683644
-15.0360704685112,35.7763907639329,33.4292139020898
-15.2732624523714,35.4242199843542,33.6069496829725
-14.5325583624332,35.9027774412839,33.3720912981995
-15.0014392571861,36.4487749983623,33.2458223443999
-15.0694306342119,36.2531027743371,33.3133163817148
-15.4331759867249,36.1776365682996,33.0987704116672
-15.0585425801775,36.0109293961261,33.1713621473515
-15.2355196431763,35.806710144569,33.3881826656932
-15.4744379451006,36.1019966470537,33.3946723316454
-15.5441332103279,36.1649555076062,32.7587806270929
-15.4364553143459,36.0410090223704,33.0538556844396
-15.2662736250096,36.4551175931798,33.1036358182636
-15.1695785673319,36.2721178509724,33.0787643546794
-16.0832762542749,36.3390105120107,32.8449054736062
-14.9072784754758,36.3467225113389,32.911669215366
-15.5369565953583,37.0375799143488,33.245622857557
-15.190665583328,36.3129936963282,33.0510063872036
-15.1577973813184,36.241054421209,33.1105785771432
-15.2831558297631,36.6093556136311,32.8226409426513
-15.3666031277105,37.3439490900166,32.4597983864435
-15.5551421923946,36.6219188555268,32.4785866549327
-15.2802733573057,36.7171737775567,32.1260936092887
-15.3747051480557,36.7478068501885,32.3205810707452
-16.1126594933381,36.4599016102706,32.6665914040376
-15.41256537306,36.5675534893207,32.5957540204004
-15.5180805122084,36.462801223897,32.5198283060954
-15.0362376509446,36.600398156897,32.460378082143
-15.5924504696229,37.1032378254691,31.890687897136
-15.1711770775473,37.0963048909839,32.3419198879565
-15.5840601532486,38.0226850810212,31.6502003951313
-15.0454924326111,37.437504834536,31.7522303058698
-15.1442515903507,37.7757873715827,32.1593351979195
-15.2548198473349,37.2253995808589,31.7337461540512
-14.8321310652226,37.167418078144,31.3273778806312
-15.2927599483455,37.4387826631602,31.6100297117138
-15.3419502208463,37.4481072048873,32.0586043511969
-15.2495173267147,37.3588358561933,31.7588629553574
-15.7132284538027,37.1607119032386,31.4346543451503
-15.6681633107935,37.1290614888577,31.7306689100363
-15.4852418199279,37.4824077536829,31.5468019310527
-15.4286018064237,37.8139775495119,31.8150641489508
-15.7454184310437,37.1109109030277,31.959613284187
-15.7314235603129,37.5675353450909,31.3069826987457
-15.5326907687316,37.2284176068113,31.4200358728118
-15.1619385821144,37.7310002226865,31.1973711757652
-15.470150006056,37.5624616882411,31.1339770924977
-15.6804625956255,38.0289749241965,31.2338122974385
-15.5882247220714,37.5550816711237,30.7055719984169
-15.31051841859,37.3140161995094,31.3007404431105
-15.4317853461292,37.8607878218902,31.1128181323563
-15.9008756456028,37.7890801527093,31.5848007110417
-15.694053671959,37.64657643788,30.9478043528805
-15.3187182548742,38.3820865077502,30.8867348588779
-15.3537658754375,37.811297216329,30.8529563674324
-14.8482818355132,38.3556192936653,30.5096897430221
-15.1913861315006,37.5903974901999,31.1924079220584
-15.367633877635,37.8180486060832,30.9479434893617
-15.0991579314363,38.5075923956226,30.8649074543319
-14.8221664667116,38.0372286959832,30.2712832613545
-15.1266795389552,37.9268692094961,31.0497983954556
-15.4775219777044,38.7050693379577,30.1796665613188
-15.5785174827251,38.0946658969584,30.4501786958737
-15.6157641037862,38.2903296000187,29.4103484999045
-15.4182709775371,38.844245500676,30.1239059880665
-15.4217734144143,38.2553102308621,30.3363740811096
-14.9016004613206,38.1708345660863,30.2017244860284
-15.3064505860602,38.1217002062938,29.460259198488
-14.9218454349334,38.5731199447086,30.0572334809166
-15.0044411736801,38.3218209492421,30.1338678949874
-15.6434582515604,38.8909610215877,30.2668536638683
-15.6190879770714,38.850592726747,30.3544294850212
-15.7568226214807,38.6263529183534,30.3027253746075
-15.3235507740988,38.7193164280526,29.7076003500226
-15.327272008176,38.6111271630814,30.1481851395559
-15.3612668315198,38.5834922510178,29.9949001185474
-15.1898103368322,39.0162542740786,29.6296502162377
-15.0229844040982,38.5275978759858,29.2114619113871
-15.2028324841609,38.6273653645992,29.2104414064926
-15.1808675029053,39.2054518020527,29.922259613547
-15.371528080641,38.6911658981595,29.710661839392
-15.368977931396,38.5499422953347,29.5341010577511
-15.6284156812356,38.7640051525981,29.3940523357048
-15.2055996042967,39.684733550292,29.3464700811785
-14.8308734101999,39.5157047372472,29.814932025384
-15.3329592221275,39.0452114935048,29.2012878018938
-15.448128767683,38.7749510427726,28.8325940786601
-14.9549432956657,39.334185695098,29.1006725208186
-15.3538035794336,39.3304155104284,28.602730076135
-15.1853472666374,39.5057849256988,28.8099238972602
-15.1781870429042,39.0947052393999,29.0426433023198
-15.8640500966927,39.4815410505923,28.7169734333403
-15.328084871495,39.9313073340424,28.536417778869
-15.665318421818,39.7344521231091,28.482903970678
-15.1177650761165,39.3420112062326,28.7962671256942
-15.51632678009,39.9050082040185,28.2799443748262
-15.1774635022503,39.4896413948179,28.7054435298639
-15.7975567284154,40.0988090733958,28.3752689727054
-15.1480320267313,38.996149823286,28.6562079034984
-15.388913926703,39.8575849751462,28.5930465071605
-16.1850040099876,39.3604963461019,28.59366517893
-15.8501825427014,39.7029823610549,28.5525477723363
-15.3317737232858,39.9988879164074,27.7817350448821
-16.0410703830165,40.0099400296239,28.1403582931667
-15.2627811787652,39.5287811276334,28.3037824183364
-15.3368862580255,39.6593931830793,28.2564703282315
-15.6938750730261,40.3419103811794,28.205479163598
-14.83941811864,40.2529873774346,28.2121635724962
-15.3706057204363,39.5071718375951,27.8666546127801
-15.4234032500507,40.3974784837926,27.7807780959289
-15.3333125528139,40.3828172977566,27.534609085132
-15.4606295028305,40.1618155498892,27.5197906775386
-15.6255142756119,40.0318831230092,27.9321714125723
-14.7593054483511,40.5478938476123,27.3981184818975
-15.154773056933,40.3403005787916,27.0640319504343
-15.7005982843581,40.0199727376388,27.7219769339357
-15.2471653367189,40.4635009655078,27.1279966078135
-15.0503806927814,40.2597831227822,27.7955315330259
-15.4905760250118,40.0191988404155,27.3788908202446
-15.7600253992022,39.9183469841401,27.3919307800521
-14.9366890431843,40.9069246426307,27.0025336006936
-15.7834752615387,40.3449969574989,27.04752012629
-15.0335807670275,40.4208042915015,27.0582644242555
-15.1186826163418,40.7832145411668,26.9076229064467
-15.0018796971469,40.4790140004202,26.6596526049132
-15.3824077073541,40.4488074393045,26.3226183814536
-15.3701049122821,40.3945594948563,27.0093243217322
-15.5843807439685,40.6632114747196,26.4847846722891
-15.6969504657408,40.8182703091515,26.5934957858571
-15.5221726969485,40.5393713359435,27.0234713768226
-15.431235791491,40.5434633700901,26.1225058427446
-15.3404846093279,40.6815655301917,26.5528643401346
-15.2436374641733,40.9314584483318,27.0588818309912
-15.4644389332731,40.6453925008185,25.9901519695971
-15.1425791477545,40.799833241114,26.7932028953167
-15.0779632895898,41.5419908203724,26.3115846622039
-15.5573236826043,40.492724504633,26.6766093805495
-15.6794704824084,41.3572763182508,25.9984714972358
-15.4324413705172,41.5569801716486,26.3626990673202
-15.7717586425307,41.333979285357,26.4230128923371
-14.9728111978422,40.8926929151629,26.7217527350247
-15.145022085156,41.2739754135381,25.4407565626153
-14.9089294196722,41.3449347898501,26.1693248399156
-15.0671825224787,41.3864674472597,26.1552106902777
-15.7056536344121,41.1013538974306,25.839161219798
-15.5121679227541,41.9231063306018,25.6659312944372
-15.8153730895756,41.4615160161111,25.8043134032779
-15.0344406793941,41.4429393473148,25.99223295783
-15.5025677647066,41.3226241821004,25.3619119423171
-15.5948921189183,41.7364499698483,25.4317080815228
-14.6998960299386,42.0551992728433,25.2590220948861
-15.2006603356836,41.432399082064,25.9908028135776
-15.5693488200535,41.7090482431846,25.7399310985187
-15.904168956891,41.9192658738128,25.7114909919816
-15.6750827503138,41.6977276019048,25.0426842186912
-15.4219530007598,41.9430486923301,24.7127039847128
-15.4586699748941,41.8700620961434,25.1543651715299
-15.5140850896865,41.6880629175041,25.3302650298991
-15.7703319381499,41.7942518739114,24.7337478597742
-15.3132287678154,41.9150874664983,25.0184784994947
-15.6539006073382,41.7400917166556,24.7818540980826
-15.7188852360126,41.8931736495955,24.7699072576275
-15.1927670882741,42.2141545123116,25.2685048259817
-15.2610758735659,41.9889887170906,24.4694341764435
-14.4962100927018,42.0425188963071,25.2928733234467
-15.7307847672147,42.1365993736856,24.8465404078732
-15.668047789783,41.75782481852,24.5135239896275
-15.5486155108248,42.2037303785427,24.2980916217739
-15.1526017515919,42.5304491185188,24.4088510189917
-15.3428386940458,42.2053184508343,23.9267716839486
-16.2955184610258,42.2539101380671,24.3908540457057
-15.5741486473451,42.0732060297195,24.8478332823752
-15.3019859285632,41.9878123217271,23.8234914560558
-15.7813311599881,42.5067416729131,23.7164613185917
-15.2384829832681,42.7720651672757,24.6370493476442
-15.2228310747689,42.5955558922251,24.174048072099
-15.1947390251149,42.3150140219056,24.00756971369
-15.5443657767406,42.3267777373672,23.6282759443128
-15.818776527443,42.122482728068,24.0797569868423
-15.5675998678067,42.5218371532923,23.5053071161428
-14.7039260877913,42.5897727275563,24.1353971438125
-15.270838417705,42.6477078714633,23.5322204359167
-15.4404556543096,42.5464018521381,23.9396103110298
-15.5474996842498,42.1533493382715,23.6070029683582
-15.2902692372132,42.6736827957117,23.8666040021232
-15.4883807884399,42.5787662178122,23.3885670256523
-15.5513441120136,43.2212307806426,23.3080081772795
-15.7389962540409,42.2755765070301,23.2020264687158
-14.8261864603492,42.2514032721466,23.1428847632979
-16.0400362878776,42.8782247701876,23.1352969032559
-15.7566245062483,43.1512204512562,23.2087789248901
-15.8059549872429,42.6279519898967,23.3429844559659
-15.4678148728775,42.6287292806958,22.8252260402947
-15.5150660693704,42.3716729483503,23.1497864571861
-15.1007802573737,43.2633823620271,22.7575430161664
-15.3097355837367,42.3775463087824,22.9053541314586
-15.0244107031718,43.4199077949713,22.6991492046184
-15.9289152642299,43.1850193299451,22.5265498771442
-15.7018270854977,42.7082702274839,23.3334328335735
-15.3806897671705,43.1060248748241,22.667235244285
-15.6864338004705,43.7241238838273,23.0960666593931
-15.4584134763969,42.7551685517619,22.3959778500336
-15.9091093813019,43.3381759340447,22.5727279257628
-15.7880583228489,42.6476515215972,22.5660121100196
-16.0506999062341,42.9015424578607,22.6268729000851
-16.0137043713636,43.2250233952686,22.657884442615
-15.5741876112155,43.0560219302279,21.940493675555
-15.8594661417583,43.7664572111927,22.0025155869182
-15.6284312547592,42.8655127220867,21.8077738168345
-15.9832135875788,43.4703601699422,22.2860824300188
-15.9240881657655,43.8405339004587,21.6522232781101
-15.3062950319071,43.4128755092636,21.7541239223842
-15.3745819030503,43.7461890553398,22.0728159364008
-15.4657100167941,43.7991031613572,21.2490001909801
-15.3248035595805,43.1893467357759,21.7918969800542
-15.5301145641371,43.5158936500944,21.0053697911668
-15.6002896495497,43.843940751015,21.4176389604179
-15.7041096117764,43.851885513539,21.7113236157167
-15.1719630469448,43.5672217636232,21.2441072760314
-15.7239470867469,43.5888783980452,21.7477356009714
-15.9058673433837,43.6030099523106,21.496722806945
-15.0491300437555,44.0759117434875,21.7233925799781
-15.3796071270022,43.3733576380134,21.2263063052459
-15.5534974641011,43.9839977004154,21.2233483030401
-15.7511332238128,43.3561649569318,21.2885451563564
-15.8533251585768,44.1706676147567,20.8174049875528
-15.2063050224087,44.0800458530913,20.6727861712696
-15.3174742629224,43.8775053524414,21.0298846063689
-15.5980175350125,44.2048706981742,21.7831948648059
-15.9708656636272,44.2049100124521,21.1529889693013
-15.0681625876377,43.8634744272134,20.5821796577312
-15.9513149618148,43.6405888126907,20.5029131398256
-15.8861944087159,43.9436285725075,20.6236602055504
-15.8216070198717,43.7125554250321,20.718494967829
-15.1495842207289,44.3566635430435,20.5283336456502
-15.2252858373894,43.9693193696023,19.9173930810815
-15.366703693782,44.5056500630539,20.5604622497344
-15.627982598377,44.6925490878106,20.5811158042079
-15.5965696977104,44.3316422594354,20.7832073033416
-15.9955453222827,44.408799218247,20.3975823304292
-15.2925157289074,44.5518075064999,19.8092773113861
-16.1738962051345,43.6740910268799,20.0769686389495
-16.0163315269178,44.705003413022,20.2384465315978
-15.4970372809063,44.4125014643477,19.869031688888
-16.1024085266624,44.3067011706874,20.1035830503602
-15.618214975708,44.3449758405263,19.533116576933
-15.5704151164922,44.498579106846,19.5963258787315
-15.7621460619071,43.7835871496565,19.5001837834008
-15.7239858672511,44.2866009425943,19.6515627351316
-15.3540927641998,44.3988389777986,19.316278359789
-15.3094433508827,44.4448320742522,19.219408612666
-15.5427074565634,44.5062209265943,19.5806738419445
-15.8074919971943,44.1488360677068,19.4922287549158
-15.6339788879626,43.8841322290974,19.0215867225404
-15.4970743570789,44.707067601977,19.3093685563117
-15.6856488466184,43.9278441553888,19.5562928232388
-16.0776785811847,44.6139501296072,19.0328485912354
-15.6346512010273,44.336378395508,19.1622831187276
-15.3587742205451,44.7006651637705,18.4214317224779
-15.5365145639577,44.6235119569173,18.6583124391633
-15.3506443360424,45.4239702419298,18.6783149783986
-15.2870310779297,44.424717430774,18.3277673106039
-15.7345409806025,44.7000273042688,19.1189170309625
-15.5888304206017,44.7550194385564,18.6547580086857
-15.7467531498824,44.7323146584103,18.3215978327605
-15.6770036804489,44.8628030445126,18.7357790616003
-15.229596583195,44.9038356825614,18.8897758704369
-15.6856585790618,44.5526925432262,18.5433655193864
-15.7689498768699,44.6124219745383,18.4964366323808
-15.4382791066046,44.7666504260925,18.0994747492527
-15.782695413515,44.7254318264307,18.4842265631297
-15.5505466273742,44.9586407469466,17.9916118382664
-15.2994060150337,44.9684601980819,17.8783939458035
-15.5091704305303,45.5599542428291,17.6887956871905
-15.705725813568,44.6342051649448,17.5848530156947
-15.7125769535201,45.069521220397,18.3900525546965
-15.7470225424258,45.0181078568556,18.3132998397819
-15.3981935206706,45.243539087477,17.3903984658043
-15.4452638171232,45.2197736991852,18.2212689586689
-15.9471113766301,45.2586788719145,17.7746029468731
-15.8018821531896,45.4846217099144,17.5816042623449
-15.5959556073066,45.1607523660424,17.2652489199114
-15.4326543430249,45.277284707622,17.8730006044739
-14.857458454953,45.1582919531645,17.4139085860589
-16.0197030847429,44.9533326974893,17.029049464254
-15.1393088636756,45.2235054197021,17.384354485152
-14.9437317928727,45.4897547717434,17.1862222405008
-15.7365242250475,45.2527625696745,17.3939095147415
-15.9039503995234,45.5682672443358,16.8044611923115
-15.9676986068105,45.6176154650114,17.1529007901301
-15.3483419018959,45.3597228076017,16.4998601198861
-15.4433568880898,45.669469681939,17.6832057981038
-15.2755723905578,46.0066585740504,16.6004776930794
-15.3170526726996,45.6355802228159,16.5786516200862
-15.9323812145761,45.7521871394417,16.7569701473571
-16.3094481960224,45.6446576954384,16.1280193949182
-15.7028980556774,45.5569899536582,16.6643159382563
-15.6247158498404,45.563728979731,16.0392455175289
-15.5029335432042,45.9592566848979,16.3269926946533
-15.0967786500168,45.7485073721361,16.4603580721929
-15.6657088699164,45.3790019660342,16.1318725651614
-16.2180815987729,45.7239973182449,15.8316641863707
-16.2897550813991,45.6072645152396,16.2069432686144
-15.4489229430067,45.6627214869929,16.4077098007329
-15.9168672095144,45.5248098066441,15.3222682206117
-15.6218633839195,45.8769350750125,15.7465241539718
-15.579242386619,46.0271718199841,15.8749257959555
-15.6580698244598,45.5256787067583,15.2374804249503
-15.4196892044125,45.5736117822946,15.2692079307807
-15.9453974732065,45.4205728348398,15.6784456328274
-15.5151472810472,46.3095457811548,16.1679663934155
-15.643048994817,45.7843372459098,15.3912676672041
-15.5983944071038,46.1210230724103,15.2843085757397
-15.7906769282089,45.783842972449,14.953587526363
-15.6077237607488,46.166857150648,15.3218003837976
-15.7576853551413,46.1824380928528,14.9614554836128
-15.5625655990058,46.0844357817551,15.4144166356267
-15.7380301977053,45.6809145793902,15.8419282848002
-15.46503666331,46.1883009634981,14.3719616884179
-14.9522514248468,45.7351706359503,14.5375132360953
-15.6036108087993,46.2746085130598,15.0976546579089
-15.7332124108576,45.9910646317099,14.9741305851055
-16.3155450955588,46.5604260061947,14.4556160047909
-15.9744692165789,46.328400007944,15.2784399964919
-15.5598213405989,45.8954594449329,14.6750770371196
-16.1627110369943,46.1745576242792,14.8936293522909
-15.9801430082295,46.4355471209644,14.9363909860314
-15.4237558474178,46.6966021847756,14.5455209910011
-15.5334775158021,46.4322958959624,14.3258539754896
-15.6020339804056,46.0121803224416,14.3755461932452
-16.0764588506733,46.7193470698156,14.0596978549209
-15.7620585359339,46.5901885453023,14.5522286654633
-15.7136018247164,46.3000922212139,13.648998834762
-16.0135429598282,46.4966271929682,13.6323687878947
-16.3087282349544,46.0427492524889,14.0535173956589
-15.607342751975,46.1813499734452,13.7329199162555
-15.48913991738,46.232372310456,14.07442852843
-16.2512873047379,46.13995133765,13.6350531364845
-15.8600548783829,46.2154585645782,13.9211931694947
-15.824809933474,46.5229080069443,13.2013159326135
-15.9774054789936,45.9941614535976,13.4454643995981
-16.1989325603605,46.2724326999417,13.563295239667
-15.8597675841192,46.5522440549322,13.5318864207507
-15.8682581539753,46.6908126283235,13.2152875772786
-16.0791403278462,46.3910293796683,13.3599325576723
-15.8310147344654,46.2690764096144,13.1146745672244
-15.8952387023869,46.4087424925697,13.3075102088564
-15.6289801556437,46.3232496578017,13.6548158419766
-16.3193588132402,46.3355873791036,12.6753122101491
-15.8868199334227,46.669319688066,13.6458626906706
-15.7731314337025,46.2304784645998,13.0289074888723
-15.7660572058643,46.6002003635539,13.0740828784131
-15.5699263960335,46.8652438986676,13.0426118422996
-15.1649240446011,47.0984951189614,12.8260717171787
-15.2902844877764,46.7493294897743,12.7550745645059
-15.775253405382,46.4911126418684,12.5972828681945
-15.9322643776498,47.0970188288815,12.7925489195091
-15.925734778358,46.7537600573469,12.3417913528125
-16.0385505025549,47.4240786421429,12.3482385077507
-15.8400276432821,47.0314539110767,12.3620008360227
-15.5307145282459,46.4820994049061,13.0606335495036
-15.5324040245774,46.7319310779143,11.9699686005477
-16.172407987283,47.1895437088821,12.4240715477319
-15.043167024277,47.0578666530801,12.2510067246451
-15.8785673978217,46.9110425110959,12.3836495335656
-16.293843307839,46.9455301392159,11.4547028261009
-15.9150468464154,46.3956829138409,11.9954117006408
-16.407849425822,47.0909579158861,11.5689603810672
-15.8821393116867,46.4153530853799,11.8320268232517
-15.7137953819103,47.198227048286,12.2375988912051
-15.8012059542248,46.5441178525162,11.3234811904009
-15.8144835476767,47.2515631884785,11.4695330305218
-15.8310974489186,47.7334230674664,11.6615740051616
-16.1885329790033,46.5435253289464,11.342987730594
-16.0493867745948,46.7758370974173,11.3568291762181
-15.7569145987035,46.8089164636047,11.6807115518228
-15.7732454941071,46.6387515740832,11.338787672423
-15.5247572937117,46.9716636640397,10.4994088396519
-15.5187127521967,47.0806305919659,11.0792559829408
-15.9185575811772,46.9247360593329,10.7070354987014
-15.3390461709016,46.83273839888,11.2019991419286
-16.1810861696779,46.9473142147859,11.5043637108738
-16.0439684183531,46.7831799128055,10.6758491047047
-15.3091259904324,47.2430882392892,10.4687705248504
-15.6966512207276,47.1473800960193,10.0466889686446
-16.0816827227544,47.4332427610518,10.45703817154
-16.1274053307241,47.0251943828186,10.5381127072894
-16.3093429866507,47.5420481400729,10.2973671017244
-15.5115919298828,46.981679945393,10.5997053428578
-16.0888602175022,47.149530364569,10.014362237047
-16.0346357051816,47.6899041265585,9.73332862433585
-15.9457915093339,47.130676679004,10.7773681081208
-16.0102400051098,47.1491767787204,9.98814322915452
-15.9617096945916,47.1855438520733,9.64778909498142
-15.0516288122323,47.2907980496158,10.3781646478253
-16.226030985715,47.3310228920198,9.77150438513941
-15.4488051270887,47.5672962086385,9.89622391314835
-15.8795006538583,46.9169159659967,9.90225706542833
-15.8024536700429,47.6017658345002,9.78545793819502
-15.8500319897477,46.5764356413747,9.78314453372856
-15.6014505508934,47.5360704275939,9.58338879613781
-15.4199785173751,47.4570143636103,10.1280207504378
-15.8965036657172,47.6669573594649,9.45488152705244
-15.957553912286,47.6804362910049,9.23570756954345
-15.5055671670603,47.6911035608667,9.71289258950835
-15.832551946239,47.374205715344,9.00478398586347
-16.1617461972013,47.3211341615415,9.50367308189483
-15.8686180315204,47.4054625321856,9.13497337176461
-15.4265145122352,46.912238001752,9.24367440434954
-16.2882909377697,47.3732238931783,8.72993544536659
-15.6464839813511,47.3207511381233,8.44095935759169
-15.7229556331215,47.1847931125689,9.33969655682068
-15.8611645191799,47.3027053541407,8.71666653773356
-15.8873023713515,47.5959373004274,8.6470203842286
-15.7241691375639,47.1501523767063,8.29555688608539
-16.0607190238985,47.158308595256,8.43885357903093
-15.4956450378071,47.4009023276032,8.5440116173148
-15.6393676068743,46.9526904328532,8.62604287373403
-16.2831717794385,47.538742063971,7.94963873803763
-15.6060165075754,47.491789831699,8.52682690459661
-15.8874657323091,47.0665287603006,7.89881009568962
-15.8438699029306,47.7404665549696,8.02364351390117
-15.6500583463424,47.804923775708,7.90237127054454
-15.8676887992929,47.3646129329978,8.93002978336206
-15.9289150675997,47.3951368387495,8.25697714565157
-15.6885305733484,47.8409387455168,8.08350408190184
-16.3978006368095,48.3076413201036,7.66940144557944
-16.3250434081661,47.6070980353107,7.59088329406428
-15.8577803630092,47.7012609977649,8.17626933930136
-16.3657507364615,47.4871183518385,7.42588281164354
-15.9889297512048,47.5466320995277,7.35398014940075
-15.4820580801891,47.8114368961307,7.82221593075802
-16.0525662795426,47.576189817905,7.5100536604722
-15.7590306133363,47.5090189111669,8.0796781979503
-15.7727421120948,47.5011138263256,7.83463232124148
-15.9382886493461,47.3834694951883,7.66401046477394
-16.0627390266214,47.9459282601235,6.61127698911469
-15.8021327410471,46.9083254711125,7.60313242505489
-15.2382140318483,47.5069509380775,7.20507778054741
-15.6078236994334,47.789396410031,7.19280281689481
-15.8687763889305,47.4891503596686,7.08263146039211
-15.8572298626093,47.3915709484906,6.56715387188788
-15.9893853117348,47.6293558783868,6.5057343349463
-16.0751154655487,47.9472890596193,6.60835643458775
-16.2135935348568,47.6767133693932,6.65548221766377
-15.8170031352918,47.8676497439171,6.24903483042028
-15.6832724724118,47.9925866207025,6.26278355898818
-16.4374629557542,47.2808362835044,6.23681628284642
-16.3436251577624,47.1939135338831,6.51621362789444
-15.8406593451561,47.4570081853437,6.37360193144759
-15.4217798543905,47.8499374971187,6.02779290471525
-15.6578302702051,47.2558437251618,6.138900480025
-15.8461735921371,47.2884493449768,6.14893313788469
-15.6065412520198,47.5891222712918,6.51357110990418
-15.9700932421779,47.4599777695591,6.08618060684438
-15.311466955787,48.0544767589264,5.9592863548785
-16.2212658919921,47.7587085221684,5.99087162891465
-16.3053355208937,47.5564962821847,6.11046718118686
-15.6504226216834,48.2822306659045,5.82808541672946
-15.5562250987745,47.7358389915508,5.45079508331538
-15.4332274153729,47.6701374071888,5.56313496274178
-16.1388232144601,48.0208282819487,5.44882325911742
-15.4575111832024,47.6754673701866,5.54769080282777
-15.6585742744657,47.9001306124488,5.41142339462485
-15.8860735637867,47.9526763552746,5.4845422633448
-15.9920568868558,48.062828855803,4.98155454957983
-15.8158365150775,47.6440618505227,5.37285746114854
-16.1867112150751,47.3655651804505,5.16278791773502
-16.2917349678907,48.0298457217979,4.69296394554714
-15.7708627714967,47.8679858504334,4.42631387045025
-16.5441096196291,47.890424640388,4.88911720173586
-16.2882820159158,48.3469280385891,5.02124249742513
-16.1681791428473,48.098297457796,5.0162342435969
-15.9690853532529,47.7813070811839,4.84555773120511
-15.481620543293,48.0720125739599,4.24123034619315
-16.2439219726333,47.6761716892856,4.62544041547971
-15.9885576476888,47.8169488073644,4.37821773237032
-15.749414252768,47.6696516233678,3.87066990599298
-16.0917055196868,47.4244389235415,4.66675954951284
-15.8481374391834,47.8803610278841,3.74048241183463
-16.3731555939934,47.9585868273028,4.40783533660108
-16.0292258061357,48.7137391317602,4.38978215873695
-16.0177651866622,47.9439018825788,4.58868889619416
-16.1689042966372,48.0884710644337,3.90024293661178
-15.7531705962123,48.1723856742353,4.38843695837287
-15.7888581699882,47.8892321621762,4.42913786577474
-16.549893489399,48.0087122441606,3.60234949071842
-15.9945720729143,48.1271522896147,3.71228796475236
-16.2347922258127,48.0350331930317,4.2100209929375
-16.1625628462904,47.6652317203611,3.88761924110364
-16.5086637789883,47.8515913055883,4.1044325220869
-15.6409028979364,47.6078199667668,4.02398255650996
-15.9837646308794,48.1409835852941,3.25200026735925
-16.1622513922874,47.5581104555719,3.58336708245242
-16.0663931021412,48.2479409720554,3.51033019264449
-15.7469711733687,47.8337457998084,3.53236749194098
-15.5356267166364,47.2575940731107,3.21867143651728
-16.3679997324871,47.9292530056612,3.34886703386664
-16.0583076842065,47.7784592612238,3.47105054920135
-16.1447992739594,47.8699403243161,3.21696096859134
-16.010390538729,47.389153547545,2.98770607294073
-16.3146615988069,47.5424882571649,2.95272365174694
-15.3782600960348,48.4075408589515,2.46267949110773
-15.5965142991115,47.9862552175168,2.99700312754982
-15.8707216911376,48.0486147567547,3.18620167101531
-15.9626400775144,48.0154886981835,2.73434546923883
-16.2555186898714,48.2713180211172,2.60464687067894
-16.1522739878104,47.946241700859,2.37327237609548
-16.2529168850939,47.7794069031067,2.62957081707727
-15.89868849996,48.2872603956576,2.80304762735797
-15.8680981637877,48.0709869377502,2.52405483691617
-15.6398659662618,48.7326507917658,2.10417784632528
-15.6329180194838,47.6705381870256,2.47843970449261
-15.7818637714273,47.8110804532417,2.37918703086675
-15.719891249934,47.8772560867055,2.35237862575922
-16.1708901356771,48.2000240623385,1.92370948600489
-15.5764878983283,47.9546862355259,2.57200367176055
-15.6683458905537,48.3754978875066,1.60903540813857
-16.2873063640763,47.9834940815939,2.52312722645809
-15.9933986654581,48.0750453937115,1.3843476158657
-15.7695724883952,47.4817956453326,1.58839716963973
-16.1339315171159,47.8830495432356,2.00504249704007
-16.1286278475584,48.1014643678065,1.77786697887696
-15.881667962744,48.4275236988755,1.97608204689353
-16.2018191258255,47.8222574482583,0.990415774657321
-16.3110399756321,47.8319646148052,0.670864061068475
-16.2363007489254,48.4454380657633,1.44125181387684
-15.7680742209665,48.0967805724409,1.23369395965367
-15.3888927571832,47.9148529186597,1.20145000959866
-16.1954664462626,47.9917276273711,0.974589227314123
-16.236515766921,47.5596156603354,0.84401831770768
-15.5111275948601,48.4594704776138,1.12819322064539
-15.5813338886824,47.9204648679875,1.25215309860476
-15.7833214339441,48.1921802595806,1.13798032183078
-15.9203183083805,48.0583279322951,0.828100421990608
-15.7204491837075,47.8508980711736,0.397518405307978
-16.2554080148268,48.1152282827325,0.397910783901101
-15.837764808642,47.8445685168423,0.931020186506042
-16.4078359845663,47.7009402764565,0.298217094351015
-16.0287239923935,47.7534910504598,0.44443231604506
-15.618561097718,47.9716631613892,0.624454362400943
-15.9499187264736,48.0148091986748,0.397893181517383
-16.295945146208,47.9047205136971,0.513236697103158
-15.6682411979555,48.1364445282075,0.0999384014769027
-16.0726735767257,47.6163098865826,0.798710173404887
-16.4883009635022,47.9732347497102,-0.22774125810188
-16.2180327697703,47.7635344382922,0.2530902626238
-16.2218071883415,48.0201588513915,0.196953417654916
-16.4567125557035,47.9913227385338,0.40630431859027
-15.8398619529182,47.6617150869919,0.481966410994035
-16.2477754248189,48.2203519672536,-0.217858876341793
-16.071854877626,47.9070344557308,-0.324843130385193
-15.6442163369452,47.8711911719631,-0.534526490819594
-16.0477727238431,48.4252616038332,-0.413289923142263
-16.3326455490964,47.9545314226804,-0.908103352909224
-15.9564723508559,47.7369478980513,-0.783136500696456
-15.9684086001286,47.7898096269715,-0.748357649175534
-15.5706527485672,47.5472698706038,-0.745514172586574
-16.0338619668862,48.1148754234844,-0.873358313543344
-16.54712054397,48.06508758855,-0.505298139494926
-16.1862208938233,47.9064697353169,-1.37848690036636
-16.1501316257535,48.0874849435492,-0.763200896507899
-16.2206114277819,47.9423044252727,-0.987319913968409
-16.3603326698509,48.0689715426202,-0.460763210134207
-16.2309563320492,47.3234139429097,-0.783073568618008
-16.409883691818,47.9316474607242,-1.10440585526232
-16.1654830073518,48.27966825631,-1.04417583507151
-15.9614790889843,48.4115474256589,-1.22620738117013
-16.4399132682342,48.2826565245236,-1.18389369226176
-16.4523887446224,47.6336776829204,-1.52995296204855
-16.1332603807259,47.9653725817291,-1.4737856332391
-15.9501025410672,48.578159583787,-1.02751107901752
-16.3033682075852,47.8456410255461,-1.66550582150122
-16.1203237545696,47.2955653819169,-1.59536402017666
-15.7790861453848,47.733956522183,-1.66606840672322
-15.9927218390517,47.7259640553598,-1.5036341155317
-16.4093526093908,48.072146198903,-2.02765423097428
-15.6972462730139,47.9067205211123,-1.8921016943298
-16.2632651731773,47.6949522201129,-2.29104301268314
-16.3706460154951,47.8125836201659,-2.04159604874101
-16.4278332613415,47.545177840234,-1.69001097189361
-16.3822687391975,47.6829238457283,-2.02265587765569
-15.8026082682079,47.3513463438511,-2.04494173525953
-16.017171843188,48.1508900165798,-2.29164249850807
-15.6838111050656,47.6578732687262,-2.12071496246893
-15.9311862633216,47.5522467484078,-2.00469801753837
-16.330390246295,48.3574817023281,-2.67170058042481
-16.2277915445561,47.6553125018472,-2.66742131337169
-16.3547980181145,47.9100575840781,-2.77718849255717
-15.9360628080572,47.7712439421455,-2.10728657312484
-16.5172795613343,47.9659391849326,-2.70335445952253
-15.9344096779165,47.6793415040678,-2.23068596414599
-16.3540921037393,47.7929166367112,-2.58419464170691
-16.3893378574304,48.0752064123403,-2.91121525227677
-16.2210541145202,47.9773465627895,-2.73087019465937
-16.2497662953924,47.6294693956513,-3.30076251355328
-15.8384171955363,47.6543771887371,-3.11743434432267
-16.0053793796936,47.9588852763168,-3.06669202559271
-16.2496084193753,47.8921223284946,-2.560644430678
-16.328952437916,47.7886146027922,-3.09049001736691
-15.9872357984222,47.6206374788106,-2.87942093574762
-16.166990547108,47.7523685506805,-3.05691226414281
-16.0942279476881,47.9336565188187,-3.19139761446355
-16.15240089939,48.2834923715735,-3.03766613985251
-16.457367160646,47.5865062407173,-3.52909686750021
-16.3249964753536,47.7287479989466,-3.29957328220119
-15.5760307032427,47.7928344959375,-2.70537162106475
-16.1440761544192,47.9848819914522,-3.49621109818401
-16.4226941110429,47.5537694059477,-3.79243163144637
-15.8692134977546,47.5860917161803,-3.80203877398831
-16.0065223448194,47.8202721333513,-3.60005220620796
-15.7255577098152,47.7834544923579,-3.67540431243812
-16.342202935487,48.1072675133796,-4.12550765020928
-16.5638804834743,47.6687687908989,-3.55034015293831
-16.1522299889587,47.2726898259025,-4.2596804262511
-16.4065167405511,47.4009231268157,-3.84610661075303
-16.8552828600601,47.2190980676778,-4.24861694767169
-15.8952084618657,47.8419301476818,-4.22255607196279
-16.3157500791783,47.7051440438811,-4.06208167937649
-16.356087583382,47.4709510931647,-4.54573786827922
-16.1140832081047,47.5960739180205,-4.53294155775332
-15.874468150953,47.3724661542497,-4.07255065084378
-16.7407323050008,47.1436356374849,-4.37993283406614
-16.4227251469534,46.9039896404173,-5.32548179363559
-16.888593686896,47.8163381231624,-4.56540104510798
-15.9680332268082,47.3346396317562,-4.47463198419091
-16.0521651736296,47.3030489617299,-4.94549012238197
-16.5455255823269,47.7297410680388,-4.536989023054
-16.0958262895761,47.5978153720501,-4.67261300319474
-16.5430640813642,47.2621820097514,-4.98594581547708
-16.5478852035593,47.072705227453,-4.64948707840448
-15.9729548291235,47.6169973653174,-4.71790400596239
-15.8260647207759,47.8949467239434,-4.90866136480821
-16.4005650818686,47.2864818484774,-4.96830671731233
-16.6655485885625,47.6517833994322,-4.45134965911567
-16.0842522978772,47.696745967494,-5.08036089220931
-16.1466532667533,47.5891861768734,-4.96391096583391
-16.0455522580404,47.4465030550693,-5.4312208952673
-16.5411979682204,47.3866713957472,-5.67870363174609
-16.2075737000145,47.4093289414067,-6.2028505071833
-16.5696373508762,47.7070427078196,-5.57269874660897
-15.9749689235483,47.2900714792572,-5.55469203649616
-16.3528086658353,47.4400357376962,-5.42477226516387
-16.7083926010124,47.3319493511342,-5.84552904317625
-16.9921225375501,47.1056695878176,-5.55121123402958
-15.9903996089443,47.5427624335958,-5.52711711196002
-16.0450807499289,47.6178239160713,-6.04991093445683
-16.0501638624945,47.2781399748888,-5.89195044703638
-16.5400201887952,47.6085922482912,-5.3714548677406
-16.6037512349229,47.5068258949405,-5.95083924084694
-16.5518417584178,47.4265803924964,-5.85589963370727
-16.6383935561979,47.6420041694466,-6.16870939071118
-16.4774542643153,47.1210964796286,-5.66447660863343
-16.3466218622448,47.7909081649984,-5.58197992257128
-16.339816577464,47.371735691934,-6.26086998696311
-15.630228840622,47.2880278239898,-6.07501952473287
-16.0493749575162,47.1396121573845,-6.27991831878282
-16.2945458012525,47.2608896522869,-7.08881827789691
-16.8137632404629,47.1724572116588,-6.09078782093846
-15.919289681405,47.3164463218661,-6.22178272405346
-16.8231439223287,47.4810142032706,-6.64775966851832
-16.6083971097064,47.3489636732671,-6.72714271646815
-16.3216449130848,47.4690997255507,-6.89758656048254
-16.2289582982353,47.6694414141541,-7.00097716982423
-16.1430810789003,47.5703240777155,-6.86531864901513
-16.1676617565863,46.685820352797,-7.23200951788711
-16.4697776215715,47.3924350583851,-6.38326686280565
-16.1210048333253,47.2405939217557,-7.07470614212825
-16.3437902829763,47.1168289009671,-6.80126331981436
-17.0272663758849,46.9506062552855,-7.48957174947139
-16.3728133861625,47.2284117749719,-7.64450443739657
-16.5313407706715,47.2924882530002,-7.41094445153405
-16.5919975961248,47.0104558566938,-6.87361444497122
-16.3285595643555,46.9661621488242,-7.04443365713196
-15.8944677681295,47.0819820085975,-7.3240469980369
-16.6068678143252,47.1334646865695,-7.38069253493471
-16.1967837533164,46.69595863526,-6.99154520327646
-16.1598756709528,46.9475495988609,-7.09963479064462
-15.8430831768107,46.6655683573513,-6.93991956284632
-16.3745320701663,47.2029495629397,-7.61673962158595
-15.909638222485,46.9780813754396,-7.29891512989482
-16.1760701890775,47.1352750196222,-7.88748625153079
-16.8819876624946,47.5292684398542,-7.80570822801103
-16.5633443573851,46.8181433540681,-7.67058925979345
-16.0258056061626,46.9856258887046,-7.26736593268051
-15.9919157078612,47.034917322198,-7.94283042310016
-15.8590612887384,47.1648569374296,-7.98572613087665
-16.2825541147189,46.8523994647749,-8.56724989283463
-16.99449265515,47.3083795390019,-8.51808252176234
-16.6563293087345,47.2938355445603,-8.40243986813863
-16.3856217992645,46.6846029561407,-8.26791352728103
-15.7710991801479,47.0109841406831,-8.18632008991872
-16.6427500659447,46.8024760022662,-8.2978331728679
-16.7508028184834,46.9679747077294,-7.96634951377082
-16.07212026944,46.9005745812999,-8.25150250656112
-16.6289716269916,46.8977759935593,-8.13937089300573
-17.1413600563029,46.7527319237343,-8.09451282698161
-16.5049699278096,47.0565293685765,-8.19754177712713
-16.2221303022704,46.6968964086181,-8.76912706015343
-16.4902588056888,46.7274767821354,-8.9065913391307
-16.0832910682987,47.1342375312748,-8.68836315768817
-16.367001971673,46.5570232028687,-8.78190392940227
-16.4311591610231,46.835295272073,-8.60089423912061
-16.216521634817,46.86652750754,-8.61941520549657
-16.0727830641443,47.0197342384871,-8.93346690890595
-16.5359416689665,47.0494444222706,-8.71664922445911
-16.8431344399989,46.5554045181094,-9.07683664108284
-16.3079357200512,47.2057505133256,-9.01911799948298
-15.9665527014301,46.7172733071487,-9.20891814939005
-16.7354726429037,46.9572247543405,-9.64043536031977
-16.0079420695098,46.7209225592347,-9.12053748018368
-15.60819501337,46.4533886692679,-9.53287074801291
-16.6523559004775,47.0375183990633,-9.17629973669847
-16.6011480858089,46.8331975636987,-9.69157456674193
-16.5161179686716,46.6898498004462,-9.63284127976686
-16.8731928404338,46.5348529227611,-9.4397286240323
-16.1245517904552,46.4602236383403,-9.37007523387414
-16.183857130555,46.7438768490147,-9.4769352106183
-16.7744809408584,46.6738772946379,-9.86613611472794
-16.3650044567313,46.7411998627852,-9.48141109842408
-17.0493093477712,46.8411035404366,-9.50753257981103
-16.4972079359247,46.5963976105209,-9.30507983800305
-16.0976930336738,46.3165229785352,-10.3833725729604
-16.1237722443628,46.7792215577416,-9.58408310967368
-16.624693805427,46.3366987376705,-9.20022786226533
-16.4430073924226,46.540706091266,-9.95872383800634
-16.7150740042894,47.1079270329206,-9.97503937733635
-16.8666592392541,46.8224212902823,-9.65832358716369
-16.526906841331,45.9925298982804,-10.1615749344166
-16.9452605937135,46.2987482543993,-9.75925834531796
-16.5336441239162,46.717117414969,-10.0178107959704
-16.6030936139622,46.9201697844096,-10.0924086796247
-16.35854450628,46.6851273590909,-10.2859374609502
-16.7414561959947,46.3115114127248,-10.6155040464506
-16.3572602867467,47.2295891438059,-10.2576948214306
-16.429055684517,46.612495417488,-9.84163165159321
-16.7585343315665,46.0135176594337,-10.01709466439
-15.9809259220242,46.6773455814765,-10.5372441996153
-16.1963929274172,46.0014716943406,-10.0781701640627
-16.1555635187255,46.3301210379737,-10.6969755431603
-16.7616563466941,46.2680646100245,-10.6116131181321
-16.2725180108308,46.5445733005043,-10.7454380521024
-17.1954843259139,46.3279437461861,-10.389367058279
-16.8035526849514,46.632249410875,-10.4830945270618
-16.3020762750049,46.2942134814338,-10.0895613160849
-16.3884601101396,46.6075244534612,-11.0752258881847
-16.6760072758022,45.8667311808298,-11.104220171768
-16.1950646817723,46.6886930590696,-10.7714136057946
-16.6515740721104,46.5215067895778,-10.944637147953
-17.0363794172257,46.4263138973211,-10.7694079304589
-16.6302334324279,46.3473812137204,-10.818189677325
-16.2802723205651,46.5985967874101,-11.12287894853
-16.2628804860303,46.4960323100226,-11.257521296249
-16.0381511342872,45.9953062990004,-11.1639632457677
-16.5885781283157,46.1885825587372,-11.4658880866747
-16.1379777373441,46.2239483023323,-11.5449185705431
-16.53827584117,46.8214111176398,-10.8574033396001
-16.1379094370857,46.3332241126019,-11.3203652110754
-16.8330819248581,46.1351413087903,-11.2546929672581
-16.7690183156983,46.7529096610375,-11.9831326753183
-16.5475007214417,46.1745410879769,-11.5682992044528
-16.3232045557363,46.5217589009576,-11.9840172870191
-16.2188111765173,46.0316652582894,-11.0859598430307
-15.9827327219018,46.4573953497726,-11.580196180741
-16.4682571179036,46.389280197342,-11.850140874467
-16.2694014830771,46.1522339410294,-11.2488926898949
-16.4530350077816,46.6257905576677,-12.1701832779584
-16.6044401474236,46.1260861697442,-11.9411740262074
-16.7432096608598,46.1666771791036,-12.1605914805672
-16.5034302590056,46.1699355523843,-12.0775632910663
-16.6399856575159,45.9655935227244,-11.742073316192
-16.7214522876113,46.3535793996558,-11.6566155781151
-16.7326047150527,45.810384690415,-12.3597198447519
-16.5959908081438,45.980503961508,-11.3010080168326
-16.8049284483571,46.2520607191612,-11.7349611607819
-16.5821681188437,46.7498832323035,-12.0716625600186
-16.5672121508273,46.3677174095906,-12.2594998087585
-16.289880747857,46.3168090409425,-12.1749436442166
-15.8299939366107,45.7608957267053,-12.6934324021774
-16.7394935969098,46.2687207490383,-12.7776985207321
-16.1599641418054,46.0304638140239,-12.3155046836767
-16.4346567953062,45.8154205399681,-12.6373554972559
-15.9597009253889,46.1054343731648,-12.7499975834006
-16.6927319205006,45.6362268429779,-12.4072270874385
-16.7933869792733,45.6970148022249,-12.4691365294954
-16.7115608015114,46.1387307422641,-12.0887698412266
-16.395695566199,45.9005653271641,-12.3093023086658
-16.6395253294837,45.7868672905634,-12.8768842301726
-16.5591760608992,45.5834681125802,-13.0256917244639
-16.6947181156996,45.8317115307826,-12.761699804936
-16.4864444914766,45.4458214768845,-12.5535875214254
-16.9118132099933,45.5125566856687,-12.6932721611505
-16.4448225243549,45.6579392018358,-12.6300456046872
-16.4156543153391,46.0734871856031,-13.0581134375372
-16.5345076181588,45.9339868525932,-13.2176012742626
-16.6324746427681,45.7224580871461,-12.9376555867088
-16.6245477389902,45.7723905016592,-12.4488100513007
-16.2535738395479,45.7163339863617,-12.8567033054771
-16.4119822256103,45.329461935352,-13.1209986923165
-16.3837751029635,45.8977233223446,-12.7370741723736
-16.7325563807042,45.8848677924629,-12.9644141952577
-16.7722624784004,45.922807538334,-12.8431684840731
-17.1139026827795,45.6472134440538,-13.7792675072616
-16.3788046288169,45.8375870557414,-14.0827379505016
-16.2067101904725,45.7571319656023,-12.5469027041368
-16.6188497331729,45.7878671753957,-13.1224937089278
-16.7237194457893,45.7008464695217,-13.2893060142683
-16.6281209564297,44.9580773621206,-13.1852138499149
-16.5354200929261,45.4392936881155,-13.3818915965793
-16.8099521740409,45.5526007117268,-13.6311913736781
-16.2344537266156,45.4956310756874,-13.1005818748029
-16.3431296716617,45.2769351699829,-12.93188198064
-16.9186603091715,45.1033065786632,-13.6166364033282
-16.3325747948292,45.3590676147298,-13.552193191588
-16.6302348009743,45.6949874705044,-14.3823558629464
-16.5677609107778,45.3065131559092,-13.6598199574202
-16.1336396058357,45.1236405137177,-13.3527788734111
-16.7183655488075,45.6291590609026,-14.0079423629973
-16.3889065056206,44.9432654056169,-13.8465193832846
-16.1202955064892,45.4891484159641,-13.6121470068142
-16.3033831831148,45.7395003936778,-13.8965777643831
-16.4763980001237,45.4891898523724,-13.7600136317041
-16.8364580725835,45.9536297156008,-14.0795689792341
-16.638481080986,45.6880604627896,-14.1064408092599
-16.5415496454673,44.8885777738213,-13.8411471789585
-16.7106890245224,45.6389362764376,-14.2098192758715
-16.6636247813822,46.1150534939368,-14.6208569529065
-16.3385882642381,45.3247566223706,-13.829897225585
-16.6984612267534,45.6084878758848,-13.7592672760379
-16.6122719751708,45.7651610007078,-14.0882596302109
-16.6294196159064,45.5708710574507,-14.2925626314529
-16.4196303753723,45.360522496401,-14.3599811178607
-16.5612194111106,45.037184473633,-14.4801427215848
-16.852571398228,44.771063410077,-14.7315121987145
-16.720966964751,45.6121507419281,-14.4549893491462
-16.422944432663,45.5645873775844,-14.8760701969581
-16.8014957697813,44.8686042937315,-14.5729841906599
-16.7893436414302,45.1932672192233,-14.7065847268623
-16.0307220364755,45.3038342799994,-14.8787740696963
-16.6906967219492,44.7299138455988,-14.5969104356514
-16.3776903829336,45.0593925532446,-14.9635730570815
-16.3826597523735,44.8749545405643,-14.5234142075278
-16.3394997907222,45.3652196666962,-14.8764449504259
-16.505997964044,45.9853953265856,-14.7307747954768
-16.4684445255827,45.0927106494495,-14.9177082021122
-17.4734787707552,44.8853781766549,-15.4225546466559
-16.7753328201837,44.9705638141205,-14.7089685635464
-16.8816785813826,45.0179523419335,-14.7264838655754
-16.9301770197317,45.4142274951625,-14.9101646520907
-16.9177835186784,45.502987463121,-15.0002512246606
-17.0958799092189,45.0424822274915,-15.1412286858781
-16.6042956024624,44.4874506320384,-15.018183409182
-16.5149383368734,44.9001678532454,-14.8063194615141
-16.5243341519203,44.8732808623632,-15.2693555593461
-16.6270520538303,45.0096529242931,-15.3921486733833
-16.1576012415477,44.9880611686336,-14.6249626882217
-16.9642066553107,45.1822196576521,-15.0814614546435
-16.4495903294064,45.4475839682471,-15.3599310290816
-17.0689950691805,44.8859090937773,-15.1846998189077
-16.6155903001553,45.017267437867,-15.6790067823722
-16.6600956017818,44.5809581198057,-14.9585038652597
-17.0871794172967,44.9956141761463,-15.5308457434056
-16.7731515899074,45.2208169626297,-15.5191903693321
-16.8332699946398,45.3898479716271,-14.8681912537358
-16.7892629783078,44.7946733263878,-15.3444673516844
-16.8833663968309,44.9644237905802,-15.2718326711567
-16.8825962886175,44.7249973564553,-15.4169954985823
-16.4928780588346,45.6478166908731,-15.0635621300856
-16.283802290635,44.6392114252967,-15.2514666959508
-16.7315465527491,45.1683360781432,-16.0504657754964
-16.4574581951136,45.4622654695978,-15.8338855924545
-16.28240621104,45.2485149818388,-16.0157347312508
-17.2564529514711,44.1494456547911,-15.3975666158615
-16.5316675972097,44.6955258969894,-15.6365994867061
-16.5601818301136,44.9801818296667,-15.9325396500366
-16.5030175306915,44.8129370056839,-15.6031216780633
-16.6087042094838,44.8498787953454,-16.1429888456189
-17.0709829744703,44.2841252493982,-15.9463076989765
-16.702309959747,44.9140648095678,-16.4125612758722
-16.638777586944,44.5935253430419,-16.3135533350942
-17.5164794413992,44.2351366019383,-16.0613426274901
-16.6272558748928,44.8912571990685,-16.386128170279
-16.3318346194272,44.4059507903814,-16.0426302603606
-16.7258627353868,44.3265333141671,-16.4875335738898
-16.7425829980654,45.0694042678308,-16.4200076486599
-16.2705640549799,45.0044910414241,-16.5840209784241
-16.9205464714216,44.8106265327411,-15.9210283513888
-16.6405588765852,44.6194965866787,-15.9220422532064
-16.8966805361907,44.2494035023813,-15.6163478016753
-16.5127396093813,43.9920625005994,-16.3715735086338
-16.4997077972511,44.6441862923976,-16.9293419748764
-16.3726097089592,44.7657209626327,-16.7378438218505
-16.9005888598199,44.2888646847211,-16.6064883321793
-16.7187105663141,44.3131541314775,-16.2903326227095
-17.5228531253163,44.8591879825002,-16.6802410171097
-17.0587137792929,44.0309271868272,-16.3416350650598
-16.8508222920963,44.6423575123108,-16.7874515642085
-16.8625052835581,44.218476168286,-16.5252081077264
-17.2876366274699,44.3176873438099,-16.8337097370696
-15.7763130850837,44.9574575988143,-16.3960648790809
-16.5127454997573,44.3687395532309,-16.8371263548409
-16.5624094072362,44.2907298356628,-16.875945088643
-17.0627773988568,44.2485601624076,-16.5203638758978
-16.0790290828298,44.8258544140174,-16.2318511485637
-16.8348330531085,44.1793916466621,-16.782380383966
-16.6621803739647,44.8209680580099,-16.6693188604991
-16.5651737980858,44.4012516163704,-16.7301131773576
-16.7354104408012,44.3184208279108,-17.0650547989952
-16.3435067962862,44.7852812584941,-17.4876999888973
-16.6110291514536,44.3594212227078,-16.9962092383978
-17.0455442074216,44.2425931639862,-16.7965816931409
-15.8068719877864,44.2243928216779,-16.9045885339493
-17.1379763018498,44.6559843479487,-16.6053100803393
-16.6396103514976,43.9254282654964,-16.8551303482788
-16.7310371827485,44.2551354429207,-16.9475041914939
-16.7372111341942,44.1589503811815,-16.7789901295104
-17.4849047983639,44.3252091834734,-16.7725563237268
-16.8592195530394,44.7016525144466,-17.4627442323163
-16.4679119653757,44.3027110551625,-16.9893099928886
-17.2847767524188,44.0949487738629,-17.2119760446002
-17.0191739358724,44.4236913567103,-17.407527485054
-16.9895558193764,43.8163227355685,-17.3009441836592
-16.9713527036689,43.908490786974,-17.852111741924
-16.3619796255186,43.8124971748615,-17.6563071596617
-16.9071600383271,43.9222432752427,-16.6990970062782
-16.6356973912355,44.1000969671383,-17.1900265707223
-16.7695156444426,44.2754389454992,-17.0854184082038
-16.7956294155993,44.6145383154753,-17.3309789131672
-17.1227488639195,43.5325458980863,-17.488740536361
-16.9101933949346,43.5938667917187,-16.9299458847879
-16.979578011645,44.0816542185438,-17.2130332304093
-16.5033312350027,44.3866171328917,-17.4168580741682
-16.8419082297766,44.0779388981597,-17.9885985236882
-16.5628663464378,43.6550563346818,-17.5140104011925
-16.3958135217184,44.0117884465752,-17.3096013653224
-16.089779715174,43.7349408996666,-17.2694301055359
-16.7597825269397,44.076592310581,-17.8594128518702
-16.6186725644605,43.8885252827316,-17.7379945970787
-16.3123491002343,43.5403186445544,-17.5376828227317
-16.5571868821153,44.349071910288,-17.6632024521826
-16.9940687623219,44.3870192611405,-18.1414997506303
-16.2573604440699,43.9390248989041,-17.5113106859232
-16.5398376353074,44.1763858600145,-18.0141375250074
-17.1025520800807,43.9541986540273,-17.5464761711274
-16.8612609440479,43.8306873979806,-17.949285802075
-16.3616136426819,43.9258307431516,-17.5800098682433
-16.0156603858877,43.7559961985748,-17.9652126881199
-16.8315863414481,44.2270581924792,-17.4497269755089
-16.7940951859558,44.0192564677279,-17.9921718975073
-16.4984105666447,43.6002145371067,-17.9769536679028
-16.7206363476438,43.8154642952142,-17.5898003423127
-16.6335336901963,44.0999495373572,-18.0241105607792
-16.6396738674667,44.0344394468722,-17.9899279785119
-16.6814981584118,44.2657363540432,-18.2021147769623
-16.7574275836307,44.3132756146236,-17.9529102303382
-16.8517989166893,43.7077573591555,-17.8490241335062
-16.6503839041828,43.7028737594104,-18.4345502576743
-16.8606554001395,43.2231490839517,-18.5230697242629
-16.8492767527654,43.6503151922434,-18.2789217485223
-17.270966100571,43.7127935085972,-17.9360318086614
-16.8905390772693,43.608302933044,-17.8513196733598
-16.8166241979686,44.1637555711809,-17.9736448448782
-16.4075975120814,43.7246105797281,-18.3843943737707
-16.4916996801459,43.9790702003186,-18.0013276760598
-16.7540963645916,43.5269978078207,-17.6735137829536
-17.2280873862049,43.2129912612414,-18.0690951015522
-16.192505795331,43.7867978584017,-18.191237409633
-17.348295392921,44.0191002922949,-17.9133389390539
-16.7476079554055,43.6813404930556,-18.1880277883793
-16.8956261630804,43.4953025063593,-18.0266422855174
-16.6309089688924,43.1266424678399,-18.3098402769733
-16.3205539660684,43.3330252139979,-18.5798778742078
-16.6534465233134,44.0108373453055,-18.681845140009
-16.7549041674842,44.2404025042213,-18.3756209946399
-16.7901277109458,43.595312260284,-18.6033286508634
-17.0588664814371,43.7858620606926,-18.4497674418194
-16.5043350162805,43.1866689466186,-18.6439729978992
-16.7027858301774,43.3936625218988,-18.4674641158737
-16.6308287335787,43.6731203301214,-18.3257045791102
-17.0456650759463,43.5988931984926,-19.035127231683
-16.7920879073577,43.3779401365626,-18.5011862289283
-16.8193420444715,44.2274462409077,-18.6810217283367
-16.7527789603151,43.5938992849735,-18.906906353461
-16.8438117518776,43.7160457688419,-18.8828484480825
-17.0052093703559,44.0897398467996,-18.1948174570707
-16.8891179980506,43.6406494556772,-18.5369590733393
-16.9233016933682,43.6426876228798,-18.4242224014667
-17.3865603123732,43.7573294727249,-18.2080356448757
-16.6349880300284,43.7893521134605,-18.4366137713863
-16.6414437291657,43.503054525234,-18.8921490425586
-16.7679864389903,43.3358974644012,-18.2770515227594
-17.2488173815156,43.584058748733,-18.2527896773993
-16.6913746445571,43.3311122383954,-18.8474413690808
-16.8517182305709,43.5308518808354,-19.178722511084
-16.6744019899768,43.6826335329942,-18.4503859139439
-16.6820370481784,42.8778107489195,-18.4735564935714
-16.6958844677432,43.4206827115851,-18.7953982578808
-17.02266055797,43.727850208071,-19.0068385123472
-16.8196896182482,43.4808896631712,-18.9144178388975
-16.3966407351638,44.1266818897778,-19.2651032695535
-16.2908590293106,43.2126572515484,-18.9479463306313
-16.6840247696424,43.19026363639,-18.3975890577459
-16.7047489030893,43.3904544586381,-18.4697315411489
-16.8627828869808,43.7518625222698,-19.0403335615452
-16.94184426106,43.4955800011953,-18.7269885988029
-17.1772820580763,43.646409641686,-19.1476331864947
-16.7982353069388,43.8077032899362,-18.9698303138329
-16.9319640596939,43.2476556950082,-19.0062917756835
-17.0472399941102,43.429457641416,-19.2420797562493
-16.9211402540736,43.3831343574574,-18.9202522368624
-17.6408403776756,42.773710378148,-19.1491547035215
-16.7439658760285,43.6020801463252,-18.677467321981
-16.7727211093588,43.2761896520453,-18.903394513667
-16.4170440169212,42.8337435044007,-18.5254584569507
-17.1266796739758,42.8628245385768,-18.5710063807482
-17.1707355731657,43.1975617916729,-19.3034078653371
-16.6528149699476,43.7681906606284,-19.241211760916
-16.3233719767616,42.9444982052783,-19.1168833913866
-16.804037623801,43.4175114429565,-19.362918795322
-16.8615261390789,43.4180833345196,-19.5562395206389
-17.0612326945561,43.5349604027927,-19.4081809423673
-16.6575928624938,43.0639409363841,-19.4459251333704
-17.0915843976053,43.7041267097314,-19.2090485539923
-16.8128312683324,44.0204515637651,-19.6585118576731
-16.5763086256284,42.8517291021036,-19.3585352655883
-17.1461611733661,43.1210462781672,-19.5175739727616
-16.9091526266117,43.5589927987755,-19.2357776070905
-16.7692230124452,43.41083284307,-18.4614992408688
-16.8511026731984,43.4182155969041,-18.7930140559065
-17.0484418119252,43.6269706037835,-19.3707712600745
-16.5223354664972,42.9973767030652,-19.261002801835
-16.6687937616301,43.3207944898369,-19.5933421273138
-16.2467120062563,43.7151751223503,-19.6660990048222
-16.7495983637647,42.8316059223604,-19.3341612785717
-16.7332457545684,43.5952429796137,-19.1046891832943
-16.7993189257554,43.2853126065573,-19.2313503538643
-17.0735166773737,43.546625505531,-19.3585189376228
-16.8459668808541,43.0838375941886,-19.5175787498561
-16.9864857508299,43.0144392172436,-19.7350227436831
-16.863876344417,43.535685805865,-19.3616066110167
-16.4003985942358,43.4496234535717,-19.7352079062573
-16.6235563549544,43.1152163790962,-19.249379556338
-17.103750346349,44.1254651313393,-19.4614265883411
-16.9388570558825,43.0693421789393,-19.2152277562694
-16.8124458646466,43.3649362327203,-19.5231034536816
-17.1130698878115,43.0924785499162,-19.651251758166
-16.5160963334394,43.5556412745113,-18.9876390436428
-16.7243298128818,42.9799629974394,-19.4695554795214
-17.2013214933524,43.150305858161,-19.6220104900668
-17.2623551416985,43.1892769173224,-19.6127554534668
-17.1567765467909,42.7282087655598,-19.345057651225
-16.865771849945,43.0832997405914,-19.6674778678799
-17.0181215918005,42.8045245046791,-19.5051463198366
-17.3020566204969,42.9800030206157,-19.1032684907298
-17.2975779546992,42.9799776022513,-19.2340765730187
-17.1779247263117,43.1943377436182,-19.8684589911741
-16.6026536638288,42.4548030881205,-19.7655256095677
-16.92421140051,43.0473340180105,-19.7584864285321
-16.6109431147921,43.3564211317491,-19.9995322347383
-17.042123667178,42.787006410209,-19.6829476398972
-17.2107584092287,43.4929530541231,-20.1516121204126
-16.9633473696562,42.3946031047596,-19.8842512878852
-16.6361723021025,43.0942176786992,-19.573955757714
-16.6825231583215,43.0806832373672,-19.9232205693797
-17.1398319752834,43.1246024252601,-19.1561875448845
-16.8221811128044,43.0049184757413,-19.4357358278997
-16.8370938171612,43.6271060756289,-19.9466256712138
-16.9299137363853,42.3433716796586,-19.5259590478999
-17.0544226623599,43.3335674330828,-19.2778572003854
-16.0653274143904,43.2392772086685,-19.8322518365551
-16.9786906427737,43.241348934193,-20.1887906591558
-17.1400645600803,43.1805813129338,-20.1430701308157
-16.7075877042713,43.068494067568,-20.1037420020715
-16.635091080823,42.8023268583225,-19.9870735050688
-17.3160559836724,43.2359325026773,-20.2235497021014
-16.8539155701194,42.9700359246354,-19.7307229039275
-16.4515036026288,42.9631459126354,-20.1329454117945
-16.3955532393608,42.566435008774,-19.2914360623002
-16.8197637994494,43.8594161085696,-19.3302664606998
-16.8096488694244,42.9593407379526,-19.945270501482
-17.1309299432158,43.6114330369008,-20.0631101442373
-17.3890126304568,43.2509245087242,-19.4874640697621
-16.511842577831,42.9391781321713,-19.6631242028878
-16.9627354589466,43.2305470029198,-19.4234714884903
-17.275292260425,43.0154000020515,-19.5459445237641
-17.1889337540278,42.7665811178316,-19.9779189127591
-17.0423715592857,43.3124748885185,-19.6749325309215
-16.9793676732567,43.2830183852375,-19.7278614663567
-17.0193702425474,42.9947460421026,-19.5818233837591
-17.040866368692,43.2707711174465,-19.4982290755959
-17.7605545923031,42.9992537182406,-19.4861179362614
-17.044194124013,42.9270252062018,-19.5290488248986
-17.1665628597089,42.707605194049,-19.6313335905213
-17.1011805760774,43.1467973178469,-19.1468778473507
-17.1004978908196,42.6230354490855,-19.0287163914948
-16.9189842585991,43.0195866559008,-20.1767176377616
-16.7162192210638,42.9965167324208,-20.4118968651655
-16.9504054806187,42.9555368588746,-19.3525069706535
-16.6959708416137,42.6103387983664,-19.8435061045228
-17.2824058857366,43.0209320620404,-19.6598856771696
-17.1720622358778,43.1341939368882,-19.8096393107578
-17.4122588095151,42.7787221666205,-20.0389108268043
-16.8704486395222,42.675966588803,-19.6480528719623
-17.080767410696,43.2862364372125,-19.5227005857848
-16.2427053544796,43.5736349495009,-19.8144354757946
-16.8984309468449,42.7857819713074,-19.9283278116215
-16.4369896756789,42.9010244505567,-19.4962886676619
-17.089064491476,43.4239129893592,-19.2529558130967
-17.234117552361,43.1401918864307,-20.2562615116644
-17.0214555188236,42.9683255043251,-19.5111172652626
-16.8914223519918,43.0614144498042,-20.1904123906149
-16.8752583463188,42.5556216919211,-19.8319797364801
-17.089979824707,42.5912743701012,-19.8934462883795
-17.0435650988087,43.1336651632553,-19.4256833159685
-17.4995366015608,43.5416292982676,-19.6264156960924
-16.7611118761934,43.0926781372667,-19.2731110267594
-17.5014029667688,42.7948935523756,-19.8858879135793
-17.1808979098725,43.1474460124574,-19.884716073261
