velocity,height,K11,K12,K13,K14,K15,K16,K21,K22,K23,K24,K25,K26,K31,K32,K33,K34,K35,K36,K41,K42,K43,K44,K45,K46
0.1,10.0,-5.000000e-01,-2.013775e-14,7.071068e-01,-4.159608e+00,8.921838e-12,1.067648e+01,-5.000000e-01,7.071068e-01,-2.286397e-15,-4.159608e+00,1.067648e+01,1.906900e-12,-5.000000e-01,1.699430e-14,-7.071068e-01,-4.159608e+00,-2.049824e-12,-1.067648e+01,-5.000000e-01,-7.071068e-01,3.678234e-15,-4.159608e+00,-1.067648e+01,-2.075978e-12
0.1,35.0,-5.000000e-01,-1.030658e-14,7.071068e-01,-4.164762e+00,-9.152113e-13,1.070209e+01,-5.000000e-01,7.071068e-01,-1.696405e-14,-4.164762e+00,1.070209e+01,-1.231625e-12,-5.000000e-01,3.658371e-14,-7.071068e-01,-4.164762e+00,1.379833e-12,-1.070209e+01,-5.000000e-01,-7.071068e-01,6.895767e-15,-4.164762e+00,-1.070209e+01,2.961561e-12
0.1,60.0,-5.000000e-01,3.214792e-15,7.071068e-01,-4.169924e+00,-7.718507e-12,1.072777e+01,-5.000000e-01,7.071068e-01,7.171157e-15,-4.169924e+00,1.072777e+01,1.313859e-12,-5.000000e-01,-9.449539e-15,-7.071068e-01,-4.169924e+00,-4.492665e-13,-1.072777e+01,-5.000000e-01,-7.071068e-01,-4.394527e-15,-4.169924e+00,-1.072777e+01,-1.035619e-12
0.1,85.0,-5.000000e-01,6.642850e-15,7.071068e-01,-4.175096e+00,1.593142e-11,1.075353e+01,-5.000000e-01,7.071068e-01,-9.447104e-15,-4.175096e+00,1.075353e+01,1.540193e-12,-5.000000e-01,5.156950e-15,-7.071068e-01,-4.175096e+00,-7.851416e-12,-1.075353e+01,-5.000000e-01,-7.071068e-01,8.750460e-15,-4.175096e+00,-1.075353e+01,-1.705036e-12
0.1,110.0,-5.000000e-01,8.363808e-15,7.071068e-01,-4.180278e+00,3.774850e-12,1.077937e+01,-5.000000e-01,7.071068e-01,-2.577835e-15,-4.180278e+00,1.077937e+01,1.078030e-12,-5.000000e-01,-7.667679e-15,-7.071068e-01,-4.180278e+00,-2.741727e-12,-1.077937e+01,-5.000000e-01,-7.071068e-01,-7.855102e-15,-4.180278e+00,-1.077937e+01,-2.400493e-12
0.1,135.0,-5.000000e-01,3.111263e-15,7.071068e-01,-4.185468e+00,-8.589232e-12,1.080528e+01,-5.000000e-01,7.071068e-01,2.493620e-15,-4.185468e+00,1.080528e+01,-1.337458e-12,-5.000000e-01,-2.284834e-14,-7.071068e-01,-4.185468e+00,-2.973534e-13,-1.080528e+01,-5.000000e-01,-7.071068e-01,6.063273e-15,-4.185468e+00,-1.080528e+01,4.348242e-12
0.1,160.0,-5.000000e-01,1.402559e-14,7.071068e-01,-4.190668e+00,-5.335190e-13,1.083127e+01,-5.000000e-01,7.071068e-01,-7.453738e-15,-4.190668e+00,1.083127e+01,1.327583e-12,-5.000000e-01,-6.324293e-15,-7.071068e-01,-4.190668e+00,-3.212360e-12,-1.083127e+01,-5.000000e-01,-7.071068e-01,-1.807643e-15,-4.190668e+00,-1.083127e+01,-3.956686e-13
0.1,185.0,-5.000000e-01,0.000000e+00,7.071068e-01,-4.195877e+00,5.413243e-12,1.085734e+01,-5.000000e-01,7.071068e-01,5.709286e-16,-4.195877e+00,1.085734e+01,-1.576658e-12,-5.000000e-01,2.999985e-15,-7.071068e-01,-4.195877e+00,-2.062161e-12,-1.085734e+01,-5.000000e-01,-7.071068e-01,-1.351490e-14,-4.195877e+00,-1.085734e+01,2.995212e-12
0.1,210.0,-5.000000e-01,1.011041e-15,7.071068e-01,-4.201095e+00,1.962718e-12,1.088348e+01,-5.000000e-01,7.071068e-01,-1.793626e-16,-4.201095e+00,1.088348e+01,7.341098e-13,-5.000000e-01,-1.451791e-15,-7.071068e-01,-4.201095e+00,-2.118590e-12,-1.088348e+01,-5.000000e-01,-7.071068e-01,2.290322e-15,-4.201095e+00,-1.088348e+01,-6.043975e-13
0.1,235.0,-5.000000e-01,-2.538755e-16,7.071068e-01,-4.206323e+00,-5.652053e-12,1.090970e+01,-5.000000e-01,7.071068e-01,1.291485e-14,-4.206323e+00,1.090970e+01,-8.012600e-13,-5.000000e-01,1.607878e-15,-7.071068e-01,-4.206323e+00,5.144258e-12,-1.090970e+01,-5.000000e-01,-7.071068e-01,-1.103050e-14,-4.206323e+00,-1.090970e+01,7.181550e-13
0.1,260.0,-5.000000e-01,-9.718556e-15,7.071068e-01,-4.211560e+00,-2.455383e-12,1.093601e+01,-5.000000e-01,7.071068e-01,1.871695e-15,-4.211560e+00,1.093601e+01,-7.600058e-13,-5.000000e-01,1.120609e-14,-7.071068e-01,-4.211560e+00,2.150389e-12,-1.093601e+01,-5.000000e-01,-7.071068e-01,-3.143312e-15,-4.211560e+00,-1.093601e+01,6.801843e-13
0.1,285.0,-5.000000e-01,2.884208e-14,7.071068e-01,-4.216807e+00,-7.461031e-12,1.096238e+01,-5.000000e-01,7.071068e-01,1.119898e-14,-4.216807e+00,1.096238e+01,1.195772e-12,-5.000000e-01,-2.691557e-14,-7.071068e-01,-4.216807e+00,7.595662e-12,-1.096238e+01,-5.000000e-01,-7.071068e-01,-9.109263e-15,-4.216807e+00,-1.096238e+01,-1.135878e-12
0.1,310.0,-5.000000e-01,-8.688089e-15,7.071068e-01,-4.222062e+00,-8.007235e-12,1.098884e+01,-5.000000e-01,7.071068e-01,1.449644e-14,-4.222062e+00,1.098884e+01,-9.342999e-13,-5.000000e-01,1.207187e-14,-7.071068e-01,-4.222062e+00,8.387798e-12,-1.098884e+01,-5.000000e-01,-7.071068e-01,-1.260506e-14,-4.222062e+00,-1.098884e+01,7.739670e-13
0.1,335.0,-5.000000e-01,-8.958370e-15,7.071068e-01,-4.227328e+00,2.855280e-12,1.101538e+01,-5.000000e-01,7.071068e-01,-2.617442e-15,-4.227328e+00,1.101538e+01,6.883319e-14,-5.000000e-01,8.294506e-15,-7.071068e-01,-4.227328e+00,-2.929523e-12,-1.101538e+01,-5.000000e-01,-7.071068e-01,7.948507e-16,-4.227328e+00,-1.101538e+01,6.024019e-14
0.1,360.0,-5.000000e-01,6.380508e-15,7.071068e-01,-4.232603e+00,-4.664873e-12,1.104199e+01,-5.000000e-01,7.071068e-01,9.728961e-16,-4.232603e+00,1.104199e+01,4.633703e-13,-5.000000e-01,-6.469126e-15,-7.071068e-01,-4.232603e+00,4.641275e-12,-1.104199e+01,-5.000000e-01,-7.071068e-01,-7.066805e-16,-4.232603e+00,-1.104199e+01,-5.483475e-13
0.1,385.0,-5.000000e-01,-1.942531e-14,7.071068e-01,-4.237887e+00,-2.850139e-12,1.106869e+01,-5.000000e-01,7.071068e-01,6.716341e-15,-4.237887e+00,1.106869e+01,7.257418e-13,-5.000000e-01,1.932570e-14,-7.071068e-01,-4.237887e+00,2.700058e-12,-1.106869e+01,-5.000000e-01,-7.071068e-01,-1.002471e-14,-4.237887e+00,-1.106869e+01,-7.326825e-13
0.1,410.0,-5.000000e-01,-1.886584e-15,7.071068e-01,-4.243181e+00,3.524167e-12,1.109546e+01,-5.000000e-01,7.071068e-01,1.108000e-14,-4.243181e+00,1.109546e+01,8.289249e-14,-5.000000e-01,-1.278781e-15,-7.071068e-01,-4.243181e+00,-3.872061e-12,-1.109546e+01,-5.000000e-01,-7.071068e-01,-1.479488e-14,-4.243181e+00,-1.109546e+01,-6.798331e-14
0.1,435.0,-5.000000e-01,8.683112e-15,7.071068e-01,-4.248484e+00,6.986335e-12,1.112231e+01,-5.000000e-01,7.071068e-01,-7.300149e-15,-4.248484e+00,1.112231e+01,-8.719113e-13,-5.000000e-01,-1.028485e-14,-7.071068e-01,-4.248484e+00,-6.973650e-12,-1.112231e+01,-5.000000e-01,-7.071068e-01,8.530632e-15,-4.248484e+00,-1.112231e+01,8.530978e-13
0.1,460.0,-5.000000e-01,1.395103e-14,7.071068e-01,-4.253797e+00,4.146544e-12,1.114925e+01,-5.000000e-01,7.071068e-01,-8.606726e-15,-4.253797e+00,1.114925e+01,1.284007e-12,-5.000000e-01,-1.433102e-14,-7.071068e-01,-4.253797e+00,-4.630905e-12,-1.114925e+01,-5.000000e-01,-7.071068e-01,9.651267e-15,-4.253797e+00,-1.114925e+01,-8.870894e-13
0.1,485.0,-5.000000e-01,-2.969626e-15,7.071068e-01,-4.259119e+00,-1.669611e-12,1.117626e+01,-5.000000e-01,7.071068e-01,7.294049e-15,-4.259119e+00,1.117626e+01,-5.113869e-14,-5.000000e-01,3.545822e-15,-7.071068e-01,-4.259119e+00,1.434038e-12,-1.117626e+01,-5.000000e-01,-7.071068e-01,-9.422812e-15,-4.259119e+00,-1.117626e+01,-1.301544e-13
0.1,510.0,-5.000000e-01,6.517138e-15,7.071068e-01,-4.264451e+00,3.138105e-12,1.120336e+01,-5.000000e-01,7.071068e-01,-3.450023e-15,-4.264451e+00,1.120336e+01,-3.365537e-13,-5.000000e-01,-6.618968e-15,-7.071068e-01,-4.264451e+00,-3.663664e-12,-1.120336e+01,-5.000000e-01,-7.071068e-01,5.313415e-15,-4.264451e+00,-1.120336e+01,3.970445e-13
0.1,535.0,-5.000000e-01,2.731297e-15,7.071068e-01,-4.269793e+00,-2.532460e-12,1.123053e+01,-5.000000e-01,7.071068e-01,5.569691e-15,-4.269793e+00,1.123053e+01,1.145298e-12,-5.000000e-01,-2.678773e-15,-7.071068e-01,-4.269793e+00,2.695511e-12,-1.123053e+01,-5.000000e-01,-7.071068e-01,-3.121637e-15,-4.269793e+00,-1.123053e+01,-1.139211e-12
0.1,560.0,-5.000000e-01,5.573180e-15,7.071068e-01,-4.275144e+00,2.705324e-12,1.125779e+01,-5.000000e-01,7.071068e-01,9.632367e-15,-4.275144e+00,1.125779e+01,1.076189e-12,-5.000000e-01,-5.918629e-15,-7.071068e-01,-4.275144e+00,-2.841291e-12,-1.125779e+01,-5.000000e-01,-7.071068e-01,-8.924477e-15,-4.275144e+00,-1.125779e+01,-8.835596e-13
0.1,585.0,-5.000000e-01,4.695302e-15,7.071068e-01,-4.280505e+00,-6.030209e-12,1.128513e+01,-5.000000e-01,7.071068e-01,4.748722e-15,-4.280505e+00,1.128513e+01,-1.258389e-12,-5.000000e-01,-4.335916e-15,-7.071068e-01,-4.280505e+00,5.976083e-12,-1.128513e+01,-5.000000e-01,-7.071068e-01,-2.374361e-15,-4.280505e+00,-1.128513e+01,9.086972e-13
0.1,610.0,-5.000000e-01,-4.532835e-16,7.071068e-01,-4.285876e+00,-5.761988e-12,1.131255e+01,-5.000000e-01,7.071068e-01,1.133866e-14,-4.285876e+00,1.131255e+01,-4.691736e-12,-5.000000e-01,1.016766e-15,-7.071068e-01,-4.285876e+00,5.513793e-12,-1.131255e+01,-5.000000e-01,-7.071068e-01,-1.035722e-14,-4.285876e+00,-1.131255e+01,4.905988e-12
0.1,635.0,-5.000000e-01,6.040579e-16,7.071068e-01,-4.291256e+00,5.425827e-12,1.134005e+01,-5.000000e-01,7.071068e-01,-1.263997e-14,-4.291256e+00,1.134005e+01,6.947181e-13,-5.000000e-01,-1.711497e-15,-7.071068e-01,-4.291256e+00,-5.587807e-12,-1.134005e+01,-5.000000e-01,-7.071068e-01,1.105670e-14,-4.291256e+00,-1.134005e+01,-8.879047e-13
0.1,660.0,-5.000000e-01,2.217467e-15,7.071068e-01,-4.296647e+00,1.129118e-11,1.136764e+01,-5.000000e-01,7.071068e-01,-1.472259e-14,-4.296647e+00,1.136764e+01,-2.394330e-12,-5.000000e-01,-2.639842e-15,-7.071068e-01,-4.296647e+00,-1.102973e-11,-1.136764e+01,-5.000000e-01,-7.071068e-01,1.372495e-14,-4.296647e+00,-1.136764e+01,2.144184e-12
0.1,685.0,-5.000000e-01,6.419192e-15,7.071068e-01,-4.302046e+00,6.482920e-12,1.139531e+01,-5.000000e-01,7.071068e-01,-2.702236e-14,-4.302046e+00,1.139531e+01,-3.672123e-13,-5.000000e-01,-5.633864e-15,-7.071068e-01,-4.302046e+00,-6.160926e-12,-1.139531e+01,-5.000000e-01,-7.071068e-01,2.673953e-14,-4.302046e+00,-1.139531e+01,2.077432e-13
0.1,710.0,-5.000000e-01,-5.298187e-15,7.071068e-01,-4.307456e+00,-8.371234e-12,1.142306e+01,-5.000000e-01,7.071068e-01,2.906976e-14,-4.307456e+00,1.142306e+01,-3.407741e-13,-5.000000e-01,4.285928e-15,-7.071068e-01,-4.307456e+00,8.282467e-12,-1.142306e+01,-5.000000e-01,-7.071068e-01,-2.859432e-14,-4.307456e+00,-1.142306e+01,4.494605e-13
0.1,735.0,-5.000000e-01,1.827469e-14,7.071068e-01,-4.312875e+00,-8.142585e-12,1.145090e+01,-5.000000e-01,7.071068e-01,-3.539934e-14,-4.312875e+00,1.145090e+01,8.778123e-13,-5.000000e-01,-1.904940e-14,-7.071068e-01,-4.312875e+00,8.257296e-12,-1.145090e+01,-5.000000e-01,-7.071068e-01,3.565814e-14,-4.312875e+00,-1.145090e+01,-1.058858e-12
0.1,760.0,-5.000000e-01,8.386717e-15,7.071068e-01,-4.318305e+00,1.509603e-12,1.147881e+01,-5.000000e-01,7.071068e-01,-3.834793e-16,-4.318305e+00,1.147881e+01,1.020753e-12,-5.000000e-01,-8.440478e-15,-7.071068e-01,-4.318305e+00,-1.499767e-12,-1.147881e+01,-5.000000e-01,-7.071068e-01,1.287899e-15,-4.318305e+00,-1.147881e+01,-8.685415e-13
0.1,785.0,-5.000000e-01,1.113181e-14,7.071068e-01,-4.323744e+00,6.555410e-13,1.150682e+01,-5.000000e-01,7.071068e-01,-8.583218e-15,-4.323744e+00,1.150682e+01,-2.252781e-12,-5.000000e-01,-1.101761e-14,-7.071068e-01,-4.323744e+00,-9.618632e-13,-1.150682e+01,-5.000000e-01,-7.071068e-01,7.281635e-15,-4.323744e+00,-1.150682e+01,1.957624e-12
0.1,810.0,-5.000000e-01,1.331685e-14,7.071068e-01,-4.329193e+00,-7.631334e-12,1.153490e+01,-5.000000e-01,7.071068e-01,8.711948e-15,-4.329193e+00,1.153490e+01,-1.382038e-12,-5.000000e-01,-1.351269e-14,-7.071068e-01,-4.329193e+00,7.347009e-12,-1.153490e+01,-5.000000e-01,-7.071068e-01,-8.038874e-15,-4.329193e+00,-1.153490e+01,1.159265e-12
0.1,835.0,-5.000000e-01,-1.954352e-14,7.071068e-01,-4.334652e+00,9.773585e-12,1.156308e+01,-5.000000e-01,7.071068e-01,-1.646592e-14,-4.334652e+00,1.156308e+01,1.386859e-12,-5.000000e-01,2.049136e-14,-7.071068e-01,-4.334652e+00,-9.952275e-12,-1.156308e+01,-5.000000e-01,-7.071068e-01,1.525946e-14,-4.334652e+00,-1.156308e+01,-1.040721e-12
0.1,860.0,-5.000000e-01,-3.444395e-15,7.071068e-01,-4.340120e+00,3.645281e-12,1.159133e+01,-5.000000e-01,7.071068e-01,-1.591774e-15,-4.340120e+00,1.159133e+01,2.344129e-12,-5.000000e-01,2.384327e-15,-7.071068e-01,-4.340120e+00,-4.222633e-12,-1.159133e+01,-5.000000e-01,-7.071068e-01,2.753338e-15,-4.340120e+00,-1.159133e+01,-2.469285e-12
0.1,885.0,-5.000000e-01,-6.225322e-14,7.071068e-01,-4.345599e+00,-9.744231e-12,1.161967e+01,-5.000000e-01,7.071068e-01,2.181017e-14,-4.345599e+00,1.161967e+01,-3.353639e-12,-5.000000e-01,6.192208e-14,-7.071068e-01,-4.345599e+00,9.350572e-12,-1.161967e+01,-5.000000e-01,-7.071068e-01,-2.058962e-14,-4.345599e+00,-1.161967e+01,3.281085e-12
2.6,10.0,-5.000000e-01,-6.421770e-15,7.071068e-01,-5.194200e-01,1.423238e-13,4.134356e-01,-5.000000e-01,7.071068e-01,4.095906e-15,-5.194200e-01,4.134356e-01,2.033731e-13,-5.000000e-01,3.754161e-15,-7.071068e-01,-5.194200e-01,-9.143018e-14,-4.134356e-01,-5.000000e-01,-7.071068e-01,-3.832060e-15,-5.194200e-01,-4.134356e-01,-1.643389e-13
2.6,35.0,-5.000000e-01,-1.554868e-16,7.071068e-01,-5.194830e-01,-4.182989e-13,4.144205e-01,-5.000000e-01,7.071068e-01,5.340568e-15,-5.194830e-01,4.144205e-01,1.663013e-13,-5.000000e-01,2.084885e-15,-7.071068e-01,-5.194830e-01,4.857104e-13,-4.144205e-01,-5.000000e-01,-7.071068e-01,-3.187155e-15,-5.194830e-01,-4.144205e-01,-9.892663e-14
2.6,60.0,-5.000000e-01,-3.454917e-15,7.071068e-01,-5.195463e-01,-2.293367e-13,4.154083e-01,-5.000000e-01,7.071068e-01,4.154827e-14,-5.195463e-01,4.154083e-01,-3.434353e-14,-5.000000e-01,7.571363e-15,-7.071068e-01,-5.195463e-01,1.381607e-13,-4.154083e-01,-5.000000e-01,-7.071068e-01,-1.967185e-14,-5.195463e-01,-4.154083e-01,3.873116e-14
2.6,85.0,-5.000000e-01,-1.299396e-15,7.071068e-01,-5.196097e-01,2.193258e-14,4.163990e-01,-5.000000e-01,7.071068e-01,2.654302e-15,-5.196097e-01,4.163990e-01,1.434251e-13,-5.000000e-01,9.995354e-16,-7.071068e-01,-5.196097e-01,-1.246552e-14,-4.163990e-01,-5.000000e-01,-7.071068e-01,-5.412063e-16,-5.196097e-01,-4.163990e-01,-2.237680e-13
2.6,110.0,-5.000000e-01,-2.628340e-15,7.071068e-01,-5.196733e-01,2.115050e-13,4.173927e-01,-5.000000e-01,7.071068e-01,-3.963951e-15,-5.196733e-01,4.173927e-01,-5.401829e-14,-5.000000e-01,-1.543412e-16,-7.071068e-01,-5.196733e-01,-3.156827e-13,-4.173927e-01,-5.000000e-01,-7.071068e-01,1.401405e-15,-5.196733e-01,-4.173927e-01,-1.378098e-14
2.6,135.0,-5.000000e-01,1.850815e-15,7.071068e-01,-5.197370e-01,-1.883394e-13,4.183893e-01,-5.000000e-01,7.071068e-01,9.567440e-15,-5.197370e-01,4.183893e-01,2.168847e-13,-5.000000e-01,-4.116935e-15,-7.071068e-01,-5.197370e-01,1.370171e-13,-4.183893e-01,-5.000000e-01,-7.071068e-01,-4.199355e-16,-5.197370e-01,-4.183893e-01,-5.740546e-14
2.6,160.0,-5.000000e-01,-3.924014e-16,7.071068e-01,-5.198010e-01,-1.191318e-13,4.193889e-01,-5.000000e-01,7.071068e-01,8.523609e-15,-5.198010e-01,4.193889e-01,-2.941779e-14,-5.000000e-01,-2.452508e-15,-7.071068e-01,-5.198010e-01,8.581049e-14,-4.193889e-01,-5.000000e-01,-7.071068e-01,-6.086881e-15,-5.198010e-01,-4.193889e-01,3.073615e-14
2.6,185.0,-5.000000e-01,3.883123e-14,7.071068e-01,-5.198651e-01,1.904075e-13,4.203914e-01,-5.000000e-01,7.071068e-01,-6.148239e-15,-5.198651e-01,4.203914e-01,-5.200189e-14,-5.000000e-01,-3.219558e-14,-7.071068e-01,-5.198651e-01,-6.560572e-14,-4.203914e-01,-5.000000e-01,-7.071068e-01,1.272348e-14,-5.198651e-01,-4.203914e-01,6.744594e-15
2.6,210.0,-5.000000e-01,-1.138006e-14,7.071068e-01,-5.199295e-01,1.379988e-13,4.213969e-01,-5.000000e-01,7.071068e-01,1.761160e-15,-5.199295e-01,4.213969e-01,1.046518e-13,-5.000000e-01,9.045517e-15,-7.071068e-01,-5.199295e-01,-8.016538e-14,-4.213969e-01,-5.000000e-01,-7.071068e-01,-4.626198e-15,-5.199295e-01,-4.213969e-01,-1.758366e-13
2.6,235.0,-5.000000e-01,-8.354922e-15,7.071068e-01,-5.199940e-01,5.992806e-13,4.224054e-01,-5.000000e-01,7.071068e-01,5.372176e-15,-5.199940e-01,4.224054e-01,8.529935e-15,-5.000000e-01,6.333131e-15,-7.071068e-01,-5.199940e-01,-6.088893e-13,-4.224054e-01,-5.000000e-01,-7.071068e-01,-3.709688e-15,-5.199940e-01,-4.224054e-01,1.289542e-13
2.6,260.0,-5.000000e-01,-6.839082e-15,7.071068e-01,-5.200586e-01,-1.240088e-14,4.234169e-01,-5.000000e-01,7.071068e-01,2.233865e-15,-5.200586e-01,4.234169e-01,-4.592958e-14,-5.000000e-01,5.963788e-15,-7.071068e-01,-5.200586e-01,-1.299105e-13,-4.234169e-01,-5.000000e-01,-7.071068e-01,-3.716212e-15,-5.200586e-01,-4.234169e-01,-1.507637e-14
2.6,285.0,-5.000000e-01,3.179329e-15,7.071068e-01,-5.201235e-01,-6.121068e-15,4.244314e-01,-5.000000e-01,7.071068e-01,9.912563e-15,-5.201235e-01,4.244314e-01,9.700071e-15,-5.000000e-01,-2.066790e-15,-7.071068e-01,-5.201235e-01,7.421835e-14,-4.244314e-01,-5.000000e-01,-7.071068e-01,-5.044164e-15,-5.201235e-01,-4.244314e-01,-1.225090e-14
2.6,310.0,-5.000000e-01,-1.379191e-14,7.071068e-01,-5.201886e-01,-5.217323e-13,4.254490e-01,-5.000000e-01,7.071068e-01,5.989736e-15,-5.201886e-01,4.254490e-01,6.624968e-14,-5.000000e-01,2.028169e-14,-7.071068e-01,-5.201886e-01,5.530772e-13,-4.254490e-01,-5.000000e-01,-7.071068e-01,-8.917491e-15,-5.201886e-01,-4.254490e-01,-2.237763e-13
2.6,335.0,-5.000000e-01,6.460332e-15,7.071068e-01,-5.202538e-01,-1.803457e-13,4.264695e-01,-5.000000e-01,7.071068e-01,3.326821e-15,-5.202538e-01,4.264695e-01,-1.279758e-13,-5.000000e-01,-4.833899e-15,-7.071068e-01,-5.202538e-01,1.917193e-13,-4.264695e-01,-5.000000e-01,-7.071068e-01,-4.228369e-16,-5.202538e-01,-4.264695e-01,3.406774e-13
2.6,360.0,-5.000000e-01,5.335905e-15,7.071068e-01,-5.203193e-01,1.333710e-13,4.274931e-01,-5.000000e-01,7.071068e-01,3.537425e-15,-5.203193e-01,4.274931e-01,9.308358e-14,-5.000000e-01,-4.126706e-15,-7.071068e-01,-5.203193e-01,-3.109235e-13,-4.274931e-01,-5.000000e-01,-7.071068e-01,-4.408029e-15,-5.203193e-01,-4.274931e-01,-3.240918e-14
2.6,385.0,-5.000000e-01,-3.479986e-15,7.071068e-01,-5.203849e-01,1.367451e-13,4.285198e-01,-5.000000e-01,7.071068e-01,1.919079e-14,-5.203849e-01,4.285198e-01,1.708278e-13,-5.000000e-01,4.448666e-15,-7.071068e-01,-5.203849e-01,-1.232956e-13,-4.285198e-01,-5.000000e-01,-7.071068e-01,-6.780602e-15,-5.203849e-01,-4.285198e-01,1.137960e-13
2.6,410.0,-5.000000e-01,7.072775e-16,7.071068e-01,-5.204507e-01,2.576893e-13,4.295495e-01,-5.000000e-01,7.071068e-01,-1.935928e-16,-5.204507e-01,4.295495e-01,5.155626e-14,-5.000000e-01,1.450826e-15,-7.071068e-01,-5.204507e-01,-1.000247e-13,-4.295495e-01,-5.000000e-01,-7.071068e-01,-4.167074e-15,-5.204507e-01,-4.295495e-01,-2.697403e-13
2.6,435.0,-5.000000e-01,9.395533e-15,7.071068e-01,-5.205167e-01,-7.598407e-14,4.305823e-01,-5.000000e-01,7.071068e-01,4.322960e-16,-5.205167e-01,4.305823e-01,-6.098985e-15,-5.000000e-01,-9.418173e-15,-7.071068e-01,-5.205167e-01,-2.028161e-14,-4.305823e-01,-5.000000e-01,-7.071068e-01,-1.162004e-15,-5.205167e-01,-4.305823e-01,-1.304974e-13
2.6,460.0,-5.000000e-01,2.262315e-17,7.071068e-01,-5.205829e-01,-1.266427e-13,4.316182e-01,-5.000000e-01,7.071068e-01,-1.041554e-14,-5.205829e-01,4.316182e-01,7.417131e-15,-5.000000e-01,-5.384309e-16,-7.071068e-01,-5.205829e-01,4.414175e-14,-4.316182e-01,-5.000000e-01,-7.071068e-01,3.812468e-15,-5.205829e-01,-4.316182e-01,-1.591556e-13
2.6,485.0,-5.000000e-01,-7.246023e-15,7.071068e-01,-5.206493e-01,6.807880e-14,4.326571e-01,-5.000000e-01,7.071068e-01,7.140769e-17,-5.206493e-01,4.326571e-01,2.514678e-13,-5.000000e-01,7.694090e-15,-7.071068e-01,-5.206493e-01,-3.372770e-15,-4.326571e-01,-5.000000e-01,-7.071068e-01,-1.764758e-15,-5.206493e-01,-4.326571e-01,-4.574997e-13
2.6,510.0,-5.000000e-01,9.027246e-17,7.071068e-01,-5.207158e-01,4.601419e-14,4.336992e-01,-5.000000e-01,7.071068e-01,1.027927e-15,-5.207158e-01,4.336992e-01,5.880727e-14,-5.000000e-01,2.708174e-17,-7.071068e-01,-5.207158e-01,-9.414912e-15,-4.336992e-01,-5.000000e-01,-7.071068e-01,1.464969e-15,-5.207158e-01,-4.336992e-01,2.079628e-14
2.6,535.0,-5.000000e-01,-1.351287e-14,7.071068e-01,-5.207826e-01,-3.261556e-14,4.347444e-01,-5.000000e-01,7.071068e-01,1.102276e-14,-5.207826e-01,4.347444e-01,1.907105e-13,-5.000000e-01,1.285254e-14,-7.071068e-01,-5.207826e-01,2.117945e-13,-4.347444e-01,-5.000000e-01,-7.071068e-01,-6.984300e-15,-5.207826e-01,-4.347444e-01,-1.472949e-13
2.6,560.0,-5.000000e-01,2.921273e-15,7.071068e-01,-5.208495e-01,-2.346968e-13,4.357927e-01,-5.000000e-01,7.071068e-01,-4.944271e-15,-5.208495e-01,4.357927e-01,3.382650e-13,-5.000000e-01,-4.032004e-15,-7.071068e-01,-5.208495e-01,1.149586e-13,-4.357927e-01,-5.000000e-01,-7.071068e-01,8.283731e-15,-5.208495e-01,-4.357927e-01,-1.280387e-13
2.6,585.0,-5.000000e-01,-8.532249e-15,7.071068e-01,-5.209167e-01,3.436018e-15,4.368442e-01,-5.000000e-01,7.071068e-01,2.756495e-15,-5.209167e-01,4.368442e-01,-9.915951e-15,-5.000000e-01,8.157928e-15,-7.071068e-01,-5.209167e-01,-3.951532e-14,-4.368442e-01,-5.000000e-01,-7.071068e-01,-5.893035e-15,-5.209167e-01,-4.368442e-01,-9.310142e-14
2.6,610.0,-5.000000e-01,-1.001501e-14,7.071068e-01,-5.209840e-01,2.702840e-14,4.378988e-01,-5.000000e-01,7.071068e-01,2.225306e-15,-5.209840e-01,4.378988e-01,-8.006800e-15,-5.000000e-01,8.309554e-15,-7.071068e-01,-5.209840e-01,-1.899846e-14,-4.378988e-01,-5.000000e-01,-7.071068e-01,-2.499499e-15,-5.209840e-01,-4.378988e-01,-8.531988e-14
2.6,635.0,-5.000000e-01,-1.511032e-15,7.071068e-01,-5.210516e-01,-1.256820e-13,4.389566e-01,-5.000000e-01,7.071068e-01,2.177246e-15,-5.210516e-01,4.389566e-01,-1.066715e-13,-5.000000e-01,8.780321e-16,-7.071068e-01,-5.210516e-01,1.943638e-13,-4.389566e-01,-5.000000e-01,-7.071068e-01,-3.918909e-15,-5.210516e-01,-4.389566e-01,-4.046040e-14
2.6,660.0,-5.000000e-01,5.107566e-15,7.071068e-01,-5.211193e-01,6.256263e-14,4.400175e-01,-5.000000e-01,7.071068e-01,-7.315327e-15,-5.211193e-01,4.400175e-01,-4.947557e-14,-5.000000e-01,-5.810651e-15,-7.071068e-01,-5.211193e-01,-1.140933e-13,-4.400175e-01,-5.000000e-01,-7.071068e-01,5.795616e-15,-5.211193e-01,-4.400175e-01,-1.185924e-14
2.6,685.0,-5.000000e-01,8.158863e-15,7.071068e-01,-5.211872e-01,-1.297756e-13,4.410816e-01,-5.000000e-01,7.071068e-01,-1.963908e-15,-5.211872e-01,4.410816e-01,-4.376684e-13,-5.000000e-01,-7.085777e-15,-7.071068e-01,-5.211872e-01,1.996305e-13,-4.410816e-01,-5.000000e-01,-7.071068e-01,2.388414e-15,-5.211872e-01,-4.410816e-01,5.253556e-13
2.6,710.0,-5.000000e-01,-2.774324e-15,7.071068e-01,-5.212553e-01,2.464222e-13,4.421490e-01,-5.000000e-01,7.071068e-01,-1.933168e-15,-5.212553e-01,4.421490e-01,1.509905e-13,-5.000000e-01,2.325346e-15,-7.071068e-01,-5.212553e-01,-2.408859e-13,-4.421490e-01,-5.000000e-01,-7.071068e-01,3.391896e-15,-5.212553e-01,-4.421490e-01,-1.658165e-13
2.6,735.0,-5.000000e-01,-5.729598e-15,7.071068e-01,-5.213236e-01,5.021925e-14,4.432195e-01,-5.000000e-01,7.071068e-01,5.452210e-15,-5.213236e-01,4.432195e-01,-6.054265e-14,-5.000000e-01,6.307814e-15,-7.071068e-01,-5.213236e-01,-5.407170e-14,-4.432195e-01,-5.000000e-01,-7.071068e-01,-5.974549e-15,-5.213236e-01,-4.432195e-01,5.926417e-14
2.6,760.0,-5.000000e-01,-2.826430e-15,7.071068e-01,-5.213922e-01,1.503641e-13,4.442932e-01,-5.000000e-01,7.071068e-01,-1.855179e-15,-5.213922e-01,4.442932e-01,4.693296e-13,-5.000000e-01,2.881850e-15,-7.071068e-01,-5.213922e-01,-1.481607e-13,-4.442932e-01,-5.000000e-01,-7.071068e-01,1.407654e-15,-5.213922e-01,-4.442932e-01,-4.492297e-13
2.6,785.0,-5.000000e-01,2.657913e-15,7.071068e-01,-5.214609e-01,-3.894245e-13,4.453702e-01,-5.000000e-01,7.071068e-01,1.067757e-14,-5.214609e-01,4.453702e-01,-2.138448e-13,-5.000000e-01,-2.810050e-15,-7.071068e-01,-5.214609e-01,3.893373e-13,-4.453702e-01,-5.000000e-01,-7.071068e-01,-1.026124e-14,-5.214609e-01,-4.453702e-01,2.131705e-13
2.6,810.0,-5.000000e-01,1.363330e-15,7.071068e-01,-5.215298e-01,2.617544e-13,4.464504e-01,-5.000000e-01,7.071068e-01,-7.007650e-15,-5.215298e-01,4.464504e-01,2.069034e-13,-5.000000e-01,-1.244780e-15,-7.071068e-01,-5.215298e-01,-2.583556e-13,-4.464504e-01,-5.000000e-01,-7.071068e-01,8.077573e-15,-5.215298e-01,-4.464504e-01,-1.824690e-13
2.6,835.0,-5.000000e-01,-2.784374e-16,7.071068e-01,-5.215989e-01,-3.901938e-14,4.475339e-01,-5.000000e-01,7.071068e-01,1.795249e-15,-5.215989e-01,4.475339e-01,-1.936420e-13,-5.000000e-01,2.173159e-16,-7.071068e-01,-5.215989e-01,4.726044e-14,-4.475339e-01,-5.000000e-01,-7.071068e-01,-2.362169e-15,-5.215989e-01,-4.475339e-01,2.011735e-13
2.6,860.0,-5.000000e-01,1.047165e-14,7.071068e-01,-5.216682e-01,-1.736874e-14,4.486207e-01,-5.000000e-01,7.071068e-01,-2.503174e-15,-5.216682e-01,4.486207e-01,-8.541444e-13,-5.000000e-01,-1.029162e-14,-7.071068e-01,-5.216682e-01,2.363697e-14,-4.486207e-01,-5.000000e-01,-7.071068e-01,3.258615e-15,-5.216682e-01,-4.486207e-01,8.506292e-13
2.6,885.0,-5.000000e-01,-5.001990e-15,7.071068e-01,-5.217377e-01,1.849487e-13,4.497107e-01,-5.000000e-01,7.071068e-01,3.651947e-16,-5.217377e-01,4.497107e-01,2.483861e-13,-5.000000e-01,5.325706e-15,-7.071068e-01,-5.217377e-01,-1.788404e-13,-4.497107e-01,-5.000000e-01,-7.071068e-01,9.129867e-17,-5.217377e-01,-4.497107e-01,-2.420541e-13
5.1,10.0,-5.000000e-01,4.611757e-15,7.071068e-01,-5.032979e-01,-3.891214e-14,2.148441e-01,-5.000000e-01,7.071068e-01,-7.686378e-15,-5.032979e-01,2.148441e-01,-1.407452e-14,-5.000000e-01,-3.580894e-15,-7.071068e-01,-5.032979e-01,4.246381e-14,-2.148441e-01,-5.000000e-01,-7.071068e-01,7.958681e-15,-5.032979e-01,-2.148441e-01,1.350751e-14
5.1,35.0,-5.000000e-01,-5.204079e-15,7.071068e-01,-5.033149e-01,6.308935e-14,2.153462e-01,-5.000000e-01,7.071068e-01,-1.982746e-14,-5.033149e-01,2.153462e-01,2.116374e-14,-5.000000e-01,3.502745e-15,-7.071068e-01,-5.033149e-01,-6.127712e-14,-2.153462e-01,-5.000000e-01,-7.071068e-01,1.711689e-14,-5.033149e-01,-2.153462e-01,-2.174368e-14
5.1,60.0,-5.000000e-01,-1.138103e-15,7.071068e-01,-5.033320e-01,-1.069148e-14,2.158497e-01,-5.000000e-01,7.071068e-01,1.066671e-15,-5.033320e-01,2.158497e-01,-1.822845e-14,-5.000000e-01,-2.709769e-16,-7.071068e-01,-5.033320e-01,1.028196e-14,-2.158497e-01,-5.000000e-01,-7.071068e-01,-2.113071e-15,-5.033320e-01,-2.158497e-01,9.716439e-15
5.1,85.0,-5.000000e-01,4.203494e-14,7.071068e-01,-5.033491e-01,1.711839e-14,2.163547e-01,-5.000000e-01,7.071068e-01,-2.493085e-15,-5.033491e-01,2.163547e-01,-1.158227e-13,-5.000000e-01,-4.357656e-14,-7.071068e-01,-5.033491e-01,-2.084348e-14,-2.163547e-01,-5.000000e-01,-7.071068e-01,2.941835e-15,-5.033491e-01,-2.163547e-01,1.037513e-13
5.1,110.0,-5.000000e-01,3.545027e-15,7.071068e-01,-5.033663e-01,-2.210580e-14,2.168612e-01,-5.000000e-01,7.071068e-01,6.883755e-15,-5.033663e-01,2.168612e-01,-7.638219e-14,-5.000000e-01,-3.297700e-15,-7.071068e-01,-5.033663e-01,2.410858e-14,-2.168612e-01,-5.000000e-01,-7.071068e-01,-5.935598e-15,-5.033663e-01,-2.168612e-01,8.133066e-14
5.1,135.0,-5.000000e-01,6.466473e-15,7.071068e-01,-5.033835e-01,3.460615e-13,2.173693e-01,-5.000000e-01,7.071068e-01,8.604928e-15,-5.033835e-01,2.173693e-01,-1.071940e-14,-5.000000e-01,-7.037044e-15,-7.071068e-01,-5.033835e-01,-3.458662e-13,-2.173693e-01,-5.000000e-01,-7.071068e-01,-6.524418e-15,-5.033835e-01,-2.173693e-01,1.096596e-14
5.1,160.0,-5.000000e-01,-1.446466e-14,7.071068e-01,-5.034008e-01,-4.336897e-13,2.178788e-01,-5.000000e-01,7.071068e-01,9.025764e-14,-5.034008e-01,2.178788e-01,3.981242e-14,-5.000000e-01,1.583410e-14,-7.071068e-01,-5.034008e-01,4.331594e-13,-2.178788e-01,-5.000000e-01,-7.071068e-01,-8.946806e-14,-5.034008e-01,-2.178788e-01,-3.396153e-14
5.1,185.0,-5.000000e-01,2.909196e-15,7.071068e-01,-5.034181e-01,5.521227e-14,2.183898e-01,-5.000000e-01,7.071068e-01,-3.761239e-15,-5.034181e-01,2.183898e-01,7.120439e-14,-5.000000e-01,-3.574155e-15,-7.071068e-01,-5.034181e-01,-5.157241e-14,-2.183898e-01,-5.000000e-01,-7.071068e-01,3.290391e-15,-5.034181e-01,-2.183898e-01,-7.646642e-14
5.1,210.0,-5.000000e-01,-2.606789e-14,7.071068e-01,-5.034355e-01,-1.550629e-13,2.189024e-01,-5.000000e-01,7.071068e-01,3.867009e-15,-5.034355e-01,2.189024e-01,3.504356e-15,-5.000000e-01,2.837527e-14,-7.071068e-01,-5.034355e-01,1.554239e-13,-2.189024e-01,-5.000000e-01,-7.071068e-01,-3.575575e-15,-5.034355e-01,-2.189024e-01,-8.855700e-15
5.1,235.0,-5.000000e-01,-1.395716e-14,7.071068e-01,-5.034530e-01,-1.972452e-14,2.194164e-01,-5.000000e-01,7.071068e-01,5.160354e-15,-5.034530e-01,2.194164e-01,9.473265e-14,-5.000000e-01,1.324676e-14,-7.071068e-01,-5.034530e-01,1.130418e-14,-2.194164e-01,-5.000000e-01,-7.071068e-01,-6.235246e-15,-5.034530e-01,-2.194164e-01,-9.132504e-14
5.1,260.0,-5.000000e-01,-1.631181e-14,7.071068e-01,-5.034704e-01,-1.798047e-13,2.199320e-01,-5.000000e-01,7.071068e-01,1.411513e-15,-5.034704e-01,2.199320e-01,5.968165e-14,-5.000000e-01,1.560200e-14,-7.071068e-01,-5.034704e-01,1.764636e-13,-2.199320e-01,-5.000000e-01,-7.071068e-01,-5.594034e-17,-5.034704e-01,-2.199320e-01,-6.064543e-14
5.1,285.0,-5.000000e-01,-9.984151e-15,7.071068e-01,-5.034880e-01,-3.796182e-14,2.204492e-01,-5.000000e-01,7.071068e-01,-1.817313e-14,-5.034880e-01,2.204492e-01,1.428693e-13,-5.000000e-01,1.038755e-14,-7.071068e-01,-5.034880e-01,3.697344e-14,-2.204492e-01,-5.000000e-01,-7.071068e-01,1.841366e-14,-5.034880e-01,-2.204492e-01,-1.117126e-13
5.1,310.0,-5.000000e-01,3.854602e-15,7.071068e-01,-5.035056e-01,-1.770941e-13,2.209678e-01,-5.000000e-01,7.071068e-01,4.535435e-15,-5.035056e-01,2.209678e-01,-1.248397e-14,-5.000000e-01,-2.091104e-15,-7.071068e-01,-5.035056e-01,1.769078e-13,-2.209678e-01,-5.000000e-01,-7.071068e-01,-3.982950e-15,-5.035056e-01,-2.209678e-01,8.095573e-15
5.1,335.0,-5.000000e-01,1.050241e-14,7.071068e-01,-5.035232e-01,1.069517e-13,2.214880e-01,-5.000000e-01,7.071068e-01,-1.749138e-16,-5.035232e-01,2.214880e-01,-9.377443e-14,-5.000000e-01,-1.024787e-14,-7.071068e-01,-5.035232e-01,-1.076104e-13,-2.214880e-01,-5.000000e-01,-7.071068e-01,6.761643e-17,-5.035232e-01,-2.214880e-01,6.617673e-14
5.1,360.0,-5.000000e-01,1.725398e-15,7.071068e-01,-5.035409e-01,-3.848224e-14,2.220098e-01,-5.000000e-01,7.071068e-01,-3.524198e-15,-5.035409e-01,2.220098e-01,9.542151e-15,-5.000000e-01,-2.331151e-15,-7.071068e-01,-5.035409e-01,3.498461e-14,-2.220098e-01,-5.000000e-01,-7.071068e-01,2.164788e-15,-5.035409e-01,-2.220098e-01,-3.714006e-14
5.1,385.0,-5.000000e-01,4.782963e-15,7.071068e-01,-5.035586e-01,-1.442986e-13,2.225331e-01,-5.000000e-01,7.071068e-01,4.689058e-15,-5.035586e-01,2.225331e-01,-1.281451e-13,-5.000000e-01,-4.965199e-15,-7.071068e-01,-5.035586e-01,1.133824e-13,-2.225331e-01,-5.000000e-01,-7.071068e-01,-6.995567e-15,-5.035586e-01,-2.225331e-01,-8.989771e-15
5.1,410.0,-5.000000e-01,1.078640e-14,7.071068e-01,-5.035764e-01,1.060835e-13,2.230580e-01,-5.000000e-01,7.071068e-01,-1.670404e-15,-5.035764e-01,2.230580e-01,-9.138855e-14,-5.000000e-01,-1.078640e-14,-7.071068e-01,-5.035764e-01,-1.006342e-13,-2.230580e-01,-5.000000e-01,-7.071068e-01,9.248876e-16,-5.035764e-01,-2.230580e-01,5.855632e-14
5.1,435.0,-5.000000e-01,-3.338292e-15,7.071068e-01,-5.035943e-01,6.434144e-14,2.235845e-01,-5.000000e-01,7.071068e-01,1.284072e-14,-5.035943e-01,2.235845e-01,-2.726329e-15,-5.000000e-01,2.296797e-15,-7.071068e-01,-5.035943e-01,-6.570387e-14,-2.235845e-01,-5.000000e-01,-7.071068e-01,-1.214612e-14,-5.035943e-01,-2.235845e-01,-2.875543e-14
5.1,460.0,-5.000000e-01,-3.333342e-14,7.071068e-01,-5.036122e-01,-9.209195e-14,2.241125e-01,-5.000000e-01,7.071068e-01,1.710949e-14,-5.036122e-01,2.241125e-01,1.832096e-13,-5.000000e-01,3.341655e-14,-7.071068e-01,-5.036122e-01,9.308087e-14,-2.241125e-01,-5.000000e-01,-7.071068e-01,-1.657109e-14,-5.036122e-01,-2.241125e-01,-2.104401e-13
5.1,485.0,-5.000000e-01,-1.217788e-14,7.071068e-01,-5.036301e-01,1.510871e-13,2.246421e-01,-5.000000e-01,7.071068e-01,1.221673e-16,-5.036301e-01,2.246421e-01,-4.242739e-14,-5.000000e-01,1.199053e-14,-7.071068e-01,-5.036301e-01,-1.516844e-13,-2.246421e-01,-5.000000e-01,-7.071068e-01,-2.448191e-15,-5.036301e-01,-2.246421e-01,1.854140e-14
5.1,510.0,-5.000000e-01,6.791106e-15,7.071068e-01,-5.036482e-01,5.863948e-16,2.251733e-01,-5.000000e-01,7.071068e-01,-1.333090e-15,-5.036482e-01,2.251733e-01,-6.476813e-15,-5.000000e-01,-6.321802e-15,-7.071068e-01,-5.036482e-01,-1.020976e-14,-2.251733e-01,-5.000000e-01,-7.071068e-01,1.742891e-15,-5.036482e-01,-2.251733e-01,6.352984e-15
5.1,535.0,-5.000000e-01,-6.102961e-16,7.071068e-01,-5.036662e-01,2.720977e-15,2.257061e-01,-5.000000e-01,7.071068e-01,-2.606781e-15,-5.036662e-01,2.257061e-01,-2.782397e-14,-5.000000e-01,4.068640e-16,-7.071068e-01,-5.036662e-01,-2.061631e-15,-2.257061e-01,-5.000000e-01,-7.071068e-01,1.473287e-15,-5.036662e-01,-2.257061e-01,2.613167e-14
5.1,560.0,-5.000000e-01,1.220767e-15,7.071068e-01,-5.036843e-01,-7.166468e-14,2.262404e-01,-5.000000e-01,7.071068e-01,4.661815e-15,-5.036843e-01,2.262404e-01,3.216024e-14,-5.000000e-01,-1.636937e-15,-7.071068e-01,-5.036843e-01,4.906108e-14,-2.262404e-01,-5.000000e-01,-7.071068e-01,-4.092599e-15,-5.036843e-01,-2.262404e-01,-5.884263e-14
5.1,585.0,-5.000000e-01,-1.718646e-14,7.071068e-01,-5.037025e-01,1.126148e-13,2.267764e-01,-5.000000e-01,7.071068e-01,7.685609e-16,-5.037025e-01,2.267764e-01,5.830915e-14,-5.000000e-01,1.696564e-14,-7.071068e-01,-5.037025e-01,-1.133166e-13,-2.267764e-01,-5.000000e-01,-7.071068e-01,-1.590126e-16,-5.037025e-01,-2.267764e-01,-7.032908e-14
5.1,610.0,-5.000000e-01,3.570060e-14,7.071068e-01,-5.037207e-01,-2.429777e-13,2.273140e-01,-5.000000e-01,7.071068e-01,-1.008092e-14,-5.037207e-01,2.273140e-01,-8.288772e-14,-5.000000e-01,-3.618009e-14,-7.071068e-01,-5.037207e-01,2.445825e-13,-2.273140e-01,-5.000000e-01,-7.071068e-01,1.118871e-14,-5.037207e-01,-2.273140e-01,8.364709e-14
5.1,635.0,-5.000000e-01,-1.692552e-14,7.071068e-01,-5.037390e-01,-1.816834e-13,2.278531e-01,-5.000000e-01,7.071068e-01,3.387506e-15,-5.037390e-01,2.278531e-01,6.602346e-14,-5.000000e-01,1.702508e-14,-7.071068e-01,-5.037390e-01,1.598699e-13,-2.278531e-01,-5.000000e-01,-7.071068e-01,-2.860150e-15,-5.037390e-01,-2.278531e-01,-1.243481e-13
5.1,660.0,-5.000000e-01,1.948457e-14,7.071068e-01,-5.037573e-01,-9.463805e-14,2.283940e-01,-5.000000e-01,7.071068e-01,-3.806972e-15,-5.037573e-01,2.283940e-01,-1.241916e-13,-5.000000e-01,-2.027448e-14,-7.071068e-01,-5.037573e-01,9.660037e-14,-2.283940e-01,-5.000000e-01,-7.071068e-01,3.467180e-15,-5.037573e-01,-2.283940e-01,1.350070e-13
5.1,685.0,-5.000000e-01,1.897955e-14,7.071068e-01,-5.037757e-01,-3.449625e-14,2.289364e-01,-5.000000e-01,7.071068e-01,1.147343e-14,-5.037757e-01,2.289364e-01,-5.441577e-14,-5.000000e-01,-1.918254e-14,-7.071068e-01,-5.037757e-01,3.313582e-14,-2.289364e-01,-5.000000e-01,-7.071068e-01,-1.014087e-14,-5.037757e-01,-2.289364e-01,4.951691e-14
5.1,710.0,-5.000000e-01,1.335240e-14,7.071068e-01,-5.037942e-01,3.021113e-13,2.294804e-01,-5.000000e-01,7.071068e-01,-1.615528e-14,-5.037942e-01,2.294804e-01,-6.883312e-14,-5.000000e-01,-1.406479e-14,-7.071068e-01,-5.037942e-01,-2.981246e-13,-2.294804e-01,-5.000000e-01,-7.071068e-01,1.630697e-14,-5.037942e-01,-2.294804e-01,7.014030e-14
5.1,735.0,-5.000000e-01,-2.471080e-15,7.071068e-01,-5.038127e-01,1.593957e-13,2.300261e-01,-5.000000e-01,7.071068e-01,6.397627e-16,-5.038127e-01,2.300261e-01,1.071789e-13,-5.000000e-01,1.859569e-15,-7.071068e-01,-5.038127e-01,-1.581881e-13,-2.300261e-01,-5.000000e-01,-7.071068e-01,-1.744807e-16,-5.038127e-01,-2.300261e-01,-9.456715e-14
5.1,760.0,-5.000000e-01,-8.179912e-15,7.071068e-01,-5.038312e-01,2.050529e-13,2.305735e-01,-5.000000e-01,7.071068e-01,-6.690685e-15,-5.038312e-01,2.305735e-01,1.049530e-13,-5.000000e-01,8.452922e-15,-7.071068e-01,-5.038312e-01,-2.048854e-13,-2.305735e-01,-5.000000e-01,-7.071068e-01,7.584763e-15,-5.038312e-01,-2.305735e-01,-9.647973e-14
5.1,785.0,-5.000000e-01,-4.436620e-15,7.071068e-01,-5.038498e-01,9.776913e-14,2.311224e-01,-5.000000e-01,7.071068e-01,-4.044810e-15,-5.038498e-01,2.311224e-01,1.031387e-13,-5.000000e-01,4.130646e-15,-7.071068e-01,-5.038498e-01,-6.743873e-14,-2.311224e-01,-5.000000e-01,-7.071068e-01,4.052890e-15,-5.038498e-01,-2.311224e-01,-5.323924e-14
5.1,810.0,-5.000000e-01,-1.442318e-15,7.071068e-01,-5.038685e-01,-1.091816e-13,2.316731e-01,-5.000000e-01,7.071068e-01,-5.339119e-16,-5.038685e-01,2.316731e-01,-4.735996e-14,-5.000000e-01,1.176628e-15,-7.071068e-01,-5.038685e-01,1.095563e-13,-2.316731e-01,-5.000000e-01,-7.071068e-01,1.483994e-16,-5.038685e-01,-2.316731e-01,5.179362e-14
5.1,835.0,-5.000000e-01,-1.364973e-14,7.071068e-01,-5.038872e-01,-9.092254e-14,2.322253e-01,-5.000000e-01,7.071068e-01,1.591766e-14,-5.038872e-01,2.322253e-01,1.029033e-13,-5.000000e-01,1.422063e-14,-7.071068e-01,-5.038872e-01,8.682755e-14,-2.322253e-01,-5.000000e-01,-7.071068e-01,-1.536255e-14,-5.038872e-01,-2.322253e-01,-1.002957e-13
5.1,860.0,-5.000000e-01,1.742544e-15,7.071068e-01,-5.039060e-01,7.962608e-14,2.327793e-01,-5.000000e-01,7.071068e-01,-6.156818e-15,-5.039060e-01,2.327793e-01,5.934284e-14,-5.000000e-01,-7.088313e-16,-7.071068e-01,-5.039060e-01,-7.563070e-14,-2.327793e-01,-5.000000e-01,-7.071068e-01,3.323188e-15,-5.039060e-01,-2.327793e-01,-5.889505e-14
5.1,885.0,-5.000000e-01,-5.140305e-14,7.071068e-01,-5.039248e-01,7.484834e-14,2.333349e-01,-5.000000e-01,7.071068e-01,1.556248e-14,-5.039248e-01,2.333349e-01,9.491878e-14,-5.000000e-01,5.132374e-14,-7.071068e-01,-5.039248e-01,-6.843032e-14,-2.333349e-01,-5.000000e-01,-7.071068e-01,-1.565182e-14,-5.039248e-01,-2.333349e-01,-9.472769e-14
7.6,10.0,-5.000000e-01,5.940182e-15,7.071068e-01,-5.006475e-01,-8.538262e-14,1.486789e-01,-5.000000e-01,7.071068e-01,-1.232129e-15,-5.006475e-01,1.486789e-01,-7.775628e-14,-5.000000e-01,-6.490198e-15,-7.071068e-01,-5.006475e-01,8.141468e-14,-1.486789e-01,-5.000000e-01,-7.071068e-01,1.179793e-15,-5.006475e-01,-1.486789e-01,4.745753e-14
7.6,35.0,-5.000000e-01,-6.036960e-15,7.071068e-01,-5.006552e-01,5.433478e-14,1.490157e-01,-5.000000e-01,7.071068e-01,-5.469427e-16,-5.006552e-01,1.490157e-01,1.213973e-13,-5.000000e-01,6.259051e-15,-7.071068e-01,-5.006552e-01,-5.389277e-14,-1.490157e-01,-5.000000e-01,-7.071068e-01,6.494944e-16,-5.006552e-01,-1.490157e-01,-1.188401e-13
7.6,60.0,-5.000000e-01,-2.213264e-15,7.071068e-01,-5.006630e-01,1.205939e-13,1.493535e-01,-5.000000e-01,7.071068e-01,-3.935466e-15,-5.006630e-01,1.493535e-01,6.503184e-14,-5.000000e-01,2.969012e-15,-7.071068e-01,-5.006630e-01,-1.200145e-13,-1.493535e-01,-5.000000e-01,-7.071068e-01,5.406512e-15,-5.006630e-01,-1.493535e-01,-2.050860e-14
7.6,85.0,-5.000000e-01,-7.729845e-16,7.071068e-01,-5.006707e-01,3.081300e-14,1.496923e-01,-5.000000e-01,7.071068e-01,6.029968e-16,-5.006707e-01,1.496923e-01,-4.190035e-14,-5.000000e-01,-1.732724e-16,-7.071068e-01,-5.006707e-01,-3.065174e-14,-1.496923e-01,-5.000000e-01,-7.071068e-01,-5.134667e-16,-5.006707e-01,-1.496923e-01,3.758748e-14
7.6,110.0,-5.000000e-01,4.508221e-15,7.071068e-01,-5.006785e-01,-5.918640e-14,1.500322e-01,-5.000000e-01,7.071068e-01,-1.032699e-15,-5.006785e-01,1.500322e-01,-4.633625e-14,-5.000000e-01,-6.277270e-15,-7.071068e-01,-5.006785e-01,5.915246e-14,-1.500322e-01,-5.000000e-01,-7.071068e-01,1.671077e-15,-5.006785e-01,-1.500322e-01,4.451867e-14
7.6,135.0,-5.000000e-01,-1.071971e-15,7.071068e-01,-5.006863e-01,5.267471e-14,1.503730e-01,-5.000000e-01,7.071068e-01,-2.656466e-15,-5.006863e-01,1.503730e-01,-1.591519e-14,-5.000000e-01,1.306578e-15,-7.071068e-01,-5.006863e-01,-5.222117e-14,-1.503730e-01,-5.000000e-01,-7.071068e-01,3.495881e-15,-5.006863e-01,-1.503730e-01,2.299937e-14
7.6,160.0,-5.000000e-01,3.840897e-15,7.071068e-01,-5.006942e-01,3.751695e-16,1.507148e-01,-5.000000e-01,7.071068e-01,-3.733560e-15,-5.006942e-01,1.507148e-01,-7.285191e-16,-5.000000e-01,-3.090045e-15,-7.071068e-01,-5.006942e-01,-3.845229e-16,-1.507148e-01,-5.000000e-01,-7.071068e-01,5.134448e-15,-5.006942e-01,-1.507148e-01,-2.128632e-16
7.6,185.0,-5.000000e-01,2.058427e-15,7.071068e-01,-5.007021e-01,1.375366e-13,1.510577e-01,-5.000000e-01,7.071068e-01,9.986412e-16,-5.007021e-01,1.510577e-01,6.359675e-15,-5.000000e-01,-2.944693e-15,-7.071068e-01,-5.007021e-01,-1.371821e-13,-1.510577e-01,-5.000000e-01,-7.071068e-01,-1.234461e-16,-5.007021e-01,-1.510577e-01,-6.429750e-15
7.6,210.0,-5.000000e-01,1.080755e-16,7.071068e-01,-5.007099e-01,-3.835442e-14,1.514016e-01,-5.000000e-01,7.071068e-01,3.132399e-15,-5.007099e-01,1.514016e-01,-2.868664e-14,-5.000000e-01,8.790142e-16,-7.071068e-01,-5.007099e-01,3.822607e-14,-1.514016e-01,-5.000000e-01,-7.071068e-01,-4.248852e-15,-5.007099e-01,-1.514016e-01,3.079447e-14
7.6,235.0,-5.000000e-01,-2.697793e-15,7.071068e-01,-5.007179e-01,-1.750923e-13,1.517465e-01,-5.000000e-01,7.071068e-01,7.400279e-15,-5.007179e-01,1.517465e-01,-2.966587e-14,-5.000000e-01,1.965389e-15,-7.071068e-01,-5.007179e-01,1.730264e-13,-1.517465e-01,-5.000000e-01,-7.071068e-01,-6.644046e-15,-5.007179e-01,-1.517465e-01,3.524369e-14
7.6,260.0,-5.000000e-01,-6.065299e-15,7.071068e-01,-5.007258e-01,3.298183e-14,1.520924e-01,-5.000000e-01,7.071068e-01,2.454245e-15,-5.007258e-01,1.520924e-01,1.761589e-14,-5.000000e-01,4.846504e-15,-7.071068e-01,-5.007258e-01,-3.289739e-14,-1.520924e-01,-5.000000e-01,-7.071068e-01,-1.724099e-15,-5.007258e-01,-1.520924e-01,-2.800766e-14
7.6,285.0,-5.000000e-01,3.753520e-16,7.071068e-01,-5.007337e-01,1.292266e-13,1.524393e-01,-5.000000e-01,7.071068e-01,-6.913814e-15,-5.007337e-01,1.524393e-01,-1.976369e-14,-5.000000e-01,0.000000e+00,-7.071068e-01,-5.007337e-01,-1.302619e-13,-1.524393e-01,-5.000000e-01,-7.071068e-01,5.124429e-15,-5.007337e-01,-1.524393e-01,-2.539614e-14
7.6,310.0,-5.000000e-01,-5.549187e-15,7.071068e-01,-5.007417e-01,2.936514e-15,1.527873e-01,-5.000000e-01,7.071068e-01,-3.921701e-16,-5.007417e-01,1.527873e-01,2.616576e-14,-5.000000e-01,4.984580e-15,-7.071068e-01,-5.007417e-01,-1.830146e-15,-1.527873e-01,-5.000000e-01,-7.071068e-01,-9.130606e-16,-5.007417e-01,-1.527873e-01,-2.389546e-14
7.6,335.0,-5.000000e-01,1.644408e-15,7.071068e-01,-5.007497e-01,-1.659775e-14,1.531363e-01,-5.000000e-01,7.071068e-01,4.145958e-15,-5.007497e-01,1.531363e-01,-6.566702e-14,-5.000000e-01,-1.644408e-15,-7.071068e-01,-5.007497e-01,1.574186e-14,-1.531363e-01,-5.000000e-01,-7.071068e-01,-2.899055e-15,-5.007497e-01,-1.531363e-01,7.301606e-14
7.6,360.0,-5.000000e-01,7.230105e-15,7.071068e-01,-5.007578e-01,6.621786e-14,1.534864e-01,-5.000000e-01,7.071068e-01,-7.508310e-15,-5.007578e-01,1.534864e-01,-8.235808e-14,-5.000000e-01,-7.806209e-15,-7.071068e-01,-5.007578e-01,-5.851318e-14,-1.534864e-01,-5.000000e-01,-7.071068e-01,6.035081e-15,-5.007578e-01,-1.534864e-01,3.933133e-14
7.6,385.0,-5.000000e-01,-9.486503e-15,7.071068e-01,-5.007658e-01,-7.861783e-14,1.538375e-01,-5.000000e-01,7.071068e-01,1.280610e-14,-5.007658e-01,1.538375e-01,7.049704e-14,-5.000000e-01,9.374167e-15,-7.071068e-01,-5.007658e-01,7.932025e-14,-1.538375e-01,-5.000000e-01,-7.071068e-01,-1.373308e-14,-5.007658e-01,-1.538375e-01,-6.945425e-14
7.6,410.0,-5.000000e-01,-6.999614e-16,7.071068e-01,-5.007739e-01,-3.148558e-14,1.541896e-01,-5.000000e-01,7.071068e-01,-1.370398e-15,-5.007739e-01,1.541896e-01,-3.158654e-16,-5.000000e-01,1.407139e-15,-7.071068e-01,-5.007739e-01,3.159459e-14,-1.541896e-01,-5.000000e-01,-7.071068e-01,7.662626e-16,-5.007739e-01,-1.541896e-01,8.761235e-15
7.6,435.0,-5.000000e-01,1.224063e-15,7.071068e-01,-5.007820e-01,-3.450821e-14,1.545428e-01,-5.000000e-01,7.071068e-01,1.200049e-14,-5.007820e-01,1.545428e-01,5.943449e-14,-5.000000e-01,-6.216275e-15,-7.071068e-01,-5.007820e-01,-7.328860e-14,-1.545428e-01,-5.000000e-01,-7.071068e-01,-1.108617e-14,-5.007820e-01,-1.545428e-01,1.558376e-14
7.6,460.0,-5.000000e-01,-8.474826e-15,7.071068e-01,-5.007901e-01,1.652911e-14,1.548971e-01,-5.000000e-01,7.071068e-01,3.626428e-15,-5.007901e-01,1.548971e-01,-3.258143e-14,-5.000000e-01,5.974481e-15,-7.071068e-01,-5.007901e-01,2.414674e-14,-1.548971e-01,-5.000000e-01,-7.071068e-01,-2.437002e-15,-5.007901e-01,-1.548971e-01,3.511898e-14
7.6,485.0,-5.000000e-01,-3.269228e-15,7.071068e-01,-5.007983e-01,3.414067e-15,1.552524e-01,-5.000000e-01,7.071068e-01,-3.008935e-16,-5.007983e-01,1.552524e-01,1.401127e-13,-5.000000e-01,9.319738e-15,-7.071068e-01,-5.007983e-01,-3.075362e-14,-1.552524e-01,-5.000000e-01,-7.071068e-01,1.125243e-15,-5.007983e-01,-1.552524e-01,-8.213662e-14
7.6,510.0,-5.000000e-01,-5.008197e-15,7.071068e-01,-5.008065e-01,1.154680e-14,1.556088e-01,-5.000000e-01,7.071068e-01,-1.680962e-14,-5.008065e-01,1.556088e-01,-1.170134e-14,-5.000000e-01,9.863925e-15,-7.071068e-01,-5.008065e-01,-4.473938e-14,-1.556088e-01,-5.000000e-01,-7.071068e-01,1.652453e-14,-5.008065e-01,-1.556088e-01,-1.469402e-14
7.6,535.0,-5.000000e-01,1.086088e-14,7.071068e-01,-5.008147e-01,8.240105e-14,1.559662e-01,-5.000000e-01,7.071068e-01,6.019239e-16,-5.008147e-01,1.559662e-01,4.954701e-14,-5.000000e-01,-1.043329e-14,-7.071068e-01,-5.008147e-01,-6.939695e-14,-1.559662e-01,-5.000000e-01,-7.071068e-01,4.313788e-15,-5.008147e-01,-1.559662e-01,5.056866e-14
7.6,560.0,-5.000000e-01,6.440814e-16,7.071068e-01,-5.008229e-01,-1.614778e-14,1.563247e-01,-5.000000e-01,7.071068e-01,-6.805401e-15,-5.008229e-01,1.563247e-01,-6.669947e-15,-5.000000e-01,-1.164565e-16,-7.071068e-01,-5.008229e-01,-6.671107e-15,-1.563247e-01,-5.000000e-01,-7.071068e-01,5.562676e-15,-5.008229e-01,-1.563247e-01,1.051198e-14
7.6,585.0,-5.000000e-01,-1.719725e-14,7.071068e-01,-5.008311e-01,9.419984e-15,1.566843e-01,-5.000000e-01,7.071068e-01,3.511131e-15,-5.008311e-01,1.566843e-01,1.119530e-13,-5.000000e-01,2.297226e-14,-7.071068e-01,-5.008311e-01,-1.641878e-14,-1.566843e-01,-5.000000e-01,-7.071068e-01,-2.330162e-16,-5.008311e-01,-1.566843e-01,-2.445714e-14
7.6,610.0,-5.000000e-01,3.456867e-15,7.071068e-01,-5.008394e-01,-5.576427e-14,1.570450e-01,-5.000000e-01,7.071068e-01,-1.199293e-15,-5.008394e-01,1.570450e-01,-2.782687e-14,-5.000000e-01,-2.415776e-15,-7.071068e-01,-5.008394e-01,5.488010e-14,-1.570450e-01,-5.000000e-01,-7.071068e-01,9.304856e-16,-5.008394e-01,-1.570450e-01,3.920637e-14
7.6,635.0,-5.000000e-01,-8.338033e-15,7.071068e-01,-5.008477e-01,5.735202e-15,1.574067e-01,-5.000000e-01,7.071068e-01,8.933846e-15,-5.008477e-01,1.574067e-01,3.522018e-14,-5.000000e-01,7.885971e-15,-7.071068e-01,-5.008477e-01,-7.191224e-15,-1.574067e-01,-5.000000e-01,-7.071068e-01,-8.526568e-15,-5.008477e-01,-1.574067e-01,-2.935918e-14
7.6,660.0,-5.000000e-01,1.251837e-14,7.071068e-01,-5.008560e-01,6.662766e-14,1.577695e-01,-5.000000e-01,7.071068e-01,-8.575579e-15,-5.008560e-01,1.577695e-01,-7.318175e-14,-5.000000e-01,-1.159317e-14,-7.071068e-01,-5.008560e-01,-6.769851e-14,-1.577695e-01,-5.000000e-01,-7.071068e-01,1.002293e-14,-5.008560e-01,-1.577695e-01,1.236730e-13
7.6,685.0,-5.000000e-01,-7.513667e-15,7.071068e-01,-5.008644e-01,-1.007950e-13,1.581335e-01,-5.000000e-01,7.071068e-01,2.155206e-15,-5.008644e-01,1.581335e-01,-8.500666e-15,-5.000000e-01,8.125660e-15,-7.071068e-01,-5.008644e-01,1.023172e-13,-1.581335e-01,-5.000000e-01,-7.071068e-01,-3.345394e-15,-5.008644e-01,-1.581335e-01,-2.337115e-14
7.6,710.0,-5.000000e-01,-3.886026e-15,7.071068e-01,-5.008727e-01,-5.092989e-14,1.584985e-01,-5.000000e-01,7.071068e-01,9.708045e-15,-5.008727e-01,1.584985e-01,2.501528e-14,-5.000000e-01,5.309078e-15,-7.071068e-01,-5.008727e-01,3.947108e-14,-1.584985e-01,-5.000000e-01,-7.071068e-01,-8.485355e-15,-5.008727e-01,-1.584985e-01,1.434096e-14
7.6,735.0,-5.000000e-01,8.427578e-15,7.071068e-01,-5.008811e-01,-3.472532e-14,1.588646e-01,-5.000000e-01,7.071068e-01,-2.779249e-15,-5.008811e-01,1.588646e-01,-5.794812e-14,-5.000000e-01,-8.651347e-15,-7.071068e-01,-5.008811e-01,3.333642e-14,-1.588646e-01,-5.000000e-01,-7.071068e-01,3.779779e-15,-5.008811e-01,-1.588646e-01,6.390639e-14
7.6,760.0,-5.000000e-01,-6.836866e-15,7.071068e-01,-5.008896e-01,3.252100e-14,1.592318e-01,-5.000000e-01,7.071068e-01,-5.328508e-16,-5.008896e-01,1.592318e-01,7.353237e-14,-5.000000e-01,8.227292e-15,-7.071068e-01,-5.008896e-01,-3.176259e-14,-1.592318e-01,-5.000000e-01,-7.071068e-01,1.068048e-15,-5.008896e-01,-1.592318e-01,-7.530803e-14
7.6,785.0,-5.000000e-01,8.069461e-16,7.071068e-01,-5.008980e-01,1.183989e-13,1.596001e-01,-5.000000e-01,7.071068e-01,5.049578e-15,-5.008980e-01,1.596001e-01,-3.715330e-14,-5.000000e-01,-1.044707e-15,-7.071068e-01,-5.008980e-01,-1.167325e-13,-1.596001e-01,-5.000000e-01,-7.071068e-01,-2.342643e-15,-5.008980e-01,-1.596001e-01,4.924406e-14
7.6,810.0,-5.000000e-01,7.882840e-15,7.071068e-01,-5.009065e-01,1.505410e-14,1.599695e-01,-5.000000e-01,7.071068e-01,-1.216982e-14,-5.009065e-01,1.599695e-01,-7.351749e-14,-5.000000e-01,-9.131784e-15,-7.071068e-01,-5.009065e-01,-1.827597e-14,-1.599695e-01,-5.000000e-01,-7.071068e-01,1.237673e-14,-5.009065e-01,-1.599695e-01,8.994534e-15
7.6,835.0,-5.000000e-01,3.117916e-14,7.071068e-01,-5.009150e-01,3.880703e-14,1.603401e-01,-5.000000e-01,7.071068e-01,-1.281307e-14,-5.009150e-01,1.603401e-01,7.369653e-14,-5.000000e-01,-3.199378e-14,-7.071068e-01,-5.009150e-01,-3.855023e-14,-1.603401e-01,-5.000000e-01,-7.071068e-01,1.271939e-14,-5.009150e-01,-1.603401e-01,-6.467184e-14
7.6,860.0,-5.000000e-01,-4.577450e-15,7.071068e-01,-5.009235e-01,-1.963371e-14,1.607117e-01,-5.000000e-01,7.071068e-01,2.576510e-15,-5.009235e-01,1.607117e-01,-5.767131e-15,-5.000000e-01,3.957512e-15,-7.071068e-01,-5.009235e-01,1.805453e-14,-1.607117e-01,-5.000000e-01,-7.071068e-01,-4.976122e-15,-5.009235e-01,-1.607117e-01,-3.331626e-15
7.6,885.0,-5.000000e-01,5.425498e-15,7.071068e-01,-5.009321e-01,2.066453e-14,1.610845e-01,-5.000000e-01,7.071068e-01,-7.845075e-16,-5.009321e-01,1.610845e-01,-6.631922e-14,-5.000000e-01,-5.908887e-15,-7.071068e-01,-5.009321e-01,-1.938504e-14,-1.610845e-01,-5.000000e-01,-7.071068e-01,1.101685e-15,-5.009321e-01,-1.610845e-01,5.535966e-14
10.1,10.0,-5.000000e-01,8.053618e-15,7.071068e-01,-4.998876e-01,-2.388505e-14,1.166025e-01,-5.000000e-01,7.071068e-01,-5.268826e-15,-4.998876e-01,1.166025e-01,-2.437259e-14,-5.000000e-01,-7.801380e-15,-7.071068e-01,-4.998876e-01,2.617903e-14,-1.166025e-01,-5.000000e-01,-7.071068e-01,5.302078e-15,-4.998876e-01,-1.166025e-01,2.335488e-14
10.1,35.0,-5.000000e-01,-3.632266e-15,7.071068e-01,-4.998919e-01,-8.304388e-14,1.168559e-01,-5.000000e-01,7.071068e-01,1.168336e-14,-4.998919e-01,1.168559e-01,-2.056955e-14,-5.000000e-01,5.078119e-15,-7.071068e-01,-4.998919e-01,8.572657e-14,-1.168559e-01,-5.000000e-01,-7.071068e-01,-9.440388e-15,-4.998919e-01,-1.168559e-01,2.336138e-14
10.1,60.0,-5.000000e-01,-9.376118e-15,7.071068e-01,-4.998963e-01,-4.049575e-14,1.171100e-01,-5.000000e-01,7.071068e-01,1.069598e-14,-4.998963e-01,1.171100e-01,9.142502e-14,-5.000000e-01,1.083944e-14,-7.071068e-01,-4.998963e-01,4.028129e-14,-1.171100e-01,-5.000000e-01,-7.071068e-01,-5.348932e-15,-4.998963e-01,-1.171100e-01,-9.180163e-14
10.1,85.0,-5.000000e-01,-1.993776e-16,7.071068e-01,-4.999008e-01,8.878491e-14,1.173649e-01,-5.000000e-01,7.071068e-01,-4.295810e-15,-4.999008e-01,1.173649e-01,6.176834e-14,-5.000000e-01,4.485995e-16,-7.071068e-01,-4.999008e-01,-9.149102e-14,-1.173649e-01,-5.000000e-01,-7.071068e-01,2.045209e-15,-4.999008e-01,-1.173649e-01,-6.297371e-14
10.1,110.0,-5.000000e-01,3.655474e-15,7.071068e-01,-4.999052e-01,8.019205e-14,1.176205e-01,-5.000000e-01,7.071068e-01,-1.178504e-14,-4.999052e-01,1.176205e-01,-5.930048e-14,-5.000000e-01,-5.313811e-15,-7.071068e-01,-4.999052e-01,-9.751877e-14,-1.176205e-01,-5.000000e-01,-7.071068e-01,1.058547e-14,-4.999052e-01,-1.176205e-01,5.828772e-14
10.1,135.0,-5.000000e-01,4.156187e-16,7.071068e-01,-4.999096e-01,5.795640e-14,1.178769e-01,-5.000000e-01,7.071068e-01,-4.725278e-15,-4.999096e-01,1.178769e-01,4.113837e-15,-5.000000e-01,-4.336890e-16,-7.071068e-01,-4.999096e-01,-6.010424e-14,-1.178769e-01,-5.000000e-01,-7.071068e-01,2.347013e-15,-4.999096e-01,-1.178769e-01,-6.283182e-15
10.1,160.0,-5.000000e-01,4.890921e-15,7.071068e-01,-4.999141e-01,1.079384e-14,1.181340e-01,-5.000000e-01,7.071068e-01,-7.881394e-16,-4.999141e-01,1.181340e-01,-6.811175e-14,-5.000000e-01,-3.745464e-15,-7.071068e-01,-4.999141e-01,-8.972664e-15,-1.181340e-01,-5.000000e-01,-7.071068e-01,1.674252e-15,-4.999141e-01,-1.181340e-01,6.527214e-14
10.1,185.0,-5.000000e-01,-3.953812e-15,7.071068e-01,-4.999185e-01,-5.099906e-14,1.183919e-01,-5.000000e-01,7.071068e-01,7.519063e-15,-4.999185e-01,1.183919e-01,7.039908e-14,-5.000000e-01,4.580635e-15,-7.071068e-01,-4.999185e-01,5.100823e-14,-1.183919e-01,-5.000000e-01,-7.071068e-01,-8.480983e-15,-4.999185e-01,-1.183919e-01,-6.995746e-14
10.1,210.0,-5.000000e-01,1.521748e-14,7.071068e-01,-4.999230e-01,1.471149e-13,1.186506e-01,-5.000000e-01,7.071068e-01,-2.175621e-14,-4.999230e-01,1.186506e-01,7.682889e-14,-5.000000e-01,-1.495991e-14,-7.071068e-01,-4.999230e-01,-1.056126e-13,-1.186506e-01,-5.000000e-01,-7.071068e-01,2.186338e-14,-4.999230e-01,-1.186506e-01,-7.744048e-14
10.1,235.0,-5.000000e-01,-2.759011e-15,7.071068e-01,-4.999275e-01,-2.740892e-14,1.189101e-01,-5.000000e-01,7.071068e-01,2.431700e-15,-4.999275e-01,1.189101e-01,1.071216e-14,-5.000000e-01,3.224013e-15,-7.071068e-01,-4.999275e-01,2.331860e-14,-1.189101e-01,-5.000000e-01,-7.071068e-01,-5.068126e-15,-4.999275e-01,-1.189101e-01,-9.725693e-15
10.1,260.0,-5.000000e-01,2.468878e-14,7.071068e-01,-4.999320e-01,3.236085e-14,1.191703e-01,-5.000000e-01,7.071068e-01,-9.050933e-15,-4.999320e-01,1.191703e-01,-2.008151e-13,-5.000000e-01,-2.530719e-14,-7.071068e-01,-4.999320e-01,-3.828197e-14,-1.191703e-01,-5.000000e-01,-7.071068e-01,8.401478e-15,-4.999320e-01,-1.191703e-01,1.980723e-13
10.1,285.0,-5.000000e-01,-5.092435e-15,7.071068e-01,-4.999365e-01,-8.061930e-14,1.194313e-01,-5.000000e-01,7.071068e-01,6.201204e-15,-4.999365e-01,1.194313e-01,-8.584059e-15,-5.000000e-01,1.989518e-15,-7.071068e-01,-4.999365e-01,2.951893e-14,-1.194313e-01,-5.000000e-01,-7.071068e-01,-5.310755e-15,-4.999365e-01,-1.194313e-01,1.005788e-14
10.1,310.0,-5.000000e-01,-6.299733e-15,7.071068e-01,-4.999411e-01,-1.295070e-13,1.196930e-01,-5.000000e-01,7.071068e-01,1.308855e-14,-4.999411e-01,1.196930e-01,2.246470e-14,-5.000000e-01,7.879231e-15,-7.071068e-01,-4.999411e-01,1.294358e-13,-1.196930e-01,-5.000000e-01,-7.071068e-01,-1.350461e-14,-4.999411e-01,-1.196930e-01,-2.339749e-14
10.1,335.0,-5.000000e-01,5.936401e-16,7.071068e-01,-4.999456e-01,3.954477e-14,1.199556e-01,-5.000000e-01,7.071068e-01,-6.186697e-15,-4.999456e-01,1.199556e-01,3.911812e-14,-5.000000e-01,-3.627800e-16,-7.071068e-01,-4.999456e-01,-3.863674e-14,-1.199556e-01,-5.000000e-01,-7.071068e-01,4.124385e-15,-4.999456e-01,-1.199556e-01,-3.874923e-14
10.1,360.0,-5.000000e-01,-2.429715e-15,7.071068e-01,-4.999502e-01,-6.540446e-14,1.202189e-01,-5.000000e-01,7.071068e-01,6.360190e-15,-4.999502e-01,1.202189e-01,1.847448e-14,-5.000000e-01,4.593034e-15,-7.071068e-01,-4.999502e-01,7.177074e-14,-1.202189e-01,-5.000000e-01,-7.071068e-01,-7.986736e-15,-4.999502e-01,-1.202189e-01,-1.684583e-14
10.1,385.0,-5.000000e-01,-1.222079e-14,7.071068e-01,-4.999547e-01,-5.785689e-14,1.204830e-01,-5.000000e-01,7.071068e-01,7.192270e-15,-4.999547e-01,1.204830e-01,8.181283e-14,-5.000000e-01,1.142477e-14,-7.071068e-01,-4.999547e-01,5.469091e-14,-1.204830e-01,-5.000000e-01,-7.071068e-01,-7.960224e-15,-4.999547e-01,-1.204830e-01,-8.064062e-14
10.1,410.0,-5.000000e-01,4.283877e-15,7.071068e-01,-4.999593e-01,-1.542361e-14,1.207479e-01,-5.000000e-01,7.071068e-01,-1.722608e-15,-4.999593e-01,1.207479e-01,-1.377180e-13,-5.000000e-01,-5.081873e-15,-7.071068e-01,-4.999593e-01,3.590760e-14,-1.207479e-01,-5.000000e-01,-7.071068e-01,1.099521e-15,-4.999593e-01,-1.207479e-01,1.366726e-13
10.1,435.0,-5.000000e-01,1.644676e-14,7.071068e-01,-4.999639e-01,2.304874e-13,1.210136e-01,-5.000000e-01,7.071068e-01,-6.796288e-15,-4.999639e-01,1.210136e-01,1.500210e-13,-5.000000e-01,-1.449777e-14,-7.071068e-01,-4.999639e-01,-2.345575e-13,-1.210136e-01,-5.000000e-01,-7.071068e-01,4.662273e-15,-4.999639e-01,-1.210136e-01,-1.506769e-13
10.1,460.0,-5.000000e-01,-3.779777e-15,7.071068e-01,-4.999685e-01,1.626925e-13,1.212801e-01,-5.000000e-01,7.071068e-01,-4.359103e-15,-4.999685e-01,1.212801e-01,1.938415e-13,-5.000000e-01,1.672468e-15,-7.071068e-01,-4.999685e-01,-1.668575e-13,-1.212801e-01,-5.000000e-01,-7.071068e-01,3.008102e-15,-4.999685e-01,-1.212801e-01,-1.936276e-13
10.1,485.0,-5.000000e-01,3.027025e-15,7.071068e-01,-4.999732e-01,2.089001e-13,1.215474e-01,-5.000000e-01,7.071068e-01,-6.524347e-15,-4.999732e-01,1.215474e-01,2.499090e-14,-5.000000e-01,-1.744991e-15,-7.071068e-01,-4.999732e-01,-2.119237e-13,-1.215474e-01,-5.000000e-01,-7.071068e-01,7.856614e-15,-4.999732e-01,-1.215474e-01,-2.200285e-14
10.1,510.0,-5.000000e-01,-2.014538e-14,7.071068e-01,-4.999778e-01,-2.708007e-14,1.218155e-01,-5.000000e-01,7.071068e-01,1.345443e-14,-4.999778e-01,1.218155e-01,4.317632e-13,-5.000000e-01,1.963857e-14,-7.071068e-01,-4.999778e-01,2.551793e-14,-1.218155e-01,-5.000000e-01,-7.071068e-01,-1.309064e-14,-4.999778e-01,-1.218155e-01,-4.276906e-13
10.1,535.0,-5.000000e-01,-3.932293e-15,7.071068e-01,-4.999825e-01,-3.087821e-13,1.220844e-01,-5.000000e-01,7.071068e-01,1.122640e-14,-4.999825e-01,1.220844e-01,-4.874949e-14,-5.000000e-01,4.205844e-15,-7.071068e-01,-4.999825e-01,3.277744e-13,-1.220844e-01,-5.000000e-01,-7.071068e-01,-1.266169e-14,-4.999825e-01,-1.220844e-01,5.495156e-14
10.1,560.0,-5.000000e-01,-5.178180e-15,7.071068e-01,-4.999871e-01,1.323560e-15,1.223541e-01,-5.000000e-01,7.071068e-01,5.733086e-15,-4.999871e-01,1.223541e-01,4.052208e-15,-5.000000e-01,6.508685e-15,-7.071068e-01,-4.999871e-01,4.675445e-14,-1.223541e-01,-5.000000e-01,-7.071068e-01,-6.337491e-15,-4.999871e-01,-1.223541e-01,-1.481774e-14
10.1,585.0,-5.000000e-01,-6.982374e-15,7.071068e-01,-4.999918e-01,-1.152696e-13,1.226246e-01,-5.000000e-01,7.071068e-01,8.148971e-15,-4.999918e-01,1.226246e-01,5.066407e-15,-5.000000e-01,7.613855e-15,-7.071068e-01,-4.999918e-01,1.233204e-13,-1.226246e-01,-5.000000e-01,-7.071068e-01,-6.972615e-15,-4.999918e-01,-1.226246e-01,-8.449522e-15
10.1,610.0,-5.000000e-01,1.255719e-14,7.071068e-01,-4.999965e-01,-1.893918e-13,1.228959e-01,-5.000000e-01,7.071068e-01,-5.194039e-15,-4.999965e-01,1.228959e-01,-5.375577e-15,-5.000000e-01,-1.541611e-14,-7.071068e-01,-4.999965e-01,1.118520e-13,-1.228959e-01,-5.000000e-01,-7.071068e-01,2.774994e-15,-4.999965e-01,-1.228959e-01,-1.019107e-14
10.1,635.0,-5.000000e-01,9.399932e-15,7.071068e-01,-5.000012e-01,-7.481935e-15,1.231680e-01,-5.000000e-01,7.071068e-01,-6.221067e-15,-5.000012e-01,1.231680e-01,-1.345791e-13,-5.000000e-01,-9.161028e-15,-7.071068e-01,-5.000012e-01,1.451880e-14,-1.231680e-01,-5.000000e-01,-7.071068e-01,3.630802e-15,-5.000012e-01,-1.231680e-01,1.326844e-13
10.1,660.0,-5.000000e-01,-2.354287e-16,7.071068e-01,-5.000060e-01,-2.392574e-16,1.234409e-01,-5.000000e-01,7.071068e-01,-1.776117e-16,-5.000060e-01,1.234409e-01,-2.576038e-14,-5.000000e-01,-4.889674e-16,-7.071068e-01,-5.000060e-01,2.298704e-15,-1.234409e-01,-5.000000e-01,-7.071068e-01,5.943268e-16,-5.000060e-01,-1.234409e-01,2.647775e-14
10.1,685.0,-5.000000e-01,-8.150556e-15,7.071068e-01,-5.000107e-01,-5.748279e-14,1.237147e-01,-5.000000e-01,7.071068e-01,6.329887e-15,-5.000107e-01,1.237147e-01,1.739023e-13,-5.000000e-01,6.101482e-15,-7.071068e-01,-5.000107e-01,-4.879377e-15,-1.237147e-01,-5.000000e-01,-7.071068e-01,-4.367910e-15,-5.000107e-01,-1.237147e-01,-1.671438e-13
10.1,710.0,-5.000000e-01,-1.203565e-15,7.071068e-01,-5.000155e-01,-2.887850e-13,1.239892e-01,-5.000000e-01,7.071068e-01,6.964127e-15,-5.000155e-01,1.239892e-01,-3.941760e-15,-5.000000e-01,1.931139e-15,-7.071068e-01,-5.000155e-01,2.910470e-13,-1.239892e-01,-5.000000e-01,-7.071068e-01,-9.243296e-15,-5.000155e-01,-1.239892e-01,-5.981865e-16
10.1,735.0,-5.000000e-01,3.867075e-15,7.071068e-01,-5.000202e-01,1.000852e-13,1.242646e-01,-5.000000e-01,7.071068e-01,-5.238922e-15,-5.000202e-01,1.242646e-01,-2.582178e-14,-5.000000e-01,-3.808483e-15,-7.071068e-01,-5.000202e-01,-1.103490e-13,-1.242646e-01,-5.000000e-01,-7.071068e-01,1.757699e-15,-5.000202e-01,-1.242646e-01,2.429688e-14
10.1,760.0,-5.000000e-01,-1.274463e-14,7.071068e-01,-5.000250e-01,-1.038955e-13,1.245409e-01,-5.000000e-01,7.071068e-01,1.346179e-14,-5.000250e-01,1.245409e-01,8.739158e-14,-5.000000e-01,1.469220e-14,-7.071068e-01,-5.000250e-01,1.444398e-13,-1.245409e-01,-5.000000e-01,-7.071068e-01,-1.467269e-14,-5.000250e-01,-1.245409e-01,-9.146332e-14
10.1,785.0,-5.000000e-01,-2.337755e-15,7.071068e-01,-5.000298e-01,-1.015678e-13,1.248179e-01,-5.000000e-01,7.071068e-01,3.091815e-15,-5.000298e-01,1.248179e-01,6.371884e-14,-5.000000e-01,1.735606e-15,-7.071068e-01,-5.000298e-01,1.086299e-13,-1.248179e-01,-5.000000e-01,-7.071068e-01,-2.657989e-15,-5.000298e-01,-1.248179e-01,-6.065536e-14
10.1,810.0,-5.000000e-01,3.705656e-15,7.071068e-01,-5.000346e-01,-8.091367e-14,1.250958e-01,-5.000000e-01,7.071068e-01,-3.214582e-15,-5.000346e-01,1.250958e-01,1.606814e-14,-5.000000e-01,-5.001723e-15,-7.071068e-01,-5.000346e-01,8.124399e-14,-1.250958e-01,-5.000000e-01,-7.071068e-01,1.659881e-15,-5.000346e-01,-1.250958e-01,-1.553221e-14
10.1,835.0,-5.000000e-01,-4.527347e-15,7.071068e-01,-5.000395e-01,-3.087769e-13,1.253746e-01,-5.000000e-01,7.071068e-01,4.035470e-15,-5.000395e-01,1.253746e-01,3.783425e-15,-5.000000e-01,-7.356939e-16,-7.071068e-01,-5.000395e-01,1.375946e-13,-1.253746e-01,-5.000000e-01,-7.071068e-01,-5.256528e-15,-5.000395e-01,-1.253746e-01,-2.285794e-14
10.1,860.0,-5.000000e-01,-4.616197e-15,7.071068e-01,-5.000443e-01,8.562321e-14,1.256541e-01,-5.000000e-01,7.071068e-01,-5.283067e-15,-5.000443e-01,1.256541e-01,2.058062e-14,-5.000000e-01,-9.749133e-15,-7.071068e-01,-5.000443e-01,-2.271559e-13,-1.256541e-01,-5.000000e-01,-7.071068e-01,8.461707e-15,-5.000443e-01,-1.256541e-01,-3.849830e-14
10.1,885.0,-5.000000e-01,1.571115e-15,7.071068e-01,-5.000491e-01,6.487904e-14,1.259346e-01,-5.000000e-01,7.071068e-01,-8.107039e-16,-5.000491e-01,1.259346e-01,2.212559e-14,-5.000000e-01,-4.142031e-15,-7.071068e-01,-5.000491e-01,-3.130535e-14,-1.259346e-01,-5.000000e-01,-7.071068e-01,3.063265e-15,-5.000491e-01,-1.259346e-01,2.171405e-14
12.6,10.0,-5.000000e-01,-4.510300e-16,7.071068e-01,-4.996189e-01,-1.354767e-14,9.832283e-02,-5.000000e-01,7.071068e-01,2.959321e-14,-4.996189e-01,9.832283e-02,1.994062e-14,-5.000000e-01,3.516325e-15,-7.071068e-01,-4.996189e-01,5.972309e-14,-9.832283e-02,-5.000000e-01,-7.071068e-01,-2.139633e-14,-4.996189e-01,-9.832283e-02,-1.387073e-14
12.6,35.0,-5.000000e-01,-4.020882e-16,7.071068e-01,-4.996217e-01,1.362877e-13,9.852585e-02,-5.000000e-01,7.071068e-01,2.223297e-14,-4.996217e-01,9.852585e-02,3.468378e-14,-5.000000e-01,4.574738e-15,-7.071068e-01,-4.996217e-01,-9.218540e-15,-9.852585e-02,-5.000000e-01,-7.071068e-01,2.089792e-14,-4.996217e-01,-9.852585e-02,4.094015e-15
12.6,60.0,-5.000000e-01,-5.739877e-15,7.071068e-01,-4.996245e-01,-6.493537e-14,9.872947e-02,-5.000000e-01,7.071068e-01,4.458428e-16,-4.996245e-01,9.872947e-02,-4.625724e-15,-5.000000e-01,3.340253e-15,-7.071068e-01,-4.996245e-01,-2.952206e-14,-9.872947e-02,-5.000000e-01,-7.071068e-01,-4.256820e-15,-4.996245e-01,-9.872947e-02,-2.085798e-14
12.6,85.0,-5.000000e-01,5.250620e-15,7.071068e-01,-4.996273e-01,5.721415e-14,9.893370e-02,-5.000000e-01,7.071068e-01,1.433282e-15,-4.996273e-01,9.893370e-02,3.762817e-15,-5.000000e-01,-2.034162e-15,-7.071068e-01,-4.996273e-01,1.652026e-14,-9.893370e-02,-5.000000e-01,-7.071068e-01,1.209976e-14,-4.996273e-01,-9.893370e-02,-1.834340e-14
12.6,110.0,-5.000000e-01,2.307394e-15,7.071068e-01,-4.996302e-01,1.645593e-14,9.913853e-02,-5.000000e-01,7.071068e-01,-4.270967e-15,-4.996302e-01,9.913853e-02,-1.271423e-13,-5.000000e-01,-8.364302e-15,-7.071068e-01,-4.996302e-01,-2.134566e-15,-9.913853e-02,-5.000000e-01,-7.071068e-01,7.607280e-16,-4.996302e-01,-9.913853e-02,4.119735e-14
12.6,135.0,-5.000000e-01,2.757107e-15,7.071068e-01,-4.996331e-01,5.536528e-14,9.934396e-02,-5.000000e-01,7.071068e-01,-1.349324e-14,-4.996331e-01,9.934396e-02,1.261590e-14,-5.000000e-01,1.072057e-15,-7.071068e-01,-4.996331e-01,-6.858149e-14,-9.934396e-02,-5.000000e-01,-7.071068e-01,1.276539e-14,-4.996331e-01,-9.934396e-02,-6.754306e-14
12.6,160.0,-5.000000e-01,1.948801e-14,7.071068e-01,-4.996359e-01,3.296318e-14,9.955001e-02,-5.000000e-01,7.071068e-01,-2.550633e-14,-4.996359e-01,9.955001e-02,1.747673e-14,-5.000000e-01,-1.959393e-15,-7.071068e-01,-4.996359e-01,-1.757927e-14,-9.955001e-02,-5.000000e-01,-7.071068e-01,3.517443e-14,-4.996359e-01,-9.955001e-02,1.215093e-14
12.6,185.0,-5.000000e-01,5.241801e-15,7.071068e-01,-4.996388e-01,2.269425e-14,9.975667e-02,-5.000000e-01,7.071068e-01,-4.911011e-15,-4.996388e-01,9.975667e-02,1.175381e-13,-5.000000e-01,-3.166922e-15,-7.071068e-01,-4.996388e-01,2.828089e-15,-9.975667e-02,-5.000000e-01,-7.071068e-01,1.490132e-14,-4.996388e-01,-9.975667e-02,-9.795598e-15
12.6,210.0,-5.000000e-01,-3.399847e-15,7.071068e-01,-4.996417e-01,3.268078e-14,9.996394e-02,-5.000000e-01,7.071068e-01,2.130256e-15,-4.996417e-01,9.996394e-02,1.024575e-14,-5.000000e-01,6.749860e-15,-7.071068e-01,-4.996417e-01,-1.292951e-14,-9.996394e-02,-5.000000e-01,-7.071068e-01,-4.142165e-16,-4.996417e-01,-9.996394e-02,-1.297227e-14
12.6,235.0,-5.000000e-01,-9.312385e-15,7.071068e-01,-4.996446e-01,-6.148616e-14,1.001718e-01,-5.000000e-01,7.071068e-01,8.622049e-15,-4.996446e-01,1.001718e-01,4.176391e-14,-5.000000e-01,8.787530e-15,-7.071068e-01,-4.996446e-01,4.545804e-14,-1.001718e-01,-5.000000e-01,-7.071068e-01,-8.568496e-15,-4.996446e-01,-1.001718e-01,-1.001706e-14
12.6,260.0,-5.000000e-01,6.662039e-15,7.071068e-01,-4.996475e-01,3.329414e-14,1.003803e-01,-5.000000e-01,7.071068e-01,-3.651413e-15,-4.996475e-01,1.003803e-01,4.857029e-14,-5.000000e-01,-3.745325e-15,-7.071068e-01,-4.996475e-01,-7.854709e-15,-1.003803e-01,-5.000000e-01,-7.071068e-01,7.798225e-15,-4.996475e-01,-1.003803e-01,-7.048743e-15
12.6,285.0,-5.000000e-01,1.929519e-15,7.071068e-01,-4.996504e-01,8.670387e-14,1.005895e-01,-5.000000e-01,7.071068e-01,6.295840e-16,-4.996504e-01,1.005895e-01,-7.635740e-14,-5.000000e-01,1.213322e-15,-7.071068e-01,-4.996504e-01,-9.133716e-15,-1.005895e-01,-5.000000e-01,-7.071068e-01,-7.583123e-15,-4.996504e-01,-1.005895e-01,2.641164e-14
12.6,310.0,-5.000000e-01,-5.299522e-15,7.071068e-01,-4.996533e-01,-5.540510e-14,1.007992e-01,-5.000000e-01,7.071068e-01,4.243754e-15,-4.996533e-01,1.007992e-01,3.521711e-14,-5.000000e-01,2.140036e-15,-7.071068e-01,-4.996533e-01,-2.640746e-14,-1.007992e-01,-5.000000e-01,-7.071068e-01,-2.776778e-15,-4.996533e-01,-1.007992e-01,-2.002822e-14
12.6,335.0,-5.000000e-01,-2.070064e-15,7.071068e-01,-4.996562e-01,-4.006522e-15,1.010096e-01,-5.000000e-01,7.071068e-01,-6.879598e-15,-4.996562e-01,1.010096e-01,-1.780628e-14,-5.000000e-01,2.435369e-15,-7.071068e-01,-4.996562e-01,1.306844e-14,-1.010096e-01,-5.000000e-01,-7.071068e-01,1.010409e-14,-4.996562e-01,-1.010096e-01,-5.567785e-14
12.6,360.0,-5.000000e-01,-1.092039e-14,7.071068e-01,-4.996591e-01,-7.486500e-14,1.012206e-01,-5.000000e-01,7.071068e-01,1.267736e-14,-4.996591e-01,1.012206e-01,2.997047e-14,-5.000000e-01,1.074653e-14,-7.071068e-01,-4.996591e-01,1.774525e-14,-1.012206e-01,-5.000000e-01,-7.071068e-01,-1.827031e-14,-4.996591e-01,-1.012206e-01,-3.685124e-14
12.6,385.0,-5.000000e-01,-4.610569e-15,7.071068e-01,-4.996621e-01,-3.115103e-14,1.014322e-01,-5.000000e-01,7.071068e-01,1.683718e-15,-4.996621e-01,1.014322e-01,1.945045e-14,-5.000000e-01,2.335223e-15,-7.071068e-01,-4.996621e-01,-1.006115e-14,-1.014322e-01,-5.000000e-01,-7.071068e-01,2.542235e-15,-4.996621e-01,-1.014322e-01,1.935694e-14
12.6,410.0,-5.000000e-01,8.510749e-15,7.071068e-01,-4.996650e-01,2.228780e-14,1.016445e-01,-5.000000e-01,7.071068e-01,-4.953442e-15,-4.996650e-01,1.016445e-01,-1.055592e-14,-5.000000e-01,-1.100504e-14,-7.071068e-01,-4.996650e-01,-1.234000e-14,-1.016445e-01,-5.000000e-01,-7.071068e-01,1.169389e-14,-4.996650e-01,-1.016445e-01,5.369561e-14
12.6,435.0,-5.000000e-01,-8.100999e-17,7.071068e-01,-4.996680e-01,-4.068257e-14,1.018574e-01,-5.000000e-01,7.071068e-01,-3.814561e-15,-4.996680e-01,1.018574e-01,1.861950e-14,-5.000000e-01,3.744746e-15,-7.071068e-01,-4.996680e-01,2.109191e-14,-1.018574e-01,-5.000000e-01,-7.071068e-01,-3.011496e-16,-4.996680e-01,-1.018574e-01,-1.750065e-14
12.6,460.0,-5.000000e-01,-3.627002e-15,7.071068e-01,-4.996710e-01,3.380571e-14,1.020709e-01,-5.000000e-01,7.071068e-01,7.026167e-16,-4.996710e-01,1.020709e-01,5.647981e-14,-5.000000e-01,2.560236e-15,-7.071068e-01,-4.996710e-01,-5.569238e-15,-1.020709e-01,-5.000000e-01,-7.071068e-01,1.003895e-14,-4.996710e-01,-1.020709e-01,3.103128e-15
12.6,485.0,-5.000000e-01,-2.386636e-15,7.071068e-01,-4.996739e-01,-7.013587e-14,1.022851e-01,-5.000000e-01,7.071068e-01,-1.890594e-15,-4.996739e-01,1.022851e-01,5.744054e-14,-5.000000e-01,1.942610e-15,-7.071068e-01,-4.996739e-01,6.590449e-14,-1.022851e-01,-5.000000e-01,-7.071068e-01,-5.954149e-15,-4.996739e-01,-1.022851e-01,-1.642955e-14
12.6,510.0,-5.000000e-01,-7.281565e-15,7.071068e-01,-4.996769e-01,-2.018613e-14,1.024999e-01,-5.000000e-01,7.071068e-01,-1.569586e-14,-4.996769e-01,1.024999e-01,-8.242662e-15,-5.000000e-01,1.399335e-14,-7.071068e-01,-4.996769e-01,1.279335e-14,-1.024999e-01,-5.000000e-01,-7.071068e-01,1.315856e-14,-4.996769e-01,-1.024999e-01,1.421611e-14
12.6,535.0,-5.000000e-01,-2.233063e-15,7.071068e-01,-4.996799e-01,5.426639e-14,1.027153e-01,-5.000000e-01,7.071068e-01,4.028774e-15,-4.996799e-01,1.027153e-01,8.072033e-14,-5.000000e-01,3.907859e-15,-7.071068e-01,-4.996799e-01,-4.980734e-15,-1.027153e-01,-5.000000e-01,-7.071068e-01,1.171647e-14,-4.996799e-01,-1.027153e-01,2.970115e-14
12.6,560.0,-5.000000e-01,3.861855e-15,7.071068e-01,-4.996829e-01,5.364867e-14,1.029314e-01,-5.000000e-01,7.071068e-01,6.653806e-16,-4.996829e-01,1.029314e-01,-3.498331e-14,-5.000000e-01,-4.849758e-15,-7.071068e-01,-4.996829e-01,-2.279613e-14,-1.029314e-01,-5.000000e-01,-7.071068e-01,-1.053519e-15,-4.996829e-01,-1.029314e-01,3.648046e-14
12.6,585.0,-5.000000e-01,-3.186267e-15,7.071068e-01,-4.996859e-01,4.600932e-14,1.031481e-01,-5.000000e-01,7.071068e-01,-3.103383e-15,-4.996859e-01,1.031481e-01,-7.258223e-15,-5.000000e-01,1.513847e-15,-7.071068e-01,-4.996859e-01,-2.400118e-14,-1.031481e-01,-5.000000e-01,-7.071068e-01,2.091312e-15,-4.996859e-01,-1.031481e-01,-3.890020e-15
12.6,610.0,-5.000000e-01,3.351921e-15,7.071068e-01,-4.996890e-01,8.051629e-14,1.033655e-01,-5.000000e-01,7.071068e-01,-6.760009e-15,-4.996890e-01,1.033655e-01,5.882869e-15,-5.000000e-01,-5.061068e-15,-7.071068e-01,-4.996890e-01,-8.278325e-14,-1.033655e-01,-5.000000e-01,-7.071068e-01,1.034609e-14,-4.996890e-01,-1.033655e-01,-7.142835e-15
12.6,635.0,-5.000000e-01,-5.865998e-15,7.071068e-01,-4.996920e-01,-7.267114e-14,1.035836e-01,-5.000000e-01,7.071068e-01,1.180766e-14,-4.996920e-01,1.035836e-01,6.766866e-15,-5.000000e-01,4.650521e-15,-7.071068e-01,-4.996920e-01,7.499206e-14,-1.035836e-01,-5.000000e-01,-7.071068e-01,-5.479475e-15,-4.996920e-01,-1.035836e-01,-2.264661e-15
12.6,660.0,-5.000000e-01,1.333651e-14,7.071068e-01,-4.996950e-01,2.182414e-14,1.038023e-01,-5.000000e-01,7.071068e-01,-9.124112e-15,-4.996950e-01,1.038023e-01,-5.690409e-14,-5.000000e-01,-1.362898e-14,-7.071068e-01,-4.996950e-01,-1.872135e-14,-1.038023e-01,-5.000000e-01,-7.071068e-01,1.005788e-14,-4.996950e-01,-1.038023e-01,5.445788e-14
12.6,685.0,-5.000000e-01,-3.805864e-16,7.071068e-01,-4.996981e-01,3.636897e-14,1.040216e-01,-5.000000e-01,7.071068e-01,-8.210345e-15,-4.996981e-01,1.040216e-01,-6.546850e-15,-5.000000e-01,9.786508e-16,-7.071068e-01,-4.996981e-01,-3.369517e-14,-1.040216e-01,-5.000000e-01,-7.071068e-01,1.401643e-15,-4.996981e-01,-1.040216e-01,5.178609e-15
12.6,710.0,-5.000000e-01,-7.127074e-15,7.071068e-01,-4.997011e-01,-7.770827e-14,1.042416e-01,-5.000000e-01,7.071068e-01,7.443145e-15,-4.997011e-01,1.042416e-01,1.286448e-14,-5.000000e-01,8.430285e-15,-7.071068e-01,-4.997011e-01,6.549650e-14,-1.042416e-01,-5.000000e-01,-7.071068e-01,-9.391780e-15,-4.997011e-01,-1.042416e-01,-3.783139e-14
12.6,735.0,-5.000000e-01,5.524422e-16,7.071068e-01,-4.997042e-01,-5.960989e-14,1.044623e-01,-5.000000e-01,7.071068e-01,-1.982107e-15,-4.997042e-01,1.044623e-01,-1.086782e-14,-5.000000e-01,8.370337e-16,-7.071068e-01,-4.997042e-01,6.535242e-14,-1.044623e-01,-5.000000e-01,-7.071068e-01,-8.619728e-15,-4.997042e-01,-1.044623e-01,6.632550e-15
12.6,760.0,-5.000000e-01,7.068859e-15,7.071068e-01,-4.997073e-01,2.243339e-13,1.046836e-01,-5.000000e-01,7.071068e-01,-8.711294e-15,-4.997073e-01,1.046836e-01,-1.800410e-14,-5.000000e-01,-5.624772e-15,-7.071068e-01,-4.997073e-01,-2.289632e-13,-1.046836e-01,-5.000000e-01,-7.071068e-01,6.844588e-15,-4.997073e-01,-1.046836e-01,1.899757e-14
12.6,785.0,-5.000000e-01,-1.079663e-14,7.071068e-01,-4.997104e-01,-4.054122e-14,1.049056e-01,-5.000000e-01,7.071068e-01,6.934363e-15,-4.997104e-01,1.049056e-01,1.096341e-13,-5.000000e-01,3.076135e-15,-7.071068e-01,-4.997104e-01,-5.645853e-14,-1.049056e-01,-5.000000e-01,-7.071068e-01,-1.260073e-14,-4.997104e-01,-1.049056e-01,-1.005040e-14
12.6,810.0,-5.000000e-01,5.689151e-15,7.071068e-01,-4.997135e-01,1.272412e-13,1.051283e-01,-5.000000e-01,7.071068e-01,-1.214960e-15,-4.997135e-01,1.051283e-01,1.171148e-14,-5.000000e-01,-3.980747e-16,-7.071068e-01,-4.997135e-01,-2.840583e-14,-1.051283e-01,-5.000000e-01,-7.071068e-01,-1.767630e-15,-4.997135e-01,-1.051283e-01,-1.854639e-14
12.6,835.0,-5.000000e-01,7.367969e-15,7.071068e-01,-4.997166e-01,1.462860e-13,1.053517e-01,-5.000000e-01,7.071068e-01,-4.264885e-15,-4.997166e-01,1.053517e-01,-2.512749e-14,-5.000000e-01,-5.891018e-15,-7.071068e-01,-4.997166e-01,-5.425939e-15,-1.053517e-01,-5.000000e-01,-7.071068e-01,-1.029954e-15,-4.997166e-01,-1.053517e-01,7.459901e-15
12.6,860.0,-5.000000e-01,-5.012366e-15,7.071068e-01,-4.997197e-01,1.619033e-13,1.055757e-01,-5.000000e-01,7.071068e-01,-1.832177e-15,-4.997197e-01,1.055757e-01,2.447370e-13,-5.000000e-01,4.956047e-15,-7.071068e-01,-4.997197e-01,-2.121190e-13,-1.055757e-01,-5.000000e-01,-7.071068e-01,1.380397e-14,-4.997197e-01,-1.055757e-01,-9.045713e-14
12.6,885.0,-5.000000e-01,-9.124091e-15,7.071068e-01,-4.997228e-01,-4.338498e-14,1.058004e-01,-5.000000e-01,7.071068e-01,6.653453e-15,-4.997228e-01,1.058004e-01,8.724725e-14,-5.000000e-01,3.165501e-15,-7.071068e-01,-4.997228e-01,-1.076048e-13,-1.058004e-01,-5.000000e-01,-7.071068e-01,2.292369e-15,-4.997228e-01,-1.058004e-01,-1.701890e-14
15.1,10.0,-5.000000e-01,-6.045480e-15,7.071068e-01,-4.995191e-01,-1.492692e-13,8.698598e-02,-5.000000e-01,7.071068e-01,-1.048117e-15,-4.995191e-01,8.698598e-02,6.810732e-16,-5.000000e-01,1.375729e-14,-7.071068e-01,-4.995191e-01,9.538254e-14,-8.698598e-02,-5.000000e-01,-7.071068e-01,1.176220e-14,-4.995191e-01,-8.698598e-02,3.165214e-14
15.1,35.0,-5.000000e-01,1.725675e-14,7.071068e-01,-4.995211e-01,8.554586e-14,8.715531e-02,-5.000000e-01,7.071068e-01,-1.014183e-14,-4.995211e-01,8.715531e-02,-4.057528e-16,-5.000000e-01,3.657219e-15,-7.071068e-01,-4.995211e-01,1.731283e-14,-8.715531e-02,-5.000000e-01,-7.071068e-01,-7.407942e-15,-4.995211e-01,-8.715531e-02,3.056823e-15
15.1,60.0,-5.000000e-01,-1.967405e-15,7.071068e-01,-4.995231e-01,3.142454e-14,8.732514e-02,-5.000000e-01,7.071068e-01,5.707082e-15,-4.995231e-01,8.732514e-02,6.811674e-14,-5.000000e-01,2.230173e-15,-7.071068e-01,-4.995231e-01,4.306826e-15,-8.732514e-02,-5.000000e-01,-7.071068e-01,-7.989915e-15,-4.995231e-01,-8.732514e-02,-5.772399e-14
15.1,85.0,-5.000000e-01,1.520425e-14,7.071068e-01,-4.995250e-01,9.859368e-14,8.749547e-02,-5.000000e-01,7.071068e-01,-1.755445e-14,-4.995250e-01,8.749547e-02,-2.511233e-13,-5.000000e-01,-7.847036e-15,-7.071068e-01,-4.995250e-01,7.106447e-15,-8.749547e-02,-5.000000e-01,-7.071068e-01,-4.544843e-15,-4.995250e-01,-8.749547e-02,3.302980e-14
15.1,110.0,-5.000000e-01,2.927832e-17,7.071068e-01,-4.995270e-01,-7.404233e-14,8.766630e-02,-5.000000e-01,7.071068e-01,-1.660476e-14,-4.995270e-01,8.766630e-02,7.285629e-14,-5.000000e-01,-1.847744e-16,-7.071068e-01,-4.995270e-01,1.327120e-14,-8.766630e-02,-5.000000e-01,-7.071068e-01,2.600923e-14,-4.995270e-01,-8.766630e-02,3.047136e-14
15.1,135.0,-5.000000e-01,-2.101257e-15,7.071068e-01,-4.995290e-01,-3.769692e-14,8.783764e-02,-5.000000e-01,7.071068e-01,3.991663e-15,-4.995290e-01,8.783764e-02,4.205435e-14,-5.000000e-01,5.429711e-15,-7.071068e-01,-4.995290e-01,4.715758e-14,-8.783764e-02,-5.000000e-01,-7.071068e-01,2.180062e-15,-4.995290e-01,-8.783764e-02,1.271301e-14
15.1,160.0,-5.000000e-01,-1.016680e-14,7.071068e-01,-4.995310e-01,-1.357400e-13,8.800950e-02,-5.000000e-01,7.071068e-01,7.444600e-15,-4.995310e-01,8.800950e-02,2.773962e-14,-5.000000e-01,8.967642e-15,-7.071068e-01,-4.995310e-01,8.749117e-14,-8.800950e-02,-5.000000e-01,-7.071068e-01,-1.236071e-14,-4.995310e-01,-8.800950e-02,-3.852032e-15
15.1,185.0,-5.000000e-01,-1.755977e-14,7.071068e-01,-4.995330e-01,-6.315084e-14,8.818186e-02,-5.000000e-01,7.071068e-01,-1.552238e-14,-4.995330e-01,8.818186e-02,-4.346321e-14,-5.000000e-01,1.038116e-14,-7.071068e-01,-4.995330e-01,-5.950936e-15,-8.818186e-02,-5.000000e-01,-7.071068e-01,2.881953e-14,-4.995330e-01,-8.818186e-02,3.135221e-14
15.1,210.0,-5.000000e-01,1.694315e-14,7.071068e-01,-4.995350e-01,9.322975e-14,8.835473e-02,-5.000000e-01,7.071068e-01,-2.731942e-14,-4.995350e-01,8.835473e-02,-8.882064e-14,-5.000000e-01,-1.852709e-14,-7.071068e-01,-4.995350e-01,-8.628712e-14,-8.835473e-02,-5.000000e-01,-7.071068e-01,4.385237e-14,-4.995350e-01,-8.835473e-02,7.135742e-14
15.1,235.0,-5.000000e-01,3.826982e-15,7.071068e-01,-4.995370e-01,6.246423e-14,8.852811e-02,-5.000000e-01,7.071068e-01,9.642077e-15,-4.995370e-01,8.852811e-02,-1.527983e-14,-5.000000e-01,1.248580e-14,-7.071068e-01,-4.995370e-01,1.133564e-13,-8.852811e-02,-5.000000e-01,-7.071068e-01,-1.695152e-14,-4.995370e-01,-8.852811e-02,3.707585e-15
15.1,260.0,-5.000000e-01,6.708256e-15,7.071068e-01,-4.995390e-01,1.453698e-13,8.870201e-02,-5.000000e-01,7.071068e-01,-1.404324e-14,-4.995390e-01,8.870201e-02,2.985414e-14,-5.000000e-01,-1.535048e-16,-7.071068e-01,-4.995390e-01,-5.892564e-14,-8.870201e-02,-5.000000e-01,-7.071068e-01,1.007200e-14,-4.995390e-01,-8.870201e-02,-3.273982e-14
15.1,285.0,-5.000000e-01,1.698641e-14,7.071068e-01,-4.995411e-01,2.070067e-13,8.887643e-02,-5.000000e-01,7.071068e-01,2.084865e-14,-4.995411e-01,8.887643e-02,2.830519e-13,-5.000000e-01,-1.312710e-14,-7.071068e-01,-4.995411e-01,-4.120447e-14,-8.887643e-02,-5.000000e-01,-7.071068e-01,-1.393026e-14,-4.995411e-01,-8.887643e-02,-4.873691e-14
15.1,310.0,-5.000000e-01,7.551643e-15,7.071068e-01,-4.995431e-01,6.525365e-14,8.905137e-02,-5.000000e-01,7.071068e-01,-4.143458e-15,-4.995431e-01,8.905137e-02,-3.182912e-14,-5.000000e-01,-1.257289e-14,-7.071068e-01,-4.995431e-01,-7.768514e-15,-8.905137e-02,-5.000000e-01,-7.071068e-01,-4.706150e-15,-4.995431e-01,-8.905137e-02,2.216229e-14
15.1,335.0,-5.000000e-01,-1.204149e-14,7.071068e-01,-4.995451e-01,-1.113473e-13,8.922683e-02,-5.000000e-01,7.071068e-01,1.675946e-14,-4.995451e-01,8.922683e-02,1.009398e-13,-5.000000e-01,7.462975e-15,-7.071068e-01,-4.995451e-01,5.719640e-15,-8.922683e-02,-5.000000e-01,-7.071068e-01,-1.529309e-14,-4.995451e-01,-8.922683e-02,-8.417706e-16
15.1,360.0,-5.000000e-01,-7.520964e-15,7.071068e-01,-4.995472e-01,-1.268188e-13,8.940281e-02,-5.000000e-01,7.071068e-01,1.594835e-14,-4.995472e-01,8.940281e-02,5.764136e-14,-5.000000e-01,7.304706e-15,-7.071068e-01,-4.995472e-01,1.184531e-14,-8.940281e-02,-5.000000e-01,-7.071068e-01,-5.402263e-15,-4.995472e-01,-8.940281e-02,4.296847e-14
15.1,385.0,-5.000000e-01,-1.688856e-14,7.071068e-01,-4.995492e-01,-8.301957e-14,8.957931e-02,-5.000000e-01,7.071068e-01,5.716277e-15,-4.995492e-01,8.957931e-02,5.207385e-14,-5.000000e-01,1.807770e-14,-7.071068e-01,-4.995492e-01,5.347348e-14,-8.957931e-02,-5.000000e-01,-7.071068e-01,-9.850371e-15,-4.995492e-01,-8.957931e-02,-6.543724e-14
15.1,410.0,-5.000000e-01,-1.774291e-15,7.071068e-01,-4.995513e-01,2.233487e-14,8.975635e-02,-5.000000e-01,7.071068e-01,-1.956002e-15,-4.995513e-01,8.975635e-02,-1.779361e-14,-5.000000e-01,1.766170e-15,-7.071068e-01,-4.995513e-01,-4.178370e-14,-8.975635e-02,-5.000000e-01,-7.071068e-01,4.547705e-15,-4.995513e-01,-8.975635e-02,3.388024e-14
15.1,435.0,-5.000000e-01,7.974800e-15,7.071068e-01,-4.995534e-01,1.050399e-13,8.993391e-02,-5.000000e-01,7.071068e-01,-9.051102e-15,-4.995534e-01,8.993391e-02,-9.490991e-14,-5.000000e-01,-8.876712e-15,-7.071068e-01,-4.995534e-01,-1.065621e-13,-8.993391e-02,-5.000000e-01,-7.071068e-01,1.199363e-14,-4.995534e-01,-8.993391e-02,9.883660e-14
15.1,460.0,-5.000000e-01,-2.580946e-15,7.071068e-01,-4.995554e-01,-7.503989e-14,9.011200e-02,-5.000000e-01,7.071068e-01,1.146223e-14,-4.995554e-01,9.011200e-02,8.411244e-14,-5.000000e-01,1.510869e-15,-7.071068e-01,-4.995554e-01,4.786639e-14,-9.011200e-02,-5.000000e-01,-7.071068e-01,-1.009285e-14,-4.995554e-01,-9.011200e-02,4.783973e-15
15.1,485.0,-5.000000e-01,3.633251e-16,7.071068e-01,-4.995575e-01,-4.091035e-14,9.029062e-02,-5.000000e-01,7.071068e-01,-1.864370e-16,-4.995575e-01,9.029062e-02,1.620466e-14,-5.000000e-01,-5.190358e-17,-7.071068e-01,-4.995575e-01,4.100955e-14,-9.029062e-02,-5.000000e-01,-7.071068e-01,6.359808e-15,-4.995575e-01,-9.029062e-02,2.174065e-14
15.1,510.0,-5.000000e-01,-5.584243e-15,7.071068e-01,-4.995596e-01,-4.274255e-14,9.046978e-02,-5.000000e-01,7.071068e-01,1.382801e-15,-4.995596e-01,9.046978e-02,-1.143614e-14,-5.000000e-01,-1.081933e-15,-7.071068e-01,-4.995596e-01,-3.385420e-14,-9.046978e-02,-5.000000e-01,-7.071068e-01,-3.437021e-15,-4.995596e-01,-9.046978e-02,7.620932e-15
15.1,535.0,-5.000000e-01,1.729502e-14,7.071068e-01,-4.995617e-01,2.853546e-14,9.064947e-02,-5.000000e-01,7.071068e-01,-4.329457e-15,-4.995617e-01,9.064947e-02,1.214933e-14,-5.000000e-01,-2.318926e-14,-7.071068e-01,-4.995617e-01,-3.243208e-14,-9.064947e-02,-5.000000e-01,-7.071068e-01,7.783293e-15,-4.995617e-01,-9.064947e-02,-3.226035e-14
15.1,560.0,-5.000000e-01,-4.062955e-15,7.071068e-01,-4.995638e-01,-9.549790e-14,9.082970e-02,-5.000000e-01,7.071068e-01,7.204005e-15,-4.995638e-01,9.082970e-02,6.459746e-15,-5.000000e-01,-2.123759e-15,-7.071068e-01,-4.995638e-01,4.906286e-14,-9.082970e-02,-5.000000e-01,-7.071068e-01,-1.189609e-14,-4.995638e-01,-9.082970e-02,-3.243073e-15
15.1,585.0,-5.000000e-01,-1.320701e-14,7.071068e-01,-4.995659e-01,-1.470581e-13,9.101047e-02,-5.000000e-01,7.071068e-01,1.325609e-14,-4.995659e-01,9.101047e-02,4.728900e-14,-5.000000e-01,1.073430e-14,-7.071068e-01,-4.995659e-01,7.854867e-14,-9.101047e-02,-5.000000e-01,-7.071068e-01,-5.343538e-15,-4.995659e-01,-9.101047e-02,5.875127e-14
15.1,610.0,-5.000000e-01,-5.938615e-15,7.071068e-01,-4.995680e-01,-1.621282e-15,9.119178e-02,-5.000000e-01,7.071068e-01,-2.892647e-15,-4.995680e-01,9.119178e-02,1.778271e-14,-5.000000e-01,1.116895e-14,-7.071068e-01,-4.995680e-01,-2.043850e-15,-9.119178e-02,-5.000000e-01,-7.071068e-01,-2.353630e-15,-4.995680e-01,-9.119178e-02,-4.357096e-14
15.1,635.0,-5.000000e-01,-1.899247e-14,7.071068e-01,-4.995701e-01,-1.446668e-13,9.137364e-02,-5.000000e-01,7.071068e-01,1.010907e-14,-4.995701e-01,9.137364e-02,7.000155e-14,-5.000000e-01,1.523681e-14,-7.071068e-01,-4.995701e-01,3.895443e-14,-9.137364e-02,-5.000000e-01,-7.071068e-01,-1.435127e-14,-4.995701e-01,-9.137364e-02,-8.028270e-14
15.1,660.0,-5.000000e-01,7.424811e-15,7.071068e-01,-4.995722e-01,2.724979e-14,9.155604e-02,-5.000000e-01,7.071068e-01,-4.676393e-15,-4.995722e-01,9.155604e-02,-7.635949e-15,-5.000000e-01,-3.735854e-15,-7.071068e-01,-4.995722e-01,2.221866e-14,-9.155604e-02,-5.000000e-01,-7.071068e-01,8.330792e-15,-4.995722e-01,-9.155604e-02,1.496130e-14
15.1,685.0,-5.000000e-01,4.068679e-15,7.071068e-01,-4.995743e-01,7.199724e-14,9.173898e-02,-5.000000e-01,7.071068e-01,-6.671856e-15,-4.995743e-01,9.173898e-02,-5.185652e-15,-5.000000e-01,-3.974786e-15,-7.071068e-01,-4.995743e-01,-5.124350e-14,-9.173898e-02,-5.000000e-01,-7.071068e-01,1.064124e-14,-4.995743e-01,-9.173898e-02,-1.691540e-15
15.1,710.0,-5.000000e-01,-1.271964e-14,7.071068e-01,-4.995764e-01,-1.103504e-13,9.192248e-02,-5.000000e-01,7.071068e-01,-8.712348e-15,-4.995764e-01,9.192248e-02,-9.890960e-14,-5.000000e-01,1.988401e-15,-7.071068e-01,-4.995764e-01,-3.807042e-14,-9.192248e-02,-5.000000e-01,-7.071068e-01,-3.740628e-15,-4.995764e-01,-9.192248e-02,3.047465e-14
15.1,735.0,-5.000000e-01,3.618551e-14,7.071068e-01,-4.995786e-01,-2.288812e-13,9.210653e-02,-5.000000e-01,7.071068e-01,-2.442876e-14,-4.995786e-01,9.210653e-02,-8.666827e-14,-5.000000e-01,-1.969713e-14,-7.071068e-01,-4.995786e-01,1.507936e-14,-9.210653e-02,-5.000000e-01,-7.071068e-01,2.134680e-14,-4.995786e-01,-9.210653e-02,5.171039e-14
15.1,760.0,-5.000000e-01,-1.506639e-14,7.071068e-01,-4.995807e-01,4.804864e-14,9.229113e-02,-5.000000e-01,7.071068e-01,8.589491e-15,-4.995807e-01,9.229113e-02,1.509923e-13,-5.000000e-01,1.797478e-14,-7.071068e-01,-4.995807e-01,3.093347e-14,-9.229113e-02,-5.000000e-01,-7.071068e-01,1.201955e-14,-4.995807e-01,-9.229113e-02,-9.775522e-14
15.1,785.0,-5.000000e-01,-1.367460e-14,7.071068e-01,-4.995829e-01,-7.423433e-14,9.247629e-02,-5.000000e-01,7.071068e-01,-1.105605e-15,-4.995829e-01,9.247629e-02,1.256107e-13,-5.000000e-01,-8.664783e-15,-7.071068e-01,-4.995829e-01,-2.024487e-13,-9.247629e-02,-5.000000e-01,-7.071068e-01,5.237579e-15,-4.995829e-01,-9.247629e-02,-4.429626e-14
15.1,810.0,-5.000000e-01,-6.489618e-16,7.071068e-01,-4.995850e-01,4.194523e-14,9.266200e-02,-5.000000e-01,7.071068e-01,-1.433312e-15,-4.995850e-01,9.266200e-02,1.404779e-13,-5.000000e-01,2.817444e-15,-7.071068e-01,-4.995850e-01,1.131669e-14,-9.266200e-02,-5.000000e-01,-7.071068e-01,8.859541e-15,-4.995850e-01,-9.266200e-02,-5.175148e-14
15.1,835.0,-5.000000e-01,-1.828688e-14,7.071068e-01,-4.995872e-01,-1.006710e-13,9.284828e-02,-5.000000e-01,7.071068e-01,1.133772e-14,-4.995872e-01,9.284828e-02,4.419486e-14,-5.000000e-01,6.808156e-15,-7.071068e-01,-4.995872e-01,3.563675e-14,-9.284828e-02,-5.000000e-01,-7.071068e-01,-6.255835e-15,-4.995872e-01,-9.284828e-02,-4.583578e-14
15.1,860.0,-5.000000e-01,-8.428656e-15,7.071068e-01,-4.995894e-01,-9.988414e-14,9.303511e-02,-5.000000e-01,7.071068e-01,1.778954e-15,-4.995894e-01,9.303511e-02,-8.286669e-14,-5.000000e-01,-4.757083e-15,-7.071068e-01,-4.995894e-01,-8.365575e-14,-9.303511e-02,-5.000000e-01,-7.071068e-01,5.258523e-15,-4.995894e-01,-9.303511e-02,1.482231e-14
15.1,885.0,-5.000000e-01,-1.333253e-15,7.071068e-01,-4.995915e-01,-5.047162e-14,9.322251e-02,-5.000000e-01,7.071068e-01,6.289296e-15,-4.995915e-01,9.322251e-02,4.963764e-14,-5.000000e-01,6.542242e-15,-7.071068e-01,-4.995915e-01,1.496754e-13,-9.322251e-02,-5.000000e-01,-7.071068e-01,-9.918085e-15,-4.995915e-01,-9.322251e-02,1.755408e-14
17.6,10.0,-5.000000e-01,-1.257064e-14,7.071068e-01,-4.994872e-01,-3.829757e-14,7.963208e-02,-5.000000e-01,7.071068e-01,1.041314e-14,-4.994872e-01,7.963208e-02,3.031978e-14,-5.000000e-01,1.602292e-15,-7.071068e-01,-4.994872e-01,-1.914295e-14,-7.963208e-02,-5.000000e-01,-7.071068e-01,-1.311029e-14,-4.994872e-01,-7.963208e-02,-4.810392e-14
17.6,35.0,-5.000000e-01,-3.583494e-15,7.071068e-01,-4.994886e-01,1.074615e-14,7.977727e-02,-5.000000e-01,7.071068e-01,-1.841724e-14,-4.994886e-01,7.977727e-02,-5.031563e-17,-5.000000e-01,-4.040962e-15,-7.071068e-01,-4.994886e-01,-1.702081e-14,-7.977727e-02,-5.000000e-01,-7.071068e-01,4.003799e-15,-4.994886e-01,-7.977727e-02,-5.373845e-14
17.6,60.0,-5.000000e-01,2.510518e-14,7.071068e-01,-4.994901e-01,-2.878482e-14,7.992289e-02,-5.000000e-01,7.071068e-01,1.115820e-14,-4.994901e-01,7.992289e-02,-6.235860e-14,-5.000000e-01,-1.553117e-14,-7.071068e-01,-4.994901e-01,9.809484e-14,-7.992289e-02,-5.000000e-01,-7.071068e-01,-2.424930e-14,-4.994901e-01,-7.992289e-02,1.057420e-13
17.6,85.0,-5.000000e-01,-2.313059e-15,7.071068e-01,-4.994915e-01,1.459953e-14,8.006895e-02,-5.000000e-01,7.071068e-01,-1.289677e-15,-4.994915e-01,8.006895e-02,1.498755e-14,-5.000000e-01,4.915250e-16,-7.071068e-01,-4.994915e-01,-7.973881e-14,-8.006895e-02,-5.000000e-01,-7.071068e-01,1.083824e-14,-4.994915e-01,-8.006895e-02,-1.483953e-14
17.6,110.0,-5.000000e-01,-1.060392e-14,7.071068e-01,-4.994930e-01,-1.232075e-13,8.021543e-02,-5.000000e-01,7.071068e-01,3.665598e-15,-4.994930e-01,8.021543e-02,2.912789e-15,-5.000000e-01,8.365402e-16,-7.071068e-01,-4.994930e-01,-4.643476e-14,-8.021543e-02,-5.000000e-01,-7.071068e-01,-4.691590e-15,-4.994930e-01,-8.021543e-02,2.575262e-14
17.6,135.0,-5.000000e-01,2.315540e-14,7.071068e-01,-4.994944e-01,3.459422e-13,8.036235e-02,-5.000000e-01,7.071068e-01,-1.963122e-14,-4.994944e-01,8.036235e-02,1.298566e-14,-5.000000e-01,-1.273097e-14,-7.071068e-01,-4.994944e-01,-1.336515e-13,-8.036235e-02,-5.000000e-01,-7.071068e-01,2.654624e-14,-4.994944e-01,-8.036235e-02,1.507805e-14
17.6,160.0,-5.000000e-01,-6.121607e-17,7.071068e-01,-4.994959e-01,1.425701e-14,8.050971e-02,-5.000000e-01,7.071068e-01,-6.689477e-15,-4.994959e-01,8.050971e-02,-2.981061e-14,-5.000000e-01,5.249278e-15,-7.071068e-01,-4.994959e-01,4.234864e-15,-8.050971e-02,-5.000000e-01,-7.071068e-01,1.037899e-15,-4.994959e-01,-8.050971e-02,3.449071e-15
17.6,185.0,-5.000000e-01,4.394666e-15,7.071068e-01,-4.994974e-01,1.050934e-13,8.065750e-02,-5.000000e-01,7.071068e-01,-8.010510e-15,-4.994974e-01,8.065750e-02,-5.710741e-14,-5.000000e-01,-2.668217e-15,-7.071068e-01,-4.994974e-01,-3.006609e-14,-8.065750e-02,-5.000000e-01,-7.071068e-01,8.153046e-15,-4.994974e-01,-8.065750e-02,1.896627e-14
17.6,210.0,-5.000000e-01,6.537041e-15,7.071068e-01,-4.994989e-01,1.700041e-14,8.080573e-02,-5.000000e-01,7.071068e-01,-2.866909e-14,-4.994989e-01,8.080573e-02,-3.816465e-14,-5.000000e-01,1.335019e-14,-7.071068e-01,-4.994989e-01,-1.473276e-15,-8.080573e-02,-5.000000e-01,-7.071068e-01,1.375565e-14,-4.994989e-01,-8.080573e-02,3.823164e-14
17.6,235.0,-5.000000e-01,-7.919480e-16,7.071068e-01,-4.995003e-01,1.306819e-14,8.095440e-02,-5.000000e-01,7.071068e-01,-7.977976e-15,-4.995003e-01,8.095440e-02,-2.181244e-14,-5.000000e-01,-5.101973e-15,-7.071068e-01,-4.995003e-01,-2.588893e-14,-8.095440e-02,-5.000000e-01,-7.071068e-01,-1.335181e-14,-4.995003e-01,-8.095440e-02,1.260540e-14
17.6,260.0,-5.000000e-01,-2.015795e-14,7.071068e-01,-4.995018e-01,-1.866024e-13,8.110352e-02,-5.000000e-01,7.071068e-01,7.413156e-15,-4.995018e-01,8.110352e-02,2.150921e-15,-5.000000e-01,-3.058581e-15,-7.071068e-01,-4.995018e-01,-5.442396e-14,-8.110352e-02,-5.000000e-01,-7.071068e-01,-3.471457e-15,-4.995018e-01,-8.110352e-02,2.241697e-14
17.6,285.0,-5.000000e-01,4.305837e-15,7.071068e-01,-4.995033e-01,2.785971e-14,8.125307e-02,-5.000000e-01,7.071068e-01,-2.095184e-15,-4.995033e-01,8.125307e-02,-3.434411e-14,-5.000000e-01,-6.589002e-15,-7.071068e-01,-4.995033e-01,-1.543282e-14,-8.125307e-02,-5.000000e-01,-7.071068e-01,2.745831e-15,-4.995033e-01,-8.125307e-02,3.640589e-14
17.6,310.0,-5.000000e-01,1.266562e-15,7.071068e-01,-4.995048e-01,7.008240e-15,8.140308e-02,-5.000000e-01,7.071068e-01,1.157542e-15,-4.995048e-01,8.140308e-02,-2.318547e-14,-5.000000e-01,7.666793e-15,-7.071068e-01,-4.995048e-01,4.291253e-14,-8.140308e-02,-5.000000e-01,-7.071068e-01,-9.413511e-15,-4.995048e-01,-8.140308e-02,-1.779899e-14
17.6,335.0,-5.000000e-01,-4.199017e-15,7.071068e-01,-4.995063e-01,-3.476862e-14,8.155353e-02,-5.000000e-01,7.071068e-01,-3.751758e-15,-4.995063e-01,8.155353e-02,-7.631792e-14,-5.000000e-01,-6.653590e-15,-7.071068e-01,-4.995063e-01,-6.218634e-14,-8.155353e-02,-5.000000e-01,-7.071068e-01,5.476996e-15,-4.995063e-01,-8.155353e-02,8.040013e-14
17.6,360.0,-5.000000e-01,6.738086e-16,7.071068e-01,-4.995078e-01,1.101334e-14,8.170442e-02,-5.000000e-01,7.071068e-01,-3.439095e-15,-4.995078e-01,8.170442e-02,-4.601430e-15,-5.000000e-01,-4.615976e-15,-7.071068e-01,-4.995078e-01,-4.594925e-14,-8.170442e-02,-5.000000e-01,-7.071068e-01,4.004880e-15,-4.995078e-01,-8.170442e-02,7.951454e-15
17.6,385.0,-5.000000e-01,1.321033e-15,7.071068e-01,-4.995093e-01,-7.733856e-16,8.185577e-02,-5.000000e-01,7.071068e-01,-2.149373e-15,-4.995093e-01,8.185577e-02,2.557502e-15,-5.000000e-01,-2.580622e-15,-7.071068e-01,-4.995093e-01,4.795622e-16,-8.185577e-02,-5.000000e-01,-7.071068e-01,-2.728524e-16,-4.995093e-01,-8.185577e-02,3.334466e-16
17.6,410.0,-5.000000e-01,1.045157e-15,7.071068e-01,-4.995109e-01,5.106232e-14,8.200757e-02,-5.000000e-01,7.071068e-01,4.074103e-15,-4.995109e-01,8.200757e-02,6.633440e-15,-5.000000e-01,6.300803e-15,-7.071068e-01,-4.995109e-01,4.199156e-14,-8.200757e-02,-5.000000e-01,-7.071068e-01,-2.012860e-15,-4.995109e-01,-8.200757e-02,-4.330918e-15
17.6,435.0,-5.000000e-01,-3.473806e-15,7.071068e-01,-4.995124e-01,-4.516088e-14,8.215982e-02,-5.000000e-01,7.071068e-01,6.757518e-15,-4.995124e-01,8.215982e-02,1.801501e-14,-5.000000e-01,1.027475e-14,-7.071068e-01,-4.995124e-01,6.758219e-14,-8.215982e-02,-5.000000e-01,-7.071068e-01,-5.958678e-15,-4.995124e-01,-8.215982e-02,1.814061e-15
17.6,460.0,-5.000000e-01,1.554280e-14,7.071068e-01,-4.995139e-01,8.205826e-14,8.231253e-02,-5.000000e-01,7.071068e-01,-8.862607e-15,-4.995139e-01,8.231253e-02,-5.120501e-14,-5.000000e-01,-1.181962e-16,-7.071068e-01,-4.995139e-01,4.567101e-14,-8.231253e-02,-5.000000e-01,-7.071068e-01,3.990361e-15,-4.995139e-01,-8.231253e-02,1.296073e-14
17.6,485.0,-5.000000e-01,-2.042035e-15,7.071068e-01,-4.995154e-01,-8.572569e-14,8.246569e-02,-5.000000e-01,7.071068e-01,2.370269e-17,-4.995154e-01,8.246569e-02,1.326411e-14,-5.000000e-01,-4.964492e-15,-7.071068e-01,-4.995154e-01,6.053286e-14,-8.246569e-02,-5.000000e-01,-7.071068e-01,-1.347042e-15,-4.995154e-01,-8.246569e-02,-4.921389e-16
17.6,510.0,-5.000000e-01,-7.320653e-15,7.071068e-01,-4.995170e-01,-5.692792e-14,8.261931e-02,-5.000000e-01,7.071068e-01,1.752738e-15,-4.995170e-01,8.261931e-02,-6.288891e-15,-5.000000e-01,-3.590973e-15,-7.071068e-01,-4.995170e-01,-1.216662e-13,-8.261931e-02,-5.000000e-01,-7.071068e-01,-2.355135e-15,-4.995170e-01,-8.261931e-02,1.331052e-15
17.6,535.0,-5.000000e-01,6.922234e-15,7.071068e-01,-4.995185e-01,2.498038e-13,8.277339e-02,-5.000000e-01,7.071068e-01,-2.091174e-14,-4.995185e-01,8.277339e-02,-2.586529e-14,-5.000000e-01,-3.691858e-15,-7.071068e-01,-4.995185e-01,-6.649388e-14,-8.277339e-02,-5.000000e-01,-7.071068e-01,1.316717e-14,-4.995185e-01,-8.277339e-02,4.437800e-14
17.6,560.0,-5.000000e-01,1.998509e-14,7.071068e-01,-4.995200e-01,6.703480e-14,8.292793e-02,-5.000000e-01,7.071068e-01,-1.434410e-14,-4.995200e-01,8.292793e-02,2.642724e-14,-5.000000e-01,-1.383880e-14,-7.071068e-01,-4.995200e-01,-1.239037e-14,-8.292793e-02,-5.000000e-01,-7.071068e-01,6.107545e-15,-4.995200e-01,-8.292793e-02,-1.129583e-14
17.6,585.0,-5.000000e-01,-2.220255e-14,7.071068e-01,-4.995216e-01,-1.686853e-13,8.308293e-02,-5.000000e-01,7.071068e-01,1.476928e-14,-4.995216e-01,8.308293e-02,-4.524984e-14,-5.000000e-01,6.029625e-15,-7.071068e-01,-4.995216e-01,5.783699e-14,-8.308293e-02,-5.000000e-01,-7.071068e-01,-8.086453e-15,-4.995216e-01,-8.308293e-02,1.541418e-14
17.6,610.0,-5.000000e-01,-2.207222e-15,7.071068e-01,-4.995231e-01,-9.119351e-15,8.323840e-02,-5.000000e-01,7.071068e-01,1.936479e-15,-4.995231e-01,8.323840e-02,-2.718336e-14,-5.000000e-01,2.437140e-15,-7.071068e-01,-4.995231e-01,-2.889935e-14,-8.323840e-02,-5.000000e-01,-7.071068e-01,-6.883020e-15,-4.995231e-01,-8.323840e-02,3.077792e-14
17.6,635.0,-5.000000e-01,5.309397e-15,7.071068e-01,-4.995247e-01,2.490173e-14,8.339434e-02,-5.000000e-01,7.071068e-01,-5.995358e-15,-4.995247e-01,8.339434e-02,-4.061293e-15,-5.000000e-01,-3.401550e-15,-7.071068e-01,-4.995247e-01,-1.316209e-14,-8.339434e-02,-5.000000e-01,-7.071068e-01,2.254009e-15,-4.995247e-01,-8.339434e-02,-4.186932e-15
17.6,660.0,-5.000000e-01,6.086220e-15,7.071068e-01,-4.995262e-01,-1.143001e-14,8.355074e-02,-5.000000e-01,7.071068e-01,-3.938226e-14,-4.995262e-01,8.355074e-02,1.799002e-14,-5.000000e-01,-7.601960e-15,-7.071068e-01,-4.995262e-01,-1.990894e-15,-8.355074e-02,-5.000000e-01,-7.071068e-01,-3.438013e-14,-4.995262e-01,-8.355074e-02,2.339944e-14
17.6,685.0,-5.000000e-01,1.594433e-14,7.071068e-01,-4.995278e-01,1.603774e-13,8.370761e-02,-5.000000e-01,7.071068e-01,-5.049055e-15,-4.995278e-01,8.370761e-02,-1.576498e-14,-5.000000e-01,7.765790e-15,-7.071068e-01,-4.995278e-01,3.309516e-14,-8.370761e-02,-5.000000e-01,-7.071068e-01,2.301473e-15,-4.995278e-01,-8.370761e-02,-3.600291e-14
17.6,710.0,-5.000000e-01,-3.343589e-15,7.071068e-01,-4.995294e-01,-1.027577e-13,8.386495e-02,-5.000000e-01,7.071068e-01,1.964346e-14,-4.995294e-01,8.386495e-02,-2.418930e-14,-5.000000e-01,1.077379e-14,-7.071068e-01,-4.995294e-01,6.954151e-14,-8.386495e-02,-5.000000e-01,-7.071068e-01,-2.879371e-14,-4.995294e-01,-8.386495e-02,-5.867419e-14
17.6,735.0,-5.000000e-01,-2.270361e-14,7.071068e-01,-4.995309e-01,3.706533e-15,8.402277e-02,-5.000000e-01,7.071068e-01,3.789636e-14,-4.995309e-01,8.402277e-02,-1.204652e-13,-5.000000e-01,2.707700e-14,-7.071068e-01,-4.995309e-01,1.892881e-14,-8.402277e-02,-5.000000e-01,-7.071068e-01,2.298631e-14,-4.995309e-01,-8.402277e-02,-1.849905e-13
17.6,760.0,-5.000000e-01,-8.551655e-18,7.071068e-01,-4.995325e-01,5.473433e-14,8.418106e-02,-5.000000e-01,7.071068e-01,2.019388e-15,-4.995325e-01,8.418106e-02,3.034945e-14,-5.000000e-01,-3.620161e-15,-7.071068e-01,-4.995325e-01,-3.923493e-14,-8.418106e-02,-5.000000e-01,-7.071068e-01,2.197569e-15,-4.995325e-01,-8.418106e-02,-2.574119e-14
17.6,785.0,-5.000000e-01,5.617916e-15,7.071068e-01,-4.995341e-01,1.350342e-13,8.433982e-02,-5.000000e-01,7.071068e-01,-1.493785e-15,-4.995341e-01,8.433982e-02,-1.901014e-14,-5.000000e-01,5.203964e-15,-7.071068e-01,-4.995341e-01,2.591816e-14,-8.433982e-02,-5.000000e-01,-7.071068e-01,-1.168741e-14,-4.995341e-01,-8.433982e-02,-6.576840e-14
17.6,810.0,-5.000000e-01,-3.497772e-15,7.071068e-01,-4.995357e-01,2.577262e-15,8.449906e-02,-5.000000e-01,7.071068e-01,4.744204e-16,-4.995357e-01,8.449906e-02,1.565375e-14,-5.000000e-01,9.477834e-15,-7.071068e-01,-4.995357e-01,2.287313e-15,-8.449906e-02,-5.000000e-01,-7.071068e-01,1.824526e-16,-4.995357e-01,-8.449906e-02,-6.640065e-14
17.6,835.0,-5.000000e-01,-9.267552e-15,7.071068e-01,-4.995373e-01,6.651695e-14,8.465879e-02,-5.000000e-01,7.071068e-01,-8.240648e-15,-4.995373e-01,8.465879e-02,3.963149e-14,-5.000000e-01,5.945003e-15,-7.071068e-01,-4.995373e-01,-7.211822e-14,-8.465879e-02,-5.000000e-01,-7.071068e-01,5.443360e-15,-4.995373e-01,-8.465879e-02,-4.996587e-14
17.6,860.0,-5.000000e-01,1.522497e-14,7.071068e-01,-4.995389e-01,4.647582e-14,8.481899e-02,-5.000000e-01,7.071068e-01,-1.801077e-14,-4.995389e-01,8.481899e-02,3.440725e-14,-5.000000e-01,-1.074950e-14,-7.071068e-01,-4.995389e-01,1.752574e-14,-8.481899e-02,-5.000000e-01,-7.071068e-01,5.633113e-15,-4.995389e-01,-8.481899e-02,8.636216e-15
17.6,885.0,-5.000000e-01,-1.396814e-15,7.071068e-01,-4.995405e-01,3.173612e-14,8.497968e-02,-5.000000e-01,7.071068e-01,-2.886794e-15,-4.995405e-01,8.497968e-02,4.849202e-14,-5.000000e-01,1.714812e-14,-7.071068e-01,-4.995405e-01,1.564839e-13,-8.497968e-02,-5.000000e-01,-7.071068e-01,-1.014730e-14,-4.995405e-01,-8.497968e-02,-6.280354e-14
20.1,10.0,-5.000000e-01,-1.011644e-14,7.071068e-01,-4.994848e-01,3.582291e-15,7.477363e-02,-5.000000e-01,7.071068e-01,2.218746e-15,-4.994848e-01,7.477363e-02,-2.860292e-15,-5.000000e-01,1.339890e-14,-7.071068e-01,-4.994848e-01,3.511755e-15,-7.477363e-02,-5.000000e-01,-7.071068e-01,2.185509e-15,-4.994848e-01,-7.477363e-02,-1.893856e-14
20.1,35.0,-5.000000e-01,2.194871e-15,7.071068e-01,-4.994859e-01,9.172381e-14,7.490068e-02,-5.000000e-01,7.071068e-01,-8.220874e-15,-4.994859e-01,7.490068e-02,1.377963e-14,-5.000000e-01,-2.438745e-15,-7.071068e-01,-4.994859e-01,-6.757563e-14,-7.490068e-02,-5.000000e-01,-7.071068e-01,1.009426e-14,-4.994859e-01,-7.490068e-02,-9.777505e-15
20.1,60.0,-5.000000e-01,-1.244900e-14,7.071068e-01,-4.994870e-01,-3.133980e-14,7.502810e-02,-5.000000e-01,7.071068e-01,1.503281e-14,-4.994870e-01,7.502810e-02,4.239614e-14,-5.000000e-01,1.399820e-14,-7.071068e-01,-4.994870e-01,2.146814e-14,-7.502810e-02,-5.000000e-01,-7.071068e-01,-4.713777e-15,-4.994870e-01,-7.502810e-02,-1.810555e-14
20.1,85.0,-5.000000e-01,-1.502002e-15,7.071068e-01,-4.994882e-01,-3.378358e-14,7.515590e-02,-5.000000e-01,7.071068e-01,1.744348e-15,-4.994882e-01,7.515590e-02,-1.325447e-14,-5.000000e-01,3.749329e-15,-7.071068e-01,-4.994882e-01,1.446792e-14,-7.515590e-02,-5.000000e-01,-7.071068e-01,-3.714897e-15,-4.994882e-01,-7.515590e-02,-5.710747e-17
20.1,110.0,-5.000000e-01,1.172181e-14,7.071068e-01,-4.994893e-01,1.438048e-14,7.528408e-02,-5.000000e-01,7.071068e-01,8.703316e-15,-4.994893e-01,7.528408e-02,-1.630194e-15,-5.000000e-01,-1.696498e-14,-7.071068e-01,-4.994893e-01,-1.170401e-14,-7.528408e-02,-5.000000e-01,-7.071068e-01,1.504619e-14,-4.994893e-01,-7.528408e-02,-2.123461e-14
20.1,135.0,-5.000000e-01,-1.709872e-14,7.071068e-01,-4.994904e-01,2.728190e-14,7.541264e-02,-5.000000e-01,7.071068e-01,8.192000e-15,-4.994904e-01,7.541264e-02,4.641670e-14,-5.000000e-01,3.069040e-14,-7.071068e-01,-4.994904e-01,-1.629366e-14,-7.541264e-02,-5.000000e-01,-7.071068e-01,-2.197688e-14,-4.994904e-01,-7.541264e-02,-2.890222e-14
20.1,160.0,-5.000000e-01,8.462304e-16,7.071068e-01,-4.994915e-01,-4.912342e-14,7.554159e-02,-5.000000e-01,7.071068e-01,1.285835e-14,-4.994915e-01,7.554159e-02,5.616469e-14,-5.000000e-01,-2.042625e-15,-7.071068e-01,-4.994915e-01,2.939211e-14,-7.554159e-02,-5.000000e-01,-7.071068e-01,-5.257293e-15,-4.994915e-01,-7.554159e-02,-2.999557e-14
20.1,185.0,-5.000000e-01,-1.048984e-14,7.071068e-01,-4.994927e-01,-1.056796e-14,7.567091e-02,-5.000000e-01,7.071068e-01,2.171931e-15,-4.994927e-01,7.567091e-02,-2.202820e-14,-5.000000e-01,1.556263e-14,-7.071068e-01,-4.994927e-01,1.347684e-15,-7.567091e-02,-5.000000e-01,-7.071068e-01,-2.303279e-15,-4.994927e-01,-7.567091e-02,-2.760063e-14
20.1,210.0,-5.000000e-01,-7.942269e-16,7.071068e-01,-4.994938e-01,2.947303e-15,7.580062e-02,-5.000000e-01,7.071068e-01,-7.222197e-16,-4.994938e-01,7.580062e-02,1.305632e-14,-5.000000e-01,2.927294e-15,-7.071068e-01,-4.994938e-01,7.439217e-16,-7.580062e-02,-5.000000e-01,-7.071068e-01,2.007721e-15,-4.994938e-01,-7.580062e-02,-1.339977e-14
20.1,235.0,-5.000000e-01,3.419366e-15,7.071068e-01,-4.994949e-01,4.606044e-15,7.593071e-02,-5.000000e-01,7.071068e-01,-1.347700e-14,-4.994949e-01,7.593071e-02,-1.008270e-14,-5.000000e-01,-3.223363e-15,-7.071068e-01,-4.994949e-01,-6.608459e-15,-7.593071e-02,-5.000000e-01,-7.071068e-01,1.324809e-14,-4.994949e-01,-7.593071e-02,1.095762e-14
20.1,260.0,-5.000000e-01,-8.986895e-16,7.071068e-01,-4.994961e-01,-1.577968e-14,7.606119e-02,-5.000000e-01,7.071068e-01,2.894404e-15,-4.994961e-01,7.606119e-02,1.460178e-14,-5.000000e-01,1.348034e-16,-7.071068e-01,-4.994961e-01,1.295707e-14,-7.606119e-02,-5.000000e-01,-7.071068e-01,-3.464931e-15,-4.994961e-01,-7.606119e-02,-1.401635e-14
20.1,285.0,-5.000000e-01,-1.341341e-15,7.071068e-01,-4.994972e-01,7.937452e-14,7.619206e-02,-5.000000e-01,7.071068e-01,-9.844535e-15,-4.994972e-01,7.619206e-02,1.758637e-14,-5.000000e-01,2.012011e-15,-7.071068e-01,-4.994972e-01,3.648541e-15,-7.619206e-02,-5.000000e-01,-7.071068e-01,5.562231e-15,-4.994972e-01,-7.619206e-02,-2.297476e-14
20.1,310.0,-5.000000e-01,-4.312456e-15,7.071068e-01,-4.994984e-01,2.270689e-15,7.632332e-02,-5.000000e-01,7.071068e-01,1.798044e-17,-4.994984e-01,7.632332e-02,2.012723e-14,-5.000000e-01,2.330239e-15,-7.071068e-01,-4.994984e-01,-3.410021e-15,-7.632332e-02,-5.000000e-01,-7.071068e-01,-3.277372e-16,-4.994984e-01,-7.632332e-02,-1.915355e-14
20.1,335.0,-5.000000e-01,1.026189e-15,7.071068e-01,-4.994995e-01,2.438395e-14,7.645497e-02,-5.000000e-01,7.071068e-01,-1.048588e-14,-4.994995e-01,7.645497e-02,1.358696e-14,-5.000000e-01,-8.643811e-16,-7.071068e-01,-4.994995e-01,-2.668240e-16,-7.645497e-02,-5.000000e-01,-7.071068e-01,9.554890e-15,-4.994995e-01,-7.645497e-02,-1.502152e-14
20.1,360.0,-5.000000e-01,-8.372394e-15,7.071068e-01,-4.995007e-01,5.462932e-14,7.658701e-02,-5.000000e-01,7.071068e-01,-1.602988e-14,-4.995007e-01,7.658701e-02,4.295643e-14,-5.000000e-01,6.923326e-15,-7.071068e-01,-4.995007e-01,-5.357029e-14,-7.658701e-02,-5.000000e-01,-7.071068e-01,1.848238e-14,-4.995007e-01,-7.658701e-02,-4.311365e-14
20.1,385.0,-5.000000e-01,-1.224374e-14,7.071068e-01,-4.995018e-01,-1.918515e-14,7.671944e-02,-5.000000e-01,7.071068e-01,1.261514e-14,-4.995018e-01,7.671944e-02,1.881646e-17,-5.000000e-01,1.150571e-14,-7.071068e-01,-4.995018e-01,1.758386e-14,-7.671944e-02,-5.000000e-01,-7.071068e-01,-1.671276e-14,-4.995018e-01,-7.671944e-02,-2.197768e-16
20.1,410.0,-5.000000e-01,-6.836913e-15,7.071068e-01,-4.995030e-01,1.281852e-14,7.685227e-02,-5.000000e-01,7.071068e-01,1.411551e-14,-4.995030e-01,7.685227e-02,-2.286479e-14,-5.000000e-01,7.001478e-15,-7.071068e-01,-4.995030e-01,-1.394700e-14,-7.685227e-02,-5.000000e-01,-7.071068e-01,-1.179916e-14,-4.995030e-01,-7.685227e-02,2.168439e-14
20.1,435.0,-5.000000e-01,-3.574216e-15,7.071068e-01,-4.995041e-01,-3.662350e-15,7.698550e-02,-5.000000e-01,7.071068e-01,-4.816379e-15,-4.995041e-01,7.698550e-02,-8.090619e-15,-5.000000e-01,6.971927e-15,-7.071068e-01,-4.995041e-01,2.342381e-15,-7.698550e-02,-5.000000e-01,-7.071068e-01,-3.530052e-15,-4.995041e-01,-7.698550e-02,-2.019797e-14
20.1,460.0,-5.000000e-01,-4.690670e-15,7.071068e-01,-4.995053e-01,-4.574887e-14,7.711912e-02,-5.000000e-01,7.071068e-01,8.119962e-15,-4.995053e-01,7.711912e-02,1.072707e-14,-5.000000e-01,4.420199e-15,-7.071068e-01,-4.995053e-01,2.387735e-14,-7.711912e-02,-5.000000e-01,-7.071068e-01,-1.302165e-14,-4.995053e-01,-7.711912e-02,-2.689828e-14
20.1,485.0,-5.000000e-01,-9.474717e-15,7.071068e-01,-4.995065e-01,-1.803824e-14,7.725315e-02,-5.000000e-01,7.071068e-01,5.831432e-15,-4.995065e-01,7.725315e-02,4.027163e-14,-5.000000e-01,1.326460e-14,-7.071068e-01,-4.995065e-01,1.047817e-14,-7.725315e-02,-5.000000e-01,-7.071068e-01,-3.883799e-15,-4.995065e-01,-7.725315e-02,-1.765899e-14
20.1,510.0,-5.000000e-01,-1.172521e-14,7.071068e-01,-4.995077e-01,-6.186089e-15,7.738757e-02,-5.000000e-01,7.071068e-01,2.507646e-15,-4.995077e-01,7.738757e-02,2.648195e-14,-5.000000e-01,8.808488e-15,-7.071068e-01,-4.995077e-01,1.452436e-15,-7.738757e-02,-5.000000e-01,-7.071068e-01,-4.713526e-15,-4.995077e-01,-7.738757e-02,-5.284654e-15
20.1,535.0,-5.000000e-01,9.917506e-15,7.071068e-01,-4.995088e-01,-3.489842e-14,7.752240e-02,-5.000000e-01,7.071068e-01,1.271478e-15,-4.995088e-01,7.752240e-02,-6.311622e-14,-5.000000e-01,-1.135442e-14,-7.071068e-01,-4.995088e-01,2.021277e-14,-7.752240e-02,-5.000000e-01,-7.071068e-01,-1.414783e-15,-4.995088e-01,-7.752240e-02,3.613699e-14
20.1,560.0,-5.000000e-01,1.397900e-14,7.071068e-01,-4.995100e-01,6.753948e-14,7.765763e-02,-5.000000e-01,7.071068e-01,4.861657e-15,-4.995100e-01,7.765763e-02,5.120507e-14,-5.000000e-01,-5.923946e-15,-7.071068e-01,-4.995100e-01,-9.103299e-15,-7.765763e-02,-5.000000e-01,-7.071068e-01,2.095939e-14,-4.995100e-01,-7.765763e-02,1.063978e-14
20.1,585.0,-5.000000e-01,4.036655e-15,7.071068e-01,-4.995112e-01,4.718280e-14,7.779326e-02,-5.000000e-01,7.071068e-01,-2.567109e-15,-4.995112e-01,7.779326e-02,1.459547e-14,-5.000000e-01,-1.335658e-15,-7.071068e-01,-4.995112e-01,-4.327628e-14,-7.779326e-02,-5.000000e-01,-7.071068e-01,7.132544e-15,-4.995112e-01,-7.779326e-02,-5.737169e-15
20.1,610.0,-5.000000e-01,-1.682814e-14,7.071068e-01,-4.995124e-01,-6.775380e-14,7.792930e-02,-5.000000e-01,7.071068e-01,1.557568e-14,-4.995124e-01,7.792930e-02,2.262915e-14,-5.000000e-01,8.753527e-15,-7.071068e-01,-4.995124e-01,2.403460e-14,-7.792930e-02,-5.000000e-01,-7.071068e-01,-8.066246e-15,-4.995124e-01,-7.792930e-02,9.549873e-15
20.1,635.0,-5.000000e-01,1.822070e-16,7.071068e-01,-4.995136e-01,-3.199030e-15,7.806575e-02,-5.000000e-01,7.071068e-01,3.750541e-15,-4.995136e-01,7.806575e-02,-5.191538e-14,-5.000000e-01,-6.407598e-15,-7.071068e-01,-4.995136e-01,2.086051e-14,-7.806575e-02,-5.000000e-01,-7.071068e-01,5.469538e-15,-4.995136e-01,-7.806575e-02,1.210258e-14
20.1,660.0,-5.000000e-01,5.900480e-16,7.071068e-01,-4.995148e-01,1.015469e-14,7.820261e-02,-5.000000e-01,7.071068e-01,1.230384e-14,-4.995148e-01,7.820261e-02,9.915133e-15,-5.000000e-01,-1.059136e-14,-7.071068e-01,-4.995148e-01,-7.513128e-15,-7.820261e-02,-5.000000e-01,-7.071068e-01,-2.821866e-14,-4.995148e-01,-7.820261e-02,6.143968e-15
20.1,685.0,-5.000000e-01,5.055929e-15,7.071068e-01,-4.995160e-01,-4.283781e-14,7.833988e-02,-5.000000e-01,7.071068e-01,6.408663e-15,-4.995160e-01,7.833988e-02,-6.000486e-14,-5.000000e-01,-6.578453e-15,-7.071068e-01,-4.995160e-01,-2.297981e-15,-7.833988e-02,-5.000000e-01,-7.071068e-01,7.524636e-15,-4.995160e-01,-7.833988e-02,6.576494e-14
20.1,710.0,-5.000000e-01,-1.650346e-14,7.071068e-01,-4.995172e-01,-3.739421e-14,7.847756e-02,-5.000000e-01,7.071068e-01,2.128290e-15,-4.995172e-01,7.847756e-02,1.703447e-14,-5.000000e-01,1.941297e-14,-7.071068e-01,-4.995172e-01,6.953580e-15,-7.847756e-02,-5.000000e-01,-7.071068e-01,2.278828e-14,-4.995172e-01,-7.847756e-02,1.776872e-14
20.1,735.0,-5.000000e-01,-1.658913e-14,7.071068e-01,-4.995184e-01,3.845366e-14,7.861565e-02,-5.000000e-01,7.071068e-01,2.428658e-15,-4.995184e-01,7.861565e-02,-1.598414e-14,-5.000000e-01,3.234042e-14,-7.071068e-01,-4.995184e-01,4.512025e-14,-7.861565e-02,-5.000000e-01,-7.071068e-01,-2.439735e-14,-4.995184e-01,-7.861565e-02,-4.600340e-15
20.1,760.0,-5.000000e-01,-1.457826e-15,7.071068e-01,-4.995196e-01,-2.903439e-14,7.875416e-02,-5.000000e-01,7.071068e-01,5.001950e-16,-4.995196e-01,7.875416e-02,-4.788514e-16,-5.000000e-01,3.651784e-15,-7.071068e-01,-4.995196e-01,-7.404758e-15,-7.875416e-02,-5.000000e-01,-7.071068e-01,-6.207332e-16,-4.995196e-01,-7.875416e-02,-1.161115e-15
20.1,785.0,-5.000000e-01,-1.067707e-14,7.071068e-01,-4.995208e-01,-2.336091e-14,7.889308e-02,-5.000000e-01,7.071068e-01,6.406455e-15,-4.995208e-01,7.889308e-02,3.940320e-14,-5.000000e-01,2.264378e-14,-7.071068e-01,-4.995208e-01,3.749361e-14,-7.889308e-02,-5.000000e-01,-7.071068e-01,2.483280e-14,-4.995208e-01,-7.889308e-02,-8.005825e-15
20.1,810.0,-5.000000e-01,1.444525e-15,7.071068e-01,-4.995220e-01,1.892355e-14,7.903243e-02,-5.000000e-01,7.071068e-01,1.466553e-16,-4.995220e-01,7.903243e-02,1.700256e-14,-5.000000e-01,5.596589e-16,-7.071068e-01,-4.995220e-01,-3.312843e-14,-7.903243e-02,-5.000000e-01,-7.071068e-01,4.582355e-15,-4.995220e-01,-7.903243e-02,-7.841255e-15
20.1,835.0,-5.000000e-01,-1.114320e-14,7.071068e-01,-4.995233e-01,-1.717547e-13,7.917219e-02,-5.000000e-01,7.071068e-01,9.060022e-15,-4.995233e-01,7.917219e-02,6.689992e-14,-5.000000e-01,1.040032e-14,-7.071068e-01,-4.995233e-01,7.979172e-14,-7.917219e-02,-5.000000e-01,-7.071068e-01,-8.728017e-15,-4.995233e-01,-7.917219e-02,7.481623e-14
20.1,860.0,-5.000000e-01,-2.800647e-15,7.071068e-01,-4.995245e-01,-2.173861e-14,7.931238e-02,-5.000000e-01,7.071068e-01,3.206186e-14,-4.995245e-01,7.931238e-02,-1.189613e-15,-5.000000e-01,1.611125e-14,-7.071068e-01,-4.995245e-01,1.653527e-13,-7.931238e-02,-5.000000e-01,-7.071068e-01,-2.490965e-14,-4.995245e-01,-7.931238e-02,-3.910550e-14
20.1,885.0,-5.000000e-01,1.927256e-15,7.071068e-01,-4.995257e-01,-2.407737e-14,7.945298e-02,-5.000000e-01,7.071068e-01,-9.170081e-15,-4.995257e-01,7.945298e-02,5.031385e-14,-5.000000e-01,9.891802e-16,-7.071068e-01,-4.995257e-01,-2.876159e-14,-7.945298e-02,-5.000000e-01,-7.071068e-01,1.017963e-14,-4.995257e-01,-7.945298e-02,-5.926262e-14
22.6,10.0,-5.000000e-01,-6.573299e-14,7.071068e-01,-4.994959e-01,4.472175e-14,7.158113e-02,-5.000000e-01,7.071068e-01,3.931574e-15,-4.994959e-01,7.158113e-02,8.213732e-15,-5.000000e-01,4.999707e-14,-7.071068e-01,-4.994959e-01,-1.725986e-14,-7.158113e-02,-5.000000e-01,-7.071068e-01,-2.652569e-15,-4.994959e-01,-7.158113e-02,5.409735e-15
22.6,35.0,-5.000000e-01,7.091155e-14,7.071068e-01,-4.994967e-01,-7.993814e-15,7.169404e-02,-5.000000e-01,7.071068e-01,9.205772e-15,-4.994967e-01,7.169404e-02,-1.026431e-14,-5.000000e-01,-4.954543e-14,-7.071068e-01,-4.994967e-01,3.453204e-14,-7.169404e-02,-5.000000e-01,-7.071068e-01,-1.846971e-14,-4.994967e-01,-7.169404e-02,7.085035e-15
22.6,60.0,-5.000000e-01,-1.138111e-14,7.071068e-01,-4.994976e-01,-2.428972e-14,7.180728e-02,-5.000000e-01,7.071068e-01,1.585289e-15,-4.994976e-01,7.180728e-02,6.046317e-15,-5.000000e-01,3.403695e-15,-7.071068e-01,-4.994976e-01,6.098741e-15,-7.180728e-02,-5.000000e-01,-7.071068e-01,1.304871e-15,-4.994976e-01,-7.180728e-02,-5.210139e-15
22.6,85.0,-5.000000e-01,-1.650086e-14,7.071068e-01,-4.994985e-01,-1.156891e-14,7.192086e-02,-5.000000e-01,7.071068e-01,-2.676728e-15,-4.994985e-01,7.192086e-02,1.613675e-15,-5.000000e-01,1.273379e-14,-7.071068e-01,-4.994985e-01,2.314153e-15,-7.192086e-02,-5.000000e-01,-7.071068e-01,1.307260e-15,-4.994985e-01,-7.192086e-02,-1.028553e-15
22.6,110.0,-5.000000e-01,-2.347264e-14,7.071068e-01,-4.994994e-01,1.557960e-14,7.203478e-02,-5.000000e-01,7.071068e-01,-1.067648e-13,-4.994994e-01,7.203478e-02,2.181096e-14,-5.000000e-01,-3.231740e-15,-7.071068e-01,-4.994994e-01,-1.189332e-13,-7.203478e-02,-5.000000e-01,-7.071068e-01,1.133194e-13,-4.994994e-01,-7.203478e-02,2.827287e-14
22.6,135.0,-5.000000e-01,-7.454285e-15,7.071068e-01,-4.995003e-01,-1.124156e-14,7.214903e-02,-5.000000e-01,7.071068e-01,5.916944e-15,-4.995003e-01,7.214903e-02,7.576999e-15,-5.000000e-01,-5.604316e-15,-7.071068e-01,-4.995003e-01,2.459878e-14,-7.214903e-02,-5.000000e-01,-7.071068e-01,-1.087596e-14,-4.995003e-01,-7.214903e-02,-1.211866e-14
22.6,160.0,-5.000000e-01,1.839138e-14,7.071068e-01,-4.995012e-01,8.438329e-16,7.226362e-02,-5.000000e-01,7.071068e-01,7.101639e-15,-4.995012e-01,7.226362e-02,-1.417734e-15,-5.000000e-01,-2.327073e-14,-7.071068e-01,-4.995012e-01,1.070902e-14,-7.226362e-02,-5.000000e-01,-7.071068e-01,-6.182479e-15,-4.995012e-01,-7.226362e-02,5.077535e-16
22.6,185.0,-5.000000e-01,-6.199600e-16,7.071068e-01,-4.995021e-01,-4.395321e-15,7.237855e-02,-5.000000e-01,7.071068e-01,-7.076447e-15,-4.995021e-01,7.237855e-02,4.154798e-14,-5.000000e-01,-3.023176e-15,-7.071068e-01,-4.995021e-01,-9.203144e-14,-7.237855e-02,-5.000000e-01,-7.071068e-01,1.142544e-14,-4.995021e-01,-7.237855e-02,-3.271397e-15
22.6,210.0,-5.000000e-01,5.491437e-15,7.071068e-01,-4.995030e-01,-1.521750e-14,7.249382e-02,-5.000000e-01,7.071068e-01,1.785861e-14,-4.995030e-01,7.249382e-02,4.668147e-15,-5.000000e-01,-6.171329e-15,-7.071068e-01,-4.995030e-01,2.095112e-14,-7.249382e-02,-5.000000e-01,-7.071068e-01,-2.012191e-14,-4.995030e-01,-7.249382e-02,-1.882709e-14
22.6,235.0,-5.000000e-01,-8.812809e-16,7.071068e-01,-4.995039e-01,1.549085e-14,7.260944e-02,-5.000000e-01,7.071068e-01,-1.474060e-15,-4.995039e-01,7.260944e-02,-3.315912e-15,-5.000000e-01,2.451062e-15,-7.071068e-01,-4.995039e-01,-1.088918e-14,-7.260944e-02,-5.000000e-01,-7.071068e-01,4.850946e-15,-4.995039e-01,-7.260944e-02,4.274325e-15
22.6,260.0,-5.000000e-01,2.173108e-15,7.071068e-01,-4.995048e-01,1.162698e-14,7.272540e-02,-5.000000e-01,7.071068e-01,2.087273e-15,-4.995048e-01,7.272540e-02,-2.105947e-14,-5.000000e-01,-6.850831e-15,-7.071068e-01,-4.995048e-01,-1.540947e-14,-7.272540e-02,-5.000000e-01,-7.071068e-01,3.403162e-15,-4.995048e-01,-7.272540e-02,4.486625e-14
22.6,285.0,-5.000000e-01,6.458731e-14,7.071068e-01,-4.995057e-01,2.572791e-14,7.284170e-02,-5.000000e-01,7.071068e-01,1.594105e-14,-4.995057e-01,7.284170e-02,3.928729e-14,-5.000000e-01,-6.600922e-14,-7.071068e-01,-4.995057e-01,8.767756e-15,-7.284170e-02,-5.000000e-01,-7.071068e-01,-2.485820e-14,-4.995057e-01,-7.284170e-02,-1.769525e-14
22.6,310.0,-5.000000e-01,2.144522e-15,7.071068e-01,-4.995066e-01,1.949450e-14,7.295835e-02,-5.000000e-01,7.071068e-01,-2.386750e-15,-4.995066e-01,7.295835e-02,-7.289459e-15,-5.000000e-01,-2.447957e-15,-7.071068e-01,-4.995066e-01,-1.556548e-14,-7.295835e-02,-5.000000e-01,-7.071068e-01,4.419916e-15,-4.995066e-01,-7.295835e-02,3.695083e-16
22.6,335.0,-5.000000e-01,-8.192648e-16,7.071068e-01,-4.995075e-01,8.674774e-16,7.307535e-02,-5.000000e-01,7.071068e-01,1.507791e-14,-4.995075e-01,7.307535e-02,-1.177457e-14,-5.000000e-01,1.164218e-15,-7.071068e-01,-4.995075e-01,4.411833e-14,-7.307535e-02,-5.000000e-01,-7.071068e-01,-1.931628e-14,-4.995075e-01,-7.307535e-02,1.919873e-15
22.6,360.0,-5.000000e-01,-1.181671e-15,7.071068e-01,-4.995084e-01,-6.649966e-15,7.319269e-02,-5.000000e-01,7.071068e-01,1.402159e-15,-4.995084e-01,7.319269e-02,-4.589626e-14,-5.000000e-01,6.404012e-16,-7.071068e-01,-4.995084e-01,1.274107e-14,-7.319269e-02,-5.000000e-01,-7.071068e-01,-6.358372e-15,-4.995084e-01,-7.319269e-02,-3.487917e-14
22.6,385.0,-5.000000e-01,1.910912e-14,7.071068e-01,-4.995093e-01,-4.800485e-14,7.331039e-02,-5.000000e-01,7.071068e-01,-1.791159e-14,-4.995093e-01,7.331039e-02,5.744004e-15,-5.000000e-01,-2.011642e-14,-7.071068e-01,-4.995093e-01,4.164653e-14,-7.331039e-02,-5.000000e-01,-7.071068e-01,1.913985e-14,-4.995093e-01,-7.331039e-02,2.487690e-15
22.6,410.0,-5.000000e-01,-1.553438e-15,7.071068e-01,-4.995102e-01,-4.591580e-14,7.342843e-02,-5.000000e-01,7.071068e-01,1.459982e-14,-4.995102e-01,7.342843e-02,3.284802e-14,-5.000000e-01,3.331778e-15,-7.071068e-01,-4.995102e-01,7.591317e-14,-7.342843e-02,-5.000000e-01,-7.071068e-01,-8.031335e-15,-4.995102e-01,-7.342843e-02,1.683776e-14
22.6,435.0,-5.000000e-01,3.446682e-15,7.071068e-01,-4.995112e-01,3.295710e-14,7.354683e-02,-5.000000e-01,7.071068e-01,-9.757578e-15,-4.995112e-01,7.354683e-02,2.952273e-15,-5.000000e-01,-5.148022e-15,-7.071068e-01,-4.995112e-01,-3.537881e-14,-7.354683e-02,-5.000000e-01,-7.071068e-01,7.837648e-15,-4.995112e-01,-7.354683e-02,5.296173e-15
22.6,460.0,-5.000000e-01,-5.626024e-15,7.071068e-01,-4.995121e-01,1.823238e-14,7.366558e-02,-5.000000e-01,7.071068e-01,1.693459e-14,-4.995121e-01,7.366558e-02,-2.210239e-15,-5.000000e-01,2.435659e-15,-7.071068e-01,-4.995121e-01,-2.207932e-14,-7.366558e-02,-5.000000e-01,-7.071068e-01,-1.618683e-14,-4.995121e-01,-7.366558e-02,2.624365e-15
22.6,485.0,-5.000000e-01,-1.005626e-15,7.071068e-01,-4.995130e-01,-1.325039e-14,7.378469e-02,-5.000000e-01,7.071068e-01,3.083556e-15,-4.995130e-01,7.378469e-02,2.924343e-14,-5.000000e-01,3.569972e-15,-7.071068e-01,-4.995130e-01,1.132604e-14,-7.378469e-02,-5.000000e-01,-7.071068e-01,-3.625276e-15,-4.995130e-01,-7.378469e-02,-2.879813e-14
22.6,510.0,-5.000000e-01,4.147717e-15,7.071068e-01,-4.995139e-01,-1.138846e-14,7.390415e-02,-5.000000e-01,7.071068e-01,4.850102e-15,-4.995139e-01,7.390415e-02,-2.904187e-16,-5.000000e-01,1.732950e-15,-7.071068e-01,-4.995139e-01,1.071941e-14,-7.390415e-02,-5.000000e-01,-7.071068e-01,-3.329451e-15,-4.995139e-01,-7.390415e-02,6.437258e-16
22.6,535.0,-5.000000e-01,1.948947e-15,7.071068e-01,-4.995149e-01,-5.681755e-14,7.402397e-02,-5.000000e-01,7.071068e-01,1.487007e-14,-4.995149e-01,7.402397e-02,5.104904e-15,-5.000000e-01,-4.497571e-16,-7.071068e-01,-4.995149e-01,5.284585e-14,-7.402397e-02,-5.000000e-01,-7.071068e-01,-1.616024e-14,-4.995149e-01,-7.402397e-02,-4.498121e-15
22.6,560.0,-5.000000e-01,7.830961e-16,7.071068e-01,-4.995158e-01,-1.706943e-15,7.414415e-02,-5.000000e-01,7.071068e-01,2.580791e-16,-4.995158e-01,7.414415e-02,2.416576e-14,-5.000000e-01,3.770463e-16,-7.071068e-01,-4.995158e-01,5.880226e-15,-7.414415e-02,-5.000000e-01,-7.071068e-01,1.517369e-18,-4.995158e-01,-7.414415e-02,-2.351766e-14
22.6,585.0,-5.000000e-01,4.939129e-15,7.071068e-01,-4.995167e-01,1.295458e-14,7.426469e-02,-5.000000e-01,7.071068e-01,-3.613270e-15,-4.995167e-01,7.426469e-02,-2.556993e-14,-5.000000e-01,-1.336470e-15,-7.071068e-01,-4.995167e-01,-8.202030e-15,-7.426469e-02,-5.000000e-01,-7.071068e-01,3.986207e-15,-4.995167e-01,-7.426469e-02,2.513239e-14
22.6,610.0,-5.000000e-01,-4.471561e-15,7.071068e-01,-4.995177e-01,2.927229e-14,7.438559e-02,-5.000000e-01,7.071068e-01,-4.307428e-15,-4.995177e-01,7.438559e-02,-7.708204e-15,-5.000000e-01,2.846516e-15,-7.071068e-01,-4.995177e-01,-3.172517e-14,-7.438559e-02,-5.000000e-01,-7.071068e-01,3.589524e-15,-4.995177e-01,-7.438559e-02,7.063206e-15
22.6,635.0,-5.000000e-01,5.566428e-15,7.071068e-01,-4.995186e-01,-1.026061e-14,7.450685e-02,-5.000000e-01,7.071068e-01,4.109086e-15,-4.995186e-01,7.450685e-02,7.694984e-16,-5.000000e-01,-3.996410e-15,-7.071068e-01,-4.995186e-01,1.400563e-14,-7.450685e-02,-5.000000e-01,-7.071068e-01,-4.168064e-15,-4.995186e-01,-7.450685e-02,4.790913e-16
22.6,660.0,-5.000000e-01,1.077764e-15,7.071068e-01,-4.995196e-01,-6.561198e-15,7.462848e-02,-5.000000e-01,7.071068e-01,-5.940092e-15,-4.995196e-01,7.462848e-02,-1.984679e-14,-5.000000e-01,-5.334932e-15,-7.071068e-01,-4.995196e-01,3.367870e-15,-7.462848e-02,-5.000000e-01,-7.071068e-01,5.222824e-15,-4.995196e-01,-7.462848e-02,2.073363e-14
22.6,685.0,-5.000000e-01,-5.337269e-15,7.071068e-01,-4.995205e-01,1.540795e-14,7.475047e-02,-5.000000e-01,7.071068e-01,4.450489e-15,-4.995205e-01,7.475047e-02,6.457719e-15,-5.000000e-01,-5.789643e-16,-7.071068e-01,-4.995205e-01,-1.499485e-14,-7.475047e-02,-5.000000e-01,-7.071068e-01,-6.521867e-16,-4.995205e-01,-7.475047e-02,-6.124504e-16
22.6,710.0,-5.000000e-01,1.109391e-14,7.071068e-01,-4.995215e-01,2.805288e-14,7.487282e-02,-5.000000e-01,7.071068e-01,3.875855e-15,-4.995215e-01,7.487282e-02,-3.551646e-14,-5.000000e-01,-5.171710e-15,-7.071068e-01,-4.995215e-01,9.105995e-14,-7.487282e-02,-5.000000e-01,-7.071068e-01,-2.167895e-15,-4.995215e-01,-7.487282e-02,3.035152e-14
22.6,735.0,-5.000000e-01,-8.780992e-15,7.071068e-01,-4.995224e-01,-8.900400e-15,7.499555e-02,-5.000000e-01,7.071068e-01,3.533263e-16,-4.995224e-01,7.499555e-02,-3.797429e-15,-5.000000e-01,-2.826579e-16,-7.071068e-01,-4.995224e-01,-8.945194e-15,-7.499555e-02,-5.000000e-01,-7.071068e-01,-3.366651e-15,-4.995224e-01,-7.499555e-02,-6.934325e-15
22.6,760.0,-5.000000e-01,6.874920e-15,7.071068e-01,-4.995234e-01,5.215622e-15,7.511864e-02,-5.000000e-01,7.071068e-01,-4.525071e-15,-4.995234e-01,7.511864e-02,1.400474e-14,-5.000000e-01,-1.367834e-15,-7.071068e-01,-4.995234e-01,-1.621791e-14,-7.511864e-02,-5.000000e-01,-7.071068e-01,6.106121e-15,-4.995234e-01,-7.511864e-02,-1.517348e-14
22.6,785.0,-5.000000e-01,8.214785e-15,7.071068e-01,-4.995243e-01,1.170736e-14,7.524211e-02,-5.000000e-01,7.071068e-01,-2.072551e-14,-4.995243e-01,7.524211e-02,-7.871189e-14,-5.000000e-01,-7.841386e-15,-7.071068e-01,-4.995243e-01,-1.472965e-14,-7.524211e-02,-5.000000e-01,-7.071068e-01,2.489007e-14,-4.995243e-01,-7.524211e-02,7.880168e-14
22.6,810.0,-5.000000e-01,9.563293e-15,7.071068e-01,-4.995253e-01,9.497775e-16,7.536594e-02,-5.000000e-01,7.071068e-01,6.975010e-15,-4.995253e-01,7.536594e-02,-1.383554e-14,-5.000000e-01,-6.251491e-15,-7.071068e-01,-4.995253e-01,-8.601128e-15,-7.536594e-02,-5.000000e-01,-7.071068e-01,3.657444e-15,-4.995253e-01,-7.536594e-02,3.186704e-14
22.6,835.0,-5.000000e-01,5.310294e-15,7.071068e-01,-4.995263e-01,-3.216543e-15,7.549015e-02,-5.000000e-01,7.071068e-01,-3.423623e-15,-4.995263e-01,7.549015e-02,-4.737002e-14,-5.000000e-01,-9.898530e-15,-7.071068e-01,-4.995263e-01,-7.943907e-15,-7.549015e-02,-5.000000e-01,-7.071068e-01,2.395955e-15,-4.995263e-01,-7.549015e-02,-2.671604e-14
22.6,860.0,-5.000000e-01,1.014420e-14,7.071068e-01,-4.995272e-01,-4.715847e-14,7.561473e-02,-5.000000e-01,7.071068e-01,1.645818e-14,-4.995272e-01,7.561473e-02,-3.982239e-15,-5.000000e-01,-1.029075e-14,-7.071068e-01,-4.995272e-01,2.961611e-14,-7.561473e-02,-5.000000e-01,-7.071068e-01,3.847031e-14,-4.995272e-01,-7.561473e-02,6.589203e-14
22.6,885.0,-5.000000e-01,-2.975563e-14,7.071068e-01,-4.995282e-01,-1.656594e-15,7.573969e-02,-5.000000e-01,7.071068e-01,7.783071e-15,-4.995282e-01,7.573969e-02,-1.503357e-14,-5.000000e-01,3.130024e-14,-7.071068e-01,-4.995282e-01,1.128749e-15,-7.573969e-02,-5.000000e-01,-7.071068e-01,-6.027234e-14,-4.995282e-01,-7.573969e-02,7.776561e-15
25.1,10.0,-5.000000e-01,2.894648e-15,7.071068e-01,-4.995128e-01,5.502335e-16,6.955542e-02,-5.000000e-01,7.071068e-01,-9.864847e-15,-4.995128e-01,6.955542e-02,-8.781763e-15,-5.000000e-01,-3.457257e-15,-7.071068e-01,-4.995128e-01,-5.394561e-15,-6.955542e-02,-5.000000e-01,-7.071068e-01,8.810042e-16,-4.995128e-01,-6.955542e-02,9.317114e-15
25.1,35.0,-5.000000e-01,2.586062e-15,7.071068e-01,-4.995135e-01,1.053988e-15,6.965699e-02,-5.000000e-01,7.071068e-01,-1.679642e-15,-4.995135e-01,6.965699e-02,-4.415513e-14,-5.000000e-01,-2.018025e-15,-7.071068e-01,-4.995135e-01,1.488846e-14,-6.965699e-02,-5.000000e-01,-7.071068e-01,-1.741482e-15,-4.995135e-01,-6.965699e-02,1.443836e-14
25.1,60.0,-5.000000e-01,1.724388e-14,7.071068e-01,-4.995143e-01,2.163023e-15,6.975887e-02,-5.000000e-01,7.071068e-01,-8.942872e-15,-4.995143e-01,6.975887e-02,-4.890856e-14,-5.000000e-01,-1.153480e-14,-7.071068e-01,-4.995143e-01,-2.752319e-15,-6.975887e-02,-5.000000e-01,-7.071068e-01,1.063481e-14,-4.995143e-01,-6.975887e-02,3.792421e-14
25.1,85.0,-5.000000e-01,-4.312631e-15,7.071068e-01,-4.995150e-01,1.806086e-15,6.986105e-02,-5.000000e-01,7.071068e-01,-5.215062e-15,-4.995150e-01,6.986105e-02,4.454485e-14,-5.000000e-01,4.193002e-15,-7.071068e-01,-4.995150e-01,-3.085106e-14,-6.986105e-02,-5.000000e-01,-7.071068e-01,7.831948e-15,-4.995150e-01,-6.986105e-02,2.424645e-14
25.1,110.0,-5.000000e-01,6.493524e-15,7.071068e-01,-4.995157e-01,2.805630e-14,6.996353e-02,-5.000000e-01,7.071068e-01,-6.904823e-15,-4.995157e-01,6.996353e-02,-1.153599e-15,-5.000000e-01,-8.371449e-15,-7.071068e-01,-4.995157e-01,3.133940e-14,-6.996353e-02,-5.000000e-01,-7.071068e-01,6.701001e-15,-4.995157e-01,-6.996353e-02,3.415710e-14
25.1,135.0,-5.000000e-01,1.903560e-14,7.071068e-01,-4.995164e-01,2.254045e-14,7.006631e-02,-5.000000e-01,7.071068e-01,5.313350e-15,-4.995164e-01,7.006631e-02,-1.612981e-14,-5.000000e-01,-1.566873e-14,-7.071068e-01,-4.995164e-01,-2.182771e-14,-7.006631e-02,-5.000000e-01,-7.071068e-01,1.241772e-15,-4.995164e-01,-7.006631e-02,3.970662e-14
25.1,160.0,-5.000000e-01,-4.857209e-15,7.071068e-01,-4.995171e-01,2.207687e-14,7.016940e-02,-5.000000e-01,7.071068e-01,5.113736e-15,-4.995171e-01,7.016940e-02,8.174136e-15,-5.000000e-01,2.072906e-15,-7.071068e-01,-4.995171e-01,-1.386656e-14,-7.016940e-02,-5.000000e-01,-7.071068e-01,-4.713121e-17,-4.995171e-01,-7.016940e-02,6.007527e-14
25.1,185.0,-5.000000e-01,-8.372182e-15,7.071068e-01,-4.995179e-01,-1.450474e-13,7.027279e-02,-5.000000e-01,7.071068e-01,-5.684458e-15,-4.995179e-01,7.027279e-02,2.107605e-14,-5.000000e-01,1.719075e-14,-7.071068e-01,-4.995179e-01,1.116262e-13,-7.027279e-02,-5.000000e-01,-7.071068e-01,2.659567e-15,-4.995179e-01,-7.027279e-02,-4.720493e-14
25.1,210.0,-5.000000e-01,1.808454e-14,7.071068e-01,-4.995186e-01,8.609542e-14,7.037650e-02,-5.000000e-01,7.071068e-01,-7.507153e-15,-4.995186e-01,7.037650e-02,2.844096e-14,-5.000000e-01,-1.724309e-14,-7.071068e-01,-4.995186e-01,4.234547e-14,-7.037650e-02,-5.000000e-01,-7.071068e-01,2.117476e-14,-4.995186e-01,-7.037650e-02,1.288652e-13
25.1,235.0,-5.000000e-01,1.409516e-15,7.071068e-01,-4.995193e-01,-1.225017e-14,7.048051e-02,-5.000000e-01,7.071068e-01,2.959409e-14,-4.995193e-01,7.048051e-02,-8.915470e-15,-5.000000e-01,-6.991720e-15,-7.071068e-01,-4.995193e-01,-1.924397e-14,-7.048051e-02,-5.000000e-01,-7.071068e-01,-2.360226e-14,-4.995193e-01,-7.048051e-02,1.631833e-14
25.1,260.0,-5.000000e-01,-1.430311e-15,7.071068e-01,-4.995200e-01,7.392084e-14,7.058482e-02,-5.000000e-01,7.071068e-01,3.597438e-15,-4.995200e-01,7.058482e-02,-1.704975e-15,-5.000000e-01,-9.970044e-16,-7.071068e-01,-4.995200e-01,5.129735e-15,-7.058482e-02,-5.000000e-01,-7.071068e-01,-4.539624e-15,-4.995200e-01,-7.058482e-02,1.459223e-14
25.1,285.0,-5.000000e-01,-0.000000e+00,7.071068e-01,-4.995208e-01,7.940480e-16,7.068945e-02,-5.000000e-01,7.071068e-01,3.690471e-15,-4.995208e-01,7.068945e-02,-5.075235e-15,-5.000000e-01,1.052620e-15,-7.071068e-01,-4.995208e-01,1.954795e-14,-7.068945e-02,-5.000000e-01,-7.071068e-01,-4.528431e-15,-4.995208e-01,-7.068945e-02,5.338037e-15
25.1,310.0,-5.000000e-01,-3.289432e-15,7.071068e-01,-4.995215e-01,-2.915656e-14,7.079439e-02,-5.000000e-01,7.071068e-01,-1.031855e-14,-4.995215e-01,7.079439e-02,-5.748008e-16,-5.000000e-01,6.308913e-15,-7.071068e-01,-4.995215e-01,6.344907e-15,-7.079439e-02,-5.000000e-01,-7.071068e-01,7.530527e-15,-4.995215e-01,-7.079439e-02,-2.315634e-15
25.1,335.0,-5.000000e-01,1.160519e-13,7.071068e-01,-4.995222e-01,-5.958206e-15,7.089965e-02,-5.000000e-01,7.071068e-01,-2.069205e-14,-4.995222e-01,7.089965e-02,-1.437915e-13,-5.000000e-01,-1.026720e-13,-7.071068e-01,-4.995222e-01,-3.364633e-14,-7.089965e-02,-5.000000e-01,-7.071068e-01,3.326058e-14,-4.995222e-01,-7.089965e-02,3.305823e-13
25.1,360.0,-5.000000e-01,2.753248e-15,7.071068e-01,-4.995230e-01,4.365111e-14,7.100521e-02,-5.000000e-01,7.071068e-01,1.027793e-14,-4.995230e-01,7.100521e-02,-1.350144e-14,-5.000000e-01,-3.799986e-15,-7.071068e-01,-4.995230e-01,3.309833e-14,-7.100521e-02,-5.000000e-01,-7.071068e-01,-6.459995e-15,-4.995230e-01,-7.100521e-02,1.603708e-14
25.1,385.0,-5.000000e-01,5.538593e-15,7.071068e-01,-4.995237e-01,1.591805e-14,7.111110e-02,-5.000000e-01,7.071068e-01,-2.793155e-16,-4.995237e-01,7.111110e-02,6.247974e-14,-5.000000e-01,-5.728439e-15,-7.071068e-01,-4.995237e-01,2.799825e-14,-7.111110e-02,-5.000000e-01,-7.071068e-01,2.052969e-14,-4.995237e-01,-7.111110e-02,1.159790e-13
25.1,410.0,-5.000000e-01,-3.823347e-15,7.071068e-01,-4.995245e-01,5.448298e-14,7.121729e-02,-5.000000e-01,7.071068e-01,-1.878277e-15,-4.995245e-01,7.121729e-02,-9.543444e-15,-5.000000e-01,-2.503382e-15,-7.071068e-01,-4.995245e-01,-1.267444e-14,-7.121729e-02,-5.000000e-01,-7.071068e-01,-3.089874e-16,-4.995245e-01,-7.121729e-02,1.050288e-14
25.1,435.0,-5.000000e-01,-5.136629e-15,7.071068e-01,-4.995252e-01,6.019719e-15,7.132381e-02,-5.000000e-01,7.071068e-01,3.151031e-15,-4.995252e-01,7.132381e-02,5.164674e-14,-5.000000e-01,2.481663e-15,-7.071068e-01,-4.995252e-01,-5.411368e-14,-7.132381e-02,-5.000000e-01,-7.071068e-01,7.268145e-15,-4.995252e-01,-7.132381e-02,1.256056e-13
25.1,460.0,-5.000000e-01,-1.150971e-15,7.071068e-01,-4.995260e-01,-7.640921e-14,7.143064e-02,-5.000000e-01,7.071068e-01,-1.043295e-14,-4.995260e-01,7.143064e-02,5.981795e-15,-5.000000e-01,-1.045743e-14,-7.071068e-01,-4.995260e-01,1.900771e-13,-7.143064e-02,-5.000000e-01,-7.071068e-01,9.802389e-15,-4.995260e-01,-7.143064e-02,-4.070848e-15
25.1,485.0,-5.000000e-01,-2.037790e-14,7.071068e-01,-4.995267e-01,3.710687e-14,7.153779e-02,-5.000000e-01,7.071068e-01,-1.300842e-16,-4.995267e-01,7.153779e-02,3.759889e-14,-5.000000e-01,2.571320e-15,-7.071068e-01,-4.995267e-01,4.373729e-14,-7.153779e-02,-5.000000e-01,-7.071068e-01,7.617154e-15,-4.995267e-01,-7.153779e-02,8.704506e-14
25.1,510.0,-5.000000e-01,-6.397578e-15,7.071068e-01,-4.995275e-01,-1.883889e-15,7.164526e-02,-5.000000e-01,7.071068e-01,-6.899686e-15,-4.995275e-01,7.164526e-02,-6.157139e-16,-5.000000e-01,1.508548e-14,-7.071068e-01,-4.995275e-01,8.306020e-15,-7.164526e-02,-5.000000e-01,-7.071068e-01,7.334312e-15,-4.995275e-01,-7.164526e-02,2.454741e-15
25.1,535.0,-5.000000e-01,4.591154e-15,7.071068e-01,-4.995282e-01,1.783013e-14,7.175305e-02,-5.000000e-01,7.071068e-01,4.034554e-15,-4.995282e-01,7.175305e-02,-1.065527e-16,-5.000000e-01,2.199355e-16,-7.071068e-01,-4.995282e-01,-7.582150e-15,-7.175305e-02,-5.000000e-01,-7.071068e-01,-4.771880e-15,-4.995282e-01,-7.175305e-02,-2.443389e-15
25.1,560.0,-5.000000e-01,-5.748659e-15,7.071068e-01,-4.995290e-01,-2.600622e-14,7.186117e-02,-5.000000e-01,7.071068e-01,2.588471e-14,-4.995290e-01,7.186117e-02,4.288232e-14,-5.000000e-01,6.512153e-15,-7.071068e-01,-4.995290e-01,6.225886e-14,-7.186117e-02,-5.000000e-01,-7.071068e-01,-1.562722e-14,-4.995290e-01,-7.186117e-02,5.754480e-14
25.1,585.0,-5.000000e-01,-5.263992e-15,7.071068e-01,-4.995297e-01,-1.520471e-14,7.196961e-02,-5.000000e-01,7.071068e-01,5.899200e-15,-4.995297e-01,7.196961e-02,5.042590e-15,-5.000000e-01,4.856706e-15,-7.071068e-01,-4.995297e-01,1.979464e-14,-7.196961e-02,-5.000000e-01,-7.071068e-01,1.358103e-15,-4.995297e-01,-7.196961e-02,1.033692e-15
25.1,610.0,-5.000000e-01,8.159513e-15,7.071068e-01,-4.995305e-01,6.867998e-15,7.207837e-02,-5.000000e-01,7.071068e-01,6.386268e-16,-4.995305e-01,7.207837e-02,-1.562749e-14,-5.000000e-01,-4.522339e-15,-7.071068e-01,-4.995305e-01,-5.742253e-15,-7.207837e-02,-5.000000e-01,-7.071068e-01,-3.009484e-16,-4.995305e-01,-7.207837e-02,1.080846e-14
25.1,635.0,-5.000000e-01,8.054296e-16,7.071068e-01,-4.995313e-01,-4.973762e-14,7.218746e-02,-5.000000e-01,7.071068e-01,-2.541047e-15,-4.995313e-01,7.218746e-02,1.248979e-14,-5.000000e-01,2.685743e-15,-7.071068e-01,-4.995313e-01,5.552532e-14,-7.218746e-02,-5.000000e-01,-7.071068e-01,4.673712e-15,-4.995313e-01,-7.218746e-02,-1.087055e-14
25.1,660.0,-5.000000e-01,-1.228628e-15,7.071068e-01,-4.995320e-01,2.799936e-14,7.229688e-02,-5.000000e-01,7.071068e-01,5.469663e-15,-4.995320e-01,7.229688e-02,4.280097e-15,-5.000000e-01,4.532273e-15,-7.071068e-01,-4.995320e-01,-4.346415e-15,-7.229688e-02,-5.000000e-01,-7.071068e-01,-7.833310e-15,-4.995320e-01,-7.229688e-02,-4.587804e-15
25.1,685.0,-5.000000e-01,1.134746e-14,7.071068e-01,-4.995328e-01,-8.295228e-14,7.240663e-02,-5.000000e-01,7.071068e-01,5.731435e-15,-4.995328e-01,7.240663e-02,4.431328e-15,-5.000000e-01,-9.489063e-15,-7.071068e-01,-4.995328e-01,8.313329e-14,-7.240663e-02,-5.000000e-01,-7.071068e-01,-2.058486e-15,-4.995328e-01,-7.240663e-02,8.143950e-15
25.1,710.0,-5.000000e-01,-5.267778e-16,7.071068e-01,-4.995336e-01,4.485269e-14,7.251670e-02,-5.000000e-01,7.071068e-01,-7.406114e-16,-4.995336e-01,7.251670e-02,3.632681e-15,-5.000000e-01,3.112778e-15,-7.071068e-01,-4.995336e-01,-4.003006e-14,-7.251670e-02,-5.000000e-01,-7.071068e-01,1.884128e-15,-4.995336e-01,-7.251670e-02,-2.554079e-15
25.1,735.0,-5.000000e-01,3.389029e-15,7.071068e-01,-4.995344e-01,2.347805e-14,7.262711e-02,-5.000000e-01,7.071068e-01,8.841947e-15,-4.995344e-01,7.262711e-02,2.477487e-14,-5.000000e-01,-3.929363e-15,-7.071068e-01,-4.995344e-01,1.630266e-14,-7.262711e-02,-5.000000e-01,-7.071068e-01,-3.037075e-15,-4.995344e-01,-7.262711e-02,3.739720e-14
25.1,760.0,-5.000000e-01,1.076596e-14,7.071068e-01,-4.995351e-01,1.553089e-14,7.273785e-02,-5.000000e-01,7.071068e-01,-9.879113e-15,-4.995351e-01,7.273785e-02,-1.261493e-14,-5.000000e-01,-1.444617e-14,-7.071068e-01,-4.995351e-01,-2.077353e-14,-7.273785e-02,-5.000000e-01,-7.071068e-01,1.014582e-14,-4.995351e-01,-7.273785e-02,7.989350e-15
25.1,785.0,-5.000000e-01,-5.055043e-14,7.071068e-01,-4.995359e-01,2.495181e-14,7.284892e-02,-5.000000e-01,7.071068e-01,9.953818e-15,-4.995359e-01,7.284892e-02,-2.567689e-14,-5.000000e-01,5.065641e-14,-7.071068e-01,-4.995359e-01,5.134797e-15,-7.284892e-02,-5.000000e-01,-7.071068e-01,-9.217792e-15,-4.995359e-01,-7.284892e-02,2.423327e-14
25.1,810.0,-5.000000e-01,3.040050e-15,7.071068e-01,-4.995367e-01,-3.754233e-14,7.296032e-02,-5.000000e-01,7.071068e-01,3.962790e-15,-4.995367e-01,7.296032e-02,-1.564847e-14,-5.000000e-01,-1.147881e-14,-7.071068e-01,-4.995367e-01,2.418815e-14,-7.296032e-02,-5.000000e-01,-7.071068e-01,-3.771507e-15,-4.995367e-01,-7.296032e-02,1.446704e-14
25.1,835.0,-5.000000e-01,7.411045e-15,7.071068e-01,-4.995375e-01,3.161835e-14,7.307206e-02,-5.000000e-01,7.071068e-01,-1.980511e-14,-4.995375e-01,7.307206e-02,-3.563993e-16,-5.000000e-01,-9.675531e-15,-7.071068e-01,-4.995375e-01,-3.331834e-14,-7.307206e-02,-5.000000e-01,-7.071068e-01,2.157551e-14,-4.995375e-01,-7.307206e-02,6.817283e-15
25.1,860.0,-5.000000e-01,3.653159e-15,7.071068e-01,-4.995383e-01,5.278897e-15,7.318414e-02,-5.000000e-01,7.071068e-01,-1.131159e-14,-4.995383e-01,7.318414e-02,-4.708695e-15,-5.000000e-01,-1.027451e-15,-7.071068e-01,-4.995383e-01,-1.397103e-14,-7.318414e-02,-5.000000e-01,-7.071068e-01,9.145750e-15,-4.995383e-01,-7.318414e-02,5.971336e-15
25.1,885.0,-5.000000e-01,3.173224e-15,7.071068e-01,-4.995390e-01,-4.848864e-15,7.329655e-02,-5.000000e-01,7.071068e-01,-1.182203e-14,-4.995390e-01,7.329655e-02,-1.569975e-14,-5.000000e-01,-4.894295e-15,-7.071068e-01,-4.995390e-01,-2.683190e-14,-7.329655e-02,-5.000000e-01,-7.071068e-01,1.031190e-14,-4.995390e-01,-7.329655e-02,1.326520e-14
27.6,10.0,-5.000000e-01,2.301475e-15,7.071068e-01,-4.995321e-01,-1.374376e-14,6.837803e-02,-5.000000e-01,7.071068e-01,8.344895e-15,-4.995321e-01,6.837803e-02,6.731982e-15,-5.000000e-01,1.562356e-15,-7.071068e-01,-4.995321e-01,1.961063e-14,-6.837803e-02,-5.000000e-01,-7.071068e-01,-2.508979e-15,-4.995321e-01,-6.837803e-02,1.300309e-14
27.6,35.0,-5.000000e-01,1.587480e-15,7.071068e-01,-4.995327e-01,6.958069e-15,6.847031e-02,-5.000000e-01,7.071068e-01,-7.761068e-15,-4.995327e-01,6.847031e-02,2.592887e-14,-5.000000e-01,-2.713353e-15,-7.071068e-01,-4.995327e-01,-1.862193e-14,-6.847031e-02,-5.000000e-01,-7.071068e-01,1.168546e-14,-4.995327e-01,-6.847031e-02,-2.753372e-15
27.6,60.0,-5.000000e-01,-1.895559e-14,7.071068e-01,-4.995333e-01,-7.206999e-15,6.856287e-02,-5.000000e-01,7.071068e-01,6.846972e-15,-4.995333e-01,6.856287e-02,5.097826e-14,-5.000000e-01,1.723235e-14,-7.071068e-01,-4.995333e-01,1.176324e-14,-6.856287e-02,-5.000000e-01,-7.071068e-01,-6.495353e-15,-4.995333e-01,-6.856287e-02,-5.519293e-14
27.6,85.0,-5.000000e-01,-2.283633e-14,7.071068e-01,-4.995339e-01,-3.993243e-15,6.865571e-02,-5.000000e-01,7.071068e-01,1.940639e-15,-4.995339e-01,6.865571e-02,9.060515e-14,-5.000000e-01,1.712654e-14,-7.071068e-01,-4.995339e-01,3.449790e-15,-6.865571e-02,-5.000000e-01,-7.071068e-01,-3.178966e-16,-4.995339e-01,-6.865571e-02,-5.608823e-14
27.6,110.0,-5.000000e-01,-2.251049e-15,7.071068e-01,-4.995345e-01,-1.310661e-14,6.874881e-02,-5.000000e-01,7.071068e-01,1.417071e-14,-4.995345e-01,6.874881e-02,-1.103826e-14,-5.000000e-01,3.841343e-15,-7.071068e-01,-4.995345e-01,3.394496e-14,-6.874881e-02,-5.000000e-01,-7.071068e-01,-5.303014e-15,-4.995345e-01,-6.874881e-02,4.034823e-14
27.6,135.0,-5.000000e-01,6.348894e-15,7.071068e-01,-4.995350e-01,2.334524e-14,6.884220e-02,-5.000000e-01,7.071068e-01,2.184149e-15,-4.995350e-01,6.884220e-02,2.834216e-15,-5.000000e-01,-2.646135e-15,-7.071068e-01,-4.995350e-01,-1.223165e-14,-6.884220e-02,-5.000000e-01,-7.071068e-01,3.170267e-15,-4.995350e-01,-6.884220e-02,2.702367e-14
27.6,160.0,-5.000000e-01,4.358391e-15,7.071068e-01,-4.995356e-01,3.358599e-15,6.893586e-02,-5.000000e-01,7.071068e-01,-1.470519e-14,-4.995356e-01,6.893586e-02,-1.560522e-14,-5.000000e-01,-8.380330e-15,-7.071068e-01,-4.995356e-01,-3.853864e-14,-6.893586e-02,-5.000000e-01,-7.071068e-01,1.155326e-14,-4.995356e-01,-6.893586e-02,-9.530392e-16
27.6,185.0,-5.000000e-01,4.219182e-16,7.071068e-01,-4.995362e-01,1.767010e-14,6.902980e-02,-5.000000e-01,7.071068e-01,-3.130365e-16,-4.995362e-01,6.902980e-02,-2.170342e-14,-5.000000e-01,-5.063019e-17,-7.071068e-01,-4.995362e-01,2.065864e-15,-6.902980e-02,-5.000000e-01,-7.071068e-01,-2.929175e-15,-4.995362e-01,-6.902980e-02,-7.937796e-15
27.6,210.0,-5.000000e-01,-4.270802e-15,7.071068e-01,-4.995368e-01,-5.105068e-15,6.912401e-02,-5.000000e-01,7.071068e-01,6.095012e-15,-4.995368e-01,6.912401e-02,1.353825e-14,-5.000000e-01,2.897843e-15,-7.071068e-01,-4.995368e-01,1.006028e-14,-6.912401e-02,-5.000000e-01,-7.071068e-01,-2.635971e-15,-4.995368e-01,-6.912401e-02,1.170651e-15
27.6,235.0,-5.000000e-01,3.012813e-16,7.071068e-01,-4.995374e-01,9.045816e-16,6.921851e-02,-5.000000e-01,7.071068e-01,6.550292e-15,-4.995374e-01,6.921851e-02,1.144858e-15,-5.000000e-01,-1.917501e-15,-7.071068e-01,-4.995374e-01,-5.185732e-15,-6.921851e-02,-5.000000e-01,-7.071068e-01,-1.300968e-15,-4.995374e-01,-6.921851e-02,2.603946e-14
27.6,260.0,-5.000000e-01,-7.806864e-15,7.071068e-01,-4.995381e-01,7.561639e-16,6.931329e-02,-5.000000e-01,7.071068e-01,-2.303137e-15,-4.995381e-01,6.931329e-02,5.239561e-14,-5.000000e-01,7.087441e-15,-7.071068e-01,-4.995381e-01,-1.324519e-15,-6.931329e-02,-5.000000e-01,-7.071068e-01,-9.216162e-16,-4.995381e-01,-6.931329e-02,-5.709713e-14
27.6,285.0,-5.000000e-01,-3.691639e-15,7.071068e-01,-4.995387e-01,1.132720e-14,6.940835e-02,-5.000000e-01,7.071068e-01,-1.470955e-15,-4.995387e-01,6.940835e-02,1.885185e-14,-5.000000e-01,3.077070e-15,-7.071068e-01,-4.995387e-01,-1.994957e-14,-6.940835e-02,-5.000000e-01,-7.071068e-01,-3.218816e-16,-4.995387e-01,-6.940835e-02,-4.738090e-14
27.6,310.0,-5.000000e-01,-5.241977e-15,7.071068e-01,-4.995393e-01,9.661387e-15,6.950369e-02,-5.000000e-01,7.071068e-01,-1.474077e-14,-4.995393e-01,6.950369e-02,3.336659e-14,-5.000000e-01,3.800574e-16,-7.071068e-01,-4.995393e-01,-1.925336e-14,-6.950369e-02,-5.000000e-01,-7.071068e-01,1.540154e-14,-4.995393e-01,-6.950369e-02,-2.144617e-14
27.6,335.0,-5.000000e-01,1.209839e-14,7.071068e-01,-4.995399e-01,-2.363946e-14,6.959932e-02,-5.000000e-01,7.071068e-01,6.467307e-15,-4.995399e-01,6.959932e-02,-3.672462e-14,-5.000000e-01,-7.987707e-15,-7.071068e-01,-4.995399e-01,9.291239e-15,-6.959932e-02,-5.000000e-01,-7.071068e-01,-5.320063e-15,-4.995399e-01,-6.959932e-02,3.690988e-14
27.6,360.0,-5.000000e-01,5.139353e-15,7.071068e-01,-4.995405e-01,-9.606181e-15,6.969523e-02,-5.000000e-01,7.071068e-01,-7.990759e-15,-4.995405e-01,6.969523e-02,-4.107119e-15,-5.000000e-01,-1.651007e-15,-7.071068e-01,-4.995405e-01,7.928810e-15,-6.969523e-02,-5.000000e-01,-7.071068e-01,7.106391e-15,-4.995405e-01,-6.969523e-02,7.363864e-15
27.6,385.0,-5.000000e-01,5.614226e-15,7.071068e-01,-4.995411e-01,3.161589e-14,6.979143e-02,-5.000000e-01,7.071068e-01,-9.087312e-15,-4.995411e-01,6.979143e-02,-2.168554e-14,-5.000000e-01,-2.443947e-15,-7.071068e-01,-4.995411e-01,-3.288078e-14,-6.979143e-02,-5.000000e-01,-7.071068e-01,6.995431e-15,-4.995411e-01,-6.979143e-02,2.893879e-14
27.6,410.0,-5.000000e-01,-2.038039e-14,7.071068e-01,-4.995417e-01,2.563761e-14,6.988792e-02,-5.000000e-01,7.071068e-01,6.808527e-15,-4.995417e-01,6.988792e-02,5.385028e-14,-5.000000e-01,1.086006e-14,-7.071068e-01,-4.995417e-01,5.092300e-14,-6.988792e-02,-5.000000e-01,-7.071068e-01,-8.545798e-16,-4.995417e-01,-6.988792e-02,-2.929420e-14
27.6,435.0,-5.000000e-01,-8.808751e-15,7.071068e-01,-4.995423e-01,2.719975e-14,6.998469e-02,-5.000000e-01,7.071068e-01,1.080110e-14,-4.995423e-01,6.998469e-02,-1.677261e-14,-5.000000e-01,-8.156499e-16,-7.071068e-01,-4.995423e-01,6.401322e-14,-6.998469e-02,-5.000000e-01,-7.071068e-01,-8.561033e-15,-4.995423e-01,-6.998469e-02,3.870739e-14
27.6,460.0,-5.000000e-01,-6.987305e-15,7.071068e-01,-4.995429e-01,-7.586538e-14,7.008175e-02,-5.000000e-01,7.071068e-01,-3.883406e-16,-4.995429e-01,7.008175e-02,9.229488e-14,-5.000000e-01,-1.735036e-15,-7.071068e-01,-4.995429e-01,-7.700412e-14,-7.008175e-02,-5.000000e-01,-7.071068e-01,-4.097275e-15,-4.995429e-01,-7.008175e-02,-8.821112e-14
27.6,485.0,-5.000000e-01,7.112138e-15,7.071068e-01,-4.995436e-01,3.489711e-14,7.017910e-02,-5.000000e-01,7.071068e-01,1.747012e-14,-4.995436e-01,7.017910e-02,-1.533733e-14,-5.000000e-01,7.819427e-15,-7.071068e-01,-4.995436e-01,1.442765e-14,-7.017910e-02,-5.000000e-01,-7.071068e-01,-2.062910e-14,-4.995436e-01,-7.017910e-02,-3.671038e-15
27.6,510.0,-5.000000e-01,-6.282486e-15,7.071068e-01,-4.995442e-01,4.082900e-14,7.027674e-02,-5.000000e-01,7.071068e-01,-1.141459e-14,-4.995442e-01,7.027674e-02,1.987830e-14,-5.000000e-01,-5.745331e-15,-7.071068e-01,-4.995442e-01,3.109002e-14,-7.027674e-02,-5.000000e-01,-7.071068e-01,1.440895e-14,-4.995442e-01,-7.027674e-02,-2.214711e-14
27.6,535.0,-5.000000e-01,3.532802e-15,7.071068e-01,-4.995448e-01,6.080311e-15,7.037468e-02,-5.000000e-01,7.071068e-01,4.200647e-15,-4.995448e-01,7.037468e-02,-3.352847e-15,-5.000000e-01,-7.278787e-16,-7.071068e-01,-4.995448e-01,-6.361776e-15,-7.037468e-02,-5.000000e-01,-7.071068e-01,-3.233430e-15,-4.995448e-01,-7.037468e-02,2.871417e-15
27.6,560.0,-5.000000e-01,-3.514797e-15,7.071068e-01,-4.995454e-01,3.622658e-15,7.047291e-02,-5.000000e-01,7.071068e-01,5.650186e-15,-4.995454e-01,7.047291e-02,2.898645e-16,-5.000000e-01,3.081412e-15,-7.071068e-01,-4.995454e-01,-7.222521e-15,-7.047291e-02,-5.000000e-01,-7.071068e-01,-2.768816e-15,-4.995454e-01,-7.047291e-02,1.949243e-16
27.6,585.0,-5.000000e-01,-5.656667e-15,7.071068e-01,-4.995461e-01,-1.935918e-14,7.057143e-02,-5.000000e-01,7.071068e-01,2.997274e-15,-4.995461e-01,7.057143e-02,1.271514e-14,-5.000000e-01,4.086492e-15,-7.071068e-01,-4.995461e-01,2.213884e-14,-7.057143e-02,-5.000000e-01,-7.071068e-01,3.886755e-16,-4.995461e-01,-7.057143e-02,-2.735639e-14
27.6,610.0,-5.000000e-01,5.081558e-15,7.071068e-01,-4.995467e-01,-1.870342e-14,7.067025e-02,-5.000000e-01,7.071068e-01,-9.085416e-15,-4.995467e-01,7.067025e-02,-9.852411e-15,-5.000000e-01,-9.942454e-15,-7.071068e-01,-4.995467e-01,2.038049e-14,-7.067025e-02,-5.000000e-01,-7.071068e-01,1.161412e-14,-4.995467e-01,-7.067025e-02,3.249039e-14
27.6,635.0,-5.000000e-01,1.510756e-14,7.071068e-01,-4.995473e-01,4.905915e-15,7.076936e-02,-5.000000e-01,7.071068e-01,-5.829218e-15,-4.995473e-01,7.076936e-02,-1.389237e-14,-5.000000e-01,-1.313778e-14,-7.071068e-01,-4.995473e-01,-1.580569e-14,-7.076936e-02,-5.000000e-01,-7.071068e-01,8.895455e-15,-4.995473e-01,-7.076936e-02,5.739116e-14
27.6,660.0,-5.000000e-01,-8.148653e-15,7.071068e-01,-4.995480e-01,5.929213e-15,7.086877e-02,-5.000000e-01,7.071068e-01,3.689105e-15,-4.995480e-01,7.086877e-02,3.840204e-14,-5.000000e-01,4.988145e-15,-7.071068e-01,-4.995480e-01,-2.425824e-14,-7.086877e-02,-5.000000e-01,-7.071068e-01,-3.954117e-15,-4.995480e-01,-7.086877e-02,-9.911776e-15
27.6,685.0,-5.000000e-01,7.260382e-15,7.071068e-01,-4.995486e-01,-7.604171e-15,7.096848e-02,-5.000000e-01,7.071068e-01,-2.255652e-14,-4.995486e-01,7.096848e-02,-1.442112e-14,-5.000000e-01,-1.153670e-14,-7.071068e-01,-4.995486e-01,6.585327e-15,-7.096848e-02,-5.000000e-01,-7.071068e-01,1.918536e-14,-4.995486e-01,-7.096848e-02,1.425093e-14
27.6,710.0,-5.000000e-01,4.624684e-15,7.071068e-01,-4.995492e-01,-1.101078e-15,7.106849e-02,-5.000000e-01,7.071068e-01,3.581980e-15,-4.995492e-01,7.106849e-02,-2.076372e-14,-5.000000e-01,-6.440793e-15,-7.071068e-01,-4.995492e-01,5.477176e-15,-7.106849e-02,-5.000000e-01,-7.071068e-01,-4.346455e-15,-4.995492e-01,-7.106849e-02,4.079097e-14
27.6,735.0,-5.000000e-01,-1.231173e-15,7.071068e-01,-4.995499e-01,-8.344967e-15,7.116880e-02,-5.000000e-01,7.071068e-01,5.597514e-15,-4.995499e-01,7.116880e-02,9.300965e-15,-5.000000e-01,1.544453e-15,-7.071068e-01,-4.995499e-01,3.409456e-14,-7.116880e-02,-5.000000e-01,-7.071068e-01,-4.060169e-15,-4.995499e-01,-7.116880e-02,3.473293e-14
27.6,760.0,-5.000000e-01,4.027644e-15,7.071068e-01,-4.995505e-01,1.034715e-14,7.126941e-02,-5.000000e-01,7.071068e-01,-8.339609e-16,-4.995505e-01,7.126941e-02,-4.947541e-16,-5.000000e-01,-9.651697e-16,-7.071068e-01,-4.995505e-01,-9.937178e-15,-7.126941e-02,-5.000000e-01,-7.071068e-01,2.849367e-15,-4.995505e-01,-7.126941e-02,1.489625e-14
27.6,785.0,-5.000000e-01,-3.828022e-15,7.071068e-01,-4.995512e-01,-1.605888e-14,7.137032e-02,-5.000000e-01,7.071068e-01,5.574110e-15,-4.995512e-01,7.137032e-02,-2.666877e-14,-5.000000e-01,4.194832e-15,-7.071068e-01,-4.995512e-01,4.262887e-14,-7.137032e-02,-5.000000e-01,-7.071068e-01,-1.099504e-14,-4.995512e-01,-7.137032e-02,-9.279820e-15
27.6,810.0,-5.000000e-01,-7.785348e-16,7.071068e-01,-4.995518e-01,-8.560603e-15,7.147154e-02,-5.000000e-01,7.071068e-01,6.757204e-15,-4.995518e-01,7.147154e-02,1.883573e-14,-5.000000e-01,5.202023e-15,-7.071068e-01,-4.995518e-01,1.309938e-14,-7.147154e-02,-5.000000e-01,-7.071068e-01,-3.640171e-15,-4.995518e-01,-7.147154e-02,3.924760e-14
27.6,835.0,-5.000000e-01,-5.465528e-15,7.071068e-01,-4.995525e-01,1.865384e-14,7.157306e-02,-5.000000e-01,7.071068e-01,1.208002e-14,-4.995525e-01,7.157306e-02,-3.850148e-15,-5.000000e-01,1.003438e-14,-7.071068e-01,-4.995525e-01,1.195147e-14,-7.157306e-02,-5.000000e-01,-7.071068e-01,-1.208002e-14,-4.995525e-01,-7.157306e-02,1.245640e-15
27.6,860.0,-5.000000e-01,-7.604909e-15,7.071068e-01,-4.995531e-01,3.314629e-15,7.167488e-02,-5.000000e-01,7.071068e-01,1.293993e-15,-4.995531e-01,7.167488e-02,1.936060e-14,-5.000000e-01,6.104113e-15,-7.071068e-01,-4.995531e-01,-2.653507e-15,-7.167488e-02,-5.000000e-01,-7.071068e-01,-2.141782e-15,-4.995531e-01,-7.167488e-02,7.142870e-15
27.6,885.0,-5.000000e-01,-1.666215e-14,7.071068e-01,-4.995538e-01,1.065539e-14,7.177702e-02,-5.000000e-01,7.071068e-01,9.059161e-15,-4.995538e-01,7.177702e-02,-7.629683e-16,-5.000000e-01,1.616112e-14,-7.071068e-01,-4.995538e-01,1.575421e-14,-7.177702e-02,-5.000000e-01,-7.071068e-01,-1.257349e-14,-4.995538e-01,-7.177702e-02,4.111620e-16
30.1,10.0,-5.000000e-01,-1.699375e-14,7.071068e-01,-4.995518e-01,3.695939e-14,6.783618e-02,-5.000000e-01,7.071068e-01,5.438151e-15,-4.995518e-01,6.783618e-02,-1.084674e-14,-5.000000e-01,2.205553e-14,-7.071068e-01,-4.995518e-01,-3.570507e-14,-6.783618e-02,-5.000000e-01,-7.071068e-01,-4.688699e-15,-4.995518e-01,-6.783618e-02,8.901758e-15
30.1,35.0,-5.000000e-01,-1.244479e-14,7.071068e-01,-4.995523e-01,-1.539031e-14,6.792071e-02,-5.000000e-01,7.071068e-01,8.471583e-16,-4.995523e-01,6.792071e-02,1.655961e-14,-5.000000e-01,2.880050e-15,-7.071068e-01,-4.995523e-01,-5.508513e-14,-6.792071e-02,-5.000000e-01,-7.071068e-01,4.082565e-18,-4.995523e-01,-6.792071e-02,-1.424133e-14
30.1,60.0,-5.000000e-01,1.859630e-15,7.071068e-01,-4.995528e-01,3.173212e-15,6.800549e-02,-5.000000e-01,7.071068e-01,9.139124e-16,-4.995528e-01,6.800549e-02,8.184516e-15,-5.000000e-01,-4.585678e-15,-7.071068e-01,-4.995528e-01,-4.982056e-15,-6.800549e-02,-5.000000e-01,-7.071068e-01,2.725796e-15,-4.995528e-01,-6.800549e-02,-7.682576e-15
30.1,85.0,-5.000000e-01,-9.461589e-15,7.071068e-01,-4.995533e-01,-4.491137e-14,6.809052e-02,-5.000000e-01,7.071068e-01,8.667315e-15,-4.995533e-01,6.809052e-02,3.199518e-14,-5.000000e-01,1.039357e-14,-7.071068e-01,-4.995533e-01,3.885444e-14,-6.809052e-02,-5.000000e-01,-7.071068e-01,-9.182057e-15,-4.995533e-01,-6.809052e-02,-3.266301e-14
30.1,110.0,-5.000000e-01,1.254406e-14,7.071068e-01,-4.995538e-01,4.384191e-14,6.817580e-02,-5.000000e-01,7.071068e-01,-1.474887e-14,-4.995538e-01,6.817580e-02,-1.290854e-14,-5.000000e-01,-5.538589e-15,-7.071068e-01,-4.995538e-01,-4.292458e-14,-6.817580e-02,-5.000000e-01,-7.071068e-01,1.357949e-14,-4.995538e-01,-6.817580e-02,1.164476e-14
30.1,135.0,-5.000000e-01,2.222135e-15,7.071068e-01,-4.995543e-01,7.775996e-14,6.826134e-02,-5.000000e-01,7.071068e-01,-3.147862e-15,-4.995543e-01,6.826134e-02,2.547823e-14,-5.000000e-01,4.219920e-16,-7.071068e-01,-4.995543e-01,5.501820e-15,-6.826134e-02,-5.000000e-01,-7.071068e-01,2.858741e-15,-4.995543e-01,-6.826134e-02,-2.498237e-14
30.1,160.0,-5.000000e-01,-6.312604e-15,7.071068e-01,-4.995548e-01,-1.587134e-14,6.834713e-02,-5.000000e-01,7.071068e-01,4.024221e-15,-4.995548e-01,6.834713e-02,-5.493292e-15,-5.000000e-01,3.807082e-15,-7.071068e-01,-4.995548e-01,-2.689132e-15,-6.834713e-02,-5.000000e-01,-7.071068e-01,-2.039799e-15,-4.995548e-01,-6.834713e-02,3.596416e-15
30.1,185.0,-5.000000e-01,1.603487e-16,7.071068e-01,-4.995553e-01,2.311466e-14,6.843317e-02,-5.000000e-01,7.071068e-01,-1.635838e-15,-4.995553e-01,6.843317e-02,9.108790e-15,-5.000000e-01,5.553409e-15,-7.071068e-01,-4.995553e-01,1.014181e-14,-6.843317e-02,-5.000000e-01,-7.071068e-01,-1.704862e-15,-4.995553e-01,-6.843317e-02,-9.300983e-15
30.1,210.0,-5.000000e-01,-1.462221e-15,7.071068e-01,-4.995558e-01,-2.894925e-14,6.851947e-02,-5.000000e-01,7.071068e-01,6.208785e-15,-4.995558e-01,6.851947e-02,3.827960e-15,-5.000000e-01,5.137821e-15,-7.071068e-01,-4.995558e-01,3.098699e-14,-6.851947e-02,-5.000000e-01,-7.071068e-01,-7.928862e-15,-4.995558e-01,-6.851947e-02,-3.975612e-15
30.1,235.0,-5.000000e-01,-5.830281e-16,7.071068e-01,-4.995563e-01,-1.715327e-14,6.860603e-02,-5.000000e-01,7.071068e-01,3.262536e-15,-4.995563e-01,6.860603e-02,1.792206e-14,-5.000000e-01,-1.001578e-15,-7.071068e-01,-4.995563e-01,-9.520485e-15,-6.860603e-02,-5.000000e-01,-7.071068e-01,-2.327456e-15,-4.995563e-01,-6.860603e-02,-1.827511e-14
30.1,260.0,-5.000000e-01,6.295201e-16,7.071068e-01,-4.995568e-01,-2.167898e-14,6.869284e-02,-5.000000e-01,7.071068e-01,6.315514e-15,-4.995568e-01,6.869284e-02,-1.928112e-14,-5.000000e-01,-2.454062e-15,-7.071068e-01,-4.995568e-01,2.226905e-14,-6.869284e-02,-5.000000e-01,-7.071068e-01,-6.255148e-15,-4.995568e-01,-6.869284e-02,1.992477e-14
30.1,285.0,-5.000000e-01,9.258676e-15,7.071068e-01,-4.995574e-01,1.583398e-14,6.877991e-02,-5.000000e-01,7.071068e-01,-7.576192e-15,-4.995574e-01,6.877991e-02,1.211603e-14,-5.000000e-01,-9.268705e-15,-7.071068e-01,-4.995574e-01,-1.491848e-14,-6.877991e-02,-5.000000e-01,-7.071068e-01,8.601861e-15,-4.995574e-01,-6.877991e-02,-1.191346e-14
30.1,310.0,-5.000000e-01,1.244909e-15,7.071068e-01,-4.995579e-01,2.783914e-14,6.886724e-02,-5.000000e-01,7.071068e-01,-2.536398e-15,-4.995579e-01,6.886724e-02,1.502396e-14,-5.000000e-01,-8.281585e-16,-7.071068e-01,-4.995579e-01,-2.624709e-14,-6.886724e-02,-5.000000e-01,-7.071068e-01,3.360449e-15,-4.995579e-01,-6.886724e-02,-1.535867e-14
30.1,335.0,-5.000000e-01,3.428134e-15,7.071068e-01,-4.995584e-01,1.159950e-14,6.895484e-02,-5.000000e-01,7.071068e-01,9.059762e-15,-4.995584e-01,6.895484e-02,-2.606665e-15,-5.000000e-01,8.575683e-15,-7.071068e-01,-4.995584e-01,6.985522e-14,-6.895484e-02,-5.000000e-01,-7.071068e-01,-8.860848e-15,-4.995584e-01,-6.895484e-02,4.104221e-15
30.1,360.0,-5.000000e-01,6.522690e-15,7.071068e-01,-4.995589e-01,8.136602e-14,6.904269e-02,-5.000000e-01,7.071068e-01,-1.378308e-14,-4.995589e-01,6.904269e-02,-7.778882e-15,-5.000000e-01,-7.633874e-15,-7.071068e-01,-4.995589e-01,-8.286480e-14,-6.904269e-02,-5.000000e-01,-7.071068e-01,1.405543e-14,-4.995589e-01,-6.904269e-02,6.758523e-15
30.1,385.0,-5.000000e-01,-1.077355e-14,7.071068e-01,-4.995594e-01,-1.142197e-14,6.913080e-02,-5.000000e-01,7.071068e-01,4.423132e-15,-4.995594e-01,6.913080e-02,8.333322e-14,-5.000000e-01,7.745949e-15,-7.071068e-01,-4.995594e-01,-7.613034e-14,-6.913080e-02,-5.000000e-01,-7.071068e-01,-5.083105e-15,-4.995594e-01,-6.913080e-02,-8.651797e-14
30.1,410.0,-5.000000e-01,-3.348019e-15,7.071068e-01,-4.995599e-01,1.753749e-15,6.921918e-02,-5.000000e-01,7.071068e-01,-5.959885e-16,-4.995599e-01,6.921918e-02,-6.355623e-15,-5.000000e-01,7.262050e-16,-7.071068e-01,-4.995599e-01,-2.837648e-16,-6.921918e-02,-5.000000e-01,-7.071068e-01,-3.084326e-16,-4.995599e-01,-6.921918e-02,6.393073e-15
30.1,435.0,-5.000000e-01,7.900423e-16,7.071068e-01,-4.995604e-01,9.685974e-15,6.930782e-02,-5.000000e-01,7.071068e-01,-2.284059e-16,-4.995604e-01,6.930782e-02,-2.483578e-14,-5.000000e-01,-1.629065e-15,-7.071068e-01,-4.995604e-01,-1.027460e-14,-6.930782e-02,-5.000000e-01,-7.071068e-01,-1.498633e-15,-4.995604e-01,-6.930782e-02,2.519679e-14
30.1,460.0,-5.000000e-01,2.542998e-15,7.071068e-01,-4.995610e-01,2.637706e-14,6.939672e-02,-5.000000e-01,7.071068e-01,-7.738713e-15,-4.995610e-01,6.939672e-02,-2.252383e-14,-5.000000e-01,-3.596564e-15,-7.071068e-01,-4.995610e-01,-2.542795e-14,-6.939672e-02,-5.000000e-01,-7.071068e-01,7.507558e-15,-4.995610e-01,-6.939672e-02,2.276022e-14
30.1,485.0,-5.000000e-01,-9.720977e-15,7.071068e-01,-4.995615e-01,-2.281654e-14,6.948589e-02,-5.000000e-01,7.071068e-01,1.036784e-14,-4.995615e-01,6.948589e-02,1.128490e-14,-5.000000e-01,9.894829e-15,-7.071068e-01,-4.995615e-01,2.123553e-14,-6.948589e-02,-5.000000e-01,-7.071068e-01,-1.239547e-14,-4.995615e-01,-6.948589e-02,-1.222902e-14
30.1,510.0,-5.000000e-01,-9.997790e-16,7.071068e-01,-4.995620e-01,4.777758e-14,6.957533e-02,-5.000000e-01,7.071068e-01,-7.144233e-15,-4.995620e-01,6.957533e-02,-7.399817e-14,-5.000000e-01,-9.997790e-16,-7.071068e-01,-4.995620e-01,-4.783147e-14,-6.957533e-02,-5.000000e-01,-7.071068e-01,4.868112e-15,-4.995620e-01,-6.957533e-02,7.341329e-14
30.1,535.0,-5.000000e-01,-5.058004e-15,7.071068e-01,-4.995625e-01,-3.169103e-15,6.966504e-02,-5.000000e-01,7.071068e-01,7.169997e-15,-4.995625e-01,6.966504e-02,1.529428e-14,-5.000000e-01,9.512466e-15,-7.071068e-01,-4.995625e-01,5.213761e-14,-6.966504e-02,-5.000000e-01,-7.071068e-01,-6.811494e-15,-4.995625e-01,-6.966504e-02,-1.485342e-14
30.1,560.0,-5.000000e-01,1.691709e-15,7.071068e-01,-4.995631e-01,-1.097867e-14,6.975501e-02,-5.000000e-01,7.071068e-01,1.072877e-14,-4.995631e-01,6.975501e-02,-3.193259e-14,-5.000000e-01,4.819698e-15,-7.071068e-01,-4.995631e-01,8.613545e-14,-6.975501e-02,-5.000000e-01,-7.071068e-01,-1.340672e-14,-4.995631e-01,-6.975501e-02,3.141387e-14
30.1,585.0,-5.000000e-01,2.164436e-15,7.071068e-01,-4.995636e-01,4.818024e-14,6.984525e-02,-5.000000e-01,7.071068e-01,-9.230003e-15,-4.995636e-01,6.984525e-02,-4.771035e-14,-5.000000e-01,7.867334e-16,-7.071068e-01,-4.995636e-01,-6.220740e-14,-6.984525e-02,-5.000000e-01,-7.071068e-01,1.021803e-14,-4.995636e-01,-6.984525e-02,4.607983e-14
30.1,610.0,-5.000000e-01,2.634174e-15,7.071068e-01,-4.995641e-01,7.638721e-15,6.993576e-02,-5.000000e-01,7.071068e-01,-1.180336e-15,-4.995641e-01,6.993576e-02,-2.141100e-15,-5.000000e-01,-4.888984e-15,-7.071068e-01,-4.995641e-01,-7.501002e-15,-6.993576e-02,-5.000000e-01,-7.071068e-01,9.806520e-16,-4.995641e-01,-6.993576e-02,1.642050e-15
30.1,635.0,-5.000000e-01,-2.821258e-15,7.071068e-01,-4.995646e-01,1.467273e-14,7.002655e-02,-5.000000e-01,7.071068e-01,5.313541e-15,-4.995646e-01,7.002655e-02,7.692059e-15,-5.000000e-01,4.713687e-15,-7.071068e-01,-4.995646e-01,1.849626e-14,-7.002655e-02,-5.000000e-01,-7.071068e-01,-5.943061e-15,-4.995646e-01,-7.002655e-02,-8.444944e-15
30.1,660.0,-5.000000e-01,6.294455e-16,7.071068e-01,-4.995652e-01,1.136150e-14,7.011760e-02,-5.000000e-01,7.071068e-01,-2.126420e-15,-4.995652e-01,7.011760e-02,5.482935e-14,-5.000000e-01,4.342107e-15,-7.071068e-01,-4.995652e-01,-6.728677e-15,-7.011760e-02,-5.000000e-01,-7.071068e-01,1.533672e-15,-4.995652e-01,-7.011760e-02,-8.533427e-14
30.1,685.0,-5.000000e-01,6.737599e-15,7.071068e-01,-4.995657e-01,2.892727e-15,7.020893e-02,-5.000000e-01,7.071068e-01,-1.158601e-14,-4.995657e-01,7.020893e-02,-2.230568e-14,-5.000000e-01,-8.239449e-15,-7.071068e-01,-4.995657e-01,-4.256087e-14,-7.020893e-02,-5.000000e-01,-7.071068e-01,1.168899e-14,-4.995657e-01,-7.020893e-02,-3.094532e-15
30.1,710.0,-5.000000e-01,-7.194095e-16,7.071068e-01,-4.995662e-01,-4.708978e-15,7.030054e-02,-5.000000e-01,7.071068e-01,7.419017e-15,-4.995662e-01,7.030054e-02,2.674394e-14,-5.000000e-01,4.690871e-15,-7.071068e-01,-4.995662e-01,-2.152113e-14,-7.030054e-02,-5.000000e-01,-7.071068e-01,-6.417926e-15,-4.995662e-01,-7.030054e-02,-2.313323e-14
30.1,735.0,-5.000000e-01,1.442889e-14,7.071068e-01,-4.995668e-01,1.683123e-14,7.039242e-02,-5.000000e-01,7.071068e-01,-2.849757e-15,-4.995668e-01,7.039242e-02,-1.800519e-14,-5.000000e-01,-6.447862e-15,-7.071068e-01,-4.995668e-01,2.094116e-14,-7.039242e-02,-5.000000e-01,-7.071068e-01,1.110962e-15,-4.995668e-01,-7.039242e-02,1.655714e-14
30.1,760.0,-5.000000e-01,-5.716107e-16,7.071068e-01,-4.995673e-01,1.904154e-14,7.048457e-02,-5.000000e-01,7.071068e-01,-9.839408e-15,-4.995673e-01,7.048457e-02,-7.415348e-16,-5.000000e-01,-5.112443e-15,-7.071068e-01,-4.995673e-01,-4.870157e-14,-7.048457e-02,-5.000000e-01,-7.071068e-01,8.899228e-15,-4.995673e-01,-7.048457e-02,2.915074e-15
30.1,785.0,-5.000000e-01,3.269788e-15,7.071068e-01,-4.995679e-01,-2.265155e-15,7.057701e-02,-5.000000e-01,7.071068e-01,-8.017217e-15,-4.995679e-01,7.057701e-02,-1.798152e-14,-5.000000e-01,-1.116487e-14,-7.071068e-01,-4.995679e-01,-5.945127e-14,-7.057701e-02,-5.000000e-01,-7.071068e-01,1.152758e-14,-4.995679e-01,-7.057701e-02,1.761837e-14
30.1,810.0,-5.000000e-01,9.394169e-16,7.071068e-01,-4.995684e-01,3.221042e-14,7.066972e-02,-5.000000e-01,7.071068e-01,-6.944429e-15,-4.995684e-01,7.066972e-02,-4.434268e-14,-5.000000e-01,-7.152379e-15,-7.071068e-01,-4.995684e-01,-7.034135e-14,-7.066972e-02,-5.000000e-01,-7.071068e-01,1.033481e-14,-4.995684e-01,-7.066972e-02,4.742073e-14
30.1,835.0,-5.000000e-01,2.127996e-15,7.071068e-01,-4.995689e-01,-2.926502e-14,7.076271e-02,-5.000000e-01,7.071068e-01,1.066691e-14,-4.995689e-01,7.076271e-02,-2.442339e-14,-5.000000e-01,2.751769e-15,-7.071068e-01,-4.995689e-01,4.705343e-14,-7.076271e-02,-5.000000e-01,-7.071068e-01,-8.326204e-15,-4.995689e-01,-7.076271e-02,2.214786e-14
30.1,860.0,-5.000000e-01,-1.470889e-15,7.071068e-01,-4.995695e-01,-1.707215e-14,7.085598e-02,-5.000000e-01,7.071068e-01,4.221244e-15,-4.995695e-01,7.085598e-02,2.022813e-14,-5.000000e-01,1.553794e-15,-7.071068e-01,-4.995695e-01,-5.740519e-15,-7.085598e-02,-5.000000e-01,-7.071068e-01,-3.286255e-16,-4.995695e-01,-7.085598e-02,-9.367311e-15
30.1,885.0,-5.000000e-01,1.851023e-14,7.071068e-01,-4.995700e-01,-2.385215e-14,7.094953e-02,-5.000000e-01,7.071068e-01,-3.184639e-15,-4.995700e-01,7.094953e-02,9.729397e-14,-5.000000e-01,-2.145795e-14,-7.071068e-01,-4.995700e-01,2.978228e-14,-7.094953e-02,-5.000000e-01,-7.071068e-01,1.198055e-15,-4.995700e-01,-7.094953e-02,-8.491585e-14
32.6,10.0,-5.000000e-01,3.179669e-15,7.071068e-01,-4.995712e-01,3.651312e-15,6.778223e-02,-5.000000e-01,7.071068e-01,-3.831180e-15,-4.995712e-01,6.778223e-02,-1.102354e-14,-5.000000e-01,-4.293566e-15,-7.071068e-01,-4.995712e-01,-3.722975e-15,-6.778223e-02,-5.000000e-01,-7.071068e-01,1.105849e-15,-4.995712e-01,-6.778223e-02,1.092361e-14
32.6,35.0,-5.000000e-01,3.006734e-14,7.071068e-01,-4.995716e-01,2.935905e-15,6.786018e-02,-5.000000e-01,7.071068e-01,-9.512026e-15,-4.995716e-01,6.786018e-02,-4.669762e-15,-5.000000e-01,-3.110392e-14,-7.071068e-01,-4.995716e-01,-3.759687e-15,-6.786018e-02,-5.000000e-01,-7.071068e-01,1.030470e-14,-4.995716e-01,-6.786018e-02,4.114361e-15
32.6,60.0,-5.000000e-01,2.893589e-15,7.071068e-01,-4.995720e-01,-1.713845e-14,6.793837e-02,-5.000000e-01,7.071068e-01,1.673023e-15,-4.995720e-01,6.793837e-02,2.427121e-15,-5.000000e-01,-4.410229e-15,-7.071068e-01,-4.995720e-01,2.017226e-14,-6.793837e-02,-5.000000e-01,-7.071068e-01,-2.352555e-15,-4.995720e-01,-6.793837e-02,-2.594945e-15
32.6,85.0,-5.000000e-01,4.291416e-15,7.071068e-01,-4.995724e-01,1.881005e-14,6.801679e-02,-5.000000e-01,7.071068e-01,-7.899129e-15,-4.995724e-01,6.801679e-02,-9.016684e-15,-5.000000e-01,-2.216224e-16,-7.071068e-01,-4.995724e-01,-2.380045e-14,-6.801679e-02,-5.000000e-01,-7.071068e-01,5.599248e-15,-4.995724e-01,-6.801679e-02,5.222903e-15
32.6,110.0,-5.000000e-01,4.231139e-15,7.071068e-01,-4.995729e-01,-9.735711e-15,6.809544e-02,-5.000000e-01,7.071068e-01,-3.538870e-15,-4.995729e-01,6.809544e-02,-2.646352e-14,-5.000000e-01,-6.745258e-15,-7.071068e-01,-4.995729e-01,1.000773e-14,-6.809544e-02,-5.000000e-01,-7.071068e-01,-4.673274e-15,-4.995729e-01,-6.809544e-02,2.648001e-14
32.6,135.0,-5.000000e-01,6.401401e-15,7.071068e-01,-4.995733e-01,1.676534e-14,6.817432e-02,-5.000000e-01,7.071068e-01,-3.273579e-15,-4.995733e-01,6.817432e-02,-4.836896e-15,-5.000000e-01,-3.896616e-15,-7.071068e-01,-4.995733e-01,1.267027e-14,-6.817432e-02,-5.000000e-01,-7.071068e-01,2.870803e-15,-4.995733e-01,-6.817432e-02,1.761980e-14
32.6,160.0,-5.000000e-01,-1.179652e-14,7.071068e-01,-4.995737e-01,-1.650681e-15,6.825344e-02,-5.000000e-01,7.071068e-01,2.743977e-16,-4.995737e-01,6.825344e-02,-9.529805e-15,-5.000000e-01,1.166363e-14,-7.071068e-01,-4.995737e-01,-1.488785e-14,-6.825344e-02,-5.000000e-01,-7.071068e-01,-6.839683e-16,-4.995737e-01,-6.825344e-02,1.083686e-14
32.6,185.0,-5.000000e-01,2.069219e-15,7.071068e-01,-4.995741e-01,-1.501127e-14,6.833279e-02,-5.000000e-01,7.071068e-01,-5.091894e-15,-4.995741e-01,6.833279e-02,-1.091880e-14,-5.000000e-01,-5.822346e-15,-7.071068e-01,-4.995741e-01,-3.253797e-14,-6.833279e-02,-5.000000e-01,-7.071068e-01,4.097859e-15,-4.995741e-01,-6.833279e-02,2.536878e-15
32.6,210.0,-5.000000e-01,-4.546472e-15,7.071068e-01,-4.995746e-01,-1.947602e-14,6.841238e-02,-5.000000e-01,7.071068e-01,-1.144627e-15,-4.995746e-01,6.841238e-02,1.913489e-14,-5.000000e-01,2.452030e-16,-7.071068e-01,-4.995746e-01,-2.446509e-14,-6.841238e-02,-5.000000e-01,-7.071068e-01,2.075791e-15,-4.995746e-01,-6.841238e-02,-1.394979e-14
32.6,235.0,-5.000000e-01,-8.415445e-16,7.071068e-01,-4.995750e-01,-1.927405e-14,6.849221e-02,-5.000000e-01,7.071068e-01,3.143298e-15,-4.995750e-01,6.849221e-02,-1.995136e-15,-5.000000e-01,1.887720e-15,-7.071068e-01,-4.995750e-01,2.093841e-14,-6.849221e-02,-5.000000e-01,-7.071068e-01,-3.244025e-15,-4.995750e-01,-6.849221e-02,2.242597e-15
32.6,260.0,-5.000000e-01,-9.176633e-15,7.071068e-01,-4.995754e-01,1.220994e-14,6.857227e-02,-5.000000e-01,7.071068e-01,2.155042e-15,-4.995754e-01,6.857227e-02,3.723010e-14,-5.000000e-01,9.677921e-15,-7.071068e-01,-4.995754e-01,1.347974e-15,-6.857227e-02,-5.000000e-01,-7.071068e-01,-2.663781e-15,-4.995754e-01,-6.857227e-02,-4.588718e-14
32.6,285.0,-5.000000e-01,-7.210572e-16,7.071068e-01,-4.995759e-01,1.298516e-14,6.865257e-02,-5.000000e-01,7.071068e-01,-1.883398e-15,-4.995759e-01,6.865257e-02,-8.271142e-15,-5.000000e-01,-1.007434e-15,-7.071068e-01,-4.995759e-01,-1.301355e-14,-6.865257e-02,-5.000000e-01,-7.071068e-01,2.985565e-15,-4.995759e-01,-6.865257e-02,8.492193e-15
32.6,310.0,-5.000000e-01,5.739414e-15,7.071068e-01,-4.995763e-01,3.068878e-14,6.873311e-02,-5.000000e-01,7.071068e-01,-1.086442e-14,-4.995763e-01,6.873311e-02,-3.095711e-14,-5.000000e-01,-5.821259e-15,-7.071068e-01,-4.995763e-01,-3.165835e-14,-6.873311e-02,-5.000000e-01,-7.071068e-01,7.270525e-15,-4.995763e-01,-6.873311e-02,3.042148e-14
32.6,335.0,-5.000000e-01,-1.867244e-15,7.071068e-01,-4.995767e-01,-4.311478e-14,6.881388e-02,-5.000000e-01,7.071068e-01,3.608357e-15,-4.995767e-01,6.881388e-02,9.332615e-15,-5.000000e-01,-2.496163e-15,-7.071068e-01,-4.995767e-01,8.486123e-15,-6.881388e-02,-5.000000e-01,-7.071068e-01,-7.205725e-15,-4.995767e-01,-6.881388e-02,-2.539256e-15
32.6,360.0,-5.000000e-01,4.671266e-15,7.071068e-01,-4.995772e-01,2.536316e-14,6.889490e-02,-5.000000e-01,7.071068e-01,-2.723485e-15,-4.995772e-01,6.889490e-02,-9.025973e-15,-5.000000e-01,-3.683802e-16,-7.071068e-01,-4.995772e-01,2.462336e-14,-6.889490e-02,-5.000000e-01,-7.071068e-01,-1.832681e-16,-4.995772e-01,-6.889490e-02,1.307274e-14
32.6,385.0,-5.000000e-01,9.647722e-16,7.071068e-01,-4.995776e-01,-2.351736e-14,6.897616e-02,-5.000000e-01,7.071068e-01,-2.002778e-15,-4.995776e-01,6.897616e-02,-5.218420e-15,-5.000000e-01,-3.738812e-15,-7.071068e-01,-4.995776e-01,-5.141929e-15,-6.897616e-02,-5.000000e-01,-7.071068e-01,4.572923e-15,-4.995776e-01,-6.897616e-02,8.857868e-15
32.6,410.0,-5.000000e-01,-1.440031e-14,7.071068e-01,-4.995781e-01,6.427789e-15,6.905767e-02,-5.000000e-01,7.071068e-01,2.985635e-15,-4.995781e-01,6.905767e-02,1.491204e-14,-5.000000e-01,1.423162e-14,-7.071068e-01,-4.995781e-01,-1.136735e-14,-6.905767e-02,-5.000000e-01,-7.071068e-01,-4.391240e-15,-4.995781e-01,-6.905767e-02,-5.111232e-15
32.6,435.0,-5.000000e-01,-6.393119e-15,7.071068e-01,-4.995785e-01,-7.691266e-14,6.913941e-02,-5.000000e-01,7.071068e-01,9.702990e-15,-4.995785e-01,6.913941e-02,-2.998087e-14,-5.000000e-01,2.878055e-15,-7.071068e-01,-4.995785e-01,4.710598e-14,-6.913941e-02,-5.000000e-01,-7.071068e-01,-1.376192e-14,-4.995785e-01,-6.913941e-02,2.609497e-14
32.6,460.0,-5.000000e-01,1.376087e-15,7.071068e-01,-4.995789e-01,-7.861071e-15,6.922140e-02,-5.000000e-01,7.071068e-01,-1.881606e-15,-4.995789e-01,6.922140e-02,-1.114955e-14,-5.000000e-01,-4.680741e-15,-7.071068e-01,-4.995789e-01,-1.187984e-14,-6.922140e-02,-5.000000e-01,-7.071068e-01,2.251654e-16,-4.995789e-01,-6.922140e-02,5.508980e-15
32.6,485.0,-5.000000e-01,-3.848719e-15,7.071068e-01,-4.995794e-01,-1.145410e-14,6.930364e-02,-5.000000e-01,7.071068e-01,6.090037e-15,-4.995794e-01,6.930364e-02,2.195426e-14,-5.000000e-01,5.303504e-15,-7.071068e-01,-4.995794e-01,2.517269e-14,-6.930364e-02,-5.000000e-01,-7.071068e-01,-2.058430e-15,-4.995794e-01,-6.930364e-02,-2.249860e-14
32.6,510.0,-5.000000e-01,1.261212e-15,7.071068e-01,-4.995798e-01,-7.101989e-15,6.938612e-02,-5.000000e-01,7.071068e-01,-2.056487e-15,-4.995798e-01,6.938612e-02,-6.335694e-15,-5.000000e-01,-3.990853e-16,-7.071068e-01,-4.995798e-01,7.797392e-15,-6.938612e-02,-5.000000e-01,-7.071068e-01,-1.699392e-15,-4.995798e-01,-6.938612e-02,6.013765e-15
32.6,535.0,-5.000000e-01,-6.008250e-15,7.071068e-01,-4.995803e-01,-3.313180e-14,6.946885e-02,-5.000000e-01,7.071068e-01,2.024647e-14,-4.995803e-01,6.946885e-02,3.826986e-14,-5.000000e-01,1.776908e-14,-7.071068e-01,-4.995803e-01,1.172710e-13,-6.946885e-02,-5.000000e-01,-7.071068e-01,-1.904269e-14,-4.995803e-01,-6.946885e-02,-4.510535e-14
32.6,560.0,-5.000000e-01,1.454866e-15,7.071068e-01,-4.995807e-01,1.128366e-14,6.955182e-02,-5.000000e-01,7.071068e-01,6.933694e-16,-4.995807e-01,6.955182e-02,-3.934622e-15,-5.000000e-01,3.685149e-16,-7.071068e-01,-4.995807e-01,1.361141e-14,-6.955182e-02,-5.000000e-01,-7.071068e-01,3.491831e-15,-4.995807e-01,-6.955182e-02,1.005914e-14
32.6,585.0,-5.000000e-01,-1.585894e-16,7.071068e-01,-4.995812e-01,1.136323e-14,6.963505e-02,-5.000000e-01,7.071068e-01,3.634614e-15,-4.995812e-01,6.963505e-02,-2.385631e-15,-5.000000e-01,-3.581051e-17,-7.071068e-01,-4.995812e-01,-1.164742e-14,-6.963505e-02,-5.000000e-01,-7.071068e-01,-1.053936e-15,-4.995812e-01,-6.963505e-02,5.130770e-15
32.6,610.0,-5.000000e-01,3.897784e-15,7.071068e-01,-4.995816e-01,-1.783452e-14,6.971852e-02,-5.000000e-01,7.071068e-01,-6.279155e-15,-4.995816e-01,6.971852e-02,-1.785774e-14,-5.000000e-01,-3.617543e-15,-7.071068e-01,-4.995816e-01,1.943381e-14,-6.971852e-02,-5.000000e-01,-7.071068e-01,1.935339e-15,-4.995816e-01,-6.971852e-02,1.325657e-14
32.6,635.0,-5.000000e-01,2.352107e-15,7.071068e-01,-4.995821e-01,-3.865793e-14,6.980224e-02,-5.000000e-01,7.071068e-01,-4.346876e-16,-4.995821e-01,6.980224e-02,-2.760536e-14,-5.000000e-01,-1.010383e-14,-7.071068e-01,-4.995821e-01,-5.483384e-14,-6.980224e-02,-5.000000e-01,-7.071068e-01,2.556835e-15,-4.995821e-01,-6.980224e-02,1.276587e-14
32.6,660.0,-5.000000e-01,-7.119824e-15,7.071068e-01,-4.995825e-01,7.955633e-15,6.988622e-02,-5.000000e-01,7.071068e-01,2.160691e-15,-4.995825e-01,6.988622e-02,4.071122e-14,-5.000000e-01,6.531408e-15,-7.071068e-01,-4.995825e-01,-6.184374e-15,-6.988622e-02,-5.000000e-01,-7.071068e-01,-2.880783e-15,-4.995825e-01,-6.988622e-02,-3.546253e-14
32.6,685.0,-5.000000e-01,4.862048e-17,7.071068e-01,-4.995830e-01,3.853155e-15,6.997044e-02,-5.000000e-01,7.071068e-01,-5.365556e-15,-4.995830e-01,6.997044e-02,4.994959e-15,-5.000000e-01,-2.405434e-16,-7.071068e-01,-4.995830e-01,1.737420e-17,-6.997044e-02,-5.000000e-01,-7.071068e-01,3.555019e-15,-4.995830e-01,-6.997044e-02,-5.012595e-15
32.6,710.0,-5.000000e-01,1.289944e-14,7.071068e-01,-4.995834e-01,-8.704381e-15,7.005492e-02,-5.000000e-01,7.071068e-01,-2.835558e-15,-4.995834e-01,7.005492e-02,-2.353707e-14,-5.000000e-01,-1.210378e-14,-7.071068e-01,-4.995834e-01,2.466031e-15,-7.005492e-02,-5.000000e-01,-7.071068e-01,8.005969e-15,-4.995834e-01,-7.005492e-02,2.945253e-14
32.6,735.0,-5.000000e-01,2.089789e-15,7.071068e-01,-4.995839e-01,-7.850875e-17,7.013966e-02,-5.000000e-01,7.071068e-01,-3.993639e-15,-4.995839e-01,7.013966e-02,-2.601708e-15,-5.000000e-01,1.644445e-16,-7.071068e-01,-4.995839e-01,4.336643e-16,-7.013966e-02,-5.000000e-01,-7.071068e-01,2.061118e-15,-4.995839e-01,-7.013966e-02,-1.272488e-15
32.6,760.0,-5.000000e-01,1.040944e-14,7.071068e-01,-4.995844e-01,1.533262e-14,7.022465e-02,-5.000000e-01,7.071068e-01,-8.183652e-15,-4.995844e-01,7.022465e-02,-4.839717e-15,-5.000000e-01,-7.330372e-15,-7.071068e-01,-4.995844e-01,-1.323712e-14,-7.022465e-02,-5.000000e-01,-7.071068e-01,5.831585e-15,-4.995844e-01,-7.022465e-02,3.932894e-15
32.6,785.0,-5.000000e-01,7.264530e-15,7.071068e-01,-4.995848e-01,3.271999e-14,7.030989e-02,-5.000000e-01,7.071068e-01,-2.969219e-15,-4.995848e-01,7.030989e-02,-6.985047e-15,-5.000000e-01,-5.889330e-15,-7.071068e-01,-4.995848e-01,-1.896409e-14,-7.030989e-02,-5.000000e-01,-7.071068e-01,6.193193e-15,-4.995848e-01,-7.030989e-02,1.601631e-14
32.6,810.0,-5.000000e-01,-2.930217e-15,7.071068e-01,-4.995853e-01,-4.485483e-15,7.039539e-02,-5.000000e-01,7.071068e-01,6.238642e-16,-4.995853e-01,7.039539e-02,4.102996e-14,-5.000000e-01,1.645528e-15,-7.071068e-01,-4.995853e-01,4.157145e-15,-7.039539e-02,-5.000000e-01,-7.071068e-01,-3.149721e-15,-4.995853e-01,-7.039539e-02,-4.035909e-14
32.6,835.0,-5.000000e-01,-4.467220e-15,7.071068e-01,-4.995857e-01,-1.488002e-14,7.048115e-02,-5.000000e-01,7.071068e-01,5.037864e-15,-4.995857e-01,7.048115e-02,-6.958710e-15,-5.000000e-01,5.642804e-15,-7.071068e-01,-4.995857e-01,1.358294e-14,-7.048115e-02,-5.000000e-01,-7.071068e-01,-5.995432e-15,-4.995857e-01,-7.048115e-02,8.109725e-15
32.6,860.0,-5.000000e-01,2.157670e-15,7.071068e-01,-4.995862e-01,-8.275145e-15,7.056716e-02,-5.000000e-01,7.071068e-01,-1.170723e-15,-4.995862e-01,7.056716e-02,1.188516e-14,-5.000000e-01,-7.781760e-16,-7.071068e-01,-4.995862e-01,7.527452e-15,-7.056716e-02,-5.000000e-01,-7.071068e-01,3.372742e-15,-4.995862e-01,-7.056716e-02,-1.224366e-14
32.6,885.0,-5.000000e-01,4.933367e-15,7.071068e-01,-4.995867e-01,3.066271e-14,7.065344e-02,-5.000000e-01,7.071068e-01,-1.628406e-15,-4.995867e-01,7.065344e-02,-2.387703e-15,-5.000000e-01,-3.857112e-15,-7.071068e-01,-4.995867e-01,-3.385171e-14,-7.065344e-02,-5.000000e-01,-7.071068e-01,4.990060e-15,-4.995867e-01,-7.065344e-02,-4.463420e-15
35.1,10.0,-5.000000e-01,4.533048e-16,7.071068e-01,-4.995896e-01,-1.863216e-15,6.811050e-02,-5.000000e-01,7.071068e-01,3.304618e-15,-4.995896e-01,6.811050e-02,1.247592e-14,-5.000000e-01,-3.237892e-16,-7.071068e-01,-4.995896e-01,-4.362590e-16,-6.811050e-02,-5.000000e-01,-7.071068e-01,2.746098e-15,-4.995896e-01,-6.811050e-02,-1.100519e-14
35.1,35.0,-5.000000e-01,1.738761e-15,7.071068e-01,-4.995900e-01,-4.046140e-15,6.818281e-02,-5.000000e-01,7.071068e-01,-2.117995e-15,-4.995900e-01,6.818281e-02,8.755005e-16,-5.000000e-01,-1.294822e-15,-7.071068e-01,-4.995900e-01,4.202435e-15,-6.818281e-02,-5.000000e-01,-7.071068e-01,3.938702e-16,-4.995900e-01,-6.818281e-02,-2.009837e-15
35.1,60.0,-5.000000e-01,2.929593e-15,7.071068e-01,-4.995904e-01,-4.113789e-15,6.825534e-02,-5.000000e-01,7.071068e-01,3.546688e-15,-4.995904e-01,6.825534e-02,-5.368509e-16,-5.000000e-01,-1.734240e-15,-7.071068e-01,-4.995904e-01,4.142231e-15,-6.825534e-02,-5.000000e-01,-7.071068e-01,-1.863487e-15,-4.995904e-01,-6.825534e-02,1.433007e-15
35.1,85.0,-5.000000e-01,3.548880e-16,7.071068e-01,-4.995907e-01,1.215605e-14,6.832808e-02,-5.000000e-01,7.071068e-01,-2.024753e-16,-4.995907e-01,6.832808e-02,4.154749e-15,-5.000000e-01,1.348575e-15,-7.071068e-01,-4.995907e-01,-1.330240e-14,-6.832808e-02,-5.000000e-01,-7.071068e-01,5.224457e-15,-4.995907e-01,-6.832808e-02,-2.602935e-15
35.1,110.0,-5.000000e-01,-2.858133e-15,7.071068e-01,-4.995911e-01,-1.676979e-14,6.840103e-02,-5.000000e-01,7.071068e-01,1.317902e-15,-4.995911e-01,6.840103e-02,5.857867e-15,-5.000000e-01,2.074904e-15,-7.071068e-01,-4.995911e-01,1.654877e-14,-6.840103e-02,-5.000000e-01,-7.071068e-01,-5.905970e-15,-4.995911e-01,-6.840103e-02,-6.851606e-15
35.1,135.0,-5.000000e-01,-3.487068e-15,7.071068e-01,-4.995915e-01,-4.218416e-14,6.847420e-02,-5.000000e-01,7.071068e-01,6.185935e-15,-4.995915e-01,6.847420e-02,-3.199985e-15,-5.000000e-01,2.973184e-15,-7.071068e-01,-4.995915e-01,4.238614e-14,-6.847420e-02,-5.000000e-01,-7.071068e-01,-9.873800e-15,-4.995915e-01,-6.847420e-02,1.524434e-15
35.1,160.0,-5.000000e-01,-4.835169e-16,7.071068e-01,-4.995918e-01,-8.186008e-15,6.854759e-02,-5.000000e-01,7.071068e-01,-1.758417e-16,-4.995918e-01,6.854759e-02,8.949701e-15,-5.000000e-01,-2.514288e-16,-7.071068e-01,-4.995918e-01,7.996850e-15,-6.854759e-02,-5.000000e-01,-7.071068e-01,-3.740594e-16,-4.995918e-01,-6.854759e-02,-9.800707e-15
35.1,185.0,-5.000000e-01,5.699816e-15,7.071068e-01,-4.995922e-01,-1.887519e-14,6.862119e-02,-5.000000e-01,7.071068e-01,-1.428605e-14,-4.995922e-01,6.862119e-02,-2.180036e-14,-5.000000e-01,-6.437439e-15,-7.071068e-01,-4.995922e-01,1.823788e-14,-6.862119e-02,-5.000000e-01,-7.071068e-01,1.120671e-14,-4.995922e-01,-6.862119e-02,2.213607e-14
35.1,210.0,-5.000000e-01,-5.141328e-15,7.071068e-01,-4.995926e-01,4.874907e-15,6.869502e-02,-5.000000e-01,7.071068e-01,-2.206006e-16,-4.995926e-01,6.869502e-02,1.914246e-14,-5.000000e-01,3.565155e-15,-7.071068e-01,-4.995926e-01,-4.858932e-15,-6.869502e-02,-5.000000e-01,-7.071068e-01,-3.165695e-15,-4.995926e-01,-6.869502e-02,-1.727150e-14
35.1,235.0,-5.000000e-01,1.112836e-15,7.071068e-01,-4.995930e-01,6.882332e-15,6.876906e-02,-5.000000e-01,7.071068e-01,-1.422252e-15,-4.995930e-01,6.876906e-02,-9.881850e-15,-5.000000e-01,4.748098e-15,-7.071068e-01,-4.995930e-01,3.789026e-14,-6.876906e-02,-5.000000e-01,-7.071068e-01,-8.952012e-16,-4.995930e-01,-6.876906e-02,-2.116015e-15
35.1,260.0,-5.000000e-01,-5.900611e-15,7.071068e-01,-4.995933e-01,-1.080793e-14,6.884332e-02,-5.000000e-01,7.071068e-01,7.511300e-15,-4.995933e-01,6.884332e-02,8.694858e-15,-5.000000e-01,4.323220e-15,-7.071068e-01,-4.995933e-01,1.256104e-14,-6.884332e-02,-5.000000e-01,-7.071068e-01,-3.744203e-15,-4.995933e-01,-6.884332e-02,-9.792966e-15
35.1,285.0,-5.000000e-01,-5.197057e-16,7.071068e-01,-4.995937e-01,8.558125e-15,6.891781e-02,-5.000000e-01,7.071068e-01,1.087092e-15,-4.995937e-01,6.891781e-02,-2.902067e-15,-5.000000e-01,1.872902e-15,-7.071068e-01,-4.995937e-01,-7.865189e-15,-6.891781e-02,-5.000000e-01,-7.071068e-01,4.836453e-15,-4.995937e-01,-6.891781e-02,4.380439e-15
35.1,310.0,-5.000000e-01,-5.342688e-15,7.071068e-01,-4.995941e-01,2.075922e-14,6.899251e-02,-5.000000e-01,7.071068e-01,1.245438e-15,-4.995941e-01,6.899251e-02,1.089628e-14,-5.000000e-01,5.650181e-15,-7.071068e-01,-4.995941e-01,-2.272733e-14,-6.899251e-02,-5.000000e-01,-7.071068e-01,-1.280910e-15,-4.995941e-01,-6.899251e-02,-1.129146e-14
35.1,335.0,-5.000000e-01,-1.057132e-14,7.071068e-01,-4.995944e-01,-4.322365e-14,6.906744e-02,-5.000000e-01,7.071068e-01,7.845969e-15,-4.995944e-01,6.906744e-02,1.260757e-14,-5.000000e-01,4.240818e-15,-7.071068e-01,-4.995944e-01,-2.185000e-14,-6.906744e-02,-5.000000e-01,-7.071068e-01,-4.140029e-15,-4.995944e-01,-6.906744e-02,-3.227701e-14
35.1,360.0,-5.000000e-01,2.695698e-15,7.071068e-01,-4.995948e-01,8.588823e-15,6.914259e-02,-5.000000e-01,7.071068e-01,3.527000e-16,-4.995948e-01,6.914259e-02,1.276232e-14,-5.000000e-01,1.666432e-16,-7.071068e-01,-4.995948e-01,2.907134e-14,-6.914259e-02,-5.000000e-01,-7.071068e-01,-2.347399e-15,-4.995948e-01,-6.914259e-02,-2.004212e-14
35.1,385.0,-5.000000e-01,1.670514e-14,7.071068e-01,-4.995952e-01,3.040394e-14,6.921797e-02,-5.000000e-01,7.071068e-01,-1.452509e-14,-4.995952e-01,6.921797e-02,-1.878478e-14,-5.000000e-01,-1.816804e-14,-7.071068e-01,-4.995952e-01,-3.313588e-14,-6.921797e-02,-5.000000e-01,-7.071068e-01,1.117319e-14,-4.995952e-01,-6.921797e-02,1.772739e-14
35.1,410.0,-5.000000e-01,-3.954066e-15,7.071068e-01,-4.995956e-01,6.186177e-15,6.929357e-02,-5.000000e-01,7.071068e-01,-4.692231e-15,-4.995956e-01,6.929357e-02,7.203180e-15,-5.000000e-01,3.663326e-15,-7.071068e-01,-4.995956e-01,-4.182997e-15,-6.929357e-02,-5.000000e-01,-7.071068e-01,4.658555e-15,-4.995956e-01,-6.929357e-02,-7.289786e-15
35.1,435.0,-5.000000e-01,1.123392e-15,7.071068e-01,-4.995960e-01,5.994894e-15,6.936939e-02,-5.000000e-01,7.071068e-01,2.695772e-15,-4.995960e-01,6.936939e-02,-1.146088e-14,-5.000000e-01,-1.367286e-16,-7.071068e-01,-4.995960e-01,-6.980630e-15,-6.936939e-02,-5.000000e-01,-7.071068e-01,3.173359e-15,-4.995960e-01,-6.936939e-02,1.235040e-14
35.1,460.0,-5.000000e-01,1.737134e-15,7.071068e-01,-4.995963e-01,-1.166597e-14,6.944544e-02,-5.000000e-01,7.071068e-01,4.353307e-15,-4.995963e-01,6.944544e-02,1.281366e-14,-5.000000e-01,4.229971e-15,-7.071068e-01,-4.995963e-01,5.543267e-14,-6.944544e-02,-5.000000e-01,-7.071068e-01,-8.644939e-15,-4.995963e-01,-6.944544e-02,-1.848059e-14
35.1,485.0,-5.000000e-01,-1.750037e-15,7.071068e-01,-4.995967e-01,-1.301288e-14,6.952172e-02,-5.000000e-01,7.071068e-01,1.539612e-15,-4.995967e-01,6.952172e-02,1.336318e-14,-5.000000e-01,1.428936e-15,-7.071068e-01,-4.995967e-01,1.332304e-14,-6.952172e-02,-5.000000e-01,-7.071068e-01,-6.816170e-15,-4.995967e-01,-6.952172e-02,-1.242311e-14
35.1,510.0,-5.000000e-01,-4.235148e-15,7.071068e-01,-4.995971e-01,-5.739198e-14,6.959823e-02,-5.000000e-01,7.071068e-01,9.075937e-15,-4.995971e-01,6.959823e-02,-1.659125e-14,-5.000000e-01,5.512415e-15,-7.071068e-01,-4.995971e-01,5.341454e-14,-6.959823e-02,-5.000000e-01,-7.071068e-01,-1.556308e-14,-4.995971e-01,-6.959823e-02,1.402979e-14
35.1,535.0,-5.000000e-01,-4.697106e-15,7.071068e-01,-4.995975e-01,4.110026e-14,6.967497e-02,-5.000000e-01,7.071068e-01,-4.702552e-15,-4.995975e-01,6.967497e-02,3.380720e-14,-5.000000e-01,4.677616e-15,-7.071068e-01,-4.995975e-01,-4.015065e-14,-6.967497e-02,-5.000000e-01,-7.071068e-01,-5.403953e-16,-4.995975e-01,-6.967497e-02,-3.298149e-14
35.1,560.0,-5.000000e-01,-2.034229e-15,7.071068e-01,-4.995979e-01,4.707147e-14,6.975193e-02,-5.000000e-01,7.071068e-01,-6.352759e-15,-4.995979e-01,6.975193e-02,-7.687284e-15,-5.000000e-01,9.388947e-15,-7.071068e-01,-4.995979e-01,5.287317e-15,-6.975193e-02,-5.000000e-01,-7.071068e-01,3.326464e-15,-4.995979e-01,-6.975193e-02,-1.770495e-14
35.1,585.0,-5.000000e-01,2.757477e-15,7.071068e-01,-4.995983e-01,1.231262e-14,6.982913e-02,-5.000000e-01,7.071068e-01,-8.365008e-16,-4.995983e-01,6.982913e-02,-2.128471e-14,-5.000000e-01,-2.693464e-15,-7.071068e-01,-4.995983e-01,-9.700215e-15,-6.982913e-02,-5.000000e-01,-7.071068e-01,4.772717e-15,-4.995983e-01,-6.982913e-02,2.037454e-14
35.1,610.0,-5.000000e-01,6.188296e-17,7.071068e-01,-4.995987e-01,2.571231e-14,6.990656e-02,-5.000000e-01,7.071068e-01,2.774186e-15,-4.995987e-01,6.990656e-02,4.239834e-15,-5.000000e-01,8.640817e-15,-7.071068e-01,-4.995987e-01,2.211448e-14,-6.990656e-02,-5.000000e-01,-7.071068e-01,-1.140040e-14,-4.995987e-01,-6.990656e-02,-3.535183e-15
35.1,635.0,-5.000000e-01,1.974395e-14,7.071068e-01,-4.995991e-01,3.347699e-14,6.998422e-02,-5.000000e-01,7.071068e-01,2.350663e-14,-4.995991e-01,6.998422e-02,-1.990148e-14,-5.000000e-01,-3.032247e-14,-7.071068e-01,-4.995991e-01,-2.917781e-14,-6.998422e-02,-5.000000e-01,-7.071068e-01,-2.008137e-14,-4.995991e-01,-6.998422e-02,5.378523e-15
35.1,660.0,-5.000000e-01,4.688457e-15,7.071068e-01,-4.995994e-01,1.473393e-15,7.006211e-02,-5.000000e-01,7.071068e-01,-1.567144e-15,-4.995994e-01,7.006211e-02,-1.605454e-14,-5.000000e-01,-5.916386e-15,-7.071068e-01,-4.995994e-01,-2.129959e-15,-7.006211e-02,-5.000000e-01,-7.071068e-01,7.331360e-15,-4.995994e-01,-7.006211e-02,1.835461e-14
35.1,685.0,-5.000000e-01,-1.223330e-14,7.071068e-01,-4.995998e-01,-6.245755e-14,7.014024e-02,-5.000000e-01,7.071068e-01,1.180655e-14,-4.995998e-01,7.014024e-02,6.608034e-15,-5.000000e-01,7.050865e-15,-7.071068e-01,-4.995998e-01,1.658022e-14,-7.014024e-02,-5.000000e-01,-7.071068e-01,-1.355341e-14,-4.995998e-01,-7.014024e-02,-3.377932e-15
35.1,710.0,-5.000000e-01,1.833116e-15,7.071068e-01,-4.996002e-01,-2.758540e-14,7.021860e-02,-5.000000e-01,7.071068e-01,-4.461413e-15,-4.996002e-01,7.021860e-02,-1.293069e-14,-5.000000e-01,-3.499585e-15,-7.071068e-01,-4.996002e-01,-1.165264e-14,-7.021860e-02,-5.000000e-01,-7.071068e-01,6.338822e-15,-4.996002e-01,-7.021860e-02,1.730349e-14
35.1,735.0,-5.000000e-01,-1.298028e-15,7.071068e-01,-4.996006e-01,3.974469e-14,7.029719e-02,-5.000000e-01,7.071068e-01,4.010934e-15,-4.996006e-01,7.029719e-02,1.684769e-14,-5.000000e-01,8.633853e-15,-7.071068e-01,-4.996006e-01,8.995265e-15,-7.029719e-02,-5.000000e-01,-7.071068e-01,-2.723771e-15,-4.996006e-01,-7.029719e-02,-2.111312e-14
35.1,760.0,-5.000000e-01,-4.973581e-16,7.071068e-01,-4.996010e-01,3.108176e-14,7.037603e-02,-5.000000e-01,7.071068e-01,4.860868e-15,-4.996010e-01,7.037603e-02,-3.153818e-14,-5.000000e-01,-4.333417e-16,-7.071068e-01,-4.996010e-01,-3.217906e-14,-7.037603e-02,-5.000000e-01,-7.071068e-01,-3.490584e-15,-4.996010e-01,-7.037603e-02,3.109941e-14
35.1,785.0,-5.000000e-01,2.973865e-15,7.071068e-01,-4.996014e-01,5.844935e-14,7.045510e-02,-5.000000e-01,7.071068e-01,-9.920384e-15,-4.996014e-01,7.045510e-02,1.660052e-14,-5.000000e-01,-2.328132e-15,-7.071068e-01,-4.996014e-01,-5.958881e-14,-7.045510e-02,-5.000000e-01,-7.071068e-01,1.032110e-14,-4.996014e-01,-7.045510e-02,-1.545982e-14
35.1,810.0,-5.000000e-01,2.617993e-15,7.071068e-01,-4.996018e-01,-1.333547e-14,7.053440e-02,-5.000000e-01,7.071068e-01,-5.125754e-15,-4.996018e-01,7.053440e-02,3.055815e-14,-5.000000e-01,-5.856620e-15,-7.071068e-01,-4.996018e-01,-6.040105e-15,-7.053440e-02,-5.000000e-01,-7.071068e-01,5.444416e-15,-4.996018e-01,-7.053440e-02,-2.238320e-14
35.1,835.0,-5.000000e-01,-4.901737e-16,7.071068e-01,-4.996022e-01,-3.717475e-14,7.061395e-02,-5.000000e-01,7.071068e-01,3.171688e-15,-4.996022e-01,7.061395e-02,-1.028404e-14,-5.000000e-01,-5.901790e-15,-7.071068e-01,-4.996022e-01,-1.035168e-14,-7.061395e-02,-5.000000e-01,-7.071068e-01,-2.373749e-15,-4.996022e-01,-7.061395e-02,-3.098534e-16
35.1,860.0,-5.000000e-01,2.400920e-15,7.071068e-01,-4.996026e-01,8.416449e-15,7.069374e-02,-5.000000e-01,7.071068e-01,-3.359644e-15,-4.996026e-01,7.069374e-02,-3.335351e-14,-5.000000e-01,-3.862135e-15,-7.071068e-01,-4.996026e-01,-7.562556e-15,-7.069374e-02,-5.000000e-01,-7.071068e-01,4.398216e-15,-4.996026e-01,-7.069374e-02,3.149435e-14
35.1,885.0,-5.000000e-01,1.060035e-14,7.071068e-01,-4.996030e-01,8.277305e-16,7.077376e-02,-5.000000e-01,7.071068e-01,-5.023880e-15,-4.996030e-01,7.077376e-02,7.670616e-15,-5.000000e-01,-8.874485e-15,-7.071068e-01,-4.996030e-01,-1.357833e-15,-7.077376e-02,-5.000000e-01,-7.071068e-01,2.474264e-15,-4.996030e-01,-7.077376e-02,-8.044109e-15
37.6,10.0,-5.000000e-01,-6.672102e-15,7.071068e-01,-4.996071e-01,-1.558032e-14,6.874333e-02,-5.000000e-01,7.071068e-01,6.512977e-15,-4.996071e-01,6.874333e-02,2.140905e-14,-5.000000e-01,7.638428e-15,-7.071068e-01,-4.996071e-01,1.408055e-14,-6.874333e-02,-5.000000e-01,-7.071068e-01,-7.819359e-15,-4.996071e-01,-6.874333e-02,-2.025247e-14
37.6,35.0,-5.000000e-01,-3.045395e-14,7.071068e-01,-4.996074e-01,-1.419767e-14,6.881073e-02,-5.000000e-01,7.071068e-01,9.261299e-15,-4.996074e-01,6.881073e-02,-8.594029e-17,-5.000000e-01,2.516530e-14,-7.071068e-01,-4.996074e-01,-2.514587e-14,-6.881073e-02,-5.000000e-01,-7.071068e-01,-1.498906e-14,-4.996074e-01,-6.881073e-02,-1.095378e-14
37.6,60.0,-5.000000e-01,5.356530e-15,7.071068e-01,-4.996077e-01,1.468831e-14,6.887834e-02,-5.000000e-01,7.071068e-01,-8.428757e-15,-4.996077e-01,6.887834e-02,-2.925371e-15,-5.000000e-01,-1.137949e-15,-7.071068e-01,-4.996077e-01,-4.165449e-14,-6.887834e-02,-5.000000e-01,-7.071068e-01,5.474581e-15,-4.996077e-01,-6.887834e-02,-9.757334e-15
37.6,85.0,-5.000000e-01,7.922085e-15,7.071068e-01,-4.996080e-01,3.073239e-14,6.894615e-02,-5.000000e-01,7.071068e-01,-1.722055e-14,-4.996080e-01,6.894615e-02,-1.157061e-14,-5.000000e-01,-1.107802e-14,-7.071068e-01,-4.996080e-01,-4.456142e-14,-6.894615e-02,-5.000000e-01,-7.071068e-01,1.380866e-14,-4.996080e-01,-6.894615e-02,-7.286525e-15
37.6,110.0,-5.000000e-01,-7.141346e-15,7.071068e-01,-4.996084e-01,-2.021568e-14,6.901415e-02,-5.000000e-01,7.071068e-01,-1.053478e-15,-4.996084e-01,6.901415e-02,-4.994777e-15,-5.000000e-01,2.082707e-15,-7.071068e-01,-4.996084e-01,2.198438e-15,-6.901415e-02,-5.000000e-01,-7.071068e-01,-6.274389e-15,-4.996084e-01,-6.901415e-02,-1.709144e-14
37.6,135.0,-5.000000e-01,4.009812e-15,7.071068e-01,-4.996087e-01,-1.092829e-14,6.908236e-02,-5.000000e-01,7.071068e-01,-1.985894e-15,-4.996087e-01,6.908236e-02,-2.977538e-15,-5.000000e-01,6.421499e-16,-7.071068e-01,-4.996087e-01,1.032787e-15,-6.908236e-02,-5.000000e-01,-7.071068e-01,9.572295e-16,-4.996087e-01,-6.908236e-02,3.002947e-15
37.6,160.0,-5.000000e-01,-1.383367e-15,7.071068e-01,-4.996090e-01,4.559252e-15,6.915077e-02,-5.000000e-01,7.071068e-01,-3.148489e-15,-4.996090e-01,6.915077e-02,1.203065e-14,-5.000000e-01,-4.210763e-15,-7.071068e-01,-4.996090e-01,-6.006120e-15,-6.915077e-02,-5.000000e-01,-7.071068e-01,4.023598e-15,-4.996090e-01,-6.915077e-02,-1.181661e-14
37.6,185.0,-5.000000e-01,3.128167e-15,7.071068e-01,-4.996093e-01,-4.059028e-15,6.921939e-02,-5.000000e-01,7.071068e-01,-1.107135e-16,-4.996093e-01,6.921939e-02,1.467086e-14,-5.000000e-01,6.054602e-15,-7.071068e-01,-4.996093e-01,3.375004e-15,-6.921939e-02,-5.000000e-01,-7.071068e-01,-1.291658e-15,-4.996093e-01,-6.921939e-02,-1.425304e-14
37.6,210.0,-5.000000e-01,4.292195e-15,7.071068e-01,-4.996096e-01,1.839765e-14,6.928820e-02,-5.000000e-01,7.071068e-01,1.614982e-15,-4.996096e-01,6.928820e-02,7.563237e-15,-5.000000e-01,2.148471e-16,-7.071068e-01,-4.996096e-01,-1.674806e-14,-6.928820e-02,-5.000000e-01,-7.071068e-01,2.916467e-15,-4.996096e-01,-6.928820e-02,-6.769118e-15
37.6,235.0,-5.000000e-01,-1.261306e-16,7.071068e-01,-4.996100e-01,-7.690464e-15,6.935723e-02,-5.000000e-01,7.071068e-01,-3.668696e-16,-4.996100e-01,6.935723e-02,-1.400511e-15,-5.000000e-01,8.635483e-16,-7.071068e-01,-4.996100e-01,8.700678e-15,-6.935723e-02,-5.000000e-01,-7.071068e-01,1.319778e-15,-4.996100e-01,-6.935723e-02,2.298055e-15
37.6,260.0,-5.000000e-01,1.494513e-14,7.071068e-01,-4.996103e-01,-6.638577e-15,6.942645e-02,-5.000000e-01,7.071068e-01,-6.027480e-15,-4.996103e-01,6.942645e-02,-3.681262e-15,-5.000000e-01,-1.817979e-14,-7.071068e-01,-4.996103e-01,5.811475e-15,-6.942645e-02,-5.000000e-01,-7.071068e-01,2.469260e-14,-4.996103e-01,-6.942645e-02,4.972342e-15
37.6,285.0,-5.000000e-01,4.978491e-15,7.071068e-01,-4.996106e-01,1.130820e-14,6.949589e-02,-5.000000e-01,7.071068e-01,-1.087455e-14,-4.996106e-01,6.949589e-02,1.446057e-15,-5.000000e-01,-7.554723e-15,-7.071068e-01,-4.996106e-01,-8.090372e-15,-6.949589e-02,-5.000000e-01,-7.071068e-01,-3.498482e-15,-4.996106e-01,-6.949589e-02,-4.059094e-15
37.6,310.0,-5.000000e-01,1.194964e-15,7.071068e-01,-4.996109e-01,-1.324093e-14,6.956553e-02,-5.000000e-01,7.071068e-01,5.857977e-15,-4.996109e-01,6.956553e-02,-1.723162e-15,-5.000000e-01,-1.033739e-15,-7.071068e-01,-4.996109e-01,1.156051e-14,-6.956553e-02,-5.000000e-01,-7.071068e-01,8.827224e-15,-4.996109e-01,-6.956553e-02,3.732553e-15
37.6,335.0,-5.000000e-01,8.285592e-15,7.071068e-01,-4.996113e-01,1.260837e-15,6.963537e-02,-5.000000e-01,7.071068e-01,-5.632968e-15,-4.996113e-01,6.963537e-02,-9.724105e-15,-5.000000e-01,8.910194e-15,-7.071068e-01,-4.996113e-01,-1.001576e-15,-6.963537e-02,-5.000000e-01,-7.071068e-01,-2.734550e-15,-4.996113e-01,-6.963537e-02,-1.987021e-14
37.6,360.0,-5.000000e-01,6.030711e-15,7.071068e-01,-4.996116e-01,2.222732e-15,6.970543e-02,-5.000000e-01,7.071068e-01,-2.195127e-15,-4.996116e-01,6.970543e-02,-1.137474e-15,-5.000000e-01,-8.074293e-15,-7.071068e-01,-4.996116e-01,-3.212836e-15,-6.970543e-02,-5.000000e-01,-7.071068e-01,5.418201e-15,-4.996116e-01,-6.970543e-02,2.834123e-15
37.6,385.0,-5.000000e-01,2.186591e-16,7.071068e-01,-4.996119e-01,6.311939e-15,6.977569e-02,-5.000000e-01,7.071068e-01,-4.324286e-15,-4.996119e-01,6.977569e-02,2.552021e-15,-5.000000e-01,2.120043e-15,-7.071068e-01,-4.996119e-01,-3.454842e-15,-6.977569e-02,-5.000000e-01,-7.071068e-01,-3.854574e-15,-4.996119e-01,-6.977569e-02,-2.826877e-14
37.6,410.0,-5.000000e-01,-8.570823e-15,7.071068e-01,-4.996123e-01,-2.754471e-14,6.984617e-02,-5.000000e-01,7.071068e-01,5.359953e-15,-4.996123e-01,6.984617e-02,-1.810167e-14,-5.000000e-01,3.315307e-15,-7.071068e-01,-4.996123e-01,4.837781e-15,-6.984617e-02,-5.000000e-01,-7.071068e-01,-7.131831e-15,-4.996123e-01,-6.984617e-02,8.437840e-15
37.6,435.0,-5.000000e-01,6.947844e-16,7.071068e-01,-4.996126e-01,-5.709320e-15,6.991685e-02,-5.000000e-01,7.071068e-01,7.251233e-16,-4.996126e-01,6.991685e-02,-3.502847e-15,-5.000000e-01,-5.198223e-16,-7.071068e-01,-4.996126e-01,7.942901e-15,-6.991685e-02,-5.000000e-01,-7.071068e-01,-2.504971e-15,-4.996126e-01,-6.991685e-02,4.479452e-15
37.6,460.0,-5.000000e-01,-5.185499e-15,7.071068e-01,-4.996129e-01,1.716682e-15,6.998775e-02,-5.000000e-01,7.071068e-01,2.794585e-15,-4.996129e-01,6.998775e-02,1.279062e-14,-5.000000e-01,-1.619245e-15,-7.071068e-01,-4.996129e-01,-3.880528e-15,-6.998775e-02,-5.000000e-01,-7.071068e-01,-2.292507e-15,-4.996129e-01,-6.998775e-02,-1.255528e-14
37.6,485.0,-5.000000e-01,-1.714488e-15,7.071068e-01,-4.996133e-01,-3.180507e-15,7.005885e-02,-5.000000e-01,7.071068e-01,4.866635e-15,-4.996133e-01,7.005885e-02,1.128049e-15,-5.000000e-01,2.015714e-15,-7.071068e-01,-4.996133e-01,3.794120e-15,-7.005885e-02,-5.000000e-01,-7.071068e-01,-5.260260e-15,-4.996133e-01,-7.005885e-02,-3.042056e-15
37.6,510.0,-5.000000e-01,2.348793e-15,7.071068e-01,-4.996136e-01,1.890693e-14,7.013017e-02,-5.000000e-01,7.071068e-01,-9.656247e-16,-4.996136e-01,7.013017e-02,-6.521740e-16,-5.000000e-01,5.367017e-17,-7.071068e-01,-4.996136e-01,-1.638711e-14,-7.013017e-02,-5.000000e-01,-7.071068e-01,5.774815e-16,-4.996136e-01,-7.013017e-02,7.375045e-16
37.6,535.0,-5.000000e-01,7.459250e-15,7.071068e-01,-4.996139e-01,3.350477e-15,7.020171e-02,-5.000000e-01,7.071068e-01,-4.717416e-15,-4.996139e-01,7.020171e-02,-2.416146e-14,-5.000000e-01,-6.415334e-15,-7.071068e-01,-4.996139e-01,-1.675386e-14,-7.020171e-02,-5.000000e-01,-7.071068e-01,-3.503676e-15,-4.996139e-01,-7.020171e-02,2.619541e-14
37.6,560.0,-5.000000e-01,-2.879589e-15,7.071068e-01,-4.996143e-01,1.954228e-15,7.027345e-02,-5.000000e-01,7.071068e-01,2.222565e-15,-4.996143e-01,7.027345e-02,9.320233e-15,-5.000000e-01,1.808972e-15,-7.071068e-01,-4.996143e-01,-4.091582e-15,-7.027345e-02,-5.000000e-01,-7.071068e-01,-3.069155e-15,-4.996143e-01,-7.027345e-02,-8.722438e-15
37.6,585.0,-5.000000e-01,-4.254241e-15,7.071068e-01,-4.996146e-01,-2.974016e-15,7.034542e-02,-5.000000e-01,7.071068e-01,1.076849e-14,-4.996146e-01,7.034542e-02,-9.305528e-15,-5.000000e-01,1.128299e-14,-7.071068e-01,-4.996146e-01,4.990265e-14,-7.034542e-02,-5.000000e-01,-7.071068e-01,-9.789319e-15,-4.996146e-01,-7.034542e-02,1.871061e-14
37.6,610.0,-5.000000e-01,-6.526833e-16,7.071068e-01,-4.996149e-01,6.499034e-15,7.041759e-02,-5.000000e-01,7.071068e-01,-5.770753e-16,-4.996149e-01,7.041759e-02,-8.489890e-15,-5.000000e-01,-4.122210e-16,-7.071068e-01,-4.996149e-01,-4.490027e-15,-7.041759e-02,-5.000000e-01,-7.071068e-01,2.536864e-16,-4.996149e-01,-7.041759e-02,9.905781e-15
37.6,635.0,-5.000000e-01,-7.123201e-16,7.071068e-01,-4.996153e-01,-4.937035e-15,7.048999e-02,-5.000000e-01,7.071068e-01,1.570221e-15,-4.996153e-01,7.048999e-02,5.918278e-15,-5.000000e-01,-1.196698e-15,-7.071068e-01,-4.996153e-01,4.822913e-15,-7.048999e-02,-5.000000e-01,-7.071068e-01,-7.579725e-16,-4.996153e-01,-7.048999e-02,-4.668462e-15
37.6,660.0,-5.000000e-01,7.596979e-16,7.071068e-01,-4.996156e-01,3.341821e-15,7.056260e-02,-5.000000e-01,7.071068e-01,-7.432507e-17,-4.996156e-01,7.056260e-02,-2.690889e-15,-5.000000e-01,1.085283e-15,-7.071068e-01,-4.996156e-01,-3.220716e-15,-7.056260e-02,-5.000000e-01,-7.071068e-01,-1.130530e-15,-4.996156e-01,-7.056260e-02,2.443649e-15
37.6,685.0,-5.000000e-01,-2.005929e-16,7.071068e-01,-4.996160e-01,2.456381e-15,7.063543e-02,-5.000000e-01,7.071068e-01,5.526185e-15,-4.996160e-01,7.063543e-02,-2.228568e-14,-5.000000e-01,9.695325e-16,-7.071068e-01,-4.996160e-01,3.362783e-14,-7.063543e-02,-5.000000e-01,-7.071068e-01,-4.141389e-15,-4.996160e-01,-7.063543e-02,3.001777e-14
37.6,710.0,-5.000000e-01,3.456168e-15,7.071068e-01,-4.996163e-01,5.233384e-14,7.070848e-02,-5.000000e-01,7.071068e-01,-2.504256e-16,-4.996163e-01,7.070848e-02,-5.647818e-15,-5.000000e-01,6.805444e-15,-7.071068e-01,-4.996163e-01,4.604400e-14,-7.070848e-02,-5.000000e-01,-7.071068e-01,-8.037038e-16,-4.996163e-01,-7.070848e-02,1.169751e-14
37.6,735.0,-5.000000e-01,-7.960470e-16,7.071068e-01,-4.996166e-01,-3.988077e-14,7.078174e-02,-5.000000e-01,7.071068e-01,3.469975e-15,-4.996166e-01,7.078174e-02,-4.896949e-15,-5.000000e-01,-6.010870e-15,-7.071068e-01,-4.996166e-01,-4.057208e-14,-7.078174e-02,-5.000000e-01,-7.071068e-01,4.537916e-15,-4.996166e-01,-7.078174e-02,1.198678e-14
37.6,760.0,-5.000000e-01,-1.248461e-15,7.071068e-01,-4.996170e-01,2.667850e-14,7.085523e-02,-5.000000e-01,7.071068e-01,-3.764964e-15,-4.996170e-01,7.085523e-02,1.787325e-14,-5.000000e-01,3.757748e-15,-7.071068e-01,-4.996170e-01,-2.590540e-14,-7.085523e-02,-5.000000e-01,-7.071068e-01,6.579548e-16,-4.996170e-01,-7.085523e-02,-1.906684e-14
37.6,785.0,-5.000000e-01,-4.541806e-15,7.071068e-01,-4.996173e-01,3.851149e-15,7.092894e-02,-5.000000e-01,7.071068e-01,-7.581002e-15,-4.996173e-01,7.092894e-02,1.934251e-14,-5.000000e-01,1.016710e-14,-7.071068e-01,-4.996173e-01,3.683137e-16,-7.092894e-02,-5.000000e-01,-7.071068e-01,-2.563532e-15,-4.996173e-01,-7.092894e-02,-2.029930e-14
37.6,810.0,-5.000000e-01,6.194980e-17,7.071068e-01,-4.996177e-01,1.019443e-14,7.100287e-02,-5.000000e-01,7.071068e-01,1.421459e-14,-4.996177e-01,7.100287e-02,-1.337137e-14,-5.000000e-01,-2.270310e-16,-7.071068e-01,-4.996177e-01,-3.026613e-15,-7.100287e-02,-5.000000e-01,-7.071068e-01,2.101806e-15,-4.996177e-01,-7.100287e-02,1.291681e-14
37.6,835.0,-5.000000e-01,1.585094e-15,7.071068e-01,-4.996180e-01,1.158508e-14,7.107702e-02,-5.000000e-01,7.071068e-01,7.859265e-15,-4.996180e-01,7.107702e-02,-2.270212e-14,-5.000000e-01,4.418738e-16,-7.071068e-01,-4.996180e-01,-3.548207e-15,-7.107702e-02,-5.000000e-01,-7.071068e-01,2.470599e-15,-4.996180e-01,-7.107702e-02,3.748026e-14
37.6,860.0,-5.000000e-01,3.008427e-15,7.071068e-01,-4.996184e-01,2.613568e-14,7.115140e-02,-5.000000e-01,7.071068e-01,-1.289942e-14,-4.996184e-01,7.115140e-02,-7.159352e-15,-5.000000e-01,-3.323746e-15,-7.071068e-01,-4.996184e-01,-1.012455e-14,-7.115140e-02,-5.000000e-01,-7.071068e-01,2.299462e-15,-4.996184e-01,-7.115140e-02,-8.932788e-17
37.6,885.0,-5.000000e-01,1.483212e-15,7.071068e-01,-4.996187e-01,3.107363e-14,7.122600e-02,-5.000000e-01,7.071068e-01,-6.163316e-15,-4.996187e-01,7.122600e-02,-7.966207e-16,-5.000000e-01,-3.838565e-15,-7.071068e-01,-4.996187e-01,-1.417093e-14,-7.122600e-02,-5.000000e-01,-7.071068e-01,3.100449e-15,-4.996187e-01,-7.122600e-02,1.268890e-14
40.1,10.0,-5.000000e-01,1.270259e-14,7.071068e-01,-4.996234e-01,7.414939e-16,6.962230e-02,-5.000000e-01,7.071068e-01,-4.875375e-15,-4.996234e-01,6.962230e-02,1.715030e-14,-5.000000e-01,-1.236324e-14,-7.071068e-01,-4.996234e-01,2.666529e-16,-6.962230e-02,-5.000000e-01,-7.071068e-01,4.441773e-15,-4.996234e-01,-6.962230e-02,-1.698144e-14
40.1,35.0,-5.000000e-01,-7.508729e-15,7.071068e-01,-4.996237e-01,-1.621709e-15,6.968541e-02,-5.000000e-01,7.071068e-01,7.116128e-16,-4.996237e-01,6.968541e-02,1.088363e-15,-5.000000e-01,4.247638e-15,-7.071068e-01,-4.996237e-01,-3.159177e-16,-6.968541e-02,-5.000000e-01,-7.071068e-01,-1.639690e-15,-4.996237e-01,-6.968541e-02,-1.406204e-15
40.1,60.0,-5.000000e-01,5.433073e-15,7.071068e-01,-4.996240e-01,1.475879e-15,6.974870e-02,-5.000000e-01,7.071068e-01,7.990727e-15,-4.996240e-01,6.974870e-02,-7.650309e-15,-5.000000e-01,-4.874604e-15,-7.071068e-01,-4.996240e-01,-3.656320e-15,-6.974870e-02,-5.000000e-01,-7.071068e-01,-7.513121e-15,-4.996240e-01,-6.974870e-02,4.324026e-15
40.1,85.0,-5.000000e-01,7.697058e-15,7.071068e-01,-4.996243e-01,2.019269e-14,6.981218e-02,-5.000000e-01,7.071068e-01,-1.156339e-14,-4.996243e-01,6.981218e-02,2.554367e-16,-5.000000e-01,-9.791495e-15,-7.071068e-01,-4.996243e-01,-2.270349e-14,-6.981218e-02,-5.000000e-01,-7.071068e-01,1.141257e-14,-4.996243e-01,-6.981218e-02,1.472525e-15
40.1,110.0,-5.000000e-01,-6.907696e-15,7.071068e-01,-4.996245e-01,-1.860983e-14,6.987585e-02,-5.000000e-01,7.071068e-01,9.961618e-15,-4.996245e-01,6.987585e-02,4.006074e-15,-5.000000e-01,6.702368e-15,-7.071068e-01,-4.996245e-01,1.747512e-14,-6.987585e-02,-5.000000e-01,-7.071068e-01,-9.604345e-15,-4.996245e-01,-6.987585e-02,-3.116544e-15
40.1,135.0,-5.000000e-01,-1.119481e-14,7.071068e-01,-4.996248e-01,-1.602795e-14,6.993971e-02,-5.000000e-01,7.071068e-01,-3.979953e-15,-4.996248e-01,6.993971e-02,1.317025e-14,-5.000000e-01,1.073256e-14,-7.071068e-01,-4.996248e-01,1.391677e-14,-6.993971e-02,-5.000000e-01,-7.071068e-01,4.841921e-15,-4.996248e-01,-6.993971e-02,-1.180482e-14
40.1,160.0,-5.000000e-01,-1.336874e-14,7.071068e-01,-4.996251e-01,6.509972e-14,7.000376e-02,-5.000000e-01,7.071068e-01,-3.263256e-14,-4.996251e-01,7.000376e-02,2.967210e-14,-5.000000e-01,1.503496e-14,-7.071068e-01,-4.996251e-01,-6.112472e-14,-7.000376e-02,-5.000000e-01,-7.071068e-01,3.427683e-14,-4.996251e-01,-7.000376e-02,-2.845993e-14
40.1,185.0,-5.000000e-01,-2.529588e-14,7.071068e-01,-4.996254e-01,-1.189166e-14,7.006799e-02,-5.000000e-01,7.071068e-01,8.521389e-15,-4.996254e-01,7.006799e-02,2.525468e-14,-5.000000e-01,2.535942e-14,-7.071068e-01,-4.996254e-01,1.013721e-14,-7.006799e-02,-5.000000e-01,-7.071068e-01,-8.312373e-15,-4.996254e-01,-7.006799e-02,-2.461996e-14
40.1,210.0,-5.000000e-01,-1.627061e-14,7.071068e-01,-4.996257e-01,6.699845e-15,7.013242e-02,-5.000000e-01,7.071068e-01,-1.092892e-15,-4.996257e-01,7.013242e-02,-4.268243e-15,-5.000000e-01,1.488551e-14,-7.071068e-01,-4.996257e-01,-5.048760e-15,-7.013242e-02,-5.000000e-01,-7.071068e-01,1.931349e-15,-4.996257e-01,-7.013242e-02,5.200652e-15
40.1,235.0,-5.000000e-01,-4.431317e-15,7.071068e-01,-4.996259e-01,5.726117e-14,7.019704e-02,-5.000000e-01,7.071068e-01,5.393074e-14,-4.996259e-01,7.019704e-02,1.177349e-14,-5.000000e-01,6.145577e-15,-7.071068e-01,-4.996259e-01,-5.453233e-14,-7.019704e-02,-5.000000e-01,-7.071068e-01,-5.417129e-14,-4.996259e-01,-7.019704e-02,-1.226542e-14
40.1,260.0,-5.000000e-01,-4.635410e-15,7.071068e-01,-4.996262e-01,-1.644808e-14,7.026185e-02,-5.000000e-01,7.071068e-01,1.964893e-14,-4.996262e-01,7.026185e-02,1.032770e-14,-5.000000e-01,3.205663e-15,-7.071068e-01,-4.996262e-01,1.908341e-14,-7.026185e-02,-5.000000e-01,-7.071068e-01,-1.993755e-14,-4.996262e-01,-7.026185e-02,-8.828355e-15
40.1,285.0,-5.000000e-01,7.235352e-16,7.071068e-01,-4.996265e-01,-3.251175e-14,7.032686e-02,-5.000000e-01,7.071068e-01,2.195519e-14,-4.996265e-01,7.032686e-02,1.225583e-15,-5.000000e-01,2.713257e-15,-7.071068e-01,-4.996265e-01,3.491814e-14,-7.032686e-02,-5.000000e-01,-7.071068e-01,-1.979765e-14,-4.996265e-01,-7.032686e-02,-1.864311e-15
40.1,310.0,-5.000000e-01,6.754414e-15,7.071068e-01,-4.996268e-01,-1.016655e-14,7.039206e-02,-5.000000e-01,7.071068e-01,2.972974e-15,-4.996268e-01,7.039206e-02,1.064311e-15,-5.000000e-01,1.564180e-15,-7.071068e-01,-4.996268e-01,9.901411e-15,-7.039206e-02,-5.000000e-01,-7.071068e-01,-2.968626e-15,-4.996268e-01,-7.039206e-02,-1.852091e-15
40.1,335.0,-5.000000e-01,5.018372e-15,7.071068e-01,-4.996271e-01,-6.227969e-15,7.045745e-02,-5.000000e-01,7.071068e-01,-3.871509e-15,-4.996271e-01,7.045745e-02,-9.754682e-15,-5.000000e-01,-4.634765e-15,-7.071068e-01,-4.996271e-01,5.380847e-15,-7.045745e-02,-5.000000e-01,-7.071068e-01,2.463688e-15,-4.996271e-01,-7.045745e-02,9.583472e-15
40.1,360.0,-5.000000e-01,3.186986e-15,7.071068e-01,-4.996274e-01,2.721772e-14,7.052303e-02,-5.000000e-01,7.071068e-01,-6.695710e-15,-4.996274e-01,7.052303e-02,1.938855e-14,-5.000000e-01,6.519888e-16,-7.071068e-01,-4.996274e-01,-2.673528e-14,-7.052303e-02,-5.000000e-01,-7.071068e-01,6.723074e-15,-4.996274e-01,-7.052303e-02,-1.850499e-14
40.1,385.0,-5.000000e-01,5.918273e-15,7.071068e-01,-4.996277e-01,2.705818e-14,7.058882e-02,-5.000000e-01,7.071068e-01,-2.707157e-15,-4.996277e-01,7.058882e-02,-3.746030e-15,-5.000000e-01,2.622250e-15,-7.071068e-01,-4.996277e-01,-2.767439e-14,-7.058882e-02,-5.000000e-01,-7.071068e-01,1.560793e-15,-4.996277e-01,-7.058882e-02,3.429590e-15
40.1,410.0,-5.000000e-01,2.350530e-15,7.071068e-01,-4.996280e-01,-1.427038e-14,7.065480e-02,-5.000000e-01,7.071068e-01,-1.532181e-15,-4.996280e-01,7.065480e-02,-6.911439e-15,-5.000000e-01,3.691697e-16,-7.071068e-01,-4.996280e-01,1.438926e-14,-7.065480e-02,-5.000000e-01,-7.071068e-01,1.781606e-15,-4.996280e-01,-7.065480e-02,6.117970e-15
40.1,435.0,-5.000000e-01,7.381531e-15,7.071068e-01,-4.996283e-01,5.115729e-15,7.072097e-02,-5.000000e-01,7.071068e-01,-1.197284e-15,-4.996283e-01,7.072097e-02,-2.635411e-14,-5.000000e-01,-7.567146e-16,-7.071068e-01,-4.996283e-01,6.411881e-14,-7.072097e-02,-5.000000e-01,-7.071068e-01,1.224914e-15,-4.996283e-01,-7.072097e-02,2.389619e-14
40.1,460.0,-5.000000e-01,-2.469114e-15,7.071068e-01,-4.996285e-01,-4.318407e-14,7.078735e-02,-5.000000e-01,7.071068e-01,6.804207e-15,-4.996285e-01,7.078735e-02,7.396842e-15,-5.000000e-01,6.594807e-15,-7.071068e-01,-4.996285e-01,5.166737e-14,-7.078735e-02,-5.000000e-01,-7.071068e-01,-7.564252e-15,-4.996285e-01,-7.078735e-02,-9.370773e-15
40.1,485.0,-5.000000e-01,3.026007e-15,7.071068e-01,-4.996288e-01,1.068122e-15,7.085392e-02,-5.000000e-01,7.071068e-01,2.715410e-15,-4.996288e-01,7.085392e-02,9.215941e-15,-5.000000e-01,2.933963e-17,-7.071068e-01,-4.996288e-01,-1.526031e-15,-7.085392e-02,-5.000000e-01,-7.071068e-01,-1.202737e-15,-4.996288e-01,-7.085392e-02,-9.400946e-15
40.1,510.0,-5.000000e-01,-2.065140e-15,7.071068e-01,-4.996291e-01,-1.647171e-14,7.092069e-02,-5.000000e-01,7.071068e-01,6.492040e-15,-4.996291e-01,7.092069e-02,2.410773e-15,-5.000000e-01,2.803371e-15,-7.071068e-01,-4.996291e-01,1.718042e-14,-7.092069e-02,-5.000000e-01,-7.071068e-01,-4.885191e-15,-4.996291e-01,-7.092069e-02,-2.048025e-15
40.1,535.0,-5.000000e-01,1.584012e-15,7.071068e-01,-4.996294e-01,-2.239032e-14,7.098766e-02,-5.000000e-01,7.071068e-01,5.931854e-15,-4.996294e-01,7.098766e-02,1.299366e-14,-5.000000e-01,1.296010e-15,-7.071068e-01,-4.996294e-01,1.954637e-14,-7.098766e-02,-5.000000e-01,-7.071068e-01,-5.088134e-15,-4.996294e-01,-7.098766e-02,-1.329238e-14
40.1,560.0,-5.000000e-01,-4.953374e-16,7.071068e-01,-4.996297e-01,2.037287e-15,7.105483e-02,-5.000000e-01,7.071068e-01,2.059015e-15,-4.996297e-01,7.105483e-02,-1.856160e-14,-5.000000e-01,-1.157330e-16,-7.071068e-01,-4.996297e-01,-7.493548e-15,-7.105483e-02,-5.000000e-01,-7.071068e-01,-1.003972e-15,-4.996297e-01,-7.105483e-02,2.006418e-14
40.1,585.0,-5.000000e-01,-3.121686e-15,7.071068e-01,-4.996300e-01,-7.843187e-15,7.112220e-02,-5.000000e-01,7.071068e-01,-8.202098e-16,-4.996300e-01,7.112220e-02,7.375880e-15,-5.000000e-01,-1.776212e-15,-7.071068e-01,-4.996300e-01,5.371054e-15,-7.112220e-02,-5.000000e-01,-7.071068e-01,-1.647398e-17,-4.996300e-01,-7.112220e-02,-7.153022e-15
40.1,610.0,-5.000000e-01,-1.975238e-14,7.071068e-01,-4.996303e-01,-5.365917e-14,7.118977e-02,-5.000000e-01,7.071068e-01,1.921169e-14,-4.996303e-01,7.118977e-02,-2.376672e-14,-5.000000e-01,1.842768e-14,-7.071068e-01,-4.996303e-01,5.639924e-14,-7.118977e-02,-5.000000e-01,-7.071068e-01,-1.824283e-14,-4.996303e-01,-7.118977e-02,2.404484e-14
40.1,635.0,-5.000000e-01,-1.830255e-15,7.071068e-01,-4.996306e-01,-4.168736e-15,7.125755e-02,-5.000000e-01,7.071068e-01,1.996502e-15,-4.996306e-01,7.125755e-02,-1.785736e-14,-5.000000e-01,-1.327015e-15,-7.071068e-01,-4.996306e-01,7.627822e-15,-7.125755e-02,-5.000000e-01,-7.071068e-01,-7.652824e-16,-4.996306e-01,-7.125755e-02,1.758064e-14
40.1,660.0,-5.000000e-01,1.922357e-16,7.071068e-01,-4.996309e-01,-8.318427e-17,7.132553e-02,-5.000000e-01,7.071068e-01,-7.211115e-16,-4.996309e-01,7.132553e-02,-4.385322e-15,-5.000000e-01,5.859716e-16,-7.071068e-01,-4.996309e-01,-1.001141e-15,-7.132553e-02,-5.000000e-01,-7.071068e-01,1.770021e-15,-4.996309e-01,-7.132553e-02,4.444004e-15
40.1,685.0,-5.000000e-01,4.827958e-15,7.071068e-01,-4.996312e-01,1.187701e-14,7.139371e-02,-5.000000e-01,7.071068e-01,-3.953264e-15,-4.996312e-01,7.139371e-02,1.322094e-15,-5.000000e-01,-9.586450e-16,-7.071068e-01,-4.996312e-01,-7.656503e-15,-7.139371e-02,-5.000000e-01,-7.071068e-01,4.183824e-15,-4.996312e-01,-7.139371e-02,-3.753071e-15
40.1,710.0,-5.000000e-01,-3.125039e-15,7.071068e-01,-4.996315e-01,-3.495994e-15,7.146210e-02,-5.000000e-01,7.071068e-01,-8.480464e-16,-4.996315e-01,7.146210e-02,-1.867323e-14,-5.000000e-01,-7.685281e-16,-7.071068e-01,-4.996315e-01,9.376896e-16,-7.146210e-02,-5.000000e-01,-7.071068e-01,-8.201153e-16,-4.996315e-01,-7.146210e-02,1.799072e-14
40.1,735.0,-5.000000e-01,-1.512625e-14,7.071068e-01,-4.996318e-01,3.582649e-14,7.153070e-02,-5.000000e-01,7.071068e-01,7.430434e-15,-4.996318e-01,7.153070e-02,6.575078e-16,-5.000000e-01,2.014989e-14,-7.071068e-01,-4.996318e-01,1.787087e-14,-7.153070e-02,-5.000000e-01,-7.071068e-01,-7.124335e-15,-4.996318e-01,-7.153070e-02,-2.188057e-15
40.1,760.0,-5.000000e-01,-2.296615e-14,7.071068e-01,-4.996321e-01,-7.955763e-14,7.159950e-02,-5.000000e-01,7.071068e-01,2.078106e-14,-4.996321e-01,7.159950e-02,-1.485922e-14,-5.000000e-01,2.445677e-14,-7.071068e-01,-4.996321e-01,8.176731e-14,-7.159950e-02,-5.000000e-01,-7.071068e-01,-2.196378e-14,-4.996321e-01,-7.159950e-02,1.538772e-14
40.1,785.0,-5.000000e-01,-2.171480e-15,7.071068e-01,-4.996324e-01,2.276501e-15,7.166851e-02,-5.000000e-01,7.071068e-01,-4.861227e-15,-4.996324e-01,7.166851e-02,1.227065e-14,-5.000000e-01,-5.829196e-15,-7.071068e-01,-4.996324e-01,-6.960513e-15,-7.166851e-02,-5.000000e-01,-7.071068e-01,4.415822e-15,-4.996324e-01,-7.166851e-02,-1.380488e-14
40.1,810.0,-5.000000e-01,-1.637404e-15,7.071068e-01,-4.996327e-01,-3.545855e-14,7.173772e-02,-5.000000e-01,7.071068e-01,9.862934e-15,-4.996327e-01,7.173772e-02,-9.209098e-15,-5.000000e-01,6.461732e-15,-7.071068e-01,-4.996327e-01,3.463393e-14,-7.173772e-02,-5.000000e-01,-7.071068e-01,-8.953823e-15,-4.996327e-01,-7.173772e-02,8.452896e-15
40.1,835.0,-5.000000e-01,-5.403450e-15,7.071068e-01,-4.996330e-01,-1.409463e-14,7.180714e-02,-5.000000e-01,7.071068e-01,2.288084e-15,-4.996330e-01,7.180714e-02,2.871730e-14,-5.000000e-01,7.131827e-15,-7.071068e-01,-4.996330e-01,1.301406e-14,-7.180714e-02,-5.000000e-01,-7.071068e-01,-1.133670e-15,-4.996330e-01,-7.180714e-02,-2.860507e-14
40.1,860.0,-5.000000e-01,-4.435164e-15,7.071068e-01,-4.996333e-01,-1.578889e-14,7.187678e-02,-5.000000e-01,7.071068e-01,2.538288e-15,-4.996333e-01,7.187678e-02,2.199154e-15,-5.000000e-01,3.101837e-16,-7.071068e-01,-4.996333e-01,1.250528e-14,-7.187678e-02,-5.000000e-01,-7.071068e-01,-1.460499e-15,-4.996333e-01,-7.187678e-02,-3.852022e-15
40.1,885.0,-5.000000e-01,-2.271550e-15,7.071068e-01,-4.996336e-01,-2.801446e-14,7.194662e-02,-5.000000e-01,7.071068e-01,6.664778e-15,-4.996336e-01,7.194662e-02,-1.935379e-14,-5.000000e-01,7.518577e-15,-7.071068e-01,-4.996336e-01,3.437704e-14,-7.194662e-02,-5.000000e-01,-7.071068e-01,-6.837708e-15,-4.996336e-01,-7.194662e-02,1.942685e-14
42.6,10.0,-5.000000e-01,-4.475003e-15,7.071068e-01,-4.996387e-01,1.288992e-14,7.070265e-02,-5.000000e-01,7.071068e-01,-3.805760e-15,-4.996387e-01,7.070265e-02,3.111603e-14,-5.000000e-01,4.141047e-15,-7.071068e-01,-4.996387e-01,-1.378461e-14,-7.070265e-02,-5.000000e-01,-7.071068e-01,2.245358e-15,-4.996387e-01,-7.070265e-02,-3.110501e-14
42.6,35.0,-5.000000e-01,-1.027483e-15,7.071068e-01,-4.996389e-01,6.602956e-15,7.076195e-02,-5.000000e-01,7.071068e-01,-1.548211e-15,-4.996389e-01,7.076195e-02,4.971697e-15,-5.000000e-01,6.790323e-16,-7.071068e-01,-4.996389e-01,-5.325568e-15,-7.076195e-02,-5.000000e-01,-7.071068e-01,2.898209e-15,-4.996389e-01,-7.076195e-02,-5.292267e-15
42.6,60.0,-5.000000e-01,-2.416020e-15,7.071068e-01,-4.996392e-01,2.479026e-15,7.082143e-02,-5.000000e-01,7.071068e-01,-5.821766e-16,-4.996392e-01,7.082143e-02,-1.174189e-14,-5.000000e-01,2.097009e-15,-7.071068e-01,-4.996392e-01,-2.095550e-15,-7.082143e-02,-5.000000e-01,-7.071068e-01,4.263352e-16,-4.996392e-01,-7.082143e-02,1.228859e-14
42.6,85.0,-5.000000e-01,3.788821e-14,7.071068e-01,-4.996394e-01,-3.254138e-15,7.088109e-02,-5.000000e-01,7.071068e-01,-2.378393e-14,-4.996394e-01,7.088109e-02,-3.900234e-14,-5.000000e-01,-3.897991e-14,-7.071068e-01,-4.996394e-01,1.343758e-15,-7.088109e-02,-5.000000e-01,-7.071068e-01,2.264162e-14,-4.996394e-01,-7.088109e-02,3.937886e-14
42.6,110.0,-5.000000e-01,1.038296e-14,7.071068e-01,-4.996397e-01,1.436993e-14,7.094092e-02,-5.000000e-01,7.071068e-01,-1.236870e-14,-4.996397e-01,7.094092e-02,-1.065196e-14,-5.000000e-01,-1.169412e-14,-7.071068e-01,-4.996397e-01,-1.446392e-14,-7.094092e-02,-5.000000e-01,-7.071068e-01,1.109329e-14,-4.996397e-01,-7.094092e-02,1.040383e-14
42.6,135.0,-5.000000e-01,1.489788e-15,7.071068e-01,-4.996399e-01,3.948045e-15,7.100093e-02,-5.000000e-01,7.071068e-01,-1.659225e-15,-4.996399e-01,7.100093e-02,-2.148876e-14,-5.000000e-01,-2.039590e-15,-7.071068e-01,-4.996399e-01,-5.390941e-15,-7.100093e-02,-5.000000e-01,-7.071068e-01,3.864248e-15,-4.996399e-01,-7.100093e-02,2.259107e-14
42.6,160.0,-5.000000e-01,2.978386e-14,7.071068e-01,-4.996402e-01,3.411394e-15,7.106112e-02,-5.000000e-01,7.071068e-01,-1.527955e-14,-4.996402e-01,7.106112e-02,1.447098e-14,-5.000000e-01,-2.963222e-14,-7.071068e-01,-4.996402e-01,-1.759790e-15,-7.106112e-02,-5.000000e-01,-7.071068e-01,1.594665e-14,-4.996402e-01,-7.106112e-02,-1.458594e-14
42.6,185.0,-5.000000e-01,-2.406407e-16,7.071068e-01,-4.996404e-01,-5.207188e-15,7.112149e-02,-5.000000e-01,7.071068e-01,7.715398e-16,-4.996404e-01,7.112149e-02,2.028174e-14,-5.000000e-01,-2.062635e-16,-7.071068e-01,-4.996404e-01,7.386517e-15,-7.112149e-02,-5.000000e-01,-7.071068e-01,-1.516287e-16,-4.996404e-01,-7.112149e-02,-1.940161e-14
42.6,210.0,-5.000000e-01,-5.045991e-15,7.071068e-01,-4.996407e-01,1.174518e-14,7.118203e-02,-5.000000e-01,7.071068e-01,-2.642759e-15,-4.996407e-01,7.118203e-02,5.318545e-15,-5.000000e-01,5.200988e-15,-7.071068e-01,-4.996407e-01,-1.311866e-14,-7.118203e-02,-5.000000e-01,-7.071068e-01,2.921430e-15,-4.996407e-01,-7.118203e-02,-4.908677e-15
42.6,235.0,-5.000000e-01,5.628363e-15,7.071068e-01,-4.996409e-01,8.811401e-15,7.124276e-02,-5.000000e-01,7.071068e-01,-5.746247e-15,-4.996409e-01,7.124276e-02,3.063855e-15,-5.000000e-01,-4.907006e-15,-7.071068e-01,-4.996409e-01,-7.392810e-15,-7.124276e-02,-5.000000e-01,-7.071068e-01,2.669366e-15,-4.996409e-01,-7.124276e-02,-2.098674e-15
42.6,260.0,-5.000000e-01,-1.579232e-15,7.071068e-01,-4.996412e-01,3.769077e-15,7.130366e-02,-5.000000e-01,7.071068e-01,-9.156028e-15,-4.996412e-01,7.130366e-02,-1.476871e-14,-5.000000e-01,9.826334e-16,-7.071068e-01,-4.996412e-01,-4.368038e-15,-7.130366e-02,-5.000000e-01,-7.071068e-01,8.434383e-15,-4.996412e-01,-7.130366e-02,1.447652e-14
42.6,285.0,-5.000000e-01,-5.536078e-15,7.071068e-01,-4.996414e-01,-1.771692e-14,7.136475e-02,-5.000000e-01,7.071068e-01,2.342306e-15,-4.996414e-01,7.136475e-02,-2.841530e-14,-5.000000e-01,5.536078e-15,-7.071068e-01,-4.996414e-01,1.762762e-14,-7.136475e-02,-5.000000e-01,-7.071068e-01,-1.757686e-15,-4.996414e-01,-7.136475e-02,2.822192e-14
42.6,310.0,-5.000000e-01,2.864498e-15,7.071068e-01,-4.996417e-01,-2.322285e-16,7.142602e-02,-5.000000e-01,7.071068e-01,-2.941163e-15,-4.996417e-01,7.142602e-02,-1.677795e-14,-5.000000e-01,-3.262464e-15,-7.071068e-01,-4.996417e-01,2.652969e-15,-7.142602e-02,-5.000000e-01,-7.071068e-01,3.496099e-15,-4.996417e-01,-7.142602e-02,1.733849e-14
42.6,335.0,-5.000000e-01,1.908468e-14,7.071068e-01,-4.996419e-01,1.934286e-14,7.148747e-02,-5.000000e-01,7.071068e-01,-1.396067e-14,-4.996419e-01,7.148747e-02,-3.231577e-15,-5.000000e-01,-1.944994e-14,-7.071068e-01,-4.996419e-01,-1.756688e-14,-7.148747e-02,-5.000000e-01,-7.071068e-01,1.088559e-14,-4.996419e-01,-7.148747e-02,3.143680e-15
42.6,360.0,-5.000000e-01,4.385906e-15,7.071068e-01,-4.996422e-01,-7.030639e-15,7.154911e-02,-5.000000e-01,7.071068e-01,2.802335e-16,-4.996422e-01,7.154911e-02,-1.582308e-14,-5.000000e-01,-4.191594e-15,-7.071068e-01,-4.996422e-01,8.599658e-15,-7.154911e-02,-5.000000e-01,-7.071068e-01,-8.781427e-16,-4.996422e-01,-7.154911e-02,1.660863e-14
42.6,385.0,-5.000000e-01,6.739514e-15,7.071068e-01,-4.996424e-01,3.596703e-15,7.161093e-02,-5.000000e-01,7.071068e-01,-1.020617e-14,-4.996424e-01,7.161093e-02,-7.313076e-15,-5.000000e-01,-7.846002e-15,-7.071068e-01,-4.996424e-01,-2.095116e-15,-7.161093e-02,-5.000000e-01,-7.071068e-01,9.037934e-15,-4.996424e-01,-7.161093e-02,8.237465e-15
42.6,410.0,-5.000000e-01,-5.631191e-16,7.071068e-01,-4.996427e-01,-3.331532e-15,7.167293e-02,-5.000000e-01,7.071068e-01,-7.507895e-16,-4.996427e-01,7.167293e-02,1.098111e-14,-5.000000e-01,5.676240e-16,-7.071068e-01,-4.996427e-01,1.886495e-15,-7.167293e-02,-5.000000e-01,-7.071068e-01,-2.614248e-16,-4.996427e-01,-7.167293e-02,-1.149536e-14
42.6,435.0,-5.000000e-01,3.659571e-15,7.071068e-01,-4.996429e-01,1.567883e-14,7.173512e-02,-5.000000e-01,7.071068e-01,-9.683162e-15,-4.996429e-01,7.173512e-02,-4.670081e-15,-5.000000e-01,-4.290532e-15,-7.071068e-01,-4.996429e-01,-1.338352e-14,-7.173512e-02,-5.000000e-01,-7.071068e-01,7.351694e-15,-4.996429e-01,-7.173512e-02,5.146201e-15
42.6,460.0,-5.000000e-01,-4.346907e-15,7.071068e-01,-4.996432e-01,5.113398e-15,7.179749e-02,-5.000000e-01,7.071068e-01,2.696086e-15,-4.996432e-01,7.179749e-02,-7.387920e-15,-5.000000e-01,4.247359e-15,-7.071068e-01,-4.996432e-01,-7.265664e-15,-7.179749e-02,-5.000000e-01,-7.071068e-01,-1.569586e-15,-4.996432e-01,-7.179749e-02,7.585303e-15
42.6,485.0,-5.000000e-01,-5.134507e-15,7.071068e-01,-4.996435e-01,-1.435036e-14,7.186005e-02,-5.000000e-01,7.071068e-01,5.630922e-15,-4.996435e-01,7.186005e-02,1.009788e-14,-5.000000e-01,5.122507e-15,-7.071068e-01,-4.996435e-01,1.257146e-14,-7.186005e-02,-5.000000e-01,-7.071068e-01,-5.959735e-15,-4.996435e-01,-7.186005e-02,-1.165107e-14
42.6,510.0,-5.000000e-01,-1.421381e-15,7.071068e-01,-4.996437e-01,1.461321e-14,7.192280e-02,-5.000000e-01,7.071068e-01,5.137377e-16,-4.996437e-01,7.192280e-02,5.888623e-15,-5.000000e-01,1.763177e-15,-7.071068e-01,-4.996437e-01,-1.622953e-14,-7.192280e-02,-5.000000e-01,-7.071068e-01,2.568689e-16,-4.996437e-01,-7.192280e-02,-5.684067e-15
42.6,535.0,-5.000000e-01,1.173304e-14,7.071068e-01,-4.996440e-01,3.282029e-14,7.198574e-02,-5.000000e-01,7.071068e-01,-1.688977e-14,-4.996440e-01,7.198574e-02,7.818209e-15,-5.000000e-01,-1.171571e-14,-7.071068e-01,-4.996440e-01,-3.537687e-14,-7.198574e-02,-5.000000e-01,-7.071068e-01,1.452951e-14,-4.996440e-01,-7.198574e-02,-7.535612e-15
42.6,560.0,-5.000000e-01,1.000894e-15,7.071068e-01,-4.996442e-01,6.027603e-15,7.204886e-02,-5.000000e-01,7.071068e-01,-2.749003e-15,-4.996442e-01,7.204886e-02,-1.378549e-14,-5.000000e-01,1.053573e-16,-7.071068e-01,-4.996442e-01,-5.757856e-15,-7.204886e-02,-5.000000e-01,-7.071068e-01,1.350713e-15,-4.996442e-01,-7.204886e-02,1.368161e-14
42.6,585.0,-5.000000e-01,-6.996286e-15,7.071068e-01,-4.996445e-01,-1.440235e-14,7.211217e-02,-5.000000e-01,7.071068e-01,2.041302e-14,-4.996445e-01,7.211217e-02,-1.396002e-14,-5.000000e-01,6.826336e-15,-7.071068e-01,-4.996445e-01,1.428130e-14,-7.211217e-02,-5.000000e-01,-7.071068e-01,-2.005628e-14,-4.996445e-01,-7.211217e-02,1.478024e-14
42.6,610.0,-5.000000e-01,8.184210e-15,7.071068e-01,-4.996448e-01,-7.040232e-15,7.217568e-02,-5.000000e-01,7.071068e-01,-3.235068e-15,-4.996448e-01,7.217568e-02,3.790886e-15,-5.000000e-01,-8.882289e-15,-7.071068e-01,-4.996448e-01,5.529940e-15,-7.217568e-02,-5.000000e-01,-7.071068e-01,3.893048e-15,-4.996448e-01,-7.217568e-02,-2.905529e-15
42.6,635.0,-5.000000e-01,-1.905133e-15,7.071068e-01,-4.996450e-01,7.693040e-15,7.223937e-02,-5.000000e-01,7.071068e-01,-1.347309e-15,-4.996450e-01,7.223937e-02,-7.770396e-15,-5.000000e-01,1.575572e-15,-7.071068e-01,-4.996450e-01,-9.731481e-15,-7.223937e-02,-5.000000e-01,-7.071068e-01,1.498821e-15,-4.996450e-01,-7.223937e-02,7.492199e-15
42.6,660.0,-5.000000e-01,-5.738947e-15,7.071068e-01,-4.996453e-01,2.780805e-15,7.230325e-02,-5.000000e-01,7.071068e-01,1.849232e-15,-4.996453e-01,7.230325e-02,6.559431e-15,-5.000000e-01,6.257419e-15,-7.071068e-01,-4.996453e-01,-5.443027e-15,-7.230325e-02,-5.000000e-01,-7.071068e-01,-1.646341e-15,-4.996453e-01,-7.230325e-02,-7.515055e-15
42.6,685.0,-5.000000e-01,-4.344068e-15,7.071068e-01,-4.996456e-01,-1.588003e-15,7.236733e-02,-5.000000e-01,7.071068e-01,1.887065e-15,-4.996456e-01,7.236733e-02,-1.990618e-14,-5.000000e-01,4.063664e-15,-7.071068e-01,-4.996456e-01,7.270597e-16,-7.236733e-02,-5.000000e-01,-7.071068e-01,-2.880257e-15,-4.996456e-01,-7.236733e-02,1.790637e-14
42.6,710.0,-5.000000e-01,5.214697e-15,7.071068e-01,-4.996458e-01,-9.411357e-15,7.243160e-02,-5.000000e-01,7.071068e-01,1.201918e-14,-4.996458e-01,7.243160e-02,1.986592e-14,-5.000000e-01,-5.240770e-15,-7.071068e-01,-4.996458e-01,8.804430e-15,-7.243160e-02,-5.000000e-01,-7.071068e-01,-1.257429e-14,-4.996458e-01,-7.243160e-02,-2.019146e-14
42.6,735.0,-5.000000e-01,-1.983875e-14,7.071068e-01,-4.996461e-01,-1.735209e-14,7.249606e-02,-5.000000e-01,7.071068e-01,2.285999e-14,-4.996461e-01,7.249606e-02,2.890903e-14,-5.000000e-01,2.016600e-14,-7.071068e-01,-4.996461e-01,1.550634e-14,-7.249606e-02,-5.000000e-01,-7.071068e-01,-2.434153e-14,-4.996461e-01,-7.249606e-02,-2.829598e-14
42.6,760.0,-5.000000e-01,2.936854e-14,7.071068e-01,-4.996464e-01,-5.663626e-15,7.256071e-02,-5.000000e-01,7.071068e-01,-1.119300e-14,-4.996464e-01,7.256071e-02,1.998177e-14,-5.000000e-01,-3.002656e-14,-7.071068e-01,-4.996464e-01,8.028845e-15,-7.256071e-02,-5.000000e-01,-7.071068e-01,1.059104e-14,-4.996464e-01,-7.256071e-02,-1.928399e-14
42.6,785.0,-5.000000e-01,-9.712693e-16,7.071068e-01,-4.996466e-01,3.136685e-15,7.262556e-02,-5.000000e-01,7.071068e-01,-1.016481e-15,-4.996466e-01,7.262556e-02,6.542162e-16,-5.000000e-01,1.252392e-15,-7.071068e-01,-4.996466e-01,-3.723115e-15,-7.262556e-02,-5.000000e-01,-7.071068e-01,-5.469582e-15,-4.996466e-01,-7.262556e-02,-1.121138e-15
42.6,810.0,-5.000000e-01,-3.431367e-15,7.071068e-01,-4.996469e-01,1.542636e-14,7.269061e-02,-5.000000e-01,7.071068e-01,-1.085436e-15,-4.996469e-01,7.269061e-02,4.341244e-14,-5.000000e-01,3.891465e-15,-7.071068e-01,-4.996469e-01,-1.762223e-14,-7.269061e-02,-5.000000e-01,-7.071068e-01,2.801124e-16,-4.996469e-01,-7.269061e-02,-4.279896e-14
42.6,835.0,-5.000000e-01,5.340212e-16,7.071068e-01,-4.996472e-01,-3.838211e-15,7.275585e-02,-5.000000e-01,7.071068e-01,-9.710784e-16,-4.996472e-01,7.275585e-02,-1.760431e-17,-5.000000e-01,-1.616768e-15,-7.071068e-01,-4.996472e-01,4.106453e-15,-7.275585e-02,-5.000000e-01,-7.071068e-01,9.081382e-16,-4.996472e-01,-7.275585e-02,-2.666261e-18
42.6,860.0,-5.000000e-01,2.629049e-15,7.071068e-01,-4.996474e-01,-4.178723e-15,7.282129e-02,-5.000000e-01,7.071068e-01,-5.088689e-15,-4.996474e-01,7.282129e-02,-1.028109e-15,-5.000000e-01,-6.086997e-16,-7.071068e-01,-4.996474e-01,2.751085e-15,-7.282129e-02,-5.000000e-01,-7.071068e-01,7.655550e-16,-4.996474e-01,-7.282129e-02,4.695398e-16
42.6,885.0,-5.000000e-01,-3.649549e-16,7.071068e-01,-4.996477e-01,3.590171e-15,7.288692e-02,-5.000000e-01,7.071068e-01,-4.328213e-16,-4.996477e-01,7.288692e-02,4.274735e-15,-5.000000e-01,1.066438e-16,-7.071068e-01,-4.996477e-01,-1.547830e-15,-7.288692e-02,-5.000000e-01,-7.071068e-01,-1.226327e-15,-4.996477e-01,-7.288692e-02,-4.137647e-15
45.1,10.0,-5.000000e-01,-5.258467e-15,7.071068e-01,-4.996529e-01,7.020149e-16,7.194945e-02,-5.000000e-01,7.071068e-01,-7.720639e-15,-4.996529e-01,7.194945e-02,-1.910890e-15,-5.000000e-01,-7.158219e-15,-7.071068e-01,-4.996529e-01,3.405266e-15,-7.194945e-02,-5.000000e-01,-7.071068e-01,9.028024e-15,-4.996529e-01,-7.194945e-02,4.300264e-15
45.1,35.0,-5.000000e-01,7.902305e-15,7.071068e-01,-4.996531e-01,1.780448e-14,7.200536e-02,-5.000000e-01,7.071068e-01,1.014863e-15,-4.996531e-01,7.200536e-02,-1.803223e-14,-5.000000e-01,-4.570084e-15,-7.071068e-01,-4.996531e-01,1.498948e-14,-7.200536e-02,-5.000000e-01,-7.071068e-01,-1.465914e-15,-4.996531e-01,-7.200536e-02,1.851115e-14
45.1,60.0,-5.000000e-01,-1.244693e-14,7.071068e-01,-4.996533e-01,1.126739e-15,7.206144e-02,-5.000000e-01,7.071068e-01,9.885167e-15,-4.996533e-01,7.206144e-02,3.252173e-14,-5.000000e-01,-3.666807e-14,-7.071068e-01,-4.996533e-01,1.710638e-15,-7.206144e-02,-5.000000e-01,-7.071068e-01,-7.312727e-15,-4.996533e-01,-7.206144e-02,-2.902622e-14
45.1,85.0,-5.000000e-01,-9.772280e-15,7.071068e-01,-4.996535e-01,-1.081652e-15,7.211769e-02,-5.000000e-01,7.071068e-01,2.149499e-14,-4.996535e-01,7.211769e-02,-1.011773e-14,-5.000000e-01,1.394844e-14,-7.071068e-01,-4.996535e-01,2.928772e-15,-7.211769e-02,-5.000000e-01,-7.071068e-01,-2.038004e-14,-4.996535e-01,-7.211769e-02,3.407671e-15
45.1,110.0,-5.000000e-01,-1.271817e-15,7.071068e-01,-4.996538e-01,-1.492937e-14,7.217410e-02,-5.000000e-01,7.071068e-01,4.261267e-15,-4.996538e-01,7.217410e-02,9.868529e-15,-5.000000e-01,2.031384e-15,-7.071068e-01,-4.996538e-01,1.360292e-14,-7.217410e-02,-5.000000e-01,-7.071068e-01,-2.355841e-15,-4.996538e-01,-7.217410e-02,-9.109334e-15
45.1,135.0,-5.000000e-01,1.919283e-15,7.071068e-01,-4.996540e-01,1.892646e-16,7.223068e-02,-5.000000e-01,7.071068e-01,-7.422248e-15,-4.996540e-01,7.223068e-02,-8.930995e-16,-5.000000e-01,-3.088732e-15,-7.071068e-01,-4.996540e-01,8.467650e-16,-7.223068e-02,-5.000000e-01,-7.071068e-01,7.694866e-15,-4.996540e-01,-7.223068e-02,1.216385e-15
45.1,160.0,-5.000000e-01,1.355528e-14,7.071068e-01,-4.996542e-01,1.310243e-14,7.228743e-02,-5.000000e-01,7.071068e-01,-2.757287e-15,-4.996542e-01,7.228743e-02,1.117275e-14,-5.000000e-01,7.736518e-15,-7.071068e-01,-4.996542e-01,1.073804e-14,-7.228743e-02,-5.000000e-01,-7.071068e-01,3.170880e-15,-4.996542e-01,-7.228743e-02,-1.743319e-14
45.1,185.0,-5.000000e-01,1.481621e-14,7.071068e-01,-4.996544e-01,1.001681e-14,7.234435e-02,-5.000000e-01,7.071068e-01,-1.669447e-14,-4.996544e-01,7.234435e-02,-9.429407e-15,-5.000000e-01,-1.267783e-14,-7.071068e-01,-4.996544e-01,-1.823324e-14,-7.234435e-02,-5.000000e-01,-7.071068e-01,1.341302e-14,-4.996544e-01,-7.234435e-02,1.100078e-14
45.1,210.0,-5.000000e-01,1.556054e-14,7.071068e-01,-4.996546e-01,-5.881759e-15,7.240144e-02,-5.000000e-01,7.071068e-01,1.621596e-14,-4.996546e-01,7.240144e-02,-2.533757e-15,-5.000000e-01,-5.584012e-15,-7.071068e-01,-4.996546e-01,2.717913e-14,-7.240144e-02,-5.000000e-01,-7.071068e-01,-2.748468e-15,-4.996546e-01,-7.240144e-02,-7.658518e-15
45.1,235.0,-5.000000e-01,1.938468e-14,7.071068e-01,-4.996549e-01,3.811913e-15,7.245869e-02,-5.000000e-01,7.071068e-01,-6.877801e-14,-4.996549e-01,7.245869e-02,5.972643e-17,-5.000000e-01,-3.055904e-14,-7.071068e-01,-4.996549e-01,9.739010e-16,-7.245869e-02,-5.000000e-01,-7.071068e-01,5.755995e-14,-4.996549e-01,-7.245869e-02,7.495069e-15
45.1,260.0,-5.000000e-01,-1.343118e-14,7.071068e-01,-4.996551e-01,-7.547069e-15,7.251612e-02,-5.000000e-01,7.071068e-01,3.551679e-15,-4.996551e-01,7.251612e-02,8.352493e-15,-5.000000e-01,7.181975e-15,-7.071068e-01,-4.996551e-01,-3.054063e-15,-7.251612e-02,-5.000000e-01,-7.071068e-01,-1.123828e-14,-4.996551e-01,-7.251612e-02,-3.470993e-14
45.1,285.0,-5.000000e-01,5.361771e-15,7.071068e-01,-4.996553e-01,6.117548e-16,7.257372e-02,-5.000000e-01,7.071068e-01,-3.660426e-15,-4.996553e-01,7.257372e-02,-2.282644e-14,-5.000000e-01,-4.179648e-15,-7.071068e-01,-4.996553e-01,1.845262e-15,-7.257372e-02,-5.000000e-01,-7.071068e-01,1.580733e-15,-4.996553e-01,-7.257372e-02,2.239407e-14
45.1,310.0,-5.000000e-01,4.632633e-15,7.071068e-01,-4.996555e-01,7.916512e-16,7.263149e-02,-5.000000e-01,7.071068e-01,-3.118736e-15,-4.996555e-01,7.263149e-02,2.811947e-15,-5.000000e-01,-2.697662e-15,-7.071068e-01,-4.996555e-01,6.904801e-16,-7.263149e-02,-5.000000e-01,-7.071068e-01,-3.102945e-15,-4.996555e-01,-7.263149e-02,-2.478003e-15
45.1,335.0,-5.000000e-01,2.911022e-15,7.071068e-01,-4.996558e-01,-5.419447e-15,7.268943e-02,-5.000000e-01,7.071068e-01,2.373018e-15,-4.996558e-01,7.268943e-02,1.177176e-15,-5.000000e-01,-2.239791e-15,-7.071068e-01,-4.996558e-01,6.268281e-15,-7.268943e-02,-5.000000e-01,-7.071068e-01,-1.871264e-15,-4.996558e-01,-7.268943e-02,-1.697314e-16
45.1,360.0,-5.000000e-01,-4.369634e-16,7.071068e-01,-4.996560e-01,2.063166e-15,7.274754e-02,-5.000000e-01,7.071068e-01,8.337448e-16,-4.996560e-01,7.274754e-02,-2.108356e-15,-5.000000e-01,1.310890e-15,-7.071068e-01,-4.996560e-01,-7.261077e-16,-7.274754e-02,-5.000000e-01,-7.071068e-01,-1.958781e-15,-4.996560e-01,-7.274754e-02,2.153065e-15
45.1,385.0,-5.000000e-01,-4.116519e-15,7.071068e-01,-4.996562e-01,2.055800e-15,7.280583e-02,-5.000000e-01,7.071068e-01,4.296442e-15,-4.996562e-01,7.280583e-02,-5.565412e-15,-5.000000e-01,4.168627e-15,-7.071068e-01,-4.996562e-01,-4.281566e-16,-7.280583e-02,-5.000000e-01,-7.071068e-01,-2.464574e-15,-4.996562e-01,-7.280583e-02,7.904393e-15
45.1,410.0,-5.000000e-01,6.649257e-17,7.071068e-01,-4.996565e-01,4.840337e-16,7.286429e-02,-5.000000e-01,7.071068e-01,-5.726806e-15,-4.996565e-01,7.286429e-02,1.412104e-14,-5.000000e-01,-9.641422e-16,-7.071068e-01,-4.996565e-01,1.070904e-15,-7.286429e-02,-5.000000e-01,-7.071068e-01,-4.459224e-15,-4.996565e-01,-7.286429e-02,-1.247056e-14
45.1,435.0,-5.000000e-01,-1.654843e-16,7.071068e-01,-4.996567e-01,-5.467394e-15,7.292292e-02,-5.000000e-01,7.071068e-01,-7.207805e-15,-4.996567e-01,7.292292e-02,1.081080e-15,-5.000000e-01,7.281310e-16,-7.071068e-01,-4.996567e-01,4.066760e-15,-7.292292e-02,-5.000000e-01,-7.071068e-01,-9.626046e-15,-4.996567e-01,-7.292292e-02,-2.058729e-15
45.1,460.0,-5.000000e-01,-1.939255e-15,7.071068e-01,-4.996569e-01,-4.016073e-14,7.298174e-02,-5.000000e-01,7.071068e-01,4.072787e-15,-4.996569e-01,7.298174e-02,-1.871134e-14,-5.000000e-01,-6.475138e-15,-7.071068e-01,-4.996569e-01,-1.794605e-14,-7.298174e-02,-5.000000e-01,-7.071068e-01,6.281847e-15,-4.996569e-01,-7.298174e-02,3.383253e-14
45.1,485.0,-5.000000e-01,-1.848821e-14,7.071068e-01,-4.996571e-01,2.435981e-14,7.304072e-02,-5.000000e-01,7.071068e-01,2.696651e-14,-4.996571e-01,7.304072e-02,1.467291e-15,-5.000000e-01,1.533748e-14,-7.071068e-01,-4.996571e-01,-2.421976e-14,-7.304072e-02,-5.000000e-01,-7.071068e-01,-3.507729e-14,-4.996571e-01,-7.304072e-02,1.581249e-16
45.1,510.0,-5.000000e-01,-2.855083e-15,7.071068e-01,-4.996574e-01,-2.017721e-14,7.309988e-02,-5.000000e-01,7.071068e-01,4.047674e-15,-4.996574e-01,7.309988e-02,5.990689e-15,-5.000000e-01,3.536409e-15,-7.071068e-01,-4.996574e-01,1.950736e-14,-7.309988e-02,-5.000000e-01,-7.071068e-01,-2.607601e-15,-4.996574e-01,-7.309988e-02,-6.398855e-15
45.1,535.0,-5.000000e-01,-9.149626e-16,7.071068e-01,-4.996576e-01,1.298419e-15,7.315922e-02,-5.000000e-01,7.071068e-01,-9.154376e-16,-4.996576e-01,7.315922e-02,5.544565e-15,-5.000000e-01,1.389388e-15,-7.071068e-01,-4.996576e-01,9.263166e-16,-7.315922e-02,-5.000000e-01,-7.071068e-01,1.631107e-15,-4.996576e-01,-7.315922e-02,3.702280e-15
45.1,560.0,-5.000000e-01,-3.705823e-15,7.071068e-01,-4.996578e-01,-8.189461e-15,7.321874e-02,-5.000000e-01,7.071068e-01,3.885450e-15,-4.996578e-01,7.321874e-02,2.816877e-14,-5.000000e-01,-9.838468e-16,-7.071068e-01,-4.996578e-01,-9.807355e-16,-7.321874e-02,-5.000000e-01,-7.071068e-01,-2.744582e-16,-4.996578e-01,-7.321874e-02,8.768463e-16
45.1,585.0,-5.000000e-01,-7.939984e-15,7.071068e-01,-4.996581e-01,-1.560594e-14,7.327844e-02,-5.000000e-01,7.071068e-01,2.686028e-15,-4.996581e-01,7.327844e-02,9.028084e-15,-5.000000e-01,5.637389e-15,-7.071068e-01,-4.996581e-01,-4.993832e-15,-7.327844e-02,-5.000000e-01,-7.071068e-01,-7.412627e-15,-4.996581e-01,-7.327844e-02,-2.208411e-14
45.1,610.0,-5.000000e-01,-2.035707e-15,7.071068e-01,-4.996583e-01,-2.166419e-14,7.333831e-02,-5.000000e-01,7.071068e-01,7.411712e-15,-4.996583e-01,7.333831e-02,5.208230e-15,-5.000000e-01,-2.115020e-16,-7.071068e-01,-4.996583e-01,7.530357e-15,-7.333831e-02,-5.000000e-01,-7.071068e-01,-4.004953e-15,-4.996583e-01,-7.333831e-02,1.372592e-14
45.1,635.0,-5.000000e-01,-8.798764e-15,7.071068e-01,-4.996585e-01,6.956923e-15,7.339837e-02,-5.000000e-01,7.071068e-01,3.500798e-15,-4.996585e-01,7.339837e-02,-3.551476e-17,-5.000000e-01,7.715839e-15,-7.071068e-01,-4.996585e-01,-8.536953e-15,-7.339837e-02,-5.000000e-01,-7.071068e-01,-5.909709e-16,-4.996585e-01,-7.339837e-02,6.937170e-15
45.1,660.0,-5.000000e-01,-3.264820e-15,7.071068e-01,-4.996588e-01,5.081381e-15,7.345860e-02,-5.000000e-01,7.071068e-01,4.520196e-15,-4.996588e-01,7.345860e-02,-1.018437e-14,-5.000000e-01,1.945701e-15,-7.071068e-01,-4.996588e-01,1.463491e-15,-7.345860e-02,-5.000000e-01,-7.071068e-01,-7.088988e-15,-4.996588e-01,-7.345860e-02,4.463680e-15
45.1,685.0,-5.000000e-01,1.832818e-15,7.071068e-01,-4.996590e-01,-5.827409e-15,7.351902e-02,-5.000000e-01,7.071068e-01,-3.679535e-15,-4.996590e-01,7.351902e-02,-1.742333e-14,-5.000000e-01,-1.171946e-15,-7.071068e-01,-4.996590e-01,5.912428e-15,-7.351902e-02,-5.000000e-01,-7.071068e-01,-6.418086e-16,-4.996590e-01,-7.351902e-02,1.581899e-14
45.1,710.0,-5.000000e-01,-2.128883e-15,7.071068e-01,-4.996593e-01,8.512832e-16,7.357961e-02,-5.000000e-01,7.071068e-01,4.258238e-16,-4.996593e-01,7.357961e-02,4.115850e-15,-5.000000e-01,1.726121e-15,-7.071068e-01,-4.996593e-01,-4.678677e-16,-7.357961e-02,-5.000000e-01,-7.071068e-01,-2.852538e-15,-4.996593e-01,-7.357961e-02,-2.477399e-15
45.1,735.0,-5.000000e-01,-1.478344e-15,7.071068e-01,-4.996595e-01,9.999768e-15,7.364039e-02,-5.000000e-01,7.071068e-01,4.167248e-15,-4.996595e-01,7.364039e-02,9.813846e-15,-5.000000e-01,4.917099e-15,-7.071068e-01,-4.996595e-01,1.956073e-14,-7.364039e-02,-5.000000e-01,-7.071068e-01,-1.808048e-15,-4.996595e-01,-7.364039e-02,8.157474e-16
45.1,760.0,-5.000000e-01,-1.671983e-15,7.071068e-01,-4.996597e-01,-7.208380e-16,7.370135e-02,-5.000000e-01,7.071068e-01,-4.082219e-16,-4.996597e-01,7.370135e-02,3.189979e-14,-5.000000e-01,3.584291e-15,-7.071068e-01,-4.996597e-01,-5.069844e-16,-7.370135e-02,-5.000000e-01,-7.071068e-01,-7.484068e-16,-4.996597e-01,-7.370135e-02,-1.655722e-14
45.1,785.0,-5.000000e-01,-2.616961e-15,7.071068e-01,-4.996600e-01,-3.552678e-15,7.376250e-02,-5.000000e-01,7.071068e-01,3.479330e-15,-4.996600e-01,7.376250e-02,5.923564e-16,-5.000000e-01,-2.190944e-15,-7.071068e-01,-4.996600e-01,-1.610511e-15,-7.376250e-02,-5.000000e-01,-7.071068e-01,4.004485e-16,-4.996600e-01,-7.376250e-02,7.428807e-15
45.1,810.0,-5.000000e-01,1.315284e-14,7.071068e-01,-4.996602e-01,1.265979e-14,7.382383e-02,-5.000000e-01,7.071068e-01,-8.517764e-15,-4.996602e-01,7.382383e-02,9.299898e-15,-5.000000e-01,-1.474798e-14,-7.071068e-01,-4.996602e-01,-1.314871e-14,-7.382383e-02,-5.000000e-01,-7.071068e-01,1.006148e-14,-4.996602e-01,-7.382383e-02,-8.413192e-15
45.1,835.0,-5.000000e-01,-1.095308e-15,7.071068e-01,-4.996604e-01,1.464447e-14,7.388534e-02,-5.000000e-01,7.071068e-01,4.034121e-15,-4.996604e-01,7.388534e-02,-6.457403e-15,-5.000000e-01,1.223669e-15,-7.071068e-01,-4.996604e-01,-1.510363e-14,-7.388534e-02,-5.000000e-01,-7.071068e-01,-5.799049e-15,-4.996604e-01,-7.388534e-02,6.999657e-15
45.1,860.0,-5.000000e-01,-3.687819e-15,7.071068e-01,-4.996607e-01,-2.532042e-14,7.394704e-02,-5.000000e-01,7.071068e-01,2.009636e-15,-4.996607e-01,7.394704e-02,-4.023422e-15,-5.000000e-01,3.574726e-15,-7.071068e-01,-4.996607e-01,2.541694e-14,-7.394704e-02,-5.000000e-01,-7.071068e-01,-1.049810e-15,-4.996607e-01,-7.394704e-02,4.777202e-15
45.1,885.0,-5.000000e-01,-2.938697e-15,7.071068e-01,-4.996609e-01,-3.145700e-14,7.400892e-02,-5.000000e-01,7.071068e-01,8.774488e-15,-4.996609e-01,7.400892e-02,1.884022e-14,-5.000000e-01,4.071933e-15,-7.071068e-01,-4.996609e-01,3.293183e-14,-7.400892e-02,-5.000000e-01,-7.071068e-01,-8.552750e-15,-4.996609e-01,-7.400892e-02,-1.862264e-14
47.6,10.0,-5.000000e-01,-1.325738e-14,7.071068e-01,-4.996661e-01,1.941453e-14,7.333502e-02,-5.000000e-01,7.071068e-01,1.380545e-16,-4.996661e-01,7.333502e-02,6.670229e-15,-5.000000e-01,1.478688e-14,-7.071068e-01,-4.996661e-01,-1.924185e-14,-7.333502e-02,-5.000000e-01,-7.071068e-01,8.007158e-16,-4.996661e-01,-7.333502e-02,-6.622449e-15
47.6,35.0,-5.000000e-01,-2.596235e-14,7.071068e-01,-4.996663e-01,-8.309737e-15,7.338790e-02,-5.000000e-01,7.071068e-01,-1.921631e-17,-4.996663e-01,7.338790e-02,-1.857784e-14,-5.000000e-01,2.172616e-14,-7.071068e-01,-4.996663e-01,2.030542e-15,-7.338790e-02,-5.000000e-01,-7.071068e-01,1.966829e-14,-4.996663e-01,-7.338790e-02,1.091022e-14
47.6,60.0,-5.000000e-01,-1.809476e-14,7.071068e-01,-4.996665e-01,-1.455144e-15,7.344093e-02,-5.000000e-01,7.071068e-01,5.461220e-15,-4.996665e-01,7.344093e-02,1.742901e-15,-5.000000e-01,2.183416e-14,-7.071068e-01,-4.996665e-01,-9.967937e-16,-7.344093e-02,-5.000000e-01,-7.071068e-01,2.122270e-14,-4.996665e-01,-7.344093e-02,4.555074e-15
47.6,85.0,-5.000000e-01,8.265816e-15,7.071068e-01,-4.996667e-01,1.649902e-14,7.349412e-02,-5.000000e-01,7.071068e-01,-9.671280e-15,-4.996667e-01,7.349412e-02,-2.707652e-14,-5.000000e-01,-1.088497e-14,-7.071068e-01,-4.996667e-01,-6.125466e-15,-7.349412e-02,-5.000000e-01,-7.071068e-01,2.701678e-14,-4.996667e-01,-7.349412e-02,1.261830e-14
47.6,110.0,-5.000000e-01,-6.917425e-15,7.071068e-01,-4.996669e-01,-9.577296e-15,7.354747e-02,-5.000000e-01,7.071068e-01,1.069197e-15,-4.996669e-01,7.354747e-02,1.901728e-14,-5.000000e-01,8.910939e-15,-7.071068e-01,-4.996669e-01,2.015782e-15,-7.354747e-02,-5.000000e-01,-7.071068e-01,-1.501741e-14,-4.996669e-01,-7.354747e-02,-1.057183e-14
47.6,135.0,-5.000000e-01,-2.381862e-15,7.071068e-01,-4.996671e-01,-4.842809e-16,7.360097e-02,-5.000000e-01,7.071068e-01,1.059835e-14,-4.996671e-01,7.360097e-02,7.545986e-15,-5.000000e-01,3.791248e-15,-7.071068e-01,-4.996671e-01,1.633145e-15,-7.360097e-02,-5.000000e-01,-7.071068e-01,-6.055543e-15,-4.996671e-01,-7.360097e-02,1.208145e-14
47.6,160.0,-5.000000e-01,1.456885e-15,7.071068e-01,-4.996673e-01,7.606420e-15,7.365464e-02,-5.000000e-01,7.071068e-01,-1.038768e-14,-4.996673e-01,7.365464e-02,-1.086521e-14,-5.000000e-01,-5.044419e-16,-7.071068e-01,-4.996673e-01,-5.192993e-15,-7.365464e-02,-5.000000e-01,-7.071068e-01,-8.237306e-15,-4.996673e-01,-7.365464e-02,1.437129e-14
47.6,185.0,-5.000000e-01,-6.560069e-15,7.071068e-01,-4.996675e-01,-1.594259e-15,7.370846e-02,-5.000000e-01,7.071068e-01,-9.269116e-15,-4.996675e-01,7.370846e-02,-1.821173e-15,-5.000000e-01,3.317047e-15,-7.071068e-01,-4.996675e-01,-3.177070e-15,-7.370846e-02,-5.000000e-01,-7.071068e-01,1.254066e-15,-4.996675e-01,-7.370846e-02,3.089056e-15
47.6,210.0,-5.000000e-01,-2.104976e-14,7.071068e-01,-4.996677e-01,2.598077e-14,7.376244e-02,-5.000000e-01,7.071068e-01,-1.439510e-14,-4.996677e-01,7.376244e-02,-2.331638e-14,-5.000000e-01,2.264987e-14,-7.071068e-01,-4.996677e-01,-1.114573e-14,-7.376244e-02,-5.000000e-01,-7.071068e-01,3.448246e-14,-4.996677e-01,-7.376244e-02,1.683134e-14
47.6,235.0,-5.000000e-01,-4.814623e-14,7.071068e-01,-4.996679e-01,7.971704e-15,7.381659e-02,-5.000000e-01,7.071068e-01,-9.266879e-14,-4.996679e-01,7.381659e-02,3.081296e-14,-5.000000e-01,-4.697062e-14,-7.071068e-01,-4.996679e-01,-7.894402e-15,-7.381659e-02,-5.000000e-01,-7.071068e-01,8.026137e-14,-4.996679e-01,-7.381659e-02,-2.193298e-14
47.6,260.0,-5.000000e-01,2.609208e-15,7.071068e-01,-4.996681e-01,2.780109e-15,7.387089e-02,-5.000000e-01,7.071068e-01,-1.313267e-14,-4.996681e-01,7.387089e-02,-2.300644e-14,-5.000000e-01,-7.831575e-15,-7.071068e-01,-4.996681e-01,1.499644e-15,-7.387089e-02,-5.000000e-01,-7.071068e-01,1.153517e-14,-4.996681e-01,-7.387089e-02,1.727191e-14
47.6,285.0,-5.000000e-01,-3.933812e-15,7.071068e-01,-4.996683e-01,-2.516471e-14,7.392536e-02,-5.000000e-01,7.071068e-01,-3.798396e-15,-4.996683e-01,7.392536e-02,-1.976888e-15,-5.000000e-01,-8.271247e-15,-7.071068e-01,-4.996683e-01,-5.365797e-14,-7.392536e-02,-5.000000e-01,-7.071068e-01,6.009719e-15,-4.996683e-01,-7.392536e-02,7.498716e-15
47.6,310.0,-5.000000e-01,3.982921e-15,7.071068e-01,-4.996685e-01,1.962130e-14,7.397999e-02,-5.000000e-01,7.071068e-01,-3.531729e-15,-4.996685e-01,7.397999e-02,-1.545219e-14,-5.000000e-01,-2.880556e-15,-7.071068e-01,-4.996685e-01,-1.704608e-14,-7.397999e-02,-5.000000e-01,-7.071068e-01,1.700943e-15,-4.996685e-01,-7.397999e-02,1.383300e-14
47.6,335.0,-5.000000e-01,-8.881748e-16,7.071068e-01,-4.996687e-01,-9.204620e-15,7.403478e-02,-5.000000e-01,7.071068e-01,3.574239e-15,-4.996687e-01,7.403478e-02,-2.872500e-16,-5.000000e-01,1.803356e-15,-7.071068e-01,-4.996687e-01,8.928989e-15,-7.403478e-02,-5.000000e-01,-7.071068e-01,-1.863348e-15,-4.996687e-01,-7.403478e-02,-1.111331e-15
47.6,360.0,-5.000000e-01,2.772679e-15,7.071068e-01,-4.996689e-01,-1.529455e-14,7.408973e-02,-5.000000e-01,7.071068e-01,-4.127750e-15,-4.996689e-01,7.408973e-02,-1.071896e-16,-5.000000e-01,-1.411094e-15,-7.071068e-01,-4.996689e-01,1.404177e-14,-7.408973e-02,-5.000000e-01,-7.071068e-01,7.506966e-15,-4.996689e-01,-7.408973e-02,3.696398e-16
47.6,385.0,-5.000000e-01,2.809679e-15,7.071068e-01,-4.996691e-01,-1.593519e-14,7.414485e-02,-5.000000e-01,7.071068e-01,4.233453e-15,-4.996691e-01,7.414485e-02,-1.693911e-14,-5.000000e-01,-3.565052e-15,-7.071068e-01,-4.996691e-01,1.498155e-14,-7.414485e-02,-5.000000e-01,-7.071068e-01,-4.783196e-15,-4.996691e-01,-7.414485e-02,1.506983e-14
47.6,410.0,-5.000000e-01,-1.690289e-14,7.071068e-01,-4.996693e-01,1.256470e-14,7.420013e-02,-5.000000e-01,7.071068e-01,4.366338e-14,-4.996693e-01,7.420013e-02,-2.645523e-15,-5.000000e-01,1.833309e-14,-7.071068e-01,-4.996693e-01,-1.153210e-14,-7.420013e-02,-5.000000e-01,-7.071068e-01,-4.630140e-14,-4.996693e-01,-7.420013e-02,2.330888e-15
47.6,435.0,-5.000000e-01,3.761200e-15,7.071068e-01,-4.996695e-01,1.255696e-14,7.425558e-02,-5.000000e-01,7.071068e-01,-7.597017e-15,-4.996695e-01,7.425558e-02,-5.408107e-15,-5.000000e-01,-4.789682e-15,-7.071068e-01,-4.996695e-01,-1.431981e-14,-7.425558e-02,-5.000000e-01,-7.071068e-01,6.561405e-15,-4.996695e-01,-7.425558e-02,7.362147e-15
47.6,460.0,-5.000000e-01,1.859328e-15,7.071068e-01,-4.996697e-01,1.614684e-14,7.431119e-02,-5.000000e-01,7.071068e-01,-3.159913e-15,-4.996697e-01,7.431119e-02,1.549120e-14,-5.000000e-01,-3.440283e-15,-7.071068e-01,-4.996697e-01,-1.556586e-14,-7.431119e-02,-5.000000e-01,-7.071068e-01,4.021315e-15,-4.996697e-01,-7.431119e-02,-1.483603e-14
47.6,485.0,-5.000000e-01,-8.367407e-15,7.071068e-01,-4.996699e-01,9.987122e-15,7.436697e-02,-5.000000e-01,7.071068e-01,-6.096553e-15,-4.996699e-01,7.436697e-02,2.568827e-14,-5.000000e-01,8.183075e-15,-7.071068e-01,-4.996699e-01,-8.046142e-15,-7.436697e-02,-5.000000e-01,-7.071068e-01,8.427588e-15,-4.996699e-01,-7.436697e-02,-2.588704e-14
47.6,510.0,-5.000000e-01,6.955741e-15,7.071068e-01,-4.996701e-01,-1.318505e-14,7.442292e-02,-5.000000e-01,7.071068e-01,8.880828e-16,-4.996701e-01,7.442292e-02,-7.318194e-16,-5.000000e-01,-9.404692e-15,-7.071068e-01,-4.996701e-01,1.447501e-14,-7.442292e-02,-5.000000e-01,-7.071068e-01,9.998513e-15,-4.996701e-01,-7.442292e-02,1.729507e-15
47.6,535.0,-5.000000e-01,3.799156e-15,7.071068e-01,-4.996703e-01,1.940706e-14,7.447903e-02,-5.000000e-01,7.071068e-01,-1.341059e-15,-4.996703e-01,7.447903e-02,-1.398940e-14,-5.000000e-01,-4.283650e-15,-7.071068e-01,-4.996703e-01,-1.912574e-14,-7.447903e-02,-5.000000e-01,-7.071068e-01,1.119752e-14,-4.996703e-01,-7.447903e-02,1.484727e-14
47.6,560.0,-5.000000e-01,-7.030828e-15,7.071068e-01,-4.996706e-01,4.733593e-16,7.453532e-02,-5.000000e-01,7.071068e-01,4.619657e-15,-4.996706e-01,7.453532e-02,-8.081852e-15,-5.000000e-01,2.810287e-15,-7.071068e-01,-4.996706e-01,-2.006191e-17,-7.453532e-02,-5.000000e-01,-7.071068e-01,-2.627430e-15,-4.996706e-01,-7.453532e-02,8.167876e-15
47.6,585.0,-5.000000e-01,-3.980909e-15,7.071068e-01,-4.996708e-01,5.052296e-16,7.459177e-02,-5.000000e-01,7.071068e-01,2.136217e-15,-4.996708e-01,7.459177e-02,3.798312e-15,-5.000000e-01,4.725640e-15,-7.071068e-01,-4.996708e-01,-6.518706e-16,-7.459177e-02,-5.000000e-01,-7.071068e-01,-4.725242e-15,-4.996708e-01,-7.459177e-02,-4.106701e-15
47.6,610.0,-5.000000e-01,-3.836558e-15,7.071068e-01,-4.996710e-01,-1.440482e-15,7.464839e-02,-5.000000e-01,7.071068e-01,5.583747e-15,-4.996710e-01,7.464839e-02,-6.008509e-16,-5.000000e-01,-8.463716e-16,-7.071068e-01,-4.996710e-01,-4.960226e-15,-7.464839e-02,-5.000000e-01,-7.071068e-01,-8.549910e-15,-4.996710e-01,-7.464839e-02,-1.463301e-14
47.6,635.0,-5.000000e-01,3.709267e-15,7.071068e-01,-4.996712e-01,-1.410095e-14,7.470518e-02,-5.000000e-01,7.071068e-01,4.458645e-15,-4.996712e-01,7.470518e-02,1.357383e-15,-5.000000e-01,7.395165e-15,-7.071068e-01,-4.996712e-01,1.228998e-15,-7.470518e-02,-5.000000e-01,-7.071068e-01,-5.563921e-15,-4.996712e-01,-7.470518e-02,-4.122965e-15
47.6,660.0,-5.000000e-01,-9.287452e-15,7.071068e-01,-4.996714e-01,-4.324339e-14,7.476214e-02,-5.000000e-01,7.071068e-01,6.406753e-15,-4.996714e-01,7.476214e-02,-3.230849e-15,-5.000000e-01,4.288923e-16,-7.071068e-01,-4.996714e-01,-6.363017e-15,-7.476214e-02,-5.000000e-01,-7.071068e-01,-9.880441e-15,-4.996714e-01,-7.476214e-02,-7.637978e-15
47.6,685.0,-5.000000e-01,-5.065057e-15,7.071068e-01,-4.996716e-01,-1.769218e-14,7.481927e-02,-5.000000e-01,7.071068e-01,6.015067e-15,-4.996716e-01,7.481927e-02,-8.910498e-15,-5.000000e-01,6.475883e-15,-7.071068e-01,-4.996716e-01,2.783643e-15,-7.481927e-02,-5.000000e-01,-7.071068e-01,-5.632694e-17,-4.996716e-01,-7.481927e-02,1.829883e-14
47.6,710.0,-5.000000e-01,-6.917150e-15,7.071068e-01,-4.996718e-01,-3.066752e-14,7.487657e-02,-5.000000e-01,7.071068e-01,-8.729584e-15,-4.996718e-01,7.487657e-02,3.860282e-15,-5.000000e-01,-9.418843e-15,-7.071068e-01,-4.996718e-01,-1.575377e-14,-7.487657e-02,-5.000000e-01,-7.071068e-01,5.269384e-15,-4.996718e-01,-7.487657e-02,-1.026092e-14
47.6,735.0,-5.000000e-01,-3.042433e-15,7.071068e-01,-4.996720e-01,-7.678985e-15,7.493405e-02,-5.000000e-01,7.071068e-01,7.787893e-17,-4.996720e-01,7.493405e-02,-1.466911e-15,-5.000000e-01,1.071718e-15,-7.071068e-01,-4.996720e-01,2.107492e-14,-7.493405e-02,-5.000000e-01,-7.071068e-01,5.576996e-15,-4.996720e-01,-7.493405e-02,-1.569992e-14
47.6,760.0,-5.000000e-01,8.814086e-15,7.071068e-01,-4.996722e-01,3.050545e-14,7.499170e-02,-5.000000e-01,7.071068e-01,-4.114448e-16,-4.996722e-01,7.499170e-02,-2.309675e-14,-5.000000e-01,5.067144e-16,-7.071068e-01,-4.996722e-01,3.436469e-15,-7.499170e-02,-5.000000e-01,-7.071068e-01,-4.395963e-15,-4.996722e-01,-7.499170e-02,2.622698e-14
47.6,785.0,-5.000000e-01,1.544301e-14,7.071068e-01,-4.996725e-01,-1.430910e-14,7.504952e-02,-5.000000e-01,7.071068e-01,-2.244676e-14,-4.996725e-01,7.504952e-02,-5.023263e-15,-5.000000e-01,8.684568e-15,-7.071068e-01,-4.996725e-01,9.665666e-15,-7.504952e-02,-5.000000e-01,-7.071068e-01,2.656875e-14,-4.996725e-01,-7.504952e-02,-1.108134e-15
47.6,810.0,-5.000000e-01,-2.368724e-14,7.071068e-01,-4.996727e-01,-8.933178e-16,7.510751e-02,-5.000000e-01,7.071068e-01,-2.360136e-15,-4.996727e-01,7.510751e-02,8.708153e-15,-5.000000e-01,2.394081e-14,-7.071068e-01,-4.996727e-01,-7.169434e-15,-7.510751e-02,-5.000000e-01,-7.071068e-01,-8.834563e-15,-4.996727e-01,-7.510751e-02,-3.482055e-14
47.6,835.0,-5.000000e-01,-9.683092e-16,7.071068e-01,-4.996729e-01,-2.371462e-14,7.516568e-02,-5.000000e-01,7.071068e-01,-5.716766e-15,-4.996729e-01,7.516568e-02,-5.718909e-15,-5.000000e-01,-1.042370e-14,-7.071068e-01,-4.996729e-01,-2.918403e-15,-7.516568e-02,-5.000000e-01,-7.071068e-01,2.179463e-15,-4.996729e-01,-7.516568e-02,1.213990e-14
47.6,860.0,-5.000000e-01,5.576892e-15,7.071068e-01,-4.996731e-01,3.055738e-15,7.522403e-02,-5.000000e-01,7.071068e-01,3.627228e-15,-4.996731e-01,7.522403e-02,-6.367117e-15,-5.000000e-01,-3.989921e-15,-7.071068e-01,-4.996731e-01,-1.126862e-15,-7.522403e-02,-5.000000e-01,-7.071068e-01,-2.600163e-17,-4.996731e-01,-7.522403e-02,2.542698e-14
47.6,885.0,-5.000000e-01,5.551350e-15,7.071068e-01,-4.996733e-01,-1.124356e-14,7.528255e-02,-5.000000e-01,7.071068e-01,4.113178e-15,-4.996733e-01,7.528255e-02,-8.167538e-15,-5.000000e-01,-1.374780e-14,-7.071068e-01,-4.996733e-01,4.319845e-15,-7.528255e-02,-5.000000e-01,-7.071068e-01,-2.064983e-15,-4.996733e-01,-7.528255e-02,2.428380e-14
50.1,10.0,-5.000000e-01,1.189313e-15,7.071068e-01,-4.996784e-01,-5.180543e-15,7.483717e-02,-5.000000e-01,7.071068e-01,6.559483e-15,-4.996784e-01,7.483717e-02,6.502248e-15,-5.000000e-01,-3.797308e-15,-7.071068e-01,-4.996784e-01,8.682901e-16,-7.483717e-02,-5.000000e-01,-7.071068e-01,-6.719520e-15,-4.996784e-01,-7.483717e-02,-2.491071e-14
50.1,35.0,-5.000000e-01,1.330805e-14,7.071068e-01,-4.996786e-01,-5.104114e-15,7.488730e-02,-5.000000e-01,7.071068e-01,-6.092847e-15,-4.996786e-01,7.488730e-02,-1.104670e-13,-5.000000e-01,-1.382546e-14,-7.071068e-01,-4.996786e-01,1.798511e-14,-7.488730e-02,-5.000000e-01,-7.071068e-01,9.648219e-16,-4.996786e-01,-7.488730e-02,-1.200273e-13
50.1,60.0,-5.000000e-01,1.466706e-15,7.071068e-01,-4.996788e-01,-6.764611e-15,7.493758e-02,-5.000000e-01,7.071068e-01,1.458955e-15,-4.996788e-01,7.493758e-02,-3.392992e-14,-5.000000e-01,-2.680000e-15,-7.071068e-01,-4.996788e-01,1.566921e-15,-7.493758e-02,-5.000000e-01,-7.071068e-01,-4.107283e-15,-4.996788e-01,-7.493758e-02,-3.902014e-14
50.1,85.0,-5.000000e-01,2.775199e-15,7.071068e-01,-4.996790e-01,-4.980190e-15,7.498801e-02,-5.000000e-01,7.071068e-01,-3.031838e-15,-4.996790e-01,7.498801e-02,3.989036e-15,-5.000000e-01,-4.085635e-15,-7.071068e-01,-4.996790e-01,2.950536e-15,-7.498801e-02,-5.000000e-01,-7.071068e-01,3.643301e-15,-4.996790e-01,-7.498801e-02,-3.514662e-15
50.1,110.0,-5.000000e-01,-8.571500e-15,7.071068e-01,-4.996791e-01,-4.464961e-14,7.503859e-02,-5.000000e-01,7.071068e-01,9.834895e-15,-4.996791e-01,7.503859e-02,1.416202e-13,-5.000000e-01,7.977499e-15,-7.071068e-01,-4.996791e-01,4.076350e-14,-7.503859e-02,-5.000000e-01,-7.071068e-01,9.149534e-15,-4.996791e-01,-7.503859e-02,2.204523e-13
50.1,135.0,-5.000000e-01,-7.398950e-15,7.071068e-01,-4.996793e-01,-3.151538e-14,7.508932e-02,-5.000000e-01,7.071068e-01,1.582878e-14,-4.996793e-01,7.508932e-02,-1.650758e-14,-5.000000e-01,1.073231e-14,-7.071068e-01,-4.996793e-01,4.597330e-14,-7.508932e-02,-5.000000e-01,-7.071068e-01,1.201700e-14,-4.996793e-01,-7.508932e-02,-5.708262e-15
50.1,160.0,-5.000000e-01,1.485507e-15,7.071068e-01,-4.996795e-01,-3.074025e-14,7.514020e-02,-5.000000e-01,7.071068e-01,2.323912e-15,-4.996795e-01,7.514020e-02,-2.739453e-14,-5.000000e-01,-7.444563e-15,-7.071068e-01,-4.996795e-01,1.709729e-14,-7.514020e-02,-5.000000e-01,-7.071068e-01,9.421255e-15,-4.996795e-01,-7.514020e-02,2.028315e-14
50.1,185.0,-5.000000e-01,4.898876e-15,7.071068e-01,-4.996797e-01,7.357271e-15,7.519123e-02,-5.000000e-01,7.071068e-01,4.942143e-15,-4.996797e-01,7.519123e-02,2.093660e-16,-5.000000e-01,-1.348161e-15,-7.071068e-01,-4.996797e-01,-8.944443e-15,-7.519123e-02,-5.000000e-01,-7.071068e-01,6.969259e-15,-4.996797e-01,-7.519123e-02,-7.582187e-15
50.1,210.0,-5.000000e-01,-3.585983e-15,7.071068e-01,-4.996798e-01,-1.206977e-14,7.524241e-02,-5.000000e-01,7.071068e-01,9.454684e-15,-4.996798e-01,7.524241e-02,4.883570e-15,-5.000000e-01,9.715443e-15,-7.071068e-01,-4.996798e-01,1.177995e-14,-7.524241e-02,-5.000000e-01,-7.071068e-01,-6.514711e-16,-4.996798e-01,-7.524241e-02,-5.719633e-15
50.1,235.0,-5.000000e-01,7.070347e-15,7.071068e-01,-4.996800e-01,7.513511e-15,7.529375e-02,-5.000000e-01,7.071068e-01,-8.634281e-15,-4.996800e-01,7.529375e-02,2.278786e-14,-5.000000e-01,-1.631684e-15,-7.071068e-01,-4.996800e-01,-8.996686e-15,-7.529375e-02,-5.000000e-01,-7.071068e-01,6.519633e-15,-4.996800e-01,-7.529375e-02,-2.360230e-14
50.1,260.0,-5.000000e-01,3.562437e-15,7.071068e-01,-4.996802e-01,-1.999805e-14,7.534523e-02,-5.000000e-01,7.071068e-01,-1.067624e-15,-4.996802e-01,7.534523e-02,4.397316e-16,-5.000000e-01,-1.620572e-15,-7.071068e-01,-4.996802e-01,2.099691e-14,-7.534523e-02,-5.000000e-01,-7.071068e-01,1.576016e-15,-4.996802e-01,-7.534523e-02,-1.512763e-15
50.1,285.0,-5.000000e-01,-5.206679e-16,7.071068e-01,-4.996804e-01,1.205031e-14,7.539687e-02,-5.000000e-01,7.071068e-01,-1.013536e-17,-4.996804e-01,7.539687e-02,-3.086820e-15,-5.000000e-01,5.046965e-15,-7.071068e-01,-4.996804e-01,5.136616e-15,-7.539687e-02,-5.000000e-01,-7.071068e-01,-1.056165e-14,-4.996804e-01,-7.539687e-02,-5.424977e-15
50.1,310.0,-5.000000e-01,4.518435e-15,7.071068e-01,-4.996806e-01,-3.509820e-15,7.544867e-02,-5.000000e-01,7.071068e-01,1.637600e-15,-4.996806e-01,7.544867e-02,8.725433e-16,-5.000000e-01,-5.379424e-15,-7.071068e-01,-4.996806e-01,4.322409e-15,-7.544867e-02,-5.000000e-01,-7.071068e-01,-3.981283e-15,-4.996806e-01,-7.544867e-02,-1.971198e-15
50.1,335.0,-5.000000e-01,3.634430e-15,7.071068e-01,-4.996808e-01,-2.527564e-15,7.550061e-02,-5.000000e-01,7.071068e-01,-7.038982e-15,-4.996808e-01,7.550061e-02,-3.966152e-15,-5.000000e-01,-3.247070e-15,-7.071068e-01,-4.996808e-01,1.319152e-15,-7.550061e-02,-5.000000e-01,-7.071068e-01,7.439142e-15,-4.996808e-01,-7.550061e-02,5.220251e-15
50.1,360.0,-5.000000e-01,5.330196e-15,7.071068e-01,-4.996809e-01,2.240383e-14,7.555272e-02,-5.000000e-01,7.071068e-01,-7.761780e-15,-4.996809e-01,7.555272e-02,1.014972e-14,-5.000000e-01,-3.527924e-15,-7.071068e-01,-4.996809e-01,-2.235993e-14,-7.555272e-02,-5.000000e-01,-7.071068e-01,9.006473e-15,-4.996809e-01,-7.555272e-02,-9.729181e-15
50.1,385.0,-5.000000e-01,-2.865130e-15,7.071068e-01,-4.996811e-01,-1.960133e-14,7.560498e-02,-5.000000e-01,7.071068e-01,2.780806e-15,-4.996811e-01,7.560498e-02,6.183829e-15,-5.000000e-01,1.402725e-15,-7.071068e-01,-4.996811e-01,2.067955e-14,-7.560498e-02,-5.000000e-01,-7.071068e-01,-1.156543e-15,-4.996811e-01,-7.560498e-02,-7.351071e-15
50.1,410.0,-5.000000e-01,1.173319e-15,7.071068e-01,-4.996813e-01,1.853245e-14,7.565739e-02,-5.000000e-01,7.071068e-01,-1.967551e-15,-4.996813e-01,7.565739e-02,1.530227e-15,-5.000000e-01,-3.141206e-15,-7.071068e-01,-4.996813e-01,-1.790763e-14,-7.565739e-02,-5.000000e-01,-7.071068e-01,-2.949198e-16,-4.996813e-01,-7.565739e-02,-1.140424e-15
50.1,435.0,-5.000000e-01,3.969183e-15,7.071068e-01,-4.996815e-01,7.981977e-15,7.570996e-02,-5.000000e-01,7.071068e-01,-1.466719e-15,-4.996815e-01,7.570996e-02,-6.829567e-15,-5.000000e-01,-2.494271e-15,-7.071068e-01,-4.996815e-01,-7.371377e-15,-7.570996e-02,-5.000000e-01,-7.071068e-01,2.814399e-15,-4.996815e-01,-7.570996e-02,7.931088e-15
50.1,460.0,-5.000000e-01,-3.145620e-16,7.071068e-01,-4.996817e-01,3.888292e-15,7.576269e-02,-5.000000e-01,7.071068e-01,1.801807e-15,-4.996817e-01,7.576269e-02,-8.264881e-16,-5.000000e-01,2.152479e-15,-7.071068e-01,-4.996817e-01,-5.977964e-15,-7.576269e-02,-5.000000e-01,-7.071068e-01,-1.861021e-16,-4.996817e-01,-7.576269e-02,1.340394e-15
50.1,485.0,-5.000000e-01,1.226358e-15,7.071068e-01,-4.996819e-01,2.264175e-14,7.581558e-02,-5.000000e-01,7.071068e-01,-1.422609e-15,-4.996819e-01,7.581558e-02,-3.744181e-15,-5.000000e-01,-1.523041e-15,-7.071068e-01,-4.996819e-01,-2.505425e-14,-7.581558e-02,-5.000000e-01,-7.071068e-01,3.586871e-15,-4.996819e-01,-7.581558e-02,4.914362e-15
50.1,510.0,-5.000000e-01,-5.951110e-15,7.071068e-01,-4.996821e-01,-7.005458e-15,7.586862e-02,-5.000000e-01,7.071068e-01,2.573672e-15,-4.996821e-01,7.586862e-02,7.691342e-15,-5.000000e-01,3.913330e-15,-7.071068e-01,-4.996821e-01,3.917452e-15,-7.586862e-02,-5.000000e-01,-7.071068e-01,-4.307201e-15,-4.996821e-01,-7.586862e-02,-8.523019e-15
50.1,535.0,-5.000000e-01,-9.952196e-15,7.071068e-01,-4.996822e-01,-3.505510e-15,7.592182e-02,-5.000000e-01,7.071068e-01,1.740071e-15,-4.996822e-01,7.592182e-02,2.893865e-15,-5.000000e-01,1.015031e-14,-7.071068e-01,-4.996822e-01,1.808132e-15,-7.592182e-02,-5.000000e-01,-7.071068e-01,-2.186789e-15,-4.996822e-01,-7.592182e-02,-2.277844e-15
50.1,560.0,-5.000000e-01,-8.107983e-16,7.071068e-01,-4.996824e-01,4.368803e-14,7.597518e-02,-5.000000e-01,7.071068e-01,4.838422e-15,-4.996824e-01,7.597518e-02,1.336286e-14,-5.000000e-01,1.288139e-16,-7.071068e-01,-4.996824e-01,-4.544825e-14,-7.597518e-02,-5.000000e-01,-7.071068e-01,-7.020787e-16,-4.996824e-01,-7.597518e-02,-1.413693e-14
50.1,585.0,-5.000000e-01,-2.135695e-15,7.071068e-01,-4.996826e-01,-1.078161e-14,7.602871e-02,-5.000000e-01,7.071068e-01,5.693655e-16,-4.996826e-01,7.602871e-02,1.491591e-14,-5.000000e-01,1.864893e-15,-7.071068e-01,-4.996826e-01,9.372448e-15,-7.602871e-02,-5.000000e-01,-7.071068e-01,1.227960e-15,-4.996826e-01,-7.602871e-02,-1.584286e-14
50.1,610.0,-5.000000e-01,-1.791588e-15,7.071068e-01,-4.996828e-01,-1.915595e-14,7.608239e-02,-5.000000e-01,7.071068e-01,-1.152807e-14,-4.996828e-01,7.608239e-02,9.093807e-15,-5.000000e-01,2.695953e-15,-7.071068e-01,-4.996828e-01,1.845015e-14,-7.608239e-02,-5.000000e-01,-7.071068e-01,8.574881e-15,-4.996828e-01,-7.608239e-02,-8.186424e-15
50.1,635.0,-5.000000e-01,1.689249e-16,7.071068e-01,-4.996830e-01,2.523086e-15,7.613623e-02,-5.000000e-01,7.071068e-01,-1.263631e-14,-4.996830e-01,7.613623e-02,1.412797e-15,-5.000000e-01,-8.027226e-15,-7.071068e-01,-4.996830e-01,-2.546151e-15,-7.613623e-02,-5.000000e-01,-7.071068e-01,1.206348e-14,-4.996830e-01,-7.613623e-02,-2.293455e-15
50.1,660.0,-5.000000e-01,-1.009008e-14,7.071068e-01,-4.996832e-01,6.067759e-15,7.619024e-02,-5.000000e-01,7.071068e-01,-1.832747e-15,-4.996832e-01,7.619024e-02,9.046270e-16,-5.000000e-01,9.305261e-15,-7.071068e-01,-4.996832e-01,-4.874243e-15,-7.619024e-02,-5.000000e-01,-7.071068e-01,1.413593e-14,-4.996832e-01,-7.619024e-02,1.506597e-15
50.1,685.0,-5.000000e-01,-1.278159e-15,7.071068e-01,-4.996834e-01,1.711947e-15,7.624440e-02,-5.000000e-01,7.071068e-01,-8.545752e-15,-4.996834e-01,7.624440e-02,-2.390832e-15,-5.000000e-01,-1.072527e-14,-7.071068e-01,-4.996834e-01,-2.051012e-15,-7.624440e-02,-5.000000e-01,-7.071068e-01,-5.701933e-16,-4.996834e-01,-7.624440e-02,-3.031637e-16
50.1,710.0,-5.000000e-01,2.280779e-14,7.071068e-01,-4.996836e-01,-3.590013e-15,7.629873e-02,-5.000000e-01,7.071068e-01,-2.918399e-16,-4.996836e-01,7.629873e-02,-1.734240e-14,-5.000000e-01,-1.397385e-14,-7.071068e-01,-4.996836e-01,4.318911e-15,-7.629873e-02,-5.000000e-01,-7.071068e-01,-1.711345e-14,-4.996836e-01,-7.629873e-02,2.776425e-14
50.1,735.0,-5.000000e-01,-5.695460e-15,7.071068e-01,-4.996838e-01,8.758822e-15,7.635323e-02,-5.000000e-01,7.071068e-01,-6.229695e-15,-4.996838e-01,7.635323e-02,-5.896185e-15,-5.000000e-01,2.184404e-14,-7.071068e-01,-4.996838e-01,-4.336983e-15,-7.635323e-02,-5.000000e-01,-7.071068e-01,5.990361e-15,-4.996838e-01,-7.635323e-02,4.972031e-16
50.1,760.0,-5.000000e-01,2.488238e-14,7.071068e-01,-4.996840e-01,-2.290926e-14,7.640789e-02,-5.000000e-01,7.071068e-01,3.089259e-14,-4.996840e-01,7.640789e-02,6.267772e-15,-5.000000e-01,-2.852283e-14,-7.071068e-01,-4.996840e-01,1.171751e-14,-7.640789e-02,-5.000000e-01,-7.071068e-01,-2.634956e-14,-4.996840e-01,-7.640789e-02,6.565572e-15
50.1,785.0,-5.000000e-01,3.632877e-14,7.071068e-01,-4.996841e-01,2.544177e-14,7.646271e-02,-5.000000e-01,7.071068e-01,-1.135647e-14,-4.996841e-01,7.646271e-02,-3.512129e-14,-5.000000e-01,-6.903207e-14,-7.071068e-01,-4.996841e-01,-3.943300e-15,-7.646271e-02,-5.000000e-01,-7.071068e-01,1.948332e-14,-4.996841e-01,-7.646271e-02,5.887007e-14
50.1,810.0,-5.000000e-01,3.333668e-15,7.071068e-01,-4.996843e-01,-1.513449e-14,7.651769e-02,-5.000000e-01,7.071068e-01,-5.434244e-15,-4.996843e-01,7.651769e-02,-1.169867e-15,-5.000000e-01,5.455290e-15,-7.071068e-01,-4.996843e-01,2.305964e-15,-7.651769e-02,-5.000000e-01,-7.071068e-01,6.489365e-15,-4.996843e-01,-7.651769e-02,7.768934e-15
50.1,835.0,-5.000000e-01,-2.412711e-15,7.071068e-01,-4.996845e-01,-2.268327e-14,7.657285e-02,-5.000000e-01,7.071068e-01,3.430191e-15,-4.996845e-01,7.657285e-02,9.372161e-15,-5.000000e-01,-1.417512e-14,-7.071068e-01,-4.996845e-01,6.838823e-16,-7.657285e-02,-5.000000e-01,-7.071068e-01,-1.305940e-15,-4.996845e-01,-7.657285e-02,-7.463539e-15
50.1,860.0,-5.000000e-01,-3.813279e-15,7.071068e-01,-4.996847e-01,-9.838578e-15,7.662817e-02,-5.000000e-01,7.071068e-01,8.036324e-15,-4.996847e-01,7.662817e-02,2.949082e-15,-5.000000e-01,-5.828869e-15,-7.071068e-01,-4.996847e-01,5.613532e-16,-7.662817e-02,-5.000000e-01,-7.071068e-01,2.222132e-15,-4.996847e-01,-7.662817e-02,1.390163e-14
50.1,885.0,-5.000000e-01,4.540574e-15,7.071068e-01,-4.996849e-01,2.265937e-14,7.668365e-02,-5.000000e-01,7.071068e-01,-7.561990e-15,-4.996849e-01,7.668365e-02,-2.356789e-15,-5.000000e-01,-4.319083e-15,-7.071068e-01,-4.996849e-01,-3.784513e-15,-7.668365e-02,-5.000000e-01,-7.071068e-01,1.061917e-14,-4.996849e-01,-7.668365e-02,1.975147e-14
52.6,10.0,-5.000000e-01,2.527144e-15,7.071068e-01,-4.996899e-01,1.595268e-14,7.643784e-02,-5.000000e-01,7.071068e-01,-1.269315e-15,-4.996899e-01,7.643784e-02,9.988494e-16,-5.000000e-01,-2.079702e-15,-7.071068e-01,-4.996899e-01,-1.408105e-14,-7.643784e-02,-5.000000e-01,-7.071068e-01,3.281846e-15,-4.996899e-01,-7.643784e-02,2.251968e-16
52.6,35.0,-5.000000e-01,-1.353351e-15,7.071068e-01,-4.996901e-01,5.416412e-15,7.648548e-02,-5.000000e-01,7.071068e-01,1.609579e-15,-4.996901e-01,7.648548e-02,-2.729095e-16,-5.000000e-01,7.086389e-16,-7.071068e-01,-4.996901e-01,-4.932355e-15,-7.648548e-02,-5.000000e-01,-7.071068e-01,3.043109e-15,-4.996901e-01,-7.648548e-02,1.099220e-15
52.6,60.0,-5.000000e-01,-1.406833e-15,7.071068e-01,-4.996902e-01,-7.089654e-15,7.653326e-02,-5.000000e-01,7.071068e-01,6.102856e-16,-4.996902e-01,7.653326e-02,-5.085469e-15,-5.000000e-01,7.084543e-16,-7.071068e-01,-4.996902e-01,6.817792e-15,-7.653326e-02,-5.000000e-01,-7.071068e-01,-2.315741e-15,-4.996902e-01,-7.653326e-02,5.598279e-15
52.6,85.0,-5.000000e-01,-8.475826e-16,7.071068e-01,-4.996904e-01,1.935621e-14,7.658118e-02,-5.000000e-01,7.071068e-01,-8.253515e-16,-4.996904e-01,7.658118e-02,7.830188e-15,-5.000000e-01,8.921542e-17,-7.071068e-01,-4.996904e-01,-1.745590e-14,-7.658118e-02,-5.000000e-01,-7.071068e-01,3.515998e-15,-4.996904e-01,-7.658118e-02,-8.619411e-15
52.6,110.0,-5.000000e-01,3.681764e-15,7.071068e-01,-4.996905e-01,1.008968e-14,7.662925e-02,-5.000000e-01,7.071068e-01,-8.977196e-15,-4.996905e-01,7.662925e-02,-2.246725e-16,-5.000000e-01,1.349913e-15,-7.071068e-01,-4.996905e-01,-9.657834e-16,-7.662925e-02,-5.000000e-01,-7.071068e-01,1.264394e-16,-4.996905e-01,-7.662925e-02,-1.864164e-15
52.6,135.0,-5.000000e-01,-1.461588e-14,7.071068e-01,-4.996907e-01,-3.267528e-14,7.667746e-02,-5.000000e-01,7.071068e-01,1.491439e-14,-4.996907e-01,7.667746e-02,3.536844e-14,-5.000000e-01,1.003411e-14,-7.071068e-01,-4.996907e-01,5.498403e-15,-7.667746e-02,-5.000000e-01,-7.071068e-01,-1.259328e-14,-4.996907e-01,-7.667746e-02,-2.800620e-14
52.6,160.0,-5.000000e-01,-2.008488e-15,7.071068e-01,-4.996909e-01,5.491090e-14,7.672581e-02,-5.000000e-01,7.071068e-01,-2.126856e-14,-4.996909e-01,7.672581e-02,-7.310452e-14,-5.000000e-01,1.740196e-14,-7.071068e-01,-4.996909e-01,-6.797073e-15,-7.672581e-02,-5.000000e-01,-7.071068e-01,2.781515e-14,-4.996909e-01,-7.672581e-02,7.830022e-14
52.6,185.0,-5.000000e-01,-2.496408e-15,7.071068e-01,-4.996910e-01,-5.763857e-14,7.677431e-02,-5.000000e-01,7.071068e-01,-2.431401e-14,-4.996910e-01,7.677431e-02,-5.909762e-14,-5.000000e-01,-1.157384e-14,-7.071068e-01,-4.996910e-01,5.542741e-16,-7.677431e-02,-5.000000e-01,-7.071068e-01,1.616206e-14,-4.996910e-01,-7.677431e-02,-6.018219e-14
52.6,210.0,-5.000000e-01,-1.405289e-14,7.071068e-01,-4.996912e-01,-2.563308e-14,7.682295e-02,-5.000000e-01,7.071068e-01,2.688495e-15,-4.996912e-01,7.682295e-02,-6.488036e-15,-5.000000e-01,4.408990e-15,-7.071068e-01,-4.996912e-01,-7.726351e-15,-7.682295e-02,-5.000000e-01,-7.071068e-01,-2.183590e-14,-4.996912e-01,-7.682295e-02,4.412843e-15
52.6,235.0,-5.000000e-01,-7.387752e-14,7.071068e-01,-4.996914e-01,-6.269027e-14,7.687173e-02,-5.000000e-01,7.071068e-01,1.852856e-14,-4.996914e-01,7.687173e-02,3.059875e-14,-5.000000e-01,1.124333e-13,-7.071068e-01,-4.996914e-01,8.929531e-15,-7.687173e-02,-5.000000e-01,-7.071068e-01,-1.672102e-14,-4.996914e-01,-7.687173e-02,-2.715927e-14
52.6,260.0,-5.000000e-01,-5.189288e-15,7.071068e-01,-4.996915e-01,-2.313547e-14,7.692066e-02,-5.000000e-01,7.071068e-01,3.533856e-15,-4.996915e-01,7.692066e-02,8.661534e-15,-5.000000e-01,-4.241944e-16,-7.071068e-01,-4.996915e-01,2.556175e-14,-7.692066e-02,-5.000000e-01,-7.071068e-01,-7.243567e-15,-4.996915e-01,-7.692066e-02,1.532042e-14
52.6,285.0,-5.000000e-01,1.262514e-14,7.071068e-01,-4.996917e-01,1.074122e-14,7.696973e-02,-5.000000e-01,7.071068e-01,-5.053479e-15,-4.996917e-01,7.696973e-02,-1.552714e-14,-5.000000e-01,-1.174716e-14,-7.071068e-01,-4.996917e-01,-2.015162e-15,-7.696973e-02,-5.000000e-01,-7.071068e-01,2.536746e-14,-4.996917e-01,-7.696973e-02,1.774489e-14
52.6,310.0,-5.000000e-01,-8.177500e-15,7.071068e-01,-4.996919e-01,-6.712721e-14,7.701896e-02,-5.000000e-01,7.071068e-01,2.455560e-14,-4.996919e-01,7.701896e-02,2.310749e-14,-5.000000e-01,-6.671669e-15,-7.071068e-01,-4.996919e-01,7.574189e-15,-7.701896e-02,-5.000000e-01,-7.071068e-01,3.649762e-15,-4.996919e-01,-7.701896e-02,-2.597617e-14
52.6,335.0,-5.000000e-01,7.457107e-15,7.071068e-01,-4.996920e-01,-9.116540e-15,7.706832e-02,-5.000000e-01,7.071068e-01,7.848402e-15,-4.996920e-01,7.706832e-02,-4.924961e-15,-5.000000e-01,-8.147580e-15,-7.071068e-01,-4.996920e-01,2.156730e-14,-7.706832e-02,-5.000000e-01,-7.071068e-01,1.263379e-14,-4.996920e-01,-7.706832e-02,1.153026e-15
52.6,360.0,-5.000000e-01,-3.466637e-14,7.071068e-01,-4.996922e-01,-2.408517e-15,7.711784e-02,-5.000000e-01,7.071068e-01,9.589001e-15,-4.996922e-01,7.711784e-02,6.755522e-15,-5.000000e-01,4.583012e-14,-7.071068e-01,-4.996922e-01,5.642959e-15,-7.711784e-02,-5.000000e-01,-7.071068e-01,-4.960944e-14,-4.996922e-01,-7.711784e-02,-5.695632e-15
52.6,385.0,-5.000000e-01,1.383459e-15,7.071068e-01,-4.996923e-01,-2.199398e-15,7.716750e-02,-5.000000e-01,7.071068e-01,-5.937196e-15,-4.996923e-01,7.716750e-02,3.496722e-15,-5.000000e-01,-6.305382e-15,-7.071068e-01,-4.996923e-01,2.970493e-15,-7.716750e-02,-5.000000e-01,-7.071068e-01,-1.058916e-14,-4.996923e-01,-7.716750e-02,-7.418401e-15
52.6,410.0,-5.000000e-01,-6.730586e-15,7.071068e-01,-4.996925e-01,-1.066229e-14,7.721731e-02,-5.000000e-01,7.071068e-01,5.303244e-16,-4.996925e-01,7.721731e-02,5.240672e-15,-5.000000e-01,8.493871e-15,-7.071068e-01,-4.996925e-01,1.661723e-14,-7.721731e-02,-5.000000e-01,-7.071068e-01,-1.202069e-14,-4.996925e-01,-7.721731e-02,-6.250103e-15
52.6,435.0,-5.000000e-01,1.070970e-14,7.071068e-01,-4.996927e-01,1.821403e-14,7.726727e-02,-5.000000e-01,7.071068e-01,-2.542611e-14,-4.996927e-01,7.726727e-02,-4.463907e-15,-5.000000e-01,-1.374289e-14,-7.071068e-01,-4.996927e-01,-1.487347e-14,-7.726727e-02,-5.000000e-01,-7.071068e-01,7.074259e-15,-4.996927e-01,-7.726727e-02,-3.699501e-15
52.6,460.0,-5.000000e-01,4.868810e-14,7.071068e-01,-4.996929e-01,-8.843216e-15,7.731738e-02,-5.000000e-01,7.071068e-01,-2.678616e-14,-4.996929e-01,7.731738e-02,-7.742532e-15,-5.000000e-01,-5.605123e-14,-7.071068e-01,-4.996929e-01,-7.788968e-15,-7.731738e-02,-5.000000e-01,-7.071068e-01,-7.417559e-15,-4.996929e-01,-7.731738e-02,-2.382108e-15
52.6,485.0,-5.000000e-01,4.257241e-16,7.071068e-01,-4.996930e-01,3.798829e-16,7.736764e-02,-5.000000e-01,7.071068e-01,-4.043581e-15,-4.996930e-01,7.736764e-02,1.718257e-15,-5.000000e-01,2.186293e-15,-7.071068e-01,-4.996930e-01,-1.857187e-15,-7.736764e-02,-5.000000e-01,-7.071068e-01,-3.808341e-16,-4.996930e-01,-7.736764e-02,9.465635e-16
52.6,510.0,-5.000000e-01,-1.623463e-14,7.071068e-01,-4.996932e-01,2.349175e-16,7.741805e-02,-5.000000e-01,7.071068e-01,7.408498e-15,-4.996932e-01,7.741805e-02,2.153296e-14,-5.000000e-01,1.519407e-14,-7.071068e-01,-4.996932e-01,-3.550550e-16,-7.741805e-02,-5.000000e-01,-7.071068e-01,-7.078007e-15,-4.996932e-01,-7.741805e-02,-2.112260e-14
52.6,535.0,-5.000000e-01,-1.226858e-14,7.071068e-01,-4.996934e-01,-3.260874e-14,7.746861e-02,-5.000000e-01,7.071068e-01,2.208653e-14,-4.996934e-01,7.746861e-02,6.536482e-15,-5.000000e-01,1.209304e-14,-7.071068e-01,-4.996934e-01,3.389667e-14,-7.746861e-02,-5.000000e-01,-7.071068e-01,-1.473840e-14,-4.996934e-01,-7.746861e-02,-7.091035e-15
52.6,560.0,-5.000000e-01,6.145595e-15,7.071068e-01,-4.996935e-01,3.600460e-14,7.751932e-02,-5.000000e-01,7.071068e-01,-1.556933e-14,-4.996935e-01,7.751932e-02,-2.062461e-14,-5.000000e-01,-7.069646e-15,-7.071068e-01,-4.996935e-01,-3.594980e-14,-7.751932e-02,-5.000000e-01,-7.071068e-01,2.349251e-14,-4.996935e-01,-7.751932e-02,2.174386e-14
52.6,585.0,-5.000000e-01,-1.029224e-15,7.071068e-01,-4.996937e-01,-4.029603e-15,7.757019e-02,-5.000000e-01,7.071068e-01,-4.466918e-16,-4.996937e-01,7.757019e-02,3.330260e-15,-5.000000e-01,-6.426530e-16,-7.071068e-01,-4.996937e-01,4.784301e-15,-7.757019e-02,-5.000000e-01,-7.071068e-01,2.036493e-15,-4.996937e-01,-7.757019e-02,-3.206662e-15
52.6,610.0,-5.000000e-01,5.225690e-16,7.071068e-01,-4.996939e-01,-1.338701e-14,7.762120e-02,-5.000000e-01,7.071068e-01,6.137827e-16,-4.996939e-01,7.762120e-02,-2.333907e-15,-5.000000e-01,-8.648624e-16,-7.071068e-01,-4.996939e-01,1.490420e-14,-7.762120e-02,-5.000000e-01,-7.071068e-01,5.858835e-16,-4.996939e-01,-7.762120e-02,1.852972e-15
52.6,635.0,-5.000000e-01,-1.881069e-15,7.071068e-01,-4.996940e-01,-1.291415e-14,7.767237e-02,-5.000000e-01,7.071068e-01,-1.965956e-15,-4.996940e-01,7.767237e-02,-2.618085e-14,-5.000000e-01,1.318469e-15,-7.071068e-01,-4.996940e-01,1.310549e-14,-7.767237e-02,-5.000000e-01,-7.071068e-01,2.215162e-15,-4.996940e-01,-7.767237e-02,2.894766e-14
52.6,660.0,-5.000000e-01,-5.336696e-15,7.071068e-01,-4.996942e-01,-9.603214e-15,7.772370e-02,-5.000000e-01,7.071068e-01,8.267339e-15,-4.996942e-01,7.772370e-02,9.308432e-15,-5.000000e-01,4.782990e-15,-7.071068e-01,-4.996942e-01,9.246763e-15,-7.772370e-02,-5.000000e-01,-7.071068e-01,-7.869406e-15,-4.996942e-01,-7.772370e-02,-9.300262e-15
52.6,685.0,-5.000000e-01,-2.649081e-15,7.071068e-01,-4.996944e-01,-2.580738e-15,7.777517e-02,-5.000000e-01,7.071068e-01,-4.463948e-15,-4.996944e-01,7.777517e-02,-4.893347e-15,-5.000000e-01,2.355200e-15,-7.071068e-01,-4.996944e-01,3.467003e-15,-7.777517e-02,-5.000000e-01,-7.071068e-01,2.064576e-15,-4.996944e-01,-7.777517e-02,4.572953e-15
52.6,710.0,-5.000000e-01,3.923012e-15,7.071068e-01,-4.996946e-01,-1.900762e-14,7.782681e-02,-5.000000e-01,7.071068e-01,-3.034371e-15,-4.996946e-01,7.782681e-02,-3.213158e-15,-5.000000e-01,-3.919617e-15,-7.071068e-01,-4.996946e-01,2.094221e-14,-7.782681e-02,-5.000000e-01,-7.071068e-01,2.950083e-15,-4.996946e-01,-7.782681e-02,2.517700e-15
52.6,735.0,-5.000000e-01,-8.973697e-15,7.071068e-01,-4.996947e-01,-6.348478e-15,7.787859e-02,-5.000000e-01,7.071068e-01,5.827360e-15,-4.996947e-01,7.787859e-02,1.373328e-14,-5.000000e-01,8.137360e-15,-7.071068e-01,-4.996947e-01,6.584875e-15,-7.787859e-02,-5.000000e-01,-7.071068e-01,-6.653836e-15,-4.996947e-01,-7.787859e-02,-1.548533e-14
52.6,760.0,-5.000000e-01,-2.951776e-15,7.071068e-01,-4.996949e-01,-7.411693e-15,7.793054e-02,-5.000000e-01,7.071068e-01,7.114177e-15,-4.996949e-01,7.793054e-02,-4.822967e-15,-5.000000e-01,2.177527e-15,-7.071068e-01,-4.996949e-01,6.815306e-15,-7.793054e-02,-5.000000e-01,-7.071068e-01,-6.054025e-15,-4.996949e-01,-7.793054e-02,2.979621e-15
52.6,785.0,-5.000000e-01,8.103579e-16,7.071068e-01,-4.996951e-01,-1.880542e-14,7.798264e-02,-5.000000e-01,7.071068e-01,-7.008530e-16,-4.996951e-01,7.798264e-02,2.358280e-14,-5.000000e-01,-1.865013e-15,-7.071068e-01,-4.996951e-01,1.687015e-14,-7.798264e-02,-5.000000e-01,-7.071068e-01,4.569562e-15,-4.996951e-01,-7.798264e-02,-2.139787e-14
52.6,810.0,-5.000000e-01,1.391882e-14,7.071068e-01,-4.996953e-01,1.975951e-14,7.803489e-02,-5.000000e-01,7.071068e-01,-1.778547e-14,-4.996953e-01,7.803489e-02,-2.448729e-14,-5.000000e-01,-1.379862e-14,-7.071068e-01,-4.996953e-01,-1.936348e-14,-7.803489e-02,-5.000000e-01,-7.071068e-01,1.784087e-14,-4.996953e-01,-7.803489e-02,2.601682e-14
52.6,835.0,-5.000000e-01,-6.350434e-15,7.071068e-01,-4.996954e-01,-7.393412e-15,7.808731e-02,-5.000000e-01,7.071068e-01,1.417804e-14,-4.996954e-01,7.808731e-02,1.109604e-14,-5.000000e-01,1.879124e-14,-7.071068e-01,-4.996954e-01,8.377291e-15,-7.808731e-02,-5.000000e-01,-7.071068e-01,-9.651741e-15,-4.996954e-01,-7.808731e-02,1.557134e-14
52.6,860.0,-5.000000e-01,-2.013074e-14,7.071068e-01,-4.996956e-01,1.091566e-14,7.813988e-02,-5.000000e-01,7.071068e-01,-1.538022e-15,-4.996956e-01,7.813988e-02,4.212693e-15,-5.000000e-01,1.038099e-14,-7.071068e-01,-4.996956e-01,2.860080e-15,-7.813988e-02,-5.000000e-01,-7.071068e-01,2.888542e-15,-4.996956e-01,-7.813988e-02,2.335617e-15
52.6,885.0,-5.000000e-01,4.289358e-15,7.071068e-01,-4.996958e-01,1.469700e-14,7.819261e-02,-5.000000e-01,7.071068e-01,1.178649e-14,-4.996958e-01,7.819261e-02,-1.142847e-15,-5.000000e-01,8.277121e-15,-7.071068e-01,-4.996958e-01,2.150586e-14,-7.819261e-02,-5.000000e-01,-7.071068e-01,-7.457870e-15,-4.996958e-01,-7.819261e-02,3.458168e-15
55.1,10.0,-5.000000e-01,-5.077853e-15,7.071068e-01,-4.997006e-01,-4.606430e-15,7.812218e-02,-5.000000e-01,7.071068e-01,5.231517e-15,-4.997006e-01,7.812218e-02,8.297422e-15,-5.000000e-01,3.813180e-15,-7.071068e-01,-4.997006e-01,3.530885e-15,-7.812218e-02,-5.000000e-01,-7.071068e-01,-5.076738e-15,-4.997006e-01,-7.812218e-02,-7.813912e-15
55.1,35.0,-5.000000e-01,9.205608e-16,7.071068e-01,-4.997008e-01,2.101119e-14,7.816755e-02,-5.000000e-01,7.071068e-01,-2.102776e-15,-4.997008e-01,7.816755e-02,7.715388e-15,-5.000000e-01,-2.029502e-15,-7.071068e-01,-4.997008e-01,-2.152293e-14,-7.816755e-02,-5.000000e-01,-7.071068e-01,4.764101e-16,-4.997008e-01,-7.816755e-02,-7.404590e-15
55.1,60.0,-5.000000e-01,1.668767e-14,7.071068e-01,-4.997009e-01,-1.022185e-16,7.821305e-02,-5.000000e-01,7.071068e-01,-1.457342e-14,-4.997009e-01,7.821305e-02,-5.571435e-15,-5.000000e-01,-1.612615e-14,-7.071068e-01,-4.997009e-01,3.125031e-16,-7.821305e-02,-5.000000e-01,-7.071068e-01,1.831301e-14,-4.997009e-01,-7.821305e-02,5.241218e-15
55.1,85.0,-5.000000e-01,9.685691e-15,7.071068e-01,-4.997010e-01,2.155820e-14,7.825869e-02,-5.000000e-01,7.071068e-01,-9.419455e-15,-4.997010e-01,7.825869e-02,2.473380e-14,-5.000000e-01,-9.057113e-15,-7.071068e-01,-4.997010e-01,-2.039105e-14,-7.825869e-02,-5.000000e-01,-7.071068e-01,8.956745e-15,-4.997010e-01,-7.825869e-02,-2.610145e-14
55.1,110.0,-5.000000e-01,1.720709e-15,7.071068e-01,-4.997012e-01,-1.558106e-14,7.830446e-02,-5.000000e-01,7.071068e-01,-2.540768e-15,-4.997012e-01,7.830446e-02,-6.711451e-15,-5.000000e-01,-5.944269e-16,-7.071068e-01,-4.997012e-01,1.672484e-14,-7.830446e-02,-5.000000e-01,-7.071068e-01,2.269845e-15,-4.997012e-01,-7.830446e-02,7.189720e-15
55.1,135.0,-5.000000e-01,3.779832e-15,7.071068e-01,-4.997013e-01,1.881267e-15,7.835037e-02,-5.000000e-01,7.071068e-01,-4.887977e-15,-4.997013e-01,7.835037e-02,-1.231177e-14,-5.000000e-01,-3.450505e-15,-7.071068e-01,-4.997013e-01,-3.070139e-15,-7.835037e-02,-5.000000e-01,-7.071068e-01,3.376563e-15,-4.997013e-01,-7.835037e-02,1.254623e-14
55.1,160.0,-5.000000e-01,-1.099303e-14,7.071068e-01,-4.997015e-01,6.247718e-15,7.839642e-02,-5.000000e-01,7.071068e-01,-2.993711e-14,-4.997015e-01,7.839642e-02,4.595726e-14,-5.000000e-01,8.871559e-15,-7.071068e-01,-4.997015e-01,-2.949493e-15,-7.839642e-02,-5.000000e-01,-7.071068e-01,1.846151e-14,-4.997015e-01,-7.839642e-02,-2.887616e-14
55.1,185.0,-5.000000e-01,1.390787e-14,7.071068e-01,-4.997016e-01,-9.720167e-15,7.844260e-02,-5.000000e-01,7.071068e-01,1.250607e-14,-4.997016e-01,7.844260e-02,-3.138875e-15,-5.000000e-01,-1.051339e-14,-7.071068e-01,-4.997016e-01,3.696308e-15,-7.844260e-02,-5.000000e-01,-7.071068e-01,-2.698337e-15,-4.997016e-01,-7.844260e-02,4.264757e-15
55.1,210.0,-5.000000e-01,9.019906e-16,7.071068e-01,-4.997018e-01,-2.328911e-14,7.848892e-02,-5.000000e-01,7.071068e-01,2.586531e-14,-4.997018e-01,7.848892e-02,-9.311420e-16,-5.000000e-01,5.458917e-15,-7.071068e-01,-4.997018e-01,7.920945e-15,-7.848892e-02,-5.000000e-01,-7.071068e-01,-3.012002e-14,-4.997018e-01,-7.848892e-02,-4.035088e-15
55.1,235.0,-5.000000e-01,1.109898e-14,7.071068e-01,-4.997019e-01,9.818571e-15,7.853538e-02,-5.000000e-01,7.071068e-01,-1.009405e-14,-4.997019e-01,7.853538e-02,7.181177e-15,-5.000000e-01,-2.957797e-15,-7.071068e-01,-4.997019e-01,-3.933176e-15,-7.853538e-02,-5.000000e-01,-7.071068e-01,7.623853e-15,-4.997019e-01,-7.853538e-02,-1.284805e-14
55.1,260.0,-5.000000e-01,1.683319e-13,7.071068e-01,-4.997021e-01,1.553078e-14,7.858198e-02,-5.000000e-01,7.071068e-01,1.618547e-13,-4.997021e-01,7.858198e-02,-5.152793e-15,-5.000000e-01,-1.996723e-13,-7.071068e-01,-4.997021e-01,-1.816309e-14,-7.858198e-02,-5.000000e-01,-7.071068e-01,-1.644123e-13,-4.997021e-01,-7.858198e-02,-8.142292e-15
55.1,285.0,-5.000000e-01,-3.236747e-14,7.071068e-01,-4.997022e-01,-8.083173e-14,7.862871e-02,-5.000000e-01,7.071068e-01,-2.221329e-15,-4.997022e-01,7.862871e-02,-6.454409e-17,-5.000000e-01,7.799186e-15,-7.071068e-01,-4.997022e-01,-2.644604e-14,-7.862871e-02,-5.000000e-01,-7.071068e-01,-4.321915e-15,-4.997022e-01,-7.862871e-02,-1.949690e-15
55.1,310.0,-5.000000e-01,-1.024413e-14,7.071068e-01,-4.997024e-01,5.070134e-15,7.867559e-02,-5.000000e-01,7.071068e-01,8.292837e-16,-4.997024e-01,7.867559e-02,7.039135e-15,-5.000000e-01,1.560381e-14,-7.071068e-01,-4.997024e-01,-1.574960e-15,-7.867559e-02,-5.000000e-01,-7.071068e-01,1.218971e-14,-4.997024e-01,-7.867559e-02,-3.702207e-15
55.1,335.0,-5.000000e-01,2.006255e-14,7.071068e-01,-4.997025e-01,3.480101e-14,7.872260e-02,-5.000000e-01,7.071068e-01,5.393694e-15,-4.997025e-01,7.872260e-02,-5.894206e-15,-5.000000e-01,-1.211009e-14,-7.071068e-01,-4.997025e-01,1.507404e-14,-7.872260e-02,-5.000000e-01,-7.071068e-01,-7.559264e-15,-4.997025e-01,-7.872260e-02,-1.169812e-15
55.1,360.0,-5.000000e-01,-5.533372e-15,7.071068e-01,-4.997027e-01,-3.311653e-14,7.876976e-02,-5.000000e-01,7.071068e-01,-1.243730e-15,-4.997027e-01,7.876976e-02,3.777283e-15,-5.000000e-01,-2.208386e-15,-7.071068e-01,-4.997027e-01,-1.212067e-14,-7.876976e-02,-5.000000e-01,-7.071068e-01,4.022983e-15,-4.997027e-01,-7.876976e-02,-3.963598e-16
55.1,385.0,-5.000000e-01,6.455640e-15,7.071068e-01,-4.997028e-01,-5.602299e-15,7.881705e-02,-5.000000e-01,7.071068e-01,-3.536827e-14,-4.997028e-01,7.881705e-02,-1.804130e-14,-5.000000e-01,-1.468844e-14,-7.071068e-01,-4.997028e-01,-1.278144e-14,-7.881705e-02,-5.000000e-01,-7.071068e-01,2.349483e-14,-4.997028e-01,-7.881705e-02,8.742422e-15
55.1,410.0,-5.000000e-01,-1.210110e-14,7.071068e-01,-4.997030e-01,-3.916785e-14,7.886449e-02,-5.000000e-01,7.071068e-01,-1.222964e-14,-4.997030e-01,7.886449e-02,2.855152e-17,-5.000000e-01,2.805527e-15,-7.071068e-01,-4.997030e-01,-1.372103e-14,-7.886449e-02,-5.000000e-01,-7.071068e-01,9.587834e-15,-4.997030e-01,-7.886449e-02,-1.875057e-15
55.1,435.0,-5.000000e-01,-1.553319e-13,7.071068e-01,-4.997031e-01,-2.616671e-14,7.891207e-02,-5.000000e-01,7.071068e-01,-1.861628e-13,-4.997031e-01,7.891207e-02,-7.897842e-15,-5.000000e-01,1.755106e-13,-7.071068e-01,-4.997031e-01,5.853224e-15,-7.891207e-02,-5.000000e-01,-7.071068e-01,1.845669e-13,-4.997031e-01,-7.891207e-02,7.057868e-15
55.1,460.0,-5.000000e-01,3.140108e-15,7.071068e-01,-4.997033e-01,-1.192384e-14,7.895979e-02,-5.000000e-01,7.071068e-01,6.498466e-15,-4.997033e-01,7.895979e-02,-1.599995e-15,-5.000000e-01,-9.907476e-15,-7.071068e-01,-4.997033e-01,4.195842e-15,-7.895979e-02,-5.000000e-01,-7.071068e-01,-1.245964e-14,-4.997033e-01,-7.895979e-02,1.699171e-16
55.1,485.0,-5.000000e-01,-5.370486e-16,7.071068e-01,-4.997034e-01,-6.403099e-15,7.900765e-02,-5.000000e-01,7.071068e-01,2.174742e-14,-4.997034e-01,7.900765e-02,3.362161e-15,-5.000000e-01,-4.197241e-15,-7.071068e-01,-4.997034e-01,7.956591e-15,-7.900765e-02,-5.000000e-01,-7.071068e-01,-1.889163e-14,-4.997034e-01,-7.900765e-02,1.347305e-15
55.1,510.0,-5.000000e-01,-1.281429e-14,7.071068e-01,-4.997036e-01,-8.519283e-15,7.905566e-02,-5.000000e-01,7.071068e-01,6.792799e-15,-4.997036e-01,7.905566e-02,7.543279e-15,-5.000000e-01,1.519222e-14,-7.071068e-01,-4.997036e-01,-1.260167e-15,-7.905566e-02,-5.000000e-01,-7.071068e-01,-7.865020e-15,-4.997036e-01,-7.905566e-02,-9.466085e-15
55.1,535.0,-5.000000e-01,4.598098e-15,7.071068e-01,-4.997038e-01,3.855760e-14,7.910381e-02,-5.000000e-01,7.071068e-01,-4.252600e-15,-4.997038e-01,7.910381e-02,1.794533e-15,-5.000000e-01,3.638783e-16,-7.071068e-01,-4.997038e-01,1.498460e-14,-7.910381e-02,-5.000000e-01,-7.071068e-01,-2.471213e-15,-4.997038e-01,-7.910381e-02,-4.452773e-15
55.1,560.0,-5.000000e-01,8.770750e-15,7.071068e-01,-4.997039e-01,3.753484e-14,7.915210e-02,-5.000000e-01,7.071068e-01,-1.351668e-14,-4.997039e-01,7.915210e-02,1.180329e-14,-5.000000e-01,-2.414715e-15,-7.071068e-01,-4.997039e-01,1.404599e-14,-7.915210e-02,-5.000000e-01,-7.071068e-01,1.152426e-14,-4.997039e-01,-7.915210e-02,2.650724e-14
55.1,585.0,-5.000000e-01,-1.161013e-14,7.071068e-01,-4.997041e-01,2.579738e-15,7.920054e-02,-5.000000e-01,7.071068e-01,3.019546e-15,-4.997041e-01,7.920054e-02,5.344727e-15,-5.000000e-01,7.908108e-15,-7.071068e-01,-4.997041e-01,-1.189226e-15,-7.920054e-02,-5.000000e-01,-7.071068e-01,3.468033e-15,-4.997041e-01,-7.920054e-02,-6.309095e-15
55.1,610.0,-5.000000e-01,-3.466058e-14,7.071068e-01,-4.997042e-01,3.397725e-14,7.924913e-02,-5.000000e-01,7.071068e-01,2.824519e-15,-4.997042e-01,7.924913e-02,-3.924924e-14,-5.000000e-01,2.108119e-14,-7.071068e-01,-4.997042e-01,-1.488551e-14,-7.924913e-02,-5.000000e-01,-7.071068e-01,-2.096453e-14,-4.997042e-01,-7.924913e-02,1.246563e-14
55.1,635.0,-5.000000e-01,5.013743e-15,7.071068e-01,-4.997044e-01,-2.014026e-15,7.929786e-02,-5.000000e-01,7.071068e-01,3.993799e-15,-4.997044e-01,7.929786e-02,1.907419e-14,-5.000000e-01,-4.672461e-15,-7.071068e-01,-4.997044e-01,-1.912726e-15,-7.929786e-02,-5.000000e-01,-7.071068e-01,6.104624e-15,-4.997044e-01,-7.929786e-02,2.193583e-14
55.1,660.0,-5.000000e-01,6.534005e-15,7.071068e-01,-4.997045e-01,-2.886550e-14,7.934674e-02,-5.000000e-01,7.071068e-01,-1.368042e-14,-4.997045e-01,7.934674e-02,-2.150869e-14,-5.000000e-01,-5.930039e-15,-7.071068e-01,-4.997045e-01,9.087742e-15,-7.934674e-02,-5.000000e-01,-7.071068e-01,-3.785230e-15,-4.997045e-01,-7.934674e-02,-3.122433e-14
55.1,685.0,-5.000000e-01,-1.218113e-14,7.071068e-01,-4.997047e-01,1.395055e-14,7.939576e-02,-5.000000e-01,7.071068e-01,3.023424e-15,-4.997047e-01,7.939576e-02,7.539573e-15,-5.000000e-01,1.802181e-14,-7.071068e-01,-4.997047e-01,-1.549659e-14,-7.939576e-02,-5.000000e-01,-7.071068e-01,-4.209080e-15,-4.997047e-01,-7.939576e-02,-2.763396e-15
55.1,710.0,-5.000000e-01,2.812716e-14,7.071068e-01,-4.997048e-01,4.090749e-14,7.944493e-02,-5.000000e-01,7.071068e-01,-7.574317e-14,-4.997048e-01,7.944493e-02,-1.442199e-14,-5.000000e-01,-1.570877e-14,-7.071068e-01,-4.997048e-01,-1.214911e-14,-7.944493e-02,-5.000000e-01,-7.071068e-01,9.994060e-14,-4.997048e-01,-7.944493e-02,2.254731e-14
55.1,735.0,-5.000000e-01,-1.092702e-15,7.071068e-01,-4.997050e-01,-2.440225e-14,7.949425e-02,-5.000000e-01,7.071068e-01,1.818741e-14,-4.997050e-01,7.949425e-02,2.217515e-15,-5.000000e-01,4.704828e-15,-7.071068e-01,-4.997050e-01,1.972499e-14,-7.949425e-02,-5.000000e-01,-7.071068e-01,3.754423e-15,-4.997050e-01,-7.949425e-02,2.399033e-15
55.1,760.0,-5.000000e-01,1.687453e-14,7.071068e-01,-4.997052e-01,-4.917477e-14,7.954372e-02,-5.000000e-01,7.071068e-01,2.855545e-14,-4.997052e-01,7.954372e-02,1.215384e-14,-5.000000e-01,-2.904631e-14,-7.071068e-01,-4.997052e-01,1.629495e-14,-7.954372e-02,-5.000000e-01,-7.071068e-01,3.757296e-15,-4.997052e-01,-7.954372e-02,2.108259e-14
55.1,785.0,-5.000000e-01,-1.136038e-14,7.071068e-01,-4.997053e-01,-6.844422e-15,7.959334e-02,-5.000000e-01,7.071068e-01,-8.138417e-15,-4.997053e-01,7.959334e-02,8.221322e-15,-5.000000e-01,1.771878e-14,-7.071068e-01,-4.997053e-01,1.504441e-14,-7.959334e-02,-5.000000e-01,-7.071068e-01,-2.107792e-15,-4.997053e-01,-7.959334e-02,-1.652860e-15
55.1,810.0,-5.000000e-01,1.367613e-14,7.071068e-01,-4.997055e-01,2.877278e-14,7.964310e-02,-5.000000e-01,7.071068e-01,4.583952e-15,-4.997055e-01,7.964310e-02,-9.652885e-15,-5.000000e-01,-9.934436e-15,-7.071068e-01,-4.997055e-01,-2.510760e-14,-7.964310e-02,-5.000000e-01,-7.071068e-01,-9.108372e-15,-4.997055e-01,-7.964310e-02,-1.853660e-15
55.1,835.0,-5.000000e-01,2.102455e-14,7.071068e-01,-4.997056e-01,-1.498671e-14,7.969302e-02,-5.000000e-01,7.071068e-01,2.588868e-14,-4.997056e-01,7.969302e-02,-6.435641e-15,-5.000000e-01,-2.588648e-14,-7.071068e-01,-4.997056e-01,3.086246e-15,-7.969302e-02,-5.000000e-01,-7.071068e-01,-3.225764e-14,-4.997056e-01,-7.969302e-02,6.733783e-15
55.1,860.0,-5.000000e-01,-2.589900e-14,7.071068e-01,-4.997058e-01,7.994069e-15,7.974308e-02,-5.000000e-01,7.071068e-01,2.176704e-14,-4.997058e-01,7.974308e-02,1.003670e-14,-5.000000e-01,2.342017e-14,-7.071068e-01,-4.997058e-01,-7.555164e-15,-7.974308e-02,-5.000000e-01,-7.071068e-01,1.127421e-14,-4.997058e-01,-7.974308e-02,-7.697674e-15
55.1,885.0,-5.000000e-01,1.197398e-14,7.071068e-01,-4.997060e-01,-1.791175e-14,7.979330e-02,-5.000000e-01,7.071068e-01,-4.033476e-15,-4.997060e-01,7.979330e-02,-1.070128e-14,-5.000000e-01,-1.570082e-14,-7.071068e-01,-4.997060e-01,2.281967e-14,-7.979330e-02,-5.000000e-01,-7.071068e-01,2.218412e-14,-4.997060e-01,-7.979330e-02,-9.145563e-15
57.6,10.0,-5.000000e-01,-8.923341e-15,7.071068e-01,-4.997106e-01,-1.062321e-14,7.987787e-02,-5.000000e-01,7.071068e-01,1.178199e-14,-4.997106e-01,7.987787e-02,1.761087e-14,-5.000000e-01,9.362094e-15,-7.071068e-01,-4.997106e-01,1.113286e-14,-7.987787e-02,-5.000000e-01,-7.071068e-01,-1.136691e-14,-4.997106e-01,-7.987787e-02,-1.800274e-14
57.6,35.0,-5.000000e-01,-5.722773e-15,7.071068e-01,-4.997107e-01,-2.073328e-14,7.992116e-02,-5.000000e-01,7.071068e-01,3.186209e-15,-4.997107e-01,7.992116e-02,-3.793843e-15,-5.000000e-01,3.647482e-15,-7.071068e-01,-4.997107e-01,7.682733e-15,-7.992116e-02,-5.000000e-01,-7.071068e-01,-4.584628e-15,-4.997107e-01,-7.992116e-02,2.815525e-15
57.6,60.0,-5.000000e-01,1.479432e-15,7.071068e-01,-4.997109e-01,-4.235395e-14,7.996458e-02,-5.000000e-01,7.071068e-01,-6.872665e-15,-4.997109e-01,7.996458e-02,4.745117e-15,-5.000000e-01,-2.053089e-15,-7.071068e-01,-4.997109e-01,4.349868e-14,-7.996458e-02,-5.000000e-01,-7.071068e-01,7.601866e-15,-4.997109e-01,-7.996458e-02,-4.429182e-15
57.6,85.0,-5.000000e-01,3.092336e-15,7.071068e-01,-4.997110e-01,1.609402e-14,8.000812e-02,-5.000000e-01,7.071068e-01,-4.208400e-15,-4.997110e-01,8.000812e-02,-3.324037e-14,-5.000000e-01,-2.616592e-15,-7.071068e-01,-4.997110e-01,-1.541481e-14,-8.000812e-02,-5.000000e-01,-7.071068e-01,3.006225e-15,-4.997110e-01,-8.000812e-02,3.411161e-14
57.6,110.0,-5.000000e-01,9.622888e-15,7.071068e-01,-4.997111e-01,3.619958e-14,8.005180e-02,-5.000000e-01,7.071068e-01,-9.918914e-15,-4.997111e-01,8.005180e-02,-1.552470e-14,-5.000000e-01,-9.559371e-15,-7.071068e-01,-4.997111e-01,-3.622147e-14,-8.005180e-02,-5.000000e-01,-7.071068e-01,9.270405e-15,-4.997111e-01,-8.005180e-02,1.515732e-14
57.6,135.0,-5.000000e-01,4.716121e-15,7.071068e-01,-4.997113e-01,-1.573117e-14,8.009560e-02,-5.000000e-01,7.071068e-01,-2.042115e-15,-4.997113e-01,8.009560e-02,-8.193857e-15,-5.000000e-01,-5.621866e-15,-7.071068e-01,-4.997113e-01,1.725804e-14,-8.009560e-02,-5.000000e-01,-7.071068e-01,4.456419e-15,-4.997113e-01,-8.009560e-02,9.859746e-15
57.6,160.0,-5.000000e-01,4.941326e-15,7.071068e-01,-4.997114e-01,-3.128381e-14,8.013953e-02,-5.000000e-01,7.071068e-01,-2.112046e-15,-4.997114e-01,8.013953e-02,-2.699901e-14,-5.000000e-01,-4.817015e-15,-7.071068e-01,-4.997114e-01,3.091282e-14,-8.013953e-02,-5.000000e-01,-7.071068e-01,1.729725e-15,-4.997114e-01,-8.013953e-02,2.758569e-14
57.6,185.0,-5.000000e-01,-3.129196e-15,7.071068e-01,-4.997115e-01,-3.547862e-14,8.018360e-02,-5.000000e-01,7.071068e-01,6.037480e-15,-4.997115e-01,8.018360e-02,-3.525737e-15,-5.000000e-01,5.675503e-15,-7.071068e-01,-4.997115e-01,3.501267e-14,-8.018360e-02,-5.000000e-01,-7.071068e-01,-6.131146e-15,-4.997115e-01,-8.018360e-02,5.299103e-15
57.6,210.0,-5.000000e-01,2.726437e-15,7.071068e-01,-4.997117e-01,2.179900e-14,8.022779e-02,-5.000000e-01,7.071068e-01,-5.213881e-15,-4.997117e-01,8.022779e-02,-1.746369e-14,-5.000000e-01,-2.464280e-15,-7.071068e-01,-4.997117e-01,-2.054876e-14,-8.022779e-02,-5.000000e-01,-7.071068e-01,4.869989e-15,-4.997117e-01,-8.022779e-02,1.858205e-14
57.6,235.0,-5.000000e-01,2.808376e-14,7.071068e-01,-4.997118e-01,-5.542152e-15,8.027212e-02,-5.000000e-01,7.071068e-01,-3.278882e-14,-4.997118e-01,8.027212e-02,-3.439301e-14,-5.000000e-01,-2.780104e-14,-7.071068e-01,-4.997118e-01,5.187089e-15,-8.027212e-02,-5.000000e-01,-7.071068e-01,3.244744e-14,-4.997118e-01,-8.027212e-02,3.496415e-14
57.6,260.0,-5.000000e-01,-7.928261e-15,7.071068e-01,-4.997120e-01,-2.688876e-15,8.031658e-02,-5.000000e-01,7.071068e-01,1.429796e-14,-4.997120e-01,8.031658e-02,-1.292909e-14,-5.000000e-01,1.662906e-14,-7.071068e-01,-4.997120e-01,2.288875e-14,-8.031658e-02,-5.000000e-01,-7.071068e-01,-3.131701e-14,-4.997120e-01,-8.031658e-02,-1.820452e-14
57.6,285.0,-5.000000e-01,2.646617e-15,7.071068e-01,-4.997121e-01,1.694150e-14,8.036117e-02,-5.000000e-01,7.071068e-01,-3.308326e-15,-4.997121e-01,8.036117e-02,2.506868e-15,-5.000000e-01,-2.840518e-15,-7.071068e-01,-4.997121e-01,-1.659576e-14,-8.036117e-02,-5.000000e-01,-7.071068e-01,1.860934e-15,-4.997121e-01,-8.036117e-02,-5.872846e-16
57.6,310.0,-5.000000e-01,-1.044870e-14,7.071068e-01,-4.997122e-01,3.932705e-14,8.040590e-02,-5.000000e-01,7.071068e-01,1.055676e-14,-4.997122e-01,8.040590e-02,2.442422e-14,-5.000000e-01,1.080684e-14,-7.071068e-01,-4.997122e-01,-3.822127e-14,-8.040590e-02,-5.000000e-01,-7.071068e-01,-1.097903e-14,-4.997122e-01,-8.040590e-02,-2.726125e-14
57.6,335.0,-5.000000e-01,2.789356e-15,7.071068e-01,-4.997124e-01,4.412263e-14,8.045075e-02,-5.000000e-01,7.071068e-01,9.521575e-16,-4.997124e-01,8.045075e-02,1.586250e-15,-5.000000e-01,-5.984306e-15,-7.071068e-01,-4.997124e-01,-3.878763e-14,-8.045075e-02,-5.000000e-01,-7.071068e-01,1.662241e-14,-4.997124e-01,-8.045075e-02,5.440837e-14
57.6,360.0,-5.000000e-01,-5.652152e-15,7.071068e-01,-4.997125e-01,-5.234051e-15,8.049575e-02,-5.000000e-01,7.071068e-01,-7.321094e-17,-4.997125e-01,8.049575e-02,2.066710e-15,-5.000000e-01,6.432707e-15,-7.071068e-01,-4.997125e-01,2.304240e-14,-8.049575e-02,-5.000000e-01,-7.071068e-01,-7.125865e-15,-4.997125e-01,-8.049575e-02,-3.765812e-14
57.6,385.0,-5.000000e-01,1.637490e-14,7.071068e-01,-4.997126e-01,-1.282799e-15,8.054087e-02,-5.000000e-01,7.071068e-01,-4.886107e-15,-4.997126e-01,8.054087e-02,-2.837909e-14,-5.000000e-01,-8.308117e-15,-7.071068e-01,-4.997126e-01,-6.280964e-15,-8.054087e-02,-5.000000e-01,-7.071068e-01,6.692192e-15,-4.997126e-01,-8.054087e-02,4.381955e-14
57.6,410.0,-5.000000e-01,-1.089496e-14,7.071068e-01,-4.997128e-01,-7.149408e-15,8.058613e-02,-5.000000e-01,7.071068e-01,1.647265e-14,-4.997128e-01,8.058613e-02,7.182685e-14,-5.000000e-01,9.631132e-15,-7.071068e-01,-4.997128e-01,3.321687e-15,-8.058613e-02,-5.000000e-01,-7.071068e-01,-1.949425e-16,-4.997128e-01,-8.058613e-02,-1.803368e-14
57.6,435.0,-5.000000e-01,-4.772138e-15,7.071068e-01,-4.997129e-01,-1.066160e-14,8.063153e-02,-5.000000e-01,7.071068e-01,-1.270691e-14,-4.997129e-01,8.063153e-02,-2.345669e-14,-5.000000e-01,6.828749e-16,-7.071068e-01,-4.997129e-01,-3.053638e-15,-8.063153e-02,-5.000000e-01,-7.071068e-01,-1.471241e-14,-4.997129e-01,-8.063153e-02,-8.437286e-15
57.6,460.0,-5.000000e-01,-4.654737e-16,7.071068e-01,-4.997131e-01,3.108875e-14,8.067706e-02,-5.000000e-01,7.071068e-01,5.104781e-15,-4.997131e-01,8.067706e-02,-2.630980e-14,-5.000000e-01,-6.482739e-15,-7.071068e-01,-4.997131e-01,-2.210722e-14,-8.067706e-02,-5.000000e-01,-7.071068e-01,1.340706e-14,-4.997131e-01,-8.067706e-02,-6.846881e-14
57.6,485.0,-5.000000e-01,2.456732e-15,7.071068e-01,-4.997132e-01,-6.365664e-14,8.072273e-02,-5.000000e-01,7.071068e-01,-3.091952e-15,-4.997132e-01,8.072273e-02,9.107181e-17,-5.000000e-01,-3.521619e-15,-7.071068e-01,-4.997132e-01,7.572106e-14,-8.072273e-02,-5.000000e-01,-7.071068e-01,1.489185e-14,-4.997132e-01,-8.072273e-02,-2.471992e-15
57.6,510.0,-5.000000e-01,-5.995507e-14,7.071068e-01,-4.997133e-01,7.873961e-14,8.076853e-02,-5.000000e-01,7.071068e-01,8.792386e-15,-4.997133e-01,8.076853e-02,5.570737e-14,-5.000000e-01,6.476545e-14,-7.071068e-01,-4.997133e-01,-7.976922e-14,-8.076853e-02,-5.000000e-01,-7.071068e-01,-2.244372e-14,-4.997133e-01,-8.076853e-02,-3.046203e-15
57.6,535.0,-5.000000e-01,-3.167258e-14,7.071068e-01,-4.997135e-01,1.401791e-14,8.081448e-02,-5.000000e-01,7.071068e-01,-5.028567e-15,-4.997135e-01,8.081448e-02,9.572815e-15,-5.000000e-01,3.128525e-14,-7.071068e-01,-4.997135e-01,-8.921333e-15,-8.081448e-02,-5.000000e-01,-7.071068e-01,9.186805e-16,-4.997135e-01,-8.081448e-02,-6.890579e-15
57.6,560.0,-5.000000e-01,3.867097e-14,7.071068e-01,-4.997136e-01,6.626184e-14,8.086056e-02,-5.000000e-01,7.071068e-01,-3.584469e-14,-4.997136e-01,8.086056e-02,2.695582e-14,-5.000000e-01,-3.816023e-14,-7.071068e-01,-4.997136e-01,-7.339683e-15,-8.086056e-02,-5.000000e-01,-7.071068e-01,2.677616e-14,-4.997136e-01,-8.086056e-02,-2.361618e-14
57.6,585.0,-5.000000e-01,-4.276986e-15,7.071068e-01,-4.997138e-01,-7.394956e-15,8.090677e-02,-5.000000e-01,7.071068e-01,1.390283e-14,-4.997138e-01,8.090677e-02,-4.139944e-15,-5.000000e-01,1.499397e-14,-7.071068e-01,-4.997138e-01,3.911898e-15,-8.090677e-02,-5.000000e-01,-7.071068e-01,-4.670576e-15,-4.997138e-01,-8.090677e-02,2.581424e-15
57.6,610.0,-5.000000e-01,-2.566078e-14,7.071068e-01,-4.997139e-01,2.055333e-14,8.095313e-02,-5.000000e-01,7.071068e-01,-6.329659e-15,-4.997139e-01,8.095313e-02,3.196389e-14,-5.000000e-01,2.369095e-14,-7.071068e-01,-4.997139e-01,-2.135704e-14,-8.095313e-02,-5.000000e-01,-7.071068e-01,1.127688e-14,-4.997139e-01,-8.095313e-02,-3.046866e-14
57.6,635.0,-5.000000e-01,1.605918e-14,7.071068e-01,-4.997140e-01,5.351230e-15,8.099963e-02,-5.000000e-01,7.071068e-01,-1.738013e-14,-4.997140e-01,8.099963e-02,-5.375554e-15,-5.000000e-01,-2.162331e-14,-7.071068e-01,-4.997140e-01,-1.715748e-15,-8.099963e-02,-5.000000e-01,-7.071068e-01,1.085620e-14,-4.997140e-01,-8.099963e-02,1.325319e-15
57.6,660.0,-5.000000e-01,1.186004e-14,7.071068e-01,-4.997142e-01,-2.413667e-14,8.104626e-02,-5.000000e-01,7.071068e-01,-1.248972e-14,-4.997142e-01,8.104626e-02,5.563420e-15,-5.000000e-01,-1.790233e-14,-7.071068e-01,-4.997142e-01,-1.061009e-14,-8.104626e-02,-5.000000e-01,-7.071068e-01,2.816428e-14,-4.997142e-01,-8.104626e-02,-8.156674e-16
57.6,685.0,-5.000000e-01,3.980658e-14,7.071068e-01,-4.997143e-01,-5.901285e-14,8.109304e-02,-5.000000e-01,7.071068e-01,6.184553e-15,-4.997143e-01,8.109304e-02,-7.624919e-14,-5.000000e-01,-3.086418e-14,-7.071068e-01,-4.997143e-01,9.023975e-14,-8.109304e-02,-5.000000e-01,-7.071068e-01,-8.576814e-15,-4.997143e-01,-8.109304e-02,7.110614e-14
57.6,710.0,-5.000000e-01,-1.264611e-15,7.071068e-01,-4.997145e-01,-1.045242e-14,8.113995e-02,-5.000000e-01,7.071068e-01,8.026464e-15,-4.997145e-01,8.113995e-02,2.664523e-14,-5.000000e-01,4.561998e-15,-7.071068e-01,-4.997145e-01,4.893100e-15,-8.113995e-02,-5.000000e-01,-7.071068e-01,-8.024000e-15,-4.997145e-01,-8.113995e-02,-2.420376e-14
57.6,735.0,-5.000000e-01,1.098974e-15,7.071068e-01,-4.997146e-01,4.558242e-15,8.118701e-02,-5.000000e-01,7.071068e-01,-6.230108e-15,-4.997146e-01,8.118701e-02,-3.252047e-14,-5.000000e-01,1.192939e-15,-7.071068e-01,-4.997146e-01,-2.666461e-15,-8.118701e-02,-5.000000e-01,-7.071068e-01,-2.632746e-15,-4.997146e-01,-8.118701e-02,3.921437e-14
57.6,760.0,-5.000000e-01,5.333088e-15,7.071068e-01,-4.997148e-01,-6.345113e-15,8.123421e-02,-5.000000e-01,7.071068e-01,2.352473e-14,-4.997148e-01,8.123421e-02,-2.793331e-14,-5.000000e-01,-2.544969e-15,-7.071068e-01,-4.997148e-01,2.906006e-15,-8.123421e-02,-5.000000e-01,-7.071068e-01,-2.356397e-14,-4.997148e-01,-8.123421e-02,3.275170e-14
57.6,785.0,-5.000000e-01,5.881082e-16,7.071068e-01,-4.997149e-01,-3.843722e-15,8.128155e-02,-5.000000e-01,7.071068e-01,2.724443e-15,-4.997149e-01,8.128155e-02,3.293135e-15,-5.000000e-01,4.267869e-15,-7.071068e-01,-4.997149e-01,-7.471456e-15,-8.128155e-02,-5.000000e-01,-7.071068e-01,-7.548074e-15,-4.997149e-01,-8.128155e-02,-1.311311e-14
57.6,810.0,-5.000000e-01,6.128639e-15,7.071068e-01,-4.997151e-01,2.182559e-14,8.132904e-02,-5.000000e-01,7.071068e-01,2.705420e-15,-4.997151e-01,8.132904e-02,4.296164e-14,-5.000000e-01,-2.514939e-15,-7.071068e-01,-4.997151e-01,-4.463517e-14,-8.132904e-02,-5.000000e-01,-7.071068e-01,1.001090e-14,-4.997151e-01,-8.132904e-02,1.618862e-14
57.6,835.0,-5.000000e-01,-2.580645e-15,7.071068e-01,-4.997152e-01,1.219996e-15,8.137666e-02,-5.000000e-01,7.071068e-01,4.709977e-16,-4.997152e-01,8.137666e-02,-1.123412e-14,-5.000000e-01,-3.526677e-15,-7.071068e-01,-4.997152e-01,1.203619e-14,-8.137666e-02,-5.000000e-01,-7.071068e-01,5.293364e-15,-4.997152e-01,-8.137666e-02,2.955379e-14
57.6,860.0,-5.000000e-01,1.442203e-14,7.071068e-01,-4.997154e-01,1.186506e-14,8.142443e-02,-5.000000e-01,7.071068e-01,-1.524451e-14,-4.997154e-01,8.142443e-02,-6.833657e-14,-5.000000e-01,-6.341568e-15,-7.071068e-01,-4.997154e-01,4.576615e-14,-8.142443e-02,-5.000000e-01,-7.071068e-01,-5.093378e-15,-4.997154e-01,-8.142443e-02,6.307512e-15
57.6,885.0,-5.000000e-01,-2.142906e-14,7.071068e-01,-4.997155e-01,-4.631872e-15,8.147235e-02,-5.000000e-01,7.071068e-01,8.381012e-15,-4.997155e-01,8.147235e-02,6.925580e-14,-5.000000e-01,1.286479e-14,-7.071068e-01,-4.997155e-01,1.774078e-14,-8.147235e-02,-5.000000e-01,-7.071068e-01,-1.751282e-14,-4.997155e-01,-8.147235e-02,-7.692241e-14
60.1,10.0,-5.000000e-01,2.538806e-15,7.071068e-01,-4.997200e-01,7.785398e-16,8.169460e-02,-5.000000e-01,7.071068e-01,-8.141531e-16,-4.997200e-01,8.169460e-02,-1.943272e-14,-5.000000e-01,-1.010625e-15,-7.071068e-01,-4.997200e-01,-3.143458e-16,-8.169460e-02,-5.000000e-01,-7.071068e-01,9.080938e-16,-4.997200e-01,-8.169460e-02,1.878942e-14
60.1,35.0,-5.000000e-01,9.054690e-15,7.071068e-01,-4.997201e-01,1.874317e-14,8.173598e-02,-5.000000e-01,7.071068e-01,-9.880130e-15,-4.997201e-01,8.173598e-02,1.600430e-15,-5.000000e-01,-8.290333e-15,-7.071068e-01,-4.997201e-01,-1.810227e-14,-8.173598e-02,-5.000000e-01,-7.071068e-01,9.954341e-15,-4.997201e-01,-8.173598e-02,-9.967502e-16
60.1,60.0,-5.000000e-01,-3.800421e-15,7.071068e-01,-4.997202e-01,4.019377e-15,8.177747e-02,-5.000000e-01,7.071068e-01,1.922154e-15,-4.997202e-01,8.177747e-02,2.469879e-14,-5.000000e-01,2.960269e-15,-7.071068e-01,-4.997202e-01,-3.552939e-15,-8.177747e-02,-5.000000e-01,-7.071068e-01,-2.285805e-15,-4.997202e-01,-8.177747e-02,-2.361409e-14
60.1,85.0,-5.000000e-01,4.609271e-15,7.071068e-01,-4.997203e-01,1.329957e-14,8.181909e-02,-5.000000e-01,7.071068e-01,-2.951884e-15,-4.997203e-01,8.181909e-02,-2.648503e-14,-5.000000e-01,-2.476799e-15,-7.071068e-01,-4.997203e-01,-1.336973e-14,-8.181909e-02,-5.000000e-01,-7.071068e-01,2.826272e-15,-4.997203e-01,-8.181909e-02,2.524481e-14
60.1,110.0,-5.000000e-01,-7.035671e-15,7.071068e-01,-4.997205e-01,2.878192e-14,8.186083e-02,-5.000000e-01,7.071068e-01,4.206899e-15,-4.997205e-01,8.186083e-02,1.917803e-14,-5.000000e-01,8.073720e-15,-7.071068e-01,-4.997205e-01,-3.119153e-14,-8.186083e-02,-5.000000e-01,-7.071068e-01,-6.981636e-15,-4.997205e-01,-8.186083e-02,-2.032028e-14
60.1,135.0,-5.000000e-01,1.227895e-14,7.071068e-01,-4.997206e-01,1.951269e-14,8.190269e-02,-5.000000e-01,7.071068e-01,-6.124877e-15,-4.997206e-01,8.190269e-02,-3.734370e-14,-5.000000e-01,-1.363747e-14,-7.071068e-01,-4.997206e-01,-1.980022e-14,-8.190269e-02,-5.000000e-01,-7.071068e-01,4.799439e-15,-4.997206e-01,-8.190269e-02,3.951220e-14
60.1,160.0,-5.000000e-01,7.954144e-16,7.071068e-01,-4.997207e-01,2.227317e-15,8.194468e-02,-5.000000e-01,7.071068e-01,-1.242052e-15,-4.997207e-01,8.194468e-02,-2.502438e-15,-5.000000e-01,9.942680e-17,-7.071068e-01,-4.997207e-01,-2.299287e-15,-8.194468e-02,-5.000000e-01,-7.071068e-01,1.165592e-15,-4.997207e-01,-8.194468e-02,3.953682e-15
60.1,185.0,-5.000000e-01,-8.060115e-15,7.071068e-01,-4.997208e-01,-5.740989e-15,8.198680e-02,-5.000000e-01,7.071068e-01,8.218499e-15,-4.997208e-01,8.198680e-02,2.509179e-14,-5.000000e-01,9.275530e-15,-7.071068e-01,-4.997208e-01,5.131947e-15,-8.198680e-02,-5.000000e-01,-7.071068e-01,-8.276597e-15,-4.997208e-01,-8.198680e-02,-2.568785e-14
60.1,210.0,-5.000000e-01,-7.352110e-15,7.071068e-01,-4.997209e-01,-1.019450e-14,8.202904e-02,-5.000000e-01,7.071068e-01,7.894144e-15,-4.997209e-01,8.202904e-02,3.093904e-14,-5.000000e-01,9.098968e-15,-7.071068e-01,-4.997209e-01,1.042675e-14,-8.202904e-02,-5.000000e-01,-7.071068e-01,-7.054341e-15,-4.997209e-01,-8.202904e-02,-3.131337e-14
60.1,235.0,-5.000000e-01,-8.193799e-15,7.071068e-01,-4.997211e-01,-2.865725e-14,8.207140e-02,-5.000000e-01,7.071068e-01,9.660810e-15,-4.997211e-01,8.207140e-02,-4.964599e-15,-5.000000e-01,9.190342e-15,-7.071068e-01,-4.997211e-01,2.886213e-14,-8.207140e-02,-5.000000e-01,-7.071068e-01,-9.750851e-15,-4.997211e-01,-8.207140e-02,4.236036e-15
60.1,260.0,-5.000000e-01,-3.141186e-15,7.071068e-01,-4.997212e-01,8.168869e-15,8.211390e-02,-5.000000e-01,7.071068e-01,3.231831e-15,-4.997212e-01,8.211390e-02,-7.798854e-15,-5.000000e-01,3.787901e-15,-7.071068e-01,-4.997212e-01,-8.266978e-15,-8.211390e-02,-5.000000e-01,-7.071068e-01,-3.684920e-15,-4.997212e-01,-8.211390e-02,6.987621e-15
60.1,285.0,-5.000000e-01,7.375073e-15,7.071068e-01,-4.997213e-01,7.857824e-15,8.215651e-02,-5.000000e-01,7.071068e-01,-8.266333e-15,-4.997213e-01,8.215651e-02,-4.299217e-15,-5.000000e-01,-7.158159e-15,-7.071068e-01,-4.997213e-01,-6.704681e-15,-8.215651e-02,-5.000000e-01,-7.071068e-01,7.467836e-15,-4.997213e-01,-8.215651e-02,3.144654e-15
60.1,310.0,-5.000000e-01,-1.185748e-14,7.071068e-01,-4.997214e-01,-5.454497e-14,8.219926e-02,-5.000000e-01,7.071068e-01,1.235144e-14,-4.997214e-01,8.219926e-02,-1.781123e-15,-5.000000e-01,1.127520e-14,-7.071068e-01,-4.997214e-01,5.480882e-14,-8.219926e-02,-5.000000e-01,-7.071068e-01,-1.260659e-14,-4.997214e-01,-8.219926e-02,1.674316e-15
60.1,335.0,-5.000000e-01,-9.986210e-15,7.071068e-01,-4.997216e-01,3.100494e-15,8.224213e-02,-5.000000e-01,7.071068e-01,-4.862370e-15,-4.997216e-01,8.224213e-02,1.788661e-14,-5.000000e-01,1.164222e-14,-7.071068e-01,-4.997216e-01,-3.095651e-15,-8.224213e-02,-5.000000e-01,-7.071068e-01,6.201791e-15,-4.997216e-01,-8.224213e-02,-1.788304e-14
60.1,360.0,-5.000000e-01,7.681385e-15,7.071068e-01,-4.997217e-01,3.091170e-14,8.228513e-02,-5.000000e-01,7.071068e-01,-8.461711e-15,-4.997217e-01,8.228513e-02,-6.741535e-15,-5.000000e-01,-7.398857e-15,-7.071068e-01,-4.997217e-01,-3.137692e-14,-8.228513e-02,-5.000000e-01,-7.071068e-01,5.641140e-15,-4.997217e-01,-8.228513e-02,8.132834e-15
60.1,385.0,-5.000000e-01,1.234423e-14,7.071068e-01,-4.997218e-01,5.419016e-14,8.232826e-02,-5.000000e-01,7.071068e-01,-1.578123e-14,-4.997218e-01,8.232826e-02,-3.247269e-14,-5.000000e-01,-1.455371e-14,-7.071068e-01,-4.997218e-01,-5.519397e-14,-8.232826e-02,-5.000000e-01,-7.071068e-01,1.624891e-14,-4.997218e-01,-8.232826e-02,3.319145e-14
60.1,410.0,-5.000000e-01,-1.244347e-14,7.071068e-01,-4.997220e-01,2.303062e-14,8.237152e-02,-5.000000e-01,7.071068e-01,9.334998e-15,-4.997220e-01,8.237152e-02,5.141132e-14,-5.000000e-01,1.149202e-14,-7.071068e-01,-4.997220e-01,-2.189355e-14,-8.237152e-02,-5.000000e-01,-7.071068e-01,-1.073795e-14,-4.997220e-01,-8.237152e-02,-5.669545e-14
60.1,435.0,-5.000000e-01,2.352880e-14,7.071068e-01,-4.997221e-01,1.119433e-14,8.241491e-02,-5.000000e-01,7.071068e-01,-2.191222e-14,-4.997221e-01,8.241491e-02,-6.264163e-14,-5.000000e-01,-2.301467e-14,-7.071068e-01,-4.997221e-01,-1.166360e-14,-8.241491e-02,-5.000000e-01,-7.071068e-01,2.236086e-14,-4.997221e-01,-8.241491e-02,6.053356e-14
60.1,460.0,-5.000000e-01,-2.277260e-14,7.071068e-01,-4.997222e-01,-4.574338e-14,8.245843e-02,-5.000000e-01,7.071068e-01,1.740078e-14,-4.997222e-01,8.245843e-02,1.051651e-14,-5.000000e-01,2.267672e-14,-7.071068e-01,-4.997222e-01,4.463218e-14,-8.245843e-02,-5.000000e-01,-7.071068e-01,-1.774705e-14,-4.997222e-01,-8.245843e-02,-8.883848e-15
60.1,485.0,-5.000000e-01,1.245318e-15,7.071068e-01,-4.997223e-01,1.067387e-14,8.250208e-02,-5.000000e-01,7.071068e-01,-3.280362e-16,-4.997223e-01,8.250208e-02,-3.055674e-14,-5.000000e-01,-1.214945e-15,-7.071068e-01,-4.997223e-01,-1.117795e-14,-8.250208e-02,-5.000000e-01,-7.071068e-01,-2.401229e-16,-4.997223e-01,-8.250208e-02,3.087826e-14
60.1,510.0,-5.000000e-01,-6.483033e-15,7.071068e-01,-4.997225e-01,-8.530078e-16,8.254585e-02,-5.000000e-01,7.071068e-01,2.738397e-15,-4.997225e-01,8.254585e-02,-1.313537e-14,-5.000000e-01,5.937731e-15,-7.071068e-01,-4.997225e-01,-9.949519e-17,-8.254585e-02,-5.000000e-01,-7.071068e-01,-2.673502e-15,-4.997225e-01,-8.254585e-02,1.212212e-14
60.1,535.0,-5.000000e-01,-7.622328e-15,7.071068e-01,-4.997226e-01,1.774756e-15,8.258976e-02,-5.000000e-01,7.071068e-01,7.662470e-15,-4.997226e-01,8.258976e-02,1.234063e-14,-5.000000e-01,9.508723e-15,-7.071068e-01,-4.997226e-01,-1.277291e-15,-8.258976e-02,-5.000000e-01,-7.071068e-01,-7.837414e-15,-4.997226e-01,-8.258976e-02,-1.046563e-14
60.1,560.0,-5.000000e-01,-1.650591e-14,7.071068e-01,-4.997227e-01,-5.183600e-14,8.263381e-02,-5.000000e-01,7.071068e-01,6.964409e-15,-4.997227e-01,8.263381e-02,-3.358914e-14,-5.000000e-01,1.627506e-14,-7.071068e-01,-4.997227e-01,5.273867e-14,-8.263381e-02,-5.000000e-01,-7.071068e-01,-6.631973e-15,-4.997227e-01,-8.263381e-02,3.355957e-14
60.1,585.0,-5.000000e-01,9.645376e-15,7.071068e-01,-4.997229e-01,3.421188e-14,8.267798e-02,-5.000000e-01,7.071068e-01,-9.029566e-15,-4.997229e-01,8.267798e-02,-1.787305e-14,-5.000000e-01,-1.091034e-14,-7.071068e-01,-4.997229e-01,-3.478143e-14,-8.267798e-02,-5.000000e-01,-7.071068e-01,9.227233e-15,-4.997229e-01,-8.267798e-02,1.697001e-14
60.1,610.0,-5.000000e-01,-5.874631e-15,7.071068e-01,-4.997230e-01,1.151648e-14,8.272229e-02,-5.000000e-01,7.071068e-01,2.293157e-14,-4.997230e-01,8.272229e-02,-4.163107e-17,-5.000000e-01,9.574907e-15,-7.071068e-01,-4.997230e-01,-6.311666e-15,-8.272229e-02,-5.000000e-01,-7.071068e-01,-8.678964e-15,-4.997230e-01,-8.272229e-02,1.869651e-14
60.1,635.0,-5.000000e-01,-7.106728e-15,7.071068e-01,-4.997231e-01,2.646251e-15,8.276672e-02,-5.000000e-01,7.071068e-01,-2.930749e-15,-4.997231e-01,8.276672e-02,-3.244241e-16,-5.000000e-01,1.773932e-15,-7.071068e-01,-4.997231e-01,2.396987e-14,-8.276672e-02,-5.000000e-01,-7.071068e-01,-2.339281e-15,-4.997231e-01,-8.276672e-02,-1.845898e-14
60.1,660.0,-5.000000e-01,-1.388187e-15,7.071068e-01,-4.997232e-01,9.564247e-15,8.281130e-02,-5.000000e-01,7.071068e-01,-9.891680e-15,-4.997232e-01,8.281130e-02,8.465054e-16,-5.000000e-01,-2.845399e-15,-7.071068e-01,-4.997232e-01,-5.521878e-15,-8.281130e-02,-5.000000e-01,-7.071068e-01,1.127716e-16,-4.997232e-01,-8.281130e-02,-2.252193e-15
60.1,685.0,-5.000000e-01,-1.183705e-14,7.071068e-01,-4.997234e-01,-4.432072e-14,8.285600e-02,-5.000000e-01,7.071068e-01,-7.088765e-16,-4.997234e-01,8.285600e-02,-1.478194e-14,-5.000000e-01,-6.057170e-15,-7.071068e-01,-4.997234e-01,-1.552813e-14,-8.285600e-02,-5.000000e-01,-7.071068e-01,-5.171576e-15,-4.997234e-01,-8.285600e-02,1.717488e-14
60.1,710.0,-5.000000e-01,5.075100e-15,7.071068e-01,-4.997235e-01,2.383600e-14,8.290085e-02,-5.000000e-01,7.071068e-01,-8.771161e-15,-4.997235e-01,8.290085e-02,2.672866e-14,-5.000000e-01,2.463746e-17,-7.071068e-01,-4.997235e-01,-1.204977e-14,-8.290085e-02,-5.000000e-01,-7.071068e-01,1.688782e-15,-4.997235e-01,-8.290085e-02,-2.225103e-14
60.1,735.0,-5.000000e-01,4.798319e-15,7.071068e-01,-4.997236e-01,-3.272412e-15,8.294582e-02,-5.000000e-01,7.071068e-01,-4.194089e-15,-4.997236e-01,8.294582e-02,-3.001382e-14,-5.000000e-01,8.492197e-15,-7.071068e-01,-4.997236e-01,3.918979e-14,-8.294582e-02,-5.000000e-01,-7.071068e-01,-3.050978e-15,-4.997236e-01,-8.294582e-02,4.258196e-14
60.1,760.0,-5.000000e-01,-1.624908e-14,7.071068e-01,-4.997238e-01,2.886073e-16,8.299093e-02,-5.000000e-01,7.071068e-01,8.308046e-15,-4.997238e-01,8.299093e-02,3.614323e-14,-5.000000e-01,2.685622e-14,-7.071068e-01,-4.997238e-01,5.259378e-15,-8.299093e-02,-5.000000e-01,-7.071068e-01,-2.087193e-14,-4.997238e-01,-8.299093e-02,-1.320746e-14
60.1,785.0,-5.000000e-01,-2.092205e-15,7.071068e-01,-4.997239e-01,-2.277746e-15,8.303618e-02,-5.000000e-01,7.071068e-01,9.618947e-16,-4.997239e-01,8.303618e-02,-5.224057e-15,-5.000000e-01,-8.078012e-17,-7.071068e-01,-4.997239e-01,2.152473e-14,-8.303618e-02,-5.000000e-01,-7.071068e-01,2.332129e-16,-4.997239e-01,-8.303618e-02,-1.146916e-16
60.1,810.0,-5.000000e-01,-5.199606e-14,7.071068e-01,-4.997240e-01,-1.008324e-14,8.308157e-02,-5.000000e-01,7.071068e-01,6.577215e-17,-4.997240e-01,8.308157e-02,1.018419e-14,-5.000000e-01,1.855300e-14,-7.071068e-01,-4.997240e-01,-4.972615e-14,-8.308157e-02,-5.000000e-01,-7.071068e-01,-1.182197e-15,-4.997240e-01,-8.308157e-02,-4.787259e-14
60.1,835.0,-5.000000e-01,-6.112471e-15,7.071068e-01,-4.997242e-01,3.744968e-14,8.312709e-02,-5.000000e-01,7.071068e-01,7.434503e-16,-4.997242e-01,8.312709e-02,4.503855e-14,-5.000000e-01,2.111691e-14,-7.071068e-01,-4.997242e-01,-1.211053e-14,-8.312709e-02,-5.000000e-01,-7.071068e-01,-4.548824e-15,-4.997242e-01,-8.312709e-02,-9.864946e-15
60.1,860.0,-5.000000e-01,-1.065124e-14,7.071068e-01,-4.997243e-01,2.480527e-14,8.317275e-02,-5.000000e-01,7.071068e-01,-2.183403e-15,-4.997243e-01,8.317275e-02,2.955737e-15,-5.000000e-01,-3.088779e-15,-7.071068e-01,-4.997243e-01,-2.991014e-14,-8.317275e-02,-5.000000e-01,-7.071068e-01,8.873558e-15,-4.997243e-01,-8.317275e-02,1.636311e-14
60.1,885.0,-5.000000e-01,1.426450e-15,7.071068e-01,-4.997244e-01,-1.788687e-14,8.321854e-02,-5.000000e-01,7.071068e-01,1.230563e-14,-4.997244e-01,8.321854e-02,-2.570251e-15,-5.000000e-01,6.459095e-15,-7.071068e-01,-4.997244e-01,4.839888e-14,-8.321854e-02,-5.000000e-01,-7.071068e-01,-3.562121e-14,-4.997244e-01,-8.321854e-02,-7.028224e-14
62.6,10.0,-5.000000e-01,1.385177e-14,7.071068e-01,-4.997287e-01,-7.393973e-15,8.356364e-02,-5.000000e-01,7.071068e-01,-1.247614e-14,-4.997287e-01,8.356364e-02,-7.347669e-15,-5.000000e-01,-1.304923e-14,-7.071068e-01,-4.997287e-01,7.294671e-15,-8.356364e-02,-5.000000e-01,-7.071068e-01,2.209717e-14,-4.997287e-01,-8.356364e-02,8.022714e-15
62.6,35.0,-5.000000e-01,7.223174e-15,7.071068e-01,-4.997288e-01,1.374602e-14,8.360324e-02,-5.000000e-01,7.071068e-01,-5.496926e-15,-4.997288e-01,8.360324e-02,-4.384470e-15,-5.000000e-01,-5.742230e-15,-7.071068e-01,-4.997288e-01,-1.443162e-14,-8.360324e-02,-5.000000e-01,-7.071068e-01,4.505480e-15,-4.997288e-01,-8.360324e-02,5.461594e-15
62.6,60.0,-5.000000e-01,3.182834e-15,7.071068e-01,-4.997290e-01,3.672234e-14,8.364296e-02,-5.000000e-01,7.071068e-01,-6.172270e-15,-4.997290e-01,8.364296e-02,3.166770e-15,-5.000000e-01,-2.443686e-15,-7.071068e-01,-4.997290e-01,-3.911773e-14,-8.364296e-02,-5.000000e-01,-7.071068e-01,1.331743e-15,-4.997290e-01,-8.364296e-02,-3.755316e-15
62.6,85.0,-5.000000e-01,-3.606942e-15,7.071068e-01,-4.997291e-01,-2.648558e-14,8.368280e-02,-5.000000e-01,7.071068e-01,7.694859e-15,-4.997291e-01,8.368280e-02,-3.374876e-14,-5.000000e-01,5.185540e-15,-7.071068e-01,-4.997291e-01,2.508026e-14,-8.368280e-02,-5.000000e-01,-7.071068e-01,-6.027106e-15,-4.997291e-01,-8.368280e-02,3.240010e-14
62.6,110.0,-5.000000e-01,-2.156043e-16,7.071068e-01,-4.997292e-01,1.059957e-14,8.372275e-02,-5.000000e-01,7.071068e-01,4.501824e-15,-4.997292e-01,8.372275e-02,-3.111798e-15,-5.000000e-01,1.207077e-15,-7.071068e-01,-4.997292e-01,-1.076271e-14,-8.372275e-02,-5.000000e-01,-7.071068e-01,1.867757e-15,-4.997292e-01,-8.372275e-02,4.434928e-15
62.6,135.0,-5.000000e-01,-4.333200e-15,7.071068e-01,-4.997293e-01,1.356009e-15,8.376283e-02,-5.000000e-01,7.071068e-01,9.022620e-15,-4.997293e-01,8.376283e-02,-3.960314e-15,-5.000000e-01,2.793862e-15,-7.071068e-01,-4.997293e-01,-1.363981e-14,-8.376283e-02,-5.000000e-01,-7.071068e-01,-2.915554e-15,-4.997293e-01,-8.376283e-02,2.532856e-15
62.6,160.0,-5.000000e-01,1.987333e-15,7.071068e-01,-4.997294e-01,-3.469517e-14,8.380302e-02,-5.000000e-01,7.071068e-01,2.581370e-15,-4.997294e-01,8.380302e-02,-6.006128e-14,-5.000000e-01,-5.845098e-16,-7.071068e-01,-4.997294e-01,3.358032e-14,-8.380302e-02,-5.000000e-01,-7.071068e-01,-2.000073e-15,-4.997294e-01,-8.380302e-02,5.793860e-14
62.6,185.0,-5.000000e-01,3.904194e-15,7.071068e-01,-4.997295e-01,-2.724555e-14,8.384333e-02,-5.000000e-01,7.071068e-01,-4.299194e-15,-4.997295e-01,8.384333e-02,-3.313573e-14,-5.000000e-01,-3.515616e-15,-7.071068e-01,-4.997295e-01,2.748568e-14,-8.384333e-02,-5.000000e-01,-7.071068e-01,5.387597e-15,-4.997295e-01,-8.384333e-02,3.337118e-14
62.6,210.0,-5.000000e-01,-8.056989e-15,7.071068e-01,-4.997296e-01,-1.120253e-14,8.388377e-02,-5.000000e-01,7.071068e-01,1.299780e-14,-4.997296e-01,8.388377e-02,4.047554e-14,-5.000000e-01,2.608837e-15,-7.071068e-01,-4.997296e-01,2.604218e-14,-8.388377e-02,-5.000000e-01,-7.071068e-01,2.614559e-14,-4.997296e-01,-8.388377e-02,3.435215e-14
62.6,235.0,-5.000000e-01,4.051638e-14,7.071068e-01,-4.997297e-01,-2.160959e-14,8.392432e-02,-5.000000e-01,7.071068e-01,4.744574e-15,-4.997297e-01,8.392432e-02,-6.273226e-14,-5.000000e-01,-1.299100e-14,-7.071068e-01,-4.997297e-01,6.137368e-14,-8.392432e-02,-5.000000e-01,-7.071068e-01,-2.715644e-15,-4.997297e-01,-8.392432e-02,4.251985e-14
62.6,260.0,-5.000000e-01,5.137786e-15,7.071068e-01,-4.997299e-01,4.206918e-15,8.396499e-02,-5.000000e-01,7.071068e-01,-2.313746e-15,-4.997299e-01,8.396499e-02,-3.016356e-15,-5.000000e-01,-3.934672e-15,-7.071068e-01,-4.997299e-01,-9.047529e-15,-8.396499e-02,-5.000000e-01,-7.071068e-01,4.596012e-15,-4.997299e-01,-8.396499e-02,-5.374981e-16
62.6,285.0,-5.000000e-01,3.363091e-14,7.071068e-01,-4.997300e-01,1.520253e-14,8.400579e-02,-5.000000e-01,7.071068e-01,-1.846536e-14,-4.997300e-01,8.400579e-02,-2.488084e-14,-5.000000e-01,-2.645449e-14,-7.071068e-01,-4.997300e-01,-3.880718e-14,-8.400579e-02,-5.000000e-01,-7.071068e-01,2.273859e-14,-4.997300e-01,-8.400579e-02,3.159420e-14
62.6,310.0,-5.000000e-01,2.489855e-14,7.071068e-01,-4.997301e-01,2.577976e-14,8.404671e-02,-5.000000e-01,7.071068e-01,-1.582244e-14,-4.997301e-01,8.404671e-02,-1.033297e-14,-5.000000e-01,-2.701093e-14,-7.071068e-01,-4.997301e-01,-6.601428e-14,-8.404671e-02,-5.000000e-01,-7.071068e-01,2.320417e-14,-4.997301e-01,-8.404671e-02,-1.054874e-14
62.6,335.0,-5.000000e-01,1.610052e-15,7.071068e-01,-4.997302e-01,6.613573e-15,8.408775e-02,-5.000000e-01,7.071068e-01,-3.351355e-15,-4.997302e-01,8.408775e-02,1.236986e-14,-5.000000e-01,-5.197583e-15,-7.071068e-01,-4.997302e-01,-1.249849e-14,-8.408775e-02,-5.000000e-01,-7.071068e-01,1.741985e-14,-4.997302e-01,-8.408775e-02,4.725570e-14
62.6,360.0,-5.000000e-01,2.719778e-14,7.071068e-01,-4.997303e-01,-3.120600e-16,8.412891e-02,-5.000000e-01,7.071068e-01,2.273815e-14,-4.997303e-01,8.412891e-02,2.852261e-14,-5.000000e-01,-1.284771e-14,-7.071068e-01,-4.997303e-01,4.532095e-15,-8.412891e-02,-5.000000e-01,-7.071068e-01,-1.689593e-14,-4.997303e-01,-8.412891e-02,-7.737836e-15
62.6,385.0,-5.000000e-01,1.896539e-14,7.071068e-01,-4.997304e-01,3.126182e-15,8.417019e-02,-5.000000e-01,7.071068e-01,9.220854e-15,-4.997304e-01,8.417019e-02,1.392901e-14,-5.000000e-01,-1.138589e-14,-7.071068e-01,-4.997304e-01,-1.186096e-14,-8.417019e-02,-5.000000e-01,-7.071068e-01,3.365582e-15,-4.997304e-01,-8.417019e-02,1.386654e-14
62.6,410.0,-5.000000e-01,-7.487445e-15,7.071068e-01,-4.997306e-01,1.043737e-14,8.421160e-02,-5.000000e-01,7.071068e-01,-5.054770e-15,-4.997306e-01,8.421160e-02,-1.545128e-15,-5.000000e-01,1.760957e-15,-7.071068e-01,-4.997306e-01,-2.632534e-14,-8.421160e-02,-5.000000e-01,-7.071068e-01,-2.829073e-15,-4.997306e-01,-8.421160e-02,3.746737e-15
62.6,435.0,-5.000000e-01,-5.868079e-15,7.071068e-01,-4.997307e-01,2.129197e-15,8.425314e-02,-5.000000e-01,7.071068e-01,1.632080e-14,-4.997307e-01,8.425314e-02,8.842605e-16,-5.000000e-01,8.385958e-15,-7.071068e-01,-4.997307e-01,-2.425237e-15,-8.425314e-02,-5.000000e-01,-7.071068e-01,-5.878205e-15,-4.997307e-01,-8.425314e-02,-1.134987e-15
62.6,460.0,-5.000000e-01,-1.069300e-14,7.071068e-01,-4.997308e-01,-1.103355e-14,8.429479e-02,-5.000000e-01,7.071068e-01,2.432220e-14,-4.997308e-01,8.429479e-02,2.231514e-14,-5.000000e-01,1.106891e-14,-7.071068e-01,-4.997308e-01,2.528532e-14,-8.429479e-02,-5.000000e-01,-7.071068e-01,3.784162e-15,-4.997308e-01,-8.429479e-02,5.459981e-15
62.6,485.0,-5.000000e-01,-9.231772e-15,7.071068e-01,-4.997309e-01,5.490176e-15,8.433657e-02,-5.000000e-01,7.071068e-01,2.460305e-14,-4.997309e-01,8.433657e-02,-3.387666e-15,-5.000000e-01,1.050382e-14,-7.071068e-01,-4.997309e-01,-1.310255e-14,-8.433657e-02,-5.000000e-01,-7.071068e-01,-1.048331e-14,-4.997309e-01,-8.433657e-02,-6.015057e-15
62.6,510.0,-5.000000e-01,1.849916e-16,7.071068e-01,-4.997310e-01,9.019771e-16,8.437848e-02,-5.000000e-01,7.071068e-01,1.842449e-14,-4.997310e-01,8.437848e-02,-3.591977e-14,-5.000000e-01,9.659463e-15,-7.071068e-01,-4.997310e-01,1.080309e-15,-8.437848e-02,-5.000000e-01,-7.071068e-01,-3.559648e-14,-4.997310e-01,-8.437848e-02,5.537045e-15
62.6,535.0,-5.000000e-01,1.842738e-15,7.071068e-01,-4.997311e-01,-1.724270e-14,8.442051e-02,-5.000000e-01,7.071068e-01,1.504299e-14,-4.997311e-01,8.442051e-02,5.350182e-15,-5.000000e-01,1.598267e-15,-7.071068e-01,-4.997311e-01,2.188455e-14,-8.442051e-02,-5.000000e-01,-7.071068e-01,-1.348608e-14,-4.997311e-01,-8.442051e-02,5.854006e-15
62.6,560.0,-5.000000e-01,5.670523e-15,7.071068e-01,-4.997313e-01,-1.843399e-15,8.446267e-02,-5.000000e-01,7.071068e-01,9.277298e-15,-4.997313e-01,8.446267e-02,4.495781e-15,-5.000000e-01,-1.091573e-15,-7.071068e-01,-4.997313e-01,1.353182e-14,-8.446267e-02,-5.000000e-01,-7.071068e-01,-1.224715e-14,-4.997313e-01,-8.446267e-02,3.555941e-15
62.6,585.0,-5.000000e-01,-8.196819e-15,7.071068e-01,-4.997314e-01,3.575305e-16,8.450496e-02,-5.000000e-01,7.071068e-01,8.466342e-16,-4.997314e-01,8.450496e-02,2.392727e-15,-5.000000e-01,1.352961e-14,-7.071068e-01,-4.997314e-01,-7.676397e-16,-8.450496e-02,-5.000000e-01,-7.071068e-01,6.500941e-15,-4.997314e-01,-8.450496e-02,1.033594e-15
62.6,610.0,-5.000000e-01,-2.415869e-15,7.071068e-01,-4.997315e-01,-2.428665e-15,8.454737e-02,-5.000000e-01,7.071068e-01,2.231149e-15,-4.997315e-01,8.454737e-02,-2.181368e-14,-5.000000e-01,7.320626e-15,-7.071068e-01,-4.997315e-01,1.311921e-15,-8.454737e-02,-5.000000e-01,-7.071068e-01,-1.104419e-14,-4.997315e-01,-8.454737e-02,2.160321e-14
62.6,635.0,-5.000000e-01,1.893879e-14,7.071068e-01,-4.997316e-01,3.598653e-14,8.458991e-02,-5.000000e-01,7.071068e-01,-2.004200e-14,-4.997316e-01,8.458991e-02,5.603481e-15,-5.000000e-01,-8.402837e-15,-7.071068e-01,-4.997316e-01,-1.251232e-14,-8.458991e-02,-5.000000e-01,-7.071068e-01,1.136895e-14,-4.997316e-01,-8.458991e-02,8.360524e-15
62.6,660.0,-5.000000e-01,-3.212967e-14,7.071068e-01,-4.997317e-01,3.583411e-14,8.463258e-02,-5.000000e-01,7.071068e-01,7.639624e-14,-4.997317e-01,8.463258e-02,-2.289058e-14,-5.000000e-01,5.131829e-14,-7.071068e-01,-4.997317e-01,3.886352e-14,-8.463258e-02,-5.000000e-01,-7.071068e-01,-7.882215e-14,-4.997317e-01,-8.463258e-02,2.522608e-14
62.6,685.0,-5.000000e-01,-7.648443e-15,7.071068e-01,-4.997319e-01,-2.305875e-15,8.467537e-02,-5.000000e-01,7.071068e-01,-2.214279e-14,-4.997319e-01,8.467537e-02,5.652125e-15,-5.000000e-01,9.892604e-17,-7.071068e-01,-4.997319e-01,-1.152515e-15,-8.467537e-02,-5.000000e-01,-7.071068e-01,1.275323e-16,-4.997319e-01,-8.467537e-02,-9.236239e-15
62.6,710.0,-5.000000e-01,6.943016e-16,7.071068e-01,-4.997320e-01,-2.698308e-15,8.471830e-02,-5.000000e-01,7.071068e-01,-7.083891e-16,-4.997320e-01,8.471830e-02,-1.021341e-14,-5.000000e-01,7.050120e-15,-7.071068e-01,-4.997320e-01,8.324465e-15,-8.471830e-02,-5.000000e-01,-7.071068e-01,5.428330e-15,-4.997320e-01,-8.471830e-02,2.377885e-14
62.6,735.0,-5.000000e-01,3.580086e-15,7.071068e-01,-4.997321e-01,1.320515e-15,8.476135e-02,-5.000000e-01,7.071068e-01,-7.323891e-15,-4.997321e-01,8.476135e-02,-1.252664e-14,-5.000000e-01,4.808150e-15,-7.071068e-01,-4.997321e-01,6.964134e-15,-8.476135e-02,-5.000000e-01,-7.071068e-01,-5.274161e-16,-4.997321e-01,-8.476135e-02,1.152780e-14
62.6,760.0,-5.000000e-01,-2.004086e-14,7.071068e-01,-4.997322e-01,1.679510e-14,8.480453e-02,-5.000000e-01,7.071068e-01,6.049726e-14,-4.997322e-01,8.480453e-02,2.965648e-15,-5.000000e-01,1.110772e-15,-7.071068e-01,-4.997322e-01,-1.842842e-14,-8.480453e-02,-5.000000e-01,-7.071068e-01,-6.977183e-14,-4.997322e-01,-8.480453e-02,-4.418430e-15
62.6,785.0,-5.000000e-01,8.618350e-15,7.071068e-01,-4.997323e-01,9.730317e-15,8.484785e-02,-5.000000e-01,7.071068e-01,-1.803923e-14,-4.997323e-01,8.484785e-02,-5.205781e-15,-5.000000e-01,-9.910370e-15,-7.071068e-01,-4.997323e-01,-3.483213e-15,-8.484785e-02,-5.000000e-01,-7.071068e-01,6.561536e-15,-4.997323e-01,-8.484785e-02,2.644355e-16
62.6,810.0,-5.000000e-01,1.240085e-14,7.071068e-01,-4.997325e-01,-1.017023e-15,8.489129e-02,-5.000000e-01,7.071068e-01,-1.818781e-14,-4.997325e-01,8.489129e-02,-1.348229e-15,-5.000000e-01,-1.535530e-15,-7.071068e-01,-4.997325e-01,-1.129808e-15,-8.489129e-02,-5.000000e-01,-7.071068e-01,1.701974e-14,-4.997325e-01,-8.489129e-02,3.538512e-15
62.6,835.0,-5.000000e-01,1.639181e-15,7.071068e-01,-4.997326e-01,-6.038815e-17,8.493487e-02,-5.000000e-01,7.071068e-01,-2.122951e-14,-4.997326e-01,8.493487e-02,-2.464138e-14,-5.000000e-01,4.121989e-15,-7.071068e-01,-4.997326e-01,4.300956e-15,-8.493487e-02,-5.000000e-01,-7.071068e-01,2.378497e-14,-4.997326e-01,-8.493487e-02,-1.609175e-15
62.6,860.0,-5.000000e-01,-4.945719e-15,7.071068e-01,-4.997327e-01,1.799172e-14,8.497858e-02,-5.000000e-01,7.071068e-01,-4.764228e-15,-4.997327e-01,8.497858e-02,1.811796e-15,-5.000000e-01,3.171407e-15,-7.071068e-01,-4.997327e-01,3.240669e-15,-8.497858e-02,-5.000000e-01,-7.071068e-01,-2.607401e-15,-4.997327e-01,-8.497858e-02,-4.057785e-15
62.6,885.0,-5.000000e-01,2.045679e-14,7.071068e-01,-4.997328e-01,4.561652e-15,8.502242e-02,-5.000000e-01,7.071068e-01,-4.892007e-15,-4.997328e-01,8.502242e-02,-2.838598e-14,-5.000000e-01,-2.787588e-14,-7.071068e-01,-4.997328e-01,-1.418417e-14,-8.502242e-02,-5.000000e-01,-7.071068e-01,-2.922793e-15,-4.997328e-01,-8.502242e-02,-2.567743e-14
65.1,10.0,-5.000000e-01,-8.296294e-16,7.071068e-01,-4.997369e-01,-4.828126e-15,8.547755e-02,-5.000000e-01,7.071068e-01,-1.100818e-15,-4.997369e-01,8.547755e-02,1.658337e-14,-5.000000e-01,-2.421598e-15,-7.071068e-01,-4.997369e-01,3.804962e-15,-8.547755e-02,-5.000000e-01,-7.071068e-01,-2.375865e-16,-4.997369e-01,-8.547755e-02,-1.549687e-14
65.1,35.0,-5.000000e-01,1.081036e-15,7.071068e-01,-4.997370e-01,-7.772845e-15,8.551551e-02,-5.000000e-01,7.071068e-01,3.546604e-15,-4.997370e-01,8.551551e-02,-4.361005e-15,-5.000000e-01,9.629004e-15,-7.071068e-01,-4.997370e-01,8.548306e-15,-8.551551e-02,-5.000000e-01,-7.071068e-01,-4.092845e-15,-4.997370e-01,-8.551551e-02,4.775412e-15
65.1,60.0,-5.000000e-01,3.616292e-15,7.071068e-01,-4.997371e-01,2.481433e-14,8.555358e-02,-5.000000e-01,7.071068e-01,-1.296128e-15,-4.997371e-01,8.555358e-02,1.746228e-14,-5.000000e-01,2.827114e-15,-7.071068e-01,-4.997371e-01,-2.454974e-14,-8.555358e-02,-5.000000e-01,-7.071068e-01,4.558250e-16,-4.997371e-01,-8.555358e-02,-1.686762e-14
65.1,85.0,-5.000000e-01,7.883206e-15,7.071068e-01,-4.997373e-01,3.361407e-14,8.559177e-02,-5.000000e-01,7.071068e-01,-2.919552e-15,-4.997373e-01,8.559177e-02,-6.232526e-15,-5.000000e-01,2.318654e-16,-7.071068e-01,-4.997373e-01,-3.374993e-14,-8.559177e-02,-5.000000e-01,-7.071068e-01,4.513658e-15,-4.997373e-01,-8.559177e-02,7.586024e-15
65.1,110.0,-5.000000e-01,-7.601359e-15,7.071068e-01,-4.997374e-01,-3.394229e-14,8.563007e-02,-5.000000e-01,7.071068e-01,7.882498e-15,-4.997374e-01,8.563007e-02,2.898597e-14,-5.000000e-01,6.211089e-15,-7.071068e-01,-4.997374e-01,3.429067e-14,-8.563007e-02,-5.000000e-01,-7.071068e-01,-8.314470e-15,-4.997374e-01,-8.563007e-02,-2.877268e-14
65.1,135.0,-5.000000e-01,-6.751058e-15,7.071068e-01,-4.997375e-01,8.591250e-16,8.566848e-02,-5.000000e-01,7.071068e-01,2.136956e-15,-4.997375e-01,8.566848e-02,9.376156e-15,-5.000000e-01,-8.358895e-16,-7.071068e-01,-4.997375e-01,-4.927884e-16,-8.566848e-02,-5.000000e-01,-7.071068e-01,-3.209399e-15,-4.997375e-01,-8.566848e-02,-1.033798e-14
65.1,160.0,-5.000000e-01,-1.276281e-14,7.071068e-01,-4.997376e-01,2.639620e-15,8.570701e-02,-5.000000e-01,7.071068e-01,1.693546e-14,-4.997376e-01,8.570701e-02,-3.825223e-15,-5.000000e-01,1.045092e-14,-7.071068e-01,-4.997376e-01,-3.495604e-15,-8.570701e-02,-5.000000e-01,-7.071068e-01,-1.795008e-14,-4.997376e-01,-8.570701e-02,4.844576e-15
65.1,185.0,-5.000000e-01,-9.245475e-15,7.071068e-01,-4.997377e-01,3.319838e-15,8.574565e-02,-5.000000e-01,7.071068e-01,5.295031e-15,-4.997377e-01,8.574565e-02,1.890034e-15,-5.000000e-01,2.586531e-15,-7.071068e-01,-4.997377e-01,-3.876396e-15,-8.574565e-02,-5.000000e-01,-7.071068e-01,-6.422967e-15,-4.997377e-01,-8.574565e-02,-2.665144e-15
65.1,210.0,-5.000000e-01,-1.614526e-15,7.071068e-01,-4.997378e-01,-1.028379e-14,8.578441e-02,-5.000000e-01,7.071068e-01,3.328630e-15,-4.997378e-01,8.578441e-02,-9.216669e-15,-5.000000e-01,1.339282e-15,-7.071068e-01,-4.997378e-01,9.255576e-15,-8.578441e-02,-5.000000e-01,-7.071068e-01,-3.202126e-15,-4.997378e-01,-8.578441e-02,1.002966e-14
65.1,235.0,-5.000000e-01,-6.092992e-15,7.071068e-01,-4.997379e-01,-2.811557e-14,8.582328e-02,-5.000000e-01,7.071068e-01,4.054069e-15,-4.997379e-01,8.582328e-02,-1.151281e-14,-5.000000e-01,3.893346e-15,-7.071068e-01,-4.997379e-01,2.692391e-14,-8.582328e-02,-5.000000e-01,-7.071068e-01,-3.312640e-15,-4.997379e-01,-8.582328e-02,1.194856e-14
65.1,260.0,-5.000000e-01,5.508729e-15,7.071068e-01,-4.997380e-01,-1.010894e-14,8.586227e-02,-5.000000e-01,7.071068e-01,-8.057508e-15,-4.997380e-01,8.586227e-02,-1.643496e-15,-5.000000e-01,-6.293693e-15,-7.071068e-01,-4.997380e-01,1.108849e-14,-8.586227e-02,-5.000000e-01,-7.071068e-01,7.443187e-15,-4.997380e-01,-8.586227e-02,1.821016e-15
65.1,285.0,-5.000000e-01,6.200846e-15,7.071068e-01,-4.997381e-01,4.098317e-14,8.590138e-02,-5.000000e-01,7.071068e-01,-5.323958e-15,-4.997381e-01,8.590138e-02,9.353356e-15,-5.000000e-01,-5.114831e-15,-7.071068e-01,-4.997381e-01,-3.989283e-14,-8.590138e-02,-5.000000e-01,-7.071068e-01,6.266743e-15,-4.997381e-01,-8.590138e-02,-9.694190e-15
65.1,310.0,-5.000000e-01,-3.127438e-15,7.071068e-01,-4.997382e-01,-3.515392e-14,8.594060e-02,-5.000000e-01,7.071068e-01,1.975471e-15,-4.997382e-01,8.594060e-02,1.240978e-14,-5.000000e-01,7.836561e-16,-7.071068e-01,-4.997382e-01,3.697283e-14,-8.594060e-02,-5.000000e-01,-7.071068e-01,-1.469751e-15,-4.997382e-01,-8.594060e-02,-1.172801e-14
65.1,335.0,-5.000000e-01,-6.135152e-15,7.071068e-01,-4.997383e-01,-3.762655e-14,8.597994e-02,-5.000000e-01,7.071068e-01,8.447435e-15,-4.997383e-01,8.597994e-02,5.598599e-15,-5.000000e-01,1.827377e-15,-7.071068e-01,-4.997383e-01,3.689092e-14,-8.597994e-02,-5.000000e-01,-7.071068e-01,-8.225551e-15,-4.997383e-01,-8.597994e-02,-6.450107e-15
65.1,360.0,-5.000000e-01,3.618374e-15,7.071068e-01,-4.997384e-01,4.579977e-16,8.601940e-02,-5.000000e-01,7.071068e-01,-2.297848e-15,-4.997384e-01,8.601940e-02,1.396191e-15,-5.000000e-01,-4.179072e-15,-7.071068e-01,-4.997384e-01,4.206426e-16,-8.601940e-02,-5.000000e-01,-7.071068e-01,1.542472e-15,-4.997384e-01,-8.601940e-02,-5.137986e-17
65.1,385.0,-5.000000e-01,6.621998e-16,7.071068e-01,-4.997385e-01,-6.757219e-15,8.605897e-02,-5.000000e-01,7.071068e-01,3.449365e-16,-4.997385e-01,8.605897e-02,-1.124259e-14,-5.000000e-01,3.756779e-16,-7.071068e-01,-4.997385e-01,7.554040e-15,-8.605897e-02,-5.000000e-01,-7.071068e-01,-5.174048e-16,-4.997385e-01,-8.605897e-02,1.093404e-14
65.1,410.0,-5.000000e-01,-8.806045e-16,7.071068e-01,-4.997386e-01,-2.521094e-14,8.609866e-02,-5.000000e-01,7.071068e-01,1.108775e-15,-4.997386e-01,8.609866e-02,-1.426930e-14,-5.000000e-01,2.460193e-15,-7.071068e-01,-4.997386e-01,2.500296e-14,-8.609866e-02,-5.000000e-01,-7.071068e-01,-7.286238e-16,-4.997386e-01,-8.609866e-02,1.423494e-14
65.1,435.0,-5.000000e-01,-1.667463e-14,7.071068e-01,-4.997387e-01,-5.394666e-14,8.613848e-02,-5.000000e-01,7.071068e-01,2.900377e-14,-4.997387e-01,8.613848e-02,-1.513411e-14,-5.000000e-01,2.051648e-14,-7.071068e-01,-4.997387e-01,6.352913e-14,-8.613848e-02,-5.000000e-01,-7.071068e-01,-2.149952e-14,-4.997387e-01,-8.613848e-02,4.833574e-15
65.1,460.0,-5.000000e-01,1.662920e-15,7.071068e-01,-4.997388e-01,-7.673577e-15,8.617841e-02,-5.000000e-01,7.071068e-01,4.611156e-15,-4.997388e-01,8.617841e-02,-1.459589e-14,-5.000000e-01,-7.174466e-16,-7.071068e-01,-4.997388e-01,8.138687e-15,-8.617841e-02,-5.000000e-01,-7.071068e-01,6.197108e-15,-4.997388e-01,-8.617841e-02,1.609385e-14
65.1,485.0,-5.000000e-01,-1.434819e-15,7.071068e-01,-4.997389e-01,-1.978204e-15,8.621846e-02,-5.000000e-01,7.071068e-01,3.457167e-15,-4.997389e-01,8.621846e-02,2.069829e-14,-5.000000e-01,2.851634e-15,-7.071068e-01,-4.997389e-01,2.920741e-16,-8.621846e-02,-5.000000e-01,-7.071068e-01,1.395554e-15,-4.997389e-01,-8.621846e-02,-2.226429e-14
65.1,510.0,-5.000000e-01,-1.149662e-15,7.071068e-01,-4.997391e-01,7.882500e-15,8.625863e-02,-5.000000e-01,7.071068e-01,-2.453039e-15,-4.997391e-01,8.625863e-02,6.706818e-16,-5.000000e-01,9.329133e-16,-7.071068e-01,-4.997391e-01,-9.090822e-15,-8.625863e-02,-5.000000e-01,-7.071068e-01,-6.178208e-15,-4.997391e-01,-8.625863e-02,-1.079303e-15
65.1,535.0,-5.000000e-01,-4.125884e-15,7.071068e-01,-4.997392e-01,-2.200258e-14,8.629892e-02,-5.000000e-01,7.071068e-01,3.673449e-15,-4.997392e-01,8.629892e-02,-8.150904e-16,-5.000000e-01,5.966704e-15,-7.071068e-01,-4.997392e-01,2.211373e-14,-8.629892e-02,-5.000000e-01,-7.071068e-01,-6.148692e-15,-4.997392e-01,-8.629892e-02,4.489401e-16
65.1,560.0,-5.000000e-01,1.614805e-14,7.071068e-01,-4.997393e-01,-3.150439e-14,8.633933e-02,-5.000000e-01,7.071068e-01,-1.398943e-14,-4.997393e-01,8.633933e-02,1.336874e-14,-5.000000e-01,-1.519750e-14,-7.071068e-01,-4.997393e-01,3.225954e-14,-8.633933e-02,-5.000000e-01,-7.071068e-01,1.874235e-14,-4.997393e-01,-8.633933e-02,-1.399456e-14
65.1,585.0,-5.000000e-01,1.994466e-15,7.071068e-01,-4.997394e-01,-2.222890e-15,8.637987e-02,-5.000000e-01,7.071068e-01,-6.089836e-15,-4.997394e-01,8.637987e-02,4.857372e-15,-5.000000e-01,-6.254328e-16,-7.071068e-01,-4.997394e-01,1.350046e-15,-8.637987e-02,-5.000000e-01,-7.071068e-01,-2.089416e-15,-4.997394e-01,-8.637987e-02,-6.111510e-15
65.1,610.0,-5.000000e-01,-1.170466e-14,7.071068e-01,-4.997395e-01,-1.198115e-14,8.642052e-02,-5.000000e-01,7.071068e-01,1.105624e-14,-4.997395e-01,8.642052e-02,2.869047e-14,-5.000000e-01,1.238436e-14,-7.071068e-01,-4.997395e-01,1.362655e-14,-8.642052e-02,-5.000000e-01,-7.071068e-01,-1.559903e-14,-4.997395e-01,-8.642052e-02,-3.059897e-14
65.1,635.0,-5.000000e-01,5.039544e-15,7.071068e-01,-4.997396e-01,7.088771e-14,8.646130e-02,-5.000000e-01,7.071068e-01,-3.197234e-15,-4.997396e-01,8.646130e-02,-4.083358e-15,-5.000000e-01,-5.423050e-15,-7.071068e-01,-4.997396e-01,-6.924712e-14,-8.646130e-02,-5.000000e-01,-7.071068e-01,5.851102e-15,-4.997396e-01,-8.646130e-02,4.421462e-15
65.1,660.0,-5.000000e-01,4.448422e-15,7.071068e-01,-4.997397e-01,1.330891e-14,8.650220e-02,-5.000000e-01,7.071068e-01,-6.662913e-15,-4.997397e-01,8.650220e-02,-3.023319e-14,-5.000000e-01,-1.316403e-14,-7.071068e-01,-4.997397e-01,-1.298804e-14,-8.650220e-02,-5.000000e-01,-7.071068e-01,9.029219e-15,-4.997397e-01,-8.650220e-02,3.126049e-14
65.1,685.0,-5.000000e-01,6.174528e-15,7.071068e-01,-4.997398e-01,3.729202e-15,8.654323e-02,-5.000000e-01,7.071068e-01,-4.097447e-15,-4.997398e-01,8.654323e-02,-4.989592e-15,-5.000000e-01,-5.340658e-15,-7.071068e-01,-4.997398e-01,-3.897255e-15,-8.654323e-02,-5.000000e-01,-7.071068e-01,1.128776e-14,-4.997398e-01,-8.654323e-02,4.699576e-15
65.1,710.0,-5.000000e-01,8.218410e-15,7.071068e-01,-4.997399e-01,2.470450e-14,8.658437e-02,-5.000000e-01,7.071068e-01,-1.063622e-14,-4.997399e-01,8.658437e-02,7.741178e-15,-5.000000e-01,-6.970284e-15,-7.071068e-01,-4.997399e-01,-2.591340e-14,-8.658437e-02,-5.000000e-01,-7.071068e-01,1.099864e-14,-4.997399e-01,-8.658437e-02,-8.783736e-15
65.1,735.0,-5.000000e-01,-4.104290e-15,7.071068e-01,-4.997401e-01,-2.852443e-14,8.662565e-02,-5.000000e-01,7.071068e-01,1.129396e-14,-4.997401e-01,8.662565e-02,9.731774e-15,-5.000000e-01,5.504098e-15,-7.071068e-01,-4.997401e-01,2.684415e-14,-8.662565e-02,-5.000000e-01,-7.071068e-01,1.924567e-15,-4.997401e-01,-8.662565e-02,-8.272781e-15
65.1,760.0,-5.000000e-01,-1.389798e-15,7.071068e-01,-4.997402e-01,1.351455e-14,8.666704e-02,-5.000000e-01,7.071068e-01,-4.352584e-15,-4.997402e-01,8.666704e-02,-3.269320e-15,-5.000000e-01,-4.295717e-15,-7.071068e-01,-4.997402e-01,-1.159408e-14,-8.666704e-02,-5.000000e-01,-7.071068e-01,6.767373e-15,-4.997402e-01,-8.666704e-02,5.024611e-15
65.1,785.0,-5.000000e-01,-7.887096e-18,7.071068e-01,-4.997403e-01,-2.405985e-15,8.670856e-02,-5.000000e-01,7.071068e-01,-4.320440e-15,-4.997403e-01,8.670856e-02,-5.863355e-15,-5.000000e-01,-2.378492e-17,-7.071068e-01,-4.997403e-01,3.209516e-15,-8.670856e-02,-5.000000e-01,-7.071068e-01,-4.407481e-15,-4.997403e-01,-8.670856e-02,7.673978e-15
65.1,810.0,-5.000000e-01,7.235601e-15,7.071068e-01,-4.997404e-01,3.156955e-15,8.675021e-02,-5.000000e-01,7.071068e-01,-6.717208e-15,-4.997404e-01,8.675021e-02,-3.167109e-14,-5.000000e-01,-6.510589e-15,-7.071068e-01,-4.997404e-01,-3.449755e-15,-8.675021e-02,-5.000000e-01,-7.071068e-01,5.644978e-15,-4.997404e-01,-8.675021e-02,2.944300e-14
65.1,835.0,-5.000000e-01,3.526022e-15,7.071068e-01,-4.997405e-01,-4.751776e-15,8.679198e-02,-5.000000e-01,7.071068e-01,-1.591309e-15,-4.997405e-01,8.679198e-02,-2.139089e-14,-5.000000e-01,-1.889233e-15,-7.071068e-01,-4.997405e-01,5.899391e-15,-8.679198e-02,-5.000000e-01,-7.071068e-01,3.950564e-15,-4.997405e-01,-8.679198e-02,1.999533e-14
65.1,860.0,-5.000000e-01,-2.217660e-15,7.071068e-01,-4.997406e-01,-4.457453e-15,8.683388e-02,-5.000000e-01,7.071068e-01,-1.851666e-15,-4.997406e-01,8.683388e-02,-3.205770e-14,-5.000000e-01,5.065598e-15,-7.071068e-01,-4.997406e-01,1.226090e-15,-8.683388e-02,-5.000000e-01,-7.071068e-01,-1.032096e-14,-4.997406e-01,-8.683388e-02,-5.680487e-15
65.1,885.0,-5.000000e-01,-9.067122e-15,7.071068e-01,-4.997407e-01,3.542167e-14,8.687590e-02,-5.000000e-01,7.071068e-01,-1.566676e-14,-4.997407e-01,8.687590e-02,1.211504e-14,-5.000000e-01,4.770987e-15,-7.071068e-01,-4.997407e-01,-8.901553e-17,-8.687590e-02,-5.000000e-01,-7.071068e-01,-9.879940e-16,-4.997407e-01,-8.687590e-02,-3.322308e-14
67.6,10.0,-5.000000e-01,7.965681e-15,7.071068e-01,-4.997447e-01,2.744031e-15,8.742995e-02,-5.000000e-01,7.071068e-01,-8.065937e-15,-4.997447e-01,8.742995e-02,4.906253e-15,-5.000000e-01,-1.473159e-15,-7.071068e-01,-4.997447e-01,-5.970411e-15,-8.742995e-02,-5.000000e-01,-7.071068e-01,5.058252e-15,-4.997447e-01,-8.742995e-02,5.894667e-15
67.6,35.0,-5.000000e-01,-1.850022e-14,7.071068e-01,-4.997448e-01,-1.212389e-14,8.746639e-02,-5.000000e-01,7.071068e-01,1.232523e-14,-4.997448e-01,8.746639e-02,-2.194125e-15,-5.000000e-01,1.882376e-14,-7.071068e-01,-4.997448e-01,5.459666e-15,-8.746639e-02,-5.000000e-01,-7.071068e-01,-1.161187e-14,-4.997448e-01,-8.746639e-02,-8.174823e-15
67.6,60.0,-5.000000e-01,9.626721e-15,7.071068e-01,-4.997448e-01,-4.030869e-15,8.750293e-02,-5.000000e-01,7.071068e-01,-9.317990e-15,-4.997448e-01,8.750293e-02,6.930325e-15,-5.000000e-01,-5.763827e-15,-7.071068e-01,-4.997448e-01,2.695528e-15,-8.750293e-02,-5.000000e-01,-7.071068e-01,1.103451e-14,-4.997448e-01,-8.750293e-02,-7.860325e-15
67.6,85.0,-5.000000e-01,6.600279e-15,7.071068e-01,-4.997449e-01,5.647425e-15,8.753958e-02,-5.000000e-01,7.071068e-01,1.301791e-15,-4.997449e-01,8.753958e-02,1.216498e-14,-5.000000e-01,3.575151e-15,-7.071068e-01,-4.997449e-01,-5.319853e-15,-8.753958e-02,-5.000000e-01,-7.071068e-01,-1.275342e-16,-4.997449e-01,-8.753958e-02,-1.237467e-14
67.6,110.0,-5.000000e-01,-1.139317e-14,7.071068e-01,-4.997450e-01,-4.744958e-16,8.757634e-02,-5.000000e-01,7.071068e-01,1.099581e-14,-4.997450e-01,8.757634e-02,7.655031e-15,-5.000000e-01,1.256459e-14,-7.071068e-01,-4.997450e-01,6.281592e-16,-8.757634e-02,-5.000000e-01,-7.071068e-01,-1.230539e-14,-4.997450e-01,-8.757634e-02,-9.561876e-15
67.6,135.0,-5.000000e-01,-7.119311e-15,7.071068e-01,-4.997451e-01,8.951526e-16,8.761321e-02,-5.000000e-01,7.071068e-01,3.243646e-16,-4.997451e-01,8.761321e-02,-1.439985e-14,-5.000000e-01,5.343416e-15,-7.071068e-01,-4.997451e-01,-8.734972e-16,-8.761321e-02,-5.000000e-01,-7.071068e-01,-5.333097e-15,-4.997451e-01,-8.761321e-02,1.338074e-14
67.6,160.0,-5.000000e-01,-8.364245e-15,7.071068e-01,-4.997452e-01,-4.533428e-14,8.765018e-02,-5.000000e-01,7.071068e-01,1.070760e-14,-4.997452e-01,8.765018e-02,3.260727e-14,-5.000000e-01,1.374618e-14,-7.071068e-01,-4.997452e-01,4.529709e-14,-8.765018e-02,-5.000000e-01,-7.071068e-01,-1.192805e-14,-4.997452e-01,-8.765018e-02,-3.125153e-14
67.6,185.0,-5.000000e-01,-6.246513e-15,7.071068e-01,-4.997453e-01,-1.624605e-14,8.768727e-02,-5.000000e-01,7.071068e-01,8.047405e-15,-4.997453e-01,8.768727e-02,1.488647e-16,-5.000000e-01,1.035906e-14,-7.071068e-01,-4.997453e-01,1.643530e-14,-8.768727e-02,-5.000000e-01,-7.071068e-01,-8.741545e-15,-4.997453e-01,-8.768727e-02,4.163596e-17
67.6,210.0,-5.000000e-01,6.519834e-15,7.071068e-01,-4.997454e-01,6.647802e-15,8.772447e-02,-5.000000e-01,7.071068e-01,-5.248164e-15,-4.997454e-01,8.772447e-02,-2.098331e-14,-5.000000e-01,-4.476245e-15,-7.071068e-01,-4.997454e-01,-6.309454e-15,-8.772447e-02,-5.000000e-01,-7.071068e-01,5.674182e-15,-4.997454e-01,-8.772447e-02,2.119851e-14
67.6,235.0,-5.000000e-01,-2.928089e-15,7.071068e-01,-4.997455e-01,5.227942e-15,8.776178e-02,-5.000000e-01,7.071068e-01,3.085711e-15,-4.997455e-01,8.776178e-02,1.552967e-14,-5.000000e-01,3.551463e-15,-7.071068e-01,-4.997455e-01,-4.437498e-15,-8.776178e-02,-5.000000e-01,-7.071068e-01,-1.139216e-16,-4.997455e-01,-8.776178e-02,-1.543409e-14
67.6,260.0,-5.000000e-01,7.198891e-15,7.071068e-01,-4.997456e-01,-1.717752e-14,8.779920e-02,-5.000000e-01,7.071068e-01,-3.105199e-15,-4.997456e-01,8.779920e-02,-1.491947e-14,-5.000000e-01,-6.768188e-15,-7.071068e-01,-4.997456e-01,1.768897e-14,-8.779920e-02,-5.000000e-01,-7.071068e-01,4.317816e-15,-4.997456e-01,-8.779920e-02,1.455159e-14
67.6,285.0,-5.000000e-01,-1.217828e-15,7.071068e-01,-4.997457e-01,4.335468e-14,8.783674e-02,-5.000000e-01,7.071068e-01,2.985695e-15,-4.997457e-01,8.783674e-02,7.556091e-14,-5.000000e-01,2.176377e-15,-7.071068e-01,-4.997457e-01,-4.463404e-14,-8.783674e-02,-5.000000e-01,-7.071068e-01,4.012860e-15,-4.997457e-01,-8.783674e-02,-7.439408e-14
67.6,310.0,-5.000000e-01,-4.950851e-15,7.071068e-01,-4.997458e-01,-4.419496e-15,8.787438e-02,-5.000000e-01,7.071068e-01,6.471558e-15,-4.997458e-01,8.787438e-02,-1.975288e-14,-5.000000e-01,6.340564e-15,-7.071068e-01,-4.997458e-01,3.197957e-15,-8.787438e-02,-5.000000e-01,-7.071068e-01,-9.569511e-15,-4.997458e-01,-8.787438e-02,2.003031e-14
67.6,335.0,-5.000000e-01,-1.220593e-14,7.071068e-01,-4.997459e-01,4.835723e-15,8.791214e-02,-5.000000e-01,7.071068e-01,1.253439e-14,-4.997459e-01,8.791214e-02,2.557056e-14,-5.000000e-01,1.304880e-14,-7.071068e-01,-4.997459e-01,-5.644567e-15,-8.791214e-02,-5.000000e-01,-7.071068e-01,-1.309203e-14,-4.997459e-01,-8.791214e-02,-2.456471e-14
67.6,360.0,-5.000000e-01,-3.943835e-15,7.071068e-01,-4.997460e-01,-3.942557e-14,8.795001e-02,-5.000000e-01,7.071068e-01,3.354850e-15,-4.997460e-01,8.795001e-02,-5.059296e-14,-5.000000e-01,4.698035e-15,-7.071068e-01,-4.997460e-01,3.910664e-14,-8.795001e-02,-5.000000e-01,-7.071068e-01,-8.676717e-15,-4.997460e-01,-8.795001e-02,5.096560e-14
67.6,385.0,-5.000000e-01,-3.660027e-15,7.071068e-01,-4.997461e-01,1.034293e-14,8.798799e-02,-5.000000e-01,7.071068e-01,-4.762831e-16,-4.997461e-01,8.798799e-02,9.777526e-15,-5.000000e-01,4.547008e-15,-7.071068e-01,-4.997461e-01,-1.178672e-14,-8.798799e-02,-5.000000e-01,-7.071068e-01,-6.550307e-15,-4.997461e-01,-8.798799e-02,-1.026820e-14
67.6,410.0,-5.000000e-01,1.010270e-14,7.071068e-01,-4.997462e-01,3.636082e-14,8.802609e-02,-5.000000e-01,7.071068e-01,-1.306764e-14,-4.997462e-01,8.802609e-02,-2.971701e-14,-5.000000e-01,-1.375997e-14,-7.071068e-01,-4.997462e-01,-3.774006e-14,-8.802609e-02,-5.000000e-01,-7.071068e-01,1.248972e-14,-4.997462e-01,-8.802609e-02,3.011276e-14
67.6,435.0,-5.000000e-01,1.580062e-14,7.071068e-01,-4.997463e-01,1.594902e-14,8.806430e-02,-5.000000e-01,7.071068e-01,-1.132330e-14,-4.997463e-01,8.806430e-02,4.845578e-16,-5.000000e-01,-1.243416e-14,-7.071068e-01,-4.997463e-01,-1.582391e-14,-8.806430e-02,-5.000000e-01,-7.071068e-01,1.266343e-14,-4.997463e-01,-8.806430e-02,3.591348e-16
67.6,460.0,-5.000000e-01,5.065376e-15,7.071068e-01,-4.997464e-01,-1.226801e-14,8.810263e-02,-5.000000e-01,7.071068e-01,-1.040353e-14,-4.997464e-01,8.810263e-02,-1.545654e-14,-5.000000e-01,-4.187169e-15,-7.071068e-01,-4.997464e-01,1.260245e-14,-8.810263e-02,-5.000000e-01,-7.071068e-01,6.331982e-16,-4.997464e-01,-8.810263e-02,1.526171e-14
67.6,485.0,-5.000000e-01,1.055383e-14,7.071068e-01,-4.997465e-01,-4.244012e-15,8.814107e-02,-5.000000e-01,7.071068e-01,-6.660925e-15,-4.997465e-01,8.814107e-02,-4.180903e-15,-5.000000e-01,-9.783136e-15,-7.071068e-01,-4.997465e-01,4.114194e-15,-8.814107e-02,-5.000000e-01,-7.071068e-01,8.239929e-15,-4.997465e-01,-8.814107e-02,3.134400e-15
67.6,510.0,-5.000000e-01,-5.735658e-16,7.071068e-01,-4.997466e-01,4.848658e-15,8.817963e-02,-5.000000e-01,7.071068e-01,-1.547383e-15,-4.997466e-01,8.817963e-02,5.934944e-15,-5.000000e-01,6.757077e-16,-7.071068e-01,-4.997466e-01,-5.946370e-15,-8.817963e-02,-5.000000e-01,-7.071068e-01,-2.426449e-15,-4.997466e-01,-8.817963e-02,-7.298871e-15
67.6,535.0,-5.000000e-01,-3.056572e-15,7.071068e-01,-4.997467e-01,-1.716603e-14,8.821830e-02,-5.000000e-01,7.071068e-01,4.603382e-15,-4.997467e-01,8.821830e-02,-1.178236e-14,-5.000000e-01,4.133453e-15,-7.071068e-01,-4.997467e-01,1.670166e-14,-8.821830e-02,-5.000000e-01,-7.071068e-01,-2.499205e-15,-4.997467e-01,-8.821830e-02,1.042887e-14
67.6,560.0,-5.000000e-01,2.351014e-15,7.071068e-01,-4.997468e-01,-9.642491e-15,8.825709e-02,-5.000000e-01,7.071068e-01,-3.948021e-15,-4.997468e-01,8.825709e-02,7.393997e-15,-5.000000e-01,-2.494483e-15,-7.071068e-01,-4.997468e-01,9.723546e-15,-8.825709e-02,-5.000000e-01,-7.071068e-01,2.155647e-15,-4.997468e-01,-8.825709e-02,-8.210957e-15
67.6,585.0,-5.000000e-01,-1.102240e-15,7.071068e-01,-4.997469e-01,-6.181834e-15,8.829599e-02,-5.000000e-01,7.071068e-01,-9.268307e-16,-4.997469e-01,8.829599e-02,1.600336e-14,-5.000000e-01,3.881126e-16,-7.071068e-01,-4.997469e-01,6.048976e-15,-8.829599e-02,-5.000000e-01,-7.071068e-01,-6.394206e-16,-4.997469e-01,-8.829599e-02,-1.693508e-14
67.6,610.0,-5.000000e-01,-1.168355e-15,7.071068e-01,-4.997470e-01,9.823319e-15,8.833501e-02,-5.000000e-01,7.071068e-01,-1.941207e-15,-4.997470e-01,8.833501e-02,2.478330e-14,-5.000000e-01,1.931523e-15,-7.071068e-01,-4.997470e-01,-1.041008e-14,-8.833501e-02,-5.000000e-01,-7.071068e-01,-4.834059e-15,-4.997470e-01,-8.833501e-02,-2.515591e-14
67.6,635.0,-5.000000e-01,-6.802692e-15,7.071068e-01,-4.997471e-01,-2.115012e-14,8.837415e-02,-5.000000e-01,7.071068e-01,8.893359e-15,-4.997471e-01,8.837415e-02,-3.007107e-15,-5.000000e-01,6.889001e-15,-7.071068e-01,-4.997471e-01,2.115005e-14,-8.837415e-02,-5.000000e-01,-7.071068e-01,-5.769496e-15,-4.997471e-01,-8.837415e-02,1.831307e-15
67.6,660.0,-5.000000e-01,-2.956291e-15,7.071068e-01,-4.997472e-01,-5.323544e-16,8.841341e-02,-5.000000e-01,7.071068e-01,9.405593e-16,-4.997472e-01,8.841341e-02,-2.213603e-14,-5.000000e-01,3.003466e-15,-7.071068e-01,-4.997472e-01,7.983820e-16,-8.841341e-02,-5.000000e-01,-7.071068e-01,-3.752624e-15,-4.997472e-01,-8.841341e-02,2.131088e-14
67.6,685.0,-5.000000e-01,-3.468865e-15,7.071068e-01,-4.997473e-01,-1.189996e-14,8.845278e-02,-5.000000e-01,7.071068e-01,4.034104e-15,-4.997473e-01,8.845278e-02,1.751303e-14,-5.000000e-01,3.564757e-15,-7.071068e-01,-4.997473e-01,1.038412e-14,-8.845278e-02,-5.000000e-01,-7.071068e-01,-5.821220e-15,-4.997473e-01,-8.845278e-02,-1.824105e-14
67.6,710.0,-5.000000e-01,4.686660e-15,7.071068e-01,-4.997474e-01,4.709004e-15,8.849228e-02,-5.000000e-01,7.071068e-01,-2.476669e-15,-4.997474e-01,8.849228e-02,-2.806736e-14,-5.000000e-01,-5.762158e-15,-7.071068e-01,-4.997474e-01,-5.071428e-15,-8.849228e-02,-5.000000e-01,-7.071068e-01,3.702902e-15,-4.997474e-01,-8.849228e-02,2.827175e-14
67.6,735.0,-5.000000e-01,-2.082522e-15,7.071068e-01,-4.997475e-01,-8.277264e-15,8.853189e-02,-5.000000e-01,7.071068e-01,3.100835e-15,-4.997475e-01,8.853189e-02,-2.418266e-15,-5.000000e-01,2.865425e-15,-7.071068e-01,-4.997475e-01,7.557769e-15,-8.853189e-02,-5.000000e-01,-7.071068e-01,-2.703883e-15,-4.997475e-01,-8.853189e-02,2.292105e-15
67.6,760.0,-5.000000e-01,1.284226e-14,7.071068e-01,-4.997476e-01,8.227533e-15,8.857162e-02,-5.000000e-01,7.071068e-01,-7.061803e-15,-4.997476e-01,8.857162e-02,-1.323433e-15,-5.000000e-01,-1.367143e-14,-7.071068e-01,-4.997476e-01,-8.623195e-15,-8.857162e-02,-5.000000e-01,-7.071068e-01,1.330268e-14,-4.997476e-01,-8.857162e-02,2.484045e-15
67.6,785.0,-5.000000e-01,2.559975e-14,7.071068e-01,-4.997477e-01,-3.666061e-15,8.861148e-02,-5.000000e-01,7.071068e-01,-1.641619e-14,-4.997477e-01,8.861148e-02,3.970032e-15,-5.000000e-01,-2.614175e-14,-7.071068e-01,-4.997477e-01,5.027530e-15,-8.861148e-02,-5.000000e-01,-7.071068e-01,1.768796e-14,-4.997477e-01,-8.861148e-02,-4.195017e-15
67.6,810.0,-5.000000e-01,3.655610e-15,7.071068e-01,-4.997478e-01,2.046762e-15,8.865145e-02,-5.000000e-01,7.071068e-01,-4.024125e-15,-4.997478e-01,8.865145e-02,-1.049219e-15,-5.000000e-01,-2.358962e-15,-7.071068e-01,-4.997478e-01,-2.188357e-15,-8.865145e-02,-5.000000e-01,-7.071068e-01,9.537863e-16,-4.997478e-01,-8.865145e-02,5.840798e-16
67.6,835.0,-5.000000e-01,7.141753e-15,7.071068e-01,-4.997479e-01,5.379025e-15,8.869154e-02,-5.000000e-01,7.071068e-01,-2.585067e-15,-4.997479e-01,8.869154e-02,-5.515587e-14,-5.000000e-01,-5.884679e-15,-7.071068e-01,-4.997479e-01,-6.448265e-15,-8.869154e-02,-5.000000e-01,-7.071068e-01,6.834789e-15,-4.997479e-01,-8.869154e-02,5.327386e-14
67.6,860.0,-5.000000e-01,-3.145437e-16,7.071068e-01,-4.997480e-01,6.092943e-15,8.873176e-02,-5.000000e-01,7.071068e-01,-3.504042e-16,-4.997480e-01,8.873176e-02,-1.402673e-15,-5.000000e-01,6.684054e-16,-7.071068e-01,-4.997480e-01,-6.885314e-15,-8.873176e-02,-5.000000e-01,-7.071068e-01,-1.570460e-15,-4.997480e-01,-8.873176e-02,3.384090e-15
67.6,885.0,-5.000000e-01,3.727635e-15,7.071068e-01,-4.997482e-01,-1.193693e-14,8.877209e-02,-5.000000e-01,7.071068e-01,-1.498035e-15,-4.997482e-01,8.877209e-02,2.821131e-14,-5.000000e-01,-4.164820e-15,-7.071068e-01,-4.997482e-01,1.045459e-14,-8.877209e-02,-5.000000e-01,-7.071068e-01,6.913283e-15,-4.997482e-01,-8.877209e-02,-2.851831e-14
70.1,10.0,-5.000000e-01,1.289022e-14,7.071068e-01,-4.997519e-01,4.086365e-15,8.941535e-02,-5.000000e-01,7.071068e-01,-1.182569e-14,-4.997519e-01,8.941535e-02,3.036653e-14,-5.000000e-01,-1.172966e-14,-7.071068e-01,-4.997519e-01,-2.847482e-14,-8.941535e-02,-5.000000e-01,-7.071068e-01,1.008000e-14,-4.997519e-01,-8.941535e-02,-2.245880e-14
70.1,35.0,-5.000000e-01,-6.869412e-16,7.071068e-01,-4.997520e-01,1.349549e-14,8.945035e-02,-5.000000e-01,7.071068e-01,-9.219417e-15,-4.997520e-01,8.945035e-02,1.543562e-15,-5.000000e-01,5.429177e-15,-7.071068e-01,-4.997520e-01,7.707499e-15,-8.945035e-02,-5.000000e-01,-7.071068e-01,6.659112e-15,-4.997520e-01,-8.945035e-02,-1.071867e-15
70.1,60.0,-5.000000e-01,-4.552476e-15,7.071068e-01,-4.997521e-01,-8.951357e-16,8.948547e-02,-5.000000e-01,7.071068e-01,2.235244e-15,-4.997521e-01,8.948547e-02,-1.993713e-14,-5.000000e-01,-7.125445e-15,-7.071068e-01,-4.997521e-01,-3.349775e-14,-8.948547e-02,-5.000000e-01,-7.071068e-01,9.012691e-15,-4.997521e-01,-8.948547e-02,1.350523e-14
70.1,85.0,-5.000000e-01,1.378631e-14,7.071068e-01,-4.997522e-01,4.015752e-15,8.952068e-02,-5.000000e-01,7.071068e-01,1.998770e-14,-4.997522e-01,8.952068e-02,-4.345607e-15,-5.000000e-01,1.363696e-15,-7.071068e-01,-4.997522e-01,6.246501e-15,-8.952068e-02,-5.000000e-01,-7.071068e-01,-5.034891e-15,-4.997522e-01,-8.952068e-02,1.460814e-14
70.1,110.0,-5.000000e-01,-9.845302e-14,7.071068e-01,-4.997523e-01,9.243599e-16,8.955600e-02,-5.000000e-01,7.071068e-01,-1.054906e-13,-4.997523e-01,8.955600e-02,1.762532e-15,-5.000000e-01,2.732920e-14,-7.071068e-01,-4.997523e-01,9.045632e-15,-8.955600e-02,-5.000000e-01,-7.071068e-01,4.017195e-14,-4.997523e-01,-8.955600e-02,-1.378293e-14
70.1,135.0,-5.000000e-01,3.084618e-14,7.071068e-01,-4.997524e-01,-2.737810e-15,8.959143e-02,-5.000000e-01,7.071068e-01,-4.074869e-16,-4.997524e-01,8.959143e-02,-3.599176e-15,-5.000000e-01,-3.249107e-14,-7.071068e-01,-4.997524e-01,-5.050420e-14,-8.959143e-02,-5.000000e-01,-7.071068e-01,5.421580e-15,-4.997524e-01,-8.959143e-02,2.064327e-14
70.1,160.0,-5.000000e-01,1.162335e-14,7.071068e-01,-4.997524e-01,6.720035e-15,8.962696e-02,-5.000000e-01,7.071068e-01,-2.686429e-14,-4.997524e-01,8.962696e-02,-3.071590e-14,-5.000000e-01,-1.980107e-14,-7.071068e-01,-4.997524e-01,-5.226966e-14,-8.962696e-02,-5.000000e-01,-7.071068e-01,9.026840e-15,-4.997524e-01,-8.962696e-02,1.413386e-14
70.1,185.0,-5.000000e-01,-2.141142e-14,7.071068e-01,-4.997525e-01,-3.690533e-16,8.966260e-02,-5.000000e-01,7.071068e-01,-5.243076e-15,-4.997525e-01,8.966260e-02,-7.840103e-15,-5.000000e-01,1.791441e-15,-7.071068e-01,-4.997525e-01,-1.562990e-14,-8.966260e-02,-5.000000e-01,-7.071068e-01,6.440624e-15,-4.997525e-01,-8.966260e-02,2.517466e-14
70.1,210.0,-5.000000e-01,-1.905667e-14,7.071068e-01,-4.997526e-01,-9.071479e-16,8.969834e-02,-5.000000e-01,7.071068e-01,-7.822809e-15,-4.997526e-01,8.969834e-02,-2.149211e-14,-5.000000e-01,-1.319882e-14,-7.071068e-01,-4.997526e-01,-3.407686e-14,-8.969834e-02,-5.000000e-01,-7.071068e-01,-1.169782e-15,-4.997526e-01,-8.969834e-02,-4.800156e-15
70.1,235.0,-5.000000e-01,-8.222367e-15,7.071068e-01,-4.997527e-01,-2.010995e-14,8.973419e-02,-5.000000e-01,7.071068e-01,1.073841e-14,-4.997527e-01,8.973419e-02,5.740419e-15,-5.000000e-01,7.361233e-15,-7.071068e-01,-4.997527e-01,2.062074e-14,-8.973419e-02,-5.000000e-01,-7.071068e-01,-2.711877e-15,-4.997527e-01,-8.973419e-02,-5.576711e-15
70.1,260.0,-5.000000e-01,-9.902233e-15,7.071068e-01,-4.997528e-01,-8.360713e-15,8.977015e-02,-5.000000e-01,7.071068e-01,1.138530e-14,-4.997528e-01,8.977015e-02,-2.125773e-15,-5.000000e-01,7.587441e-15,-7.071068e-01,-4.997528e-01,8.222461e-15,-8.977015e-02,-5.000000e-01,-7.071068e-01,-8.247743e-15,-4.997528e-01,-8.977015e-02,3.330401e-15
70.1,285.0,-5.000000e-01,-2.028208e-14,7.071068e-01,-4.997529e-01,-2.193260e-14,8.980622e-02,-5.000000e-01,7.071068e-01,1.904769e-14,-4.997529e-01,8.980622e-02,7.085869e-15,-5.000000e-01,1.922336e-14,-7.071068e-01,-4.997529e-01,2.181205e-14,-8.980622e-02,-5.000000e-01,-7.071068e-01,-9.469423e-15,-4.997529e-01,-8.980622e-02,-7.061355e-15
70.1,310.0,-5.000000e-01,-2.731819e-17,7.071068e-01,-4.997530e-01,2.854726e-15,8.984239e-02,-5.000000e-01,7.071068e-01,-5.266983e-16,-4.997530e-01,8.984239e-02,-6.489691e-15,-5.000000e-01,-1.020455e-15,-7.071068e-01,-4.997530e-01,-4.713957e-15,-8.984239e-02,-5.000000e-01,-7.071068e-01,-6.047277e-16,-4.997530e-01,-8.984239e-02,5.693678e-15
70.1,335.0,-5.000000e-01,-1.473767e-15,7.071068e-01,-4.997531e-01,-2.035833e-14,8.987867e-02,-5.000000e-01,7.071068e-01,-8.243929e-16,-4.997531e-01,8.987867e-02,-1.749046e-14,-5.000000e-01,4.115891e-16,-7.071068e-01,-4.997531e-01,1.969658e-14,-8.987867e-02,-5.000000e-01,-7.071068e-01,4.223069e-15,-4.997531e-01,-8.987867e-02,1.867257e-14
70.1,360.0,-5.000000e-01,3.337371e-15,7.071068e-01,-4.997532e-01,2.608651e-14,8.991506e-02,-5.000000e-01,7.071068e-01,4.128020e-15,-4.997532e-01,8.991506e-02,-3.930138e-15,-5.000000e-01,-4.725662e-15,-7.071068e-01,-4.997532e-01,-2.540018e-14,-8.991506e-02,-5.000000e-01,-7.071068e-01,9.064542e-15,-4.997532e-01,-8.991506e-02,4.486001e-15
70.1,385.0,-5.000000e-01,-5.630803e-15,7.071068e-01,-4.997533e-01,2.407817e-15,8.995156e-02,-5.000000e-01,7.071068e-01,1.062558e-14,-4.997533e-01,8.995156e-02,-1.354661e-14,-5.000000e-01,5.589363e-15,-7.071068e-01,-4.997533e-01,1.847806e-15,-8.995156e-02,-5.000000e-01,-7.071068e-01,3.363718e-15,-4.997533e-01,-8.995156e-02,1.813715e-14
70.1,410.0,-5.000000e-01,6.377890e-15,7.071068e-01,-4.997533e-01,2.470806e-14,8.998816e-02,-5.000000e-01,7.071068e-01,-2.860647e-15,-4.997533e-01,8.998816e-02,3.610477e-15,-5.000000e-01,-7.134009e-15,-7.071068e-01,-4.997533e-01,-2.489662e-14,-8.998816e-02,-5.000000e-01,-7.071068e-01,7.896009e-15,-4.997533e-01,-8.998816e-02,-1.990202e-15
70.1,435.0,-5.000000e-01,-2.594605e-15,7.071068e-01,-4.997534e-01,-2.479899e-15,9.002488e-02,-5.000000e-01,7.071068e-01,3.920693e-15,-4.997534e-01,9.002488e-02,-1.319589e-14,-5.000000e-01,2.509313e-15,-7.071068e-01,-4.997534e-01,1.224605e-15,-9.002488e-02,-5.000000e-01,-7.071068e-01,-1.456700e-15,-4.997534e-01,-9.002488e-02,1.462062e-14
70.1,460.0,-5.000000e-01,1.139375e-14,7.071068e-01,-4.997535e-01,-8.895926e-15,9.006171e-02,-5.000000e-01,7.071068e-01,-1.052559e-14,-4.997535e-01,9.006171e-02,1.310302e-14,-5.000000e-01,-1.016326e-14,-7.071068e-01,-4.997535e-01,7.907146e-15,-9.006171e-02,-5.000000e-01,-7.071068e-01,9.051362e-15,-4.997535e-01,-9.006171e-02,-1.522434e-14
70.1,485.0,-5.000000e-01,1.563599e-15,7.071068e-01,-4.997536e-01,-2.728139e-16,9.009865e-02,-5.000000e-01,7.071068e-01,-4.797702e-15,-4.997536e-01,9.009865e-02,-7.152754e-15,-5.000000e-01,-7.001190e-16,-7.071068e-01,-4.997536e-01,2.517654e-15,-9.009865e-02,-5.000000e-01,-7.071068e-01,7.137668e-16,-4.997536e-01,-9.009865e-02,8.046373e-15
70.1,510.0,-5.000000e-01,-1.453872e-14,7.071068e-01,-4.997537e-01,8.837164e-17,9.013570e-02,-5.000000e-01,7.071068e-01,1.383754e-14,-4.997537e-01,9.013570e-02,4.178801e-14,-5.000000e-01,1.467732e-14,-7.071068e-01,-4.997537e-01,-3.277694e-15,-9.013570e-02,-5.000000e-01,-7.071068e-01,-1.737213e-14,-4.997537e-01,-9.013570e-02,-3.878609e-14
70.1,535.0,-5.000000e-01,-7.181903e-15,7.071068e-01,-4.997538e-01,-1.055490e-14,9.017286e-02,-5.000000e-01,7.071068e-01,5.739183e-15,-4.997538e-01,9.017286e-02,2.960640e-14,-5.000000e-01,7.616230e-15,-7.071068e-01,-4.997538e-01,1.138502e-14,-9.017286e-02,-5.000000e-01,-7.071068e-01,-7.470567e-15,-4.997538e-01,-9.017286e-02,-3.137917e-14
70.1,560.0,-5.000000e-01,3.837575e-15,7.071068e-01,-4.997539e-01,2.526493e-14,9.021013e-02,-5.000000e-01,7.071068e-01,-8.083423e-15,-4.997539e-01,9.021013e-02,-5.680319e-15,-5.000000e-01,-3.529336e-15,-7.071068e-01,-4.997539e-01,-2.475993e-14,-9.021013e-02,-5.000000e-01,-7.071068e-01,2.055439e-15,-4.997539e-01,-9.021013e-02,3.031066e-15
70.1,585.0,-5.000000e-01,-2.105536e-15,7.071068e-01,-4.997540e-01,-2.206835e-14,9.024751e-02,-5.000000e-01,7.071068e-01,8.350062e-16,-4.997540e-01,9.024751e-02,-2.723414e-14,-5.000000e-01,2.292694e-15,-7.071068e-01,-4.997540e-01,2.426576e-14,-9.024751e-02,-5.000000e-01,-7.071068e-01,-4.736346e-15,-4.997540e-01,-9.024751e-02,2.511498e-14
70.1,610.0,-5.000000e-01,-6.160812e-15,7.071068e-01,-4.997541e-01,-7.867538e-15,9.028501e-02,-5.000000e-01,7.071068e-01,7.008100e-15,-4.997541e-01,9.028501e-02,1.520759e-14,-5.000000e-01,6.024144e-15,-7.071068e-01,-4.997541e-01,8.497096e-15,-9.028501e-02,-5.000000e-01,-7.071068e-01,-5.050075e-15,-4.997541e-01,-9.028501e-02,-1.646240e-14
70.1,635.0,-5.000000e-01,5.255769e-15,7.071068e-01,-4.997542e-01,-3.777991e-16,9.032262e-02,-5.000000e-01,7.071068e-01,-6.877002e-15,-4.997542e-01,9.032262e-02,-8.929696e-14,-5.000000e-01,-3.275108e-15,-7.071068e-01,-4.997542e-01,9.881727e-15,-9.032262e-02,-5.000000e-01,-7.071068e-01,-1.780383e-15,-4.997542e-01,-9.032262e-02,6.491099e-14
70.1,660.0,-5.000000e-01,1.385887e-15,7.071068e-01,-4.997543e-01,2.320558e-14,9.036034e-02,-5.000000e-01,7.071068e-01,1.060384e-15,-4.997543e-01,9.036034e-02,2.877342e-14,-5.000000e-01,-1.665016e-15,-7.071068e-01,-4.997543e-01,-2.216560e-14,-9.036034e-02,-5.000000e-01,-7.071068e-01,6.329219e-15,-4.997543e-01,-9.036034e-02,2.185528e-14
70.1,685.0,-5.000000e-01,1.457111e-14,7.071068e-01,-4.997544e-01,-2.794312e-14,9.039818e-02,-5.000000e-01,7.071068e-01,-9.895630e-15,-4.997544e-01,9.039818e-02,-6.235949e-14,-5.000000e-01,-1.352143e-14,-7.071068e-01,-4.997544e-01,3.165685e-14,-9.039818e-02,-5.000000e-01,-7.071068e-01,8.639497e-15,-4.997544e-01,-9.039818e-02,6.320656e-14
70.1,710.0,-5.000000e-01,3.129868e-15,7.071068e-01,-4.997545e-01,-3.762807e-14,9.043613e-02,-5.000000e-01,7.071068e-01,-4.262068e-15,-4.997545e-01,9.043613e-02,-5.939841e-14,-5.000000e-01,-2.740581e-15,-7.071068e-01,-4.997545e-01,3.856821e-14,-9.043613e-02,-5.000000e-01,-7.071068e-01,-1.445930e-15,-4.997545e-01,-9.043613e-02,5.812056e-14
70.1,735.0,-5.000000e-01,1.220896e-14,7.071068e-01,-4.997546e-01,2.673420e-15,9.047420e-02,-5.000000e-01,7.071068e-01,-1.472897e-14,-4.997546e-01,9.047420e-02,-1.575882e-14,-5.000000e-01,-1.182113e-14,-7.071068e-01,-4.997546e-01,-1.867911e-15,-9.047420e-02,-5.000000e-01,-7.071068e-01,1.324405e-14,-4.997546e-01,-9.047420e-02,1.579696e-14
70.1,760.0,-5.000000e-01,-3.106205e-15,7.071068e-01,-4.997547e-01,-1.372760e-14,9.051238e-02,-5.000000e-01,7.071068e-01,-2.663002e-15,-4.997547e-01,9.051238e-02,-9.249817e-15,-5.000000e-01,2.283060e-15,-7.071068e-01,-4.997547e-01,1.230823e-14,-9.051238e-02,-5.000000e-01,-7.071068e-01,-8.415846e-15,-4.997547e-01,-9.051238e-02,7.457431e-15
70.1,785.0,-5.000000e-01,-9.051977e-16,7.071068e-01,-4.997548e-01,1.033715e-14,9.055067e-02,-5.000000e-01,7.071068e-01,-2.637600e-15,-4.997548e-01,9.055067e-02,1.010727e-14,-5.000000e-01,3.628594e-16,-7.071068e-01,-4.997548e-01,-1.029067e-14,-9.055067e-02,-5.000000e-01,-7.071068e-01,-2.920564e-15,-4.997548e-01,-9.055067e-02,-1.140809e-14
70.1,810.0,-5.000000e-01,-6.872553e-15,7.071068e-01,-4.997549e-01,2.595477e-15,9.058908e-02,-5.000000e-01,7.071068e-01,1.413512e-15,-4.997549e-01,9.058908e-02,1.315182e-14,-5.000000e-01,5.093958e-15,-7.071068e-01,-4.997549e-01,-2.820846e-15,-9.058908e-02,-5.000000e-01,-7.071068e-01,-8.988346e-15,-4.997549e-01,-9.058908e-02,-1.312268e-14
70.1,835.0,-5.000000e-01,-8.026198e-15,7.071068e-01,-4.997550e-01,-1.039706e-14,9.062761e-02,-5.000000e-01,7.071068e-01,4.325888e-15,-4.997550e-01,9.062761e-02,1.549971e-14,-5.000000e-01,8.356149e-16,-7.071068e-01,-4.997550e-01,-2.158011e-14,-9.062761e-02,-5.000000e-01,-7.071068e-01,-3.514757e-15,-4.997550e-01,-9.062761e-02,-1.541732e-14
70.1,860.0,-5.000000e-01,-8.707995e-15,7.071068e-01,-4.997551e-01,9.598013e-16,9.066625e-02,-5.000000e-01,7.071068e-01,1.601116e-15,-4.997551e-01,9.066625e-02,-2.748934e-14,-5.000000e-01,3.940446e-15,-7.071068e-01,-4.997551e-01,-2.777677e-14,-9.066625e-02,-5.000000e-01,-7.071068e-01,-7.310925e-15,-4.997551e-01,-9.066625e-02,1.352924e-14
70.1,885.0,-5.000000e-01,-3.267545e-15,7.071068e-01,-4.997551e-01,-2.125461e-14,9.070501e-02,-5.000000e-01,7.071068e-01,4.429527e-15,-4.997551e-01,9.070501e-02,1.884601e-15,-5.000000e-01,3.130910e-15,-7.071068e-01,-4.997551e-01,2.163925e-14,-9.070501e-02,-5.000000e-01,-7.071068e-01,-2.883167e-15,-4.997551e-01,-9.070501e-02,-1.296575e-15
72.6,10.0,-5.000000e-01,-2.519579e-14,7.071068e-01,-4.997587e-01,-6.116942e-14,9.142894e-02,-5.000000e-01,7.071068e-01,1.915329e-14,-4.997587e-01,9.142894e-02,-8.847930e-15,-5.000000e-01,1.560219e-14,-7.071068e-01,-4.997587e-01,6.219322e-14,-9.142894e-02,-5.000000e-01,-7.071068e-01,-2.027323e-14,-4.997587e-01,-9.142894e-02,8.957230e-15
72.6,35.0,-5.000000e-01,-7.613645e-15,7.071068e-01,-4.997588e-01,-9.713638e-15,9.146261e-02,-5.000000e-01,7.071068e-01,1.229882e-14,-4.997588e-01,9.146261e-02,3.545062e-14,-5.000000e-01,1.073819e-14,-7.071068e-01,-4.997588e-01,9.809875e-15,-9.146261e-02,-5.000000e-01,-7.071068e-01,-1.245470e-14,-4.997588e-01,-9.146261e-02,-3.676333e-14
72.6,60.0,-5.000000e-01,2.347645e-15,7.071068e-01,-4.997589e-01,1.729441e-14,9.149638e-02,-5.000000e-01,7.071068e-01,-1.409618e-15,-4.997589e-01,9.149638e-02,3.982501e-15,-5.000000e-01,-6.430843e-16,-7.071068e-01,-4.997589e-01,-1.771046e-14,-9.149638e-02,-5.000000e-01,-7.071068e-01,3.413991e-15,-4.997589e-01,-9.149638e-02,-3.630989e-15
72.6,85.0,-5.000000e-01,-1.036340e-14,7.071068e-01,-4.997590e-01,-1.941133e-14,9.153026e-02,-5.000000e-01,7.071068e-01,1.300171e-14,-4.997590e-01,9.153026e-02,1.831331e-14,-5.000000e-01,8.114281e-15,-7.071068e-01,-4.997590e-01,1.901395e-14,-9.153026e-02,-5.000000e-01,-7.071068e-01,-1.260081e-14,-4.997590e-01,-9.153026e-02,-1.741205e-14
72.6,110.0,-5.000000e-01,1.005965e-14,7.071068e-01,-4.997591e-01,4.077950e-14,9.156423e-02,-5.000000e-01,7.071068e-01,-1.502442e-14,-4.997591e-01,9.156423e-02,-2.312443e-14,-5.000000e-01,-9.538972e-15,-7.071068e-01,-4.997591e-01,-4.274182e-14,-9.156423e-02,-5.000000e-01,-7.071068e-01,1.176002e-14,-4.997591e-01,-9.156423e-02,2.323970e-14
72.6,135.0,-5.000000e-01,-1.913315e-14,7.071068e-01,-4.997592e-01,-1.039031e-13,9.159831e-02,-5.000000e-01,7.071068e-01,2.770445e-14,-4.997592e-01,9.159831e-02,3.488644e-14,-5.000000e-01,2.556281e-14,-7.071068e-01,-4.997592e-01,1.063451e-13,-9.159831e-02,-5.000000e-01,-7.071068e-01,-2.642716e-14,-4.997592e-01,-9.159831e-02,-3.770994e-14
72.6,160.0,-5.000000e-01,6.974887e-16,7.071068e-01,-4.997592e-01,-1.701502e-14,9.163248e-02,-5.000000e-01,7.071068e-01,5.505545e-15,-4.997592e-01,9.163248e-02,-1.056511e-15,-5.000000e-01,5.331913e-15,-7.071068e-01,-4.997592e-01,1.750765e-14,-9.163248e-02,-5.000000e-01,-7.071068e-01,-5.901426e-15,-4.997592e-01,-9.163248e-02,5.534212e-16
72.6,185.0,-5.000000e-01,3.693485e-15,7.071068e-01,-4.997593e-01,-2.501598e-14,9.166676e-02,-5.000000e-01,7.071068e-01,1.735771e-14,-4.997593e-01,9.166676e-02,2.223380e-14,-5.000000e-01,1.129693e-14,-7.071068e-01,-4.997593e-01,-1.821263e-14,-9.166676e-02,-5.000000e-01,-7.071068e-01,-7.981973e-15,-4.997593e-01,-9.166676e-02,-1.528868e-14
72.6,210.0,-5.000000e-01,-2.511335e-16,7.071068e-01,-4.997594e-01,1.937423e-15,9.170114e-02,-5.000000e-01,7.071068e-01,-2.017544e-14,-4.997594e-01,9.170114e-02,1.362422e-14,-5.000000e-01,-7.057918e-15,-7.071068e-01,-4.997594e-01,-9.810662e-16,-9.170114e-02,-5.000000e-01,-7.071068e-01,9.894799e-15,-4.997594e-01,-9.170114e-02,-2.936871e-15
72.6,235.0,-5.000000e-01,-2.885483e-14,7.071068e-01,-4.997595e-01,-9.806439e-15,9.173563e-02,-5.000000e-01,7.071068e-01,-2.087024e-17,-4.997595e-01,9.173563e-02,-2.483097e-14,-5.000000e-01,-1.755627e-14,-7.071068e-01,-4.997595e-01,-3.922321e-14,-9.173563e-02,-5.000000e-01,-7.071068e-01,2.080922e-15,-4.997595e-01,-9.173563e-02,2.322889e-14
72.6,260.0,-5.000000e-01,3.603056e-14,7.071068e-01,-4.997596e-01,1.056803e-14,9.177021e-02,-5.000000e-01,7.071068e-01,8.568008e-15,-4.997596e-01,9.177021e-02,-2.825814e-14,-5.000000e-01,-2.621356e-14,-7.071068e-01,-4.997596e-01,-1.824067e-14,-9.177021e-02,-5.000000e-01,-7.071068e-01,2.032471e-14,-4.997596e-01,-9.177021e-02,-4.683461e-15
72.6,285.0,-5.000000e-01,-6.467268e-15,7.071068e-01,-4.997597e-01,-4.477542e-15,9.180491e-02,-5.000000e-01,7.071068e-01,-1.184374e-14,-4.997597e-01,9.180491e-02,5.127550e-16,-5.000000e-01,-5.066188e-15,-7.071068e-01,-4.997597e-01,-1.815602e-14,-9.180491e-02,-5.000000e-01,-7.071068e-01,-5.679873e-15,-4.997597e-01,-9.180491e-02,-8.391608e-15
72.6,310.0,-5.000000e-01,-1.408442e-14,7.071068e-01,-4.997597e-01,-9.750321e-15,9.183970e-02,-5.000000e-01,7.071068e-01,1.432113e-14,-4.997597e-01,9.183970e-02,4.759361e-15,-5.000000e-01,1.349548e-14,-7.071068e-01,-4.997597e-01,9.847041e-15,-9.183970e-02,-5.000000e-01,-7.071068e-01,-1.049700e-14,-4.997597e-01,-9.183970e-02,-3.565229e-15
72.6,335.0,-5.000000e-01,-4.302974e-15,7.071068e-01,-4.997598e-01,2.408360e-14,9.187460e-02,-5.000000e-01,7.071068e-01,5.063234e-15,-4.997598e-01,9.187460e-02,1.349924e-14,-5.000000e-01,3.578639e-15,-7.071068e-01,-4.997598e-01,-2.240990e-14,-9.187460e-02,-5.000000e-01,-7.071068e-01,-5.538871e-15,-4.997598e-01,-9.187460e-02,-1.344564e-14
72.6,360.0,-5.000000e-01,6.527110e-16,7.071068e-01,-4.997599e-01,-3.848424e-16,9.190960e-02,-5.000000e-01,7.071068e-01,-5.907763e-15,-4.997599e-01,9.190960e-02,-2.228498e-15,-5.000000e-01,-2.029340e-15,-7.071068e-01,-4.997599e-01,1.294861e-15,-9.190960e-02,-5.000000e-01,-7.071068e-01,-3.081304e-15,-4.997599e-01,-9.190960e-02,3.218182e-15
72.6,385.0,-5.000000e-01,1.591347e-15,7.071068e-01,-4.997600e-01,3.965948e-15,9.194471e-02,-5.000000e-01,7.071068e-01,-3.715648e-16,-4.997600e-01,9.194471e-02,5.486035e-16,-5.000000e-01,-1.654268e-15,-7.071068e-01,-4.997600e-01,-4.649195e-15,-9.194471e-02,-5.000000e-01,-7.071068e-01,2.020384e-15,-4.997600e-01,-9.194471e-02,-1.362173e-15
72.6,410.0,-5.000000e-01,-3.516086e-15,7.071068e-01,-4.997601e-01,-5.903891e-15,9.197992e-02,-5.000000e-01,7.071068e-01,-1.100471e-15,-4.997601e-01,9.197992e-02,5.395029e-15,-5.000000e-01,2.132662e-15,-7.071068e-01,-4.997601e-01,8.395062e-15,-9.197992e-02,-5.000000e-01,-7.071068e-01,-6.234712e-15,-4.997601e-01,-9.197992e-02,-5.073639e-15
72.6,435.0,-5.000000e-01,2.962544e-16,7.071068e-01,-4.997602e-01,-1.038405e-14,9.201524e-02,-5.000000e-01,7.071068e-01,-5.894477e-15,-4.997602e-01,9.201524e-02,-3.085338e-14,-5.000000e-01,-3.494768e-15,-7.071068e-01,-4.997602e-01,9.395804e-15,-9.201524e-02,-5.000000e-01,-7.071068e-01,3.592309e-15,-4.997602e-01,-9.201524e-02,3.059623e-14
72.6,460.0,-5.000000e-01,-8.502501e-16,7.071068e-01,-4.997602e-01,5.126293e-15,9.205067e-02,-5.000000e-01,7.071068e-01,-1.816583e-15,-4.997602e-01,9.205067e-02,-4.870687e-15,-5.000000e-01,-1.723918e-16,-7.071068e-01,-4.997602e-01,-5.984827e-15,-9.205067e-02,-5.000000e-01,-7.071068e-01,-4.444830e-15,-4.997602e-01,-9.205067e-02,5.695304e-15
72.6,485.0,-5.000000e-01,-1.060231e-15,7.071068e-01,-4.997603e-01,3.724116e-15,9.208620e-02,-5.000000e-01,7.071068e-01,-4.116586e-15,-4.997603e-01,9.208620e-02,1.141601e-15,-5.000000e-01,4.389747e-16,-7.071068e-01,-4.997603e-01,-5.914084e-15,-9.208620e-02,-5.000000e-01,-7.071068e-01,-5.025565e-15,-4.997603e-01,-9.208620e-02,-2.446225e-16
72.6,510.0,-5.000000e-01,-1.476793e-15,7.071068e-01,-4.997604e-01,-3.296238e-15,9.212184e-02,-5.000000e-01,7.071068e-01,6.708525e-15,-4.997604e-01,9.212184e-02,1.415379e-14,-5.000000e-01,1.694713e-15,-7.071068e-01,-4.997604e-01,3.795270e-15,-9.212184e-02,-5.000000e-01,-7.071068e-01,-3.454505e-15,-4.997604e-01,-9.212184e-02,-1.476892e-14
72.6,535.0,-5.000000e-01,1.704698e-15,7.071068e-01,-4.997605e-01,2.350311e-15,9.215758e-02,-5.000000e-01,7.071068e-01,-4.951868e-15,-4.997605e-01,9.215758e-02,-4.802434e-15,-5.000000e-01,-3.382891e-15,-7.071068e-01,-4.997605e-01,-2.535154e-15,-9.215758e-02,-5.000000e-01,-7.071068e-01,1.677745e-15,-4.997605e-01,-9.215758e-02,3.474583e-15
72.6,560.0,-5.000000e-01,6.029798e-15,7.071068e-01,-4.997606e-01,3.818909e-14,9.219343e-02,-5.000000e-01,7.071068e-01,4.499887e-15,-4.997606e-01,9.219343e-02,2.445860e-14,-5.000000e-01,-8.586132e-15,-7.071068e-01,-4.997606e-01,-3.828012e-14,-9.219343e-02,-5.000000e-01,-7.071068e-01,1.293427e-15,-4.997606e-01,-9.219343e-02,-2.384050e-14
72.6,585.0,-5.000000e-01,-3.783151e-15,7.071068e-01,-4.997607e-01,-1.063564e-14,9.222939e-02,-5.000000e-01,7.071068e-01,6.975948e-16,-4.997607e-01,9.222939e-02,1.005520e-14,-5.000000e-01,3.289856e-15,-7.071068e-01,-4.997607e-01,1.075384e-14,-9.222939e-02,-5.000000e-01,-7.071068e-01,-5.906303e-15,-4.997607e-01,-9.222939e-02,-1.023020e-14
72.6,610.0,-5.000000e-01,8.609753e-16,7.071068e-01,-4.997608e-01,1.894500e-14,9.226546e-02,-5.000000e-01,7.071068e-01,4.059591e-15,-4.997608e-01,9.226546e-02,8.437545e-15,-5.000000e-01,-3.100100e-15,-7.071068e-01,-4.997608e-01,-1.927428e-14,-9.226546e-02,-5.000000e-01,-7.071068e-01,5.757873e-16,-4.997608e-01,-9.226546e-02,-8.884402e-15
72.6,635.0,-5.000000e-01,2.364865e-15,7.071068e-01,-4.997609e-01,-5.711873e-15,9.230164e-02,-5.000000e-01,7.071068e-01,1.159109e-15,-4.997609e-01,9.230164e-02,3.969007e-15,-5.000000e-01,-3.891992e-15,-7.071068e-01,-4.997609e-01,5.162891e-15,-9.230164e-02,-5.000000e-01,-7.071068e-01,1.062581e-14,-4.997609e-01,-9.230164e-02,-2.885821e-15
72.6,660.0,-5.000000e-01,-7.283319e-16,7.071068e-01,-4.997609e-01,-2.550088e-15,9.233793e-02,-5.000000e-01,7.071068e-01,-2.745612e-15,-4.997609e-01,9.233793e-02,1.349970e-14,-5.000000e-01,-9.190248e-16,-7.071068e-01,-4.997609e-01,8.830378e-16,-9.233793e-02,-5.000000e-01,-7.071068e-01,-3.654999e-15,-4.997609e-01,-9.233793e-02,-1.288563e-14
72.6,685.0,-5.000000e-01,1.220239e-15,7.071068e-01,-4.997610e-01,1.863012e-15,9.237432e-02,-5.000000e-01,7.071068e-01,5.968924e-16,-4.997610e-01,9.237432e-02,-5.340099e-15,-5.000000e-01,-2.354687e-15,-7.071068e-01,-4.997610e-01,-1.199786e-15,-9.237432e-02,-5.000000e-01,-7.071068e-01,4.116232e-15,-4.997610e-01,-9.237432e-02,6.529390e-15
72.6,710.0,-5.000000e-01,3.493689e-15,7.071068e-01,-4.997611e-01,2.185142e-14,9.241083e-02,-5.000000e-01,7.071068e-01,1.470918e-16,-4.997611e-01,9.241083e-02,-1.270122e-14,-5.000000e-01,-5.665957e-15,-7.071068e-01,-4.997611e-01,-2.169770e-14,-9.241083e-02,-5.000000e-01,-7.071068e-01,6.812674e-15,-4.997611e-01,-9.241083e-02,1.308287e-14
72.6,735.0,-5.000000e-01,6.207048e-15,7.071068e-01,-4.997612e-01,1.315881e-15,9.244745e-02,-5.000000e-01,7.071068e-01,-2.231772e-15,-4.997612e-01,9.244745e-02,-3.551564e-15,-5.000000e-01,-6.667744e-15,-7.071068e-01,-4.997612e-01,-2.370599e-15,-9.244745e-02,-5.000000e-01,-7.071068e-01,2.401078e-15,-4.997612e-01,-9.244745e-02,3.639392e-15
72.6,760.0,-5.000000e-01,8.803086e-16,7.071068e-01,-4.997613e-01,-1.361094e-14,9.248417e-02,-5.000000e-01,7.071068e-01,-4.249588e-15,-4.997613e-01,9.248417e-02,-1.182758e-14,-5.000000e-01,-2.243797e-15,-7.071068e-01,-4.997613e-01,1.349482e-14,-9.248417e-02,-5.000000e-01,-7.071068e-01,5.331372e-15,-4.997613e-01,-9.248417e-02,1.051991e-14
72.6,785.0,-5.000000e-01,-9.587147e-15,7.071068e-01,-4.997614e-01,-1.540935e-14,9.252101e-02,-5.000000e-01,7.071068e-01,9.492763e-15,-4.997614e-01,9.252101e-02,9.820783e-15,-5.000000e-01,9.182397e-15,-7.071068e-01,-4.997614e-01,1.624052e-14,-9.252101e-02,-5.000000e-01,-7.071068e-01,-1.003155e-14,-4.997614e-01,-9.252101e-02,-9.870035e-15
72.6,810.0,-5.000000e-01,3.397722e-16,7.071068e-01,-4.997615e-01,1.264493e-14,9.255796e-02,-5.000000e-01,7.071068e-01,-5.156136e-15,-4.997615e-01,9.255796e-02,1.985923e-15,-5.000000e-01,-9.403623e-16,-7.071068e-01,-4.997615e-01,-1.118052e-14,-9.255796e-02,-5.000000e-01,-7.071068e-01,-2.609082e-15,-4.997615e-01,-9.255796e-02,-3.200390e-15
72.6,835.0,-5.000000e-01,-9.011056e-15,7.071068e-01,-4.997616e-01,3.400270e-15,9.259502e-02,-5.000000e-01,7.071068e-01,9.877810e-15,-4.997616e-01,9.259502e-02,-7.071498e-16,-5.000000e-01,1.010779e-14,-7.071068e-01,-4.997616e-01,-3.312470e-15,-9.259502e-02,-5.000000e-01,-7.071068e-01,-1.158389e-14,-4.997616e-01,-9.259502e-02,1.707279e-15
72.6,860.0,-5.000000e-01,1.208693e-14,7.071068e-01,-4.997617e-01,2.290605e-14,9.263219e-02,-5.000000e-01,7.071068e-01,-1.579012e-14,-4.997617e-01,9.263219e-02,1.691834e-15,-5.000000e-01,-1.378870e-14,-7.071068e-01,-4.997617e-01,-2.260873e-14,-9.263219e-02,-5.000000e-01,-7.071068e-01,7.660898e-15,-4.997617e-01,-9.263219e-02,-2.223480e-15
72.6,885.0,-5.000000e-01,3.455964e-14,7.071068e-01,-4.997617e-01,-4.201086e-15,9.266948e-02,-5.000000e-01,7.071068e-01,-2.516739e-14,-4.997617e-01,9.266948e-02,-6.991788e-15,-5.000000e-01,-3.539386e-14,-7.071068e-01,-4.997617e-01,2.434585e-15,-9.266948e-02,-5.000000e-01,-7.071068e-01,2.780884e-14,-4.997617e-01,-9.266948e-02,6.140779e-15
75.1,10.0,-5.000000e-01,-9.973229e-15,7.071068e-01,-4.997652e-01,-3.619039e-14,9.346653e-02,-5.000000e-01,7.071068e-01,2.276028e-14,-4.997652e-01,9.346653e-02,2.336836e-15,-5.000000e-01,3.719511e-15,-7.071068e-01,-4.997652e-01,6.191769e-15,-9.346653e-02,-5.000000e-01,-7.071068e-01,-3.210398e-14,-4.997652e-01,-9.346653e-02,3.002040e-15
75.1,35.0,-5.000000e-01,1.425246e-14,7.071068e-01,-4.997653e-01,3.285480e-14,9.349895e-02,-5.000000e-01,7.071068e-01,3.885214e-15,-4.997653e-01,9.349895e-02,-6.226560e-16,-5.000000e-01,2.977838e-15,-7.071068e-01,-4.997653e-01,-2.277060e-15,-9.349895e-02,-5.000000e-01,-7.071068e-01,5.848741e-14,-4.997653e-01,-9.349895e-02,-2.655271e-15
75.1,60.0,-5.000000e-01,-2.648762e-14,7.071068e-01,-4.997653e-01,-1.440649e-13,9.353147e-02,-5.000000e-01,7.071068e-01,4.632475e-15,-4.997653e-01,9.353147e-02,2.282812e-14,-5.000000e-01,-3.450605e-15,-7.071068e-01,-4.997653e-01,-7.273385e-16,-9.353147e-02,-5.000000e-01,-7.071068e-01,-5.388147e-14,-4.997653e-01,-9.353147e-02,-5.944532e-15
75.1,85.0,-5.000000e-01,-3.068582e-15,7.071068e-01,-4.997654e-01,2.795457e-14,9.356408e-02,-5.000000e-01,7.071068e-01,-5.014598e-14,-4.997654e-01,9.356408e-02,1.745340e-14,-5.000000e-01,1.604300e-14,-7.071068e-01,-4.997654e-01,-2.812886e-15,-9.356408e-02,-5.000000e-01,-7.071068e-01,-3.399571e-14,-4.997654e-01,-9.356408e-02,-1.863438e-14
75.1,110.0,-5.000000e-01,6.588906e-16,7.071068e-01,-4.997655e-01,7.974214e-15,9.359679e-02,-5.000000e-01,7.071068e-01,-3.169897e-14,-4.997655e-01,9.359679e-02,-2.605710e-15,-5.000000e-01,4.800858e-15,-7.071068e-01,-4.997655e-01,3.120945e-15,-9.359679e-02,-5.000000e-01,-7.071068e-01,-1.263027e-14,-4.997655e-01,-9.359679e-02,3.310360e-15
75.1,135.0,-5.000000e-01,1.801785e-15,7.071068e-01,-4.997656e-01,2.507095e-14,9.362960e-02,-5.000000e-01,7.071068e-01,-6.314681e-15,-4.997656e-01,9.362960e-02,9.101121e-15,-5.000000e-01,-1.016900e-14,-7.071068e-01,-4.997656e-01,-2.731703e-14,-9.362960e-02,-5.000000e-01,-7.071068e-01,6.410274e-15,-4.997656e-01,-9.362960e-02,-8.912581e-15
75.1,160.0,-5.000000e-01,-9.740965e-15,7.071068e-01,-4.997656e-01,9.763079e-15,9.366250e-02,-5.000000e-01,7.071068e-01,4.008574e-15,-4.997656e-01,9.366250e-02,-1.787774e-14,-5.000000e-01,8.906576e-15,-7.071068e-01,-4.997656e-01,-9.338321e-15,-9.366250e-02,-5.000000e-01,-7.071068e-01,-6.016933e-15,-4.997656e-01,-9.366250e-02,1.642564e-14
75.1,185.0,-5.000000e-01,-2.612161e-15,7.071068e-01,-4.997657e-01,4.047625e-14,9.369551e-02,-5.000000e-01,7.071068e-01,1.455311e-15,-4.997657e-01,9.369551e-02,1.298994e-14,-5.000000e-01,-3.417384e-15,-7.071068e-01,-4.997657e-01,-4.034097e-14,-9.369551e-02,-5.000000e-01,-7.071068e-01,-2.058754e-15,-4.997657e-01,-9.369551e-02,-1.138044e-14
75.1,210.0,-5.000000e-01,8.695152e-16,7.071068e-01,-4.997658e-01,1.492818e-13,9.372861e-02,-5.000000e-01,7.071068e-01,8.013925e-15,-4.997658e-01,9.372861e-02,-2.529309e-14,-5.000000e-01,4.654696e-14,-7.071068e-01,-4.997658e-01,2.059895e-14,-9.372861e-02,-5.000000e-01,-7.071068e-01,-7.599644e-15,-4.997658e-01,-9.372861e-02,-1.593960e-15
75.1,235.0,-5.000000e-01,-1.227022e-14,7.071068e-01,-4.997659e-01,-9.336549e-15,9.376181e-02,-5.000000e-01,7.071068e-01,2.493177e-14,-4.997659e-01,9.376181e-02,-4.257918e-15,-5.000000e-01,9.683017e-15,-7.071068e-01,-4.997659e-01,-2.052739e-16,-9.376181e-02,-5.000000e-01,-7.071068e-01,-1.471508e-14,-4.997659e-01,-9.376181e-02,-5.617193e-15
75.1,260.0,-5.000000e-01,-1.044586e-14,7.071068e-01,-4.997659e-01,-2.848851e-14,9.379511e-02,-5.000000e-01,7.071068e-01,8.238198e-15,-4.997659e-01,9.379511e-02,-2.906171e-15,-5.000000e-01,6.418448e-15,-7.071068e-01,-4.997659e-01,2.879913e-14,-9.379511e-02,-5.000000e-01,-7.071068e-01,-1.143980e-14,-4.997659e-01,-9.379511e-02,2.926220e-15
75.1,285.0,-5.000000e-01,-3.562526e-15,7.071068e-01,-4.997660e-01,-2.339168e-14,9.382851e-02,-5.000000e-01,7.071068e-01,3.420877e-15,-4.997660e-01,9.382851e-02,-2.493095e-15,-5.000000e-01,5.127455e-15,-7.071068e-01,-4.997660e-01,2.434637e-14,-9.382851e-02,-5.000000e-01,-7.071068e-01,-5.128648e-15,-4.997660e-01,-9.382851e-02,1.898991e-15
75.1,310.0,-5.000000e-01,-3.278158e-15,7.071068e-01,-4.997661e-01,-1.521415e-14,9.386201e-02,-5.000000e-01,7.071068e-01,4.220468e-15,-4.997661e-01,9.386201e-02,-2.768038e-15,-5.000000e-01,6.333155e-15,-7.071068e-01,-4.997661e-01,1.403181e-14,-9.386201e-02,-5.000000e-01,-7.071068e-01,-5.195139e-15,-4.997661e-01,-9.386201e-02,3.530310e-15
75.1,335.0,-5.000000e-01,-1.203446e-14,7.071068e-01,-4.997662e-01,-1.104767e-14,9.389561e-02,-5.000000e-01,7.071068e-01,6.466587e-15,-4.997662e-01,9.389561e-02,-3.895285e-15,-5.000000e-01,3.210730e-15,-7.071068e-01,-4.997662e-01,9.973531e-15,-9.389561e-02,-5.000000e-01,-7.071068e-01,-7.970988e-15,-4.997662e-01,-9.389561e-02,3.867964e-15
75.1,360.0,-5.000000e-01,4.587170e-16,7.071068e-01,-4.997663e-01,-4.619513e-14,9.392931e-02,-5.000000e-01,7.071068e-01,-5.777964e-15,-4.997663e-01,9.392931e-02,-3.290514e-14,-5.000000e-01,-8.205830e-15,-7.071068e-01,-4.997663e-01,4.450814e-14,-9.392931e-02,-5.000000e-01,-7.071068e-01,4.902261e-15,-4.997663e-01,-9.392931e-02,3.228557e-14
75.1,385.0,-5.000000e-01,1.547791e-15,7.071068e-01,-4.997663e-01,2.356646e-15,9.396312e-02,-5.000000e-01,7.071068e-01,1.005101e-15,-4.997663e-01,9.396312e-02,1.208521e-14,-5.000000e-01,2.552701e-15,-7.071068e-01,-4.997663e-01,-2.510934e-15,-9.396312e-02,-5.000000e-01,-7.071068e-01,-1.449230e-15,-4.997663e-01,-9.396312e-02,-1.238902e-14
75.1,410.0,-5.000000e-01,-5.372938e-15,7.071068e-01,-4.997664e-01,-1.016489e-14,9.399702e-02,-5.000000e-01,7.071068e-01,5.577048e-16,-4.997664e-01,9.399702e-02,-9.072181e-16,-5.000000e-01,-3.590310e-15,-7.071068e-01,-4.997664e-01,1.077616e-14,-9.399702e-02,-5.000000e-01,-7.071068e-01,-2.328577e-15,-4.997664e-01,-9.399702e-02,4.932455e-17
75.1,435.0,-5.000000e-01,-1.641188e-14,7.071068e-01,-4.997665e-01,-5.959637e-15,9.403103e-02,-5.000000e-01,7.071068e-01,-7.104099e-15,-4.997665e-01,9.403103e-02,3.105758e-15,-5.000000e-01,1.073087e-14,-7.071068e-01,-4.997665e-01,6.275902e-15,-9.403103e-02,-5.000000e-01,-7.071068e-01,1.038755e-14,-4.997665e-01,-9.403103e-02,-2.934920e-15
75.1,460.0,-5.000000e-01,4.773571e-16,7.071068e-01,-4.997666e-01,-8.298794e-15,9.406513e-02,-5.000000e-01,7.071068e-01,-1.660101e-15,-4.997666e-01,9.406513e-02,-1.137975e-14,-5.000000e-01,-1.473121e-15,-7.071068e-01,-4.997666e-01,7.195863e-15,-9.406513e-02,-5.000000e-01,-7.071068e-01,4.865017e-15,-4.997666e-01,-9.406513e-02,1.100048e-14
75.1,485.0,-5.000000e-01,-4.078632e-15,7.071068e-01,-4.997667e-01,-2.304422e-14,9.409934e-02,-5.000000e-01,7.071068e-01,1.913975e-15,-4.997667e-01,9.409934e-02,-1.206307e-14,-5.000000e-01,4.320316e-15,-7.071068e-01,-4.997667e-01,2.216346e-14,-9.409934e-02,-5.000000e-01,-7.071068e-01,-3.311908e-16,-4.997667e-01,-9.409934e-02,1.212976e-14
75.1,510.0,-5.000000e-01,2.793791e-15,7.071068e-01,-4.997667e-01,-8.681970e-15,9.413366e-02,-5.000000e-01,7.071068e-01,-9.935058e-15,-4.997667e-01,9.413366e-02,-3.997554e-14,-5.000000e-01,-3.522040e-15,-7.071068e-01,-4.997667e-01,8.723969e-15,-9.413366e-02,-5.000000e-01,-7.071068e-01,7.840640e-15,-4.997667e-01,-9.413366e-02,4.041325e-14
75.1,535.0,-5.000000e-01,3.568366e-15,7.071068e-01,-4.997668e-01,1.010126e-14,9.416807e-02,-5.000000e-01,7.071068e-01,-4.617489e-15,-4.997668e-01,9.416807e-02,-8.923058e-15,-5.000000e-01,-4.166337e-15,-7.071068e-01,-4.997668e-01,-9.774534e-15,-9.416807e-02,-5.000000e-01,-7.071068e-01,1.513680e-15,-4.997668e-01,-9.416807e-02,7.555268e-15
75.1,560.0,-5.000000e-01,-4.265864e-15,7.071068e-01,-4.997669e-01,1.805599e-15,9.420259e-02,-5.000000e-01,7.071068e-01,9.629769e-15,-4.997669e-01,9.420259e-02,8.876410e-15,-5.000000e-01,2.764566e-15,-7.071068e-01,-4.997669e-01,-2.408937e-15,-9.420259e-02,-5.000000e-01,-7.071068e-01,-1.268684e-15,-4.997669e-01,-9.420259e-02,-7.329456e-15
75.1,585.0,-5.000000e-01,-1.543348e-15,7.071068e-01,-4.997670e-01,-1.477427e-14,9.423722e-02,-5.000000e-01,7.071068e-01,-2.072979e-15,-4.997670e-01,9.423722e-02,-6.484630e-15,-5.000000e-01,-1.336952e-16,-7.071068e-01,-4.997670e-01,1.410638e-14,-9.423722e-02,-5.000000e-01,-7.071068e-01,1.695373e-15,-4.997670e-01,-9.423722e-02,6.268985e-15
75.1,610.0,-5.000000e-01,2.251531e-15,7.071068e-01,-4.997671e-01,4.032114e-15,9.427195e-02,-5.000000e-01,7.071068e-01,-4.374709e-15,-4.997671e-01,9.427195e-02,-7.999394e-15,-5.000000e-01,-2.469179e-15,-7.071068e-01,-4.997671e-01,-3.558445e-15,-9.427195e-02,-5.000000e-01,-7.071068e-01,6.535154e-16,-4.997671e-01,-9.427195e-02,8.168915e-15
75.1,635.0,-5.000000e-01,-2.094702e-15,7.071068e-01,-4.997671e-01,4.484887e-15,9.430678e-02,-5.000000e-01,7.071068e-01,-1.882932e-15,-4.997671e-01,9.430678e-02,6.070231e-15,-5.000000e-01,5.167516e-16,-7.071068e-01,-4.997671e-01,-4.367068e-15,-9.430678e-02,-5.000000e-01,-7.071068e-01,-6.934887e-15,-4.997671e-01,-9.430678e-02,-5.945679e-15
75.1,660.0,-5.000000e-01,5.053176e-16,7.071068e-01,-4.997672e-01,-1.384945e-15,9.434172e-02,-5.000000e-01,7.071068e-01,3.684880e-16,-4.997672e-01,9.434172e-02,1.397929e-16,-5.000000e-01,-1.667070e-15,-7.071068e-01,-4.997672e-01,1.324920e-15,-9.434172e-02,-5.000000e-01,-7.071068e-01,8.674821e-16,-4.997672e-01,-9.434172e-02,-8.215928e-16
75.1,685.0,-5.000000e-01,1.929733e-15,7.071068e-01,-4.997673e-01,2.211611e-14,9.437676e-02,-5.000000e-01,7.071068e-01,6.606072e-15,-4.997673e-01,9.437676e-02,1.191158e-14,-5.000000e-01,-2.118838e-15,-7.071068e-01,-4.997673e-01,-2.363664e-14,-9.437676e-02,-5.000000e-01,-7.071068e-01,1.012778e-15,-4.997673e-01,-9.437676e-02,-1.198774e-14
75.1,710.0,-5.000000e-01,2.525540e-14,7.071068e-01,-4.997674e-01,-1.514284e-15,9.441191e-02,-5.000000e-01,7.071068e-01,-3.131221e-14,-4.997674e-01,9.441191e-02,6.498279e-15,-5.000000e-01,-2.649644e-14,-7.071068e-01,-4.997674e-01,1.326530e-15,-9.441191e-02,-5.000000e-01,-7.071068e-01,3.355206e-14,-4.997674e-01,-9.441191e-02,-5.445506e-15
75.1,735.0,-5.000000e-01,-3.993884e-15,7.071068e-01,-4.997675e-01,4.693438e-16,9.444717e-02,-5.000000e-01,7.071068e-01,4.816212e-15,-4.997675e-01,9.444717e-02,2.298640e-14,-5.000000e-01,1.713809e-15,-7.071068e-01,-4.997675e-01,-7.081741e-16,-9.444717e-02,-5.000000e-01,-7.071068e-01,-5.575867e-15,-4.997675e-01,-9.444717e-02,-2.312096e-14
75.1,760.0,-5.000000e-01,5.597583e-15,7.071068e-01,-4.997676e-01,2.920305e-14,9.448253e-02,-5.000000e-01,7.071068e-01,-1.976284e-15,-4.997676e-01,9.448253e-02,2.717842e-14,-5.000000e-01,-5.079469e-15,-7.071068e-01,-4.997676e-01,-2.825623e-14,-9.448253e-02,-5.000000e-01,-7.071068e-01,-4.452407e-15,-4.997676e-01,-9.448253e-02,-2.788196e-14
75.1,785.0,-5.000000e-01,-4.718138e-15,7.071068e-01,-4.997676e-01,-5.216645e-15,9.451800e-02,-5.000000e-01,7.071068e-01,5.855815e-15,-4.997676e-01,9.451800e-02,-1.048759e-14,-5.000000e-01,2.239671e-15,-7.071068e-01,-4.997676e-01,5.642914e-15,-9.451800e-02,-5.000000e-01,-7.071068e-01,9.144909e-16,-4.997676e-01,-9.451800e-02,8.988548e-15
75.1,810.0,-5.000000e-01,5.342209e-15,7.071068e-01,-4.997677e-01,-1.104021e-14,9.455358e-02,-5.000000e-01,7.071068e-01,-1.350555e-14,-4.997677e-01,9.455358e-02,-3.426504e-14,-5.000000e-01,-6.354344e-15,-7.071068e-01,-4.997677e-01,1.058705e-14,-9.455358e-02,-5.000000e-01,-7.071068e-01,9.580482e-15,-4.997677e-01,-9.455358e-02,3.501977e-14
75.1,835.0,-5.000000e-01,-8.092686e-16,7.071068e-01,-4.997678e-01,-6.161307e-15,9.458926e-02,-5.000000e-01,7.071068e-01,-5.046136e-16,-4.997678e-01,9.458926e-02,3.875508e-15,-5.000000e-01,-1.047589e-15,-7.071068e-01,-4.997678e-01,5.149994e-15,-9.458926e-02,-5.000000e-01,-7.071068e-01,1.155604e-16,-4.997678e-01,-9.458926e-02,-3.914093e-15
75.1,860.0,-5.000000e-01,-4.163999e-15,7.071068e-01,-4.997679e-01,-9.666774e-15,9.462505e-02,-5.000000e-01,7.071068e-01,1.053326e-15,-4.997679e-01,9.462505e-02,-2.164349e-15,-5.000000e-01,2.871055e-15,-7.071068e-01,-4.997679e-01,8.811923e-15,-9.462505e-02,-5.000000e-01,-7.071068e-01,-5.620302e-15,-4.997679e-01,-9.462505e-02,2.375118e-15
75.1,885.0,-5.000000e-01,3.180577e-15,7.071068e-01,-4.997680e-01,9.013173e-15,9.466096e-02,-5.000000e-01,7.071068e-01,-2.570007e-15,-4.997680e-01,9.466096e-02,1.469472e-15,-5.000000e-01,-3.852323e-15,-7.071068e-01,-4.997680e-01,-9.994615e-15,-9.466096e-02,-5.000000e-01,-7.071068e-01,3.501057e-15,-4.997680e-01,-9.466096e-02,-2.118309e-16
77.6,10.0,-5.000000e-01,5.513268e-17,7.071068e-01,-4.997713e-01,-3.381737e-15,9.552445e-02,-5.000000e-01,7.071068e-01,-1.202975e-15,-4.997713e-01,9.552445e-02,3.026842e-15,-5.000000e-01,-2.152168e-15,-7.071068e-01,-4.997713e-01,-1.617906e-15,-9.552445e-02,-5.000000e-01,-7.071068e-01,-6.425646e-15,-4.997713e-01,-9.552445e-02,1.062557e-14
77.6,35.0,-5.000000e-01,-4.464681e-15,7.071068e-01,-4.997713e-01,1.418230e-14,9.555569e-02,-5.000000e-01,7.071068e-01,-7.932676e-15,-4.997713e-01,9.555569e-02,-7.204138e-15,-5.000000e-01,1.352553e-14,-7.071068e-01,-4.997713e-01,-3.229323e-15,-9.555569e-02,-5.000000e-01,-7.071068e-01,-6.475654e-15,-4.997713e-01,-9.555569e-02,1.188394e-14
77.6,60.0,-5.000000e-01,-3.136880e-15,7.071068e-01,-4.997714e-01,-3.166815e-14,9.558702e-02,-5.000000e-01,7.071068e-01,2.813471e-14,-4.997714e-01,9.558702e-02,-1.389106e-14,-5.000000e-01,-1.426300e-14,-7.071068e-01,-4.997714e-01,3.323099e-15,-9.558702e-02,-5.000000e-01,-7.071068e-01,-9.449648e-15,-4.997714e-01,-9.558702e-02,1.056145e-14
77.6,85.0,-5.000000e-01,3.000052e-15,7.071068e-01,-4.997715e-01,-1.298740e-15,9.561845e-02,-5.000000e-01,7.071068e-01,-5.638433e-15,-4.997715e-01,9.561845e-02,9.559460e-15,-5.000000e-01,1.978012e-15,-7.071068e-01,-4.997715e-01,1.982376e-15,-9.561845e-02,-5.000000e-01,-7.071068e-01,1.408117e-14,-4.997715e-01,-9.561845e-02,-1.318909e-14
77.6,110.0,-5.000000e-01,5.815593e-15,7.071068e-01,-4.997715e-01,5.863808e-16,9.564997e-02,-5.000000e-01,7.071068e-01,-9.066860e-16,-4.997715e-01,9.564997e-02,-5.357935e-15,-5.000000e-01,-1.747777e-14,-7.071068e-01,-4.997715e-01,1.383920e-14,-9.564997e-02,-5.000000e-01,-7.071068e-01,5.077442e-15,-4.997715e-01,-9.564997e-02,-6.146566e-15
77.6,135.0,-5.000000e-01,6.688676e-15,7.071068e-01,-4.997716e-01,1.286313e-14,9.568158e-02,-5.000000e-01,7.071068e-01,-2.144491e-14,-4.997716e-01,9.568158e-02,1.088291e-15,-5.000000e-01,-2.938548e-16,-7.071068e-01,-4.997716e-01,-4.289404e-15,-9.568158e-02,-5.000000e-01,-7.071068e-01,-7.874302e-15,-4.997716e-01,-9.568158e-02,2.693875e-16
77.6,160.0,-5.000000e-01,6.238852e-15,7.071068e-01,-4.997717e-01,1.307868e-14,9.571329e-02,-5.000000e-01,7.071068e-01,1.418237e-14,-4.997717e-01,9.571329e-02,-3.585997e-15,-5.000000e-01,-3.162904e-15,-7.071068e-01,-4.997717e-01,-9.976063e-16,-9.571329e-02,-5.000000e-01,-7.071068e-01,1.816287e-14,-4.997717e-01,-9.571329e-02,8.416412e-15
77.6,185.0,-5.000000e-01,-1.908023e-15,7.071068e-01,-4.997718e-01,1.126855e-15,9.574509e-02,-5.000000e-01,7.071068e-01,-4.352831e-15,-4.997718e-01,9.574509e-02,-1.005023e-14,-5.000000e-01,-1.358744e-15,-7.071068e-01,-4.997718e-01,-3.089061e-14,-9.574509e-02,-5.000000e-01,-7.071068e-01,-8.934667e-15,-4.997718e-01,-9.574509e-02,-1.216573e-15
77.6,210.0,-5.000000e-01,-3.302637e-14,7.071068e-01,-4.997718e-01,-1.835729e-14,9.577699e-02,-5.000000e-01,7.071068e-01,4.147208e-14,-4.997718e-01,9.577699e-02,6.952627e-15,-5.000000e-01,3.384295e-14,-7.071068e-01,-4.997718e-01,8.766865e-15,-9.577699e-02,-5.000000e-01,-7.071068e-01,-1.620601e-14,-4.997718e-01,-9.577699e-02,-1.403440e-15
77.6,235.0,-5.000000e-01,8.759580e-15,7.071068e-01,-4.997719e-01,2.879411e-14,9.580898e-02,-5.000000e-01,7.071068e-01,-1.549719e-14,-4.997719e-01,9.580898e-02,8.466863e-15,-5.000000e-01,3.682213e-15,-7.071068e-01,-4.997719e-01,-1.088417e-14,-9.580898e-02,-5.000000e-01,-7.071068e-01,1.383268e-14,-4.997719e-01,-9.580898e-02,4.420616e-15
77.6,260.0,-5.000000e-01,9.580715e-15,7.071068e-01,-4.997720e-01,3.316166e-14,9.584107e-02,-5.000000e-01,7.071068e-01,-1.126508e-14,-4.997720e-01,9.584107e-02,1.615103e-16,-5.000000e-01,4.552163e-15,-7.071068e-01,-4.997720e-01,-1.299529e-14,-9.584107e-02,-5.000000e-01,-7.071068e-01,2.315500e-14,-4.997720e-01,-9.584107e-02,-1.508857e-16
77.6,285.0,-5.000000e-01,-5.896421e-15,7.071068e-01,-4.997720e-01,-5.301889e-14,9.587326e-02,-5.000000e-01,7.071068e-01,-3.207712e-15,-4.997720e-01,9.587326e-02,3.492144e-15,-5.000000e-01,-6.985773e-16,-7.071068e-01,-4.997720e-01,6.489527e-15,-9.587326e-02,-5.000000e-01,-7.071068e-01,-2.274283e-14,-4.997720e-01,-9.587326e-02,1.568630e-15
77.6,310.0,-5.000000e-01,2.561315e-14,7.071068e-01,-4.997721e-01,6.403819e-14,9.590554e-02,-5.000000e-01,7.071068e-01,-1.789304e-14,-4.997721e-01,9.590554e-02,1.588096e-14,-5.000000e-01,-3.389403e-15,-7.071068e-01,-4.997721e-01,-1.310380e-14,-9.590554e-02,-5.000000e-01,-7.071068e-01,4.970610e-14,-4.997721e-01,-9.590554e-02,-1.791031e-14
77.6,335.0,-5.000000e-01,3.013016e-15,7.071068e-01,-4.997722e-01,7.186907e-15,9.593792e-02,-5.000000e-01,7.071068e-01,-8.709028e-15,-4.997722e-01,9.593792e-02,-2.686400e-15,-5.000000e-01,-2.680422e-16,-7.071068e-01,-4.997722e-01,6.591380e-16,-9.593792e-02,-5.000000e-01,-7.071068e-01,1.417818e-14,-4.997722e-01,-9.593792e-02,1.295953e-14
77.6,360.0,-5.000000e-01,-1.856001e-14,7.071068e-01,-4.997723e-01,-9.912658e-15,9.597040e-02,-5.000000e-01,7.071068e-01,2.492024e-14,-4.997723e-01,9.597040e-02,5.692499e-16,-5.000000e-01,1.560807e-14,-7.071068e-01,-4.997723e-01,1.239243e-14,-9.597040e-02,-5.000000e-01,-7.071068e-01,-2.869781e-15,-4.997723e-01,-9.597040e-02,-2.237272e-14
77.6,385.0,-5.000000e-01,-1.180060e-14,7.071068e-01,-4.997723e-01,-5.568576e-14,9.600297e-02,-5.000000e-01,7.071068e-01,-1.560947e-15,-4.997723e-01,9.600297e-02,6.300300e-15,-5.000000e-01,5.711087e-15,-7.071068e-01,-4.997723e-01,1.277638e-14,-9.600297e-02,-5.000000e-01,-7.071068e-01,-5.555997e-14,-4.997723e-01,-9.600297e-02,-1.899384e-15
77.6,410.0,-5.000000e-01,-1.612842e-14,7.071068e-01,-4.997724e-01,-2.324902e-14,9.603564e-02,-5.000000e-01,7.071068e-01,1.819845e-14,-4.997724e-01,9.603564e-02,-3.360596e-14,-5.000000e-01,1.570038e-14,-7.071068e-01,-4.997724e-01,2.073895e-14,-9.603564e-02,-5.000000e-01,-7.071068e-01,-1.170112e-14,-4.997724e-01,-9.603564e-02,3.324486e-14
77.6,435.0,-5.000000e-01,3.030983e-15,7.071068e-01,-4.997725e-01,-1.369239e-14,9.606841e-02,-5.000000e-01,7.071068e-01,-4.957035e-15,-4.997725e-01,9.606841e-02,1.252860e-14,-5.000000e-01,-3.636815e-15,-7.071068e-01,-4.997725e-01,1.386490e-14,-9.606841e-02,-5.000000e-01,-7.071068e-01,5.790858e-15,-4.997725e-01,-9.606841e-02,-1.192018e-14
77.6,460.0,-5.000000e-01,9.107310e-15,7.071068e-01,-4.997726e-01,3.150690e-14,9.610128e-02,-5.000000e-01,7.071068e-01,-9.813033e-15,-4.997726e-01,9.610128e-02,-8.675146e-15,-5.000000e-01,-9.540443e-15,-7.071068e-01,-4.997726e-01,-3.119679e-14,-9.610128e-02,-5.000000e-01,-7.071068e-01,4.848861e-15,-4.997726e-01,-9.610128e-02,9.959782e-15
77.6,485.0,-5.000000e-01,5.665771e-16,7.071068e-01,-4.997726e-01,-3.768842e-15,9.613424e-02,-5.000000e-01,7.071068e-01,-4.152067e-15,-4.997726e-01,9.613424e-02,-1.081951e-14,-5.000000e-01,-2.921543e-15,-7.071068e-01,-4.997726e-01,3.659091e-15,-9.613424e-02,-5.000000e-01,-7.071068e-01,5.220614e-15,-4.997726e-01,-9.613424e-02,1.004333e-14
77.6,510.0,-5.000000e-01,-6.058115e-15,7.071068e-01,-4.997727e-01,3.314314e-14,9.616731e-02,-5.000000e-01,7.071068e-01,2.063716e-14,-4.997727e-01,9.616731e-02,4.719139e-14,-5.000000e-01,4.019059e-15,-7.071068e-01,-4.997727e-01,-3.313228e-14,-9.616731e-02,-5.000000e-01,-7.071068e-01,-7.465984e-15,-4.997727e-01,-9.616731e-02,-4.559318e-14
77.6,535.0,-5.000000e-01,1.031905e-15,7.071068e-01,-4.997728e-01,1.114530e-14,9.620048e-02,-5.000000e-01,7.071068e-01,2.298828e-16,-4.997728e-01,9.620048e-02,7.714263e-15,-5.000000e-01,-1.542623e-15,-7.071068e-01,-4.997728e-01,-9.810297e-15,-9.620048e-02,-5.000000e-01,-7.071068e-01,-1.773929e-15,-4.997728e-01,-9.620048e-02,-8.501425e-15
77.6,560.0,-5.000000e-01,3.235336e-15,7.071068e-01,-4.997729e-01,1.176608e-14,9.623374e-02,-5.000000e-01,7.071068e-01,-3.179807e-15,-4.997729e-01,9.623374e-02,7.184259e-15,-5.000000e-01,-3.928198e-15,-7.071068e-01,-4.997729e-01,-1.081321e-14,-9.623374e-02,-5.000000e-01,-7.071068e-01,1.926229e-15,-4.997729e-01,-9.623374e-02,-7.924521e-15
77.6,585.0,-5.000000e-01,1.499587e-15,7.071068e-01,-4.997729e-01,1.977857e-14,9.626711e-02,-5.000000e-01,7.071068e-01,3.486881e-15,-4.997729e-01,9.626711e-02,4.214361e-15,-5.000000e-01,-3.177177e-15,-7.071068e-01,-4.997729e-01,-1.836285e-14,-9.626711e-02,-5.000000e-01,-7.071068e-01,1.735893e-15,-4.997729e-01,-9.626711e-02,-2.173180e-15
77.6,610.0,-5.000000e-01,1.127476e-15,7.071068e-01,-4.997730e-01,1.907948e-14,9.630057e-02,-5.000000e-01,7.071068e-01,2.605130e-15,-4.997730e-01,9.630057e-02,1.273537e-14,-5.000000e-01,-6.896276e-16,-7.071068e-01,-4.997730e-01,-1.834248e-14,-9.630057e-02,-5.000000e-01,-7.071068e-01,-2.329293e-15,-4.997730e-01,-9.630057e-02,-1.219167e-14
77.6,635.0,-5.000000e-01,2.159389e-15,7.071068e-01,-4.997731e-01,-3.541556e-15,9.633414e-02,-5.000000e-01,7.071068e-01,-8.109583e-15,-4.997731e-01,9.633414e-02,-1.039667e-14,-5.000000e-01,-4.913151e-15,-7.071068e-01,-4.997731e-01,2.307566e-15,-9.633414e-02,-5.000000e-01,-7.071068e-01,1.323703e-15,-4.997731e-01,-9.633414e-02,1.149684e-14
77.6,660.0,-5.000000e-01,-1.253284e-15,7.071068e-01,-4.997732e-01,9.743782e-15,9.636781e-02,-5.000000e-01,7.071068e-01,-3.368836e-15,-4.997732e-01,9.636781e-02,-3.958891e-15,-5.000000e-01,1.018384e-15,-7.071068e-01,-4.997732e-01,-1.034325e-14,-9.636781e-02,-5.000000e-01,-7.071068e-01,-8.705379e-15,-4.997732e-01,-9.636781e-02,3.006943e-15
77.6,685.0,-5.000000e-01,-1.195200e-14,7.071068e-01,-4.997732e-01,1.293611e-14,9.640158e-02,-5.000000e-01,7.071068e-01,4.021482e-16,-4.997732e-01,9.640158e-02,8.263875e-15,-5.000000e-01,6.882269e-15,-7.071068e-01,-4.997732e-01,-1.401310e-14,-9.640158e-02,-5.000000e-01,-7.071068e-01,-1.483341e-14,-4.997732e-01,-9.640158e-02,-8.755944e-15
77.6,710.0,-5.000000e-01,9.558202e-15,7.071068e-01,-4.997733e-01,-1.814922e-16,9.643545e-02,-5.000000e-01,7.071068e-01,-8.145487e-15,-4.997733e-01,9.643545e-02,-4.843999e-14,-5.000000e-01,2.118511e-15,-7.071068e-01,-4.997733e-01,7.762889e-16,-9.643545e-02,-5.000000e-01,-7.071068e-01,1.106976e-14,-4.997733e-01,-9.643545e-02,5.021311e-14
77.6,735.0,-5.000000e-01,1.353667e-15,7.071068e-01,-4.997734e-01,-4.157648e-15,9.646943e-02,-5.000000e-01,7.071068e-01,-7.368228e-15,-4.997734e-01,9.646943e-02,-1.339498e-14,-5.000000e-01,-2.107898e-15,-7.071068e-01,-4.997734e-01,5.192445e-15,-9.646943e-02,-5.000000e-01,-7.071068e-01,6.346134e-15,-4.997734e-01,-9.646943e-02,1.173983e-14
77.6,760.0,-5.000000e-01,-3.283382e-15,7.071068e-01,-4.997735e-01,-1.654163e-14,9.650351e-02,-5.000000e-01,7.071068e-01,1.837620e-15,-4.997735e-01,9.650351e-02,-9.881128e-15,-5.000000e-01,3.011784e-15,-7.071068e-01,-4.997735e-01,1.802337e-14,-9.650351e-02,-5.000000e-01,-7.071068e-01,2.661579e-15,-4.997735e-01,-9.650351e-02,1.006131e-14
77.6,785.0,-5.000000e-01,-1.879510e-15,7.071068e-01,-4.997736e-01,-1.641949e-14,9.653769e-02,-5.000000e-01,7.071068e-01,-2.475507e-15,-4.997736e-01,9.653769e-02,1.452361e-14,-5.000000e-01,2.139519e-15,-7.071068e-01,-4.997736e-01,1.673369e-14,-9.653769e-02,-5.000000e-01,-7.071068e-01,-5.759578e-15,-4.997736e-01,-9.653769e-02,-1.521051e-14
77.6,810.0,-5.000000e-01,-6.402319e-15,7.071068e-01,-4.997736e-01,-2.582953e-14,9.657197e-02,-5.000000e-01,7.071068e-01,7.098499e-15,-4.997736e-01,9.657197e-02,1.976676e-15,-5.000000e-01,5.051515e-15,-7.071068e-01,-4.997736e-01,2.439509e-14,-9.657197e-02,-5.000000e-01,-7.071068e-01,1.757432e-16,-4.997736e-01,-9.657197e-02,-1.002799e-15
77.6,835.0,-5.000000e-01,-6.439719e-16,7.071068e-01,-4.997737e-01,2.233636e-14,9.660636e-02,-5.000000e-01,7.071068e-01,6.716135e-15,-4.997737e-01,9.660636e-02,-6.271661e-15,-5.000000e-01,-3.039304e-16,-7.071068e-01,-4.997737e-01,-2.268060e-14,-9.660636e-02,-5.000000e-01,-7.071068e-01,1.462693e-15,-4.997737e-01,-9.660636e-02,6.957778e-15
77.6,860.0,-5.000000e-01,-2.956370e-15,7.071068e-01,-4.997738e-01,-1.223664e-14,9.664086e-02,-5.000000e-01,7.071068e-01,-3.890294e-16,-4.997738e-01,9.664086e-02,-8.696037e-15,-5.000000e-01,2.220812e-15,-7.071068e-01,-4.997738e-01,1.149624e-14,-9.664086e-02,-5.000000e-01,-7.071068e-01,-8.987921e-16,-4.997738e-01,-9.664086e-02,8.658915e-15
77.6,885.0,-5.000000e-01,-7.369761e-15,7.071068e-01,-4.997739e-01,-1.458707e-14,9.667545e-02,-5.000000e-01,7.071068e-01,-1.255148e-15,-4.997739e-01,9.667545e-02,-4.194284e-15,-5.000000e-01,5.313190e-15,-7.071068e-01,-4.997739e-01,1.346434e-14,-9.667545e-02,-5.000000e-01,-7.071068e-01,-8.977661e-15,-4.997739e-01,-9.667545e-02,3.404399e-15
80.1,10.0,-5.000000e-01,2.205381e-16,7.071068e-01,-4.997770e-01,-5.970900e-15,9.759944e-02,-5.000000e-01,7.071068e-01,-3.376426e-14,-4.997770e-01,9.759944e-02,-4.126492e-16,-5.000000e-01,-1.095086e-15,-7.071068e-01,-4.997770e-01,2.424809e-15,-9.759944e-02,-5.000000e-01,-7.071068e-01,-1.654277e-14,-4.997770e-01,-9.759944e-02,-3.557718e-16
80.1,35.0,-5.000000e-01,-2.893630e-15,7.071068e-01,-4.997771e-01,7.894530e-15,9.762956e-02,-5.000000e-01,7.071068e-01,-6.039102e-17,-4.997771e-01,9.762956e-02,-5.502718e-15,-5.000000e-01,6.617276e-15,-7.071068e-01,-4.997771e-01,-4.341058e-15,-9.762956e-02,-5.000000e-01,-7.071068e-01,1.207530e-15,-4.997771e-01,-9.762956e-02,3.217475e-15
80.1,60.0,-5.000000e-01,1.373485e-14,7.071068e-01,-4.997771e-01,1.654765e-14,9.765978e-02,-5.000000e-01,7.071068e-01,-7.775810e-15,-4.997771e-01,9.765978e-02,-8.187624e-15,-5.000000e-01,-1.390726e-14,-7.071068e-01,-4.997771e-01,-9.475488e-15,-9.765978e-02,-5.000000e-01,-7.071068e-01,1.504709e-14,-4.997771e-01,-9.765978e-02,4.853008e-16
80.1,85.0,-5.000000e-01,-8.748247e-17,7.071068e-01,-4.997772e-01,-1.240959e-14,9.769008e-02,-5.000000e-01,7.071068e-01,-7.222590e-15,-4.997772e-01,9.769008e-02,5.515546e-15,-5.000000e-01,-3.924991e-15,-7.071068e-01,-4.997772e-01,8.329693e-15,-9.769008e-02,-5.000000e-01,-7.071068e-01,-4.780096e-15,-4.997772e-01,-9.769008e-02,-4.920966e-15
80.1,110.0,-5.000000e-01,-8.117775e-15,7.071068e-01,-4.997773e-01,-2.156992e-14,9.772048e-02,-5.000000e-01,7.071068e-01,2.134556e-14,-4.997773e-01,9.772048e-02,1.789632e-15,-5.000000e-01,-6.081251e-15,-7.071068e-01,-4.997773e-01,7.899547e-15,-9.772048e-02,-5.000000e-01,-7.071068e-01,4.478089e-16,-4.997773e-01,-9.772048e-02,3.533744e-15
80.1,135.0,-5.000000e-01,-4.533200e-15,7.071068e-01,-4.997773e-01,-8.147919e-15,9.775096e-02,-5.000000e-01,7.071068e-01,1.968173e-15,-4.997773e-01,9.775096e-02,-4.149067e-15,-5.000000e-01,1.381601e-14,-7.071068e-01,-4.997773e-01,-1.921489e-16,-9.775096e-02,-5.000000e-01,-7.071068e-01,-9.833267e-15,-4.997773e-01,-9.775096e-02,1.741222e-15
80.1,160.0,-5.000000e-01,-1.762022e-15,7.071068e-01,-4.997774e-01,-1.709587e-14,9.778154e-02,-5.000000e-01,7.071068e-01,-1.116695e-14,-4.997774e-01,9.778154e-02,8.804106e-15,-5.000000e-01,1.164893e-14,-7.071068e-01,-4.997774e-01,2.882973e-14,-9.778154e-02,-5.000000e-01,-7.071068e-01,-1.700959e-14,-4.997774e-01,-9.778154e-02,3.102939e-14
80.1,185.0,-5.000000e-01,-2.022783e-14,7.071068e-01,-4.997775e-01,-1.627948e-14,9.781221e-02,-5.000000e-01,7.071068e-01,3.841879e-14,-4.997775e-01,9.781221e-02,2.336352e-15,-5.000000e-01,-8.981128e-17,-7.071068e-01,-4.997775e-01,4.902925e-15,-9.781221e-02,-5.000000e-01,-7.071068e-01,-6.188111e-14,-4.997775e-01,-9.781221e-02,1.415178e-14
80.1,210.0,-5.000000e-01,5.603439e-15,7.071068e-01,-4.997775e-01,3.379279e-15,9.784297e-02,-5.000000e-01,7.071068e-01,1.788547e-14,-4.997775e-01,9.784297e-02,-7.496600e-16,-5.000000e-01,-1.656821e-14,-7.071068e-01,-4.997775e-01,-2.191085e-15,-9.784297e-02,-5.000000e-01,-7.071068e-01,2.798995e-14,-4.997775e-01,-9.784297e-02,2.533014e-15
80.1,235.0,-5.000000e-01,-2.413080e-15,7.071068e-01,-4.997776e-01,8.743214e-15,9.787383e-02,-5.000000e-01,7.071068e-01,-3.274999e-14,-4.997776e-01,9.787383e-02,-4.248642e-16,-5.000000e-01,2.016646e-14,-7.071068e-01,-4.997776e-01,-2.897761e-15,-9.787383e-02,-5.000000e-01,-7.071068e-01,3.364649e-14,-4.997776e-01,-9.787383e-02,-7.324038e-16
80.1,260.0,-5.000000e-01,-7.569630e-15,7.071068e-01,-4.997777e-01,-1.934642e-14,9.790477e-02,-5.000000e-01,7.071068e-01,2.727267e-14,-4.997777e-01,9.790477e-02,-5.660136e-15,-5.000000e-01,-4.078005e-15,-7.071068e-01,-4.997777e-01,2.356058e-15,-9.790477e-02,-5.000000e-01,-7.071068e-01,-1.013875e-14,-4.997777e-01,-9.790477e-02,-2.809803e-15
80.1,285.0,-5.000000e-01,-2.046939e-15,7.071068e-01,-4.997777e-01,1.759658e-14,9.793581e-02,-5.000000e-01,7.071068e-01,1.205755e-14,-4.997777e-01,9.793581e-02,-4.784831e-15,-5.000000e-01,-4.073974e-15,-7.071068e-01,-4.997777e-01,-2.479806e-15,-9.793581e-02,-5.000000e-01,-7.071068e-01,2.700587e-15,-4.997777e-01,-9.793581e-02,4.603415e-15
80.1,310.0,-5.000000e-01,-1.100897e-14,7.071068e-01,-4.997778e-01,-1.277884e-14,9.796694e-02,-5.000000e-01,7.071068e-01,1.475561e-14,-4.997778e-01,9.796694e-02,2.011584e-14,-5.000000e-01,-1.834845e-16,-7.071068e-01,-4.997778e-01,-5.585586e-15,-9.796694e-02,-5.000000e-01,-7.071068e-01,6.621404e-15,-4.997778e-01,-9.796694e-02,2.170869e-14
80.1,335.0,-5.000000e-01,-1.270148e-15,7.071068e-01,-4.997779e-01,-1.578058e-14,9.799817e-02,-5.000000e-01,7.071068e-01,6.191783e-15,-4.997779e-01,9.799817e-02,-7.761854e-15,-5.000000e-01,-6.248988e-15,-7.071068e-01,-4.997779e-01,4.230548e-15,-9.799817e-02,-5.000000e-01,-7.071068e-01,-1.025026e-14,-4.997779e-01,-9.799817e-02,-4.522998e-15
80.1,360.0,-5.000000e-01,-2.594173e-15,7.071068e-01,-4.997779e-01,-1.414855e-14,9.802949e-02,-5.000000e-01,7.071068e-01,2.033791e-14,-4.997779e-01,9.802949e-02,3.380628e-15,-5.000000e-01,-3.388836e-15,-7.071068e-01,-4.997779e-01,-3.444140e-16,-9.802949e-02,-5.000000e-01,-7.071068e-01,-9.063434e-15,-4.997779e-01,-9.802949e-02,1.414128e-15
80.1,385.0,-5.000000e-01,5.558245e-16,7.071068e-01,-4.997780e-01,-9.138013e-15,9.806090e-02,-5.000000e-01,7.071068e-01,1.017165e-14,-4.997780e-01,9.806090e-02,1.374407e-14,-5.000000e-01,-2.756885e-14,-7.071068e-01,-4.997780e-01,7.686808e-15,-9.806090e-02,-5.000000e-01,-7.071068e-01,-6.483884e-14,-4.997780e-01,-9.806090e-02,9.824510e-15
80.1,410.0,-5.000000e-01,-5.363361e-15,7.071068e-01,-4.997781e-01,-2.766681e-14,9.809241e-02,-5.000000e-01,7.071068e-01,6.589625e-14,-4.997781e-01,9.809241e-02,-7.454309e-15,-5.000000e-01,-2.414063e-14,-7.071068e-01,-4.997781e-01,1.491526e-15,-9.809241e-02,-5.000000e-01,-7.071068e-01,-3.066870e-14,-4.997781e-01,-9.809241e-02,1.029883e-14
80.1,435.0,-5.000000e-01,9.930340e-16,7.071068e-01,-4.997782e-01,4.950390e-15,9.812401e-02,-5.000000e-01,7.071068e-01,-5.563723e-15,-4.997782e-01,9.812401e-02,-7.453990e-15,-5.000000e-01,-6.379027e-15,-7.071068e-01,-4.997782e-01,-3.579385e-15,-9.812401e-02,-5.000000e-01,-7.071068e-01,9.736515e-16,-4.997782e-01,-9.812401e-02,-6.992163e-16
80.1,460.0,-5.000000e-01,-5.886654e-15,7.071068e-01,-4.997782e-01,-6.140457e-15,9.815571e-02,-5.000000e-01,7.071068e-01,-5.300163e-14,-4.997782e-01,9.815571e-02,-1.414564e-15,-5.000000e-01,1.397287e-14,-7.071068e-01,-4.997782e-01,2.806408e-15,-9.815571e-02,-5.000000e-01,-7.071068e-01,-3.602175e-14,-4.997782e-01,-9.815571e-02,-1.447797e-15
80.1,485.0,-5.000000e-01,-1.133104e-15,7.071068e-01,-4.997783e-01,-1.200078e-14,9.818750e-02,-5.000000e-01,7.071068e-01,-1.346930e-14,-4.997783e-01,9.818750e-02,8.472596e-15,-5.000000e-01,-6.082091e-15,-7.071068e-01,-4.997783e-01,5.759123e-16,-9.818750e-02,-5.000000e-01,-7.071068e-01,-3.952947e-14,-4.997783e-01,-9.818750e-02,-1.151149e-14
80.1,510.0,-5.000000e-01,-1.674888e-15,7.071068e-01,-4.997784e-01,-4.411703e-15,9.821939e-02,-5.000000e-01,7.071068e-01,1.156528e-14,-4.997784e-01,9.821939e-02,4.591126e-15,-5.000000e-01,7.557848e-15,-7.071068e-01,-4.997784e-01,-4.845816e-16,-9.821939e-02,-5.000000e-01,-7.071068e-01,3.784452e-15,-4.997784e-01,-9.821939e-02,3.771019e-15
80.1,535.0,-5.000000e-01,7.770909e-17,7.071068e-01,-4.997784e-01,8.624494e-15,9.825138e-02,-5.000000e-01,7.071068e-01,6.276406e-15,-4.997784e-01,9.825138e-02,8.855217e-15,-5.000000e-01,-6.402637e-16,-7.071068e-01,-4.997784e-01,-8.958257e-15,-9.825138e-02,-5.000000e-01,-7.071068e-01,1.041110e-15,-4.997784e-01,-9.825138e-02,-1.004601e-14
80.1,560.0,-5.000000e-01,-2.529969e-15,7.071068e-01,-4.997785e-01,9.371226e-15,9.828346e-02,-5.000000e-01,7.071068e-01,-8.806834e-16,-4.997785e-01,9.828346e-02,2.246517e-14,-5.000000e-01,1.502586e-15,-7.071068e-01,-4.997785e-01,-8.076339e-15,-9.828346e-02,-5.000000e-01,-7.071068e-01,-1.182090e-14,-4.997785e-01,-9.828346e-02,-2.341736e-14
80.1,585.0,-5.000000e-01,-9.387661e-16,7.071068e-01,-4.997786e-01,1.665731e-14,9.831564e-02,-5.000000e-01,7.071068e-01,2.629959e-15,-4.997786e-01,9.831564e-02,-7.270382e-15,-5.000000e-01,5.620886e-16,-7.071068e-01,-4.997786e-01,-1.451741e-14,-9.831564e-02,-5.000000e-01,-7.071068e-01,-4.925473e-15,-4.997786e-01,-9.831564e-02,6.641105e-15
80.1,610.0,-5.000000e-01,8.360418e-15,7.071068e-01,-4.997786e-01,2.630137e-14,9.834791e-02,-5.000000e-01,7.071068e-01,-6.568619e-15,-4.997786e-01,9.834791e-02,1.185478e-14,-5.000000e-01,-9.242817e-15,-7.071068e-01,-4.997786e-01,-2.600363e-14,-9.834791e-02,-5.000000e-01,-7.071068e-01,2.214649e-15,-4.997786e-01,-9.834791e-02,-1.074789e-14
80.1,635.0,-5.000000e-01,-4.821750e-15,7.071068e-01,-4.997787e-01,-1.485421e-14,9.838028e-02,-5.000000e-01,7.071068e-01,1.517428e-16,-4.997787e-01,9.838028e-02,2.230870e-15,-5.000000e-01,3.714020e-15,-7.071068e-01,-4.997787e-01,1.535476e-14,-9.838028e-02,-5.000000e-01,-7.071068e-01,-4.673679e-15,-4.997787e-01,-9.838028e-02,-2.409184e-15
80.1,660.0,-5.000000e-01,-1.681490e-14,7.071068e-01,-4.997788e-01,-1.209309e-15,9.841276e-02,-5.000000e-01,7.071068e-01,2.074924e-14,-4.997788e-01,9.841276e-02,2.306535e-14,-5.000000e-01,1.528260e-14,-7.071068e-01,-4.997788e-01,3.944486e-17,-9.841276e-02,-5.000000e-01,-7.071068e-01,-1.834397e-14,-4.997788e-01,-9.841276e-02,-2.318925e-14
80.1,685.0,-5.000000e-01,7.342530e-16,7.071068e-01,-4.997789e-01,-2.675788e-14,9.844532e-02,-5.000000e-01,7.071068e-01,-2.696986e-15,-4.997789e-01,9.844532e-02,-2.210209e-15,-5.000000e-01,-2.396669e-15,-7.071068e-01,-4.997789e-01,2.612698e-14,-9.844532e-02,-5.000000e-01,-7.071068e-01,5.515525e-15,-4.997789e-01,-9.844532e-02,3.661722e-15
80.1,710.0,-5.000000e-01,-1.370331e-15,7.071068e-01,-4.997789e-01,-1.847124e-14,9.847799e-02,-5.000000e-01,7.071068e-01,3.429960e-15,-4.997789e-01,9.847799e-02,-7.720234e-15,-5.000000e-01,1.958614e-16,-7.071068e-01,-4.997789e-01,1.814675e-14,-9.847799e-02,-5.000000e-01,-7.071068e-01,9.630848e-15,-4.997789e-01,-9.847799e-02,9.458337e-15
80.1,735.0,-5.000000e-01,2.840969e-15,7.071068e-01,-4.997790e-01,-1.156401e-14,9.851076e-02,-5.000000e-01,7.071068e-01,-2.551557e-15,-4.997790e-01,9.851076e-02,1.046458e-14,-5.000000e-01,-3.892652e-15,-7.071068e-01,-4.997790e-01,1.073794e-14,-9.851076e-02,-5.000000e-01,-7.071068e-01,5.589125e-15,-4.997790e-01,-9.851076e-02,-1.134836e-14
80.1,760.0,-5.000000e-01,8.141452e-15,7.071068e-01,-4.997791e-01,3.582651e-14,9.854363e-02,-5.000000e-01,7.071068e-01,-4.795836e-15,-4.997791e-01,9.854363e-02,1.767030e-15,-5.000000e-01,-7.986332e-15,-7.071068e-01,-4.997791e-01,-3.433424e-14,-9.854363e-02,-5.000000e-01,-7.071068e-01,3.667404e-15,-4.997791e-01,-9.854363e-02,-2.820345e-15
80.1,785.0,-5.000000e-01,2.083447e-16,7.071068e-01,-4.997791e-01,-7.226613e-15,9.857659e-02,-5.000000e-01,7.071068e-01,-1.903040e-15,-4.997791e-01,9.857659e-02,-1.835460e-14,-5.000000e-01,4.960599e-16,-7.071068e-01,-4.997791e-01,6.024214e-15,-9.857659e-02,-5.000000e-01,-7.071068e-01,3.958324e-15,-4.997791e-01,-9.857659e-02,1.726175e-14
80.1,810.0,-5.000000e-01,2.117259e-14,7.071068e-01,-4.997792e-01,-2.071952e-14,9.860966e-02,-5.000000e-01,7.071068e-01,-3.061533e-14,-4.997792e-01,9.860966e-02,-3.034258e-16,-5.000000e-01,-2.370125e-14,-7.071068e-01,-4.997792e-01,1.996063e-14,-9.860966e-02,-5.000000e-01,-7.071068e-01,3.209916e-14,-4.997792e-01,-9.860966e-02,-1.488069e-15
80.1,835.0,-5.000000e-01,1.012774e-14,7.071068e-01,-4.997793e-01,7.527177e-15,9.864282e-02,-5.000000e-01,7.071068e-01,-6.396183e-15,-4.997793e-01,9.864282e-02,3.159233e-14,-5.000000e-01,-1.494969e-14,-7.071068e-01,-4.997793e-01,-2.119581e-14,-9.864282e-02,-5.000000e-01,-7.071068e-01,1.019130e-14,-4.997793e-01,-9.864282e-02,-2.690066e-14
80.1,860.0,-5.000000e-01,2.793201e-15,7.071068e-01,-4.997794e-01,-8.640460e-16,9.867609e-02,-5.000000e-01,7.071068e-01,-8.496353e-16,-4.997794e-01,9.867609e-02,-8.156724e-15,-5.000000e-01,-3.646771e-15,-7.071068e-01,-4.997794e-01,-7.143319e-16,-9.867609e-02,-5.000000e-01,-7.071068e-01,7.273336e-15,-4.997794e-01,-9.867609e-02,7.621858e-15
80.1,885.0,-5.000000e-01,1.923797e-14,7.071068e-01,-4.997794e-01,2.997590e-15,9.870946e-02,-5.000000e-01,7.071068e-01,-2.865960e-14,-4.997794e-01,9.870946e-02,-1.313944e-15,-5.000000e-01,-2.117432e-14,-7.071068e-01,-4.997794e-01,-1.411792e-15,-9.870946e-02,-5.000000e-01,-7.071068e-01,2.127326e-14,-4.997794e-01,-9.870946e-02,1.026782e-15
82.6,10.0,-5.000000e-01,-3.085065e-15,7.071068e-01,-4.997824e-01,-1.093901e-14,9.968859e-02,-5.000000e-01,7.071068e-01,1.334139e-14,-4.997824e-01,9.968859e-02,-1.765415e-14,-5.000000e-01,5.377636e-16,-7.071068e-01,-4.997824e-01,7.145868e-15,-9.968859e-02,-5.000000e-01,-7.071068e-01,-9.896865e-17,-4.997824e-01,-9.968859e-02,1.055035e-14
82.6,35.0,-5.000000e-01,1.081580e-14,7.071068e-01,-4.997825e-01,-7.368997e-16,9.971766e-02,-5.000000e-01,7.071068e-01,1.643379e-15,-4.997825e-01,9.971766e-02,-3.210301e-15,-5.000000e-01,-4.546203e-15,-7.071068e-01,-4.997825e-01,-2.424581e-15,-9.971766e-02,-5.000000e-01,-7.071068e-01,-1.021093e-14,-4.997825e-01,-9.971766e-02,2.429292e-15
82.6,60.0,-5.000000e-01,-8.999378e-15,7.071068e-01,-4.997826e-01,-3.055885e-15,9.974682e-02,-5.000000e-01,7.071068e-01,2.945999e-15,-4.997826e-01,9.974682e-02,9.961770e-15,-5.000000e-01,8.999378e-15,-7.071068e-01,-4.997826e-01,3.118101e-15,-9.974682e-02,-5.000000e-01,-7.071068e-01,-7.174321e-15,-4.997826e-01,-9.974682e-02,-4.751385e-15
82.6,85.0,-5.000000e-01,-2.901826e-15,7.071068e-01,-4.997826e-01,1.260294e-14,9.977607e-02,-5.000000e-01,7.071068e-01,-2.031340e-15,-4.997826e-01,9.977607e-02,2.294999e-14,-5.000000e-01,9.015382e-15,-7.071068e-01,-4.997826e-01,-6.951407e-15,-9.977607e-02,-5.000000e-01,-7.071068e-01,-6.897968e-15,-4.997826e-01,-9.977607e-02,-1.781805e-14
82.6,110.0,-5.000000e-01,-2.559605e-14,7.071068e-01,-4.997827e-01,-1.590191e-15,9.980540e-02,-5.000000e-01,7.071068e-01,9.833805e-15,-4.997827e-01,9.980540e-02,4.000123e-15,-5.000000e-01,2.831554e-14,-7.071068e-01,-4.997827e-01,1.118045e-15,-9.980540e-02,-5.000000e-01,-7.071068e-01,-1.476472e-14,-4.997827e-01,-9.980540e-02,1.230448e-15
82.6,135.0,-5.000000e-01,-4.669160e-15,7.071068e-01,-4.997828e-01,3.813274e-15,9.983482e-02,-5.000000e-01,7.071068e-01,-2.348252e-15,-4.997828e-01,9.983482e-02,-2.001745e-15,-5.000000e-01,1.115137e-15,-7.071068e-01,-4.997828e-01,-2.051187e-15,-9.983482e-02,-5.000000e-01,-7.071068e-01,4.002913e-15,-4.997828e-01,-9.983482e-02,-2.782894e-15
82.6,160.0,-5.000000e-01,-7.193195e-16,7.071068e-01,-4.997828e-01,9.334545e-15,9.986433e-02,-5.000000e-01,7.071068e-01,6.195135e-15,-4.997828e-01,9.986433e-02,4.616897e-15,-5.000000e-01,7.492912e-16,-7.071068e-01,-4.997828e-01,-6.130212e-16,-9.986433e-02,-5.000000e-01,-7.071068e-01,7.173859e-15,-4.997828e-01,-9.986433e-02,-2.877417e-16
82.6,185.0,-5.000000e-01,-9.818841e-16,7.071068e-01,-4.997829e-01,-1.074720e-14,9.989392e-02,-5.000000e-01,7.071068e-01,-1.025286e-14,-4.997829e-01,9.989392e-02,-5.439807e-15,-5.000000e-01,-5.421214e-15,-7.071068e-01,-4.997829e-01,4.076378e-15,-9.989392e-02,-5.000000e-01,-7.071068e-01,-1.818173e-14,-4.997829e-01,-9.989392e-02,2.530238e-15
82.6,210.0,-5.000000e-01,-6.687227e-15,7.071068e-01,-4.997829e-01,9.205537e-15,9.992361e-02,-5.000000e-01,7.071068e-01,-1.848128e-15,-4.997829e-01,9.992361e-02,8.291071e-15,-5.000000e-01,1.264990e-14,-7.071068e-01,-4.997829e-01,-4.623019e-15,-9.992361e-02,-5.000000e-01,-7.071068e-01,-8.059892e-15,-4.997829e-01,-9.992361e-02,-1.616104e-14
82.6,235.0,-5.000000e-01,1.630393e-14,7.071068e-01,-4.997830e-01,1.774454e-15,9.995338e-02,-5.000000e-01,7.071068e-01,-1.208465e-15,-4.997830e-01,9.995338e-02,2.949881e-15,-5.000000e-01,-2.522243e-14,-7.071068e-01,-4.997830e-01,-1.098448e-15,-9.995338e-02,-5.000000e-01,-7.071068e-01,8.364468e-15,-4.997830e-01,-9.995338e-02,-4.632022e-15
82.6,260.0,-5.000000e-01,-2.007730e-15,7.071068e-01,-4.997831e-01,-9.132017e-15,9.998325e-02,-5.000000e-01,7.071068e-01,-7.214088e-16,-4.997831e-01,9.998325e-02,-6.146329e-15,-5.000000e-01,-2.098646e-15,-7.071068e-01,-4.997831e-01,4.076828e-15,-9.998325e-02,-5.000000e-01,-7.071068e-01,1.035831e-15,-4.997831e-01,-9.998325e-02,-1.282189e-15
82.6,285.0,-5.000000e-01,-8.020856e-15,7.071068e-01,-4.997831e-01,-2.129552e-14,1.000132e-01,-5.000000e-01,7.071068e-01,1.332206e-14,-4.997831e-01,1.000132e-01,1.261739e-14,-5.000000e-01,6.711635e-15,-7.071068e-01,-4.997831e-01,1.073338e-14,-1.000132e-01,-5.000000e-01,-7.071068e-01,-1.417315e-14,-4.997831e-01,-1.000132e-01,-7.016178e-15
82.6,310.0,-5.000000e-01,2.155131e-14,7.071068e-01,-4.997832e-01,-1.128731e-14,1.000432e-01,-5.000000e-01,7.071068e-01,2.195624e-14,-4.997832e-01,1.000432e-01,-1.787483e-16,-5.000000e-01,-1.955374e-14,-7.071068e-01,-4.997832e-01,4.727716e-15,-1.000432e-01,-5.000000e-01,-7.071068e-01,-1.392503e-14,-4.997832e-01,-1.000432e-01,-2.997036e-15
82.6,335.0,-5.000000e-01,1.888573e-14,7.071068e-01,-4.997833e-01,1.102902e-14,1.000734e-01,-5.000000e-01,7.071068e-01,-1.721730e-14,-4.997833e-01,1.000734e-01,-4.400437e-15,-5.000000e-01,-2.400203e-14,-7.071068e-01,-4.997833e-01,-7.689378e-15,-1.000734e-01,-5.000000e-01,-7.071068e-01,1.510936e-14,-4.997833e-01,-1.000734e-01,-3.145636e-15
82.6,360.0,-5.000000e-01,4.853483e-15,7.071068e-01,-4.997833e-01,1.544959e-15,1.001036e-01,-5.000000e-01,7.071068e-01,1.402165e-15,-4.997833e-01,1.001036e-01,-7.659720e-15,-5.000000e-01,-7.335892e-15,-7.071068e-01,-4.997833e-01,-2.142923e-15,-1.001036e-01,-5.000000e-01,-7.071068e-01,8.380735e-15,-4.997833e-01,-1.001036e-01,5.741835e-15
82.6,385.0,-5.000000e-01,1.613969e-14,7.071068e-01,-4.997834e-01,6.590674e-16,1.001339e-01,-5.000000e-01,7.071068e-01,1.918601e-15,-4.997834e-01,1.001339e-01,-4.502058e-15,-5.000000e-01,-2.227663e-14,-7.071068e-01,-4.997834e-01,-1.447191e-15,-1.001339e-01,-5.000000e-01,-7.071068e-01,6.658972e-15,-4.997834e-01,-1.001339e-01,3.985011e-15
82.6,410.0,-5.000000e-01,-2.652467e-15,7.071068e-01,-4.997835e-01,-9.747224e-15,1.001643e-01,-5.000000e-01,7.071068e-01,1.743042e-14,-4.997835e-01,1.001643e-01,6.369357e-15,-5.000000e-01,2.360987e-15,-7.071068e-01,-4.997835e-01,4.235366e-15,-1.001643e-01,-5.000000e-01,-7.071068e-01,2.234276e-15,-4.997835e-01,-1.001643e-01,-6.519027e-15
82.6,435.0,-5.000000e-01,-4.747043e-15,7.071068e-01,-4.997835e-01,-1.640106e-14,1.001948e-01,-5.000000e-01,7.071068e-01,1.458703e-14,-4.997835e-01,1.001948e-01,1.190937e-14,-5.000000e-01,5.818022e-15,-7.071068e-01,-4.997835e-01,8.787600e-15,-1.001948e-01,-5.000000e-01,-7.071068e-01,2.075402e-15,-4.997835e-01,-1.001948e-01,-1.455144e-15
82.6,460.0,-5.000000e-01,-8.894479e-16,7.071068e-01,-4.997836e-01,2.149324e-14,1.002254e-01,-5.000000e-01,7.071068e-01,-1.242925e-14,-4.997836e-01,1.002254e-01,3.520146e-15,-5.000000e-01,6.463322e-15,-7.071068e-01,-4.997836e-01,-2.015035e-14,-1.002254e-01,-5.000000e-01,-7.071068e-01,8.524650e-15,-4.997836e-01,-1.002254e-01,-4.663133e-15
82.6,485.0,-5.000000e-01,-4.777654e-16,7.071068e-01,-4.997836e-01,4.962833e-15,1.002561e-01,-5.000000e-01,7.071068e-01,5.712832e-16,-4.997836e-01,1.002561e-01,-2.250031e-15,-5.000000e-01,1.716969e-15,-7.071068e-01,-4.997836e-01,-5.274265e-15,-1.002561e-01,-5.000000e-01,-7.071068e-01,1.926719e-15,-4.997836e-01,-1.002561e-01,7.865865e-15
82.6,510.0,-5.000000e-01,2.337283e-15,7.071068e-01,-4.997837e-01,-2.102221e-14,1.002869e-01,-5.000000e-01,7.071068e-01,2.887348e-15,-4.997837e-01,1.002869e-01,-1.675646e-14,-5.000000e-01,-1.474508e-14,-7.071068e-01,-4.997837e-01,1.079266e-14,-1.002869e-01,-5.000000e-01,-7.071068e-01,-9.381157e-15,-4.997837e-01,-1.002869e-01,1.988315e-14
82.6,535.0,-5.000000e-01,-1.068985e-14,7.071068e-01,-4.997838e-01,-1.445797e-14,1.003177e-01,-5.000000e-01,7.071068e-01,9.258730e-15,-4.997838e-01,1.003177e-01,1.490731e-14,-5.000000e-01,1.535864e-14,-7.071068e-01,-4.997838e-01,8.698827e-15,-1.003177e-01,-5.000000e-01,-7.071068e-01,-9.036926e-15,-4.997838e-01,-1.003177e-01,-1.878822e-14
82.6,560.0,-5.000000e-01,-2.724414e-14,7.071068e-01,-4.997838e-01,-8.297664e-15,1.003487e-01,-5.000000e-01,7.071068e-01,-8.348958e-14,-4.997838e-01,1.003487e-01,2.089855e-14,-5.000000e-01,9.411092e-14,-7.071068e-01,-4.997838e-01,-1.040030e-15,-1.003487e-01,-5.000000e-01,-7.071068e-01,6.654538e-14,-4.997838e-01,-1.003487e-01,8.922895e-15
82.6,585.0,-5.000000e-01,1.132099e-14,7.071068e-01,-4.997839e-01,2.209647e-14,1.003798e-01,-5.000000e-01,7.071068e-01,-4.145735e-14,-4.997839e-01,1.003798e-01,-1.574853e-15,-5.000000e-01,-9.833268e-15,-7.071068e-01,-4.997839e-01,1.304974e-15,-1.003798e-01,-5.000000e-01,-7.071068e-01,-9.352007e-15,-4.997839e-01,-1.003798e-01,-2.548024e-15
82.6,610.0,-5.000000e-01,8.100456e-15,7.071068e-01,-4.997840e-01,2.302749e-14,1.004109e-01,-5.000000e-01,7.071068e-01,-2.784457e-14,-4.997840e-01,1.004109e-01,-4.524648e-15,-5.000000e-01,-2.964455e-15,-7.071068e-01,-4.997840e-01,-1.846146e-14,-1.004109e-01,-5.000000e-01,-7.071068e-01,-2.828192e-15,-4.997840e-01,-1.004109e-01,-3.285662e-15
82.6,635.0,-5.000000e-01,-8.611595e-15,7.071068e-01,-4.997840e-01,-3.388232e-14,1.004421e-01,-5.000000e-01,7.071068e-01,3.675537e-14,-4.997840e-01,1.004421e-01,-4.781832e-16,-5.000000e-01,8.207107e-15,-7.071068e-01,-4.997840e-01,1.035791e-14,-1.004421e-01,-5.000000e-01,-7.071068e-01,-1.371075e-15,-4.997840e-01,-1.004421e-01,-2.466010e-15
82.6,660.0,-5.000000e-01,7.871136e-15,7.071068e-01,-4.997841e-01,7.895734e-15,1.004735e-01,-5.000000e-01,7.071068e-01,9.230649e-17,-4.997841e-01,1.004735e-01,6.195482e-15,-5.000000e-01,1.166902e-15,-7.071068e-01,-4.997841e-01,-7.676862e-15,-1.004735e-01,-5.000000e-01,-7.071068e-01,2.219971e-14,-4.997841e-01,-1.004735e-01,-7.934673e-15
82.6,685.0,-5.000000e-01,1.069961e-14,7.071068e-01,-4.997842e-01,3.157005e-14,1.005049e-01,-5.000000e-01,7.071068e-01,-5.256590e-15,-4.997842e-01,1.005049e-01,-1.305808e-14,-5.000000e-01,-9.712345e-15,-7.071068e-01,-4.997842e-01,-3.118321e-14,-1.005049e-01,-5.000000e-01,-7.071068e-01,9.417109e-15,-4.997842e-01,-1.005049e-01,1.311592e-14
82.6,710.0,-5.000000e-01,-3.611507e-16,7.071068e-01,-4.997842e-01,1.577082e-14,1.005364e-01,-5.000000e-01,7.071068e-01,-2.567888e-15,-4.997842e-01,1.005364e-01,1.994449e-15,-5.000000e-01,-4.616169e-16,-7.071068e-01,-4.997842e-01,-1.633996e-14,-1.005364e-01,-5.000000e-01,-7.071068e-01,-7.563321e-15,-4.997842e-01,-1.005364e-01,-2.204431e-15
82.6,735.0,-5.000000e-01,-2.527331e-15,7.071068e-01,-4.997843e-01,-1.022903e-14,1.005681e-01,-5.000000e-01,7.071068e-01,1.190953e-15,-4.997843e-01,1.005681e-01,-2.168133e-14,-5.000000e-01,6.423017e-16,-7.071068e-01,-4.997843e-01,9.236127e-15,-1.005681e-01,-5.000000e-01,-7.071068e-01,2.924283e-15,-4.997843e-01,-1.005681e-01,2.214370e-14
82.6,760.0,-5.000000e-01,4.689410e-15,7.071068e-01,-4.997844e-01,1.486348e-14,1.005998e-01,-5.000000e-01,7.071068e-01,4.318697e-16,-4.997844e-01,1.005998e-01,1.740502e-14,-5.000000e-01,-4.800805e-15,-7.071068e-01,-4.997844e-01,-1.543312e-14,-1.005998e-01,-5.000000e-01,-7.071068e-01,5.159706e-15,-4.997844e-01,-1.005998e-01,-1.833513e-14
82.6,785.0,-5.000000e-01,-1.124666e-14,7.071068e-01,-4.997844e-01,-1.084821e-14,1.006316e-01,-5.000000e-01,7.071068e-01,5.137697e-15,-4.997844e-01,1.006316e-01,1.268549e-14,-5.000000e-01,9.936059e-15,-7.071068e-01,-4.997844e-01,1.172003e-14,-1.006316e-01,-5.000000e-01,-7.071068e-01,-1.322910e-14,-4.997844e-01,-1.006316e-01,-1.218723e-14
82.6,810.0,-5.000000e-01,1.437679e-14,7.071068e-01,-4.997845e-01,7.664827e-15,1.006635e-01,-5.000000e-01,7.071068e-01,-1.613702e-14,-4.997845e-01,1.006635e-01,-4.494777e-15,-5.000000e-01,-1.589038e-14,-7.071068e-01,-4.997845e-01,-6.985040e-15,-1.006635e-01,-5.000000e-01,-7.071068e-01,1.707437e-14,-4.997845e-01,-1.006635e-01,5.068342e-15
82.6,835.0,-5.000000e-01,-9.736612e-16,7.071068e-01,-4.997846e-01,-7.107516e-16,1.006955e-01,-5.000000e-01,7.071068e-01,2.097705e-15,-4.997846e-01,1.006955e-01,3.235525e-15,-5.000000e-01,-4.382457e-16,-7.071068e-01,-4.997846e-01,6.468657e-16,-1.006955e-01,-5.000000e-01,-7.071068e-01,-3.833217e-15,-4.997846e-01,-1.006955e-01,-2.677631e-15
82.6,860.0,-5.000000e-01,-2.503332e-15,7.071068e-01,-4.997846e-01,-2.647750e-14,1.007276e-01,-5.000000e-01,7.071068e-01,1.781583e-15,-4.997846e-01,1.007276e-01,1.160770e-14,-5.000000e-01,-5.985881e-17,-7.071068e-01,-4.997846e-01,2.583883e-14,-1.007276e-01,-5.000000e-01,-7.071068e-01,5.439616e-15,-4.997846e-01,-1.007276e-01,-1.157157e-14
82.6,885.0,-5.000000e-01,-1.536544e-15,7.071068e-01,-4.997847e-01,-6.077160e-15,1.007598e-01,-5.000000e-01,7.071068e-01,-3.033795e-15,-4.997847e-01,1.007598e-01,-6.512011e-15,-5.000000e-01,1.352850e-15,-7.071068e-01,-4.997847e-01,6.333484e-15,-1.007598e-01,-5.000000e-01,-7.071068e-01,-1.021278e-15,-4.997847e-01,-1.007598e-01,5.511644e-15
85.1,10.0,-5.000000e-01,2.860129e-15,7.071068e-01,-4.997876e-01,2.438103e-14,1.017893e-01,-5.000000e-01,7.071068e-01,1.420735e-14,-4.997876e-01,1.017893e-01,2.133670e-14,-5.000000e-01,1.266843e-14,-7.071068e-01,-4.997876e-01,5.239965e-15,-1.017893e-01,-5.000000e-01,-7.071068e-01,4.739091e-15,-4.997876e-01,-1.017893e-01,-8.414417e-15
85.1,35.0,-5.000000e-01,7.363738e-15,7.071068e-01,-4.997877e-01,1.415297e-14,1.018174e-01,-5.000000e-01,7.071068e-01,-6.618203e-15,-4.997877e-01,1.018174e-01,-4.227084e-15,-5.000000e-01,-8.891043e-15,-7.071068e-01,-4.997877e-01,-6.372450e-15,-1.018174e-01,-5.000000e-01,-7.071068e-01,1.737643e-14,-4.997877e-01,-1.018174e-01,1.013634e-14
85.1,60.0,-5.000000e-01,-6.985391e-16,7.071068e-01,-4.997877e-01,2.560792e-15,1.018456e-01,-5.000000e-01,7.071068e-01,-3.590825e-15,-4.997877e-01,1.018456e-01,-3.610118e-15,-5.000000e-01,8.004880e-16,-7.071068e-01,-4.997877e-01,-9.546390e-16,-1.018456e-01,-5.000000e-01,-7.071068e-01,-8.920974e-15,-4.997877e-01,-1.018456e-01,-1.063991e-15
85.1,85.0,-5.000000e-01,4.375368e-15,7.071068e-01,-4.997878e-01,-4.369545e-14,1.018738e-01,-5.000000e-01,7.071068e-01,-6.525607e-15,-4.997878e-01,1.018738e-01,-1.237521e-14,-5.000000e-01,-1.932676e-14,-7.071068e-01,-4.997878e-01,2.872390e-14,-1.018738e-01,-5.000000e-01,-7.071068e-01,-2.155434e-14,-4.997878e-01,-1.018738e-01,2.446570e-14
85.1,110.0,-5.000000e-01,1.030933e-14,7.071068e-01,-4.997878e-01,3.917403e-15,1.019021e-01,-5.000000e-01,7.071068e-01,1.437924e-14,-4.997878e-01,1.019021e-01,3.113423e-15,-5.000000e-01,-3.486759e-15,-7.071068e-01,-4.997878e-01,-5.161199e-15,-1.019021e-01,-5.000000e-01,-7.071068e-01,2.742152e-15,-4.997878e-01,-1.019021e-01,1.301411e-15
85.1,135.0,-5.000000e-01,-3.465765e-15,7.071068e-01,-4.997879e-01,-4.387720e-14,1.019305e-01,-5.000000e-01,7.071068e-01,5.676895e-15,-4.997879e-01,1.019305e-01,-4.245100e-14,-5.000000e-01,-6.166210e-15,-7.071068e-01,-4.997879e-01,2.984639e-14,-1.019305e-01,-5.000000e-01,-7.071068e-01,-5.477090e-14,-4.997879e-01,-1.019305e-01,-4.495810e-15
85.1,160.0,-5.000000e-01,-9.877503e-15,7.071068e-01,-4.997879e-01,-3.298291e-14,1.019590e-01,-5.000000e-01,7.071068e-01,1.743299e-14,-4.997879e-01,1.019590e-01,-2.303998e-15,-5.000000e-01,2.957966e-15,-7.071068e-01,-4.997879e-01,1.794596e-14,-1.019590e-01,-5.000000e-01,-7.071068e-01,-3.624009e-15,-4.997879e-01,-1.019590e-01,5.941559e-16
85.1,185.0,-5.000000e-01,1.559880e-15,7.071068e-01,-4.997880e-01,-9.881981e-15,1.019876e-01,-5.000000e-01,7.071068e-01,7.594228e-15,-4.997880e-01,1.019876e-01,-4.696458e-15,-5.000000e-01,-4.334397e-15,-7.071068e-01,-4.997880e-01,2.914871e-15,-1.019876e-01,-5.000000e-01,-7.071068e-01,6.611890e-15,-4.997880e-01,-1.019876e-01,1.778070e-14
85.1,210.0,-5.000000e-01,-1.328433e-14,7.071068e-01,-4.997881e-01,-6.394817e-16,1.020163e-01,-5.000000e-01,7.071068e-01,2.229964e-14,-4.997881e-01,1.020163e-01,-3.354827e-15,-5.000000e-01,9.068426e-15,-7.071068e-01,-4.997881e-01,5.771192e-16,-1.020163e-01,-5.000000e-01,-7.071068e-01,-2.830600e-14,-4.997881e-01,-1.020163e-01,3.865950e-15
85.1,235.0,-5.000000e-01,3.090364e-15,7.071068e-01,-4.997881e-01,-6.925922e-15,1.020450e-01,-5.000000e-01,7.071068e-01,-1.047980e-14,-4.997881e-01,1.020450e-01,-1.597798e-14,-5.000000e-01,-3.010350e-15,-7.071068e-01,-4.997881e-01,-3.494062e-15,-1.020450e-01,-5.000000e-01,-7.071068e-01,-7.092162e-16,-4.997881e-01,-1.020450e-01,-3.497793e-15
85.1,260.0,-5.000000e-01,-3.533248e-15,7.071068e-01,-4.997882e-01,-2.307889e-14,1.020739e-01,-5.000000e-01,7.071068e-01,-1.684985e-14,-4.997882e-01,1.020739e-01,-1.177657e-14,-5.000000e-01,1.269306e-15,-7.071068e-01,-4.997882e-01,1.459501e-14,-1.020739e-01,-5.000000e-01,-7.071068e-01,-3.757826e-15,-4.997882e-01,-1.020739e-01,4.423927e-15
85.1,285.0,-5.000000e-01,2.839309e-15,7.071068e-01,-4.997882e-01,-4.571531e-15,1.021028e-01,-5.000000e-01,7.071068e-01,-1.445498e-14,-4.997882e-01,1.021028e-01,-1.912776e-14,-5.000000e-01,-3.012378e-15,-7.071068e-01,-4.997882e-01,1.845883e-15,-1.021028e-01,-5.000000e-01,-7.071068e-01,-1.619955e-14,-4.997882e-01,-1.021028e-01,-1.424582e-14
85.1,310.0,-5.000000e-01,4.843197e-15,7.071068e-01,-4.997883e-01,-9.733610e-15,1.021318e-01,-5.000000e-01,7.071068e-01,2.457938e-15,-4.997883e-01,1.021318e-01,9.461220e-15,-5.000000e-01,-1.584727e-15,-7.071068e-01,-4.997883e-01,1.684153e-14,-1.021318e-01,-5.000000e-01,-7.071068e-01,2.110359e-14,-4.997883e-01,-1.021318e-01,-6.487684e-16
85.1,335.0,-5.000000e-01,-2.631543e-14,7.071068e-01,-4.997884e-01,-1.927297e-14,1.021609e-01,-5.000000e-01,7.071068e-01,8.158630e-14,-4.997884e-01,1.021609e-01,-1.791677e-15,-5.000000e-01,2.761642e-14,-7.071068e-01,-4.997884e-01,1.024860e-14,-1.021609e-01,-5.000000e-01,-7.071068e-01,-5.786232e-15,-4.997884e-01,-1.021609e-01,9.530533e-15
85.1,360.0,-5.000000e-01,1.051810e-14,7.071068e-01,-4.997884e-01,-1.983127e-14,1.021901e-01,-5.000000e-01,7.071068e-01,1.330403e-15,-4.997884e-01,1.021901e-01,-6.406418e-15,-5.000000e-01,-1.597249e-14,-7.071068e-01,-4.997884e-01,1.861036e-14,-1.021901e-01,-5.000000e-01,-7.071068e-01,-5.180244e-15,-4.997884e-01,-1.021901e-01,-7.238091e-15
85.1,385.0,-5.000000e-01,-4.231752e-15,7.071068e-01,-4.997885e-01,-7.533706e-15,1.022194e-01,-5.000000e-01,7.071068e-01,-1.213622e-15,-4.997885e-01,1.022194e-01,-4.558331e-15,-5.000000e-01,-5.089940e-15,-7.071068e-01,-4.997885e-01,3.141164e-15,-1.022194e-01,-5.000000e-01,-7.071068e-01,-5.194436e-15,-4.997885e-01,-1.022194e-01,1.160139e-14
85.1,410.0,-5.000000e-01,2.368752e-15,7.071068e-01,-4.997885e-01,-6.671913e-15,1.022487e-01,-5.000000e-01,7.071068e-01,1.407831e-14,-4.997885e-01,1.022487e-01,-1.092491e-14,-5.000000e-01,-1.199181e-14,-7.071068e-01,-4.997885e-01,3.230807e-15,-1.022487e-01,-5.000000e-01,-7.071068e-01,8.690341e-15,-4.997885e-01,-1.022487e-01,9.897202e-15
85.1,435.0,-5.000000e-01,-2.155256e-14,7.071068e-01,-4.997886e-01,3.842595e-15,1.022782e-01,-5.000000e-01,7.071068e-01,2.946496e-14,-4.997886e-01,1.022782e-01,1.808086e-16,-5.000000e-01,1.796791e-14,-7.071068e-01,-4.997886e-01,-2.279107e-15,-1.022782e-01,-5.000000e-01,-7.071068e-01,-3.290550e-14,-4.997886e-01,-1.022782e-01,1.041352e-14
85.1,460.0,-5.000000e-01,-7.095278e-15,7.071068e-01,-4.997887e-01,-5.870080e-15,1.023077e-01,-5.000000e-01,7.071068e-01,-5.762104e-16,-4.997887e-01,1.023077e-01,7.262896e-15,-5.000000e-01,8.041315e-15,-7.071068e-01,-4.997887e-01,2.986902e-15,-1.023077e-01,-5.000000e-01,-7.071068e-01,-1.055787e-14,-4.997887e-01,-1.023077e-01,-1.305271e-14
85.1,485.0,-5.000000e-01,-3.105789e-15,7.071068e-01,-4.997887e-01,-3.812864e-15,1.023373e-01,-5.000000e-01,7.071068e-01,-1.072879e-15,-4.997887e-01,1.023373e-01,-8.932764e-16,-5.000000e-01,1.953641e-15,-7.071068e-01,-4.997887e-01,-1.031174e-14,-1.023373e-01,-5.000000e-01,-7.071068e-01,-5.080806e-15,-4.997887e-01,-1.023373e-01,-5.125482e-15
85.1,510.0,-5.000000e-01,8.854251e-16,7.071068e-01,-4.997888e-01,-4.005077e-14,1.023671e-01,-5.000000e-01,7.071068e-01,1.782719e-14,-4.997888e-01,1.023671e-01,-1.068811e-14,-5.000000e-01,-1.833687e-14,-7.071068e-01,-4.997888e-01,2.252972e-14,-1.023671e-01,-5.000000e-01,-7.071068e-01,-2.655490e-17,-4.997888e-01,-1.023671e-01,7.504791e-15
85.1,535.0,-5.000000e-01,-2.315681e-15,7.071068e-01,-4.997888e-01,8.173132e-15,1.023969e-01,-5.000000e-01,7.071068e-01,9.140489e-16,-4.997888e-01,1.023969e-01,-2.798474e-15,-5.000000e-01,-1.187529e-15,-7.071068e-01,-4.997888e-01,-3.507569e-15,-1.023969e-01,-5.000000e-01,-7.071068e-01,4.090333e-15,-4.997888e-01,-1.023969e-01,1.972923e-15
85.1,560.0,-5.000000e-01,-1.220922e-15,7.071068e-01,-4.997889e-01,1.924618e-15,1.024268e-01,-5.000000e-01,7.071068e-01,1.377227e-15,-4.997889e-01,1.024268e-01,2.326529e-15,-5.000000e-01,4.193603e-15,-7.071068e-01,-4.997889e-01,6.154332e-17,-1.024268e-01,-5.000000e-01,-7.071068e-01,-6.562871e-15,-4.997889e-01,-1.024268e-01,-7.917717e-15
85.1,585.0,-5.000000e-01,-1.348711e-16,7.071068e-01,-4.997890e-01,9.701352e-15,1.024568e-01,-5.000000e-01,7.071068e-01,-1.109567e-15,-4.997890e-01,1.024568e-01,-8.123876e-16,-5.000000e-01,-4.435761e-15,-7.071068e-01,-4.997890e-01,-3.793683e-15,-1.024568e-01,-5.000000e-01,-7.071068e-01,5.395008e-15,-4.997890e-01,-1.024568e-01,9.124274e-16
85.1,610.0,-5.000000e-01,-4.595376e-16,7.071068e-01,-4.997890e-01,-4.257053e-15,1.024868e-01,-5.000000e-01,7.071068e-01,1.111510e-14,-4.997890e-01,1.024868e-01,3.331590e-15,-5.000000e-01,-2.885697e-15,-7.071068e-01,-4.997890e-01,1.629474e-15,-1.024868e-01,-5.000000e-01,-7.071068e-01,3.940274e-15,-4.997890e-01,-1.024868e-01,-2.351756e-15
85.1,635.0,-5.000000e-01,-4.159349e-15,7.071068e-01,-4.997891e-01,1.501719e-14,1.025170e-01,-5.000000e-01,7.071068e-01,-3.289166e-15,-4.997891e-01,1.025170e-01,-6.471309e-15,-5.000000e-01,1.032135e-14,-7.071068e-01,-4.997891e-01,-8.157164e-15,-1.025170e-01,-5.000000e-01,-7.071068e-01,6.122233e-15,-4.997891e-01,-1.025170e-01,-3.327098e-15
85.1,660.0,-5.000000e-01,-4.651157e-15,7.071068e-01,-4.997891e-01,5.129879e-15,1.025473e-01,-5.000000e-01,7.071068e-01,7.681639e-15,-4.997891e-01,1.025473e-01,2.289870e-15,-5.000000e-01,1.937982e-15,-7.071068e-01,-4.997891e-01,-4.784117e-15,-1.025473e-01,-5.000000e-01,-7.071068e-01,2.394392e-15,-4.997891e-01,-1.025473e-01,-8.139031e-16
85.1,685.0,-5.000000e-01,4.511024e-15,7.071068e-01,-4.997892e-01,3.356871e-15,1.025776e-01,-5.000000e-01,7.071068e-01,-3.601991e-16,-4.997892e-01,1.025776e-01,-1.553697e-14,-5.000000e-01,-6.872146e-15,-7.071068e-01,-4.997892e-01,-2.623807e-15,-1.025776e-01,-5.000000e-01,-7.071068e-01,-3.110290e-15,-4.997892e-01,-1.025776e-01,4.287696e-15
85.1,710.0,-5.000000e-01,5.367057e-15,7.071068e-01,-4.997893e-01,-8.229867e-15,1.026081e-01,-5.000000e-01,7.071068e-01,3.204897e-15,-4.997893e-01,1.026081e-01,5.374960e-15,-5.000000e-01,-1.749483e-15,-7.071068e-01,-4.997893e-01,5.370209e-15,-1.026081e-01,-5.000000e-01,-7.071068e-01,1.357618e-15,-4.997893e-01,-1.026081e-01,2.578542e-15
85.1,735.0,-5.000000e-01,2.882032e-15,7.071068e-01,-4.997893e-01,4.651670e-15,1.026386e-01,-5.000000e-01,7.071068e-01,5.250170e-15,-4.997893e-01,1.026386e-01,-4.583160e-15,-5.000000e-01,-6.865574e-15,-7.071068e-01,-4.997893e-01,-2.198342e-15,-1.026386e-01,-5.000000e-01,-7.071068e-01,-3.289974e-15,-4.997893e-01,-1.026386e-01,1.842690e-15
85.1,760.0,-5.000000e-01,2.869927e-15,7.071068e-01,-4.997894e-01,-2.141386e-14,1.026692e-01,-5.000000e-01,7.071068e-01,6.242814e-15,-4.997894e-01,1.026692e-01,-8.809663e-15,-5.000000e-01,-1.005895e-14,-7.071068e-01,-4.997894e-01,1.147149e-14,-1.026692e-01,-5.000000e-01,-7.071068e-01,1.110372e-15,-4.997894e-01,-1.026692e-01,1.276465e-14
85.1,785.0,-5.000000e-01,-1.210175e-14,7.071068e-01,-4.997895e-01,-1.027957e-14,1.027000e-01,-5.000000e-01,7.071068e-01,5.573055e-15,-4.997895e-01,1.027000e-01,5.687314e-15,-5.000000e-01,1.097047e-14,-7.071068e-01,-4.997895e-01,6.276084e-15,-1.027000e-01,-5.000000e-01,-7.071068e-01,-8.879992e-15,-4.997895e-01,-1.027000e-01,-9.850238e-15
85.1,810.0,-5.000000e-01,1.397185e-14,7.071068e-01,-4.997895e-01,-5.373515e-15,1.027308e-01,-5.000000e-01,7.071068e-01,-4.430255e-15,-4.997895e-01,1.027308e-01,5.412844e-15,-5.000000e-01,-2.318640e-14,-7.071068e-01,-4.997895e-01,3.086502e-15,-1.027308e-01,-5.000000e-01,-7.071068e-01,-1.333378e-14,-4.997895e-01,-1.027308e-01,-1.919353e-15
85.1,835.0,-5.000000e-01,7.072124e-15,7.071068e-01,-4.997896e-01,1.524381e-14,1.027617e-01,-5.000000e-01,7.071068e-01,-3.176712e-14,-4.997896e-01,1.027617e-01,1.417692e-15,-5.000000e-01,9.371695e-15,-7.071068e-01,-4.997896e-01,-9.420296e-15,-1.027617e-01,-5.000000e-01,-7.071068e-01,2.755251e-14,-4.997896e-01,-1.027617e-01,-1.390848e-15
85.1,860.0,-5.000000e-01,6.853373e-15,7.071068e-01,-4.997897e-01,-1.248350e-14,1.027927e-01,-5.000000e-01,7.071068e-01,-2.280458e-15,-4.997897e-01,1.027927e-01,9.746529e-15,-5.000000e-01,-7.466277e-15,-7.071068e-01,-4.997897e-01,7.440552e-15,-1.027927e-01,-5.000000e-01,-7.071068e-01,1.157988e-14,-4.997897e-01,-1.027927e-01,1.401207e-14
85.1,885.0,-5.000000e-01,1.359756e-15,7.071068e-01,-4.997897e-01,6.127916e-15,1.028238e-01,-5.000000e-01,7.071068e-01,3.873782e-15,-4.997897e-01,1.028238e-01,6.580807e-15,-5.000000e-01,-1.348421e-15,-7.071068e-01,-4.997897e-01,-7.331561e-15,-1.028238e-01,-5.000000e-01,-7.071068e-01,6.140233e-15,-4.997897e-01,-1.028238e-01,2.049970e-16
87.6,10.0,-5.000000e-01,-1.246960e-14,7.071068e-01,-4.997925e-01,1.502891e-14,1.038994e-01,-5.000000e-01,7.071068e-01,2.558768e-15,-4.997925e-01,1.038994e-01,1.155642e-14,-5.000000e-01,2.818758e-14,-7.071068e-01,-4.997925e-01,-1.230459e-14,-1.038994e-01,-5.000000e-01,-7.071068e-01,-7.023290e-15,-4.997925e-01,-1.038994e-01,-1.365571e-14
87.6,35.0,-5.000000e-01,-7.443633e-15,7.071068e-01,-4.997925e-01,-1.454730e-14,1.039265e-01,-5.000000e-01,7.071068e-01,5.184060e-15,-4.997925e-01,1.039265e-01,1.324172e-14,-5.000000e-01,9.339389e-15,-7.071068e-01,-4.997925e-01,7.847085e-15,-1.039265e-01,-5.000000e-01,-7.071068e-01,-5.214908e-15,-4.997925e-01,-1.039265e-01,-1.380222e-14
87.6,60.0,-5.000000e-01,-1.766861e-15,7.071068e-01,-4.997926e-01,1.076452e-14,1.039537e-01,-5.000000e-01,7.071068e-01,-6.694657e-15,-4.997926e-01,1.039537e-01,6.846020e-16,-5.000000e-01,7.750430e-15,-7.071068e-01,-4.997926e-01,-5.970825e-15,-1.039537e-01,-5.000000e-01,-7.071068e-01,5.492563e-16,-4.997926e-01,-1.039537e-01,-1.016120e-14
87.6,85.0,-5.000000e-01,-1.474827e-14,7.071068e-01,-4.997926e-01,-2.937082e-15,1.039810e-01,-5.000000e-01,7.071068e-01,6.908391e-15,-4.997926e-01,1.039810e-01,-4.555650e-15,-5.000000e-01,1.284147e-14,-7.071068e-01,-4.997926e-01,2.066546e-15,-1.039810e-01,-5.000000e-01,-7.071068e-01,-1.933395e-15,-4.997926e-01,-1.039810e-01,9.159194e-15
87.6,110.0,-5.000000e-01,-5.116602e-15,7.071068e-01,-4.997927e-01,4.913210e-16,1.040083e-01,-5.000000e-01,7.071068e-01,1.627668e-14,-4.997927e-01,1.040083e-01,-6.464929e-16,-5.000000e-01,8.837767e-15,-7.071068e-01,-4.997927e-01,-6.811470e-15,-1.040083e-01,-5.000000e-01,-7.071068e-01,-2.396957e-15,-4.997927e-01,-1.040083e-01,6.388033e-15
87.6,135.0,-5.000000e-01,-4.417265e-16,7.071068e-01,-4.997927e-01,6.964643e-15,1.040358e-01,-5.000000e-01,7.071068e-01,-1.902944e-14,-4.997927e-01,1.040358e-01,-1.258093e-14,-5.000000e-01,-2.679807e-15,-7.071068e-01,-4.997927e-01,-2.603771e-15,-1.040358e-01,-5.000000e-01,-7.071068e-01,1.046286e-15,-4.997927e-01,-1.040358e-01,-5.805869e-15
87.6,160.0,-5.000000e-01,-2.619175e-15,7.071068e-01,-4.997928e-01,2.354218e-15,1.040633e-01,-5.000000e-01,7.071068e-01,7.437062e-15,-4.997928e-01,1.040633e-01,6.760825e-15,-5.000000e-01,4.181751e-15,-7.071068e-01,-4.997928e-01,-4.925659e-16,-1.040633e-01,-5.000000e-01,-7.071068e-01,4.528960e-16,-4.997928e-01,-1.040633e-01,-7.910476e-16
87.6,185.0,-5.000000e-01,5.296335e-15,7.071068e-01,-4.997929e-01,-1.707805e-14,1.040909e-01,-5.000000e-01,7.071068e-01,-5.025594e-16,-4.997929e-01,1.040909e-01,-7.953953e-15,-5.000000e-01,-1.348158e-14,-7.071068e-01,-4.997929e-01,8.833312e-16,-1.040909e-01,-5.000000e-01,-7.071068e-01,1.097714e-14,-4.997929e-01,-1.040909e-01,9.574586e-15
87.6,210.0,-5.000000e-01,1.049576e-14,7.071068e-01,-4.997929e-01,1.797507e-15,1.041186e-01,-5.000000e-01,7.071068e-01,-1.111714e-14,-4.997929e-01,1.041186e-01,1.884916e-15,-5.000000e-01,-8.691797e-15,-7.071068e-01,-4.997929e-01,-1.543120e-15,-1.041186e-01,-5.000000e-01,-7.071068e-01,4.494443e-15,-4.997929e-01,-1.041186e-01,-1.438906e-15
87.6,235.0,-5.000000e-01,-1.193684e-15,7.071068e-01,-4.997930e-01,3.632395e-14,1.041464e-01,-5.000000e-01,7.071068e-01,-2.233570e-14,-4.997930e-01,1.041464e-01,5.661132e-16,-5.000000e-01,1.096019e-14,-7.071068e-01,-4.997930e-01,-2.269058e-14,-1.041464e-01,-5.000000e-01,-7.071068e-01,5.362427e-15,-4.997930e-01,-1.041464e-01,-5.659524e-15
87.6,260.0,-5.000000e-01,-7.924964e-15,7.071068e-01,-4.997930e-01,-3.404156e-14,1.041743e-01,-5.000000e-01,7.071068e-01,1.191928e-14,-4.997930e-01,1.041743e-01,1.878800e-15,-5.000000e-01,-6.619851e-16,-7.071068e-01,-4.997930e-01,1.685922e-14,-1.041743e-01,-5.000000e-01,-7.071068e-01,-1.372220e-14,-4.997930e-01,-1.041743e-01,-1.096301e-15
87.6,285.0,-5.000000e-01,-2.025545e-14,7.071068e-01,-4.997931e-01,-1.040294e-14,1.042022e-01,-5.000000e-01,7.071068e-01,1.338568e-14,-4.997931e-01,1.042022e-01,-2.078270e-15,-5.000000e-01,2.134469e-14,-7.071068e-01,-4.997931e-01,3.881913e-15,-1.042022e-01,-5.000000e-01,-7.071068e-01,-4.587874e-15,-4.997931e-01,-1.042022e-01,9.155694e-15
87.6,310.0,-5.000000e-01,-8.231572e-15,7.071068e-01,-4.997931e-01,-1.448389e-14,1.042302e-01,-5.000000e-01,7.071068e-01,8.960789e-15,-4.997931e-01,1.042302e-01,9.193818e-15,-5.000000e-01,4.869752e-15,-7.071068e-01,-4.997931e-01,7.816585e-15,-1.042302e-01,-5.000000e-01,-7.071068e-01,-1.077452e-14,-4.997931e-01,-1.042302e-01,-1.026557e-14
87.6,335.0,-5.000000e-01,4.464007e-15,7.071068e-01,-4.997932e-01,5.248015e-15,1.042583e-01,-5.000000e-01,7.071068e-01,-1.848968e-15,-4.997932e-01,1.042583e-01,-9.889782e-16,-5.000000e-01,-8.985987e-16,-7.071068e-01,-4.997932e-01,-3.234155e-15,-1.042583e-01,-5.000000e-01,-7.071068e-01,1.015541e-14,-4.997932e-01,-1.042583e-01,3.536161e-15
87.6,360.0,-5.000000e-01,1.648357e-14,7.071068e-01,-4.997932e-01,1.498103e-14,1.042865e-01,-5.000000e-01,7.071068e-01,-2.237467e-15,-4.997932e-01,1.042865e-01,-2.024134e-15,-5.000000e-01,-1.818877e-14,-7.071068e-01,-4.997932e-01,-8.383752e-15,-1.042865e-01,-5.000000e-01,-7.071068e-01,1.480795e-14,-4.997932e-01,-1.042865e-01,2.473069e-15
87.6,385.0,-5.000000e-01,-4.186764e-15,7.071068e-01,-4.997933e-01,9.263019e-16,1.043148e-01,-5.000000e-01,7.071068e-01,-5.534879e-15,-4.997933e-01,1.043148e-01,-9.133075e-15,-5.000000e-01,-1.804895e-15,-7.071068e-01,-4.997933e-01,1.221002e-15,-1.043148e-01,-5.000000e-01,-7.071068e-01,-6.351805e-15,-4.997933e-01,-1.043148e-01,1.009445e-14
87.6,410.0,-5.000000e-01,-1.758153e-15,7.071068e-01,-4.997934e-01,2.042607e-15,1.043432e-01,-5.000000e-01,7.071068e-01,1.741021e-15,-4.997934e-01,1.043432e-01,-2.919720e-15,-5.000000e-01,3.388577e-15,-7.071068e-01,-4.997934e-01,-1.056919e-15,-1.043432e-01,-5.000000e-01,-7.071068e-01,-1.212049e-14,-4.997934e-01,-1.043432e-01,-5.784290e-15
87.6,435.0,-5.000000e-01,1.722398e-14,7.071068e-01,-4.997934e-01,1.657459e-14,1.043717e-01,-5.000000e-01,7.071068e-01,2.669400e-14,-4.997934e-01,1.043717e-01,-2.213991e-15,-5.000000e-01,-2.837310e-14,-7.071068e-01,-4.997934e-01,-9.906081e-15,-1.043717e-01,-5.000000e-01,-7.071068e-01,-2.034063e-14,-4.997934e-01,-1.043717e-01,2.093049e-15
87.6,460.0,-5.000000e-01,-8.353434e-15,7.071068e-01,-4.997935e-01,1.720742e-14,1.044002e-01,-5.000000e-01,7.071068e-01,2.761267e-15,-4.997935e-01,1.044002e-01,1.715148e-14,-5.000000e-01,1.295252e-14,-7.071068e-01,-4.997935e-01,-9.134073e-15,-1.044002e-01,-5.000000e-01,-7.071068e-01,4.344161e-15,-4.997935e-01,-1.044002e-01,-1.347899e-14
87.6,485.0,-5.000000e-01,6.940246e-15,7.071068e-01,-4.997935e-01,-1.628989e-14,1.044288e-01,-5.000000e-01,7.071068e-01,-1.609042e-14,-4.997935e-01,1.044288e-01,1.188790e-14,-5.000000e-01,2.322150e-15,-7.071068e-01,-4.997935e-01,7.867752e-15,-1.044288e-01,-5.000000e-01,-7.071068e-01,2.319953e-14,-4.997935e-01,-1.044288e-01,5.493108e-15
87.6,510.0,-5.000000e-01,-8.515295e-15,7.071068e-01,-4.997936e-01,-2.106538e-14,1.044575e-01,-5.000000e-01,7.071068e-01,1.557052e-14,-4.997936e-01,1.044575e-01,1.090485e-16,-5.000000e-01,7.786914e-15,-7.071068e-01,-4.997936e-01,1.134398e-14,-1.044575e-01,-5.000000e-01,-7.071068e-01,-1.392814e-14,-4.997936e-01,-1.044575e-01,-1.227131e-15
87.6,535.0,-5.000000e-01,2.297329e-14,7.071068e-01,-4.997936e-01,8.351992e-16,1.044863e-01,-5.000000e-01,7.071068e-01,-1.361450e-14,-4.997936e-01,1.044863e-01,-3.656064e-15,-5.000000e-01,-3.078895e-14,-7.071068e-01,-4.997936e-01,-1.308228e-15,-1.044863e-01,-5.000000e-01,-7.071068e-01,1.640114e-14,-4.997936e-01,-1.044863e-01,7.144855e-16
87.6,560.0,-5.000000e-01,-1.299673e-14,7.071068e-01,-4.997937e-01,1.157217e-14,1.045152e-01,-5.000000e-01,7.071068e-01,5.116161e-15,-4.997937e-01,1.045152e-01,-5.119549e-16,-5.000000e-01,2.936076e-14,-7.071068e-01,-4.997937e-01,-6.983941e-15,-1.045152e-01,-5.000000e-01,-7.071068e-01,-9.156795e-16,-4.997937e-01,-1.045152e-01,1.095969e-15
87.6,585.0,-5.000000e-01,-7.266878e-15,7.071068e-01,-4.997938e-01,-8.105256e-15,1.045442e-01,-5.000000e-01,7.071068e-01,1.008369e-14,-4.997938e-01,1.045442e-01,-1.647632e-15,-5.000000e-01,7.406090e-15,-7.071068e-01,-4.997938e-01,6.742994e-15,-1.045442e-01,-5.000000e-01,-7.071068e-01,-1.021866e-14,-4.997938e-01,-1.045442e-01,8.744855e-15
87.6,610.0,-5.000000e-01,2.304805e-16,7.071068e-01,-4.997938e-01,-4.808548e-15,1.045733e-01,-5.000000e-01,7.071068e-01,1.098363e-14,-4.997938e-01,1.045733e-01,-7.703487e-15,-5.000000e-01,-6.749785e-15,-7.071068e-01,-4.997938e-01,2.165959e-15,-1.045733e-01,-5.000000e-01,-7.071068e-01,2.683031e-15,-4.997938e-01,-1.045733e-01,8.185218e-15
87.6,635.0,-5.000000e-01,-8.496303e-15,7.071068e-01,-4.997939e-01,-3.745448e-14,1.046024e-01,-5.000000e-01,7.071068e-01,2.644222e-15,-4.997939e-01,1.046024e-01,-2.102668e-14,-5.000000e-01,-5.302865e-15,-7.071068e-01,-4.997939e-01,-2.136658e-15,-1.046024e-01,-5.000000e-01,-7.071068e-01,3.128876e-15,-4.997939e-01,-1.046024e-01,3.204495e-15
87.6,660.0,-5.000000e-01,-6.314699e-15,7.071068e-01,-4.997939e-01,-2.162059e-14,1.046317e-01,-5.000000e-01,7.071068e-01,2.481067e-14,-4.997939e-01,1.046317e-01,-4.322362e-15,-5.000000e-01,1.885431e-15,-7.071068e-01,-4.997939e-01,1.159592e-14,-1.046317e-01,-5.000000e-01,-7.071068e-01,2.184959e-15,-4.997939e-01,-1.046317e-01,5.955300e-15
87.6,685.0,-5.000000e-01,7.581533e-15,7.071068e-01,-4.997940e-01,-5.564045e-15,1.046610e-01,-5.000000e-01,7.071068e-01,-2.524199e-16,-4.997940e-01,1.046610e-01,-1.613689e-14,-5.000000e-01,-1.480878e-14,-7.071068e-01,-4.997940e-01,2.527591e-15,-1.046610e-01,-5.000000e-01,-7.071068e-01,-1.009679e-15,-4.997940e-01,-1.046610e-01,2.593588e-14
87.6,710.0,-5.000000e-01,-4.473518e-15,7.071068e-01,-4.997941e-01,-3.024268e-15,1.046904e-01,-5.000000e-01,7.071068e-01,5.882441e-15,-4.997941e-01,1.046904e-01,5.159005e-15,-5.000000e-01,6.525068e-15,-7.071068e-01,-4.997941e-01,3.059222e-15,-1.046904e-01,-5.000000e-01,-7.071068e-01,5.111332e-15,-4.997941e-01,-1.046904e-01,1.208272e-15
87.6,735.0,-5.000000e-01,2.218368e-15,7.071068e-01,-4.997941e-01,-1.355647e-15,1.047199e-01,-5.000000e-01,7.071068e-01,6.084931e-15,-4.997941e-01,1.047199e-01,3.989040e-15,-5.000000e-01,-5.645085e-15,-7.071068e-01,-4.997941e-01,4.650846e-15,-1.047199e-01,-5.000000e-01,-7.071068e-01,-2.010673e-15,-4.997941e-01,-1.047199e-01,7.086742e-15
87.6,760.0,-5.000000e-01,8.993237e-15,7.071068e-01,-4.997942e-01,1.751010e-14,1.047495e-01,-5.000000e-01,7.071068e-01,-2.210967e-14,-4.997942e-01,1.047495e-01,1.182908e-14,-5.000000e-01,-5.511984e-16,-7.071068e-01,-4.997942e-01,-7.742692e-15,-1.047495e-01,-5.000000e-01,-7.071068e-01,1.604008e-14,-4.997942e-01,-1.047495e-01,-8.360819e-15
87.6,785.0,-5.000000e-01,-1.149840e-15,7.071068e-01,-4.997942e-01,-1.501043e-14,1.047792e-01,-5.000000e-01,7.071068e-01,6.508182e-15,-4.997942e-01,1.047792e-01,8.747264e-15,-5.000000e-01,-7.684299e-15,-7.071068e-01,-4.997942e-01,-3.396220e-15,-1.047792e-01,-5.000000e-01,-7.071068e-01,5.136117e-15,-4.997942e-01,-1.047792e-01,4.663889e-15
87.6,810.0,-5.000000e-01,-8.720717e-15,7.071068e-01,-4.997943e-01,-1.298566e-15,1.048090e-01,-5.000000e-01,7.071068e-01,1.320028e-15,-4.997943e-01,1.048090e-01,2.483229e-15,-5.000000e-01,1.007393e-14,-7.071068e-01,-4.997943e-01,2.798007e-16,-1.048090e-01,-5.000000e-01,-7.071068e-01,2.718948e-15,-4.997943e-01,-1.048090e-01,2.074224e-15
87.6,835.0,-5.000000e-01,-1.255513e-14,7.071068e-01,-4.997943e-01,-2.013840e-14,1.048389e-01,-5.000000e-01,7.071068e-01,8.476820e-15,-4.997943e-01,1.048389e-01,5.550016e-15,-5.000000e-01,7.933819e-15,-7.071068e-01,-4.997943e-01,-6.547996e-15,-1.048389e-01,-5.000000e-01,-7.071068e-01,4.568863e-15,-4.997943e-01,-1.048389e-01,-5.822622e-15
87.6,860.0,-5.000000e-01,2.325532e-15,7.071068e-01,-4.997944e-01,2.721841e-15,1.048688e-01,-5.000000e-01,7.071068e-01,-2.223976e-15,-4.997944e-01,1.048688e-01,-5.846199e-15,-5.000000e-01,-6.963426e-15,-7.071068e-01,-4.997944e-01,-2.819609e-15,-1.048688e-01,-5.000000e-01,-7.071068e-01,2.791619e-15,-4.997944e-01,-1.048688e-01,6.784966e-15
87.6,885.0,-5.000000e-01,4.059626e-15,7.071068e-01,-4.997945e-01,-1.555049e-14,1.048989e-01,-5.000000e-01,7.071068e-01,1.024886e-14,-4.997945e-01,1.048989e-01,-2.566170e-15,-5.000000e-01,-3.376768e-15,-7.071068e-01,-4.997945e-01,8.070157e-15,-1.048989e-01,-5.000000e-01,-7.071068e-01,1.504039e-14,-4.997945e-01,-1.048989e-01,2.625400e-15
90.1,10.0,-5.000000e-01,-3.992215e-14,7.071068e-01,-4.997971e-01,-5.513071e-14,1.060166e-01,-5.000000e-01,7.071068e-01,4.471008e-14,-4.997971e-01,1.060166e-01,-4.256468e-15,-5.000000e-01,3.653010e-16,-7.071068e-01,-4.997971e-01,9.419393e-14,-1.060166e-01,-5.000000e-01,-7.071068e-01,-3.946017e-14,-4.997971e-01,-1.060166e-01,2.210245e-14
90.1,35.0,-5.000000e-01,2.311290e-14,7.071068e-01,-4.997972e-01,-3.296436e-14,1.060428e-01,-5.000000e-01,7.071068e-01,-6.081245e-15,-4.997972e-01,1.060428e-01,8.077333e-15,-5.000000e-01,-6.975974e-14,-7.071068e-01,-4.997972e-01,3.167494e-14,-1.060428e-01,-5.000000e-01,-7.071068e-01,1.425671e-14,-4.997972e-01,-1.060428e-01,-3.104832e-14
90.1,60.0,-5.000000e-01,-1.240466e-14,7.071068e-01,-4.997972e-01,3.317407e-14,1.060691e-01,-5.000000e-01,7.071068e-01,-2.192516e-14,-4.997972e-01,1.060691e-01,-5.503969e-14,-5.000000e-01,1.909481e-14,-7.071068e-01,-4.997972e-01,-2.659552e-15,-1.060691e-01,-5.000000e-01,-7.071068e-01,9.604861e-15,-4.997972e-01,-1.060691e-01,-3.888705e-15
90.1,85.0,-5.000000e-01,9.538876e-14,7.071068e-01,-4.997973e-01,-1.778292e-14,1.060954e-01,-5.000000e-01,7.071068e-01,-1.002667e-14,-4.997973e-01,1.060954e-01,-1.178659e-14,-5.000000e-01,-1.008372e-13,-7.071068e-01,-4.997973e-01,1.254863e-15,-1.060954e-01,-5.000000e-01,-7.071068e-01,1.353712e-14,-4.997973e-01,-1.060954e-01,1.531801e-14
90.1,110.0,-5.000000e-01,1.323096e-14,7.071068e-01,-4.997973e-01,-2.231450e-14,1.061219e-01,-5.000000e-01,7.071068e-01,-7.676847e-16,-4.997973e-01,1.061219e-01,8.634961e-15,-5.000000e-01,-4.266706e-14,-7.071068e-01,-4.997973e-01,2.553501e-15,-1.061219e-01,-5.000000e-01,-7.071068e-01,-2.027078e-14,-4.997973e-01,-1.061219e-01,2.800712e-15
90.1,135.0,-5.000000e-01,-1.088947e-14,7.071068e-01,-4.997974e-01,-2.571915e-14,1.061484e-01,-5.000000e-01,7.071068e-01,6.751392e-15,-4.997974e-01,1.061484e-01,1.174249e-14,-5.000000e-01,2.114918e-14,-7.071068e-01,-4.997974e-01,1.365966e-14,-1.061484e-01,-5.000000e-01,-7.071068e-01,3.496591e-15,-4.997974e-01,-1.061484e-01,-3.371276e-15
90.1,160.0,-5.000000e-01,-2.299998e-16,7.071068e-01,-4.997974e-01,6.238115e-14,1.061750e-01,-5.000000e-01,7.071068e-01,-1.044524e-14,-4.997974e-01,1.061750e-01,-3.695607e-16,-5.000000e-01,5.436788e-15,-7.071068e-01,-4.997974e-01,-3.301644e-14,-1.061750e-01,-5.000000e-01,-7.071068e-01,1.127796e-14,-4.997974e-01,-1.061750e-01,-1.779256e-14
90.1,185.0,-5.000000e-01,-3.970850e-15,7.071068e-01,-4.997975e-01,2.621187e-15,1.062017e-01,-5.000000e-01,7.071068e-01,-2.491760e-14,-4.997975e-01,1.062017e-01,-4.536427e-15,-5.000000e-01,4.865515e-15,-7.071068e-01,-4.997975e-01,-1.514800e-15,-1.062017e-01,-5.000000e-01,-7.071068e-01,-2.502242e-14,-4.997975e-01,-1.062017e-01,-1.629516e-14
90.1,210.0,-5.000000e-01,-1.086230e-15,7.071068e-01,-4.997975e-01,2.164791e-14,1.062285e-01,-5.000000e-01,7.071068e-01,-6.360187e-15,-4.997975e-01,1.062285e-01,2.567178e-15,-5.000000e-01,-1.178167e-15,-7.071068e-01,-4.997975e-01,-1.196476e-14,-1.062285e-01,-5.000000e-01,-7.071068e-01,9.876997e-16,-4.997975e-01,-1.062285e-01,-4.297941e-15
90.1,235.0,-5.000000e-01,8.102898e-15,7.071068e-01,-4.997976e-01,2.062115e-15,1.062553e-01,-5.000000e-01,7.071068e-01,-8.255817e-15,-4.997976e-01,1.062553e-01,-2.279467e-15,-5.000000e-01,-9.670706e-15,-7.071068e-01,-4.997976e-01,2.101894e-15,-1.062553e-01,-5.000000e-01,-7.071068e-01,9.550700e-15,-4.997976e-01,-1.062553e-01,3.881251e-16
90.1,260.0,-5.000000e-01,3.345047e-16,7.071068e-01,-4.997976e-01,2.078155e-14,1.062823e-01,-5.000000e-01,7.071068e-01,9.904052e-15,-4.997976e-01,1.062823e-01,2.429427e-14,-5.000000e-01,1.927718e-14,-7.071068e-01,-4.997976e-01,-1.132531e-14,-1.062823e-01,-5.000000e-01,-7.071068e-01,7.899304e-15,-4.997976e-01,-1.062823e-01,-2.045999e-14
90.1,285.0,-5.000000e-01,3.087489e-15,7.071068e-01,-4.997977e-01,-1.159810e-14,1.063093e-01,-5.000000e-01,7.071068e-01,3.083143e-15,-4.997977e-01,1.063093e-01,-5.549020e-15,-5.000000e-01,-1.667208e-14,-7.071068e-01,-4.997977e-01,5.450973e-15,-1.063093e-01,-5.000000e-01,-7.071068e-01,1.008554e-14,-4.997977e-01,-1.063093e-01,1.008522e-14
90.1,310.0,-5.000000e-01,-4.282324e-16,7.071068e-01,-4.997977e-01,-3.878457e-15,1.063364e-01,-5.000000e-01,7.071068e-01,-7.993623e-15,-4.997977e-01,1.063364e-01,-4.056230e-15,-5.000000e-01,-3.847034e-15,-7.071068e-01,-4.997977e-01,3.017408e-15,-1.063364e-01,-5.000000e-01,-7.071068e-01,-8.524095e-15,-4.997977e-01,-1.063364e-01,2.516097e-17
90.1,335.0,-5.000000e-01,1.480773e-14,7.071068e-01,-4.997978e-01,3.614627e-14,1.063636e-01,-5.000000e-01,7.071068e-01,-2.562221e-14,-4.997978e-01,1.063636e-01,-1.491119e-14,-5.000000e-01,-6.602509e-15,-7.071068e-01,-4.997978e-01,-2.047583e-14,-1.063636e-01,-5.000000e-01,-7.071068e-01,1.450314e-14,-4.997978e-01,-1.063636e-01,4.759504e-15
90.1,360.0,-5.000000e-01,4.747001e-15,7.071068e-01,-4.997978e-01,6.132913e-16,1.063908e-01,-5.000000e-01,7.071068e-01,-1.150461e-14,-4.997978e-01,1.063908e-01,-1.847131e-15,-5.000000e-01,5.769449e-15,-7.071068e-01,-4.997978e-01,8.114982e-16,-1.063908e-01,-5.000000e-01,-7.071068e-01,2.110801e-15,-4.997978e-01,-1.063908e-01,-6.294346e-15
90.1,385.0,-5.000000e-01,-4.371578e-15,7.071068e-01,-4.997979e-01,-3.119975e-14,1.064182e-01,-5.000000e-01,7.071068e-01,-6.650887e-15,-4.997979e-01,1.064182e-01,-4.095900e-14,-5.000000e-01,-1.086243e-14,-7.071068e-01,-4.997979e-01,-3.792502e-15,-1.064182e-01,-5.000000e-01,-7.071068e-01,-1.903159e-14,-4.997979e-01,-1.064182e-01,1.977116e-15
90.1,410.0,-5.000000e-01,-8.291672e-15,7.071068e-01,-4.997979e-01,4.994534e-15,1.064456e-01,-5.000000e-01,7.071068e-01,-1.204676e-14,-4.997979e-01,1.064456e-01,-2.382779e-15,-5.000000e-01,1.641424e-16,-7.071068e-01,-4.997979e-01,-2.000071e-15,-1.064456e-01,-5.000000e-01,-7.071068e-01,-1.888138e-14,-4.997979e-01,-1.064456e-01,-2.775638e-15
90.1,435.0,-5.000000e-01,1.290873e-15,7.071068e-01,-4.997980e-01,4.015026e-16,1.064731e-01,-5.000000e-01,7.071068e-01,6.962463e-15,-4.997980e-01,1.064731e-01,8.855011e-15,-5.000000e-01,2.797694e-15,-7.071068e-01,-4.997980e-01,-5.412074e-16,-1.064731e-01,-5.000000e-01,-7.071068e-01,1.300057e-14,-4.997980e-01,-1.064731e-01,2.123040e-15
90.1,460.0,-5.000000e-01,-8.624364e-15,7.071068e-01,-4.997980e-01,-5.221152e-14,1.065007e-01,-5.000000e-01,7.071068e-01,3.372331e-14,-4.997980e-01,1.065007e-01,-3.229564e-15,-5.000000e-01,3.806094e-15,-7.071068e-01,-4.997980e-01,2.757529e-14,-1.065007e-01,-5.000000e-01,-7.071068e-01,-1.014843e-14,-4.997980e-01,-1.065007e-01,2.593421e-15
90.1,485.0,-5.000000e-01,-5.361832e-15,7.071068e-01,-4.997981e-01,-1.303358e-14,1.065284e-01,-5.000000e-01,7.071068e-01,1.356814e-14,-4.997981e-01,1.065284e-01,-5.834909e-15,-5.000000e-01,-2.606683e-15,-7.071068e-01,-4.997981e-01,5.570112e-15,-1.065284e-01,-5.000000e-01,-7.071068e-01,-3.031654e-15,-4.997981e-01,-1.065284e-01,1.268709e-14
90.1,510.0,-5.000000e-01,-1.255878e-14,7.071068e-01,-4.997982e-01,-1.269242e-14,1.065561e-01,-5.000000e-01,7.071068e-01,-7.496640e-15,-4.997982e-01,1.065561e-01,-3.620736e-15,-5.000000e-01,2.707115e-14,-7.071068e-01,-4.997982e-01,7.964702e-15,-1.065561e-01,-5.000000e-01,-7.071068e-01,3.271789e-14,-4.997982e-01,-1.065561e-01,2.634083e-15
90.1,535.0,-5.000000e-01,-2.872944e-15,7.071068e-01,-4.997982e-01,-4.642852e-15,1.065840e-01,-5.000000e-01,7.071068e-01,3.530137e-15,-4.997982e-01,1.065840e-01,2.575349e-15,-5.000000e-01,3.095079e-15,-7.071068e-01,-4.997982e-01,1.832100e-15,-1.065840e-01,-5.000000e-01,-7.071068e-01,-1.812139e-15,-4.997982e-01,-1.065840e-01,-2.997328e-15
90.1,560.0,-5.000000e-01,-3.159849e-15,7.071068e-01,-4.997983e-01,-2.074961e-15,1.066119e-01,-5.000000e-01,7.071068e-01,1.772914e-15,-4.997983e-01,1.066119e-01,3.396544e-15,-5.000000e-01,-3.073637e-15,-7.071068e-01,-4.997983e-01,1.964061e-15,-1.066119e-01,-5.000000e-01,-7.071068e-01,8.398476e-15,-4.997983e-01,-1.066119e-01,-5.524691e-15
90.1,585.0,-5.000000e-01,5.469533e-15,7.071068e-01,-4.997983e-01,-1.522957e-14,1.066399e-01,-5.000000e-01,7.071068e-01,3.652274e-16,-4.997983e-01,1.066399e-01,1.762803e-15,-5.000000e-01,-9.285487e-15,-7.071068e-01,-4.997983e-01,7.805845e-15,-1.066399e-01,-5.000000e-01,-7.071068e-01,-5.507054e-15,-4.997983e-01,-1.066399e-01,6.265431e-15
90.1,610.0,-5.000000e-01,-9.808222e-16,7.071068e-01,-4.997984e-01,1.569707e-14,1.066680e-01,-5.000000e-01,7.071068e-01,1.415131e-15,-4.997984e-01,1.066680e-01,-2.887253e-15,-5.000000e-01,4.140418e-15,-7.071068e-01,-4.997984e-01,-1.108465e-14,-1.066680e-01,-5.000000e-01,-7.071068e-01,-1.923870e-15,-4.997984e-01,-1.066680e-01,-3.903903e-15
90.1,635.0,-5.000000e-01,1.097562e-15,7.071068e-01,-4.997984e-01,1.356371e-14,1.066962e-01,-5.000000e-01,7.071068e-01,-9.466602e-15,-4.997984e-01,1.066962e-01,5.608473e-17,-5.000000e-01,4.823497e-15,-7.071068e-01,-4.997984e-01,-6.924969e-15,-1.066962e-01,-5.000000e-01,-7.071068e-01,-2.562413e-15,-4.997984e-01,-1.066962e-01,-3.851795e-15
90.1,660.0,-5.000000e-01,3.826517e-15,7.071068e-01,-4.997985e-01,1.336759e-14,1.067245e-01,-5.000000e-01,7.071068e-01,-1.103042e-14,-4.997985e-01,1.067245e-01,8.230561e-15,-5.000000e-01,3.484987e-15,-7.071068e-01,-4.997985e-01,-6.645843e-15,-1.067245e-01,-5.000000e-01,-7.071068e-01,6.446350e-15,-4.997985e-01,-1.067245e-01,-1.426498e-14
90.1,685.0,-5.000000e-01,7.655187e-15,7.071068e-01,-4.997985e-01,1.883155e-14,1.067528e-01,-5.000000e-01,7.071068e-01,-1.215598e-14,-4.997985e-01,1.067528e-01,-1.168846e-14,-5.000000e-01,-1.660495e-14,-7.071068e-01,-4.997985e-01,-9.147472e-15,-1.067528e-01,-5.000000e-01,-7.071068e-01,5.880142e-15,-4.997985e-01,-1.067528e-01,1.446261e-14
90.1,710.0,-5.000000e-01,-2.118226e-16,7.071068e-01,-4.997986e-01,-1.113977e-14,1.067813e-01,-5.000000e-01,7.071068e-01,7.496783e-16,-4.997986e-01,1.067813e-01,-7.044715e-15,-5.000000e-01,1.832477e-15,-7.071068e-01,-4.997986e-01,5.401436e-15,-1.067813e-01,-5.000000e-01,-7.071068e-01,-1.140088e-14,-4.997986e-01,-1.067813e-01,-8.356807e-15
90.1,735.0,-5.000000e-01,1.303008e-15,7.071068e-01,-4.997986e-01,-7.740453e-15,1.068098e-01,-5.000000e-01,7.071068e-01,-6.386877e-16,-4.997986e-01,1.068098e-01,-1.229367e-15,-5.000000e-01,-5.796138e-15,-7.071068e-01,-4.997986e-01,3.344137e-15,-1.068098e-01,-5.000000e-01,-7.071068e-01,-4.537042e-15,-4.997986e-01,-1.068098e-01,2.574965e-15
90.1,760.0,-5.000000e-01,1.692393e-14,7.071068e-01,-4.997987e-01,2.142659e-14,1.068384e-01,-5.000000e-01,7.071068e-01,-2.733628e-14,-4.997987e-01,1.068384e-01,-5.096262e-15,-5.000000e-01,-5.217534e-15,-7.071068e-01,-4.997987e-01,-3.221529e-15,-1.068384e-01,-5.000000e-01,-7.071068e-01,1.456298e-14,-4.997987e-01,-1.068384e-01,-6.216559e-15
90.1,785.0,-5.000000e-01,-4.540926e-15,7.071068e-01,-4.997988e-01,-4.913005e-15,1.068671e-01,-5.000000e-01,7.071068e-01,-6.776278e-16,-4.997988e-01,1.068671e-01,7.452368e-15,-5.000000e-01,1.350895e-14,-7.071068e-01,-4.997988e-01,2.304757e-15,-1.068671e-01,-5.000000e-01,-7.071068e-01,-3.389076e-15,-4.997988e-01,-1.068671e-01,-7.779302e-15
90.1,810.0,-5.000000e-01,-5.004774e-15,7.071068e-01,-4.997988e-01,7.477226e-15,1.068959e-01,-5.000000e-01,7.071068e-01,2.670298e-15,-4.997988e-01,1.068959e-01,-1.502308e-14,-5.000000e-01,8.658960e-16,-7.071068e-01,-4.997988e-01,-3.560843e-15,-1.068959e-01,-5.000000e-01,-7.071068e-01,-6.155896e-15,-4.997988e-01,-1.068959e-01,2.778854e-15
90.1,835.0,-5.000000e-01,-5.460615e-15,7.071068e-01,-4.997989e-01,-2.040749e-15,1.069248e-01,-5.000000e-01,7.071068e-01,4.353735e-15,-4.997989e-01,1.069248e-01,-1.078463e-15,-5.000000e-01,7.704703e-16,-7.071068e-01,-4.997989e-01,1.322827e-15,-1.069248e-01,-5.000000e-01,-7.071068e-01,-5.666295e-16,-4.997989e-01,-1.069248e-01,8.064486e-16
90.1,860.0,-5.000000e-01,-1.839868e-15,7.071068e-01,-4.997989e-01,-3.863947e-15,1.069537e-01,-5.000000e-01,7.071068e-01,7.708191e-15,-4.997989e-01,1.069537e-01,2.067566e-15,-5.000000e-01,9.592795e-16,-7.071068e-01,-4.997989e-01,1.978995e-15,-1.069537e-01,-5.000000e-01,-7.071068e-01,-1.860349e-15,-4.997989e-01,-1.069537e-01,-2.512949e-15
90.1,885.0,-5.000000e-01,7.282093e-15,7.071068e-01,-4.997990e-01,2.428934e-14,1.069828e-01,-5.000000e-01,7.071068e-01,-1.376107e-14,-4.997990e-01,1.069828e-01,7.010346e-15,-5.000000e-01,-3.461242e-15,-7.071068e-01,-4.997990e-01,-1.240682e-14,-1.069828e-01,-5.000000e-01,-7.071068e-01,1.671749e-14,-4.997990e-01,-1.069828e-01,1.148930e-16
92.6,10.0,-5.000000e-01,5.378228e-15,7.071068e-01,-4.998015e-01,2.053285e-16,1.081391e-01,-5.000000e-01,7.071068e-01,3.631730e-15,-4.998015e-01,1.081391e-01,-4.320695e-15,-5.000000e-01,-2.192096e-15,-7.071068e-01,-4.998015e-01,3.881632e-16,-1.081391e-01,-5.000000e-01,-7.071068e-01,-4.919671e-16,-4.998015e-01,-1.081391e-01,3.737829e-15
92.6,35.0,-5.000000e-01,-3.961418e-15,7.071068e-01,-4.998016e-01,5.828193e-15,1.081644e-01,-5.000000e-01,7.071068e-01,5.239085e-15,-4.998016e-01,1.081644e-01,1.884224e-16,-5.000000e-01,8.074973e-16,-7.071068e-01,-4.998016e-01,-5.454259e-15,-1.081644e-01,-5.000000e-01,-7.071068e-01,3.165864e-15,-4.998016e-01,-1.081644e-01,-2.647725e-15
92.6,60.0,-5.000000e-01,-6.339663e-15,7.071068e-01,-4.998016e-01,-1.893279e-14,1.081898e-01,-5.000000e-01,7.071068e-01,-8.631909e-15,-4.998016e-01,1.081898e-01,-3.356186e-14,-5.000000e-01,-3.657674e-14,-7.071068e-01,-4.998016e-01,-2.091636e-15,-1.081898e-01,-5.000000e-01,-7.071068e-01,-1.045947e-14,-4.998016e-01,-1.081898e-01,5.088222e-15
92.6,85.0,-5.000000e-01,4.245950e-15,7.071068e-01,-4.998017e-01,1.316558e-14,1.082154e-01,-5.000000e-01,7.071068e-01,1.489576e-14,-4.998017e-01,1.082154e-01,2.604194e-14,-5.000000e-01,2.231747e-14,-7.071068e-01,-4.998017e-01,3.890821e-15,-1.082154e-01,-5.000000e-01,-7.071068e-01,-7.636266e-15,-4.998017e-01,-1.082154e-01,3.204308e-15
92.6,110.0,-5.000000e-01,-1.215711e-14,7.071068e-01,-4.998017e-01,3.205244e-14,1.082409e-01,-5.000000e-01,7.071068e-01,-2.641315e-14,-4.998017e-01,1.082409e-01,-2.884069e-14,-5.000000e-01,6.128907e-14,-7.071068e-01,-4.998017e-01,-1.827256e-14,-1.082409e-01,-5.000000e-01,-7.071068e-01,1.606620e-14,-4.998017e-01,-1.082409e-01,4.091750e-15
92.6,135.0,-5.000000e-01,-2.369748e-14,7.071068e-01,-4.998018e-01,2.135162e-14,1.082666e-01,-5.000000e-01,7.071068e-01,4.398423e-14,-4.998018e-01,1.082666e-01,1.707846e-14,-5.000000e-01,2.907090e-14,-7.071068e-01,-4.998018e-01,-3.350483e-15,-1.082666e-01,-5.000000e-01,-7.071068e-01,3.156007e-14,-4.998018e-01,-1.082666e-01,-1.717887e-15
92.6,160.0,-5.000000e-01,6.748004e-15,7.071068e-01,-4.998018e-01,-2.814858e-15,1.082923e-01,-5.000000e-01,7.071068e-01,2.816847e-14,-4.998018e-01,1.082923e-01,4.428010e-14,-5.000000e-01,-1.215381e-14,-7.071068e-01,-4.998018e-01,6.203509e-15,-1.082923e-01,-5.000000e-01,-7.071068e-01,1.682439e-14,-4.998018e-01,-1.082923e-01,5.337238e-15
92.6,185.0,-5.000000e-01,-1.939403e-14,7.071068e-01,-4.998019e-01,-5.127165e-15,1.083181e-01,-5.000000e-01,7.071068e-01,3.196845e-14,-4.998019e-01,1.083181e-01,9.254890e-15,-5.000000e-01,3.886620e-14,-7.071068e-01,-4.998019e-01,4.164004e-15,-1.083181e-01,-5.000000e-01,-7.071068e-01,5.527578e-16,-4.998019e-01,-1.083181e-01,1.540116e-14
92.6,210.0,-5.000000e-01,-4.657972e-15,7.071068e-01,-4.998019e-01,-4.325363e-15,1.083440e-01,-5.000000e-01,7.071068e-01,-2.612319e-14,-4.998019e-01,1.083440e-01,2.401779e-15,-5.000000e-01,1.188513e-14,-7.071068e-01,-4.998019e-01,-2.912788e-15,-1.083440e-01,-5.000000e-01,-7.071068e-01,3.162593e-14,-4.998019e-01,-1.083440e-01,1.426816e-15
92.6,235.0,-5.000000e-01,-4.086653e-15,7.071068e-01,-4.998019e-01,-1.625460e-14,1.083700e-01,-5.000000e-01,7.071068e-01,-8.882803e-15,-4.998019e-01,1.083700e-01,-1.998487e-15,-5.000000e-01,4.328905e-14,-7.071068e-01,-4.998019e-01,-8.387957e-15,-1.083700e-01,-5.000000e-01,-7.071068e-01,1.104328e-14,-4.998019e-01,-1.083700e-01,-2.110740e-14
92.6,260.0,-5.000000e-01,-1.417586e-14,7.071068e-01,-4.998020e-01,-4.543442e-15,1.083960e-01,-5.000000e-01,7.071068e-01,1.116214e-14,-4.998020e-01,1.083960e-01,4.980100e-14,-5.000000e-01,2.037064e-14,-7.071068e-01,-4.998020e-01,-5.494193e-16,-1.083960e-01,-5.000000e-01,-7.071068e-01,2.913429e-14,-4.998020e-01,-1.083960e-01,8.901984e-15
92.6,285.0,-5.000000e-01,-1.047591e-14,7.071068e-01,-4.998020e-01,-1.491512e-14,1.084222e-01,-5.000000e-01,7.071068e-01,-6.271343e-15,-4.998020e-01,1.084222e-01,1.027622e-14,-5.000000e-01,-1.945959e-15,-7.071068e-01,-4.998020e-01,-9.601072e-16,-1.084222e-01,-5.000000e-01,-7.071068e-01,2.098144e-14,-4.998020e-01,-1.084222e-01,6.547584e-16
92.6,310.0,-5.000000e-01,4.028857e-15,7.071068e-01,-4.998021e-01,3.678466e-14,1.084484e-01,-5.000000e-01,7.071068e-01,-1.460899e-14,-4.998021e-01,1.084484e-01,5.016010e-15,-5.000000e-01,-3.453581e-15,-7.071068e-01,-4.998021e-01,-2.020888e-14,-1.084484e-01,-5.000000e-01,-7.071068e-01,1.528084e-14,-4.998021e-01,-1.084484e-01,-1.335719e-15
92.6,335.0,-5.000000e-01,2.868826e-15,7.071068e-01,-4.998021e-01,-4.503555e-15,1.084746e-01,-5.000000e-01,7.071068e-01,1.662669e-14,-4.998021e-01,1.084746e-01,1.178101e-14,-5.000000e-01,-1.900735e-15,-7.071068e-01,-4.998021e-01,2.453900e-15,-1.084746e-01,-5.000000e-01,-7.071068e-01,1.395178e-14,-4.998021e-01,-1.084746e-01,1.788718e-14
92.6,360.0,-5.000000e-01,-1.679252e-15,7.071068e-01,-4.998022e-01,2.794050e-15,1.085010e-01,-5.000000e-01,7.071068e-01,8.443269e-15,-4.998022e-01,1.085010e-01,6.895586e-15,-5.000000e-01,1.224974e-15,-7.071068e-01,-4.998022e-01,1.387372e-16,-1.085010e-01,-5.000000e-01,-7.071068e-01,6.748643e-15,-4.998022e-01,-1.085010e-01,1.943899e-16
92.6,385.0,-5.000000e-01,-5.351940e-15,7.071068e-01,-4.998022e-01,-4.644200e-15,1.085275e-01,-5.000000e-01,7.071068e-01,1.148781e-14,-4.998022e-01,1.085275e-01,1.038868e-14,-5.000000e-01,2.068148e-15,-7.071068e-01,-4.998022e-01,1.030979e-14,-1.085275e-01,-5.000000e-01,-7.071068e-01,-2.322203e-15,-4.998022e-01,-1.085275e-01,-1.195807e-14
92.6,410.0,-5.000000e-01,-4.123673e-15,7.071068e-01,-4.998023e-01,-2.364995e-15,1.085540e-01,-5.000000e-01,7.071068e-01,2.843571e-15,-4.998023e-01,1.085540e-01,-1.015126e-16,-5.000000e-01,2.846260e-15,-7.071068e-01,-4.998023e-01,1.709586e-15,-1.085540e-01,-5.000000e-01,-7.071068e-01,-6.952606e-15,-4.998023e-01,-1.085540e-01,-3.030639e-15
92.6,435.0,-5.000000e-01,2.487105e-15,7.071068e-01,-4.998023e-01,-4.838257e-15,1.085806e-01,-5.000000e-01,7.071068e-01,6.265216e-15,-4.998023e-01,1.085806e-01,-4.296435e-15,-5.000000e-01,-1.658008e-14,-7.071068e-01,-4.998023e-01,1.570774e-15,-1.085806e-01,-5.000000e-01,-7.071068e-01,1.145895e-15,-4.998023e-01,-1.085806e-01,7.781576e-15
92.6,460.0,-5.000000e-01,4.102878e-15,7.071068e-01,-4.998024e-01,1.997766e-14,1.086073e-01,-5.000000e-01,7.071068e-01,-4.351969e-15,-4.998024e-01,1.086073e-01,-1.164045e-14,-5.000000e-01,-2.507166e-15,-7.071068e-01,-4.998024e-01,8.526322e-15,-1.086073e-01,-5.000000e-01,-7.071068e-01,-7.136334e-15,-4.998024e-01,-1.086073e-01,9.706277e-15
92.6,485.0,-5.000000e-01,1.005672e-14,7.071068e-01,-4.998024e-01,1.346404e-14,1.086340e-01,-5.000000e-01,7.071068e-01,-7.716783e-15,-4.998024e-01,1.086340e-01,1.061712e-15,-5.000000e-01,-1.723702e-15,-7.071068e-01,-4.998024e-01,-6.349540e-15,-1.086340e-01,-5.000000e-01,-7.071068e-01,2.009875e-14,-4.998024e-01,-1.086340e-01,-2.515893e-15
92.6,510.0,-5.000000e-01,7.707986e-15,7.071068e-01,-4.998025e-01,3.788171e-14,1.086609e-01,-5.000000e-01,7.071068e-01,-1.497922e-15,-4.998025e-01,1.086609e-01,-3.532985e-15,-5.000000e-01,2.022468e-15,-7.071068e-01,-4.998025e-01,1.070175e-14,-1.086609e-01,-5.000000e-01,-7.071068e-01,-5.483663e-15,-4.998025e-01,-1.086609e-01,-3.754145e-15
92.6,535.0,-5.000000e-01,5.321099e-16,7.071068e-01,-4.998025e-01,6.635700e-15,1.086878e-01,-5.000000e-01,7.071068e-01,3.713180e-15,-4.998025e-01,1.086878e-01,1.849615e-14,-5.000000e-01,-2.547382e-15,-7.071068e-01,-4.998025e-01,-2.547794e-15,-1.086878e-01,-5.000000e-01,-7.071068e-01,-8.284385e-16,-4.998025e-01,-1.086878e-01,-7.816241e-15
92.6,560.0,-5.000000e-01,-1.233702e-14,7.071068e-01,-4.998026e-01,4.250204e-15,1.087148e-01,-5.000000e-01,7.071068e-01,3.396702e-14,-4.998026e-01,1.087148e-01,-1.562651e-15,-5.000000e-01,7.232183e-15,-7.071068e-01,-4.998026e-01,-4.844846e-15,-1.087148e-01,-5.000000e-01,-7.071068e-01,2.074601e-14,-4.998026e-01,-1.087148e-01,-8.203808e-15
92.6,585.0,-5.000000e-01,5.414682e-15,7.071068e-01,-4.998026e-01,1.205771e-15,1.087419e-01,-5.000000e-01,7.071068e-01,-1.056229e-14,-4.998026e-01,1.087419e-01,9.533599e-15,-5.000000e-01,6.736376e-15,-7.071068e-01,-4.998026e-01,-6.641565e-16,-1.087419e-01,-5.000000e-01,-7.071068e-01,7.238489e-15,-4.998026e-01,-1.087419e-01,-1.131339e-14
92.6,610.0,-5.000000e-01,1.508284e-15,7.071068e-01,-4.998027e-01,3.384175e-15,1.087691e-01,-5.000000e-01,7.071068e-01,-8.180789e-15,-4.998027e-01,1.087691e-01,7.422981e-15,-5.000000e-01,-6.831729e-15,-7.071068e-01,-4.998027e-01,-9.148807e-16,-1.087691e-01,-5.000000e-01,-7.071068e-01,-6.389607e-15,-4.998027e-01,-1.087691e-01,-4.629881e-15
92.6,635.0,-5.000000e-01,1.354836e-14,7.071068e-01,-4.998027e-01,7.768858e-14,1.087963e-01,-5.000000e-01,7.071068e-01,-3.900141e-14,-4.998027e-01,1.087963e-01,9.214607e-15,-5.000000e-01,-7.348629e-15,-7.071068e-01,-4.998027e-01,-4.447234e-14,-1.087963e-01,-5.000000e-01,-7.071068e-01,5.566728e-14,-4.998027e-01,-1.087963e-01,1.885733e-15
92.6,660.0,-5.000000e-01,4.088906e-15,7.071068e-01,-4.998028e-01,2.960434e-15,1.088237e-01,-5.000000e-01,7.071068e-01,-9.215630e-15,-4.998028e-01,1.088237e-01,3.570059e-15,-5.000000e-01,-3.101275e-15,-7.071068e-01,-4.998028e-01,-2.001133e-15,-1.088237e-01,-5.000000e-01,-7.071068e-01,3.062537e-15,-4.998028e-01,-1.088237e-01,-1.892918e-14
92.6,685.0,-5.000000e-01,2.367573e-14,7.071068e-01,-4.998028e-01,-2.054085e-14,1.088511e-01,-5.000000e-01,7.071068e-01,-1.075211e-14,-4.998028e-01,1.088511e-01,-1.370316e-15,-5.000000e-01,-4.159416e-14,-7.071068e-01,-4.998028e-01,1.157600e-14,-1.088511e-01,-5.000000e-01,-7.071068e-01,-5.130458e-15,-4.998028e-01,-1.088511e-01,-3.449731e-15
92.6,710.0,-5.000000e-01,-7.799837e-15,7.071068e-01,-4.998029e-01,3.883505e-15,1.088786e-01,-5.000000e-01,7.071068e-01,1.810857e-14,-4.998029e-01,1.088786e-01,-3.389069e-15,-5.000000e-01,1.981397e-15,-7.071068e-01,-4.998029e-01,-8.817900e-16,-1.088786e-01,-5.000000e-01,-7.071068e-01,-8.334861e-15,-4.998029e-01,-1.088786e-01,-5.123811e-16
92.6,735.0,-5.000000e-01,-1.197848e-14,7.071068e-01,-4.998030e-01,-4.728883e-14,1.089062e-01,-5.000000e-01,7.071068e-01,2.100140e-14,-4.998030e-01,1.089062e-01,-3.319576e-16,-5.000000e-01,3.601154e-15,-7.071068e-01,-4.998030e-01,3.167254e-14,-1.089062e-01,-5.000000e-01,-7.071068e-01,-1.302337e-14,-4.998030e-01,-1.089062e-01,-5.801845e-15
92.6,760.0,-5.000000e-01,8.091250e-15,7.071068e-01,-4.998030e-01,2.433356e-14,1.089339e-01,-5.000000e-01,7.071068e-01,-5.590364e-15,-4.998030e-01,1.089339e-01,1.176256e-14,-5.000000e-01,-9.422273e-15,-7.071068e-01,-4.998030e-01,-1.431786e-14,-1.089339e-01,-5.000000e-01,-7.071068e-01,3.948557e-15,-4.998030e-01,-1.089339e-01,-1.236630e-15
92.6,785.0,-5.000000e-01,5.476692e-15,7.071068e-01,-4.998031e-01,8.139944e-15,1.089616e-01,-5.000000e-01,7.071068e-01,-9.828974e-15,-4.998031e-01,1.089616e-01,5.425554e-15,-5.000000e-01,-4.430002e-15,-7.071068e-01,-4.998031e-01,-3.692613e-15,-1.089616e-01,-5.000000e-01,-7.071068e-01,1.694882e-14,-4.998031e-01,-1.089616e-01,-9.342870e-17
92.6,810.0,-5.000000e-01,9.545611e-15,7.071068e-01,-4.998031e-01,-5.742396e-15,1.089895e-01,-5.000000e-01,7.071068e-01,-8.682698e-15,-4.998031e-01,1.089895e-01,-2.468074e-15,-5.000000e-01,-1.333743e-14,-7.071068e-01,-4.998031e-01,2.821743e-15,-1.089895e-01,-5.000000e-01,-7.071068e-01,2.094282e-14,-4.998031e-01,-1.089895e-01,9.874541e-15
92.6,835.0,-5.000000e-01,4.350982e-15,7.071068e-01,-4.998032e-01,1.074319e-14,1.090174e-01,-5.000000e-01,7.071068e-01,-3.073638e-15,-4.998032e-01,1.090174e-01,5.193073e-15,-5.000000e-01,7.391270e-15,-7.071068e-01,-4.998032e-01,-5.222933e-15,-1.090174e-01,-5.000000e-01,-7.071068e-01,-1.273524e-15,-4.998032e-01,-1.090174e-01,-1.025423e-14
92.6,860.0,-5.000000e-01,-2.021887e-14,7.071068e-01,-4.998032e-01,-2.822154e-14,1.090454e-01,-5.000000e-01,7.071068e-01,4.844510e-14,-4.998032e-01,1.090454e-01,7.384666e-16,-5.000000e-01,2.013879e-14,-7.071068e-01,-4.998032e-01,1.537580e-14,-1.090454e-01,-5.000000e-01,-7.071068e-01,-3.049639e-14,-4.998032e-01,-1.090454e-01,2.748611e-15
92.6,885.0,-5.000000e-01,1.021656e-14,7.071068e-01,-4.998033e-01,2.713331e-14,1.090735e-01,-5.000000e-01,7.071068e-01,-1.773878e-14,-4.998033e-01,1.090735e-01,-1.499005e-14,-5.000000e-01,-1.528133e-14,-7.071068e-01,-4.998033e-01,-1.567740e-14,-1.090735e-01,-5.000000e-01,-7.071068e-01,1.429186e-14,-4.998033e-01,-1.090735e-01,2.014644e-14
95.1,10.0,-5.000000e-01,1.200306e-14,7.071068e-01,-4.998057e-01,1.492723e-14,1.102652e-01,-5.000000e-01,7.071068e-01,-9.195310e-15,-4.998057e-01,1.102652e-01,-2.675388e-15,-5.000000e-01,-1.219267e-14,-7.071068e-01,-4.998057e-01,-1.556699e-14,-1.102652e-01,-5.000000e-01,-7.071068e-01,1.309167e-14,-4.998057e-01,-1.102652e-01,2.101058e-15
95.1,35.0,-5.000000e-01,-1.527237e-16,7.071068e-01,-4.998057e-01,-2.671886e-15,1.102897e-01,-5.000000e-01,7.071068e-01,4.436275e-15,-4.998057e-01,1.102897e-01,-1.401031e-14,-5.000000e-01,-9.308110e-16,-7.071068e-01,-4.998057e-01,9.796527e-16,-1.102897e-01,-5.000000e-01,-7.071068e-01,-1.420619e-14,-4.998057e-01,-1.102897e-01,1.487651e-14
95.1,60.0,-5.000000e-01,-3.851114e-17,7.071068e-01,-4.998058e-01,1.678727e-14,1.103143e-01,-5.000000e-01,7.071068e-01,-1.707683e-14,-4.998058e-01,1.103143e-01,3.895670e-14,-5.000000e-01,5.853693e-15,-7.071068e-01,-4.998058e-01,-1.841275e-14,-1.103143e-01,-5.000000e-01,-7.071068e-01,1.621527e-14,-4.998058e-01,-1.103143e-01,-3.814121e-14
95.1,85.0,-5.000000e-01,-1.373949e-14,7.071068e-01,-4.998058e-01,-1.479002e-14,1.103390e-01,-5.000000e-01,7.071068e-01,1.007686e-14,-4.998058e-01,1.103390e-01,6.426907e-15,-5.000000e-01,8.599995e-15,-7.071068e-01,-4.998058e-01,6.918276e-15,-1.103390e-01,-5.000000e-01,-7.071068e-01,-1.640587e-14,-4.998058e-01,-1.103390e-01,-6.549830e-15
95.1,110.0,-5.000000e-01,-7.704412e-15,7.071068e-01,-4.998059e-01,4.572836e-15,1.103637e-01,-5.000000e-01,7.071068e-01,1.477718e-15,-4.998059e-01,1.103637e-01,-1.382107e-15,-5.000000e-01,6.229099e-15,-7.071068e-01,-4.998059e-01,-4.086857e-15,-1.103637e-01,-5.000000e-01,-7.071068e-01,-4.905102e-15,-4.998059e-01,-1.103637e-01,2.662957e-15
95.1,135.0,-5.000000e-01,-3.855443e-16,7.071068e-01,-4.998059e-01,-1.152495e-14,1.103885e-01,-5.000000e-01,7.071068e-01,5.793892e-15,-4.998059e-01,1.103885e-01,-9.712052e-15,-5.000000e-01,6.361481e-16,-7.071068e-01,-4.998059e-01,1.010582e-14,-1.103885e-01,-5.000000e-01,-7.071068e-01,-6.099552e-15,-4.998059e-01,-1.103885e-01,9.923150e-15
95.1,160.0,-5.000000e-01,-3.490022e-15,7.071068e-01,-4.998060e-01,2.084034e-14,1.104134e-01,-5.000000e-01,7.071068e-01,-4.939956e-15,-4.998060e-01,1.104134e-01,-4.841019e-15,-5.000000e-01,1.498250e-15,-7.071068e-01,-4.998060e-01,-1.956866e-14,-1.104134e-01,-5.000000e-01,-7.071068e-01,5.190922e-15,-4.998060e-01,-1.104134e-01,4.731404e-15
95.1,185.0,-5.000000e-01,1.239869e-14,7.071068e-01,-4.998060e-01,7.174815e-15,1.104384e-01,-5.000000e-01,7.071068e-01,6.650748e-15,-4.998060e-01,1.104384e-01,-1.366262e-14,-5.000000e-01,4.868396e-15,-7.071068e-01,-4.998060e-01,2.503070e-14,-1.104384e-01,-5.000000e-01,-7.071068e-01,-6.953950e-15,-4.998060e-01,-1.104384e-01,4.503226e-15
95.1,210.0,-5.000000e-01,-2.096068e-15,7.071068e-01,-4.998061e-01,-4.105268e-15,1.104634e-01,-5.000000e-01,7.071068e-01,2.259065e-15,-4.998061e-01,1.104634e-01,-4.728451e-15,-5.000000e-01,6.960104e-15,-7.071068e-01,-4.998061e-01,3.535469e-15,-1.104634e-01,-5.000000e-01,-7.071068e-01,-8.855064e-15,-4.998061e-01,-1.104634e-01,4.679981e-15
95.1,235.0,-5.000000e-01,4.796779e-15,7.071068e-01,-4.998061e-01,-1.074132e-14,1.104886e-01,-5.000000e-01,7.071068e-01,1.316331e-14,-4.998061e-01,1.104886e-01,4.498464e-15,-5.000000e-01,9.259198e-15,-7.071068e-01,-4.998061e-01,1.090474e-14,-1.104886e-01,-5.000000e-01,-7.071068e-01,-1.525280e-14,-4.998061e-01,-1.104886e-01,-5.325105e-15
95.1,260.0,-5.000000e-01,1.578596e-15,7.071068e-01,-4.998062e-01,-2.352952e-14,1.105138e-01,-5.000000e-01,7.071068e-01,2.246738e-14,-4.998062e-01,1.105138e-01,-1.667507e-15,-5.000000e-01,-2.245722e-15,-7.071068e-01,-4.998062e-01,2.268735e-14,-1.105138e-01,-5.000000e-01,-7.071068e-01,-2.488372e-14,-4.998062e-01,-1.105138e-01,3.439436e-15
95.1,285.0,-5.000000e-01,-1.791202e-15,7.071068e-01,-4.998062e-01,3.689702e-15,1.105390e-01,-5.000000e-01,7.071068e-01,-4.249321e-15,-4.998062e-01,1.105390e-01,9.278295e-15,-5.000000e-01,1.058481e-14,-7.071068e-01,-4.998062e-01,-4.239911e-15,-1.105390e-01,-5.000000e-01,-7.071068e-01,5.320535e-15,-4.998062e-01,-1.105390e-01,-1.040829e-14
95.1,310.0,-5.000000e-01,-6.323559e-15,7.071068e-01,-4.998062e-01,3.936072e-15,1.105644e-01,-5.000000e-01,7.071068e-01,-5.322534e-16,-4.998062e-01,1.105644e-01,4.154602e-17,-5.000000e-01,8.651091e-15,-7.071068e-01,-4.998062e-01,-3.352461e-15,-1.105644e-01,-5.000000e-01,-7.071068e-01,-2.726261e-15,-4.998062e-01,-1.105644e-01,-8.291167e-16
95.1,335.0,-5.000000e-01,4.986781e-15,7.071068e-01,-4.998063e-01,-3.701900e-14,1.105898e-01,-5.000000e-01,7.071068e-01,1.886146e-14,-4.998063e-01,1.105898e-01,1.455012e-14,-5.000000e-01,-2.359082e-14,-7.071068e-01,-4.998063e-01,2.005689e-14,-1.105898e-01,-5.000000e-01,-7.071068e-01,-8.355966e-15,-4.998063e-01,-1.105898e-01,2.776040e-15
95.1,360.0,-5.000000e-01,-4.012811e-15,7.071068e-01,-4.998063e-01,-2.274075e-14,1.106153e-01,-5.000000e-01,7.071068e-01,1.926442e-14,-4.998063e-01,1.106153e-01,-3.474733e-15,-5.000000e-01,-4.061042e-15,-7.071068e-01,-4.998063e-01,1.073172e-14,-1.106153e-01,-5.000000e-01,-7.071068e-01,-1.029623e-14,-4.998063e-01,-1.106153e-01,6.304222e-15
95.1,385.0,-5.000000e-01,-1.542699e-14,7.071068e-01,-4.998064e-01,-5.408711e-14,1.106409e-01,-5.000000e-01,7.071068e-01,1.879145e-14,-4.998064e-01,1.106409e-01,8.895007e-15,-5.000000e-01,1.072568e-15,-7.071068e-01,-4.998064e-01,3.049107e-14,-1.106409e-01,-5.000000e-01,-7.071068e-01,-3.366802e-14,-4.998064e-01,-1.106409e-01,-2.115660e-14
95.1,410.0,-5.000000e-01,2.283532e-15,7.071068e-01,-4.998064e-01,-1.511443e-14,1.106666e-01,-5.000000e-01,7.071068e-01,1.371025e-15,-4.998064e-01,1.106666e-01,-3.002034e-14,-5.000000e-01,-1.857614e-14,-7.071068e-01,-4.998064e-01,8.903606e-15,-1.106666e-01,-5.000000e-01,-7.071068e-01,1.625931e-15,-4.998064e-01,-1.106666e-01,3.152638e-14
95.1,435.0,-5.000000e-01,1.037346e-14,7.071068e-01,-4.998065e-01,3.499126e-15,1.106923e-01,-5.000000e-01,7.071068e-01,-9.669450e-16,-4.998065e-01,1.106923e-01,-1.487365e-14,-5.000000e-01,-1.672994e-14,-7.071068e-01,-4.998065e-01,-2.094941e-15,-1.106923e-01,-5.000000e-01,-7.071068e-01,3.176985e-16,-4.998065e-01,-1.106923e-01,1.860264e-14
95.1,460.0,-5.000000e-01,5.634805e-15,7.071068e-01,-4.998065e-01,-4.678093e-15,1.107181e-01,-5.000000e-01,7.071068e-01,5.934052e-15,-4.998065e-01,1.107181e-01,-1.077265e-14,-5.000000e-01,-1.258429e-14,-7.071068e-01,-4.998065e-01,1.954459e-15,-1.107181e-01,-5.000000e-01,-7.071068e-01,1.062405e-14,-4.998065e-01,-1.107181e-01,1.447676e-14
95.1,485.0,-5.000000e-01,2.526534e-14,7.071068e-01,-4.998066e-01,1.429437e-14,1.107440e-01,-5.000000e-01,7.071068e-01,2.549460e-16,-4.998066e-01,1.107440e-01,-1.372906e-14,-5.000000e-01,-2.997050e-14,-7.071068e-01,-4.998066e-01,-8.086359e-15,-1.107440e-01,-5.000000e-01,-7.071068e-01,2.042844e-15,-4.998066e-01,-1.107440e-01,-1.449304e-14
95.1,510.0,-5.000000e-01,3.562326e-15,7.071068e-01,-4.998066e-01,-3.031231e-15,1.107700e-01,-5.000000e-01,7.071068e-01,-7.137746e-15,-4.998066e-01,1.107700e-01,1.193968e-14,-5.000000e-01,-5.917955e-15,-7.071068e-01,-4.998066e-01,1.440325e-15,-1.107700e-01,-5.000000e-01,-7.071068e-01,2.745959e-15,-4.998066e-01,-1.107700e-01,-6.376211e-15
95.1,535.0,-5.000000e-01,-1.956048e-14,7.071068e-01,-4.998067e-01,-4.687182e-14,1.107960e-01,-5.000000e-01,7.071068e-01,1.939842e-14,-4.998067e-01,1.107960e-01,-7.406958e-15,-5.000000e-01,1.192022e-14,-7.071068e-01,-4.998067e-01,2.536791e-14,-1.107960e-01,-5.000000e-01,-7.071068e-01,-3.514503e-14,-4.998067e-01,-1.107960e-01,-4.930871e-15
95.1,560.0,-5.000000e-01,8.630099e-15,7.071068e-01,-4.998067e-01,3.921057e-14,1.108222e-01,-5.000000e-01,7.071068e-01,-2.545446e-14,-4.998067e-01,1.108222e-01,-1.005273e-14,-5.000000e-01,-7.623683e-15,-7.071068e-01,-4.998067e-01,-1.379499e-14,-1.108222e-01,-5.000000e-01,-7.071068e-01,2.005974e-14,-4.998067e-01,-1.108222e-01,8.026728e-17
95.1,585.0,-5.000000e-01,-5.710284e-16,7.071068e-01,-4.998068e-01,6.036765e-15,1.108484e-01,-5.000000e-01,7.071068e-01,4.459204e-15,-4.998068e-01,1.108484e-01,-1.037994e-18,-5.000000e-01,1.296042e-15,-7.071068e-01,-4.998068e-01,-4.855559e-15,-1.108484e-01,-5.000000e-01,-7.071068e-01,8.114370e-15,-4.998068e-01,-1.108484e-01,8.708238e-15
95.1,610.0,-5.000000e-01,1.156121e-14,7.071068e-01,-4.998068e-01,3.655863e-14,1.108747e-01,-5.000000e-01,7.071068e-01,-2.361629e-14,-4.998068e-01,1.108747e-01,6.912931e-15,-5.000000e-01,-6.765970e-15,-7.071068e-01,-4.998068e-01,-2.964971e-14,-1.108747e-01,-5.000000e-01,-7.071068e-01,2.398823e-14,-4.998068e-01,-1.108747e-01,-9.951703e-15
95.1,635.0,-5.000000e-01,1.474670e-14,7.071068e-01,-4.998069e-01,5.583480e-14,1.109010e-01,-5.000000e-01,7.071068e-01,-3.129011e-14,-4.998069e-01,1.109010e-01,7.206754e-16,-5.000000e-01,-9.749886e-15,-7.071068e-01,-4.998069e-01,-3.265658e-14,-1.109010e-01,-5.000000e-01,-7.071068e-01,3.303968e-14,-4.998069e-01,-1.109010e-01,-9.471624e-15
95.1,660.0,-5.000000e-01,-3.998303e-15,7.071068e-01,-4.998069e-01,-3.157808e-14,1.109275e-01,-5.000000e-01,7.071068e-01,8.865855e-15,-4.998069e-01,1.109275e-01,-1.558916e-14,-5.000000e-01,-1.166065e-14,-7.071068e-01,-4.998069e-01,1.829154e-14,-1.109275e-01,-5.000000e-01,-7.071068e-01,-1.036064e-14,-4.998069e-01,-1.109275e-01,1.148845e-14
95.1,685.0,-5.000000e-01,-5.048368e-16,7.071068e-01,-4.998070e-01,-3.592792e-14,1.109540e-01,-5.000000e-01,7.071068e-01,1.476947e-14,-4.998070e-01,1.109540e-01,-4.345560e-15,-5.000000e-01,3.411668e-15,-7.071068e-01,-4.998070e-01,1.899375e-14,-1.109540e-01,-5.000000e-01,-7.071068e-01,-1.219145e-14,-4.998070e-01,-1.109540e-01,2.675521e-14
95.1,710.0,-5.000000e-01,-1.234600e-15,7.071068e-01,-4.998070e-01,1.332048e-14,1.109806e-01,-5.000000e-01,7.071068e-01,-9.267218e-15,-4.998070e-01,1.109806e-01,-1.293059e-14,-5.000000e-01,-4.510791e-15,-7.071068e-01,-4.998070e-01,-3.226092e-14,-1.109806e-01,-5.000000e-01,-7.071068e-01,4.318139e-15,-4.998070e-01,-1.109806e-01,-1.853525e-15
95.1,735.0,-5.000000e-01,6.172916e-15,7.071068e-01,-4.998071e-01,4.541585e-15,1.110073e-01,-5.000000e-01,7.071068e-01,3.192678e-16,-4.998071e-01,1.110073e-01,4.425379e-16,-5.000000e-01,-1.736585e-15,-7.071068e-01,-4.998071e-01,1.501020e-15,-1.110073e-01,-5.000000e-01,-7.071068e-01,1.039716e-14,-4.998071e-01,-1.110073e-01,8.637627e-15
95.1,760.0,-5.000000e-01,7.580144e-15,7.071068e-01,-4.998071e-01,1.527666e-14,1.110341e-01,-5.000000e-01,7.071068e-01,-8.610634e-15,-4.998071e-01,1.110341e-01,3.059085e-15,-5.000000e-01,-1.073693e-15,-7.071068e-01,-4.998071e-01,-1.426868e-14,-1.110341e-01,-5.000000e-01,-7.071068e-01,1.545834e-14,-4.998071e-01,-1.110341e-01,-4.622106e-15
95.1,785.0,-5.000000e-01,-2.731516e-14,7.071068e-01,-4.998072e-01,-2.981692e-14,1.110610e-01,-5.000000e-01,7.071068e-01,2.013478e-14,-4.998072e-01,1.110610e-01,-2.691043e-15,-5.000000e-01,1.483264e-14,-7.071068e-01,-4.998072e-01,1.470029e-14,-1.110610e-01,-5.000000e-01,-7.071068e-01,-1.772204e-14,-4.998072e-01,-1.110610e-01,7.597100e-15
95.1,810.0,-5.000000e-01,-4.403021e-15,7.071068e-01,-4.998072e-01,-1.990091e-14,1.110879e-01,-5.000000e-01,7.071068e-01,6.832797e-15,-4.998072e-01,1.110879e-01,1.647122e-15,-5.000000e-01,-7.356581e-15,-7.071068e-01,-4.998072e-01,1.175103e-14,-1.110879e-01,-5.000000e-01,-7.071068e-01,-5.458926e-15,-4.998072e-01,-1.110879e-01,-1.073781e-15
95.1,835.0,-5.000000e-01,5.147085e-15,7.071068e-01,-4.998073e-01,-1.349392e-14,1.111149e-01,-5.000000e-01,7.071068e-01,8.829414e-15,-4.998073e-01,1.111149e-01,2.402646e-14,-5.000000e-01,8.099090e-15,-7.071068e-01,-4.998073e-01,1.050161e-14,-1.111149e-01,-5.000000e-01,-7.071068e-01,7.706561e-15,-4.998073e-01,-1.111149e-01,-1.153432e-14
95.1,860.0,-5.000000e-01,7.102374e-15,7.071068e-01,-4.998073e-01,-2.016494e-14,1.111420e-01,-5.000000e-01,7.071068e-01,3.371740e-15,-4.998073e-01,1.111420e-01,1.012731e-14,-5.000000e-01,-1.127555e-15,-7.071068e-01,-4.998073e-01,1.156162e-14,-1.111420e-01,-5.000000e-01,-7.071068e-01,1.199565e-14,-4.998073e-01,-1.111420e-01,7.182526e-15
95.1,885.0,-5.000000e-01,-2.255941e-14,7.071068e-01,-4.998073e-01,-7.068903e-14,1.111692e-01,-5.000000e-01,7.071068e-01,5.004221e-14,-4.998073e-01,1.111692e-01,-1.973182e-14,-5.000000e-01,2.431954e-14,-7.071068e-01,-4.998073e-01,3.547887e-14,-1.111692e-01,-5.000000e-01,-7.071068e-01,-5.096205e-14,-4.998073e-01,-1.111692e-01,1.944592e-14
97.6,10.0,-5.000000e-01,-8.015355e-15,7.071068e-01,-4.998097e-01,-4.668816e-16,1.123933e-01,-5.000000e-01,7.071068e-01,-2.972149e-14,-4.998097e-01,1.123933e-01,1.165157e-14,-5.000000e-01,8.086717e-15,-7.071068e-01,-4.998097e-01,1.106985e-16,-1.123933e-01,-5.000000e-01,-7.071068e-01,2.930904e-14,-4.998097e-01,-1.123933e-01,-1.152571e-14
97.6,35.0,-5.000000e-01,-1.372196e-14,7.071068e-01,-4.998097e-01,1.504510e-15,1.124171e-01,-5.000000e-01,7.071068e-01,9.674088e-15,-4.998097e-01,1.124171e-01,5.094676e-15,-5.000000e-01,1.369378e-14,-7.071068e-01,-4.998097e-01,-7.440373e-16,-1.124171e-01,-5.000000e-01,-7.071068e-01,-1.075314e-14,-4.998097e-01,-1.124171e-01,-5.506716e-15
97.6,60.0,-5.000000e-01,-1.441278e-14,7.071068e-01,-4.998098e-01,-1.588646e-16,1.124409e-01,-5.000000e-01,7.071068e-01,2.140655e-14,-4.998098e-01,1.124409e-01,-4.415270e-15,-5.000000e-01,1.378888e-14,-7.071068e-01,-4.998098e-01,6.103341e-16,-1.124409e-01,-5.000000e-01,-7.071068e-01,-2.042732e-14,-4.998098e-01,-1.124409e-01,3.702308e-15
97.6,85.0,-5.000000e-01,-1.788633e-15,7.071068e-01,-4.998098e-01,3.626791e-15,1.124647e-01,-5.000000e-01,7.071068e-01,-1.548498e-14,-4.998098e-01,1.124647e-01,1.979312e-15,-5.000000e-01,2.276374e-15,-7.071068e-01,-4.998098e-01,-3.034230e-15,-1.124647e-01,-5.000000e-01,-7.071068e-01,1.658392e-14,-4.998098e-01,-1.124647e-01,-2.528389e-15
97.6,110.0,-5.000000e-01,1.367255e-14,7.071068e-01,-4.998099e-01,5.314401e-15,1.124887e-01,-5.000000e-01,7.071068e-01,1.783265e-14,-4.998099e-01,1.124887e-01,-7.417471e-16,-5.000000e-01,-1.141107e-14,-7.071068e-01,-4.998099e-01,5.264843e-15,-1.124887e-01,-5.000000e-01,-7.071068e-01,-1.556054e-14,-4.998099e-01,-1.124887e-01,4.171923e-16
97.6,135.0,-5.000000e-01,-1.215221e-15,7.071068e-01,-4.998099e-01,2.962942e-15,1.125127e-01,-5.000000e-01,7.071068e-01,-9.131522e-15,-4.998099e-01,1.125127e-01,-1.651952e-15,-5.000000e-01,-1.191546e-15,-7.071068e-01,-4.998099e-01,-2.396609e-15,-1.125127e-01,-5.000000e-01,-7.071068e-01,6.747215e-15,-4.998099e-01,-1.125127e-01,2.455320e-15
97.6,160.0,-5.000000e-01,-1.877115e-14,7.071068e-01,-4.998099e-01,9.878615e-15,1.125368e-01,-5.000000e-01,7.071068e-01,-4.990409e-14,-4.998099e-01,1.125368e-01,1.757108e-15,-5.000000e-01,1.657294e-14,-7.071068e-01,-4.998099e-01,-1.007023e-14,-1.125368e-01,-5.000000e-01,-7.071068e-01,5.179770e-14,-4.998099e-01,-1.125368e-01,-7.133682e-16
97.6,185.0,-5.000000e-01,-2.111380e-15,7.071068e-01,-4.998100e-01,-1.909856e-15,1.125610e-01,-5.000000e-01,7.071068e-01,-8.050058e-15,-4.998100e-01,1.125610e-01,8.014171e-15,-5.000000e-01,2.334084e-15,-7.071068e-01,-4.998100e-01,1.947217e-15,-1.125610e-01,-5.000000e-01,-7.071068e-01,1.212552e-14,-4.998100e-01,-1.125610e-01,-8.708061e-15
97.6,210.0,-5.000000e-01,3.271886e-14,7.071068e-01,-4.998100e-01,-3.987031e-16,1.125852e-01,-5.000000e-01,7.071068e-01,-6.752978e-15,-4.998100e-01,1.125852e-01,-9.303001e-16,-5.000000e-01,-3.836916e-14,-7.071068e-01,-4.998100e-01,1.785138e-16,-1.125852e-01,-5.000000e-01,-7.071068e-01,-8.625685e-15,-4.998100e-01,-1.125852e-01,-1.789469e-15
97.6,235.0,-5.000000e-01,-8.549972e-14,7.071068e-01,-4.998101e-01,-1.109005e-15,1.126095e-01,-5.000000e-01,7.071068e-01,-1.455675e-13,-4.998101e-01,1.126095e-01,2.495835e-15,-5.000000e-01,1.149446e-13,-7.071068e-01,-4.998101e-01,4.843370e-15,-1.126095e-01,-5.000000e-01,-7.071068e-01,1.499354e-13,-4.998101e-01,-1.126095e-01,2.898905e-15
97.6,260.0,-5.000000e-01,2.006124e-14,7.071068e-01,-4.998101e-01,-4.410704e-15,1.126339e-01,-5.000000e-01,7.071068e-01,2.486712e-14,-4.998101e-01,1.126339e-01,4.406549e-15,-5.000000e-01,-1.113662e-14,-7.071068e-01,-4.998101e-01,3.715452e-16,-1.126339e-01,-5.000000e-01,-7.071068e-01,-2.648944e-15,-4.998101e-01,-1.126339e-01,-6.271272e-16
97.6,285.0,-5.000000e-01,8.091254e-14,7.071068e-01,-4.998102e-01,-9.871247e-16,1.126583e-01,-5.000000e-01,7.071068e-01,3.526193e-15,-4.998102e-01,1.126583e-01,-2.130844e-15,-5.000000e-01,-8.019379e-14,-7.071068e-01,-4.998102e-01,9.044008e-16,-1.126583e-01,-5.000000e-01,-7.071068e-01,1.639803e-15,-4.998102e-01,-1.126583e-01,2.124549e-15
97.6,310.0,-5.000000e-01,3.125043e-14,7.071068e-01,-4.998102e-01,-2.424021e-16,1.126829e-01,-5.000000e-01,7.071068e-01,-6.046973e-15,-4.998102e-01,1.126829e-01,-1.104204e-14,-5.000000e-01,-3.048067e-14,-7.071068e-01,-4.998102e-01,3.197191e-16,-1.126829e-01,-5.000000e-01,-7.071068e-01,7.604052e-15,-4.998102e-01,-1.126829e-01,1.001879e-14
97.6,335.0,-5.000000e-01,-9.700082e-16,7.071068e-01,-4.998102e-01,-1.648423e-15,1.127075e-01,-5.000000e-01,7.071068e-01,6.042365e-16,-4.998102e-01,1.127075e-01,1.429553e-14,-5.000000e-01,2.510417e-15,-7.071068e-01,-4.998102e-01,1.382300e-15,-1.127075e-01,-5.000000e-01,-7.071068e-01,-8.833937e-15,-4.998102e-01,-1.127075e-01,-1.453248e-14
97.6,360.0,-5.000000e-01,-2.994828e-15,7.071068e-01,-4.998103e-01,-7.906127e-15,1.127322e-01,-5.000000e-01,7.071068e-01,1.122232e-14,-4.998103e-01,1.127322e-01,-5.945142e-15,-5.000000e-01,-1.256457e-15,-7.071068e-01,-4.998103e-01,6.779236e-15,-1.127322e-01,-5.000000e-01,-7.071068e-01,-1.159392e-14,-4.998103e-01,-1.127322e-01,5.779213e-15
97.6,385.0,-5.000000e-01,-9.470639e-15,7.071068e-01,-4.998103e-01,-2.205286e-14,1.127569e-01,-5.000000e-01,7.071068e-01,1.593983e-14,-4.998103e-01,1.127569e-01,9.173459e-15,-5.000000e-01,1.434567e-14,-7.071068e-01,-4.998103e-01,5.324174e-14,-1.127569e-01,-5.000000e-01,-7.071068e-01,-1.553788e-14,-4.998103e-01,-1.127569e-01,-1.093314e-14
97.6,410.0,-5.000000e-01,-6.697836e-16,7.071068e-01,-4.998104e-01,9.135453e-15,1.127818e-01,-5.000000e-01,7.071068e-01,1.583927e-14,-4.998104e-01,1.127818e-01,-6.857851e-15,-5.000000e-01,2.058524e-14,-7.071068e-01,-4.998104e-01,1.652241e-14,-1.127818e-01,-5.000000e-01,-7.071068e-01,-1.871060e-14,-4.998104e-01,-1.127818e-01,1.294237e-14
97.6,435.0,-5.000000e-01,-1.495387e-14,7.071068e-01,-4.998104e-01,9.462952e-14,1.128067e-01,-5.000000e-01,7.071068e-01,-1.599902e-14,-4.998104e-01,1.128067e-01,5.511925e-14,-5.000000e-01,2.560361e-14,-7.071068e-01,-4.998104e-01,-9.380740e-14,-1.128067e-01,-5.000000e-01,-7.071068e-01,1.388131e-14,-4.998104e-01,-1.128067e-01,-5.425863e-14
97.6,460.0,-5.000000e-01,1.097907e-14,7.071068e-01,-4.998105e-01,4.513041e-14,1.128316e-01,-5.000000e-01,7.071068e-01,-3.344935e-14,-4.998105e-01,1.128316e-01,-1.040543e-14,-5.000000e-01,-1.387396e-14,-7.071068e-01,-4.998105e-01,-3.269303e-14,-1.128316e-01,-5.000000e-01,-7.071068e-01,3.205453e-14,-4.998105e-01,-1.128316e-01,7.551762e-15
97.6,485.0,-5.000000e-01,1.701426e-14,7.071068e-01,-4.998105e-01,3.291320e-14,1.128567e-01,-5.000000e-01,7.071068e-01,-2.002997e-14,-4.998105e-01,1.128567e-01,-5.524687e-16,-5.000000e-01,1.892055e-15,-7.071068e-01,-4.998105e-01,-1.722594e-14,-1.128567e-01,-5.000000e-01,-7.071068e-01,1.092887e-14,-4.998105e-01,-1.128567e-01,-7.686372e-15
97.6,510.0,-5.000000e-01,3.361069e-15,7.071068e-01,-4.998106e-01,1.442128e-14,1.128818e-01,-5.000000e-01,7.071068e-01,-5.951067e-15,-4.998106e-01,1.128818e-01,-8.117054e-15,-5.000000e-01,-6.642244e-15,-7.071068e-01,-4.998106e-01,-7.702863e-15,-1.128818e-01,-5.000000e-01,-7.071068e-01,-2.683723e-15,-4.998106e-01,-1.128818e-01,-1.920604e-16
97.6,535.0,-5.000000e-01,2.972746e-14,7.071068e-01,-4.998106e-01,7.497762e-14,1.129071e-01,-5.000000e-01,7.071068e-01,-3.871204e-14,-4.998106e-01,1.129071e-01,-5.189904e-15,-5.000000e-01,-7.269240e-15,-7.071068e-01,-4.998106e-01,-4.181406e-14,-1.129071e-01,-5.000000e-01,-7.071068e-01,4.432408e-14,-4.998106e-01,-1.129071e-01,2.192273e-15
97.6,560.0,-5.000000e-01,-7.449741e-15,7.071068e-01,-4.998106e-01,-1.540126e-14,1.129323e-01,-5.000000e-01,7.071068e-01,5.276581e-15,-4.998106e-01,1.129323e-01,1.130817e-14,-5.000000e-01,-2.072009e-15,-7.071068e-01,-4.998106e-01,9.112553e-15,-1.129323e-01,-5.000000e-01,-7.071068e-01,-4.163976e-15,-4.998106e-01,-1.129323e-01,1.651206e-14
97.6,585.0,-5.000000e-01,-1.072708e-15,7.071068e-01,-4.998107e-01,-1.371728e-14,1.129577e-01,-5.000000e-01,7.071068e-01,1.885637e-14,-4.998107e-01,1.129577e-01,1.063985e-14,-5.000000e-01,1.132983e-14,-7.071068e-01,-4.998107e-01,2.351025e-14,-1.129577e-01,-5.000000e-01,-7.071068e-01,-7.803890e-15,-4.998107e-01,-1.129577e-01,-9.324654e-15
97.6,610.0,-5.000000e-01,-1.465860e-14,7.071068e-01,-4.998107e-01,-2.873665e-14,1.129832e-01,-5.000000e-01,7.071068e-01,1.146500e-14,-4.998107e-01,1.129832e-01,-7.276895e-15,-5.000000e-01,4.476081e-15,-7.071068e-01,-4.998107e-01,1.400563e-14,-1.129832e-01,-5.000000e-01,-7.071068e-01,-1.080737e-14,-4.998107e-01,-1.129832e-01,2.269388e-15
97.6,635.0,-5.000000e-01,-6.390503e-15,7.071068e-01,-4.998108e-01,-2.516403e-14,1.130087e-01,-5.000000e-01,7.071068e-01,1.287303e-14,-4.998108e-01,1.130087e-01,5.777026e-16,-5.000000e-01,9.139599e-15,-7.071068e-01,-4.998108e-01,1.172328e-14,-1.130087e-01,-5.000000e-01,-7.071068e-01,-1.494621e-14,-4.998108e-01,-1.130087e-01,-1.217624e-14
97.6,660.0,-5.000000e-01,1.997977e-15,7.071068e-01,-4.998108e-01,2.824097e-15,1.130343e-01,-5.000000e-01,7.071068e-01,1.633798e-14,-4.998108e-01,1.130343e-01,-8.265604e-16,-5.000000e-01,-7.582898e-16,-7.071068e-01,-4.998108e-01,2.004999e-15,-1.130343e-01,-5.000000e-01,-7.071068e-01,2.114908e-14,-4.998108e-01,-1.130343e-01,-5.972913e-15
97.6,685.0,-5.000000e-01,5.037726e-15,7.071068e-01,-4.998109e-01,2.532197e-14,1.130600e-01,-5.000000e-01,7.071068e-01,-1.111902e-14,-4.998109e-01,1.130600e-01,-1.082531e-14,-5.000000e-01,-8.570143e-15,-7.071068e-01,-4.998109e-01,-1.386612e-14,-1.130600e-01,-5.000000e-01,-7.071068e-01,1.493932e-14,-4.998109e-01,-1.130600e-01,1.836270e-14
97.6,710.0,-5.000000e-01,-5.110562e-15,7.071068e-01,-4.998109e-01,-1.245854e-14,1.130857e-01,-5.000000e-01,7.071068e-01,7.670404e-15,-4.998109e-01,1.130857e-01,2.921354e-15,-5.000000e-01,9.316096e-15,-7.071068e-01,-4.998109e-01,6.229180e-15,-1.130857e-01,-5.000000e-01,-7.071068e-01,-8.378778e-15,-4.998109e-01,-1.130857e-01,-4.443131e-15
97.6,735.0,-5.000000e-01,1.110751e-14,7.071068e-01,-4.998110e-01,7.182338e-14,1.131116e-01,-5.000000e-01,7.071068e-01,4.290296e-14,-4.998110e-01,1.131116e-01,2.829489e-15,-5.000000e-01,-4.542200e-14,-7.071068e-01,-4.998110e-01,-4.124900e-14,-1.131116e-01,-5.000000e-01,-7.071068e-01,-1.444191e-14,-4.998110e-01,-1.131116e-01,4.663754e-15
97.6,760.0,-5.000000e-01,5.974736e-15,7.071068e-01,-4.998110e-01,3.052561e-14,1.131375e-01,-5.000000e-01,7.071068e-01,-1.889054e-14,-4.998110e-01,1.131375e-01,-7.931136e-15,-5.000000e-01,-1.131339e-16,-7.071068e-01,-4.998110e-01,-9.237365e-15,-1.131375e-01,-5.000000e-01,-7.071068e-01,1.007060e-16,-4.998110e-01,-1.131375e-01,-8.954325e-15
97.6,785.0,-5.000000e-01,-1.230674e-15,7.071068e-01,-4.998111e-01,7.271862e-15,1.131635e-01,-5.000000e-01,7.071068e-01,-3.876723e-16,-4.998111e-01,1.131635e-01,6.294274e-15,-5.000000e-01,1.761949e-15,-7.071068e-01,-4.998111e-01,-1.868605e-15,-1.131635e-01,-5.000000e-01,-7.071068e-01,-2.530123e-15,-4.998111e-01,-1.131635e-01,-4.611070e-15
97.6,810.0,-5.000000e-01,1.021508e-15,7.071068e-01,-4.998111e-01,-3.371846e-14,1.131895e-01,-5.000000e-01,7.071068e-01,1.665159e-14,-4.998111e-01,1.131895e-01,-3.510080e-17,-5.000000e-01,2.446575e-15,-7.071068e-01,-4.998111e-01,1.236045e-14,-1.131895e-01,-5.000000e-01,-7.071068e-01,-1.106022e-14,-4.998111e-01,-1.131895e-01,1.191779e-15
97.6,835.0,-5.000000e-01,1.007872e-14,7.071068e-01,-4.998111e-01,3.936790e-14,1.132157e-01,-5.000000e-01,7.071068e-01,-1.211764e-14,-4.998111e-01,1.132157e-01,-8.818935e-15,-5.000000e-01,-1.424785e-14,-7.071068e-01,-4.998111e-01,-3.070443e-14,-1.132157e-01,-5.000000e-01,-7.071068e-01,1.112224e-14,-4.998111e-01,-1.132157e-01,3.477068e-15
97.6,860.0,-5.000000e-01,-3.163883e-15,7.071068e-01,-4.998112e-01,-5.607121e-14,1.132419e-01,-5.000000e-01,7.071068e-01,9.125228e-15,-4.998112e-01,1.132419e-01,-4.525060e-14,-5.000000e-01,-5.979740e-15,-7.071068e-01,-4.998112e-01,3.332446e-14,-1.132419e-01,-5.000000e-01,-7.071068e-01,-1.716988e-14,-4.998112e-01,-1.132419e-01,-1.419131e-14
97.6,885.0,-5.000000e-01,2.645143e-15,7.071068e-01,-4.998112e-01,-4.633434e-14,1.132682e-01,-5.000000e-01,7.071068e-01,4.361811e-15,-4.998112e-01,1.132682e-01,-1.681886e-14,-5.000000e-01,-1.106948e-14,-7.071068e-01,-4.998112e-01,3.036714e-14,-1.132682e-01,-5.000000e-01,-7.071068e-01,-1.470186e-14,-4.998112e-01,-1.132682e-01,1.670051e-14
100.1,10.0,-5.000000e-01,-2.992824e-14,7.071068e-01,-4.998135e-01,-7.558632e-15,1.145221e-01,-5.000000e-01,7.071068e-01,3.537511e-14,-4.998135e-01,1.145221e-01,7.006049e-15,-5.000000e-01,2.692782e-14,-7.071068e-01,-4.998135e-01,3.067747e-15,-1.145221e-01,-5.000000e-01,-7.071068e-01,-6.355466e-14,-4.998135e-01,-1.145221e-01,-4.921911e-15
100.1,35.0,-5.000000e-01,2.005997e-15,7.071068e-01,-4.998135e-01,-5.718354e-15,1.145451e-01,-5.000000e-01,7.071068e-01,5.573199e-15,-4.998135e-01,1.145451e-01,7.947268e-16,-5.000000e-01,-1.951781e-15,-7.071068e-01,-4.998135e-01,2.270307e-15,-1.145451e-01,-5.000000e-01,-7.071068e-01,-4.835880e-15,-4.998135e-01,-1.145451e-01,-2.801252e-15
100.1,60.0,-5.000000e-01,-2.305529e-14,7.071068e-01,-4.998136e-01,2.770605e-14,1.145681e-01,-5.000000e-01,7.071068e-01,-4.134357e-14,-4.998136e-01,1.145681e-01,1.857326e-15,-5.000000e-01,3.327931e-14,-7.071068e-01,-4.998136e-01,-9.524865e-15,-1.145681e-01,-5.000000e-01,-7.071068e-01,3.948270e-14,-4.998136e-01,-1.145681e-01,-2.486327e-15
100.1,85.0,-5.000000e-01,-7.449798e-15,7.071068e-01,-4.998136e-01,-2.540630e-15,1.145912e-01,-5.000000e-01,7.071068e-01,-2.903378e-15,-4.998136e-01,1.145912e-01,-7.601361e-16,-5.000000e-01,7.136282e-15,-7.071068e-01,-4.998136e-01,2.688041e-15,-1.145912e-01,-5.000000e-01,-7.071068e-01,-7.444560e-16,-4.998136e-01,-1.145912e-01,6.298239e-15
100.1,110.0,-5.000000e-01,-6.657631e-15,7.071068e-01,-4.998136e-01,1.442671e-14,1.146144e-01,-5.000000e-01,7.071068e-01,-3.439392e-14,-4.998136e-01,1.146144e-01,5.594116e-15,-5.000000e-01,1.350298e-14,-7.071068e-01,-4.998136e-01,-5.237825e-15,-1.146144e-01,-5.000000e-01,-7.071068e-01,4.197500e-14,-4.998136e-01,-1.146144e-01,-7.272104e-16
100.1,135.0,-5.000000e-01,1.478652e-15,7.071068e-01,-4.998137e-01,1.229503e-14,1.146376e-01,-5.000000e-01,7.071068e-01,2.320821e-15,-4.998137e-01,1.146376e-01,6.115090e-16,-5.000000e-01,-3.055565e-15,-7.071068e-01,-4.998137e-01,-7.855964e-15,-1.146376e-01,-5.000000e-01,-7.071068e-01,1.184693e-14,-4.998137e-01,-1.146376e-01,3.253450e-15
100.1,160.0,-5.000000e-01,-1.268725e-14,7.071068e-01,-4.998137e-01,-3.362402e-14,1.146610e-01,-5.000000e-01,7.071068e-01,1.061680e-14,-4.998137e-01,1.146610e-01,1.309434e-15,-5.000000e-01,1.041999e-14,-7.071068e-01,-4.998137e-01,1.762821e-14,-1.146610e-01,-5.000000e-01,-7.071068e-01,-3.491388e-15,-4.998137e-01,-1.146610e-01,-3.203472e-15
100.1,185.0,-5.000000e-01,-3.514969e-15,7.071068e-01,-4.998138e-01,-4.553490e-15,1.146844e-01,-5.000000e-01,7.071068e-01,3.921520e-15,-4.998138e-01,1.146844e-01,5.539805e-15,-5.000000e-01,-7.140613e-15,-7.071068e-01,-4.998138e-01,2.412946e-15,-1.146844e-01,-5.000000e-01,-7.071068e-01,-7.065577e-15,-4.998138e-01,-1.146844e-01,-4.457124e-15
100.1,210.0,-5.000000e-01,-8.116387e-15,7.071068e-01,-4.998138e-01,-2.399833e-14,1.147078e-01,-5.000000e-01,7.071068e-01,1.190287e-14,-4.998138e-01,1.147078e-01,5.376810e-16,-5.000000e-01,-3.074368e-15,-7.071068e-01,-4.998138e-01,1.329920e-14,-1.147078e-01,-5.000000e-01,-7.071068e-01,-9.041041e-16,-4.998138e-01,-1.147078e-01,-6.642909e-17
100.1,235.0,-5.000000e-01,-1.588297e-14,7.071068e-01,-4.998138e-01,-1.551042e-14,1.147313e-01,-5.000000e-01,7.071068e-01,1.574466e-14,-4.998138e-01,1.147313e-01,-7.606474e-15,-5.000000e-01,-2.020636e-14,-7.071068e-01,-4.998138e-01,9.902416e-15,-1.147313e-01,-5.000000e-01,-7.071068e-01,-2.116200e-14,-4.998138e-01,-1.147313e-01,3.806100e-15
100.1,260.0,-5.000000e-01,1.212967e-14,7.071068e-01,-4.998139e-01,1.112071e-14,1.147550e-01,-5.000000e-01,7.071068e-01,-6.646094e-15,-4.998139e-01,1.147550e-01,1.304996e-14,-5.000000e-01,1.649359e-14,-7.071068e-01,-4.998139e-01,8.188212e-15,-1.147550e-01,-5.000000e-01,-7.071068e-01,6.493847e-16,-4.998139e-01,-1.147550e-01,-7.170960e-15
100.1,285.0,-5.000000e-01,5.078517e-15,7.071068e-01,-4.998139e-01,1.968036e-14,1.147786e-01,-5.000000e-01,7.071068e-01,-2.002888e-14,-4.998139e-01,1.147786e-01,-1.896268e-15,-5.000000e-01,-1.201317e-14,-7.071068e-01,-4.998139e-01,-1.091066e-14,-1.147786e-01,-5.000000e-01,-7.071068e-01,2.485968e-14,-4.998139e-01,-1.147786e-01,3.414027e-15
100.1,310.0,-5.000000e-01,1.667155e-15,7.071068e-01,-4.998140e-01,-1.286097e-14,1.148024e-01,-5.000000e-01,7.071068e-01,1.848594e-15,-4.998140e-01,1.148024e-01,-1.166152e-15,-5.000000e-01,-6.570799e-15,-7.071068e-01,-4.998140e-01,7.142674e-15,-1.148024e-01,-5.000000e-01,-7.071068e-01,1.066520e-14,-4.998140e-01,-1.148024e-01,2.046499e-15
100.1,335.0,-5.000000e-01,-1.609172e-16,7.071068e-01,-4.998140e-01,-5.359813e-15,1.148262e-01,-5.000000e-01,7.071068e-01,1.736712e-14,-4.998140e-01,1.148262e-01,6.350245e-15,-5.000000e-01,-1.876979e-14,-7.071068e-01,-4.998140e-01,3.071405e-15,-1.148262e-01,-5.000000e-01,-7.071068e-01,-2.671291e-14,-4.998140e-01,-1.148262e-01,-1.021427e-14
100.1,360.0,-5.000000e-01,5.847666e-15,7.071068e-01,-4.998140e-01,5.278468e-16,1.148501e-01,-5.000000e-01,7.071068e-01,-1.464252e-14,-4.998140e-01,1.148501e-01,-4.813187e-15,-5.000000e-01,-4.539685e-15,-7.071068e-01,-4.998140e-01,-4.716728e-16,-1.148501e-01,-5.000000e-01,-7.071068e-01,2.334409e-14,-4.998140e-01,-1.148501e-01,3.650122e-15
100.1,385.0,-5.000000e-01,-4.506786e-14,7.071068e-01,-4.998141e-01,-2.504478e-15,1.148741e-01,-5.000000e-01,7.071068e-01,3.351005e-14,-4.998141e-01,1.148741e-01,6.274404e-15,-5.000000e-01,4.614857e-14,-7.071068e-01,-4.998141e-01,3.116058e-15,-1.148741e-01,-5.000000e-01,-7.071068e-01,-3.446748e-14,-4.998141e-01,-1.148741e-01,-6.050608e-15
100.1,410.0,-5.000000e-01,-5.099289e-15,7.071068e-01,-4.998141e-01,-2.749126e-15,1.148981e-01,-5.000000e-01,7.071068e-01,1.353138e-14,-4.998141e-01,1.148981e-01,-6.538245e-15,-5.000000e-01,4.039125e-15,-7.071068e-01,-4.998141e-01,1.769798e-15,-1.148981e-01,-5.000000e-01,-7.071068e-01,-1.493845e-14,-4.998141e-01,-1.148981e-01,5.939866e-15
100.1,435.0,-5.000000e-01,1.949784e-14,7.071068e-01,-4.998142e-01,8.972065e-15,1.149222e-01,-5.000000e-01,7.071068e-01,-1.889074e-14,-4.998142e-01,1.149222e-01,-1.545847e-14,-5.000000e-01,-1.870825e-14,-7.071068e-01,-4.998142e-01,-7.638894e-15,-1.149222e-01,-5.000000e-01,-7.071068e-01,1.768773e-14,-4.998142e-01,-1.149222e-01,1.603943e-14
100.1,460.0,-5.000000e-01,-5.144545e-14,7.071068e-01,-4.998142e-01,-2.898637e-15,1.149464e-01,-5.000000e-01,7.071068e-01,-1.185870e-14,-4.998142e-01,1.149464e-01,5.204391e-15,-5.000000e-01,5.436015e-14,-7.071068e-01,-4.998142e-01,7.107614e-15,-1.149464e-01,-5.000000e-01,-7.071068e-01,1.372221e-14,-4.998142e-01,-1.149464e-01,4.461267e-15
100.1,485.0,-5.000000e-01,-2.263202e-14,7.071068e-01,-4.998143e-01,-3.615097e-15,1.149706e-01,-5.000000e-01,7.071068e-01,-3.416495e-14,-4.998143e-01,1.149706e-01,4.761609e-15,-5.000000e-01,2.150879e-14,-7.071068e-01,-4.998143e-01,3.338118e-15,-1.149706e-01,-5.000000e-01,-7.071068e-01,3.147893e-14,-4.998143e-01,-1.149706e-01,-5.007273e-15
100.1,510.0,-5.000000e-01,1.656713e-14,7.071068e-01,-4.998143e-01,6.248460e-16,1.149950e-01,-5.000000e-01,7.071068e-01,8.700268e-15,-4.998143e-01,1.149950e-01,-4.007859e-16,-5.000000e-01,-1.612184e-14,-7.071068e-01,-4.998143e-01,-6.436828e-17,-1.149950e-01,-5.000000e-01,-7.071068e-01,-8.040118e-15,-4.998143e-01,-1.149950e-01,-4.394213e-16
100.1,535.0,-5.000000e-01,1.571291e-13,7.071068e-01,-4.998143e-01,1.402764e-14,1.150194e-01,-5.000000e-01,7.071068e-01,1.847407e-13,-4.998143e-01,1.150194e-01,8.194966e-15,-5.000000e-01,-1.532897e-13,-7.071068e-01,-4.998143e-01,1.266436e-14,-1.150194e-01,-5.000000e-01,-7.071068e-01,-1.736647e-13,-4.998143e-01,-1.150194e-01,2.154685e-15
100.1,560.0,-5.000000e-01,2.339225e-14,7.071068e-01,-4.998144e-01,-5.808256e-16,1.150439e-01,-5.000000e-01,7.071068e-01,-1.693773e-14,-4.998144e-01,1.150439e-01,-7.719423e-16,-5.000000e-01,-2.324735e-14,-7.071068e-01,-4.998144e-01,3.550580e-16,-1.150439e-01,-5.000000e-01,-7.071068e-01,1.197977e-14,-4.998144e-01,-1.150439e-01,8.238111e-16
100.1,585.0,-5.000000e-01,3.489286e-14,7.071068e-01,-4.998144e-01,1.967502e-16,1.150684e-01,-5.000000e-01,7.071068e-01,4.465061e-15,-4.998144e-01,1.150684e-01,-9.030949e-15,-5.000000e-01,-3.505408e-14,-7.071068e-01,-4.998144e-01,5.697119e-16,-1.150684e-01,-5.000000e-01,-7.071068e-01,4.700064e-16,-4.998144e-01,-1.150684e-01,9.357096e-15
100.1,610.0,-5.000000e-01,1.243635e-15,7.071068e-01,-4.998145e-01,-1.965245e-15,1.150931e-01,-5.000000e-01,7.071068e-01,1.511992e-14,-4.998145e-01,1.150931e-01,1.233168e-14,-5.000000e-01,-3.366614e-16,-7.071068e-01,-4.998145e-01,1.879867e-15,-1.150931e-01,-5.000000e-01,-7.071068e-01,-1.184435e-14,-4.998145e-01,-1.150931e-01,-1.159779e-14
100.1,635.0,-5.000000e-01,1.590193e-13,7.071068e-01,-4.998145e-01,8.052070e-15,1.151178e-01,-5.000000e-01,7.071068e-01,1.895808e-13,-4.998145e-01,1.151178e-01,8.088409e-15,-5.000000e-01,-1.598021e-13,-7.071068e-01,-4.998145e-01,-1.142683e-15,-1.151178e-01,-5.000000e-01,-7.071068e-01,-1.869083e-13,-4.998145e-01,-1.151178e-01,-3.910878e-15
100.1,660.0,-5.000000e-01,-1.614717e-14,7.071068e-01,-4.998146e-01,-9.332564e-16,1.151425e-01,-5.000000e-01,7.071068e-01,-2.429681e-14,-4.998146e-01,1.151425e-01,5.636705e-15,-5.000000e-01,1.691543e-14,-7.071068e-01,-4.998146e-01,1.337880e-15,-1.151425e-01,-5.000000e-01,-7.071068e-01,3.157109e-14,-4.998146e-01,-1.151425e-01,-5.884806e-15
100.1,685.0,-5.000000e-01,-1.693748e-14,7.071068e-01,-4.998146e-01,6.469552e-16,1.151674e-01,-5.000000e-01,7.071068e-01,-4.550638e-14,-4.998146e-01,1.151674e-01,-1.559147e-15,-5.000000e-01,1.610497e-14,-7.071068e-01,-4.998146e-01,-8.164781e-16,-1.151674e-01,-5.000000e-01,-7.071068e-01,1.465670e-14,-4.998146e-01,-1.151674e-01,2.151043e-15
100.1,710.0,-5.000000e-01,1.395857e-14,7.071068e-01,-4.998146e-01,2.009079e-15,1.151923e-01,-5.000000e-01,7.071068e-01,7.986341e-15,-4.998146e-01,1.151923e-01,1.839083e-14,-5.000000e-01,-1.894139e-14,-7.071068e-01,-4.998146e-01,-4.085863e-14,-1.151923e-01,-5.000000e-01,-7.071068e-01,-8.875154e-15,-4.998146e-01,-1.151923e-01,-1.816081e-14
100.1,735.0,-5.000000e-01,-8.736055e-14,7.071068e-01,-4.998147e-01,-4.304139e-15,1.152174e-01,-5.000000e-01,7.071068e-01,-7.158931e-14,-4.998147e-01,1.152174e-01,-5.814809e-15,-5.000000e-01,8.479368e-14,-7.071068e-01,-4.998147e-01,3.791354e-15,-1.152174e-01,-5.000000e-01,-7.071068e-01,8.130881e-14,-4.998147e-01,-1.152174e-01,5.859548e-15
100.1,760.0,-5.000000e-01,6.744429e-14,7.071068e-01,-4.998147e-01,5.934651e-15,1.152424e-01,-5.000000e-01,7.071068e-01,-3.001234e-14,-4.998147e-01,1.152424e-01,-1.268885e-14,-5.000000e-01,-6.740652e-14,-7.071068e-01,-4.998147e-01,-6.193203e-15,-1.152424e-01,-5.000000e-01,-7.071068e-01,3.808076e-14,-4.998147e-01,-1.152424e-01,1.190845e-14
100.1,785.0,-5.000000e-01,5.942739e-14,7.071068e-01,-4.998148e-01,3.472720e-15,1.152676e-01,-5.000000e-01,7.071068e-01,-1.668270e-14,-4.998148e-01,1.152676e-01,9.482652e-16,-5.000000e-01,-5.905043e-14,-7.071068e-01,-4.998148e-01,-3.776243e-15,-1.152676e-01,-5.000000e-01,-7.071068e-01,-2.933703e-15,-4.998148e-01,-1.152676e-01,-1.099513e-15
100.1,810.0,-5.000000e-01,-7.918553e-15,7.071068e-01,-4.998148e-01,-1.900705e-14,1.152929e-01,-5.000000e-01,7.071068e-01,1.992650e-15,-4.998148e-01,1.152929e-01,-3.123133e-15,-5.000000e-01,9.651455e-15,-7.071068e-01,-4.998148e-01,4.670896e-15,-1.152929e-01,-5.000000e-01,-7.071068e-01,-3.419329e-15,-4.998148e-01,-1.152929e-01,-8.534083e-15
100.1,835.0,-5.000000e-01,4.863730e-15,7.071068e-01,-4.998149e-01,2.573806e-14,1.153182e-01,-5.000000e-01,7.071068e-01,-1.934538e-15,-4.998149e-01,1.153182e-01,8.119175e-15,-5.000000e-01,1.320311e-14,-7.071068e-01,-4.998149e-01,-1.441504e-14,-1.153182e-01,-5.000000e-01,-7.071068e-01,3.546461e-15,-4.998149e-01,-1.153182e-01,-1.177254e-15
100.1,860.0,-5.000000e-01,3.808335e-15,7.071068e-01,-4.998149e-01,6.426030e-15,1.153436e-01,-5.000000e-01,7.071068e-01,6.202472e-15,-4.998149e-01,1.153436e-01,5.253732e-15,-5.000000e-01,1.411947e-14,-7.071068e-01,-4.998149e-01,-1.338083e-15,-1.153436e-01,-5.000000e-01,-7.071068e-01,-3.065077e-16,-4.998149e-01,-1.153436e-01,-5.881462e-15
100.1,885.0,-5.000000e-01,1.051679e-14,7.071068e-01,-4.998149e-01,5.959272e-14,1.153691e-01,-5.000000e-01,7.071068e-01,-2.931228e-14,-4.998149e-01,1.153691e-01,1.028556e-15,-5.000000e-01,-1.868441e-14,-7.071068e-01,-4.998149e-01,-3.336346e-14,-1.153691e-01,-5.000000e-01,-7.071068e-01,2.456435e-14,-4.998149e-01,-1.153691e-01,-5.121511e-15
102.6,10.0,-5.000000e-01,1.547374e-13,7.071068e-01,-4.998171e-01,1.264194e-14,1.166502e-01,-5.000000e-01,7.071068e-01,1.428368e-13,-4.998171e-01,1.166502e-01,7.010094e-15,-5.000000e-01,-1.539789e-13,-7.071068e-01,-4.998171e-01,-8.616718e-15,-1.166502e-01,-5.000000e-01,-7.071068e-01,-1.692089e-13,-4.998171e-01,-1.166502e-01,-8.487961e-15
102.6,35.0,-5.000000e-01,1.631990e-14,7.071068e-01,-4.998171e-01,1.315677e-14,1.166724e-01,-5.000000e-01,7.071068e-01,-5.192244e-14,-4.998171e-01,1.166724e-01,-4.601331e-15,-5.000000e-01,-1.479065e-14,-7.071068e-01,-4.998171e-01,-1.308200e-14,-1.166724e-01,-5.000000e-01,-7.071068e-01,5.485075e-14,-4.998171e-01,-1.166724e-01,4.707808e-15
102.6,60.0,-5.000000e-01,1.098389e-14,7.071068e-01,-4.998172e-01,-1.817537e-15,1.166947e-01,-5.000000e-01,7.071068e-01,8.214810e-15,-4.998172e-01,1.166947e-01,-1.851272e-14,-5.000000e-01,-1.069013e-14,-7.071068e-01,-4.998172e-01,1.523015e-15,-1.166947e-01,-5.000000e-01,-7.071068e-01,-6.997801e-15,-4.998172e-01,-1.166947e-01,1.879081e-14
102.6,85.0,-5.000000e-01,-4.452509e-15,7.071068e-01,-4.998172e-01,-2.800975e-15,1.167171e-01,-5.000000e-01,7.071068e-01,6.414386e-15,-4.998172e-01,1.167171e-01,1.929482e-14,-5.000000e-01,5.395050e-15,-7.071068e-01,-4.998172e-01,2.185254e-15,-1.167171e-01,-5.000000e-01,-7.071068e-01,-1.212614e-14,-4.998172e-01,-1.167171e-01,-1.974485e-14
102.6,110.0,-5.000000e-01,-1.239557e-14,7.071068e-01,-4.998173e-01,4.745730e-15,1.167396e-01,-5.000000e-01,7.071068e-01,-2.146246e-14,-4.998173e-01,1.167396e-01,-1.490950e-14,-5.000000e-01,1.198011e-14,-7.071068e-01,-4.998173e-01,-4.280749e-15,-1.167396e-01,-5.000000e-01,-7.071068e-01,7.223413e-15,-4.998173e-01,-1.167396e-01,1.394223e-14
102.6,135.0,-5.000000e-01,-5.576295e-15,7.071068e-01,-4.998173e-01,5.087550e-16,1.167621e-01,-5.000000e-01,7.071068e-01,-1.579775e-14,-4.998173e-01,1.167621e-01,1.509254e-15,-5.000000e-01,5.829519e-15,-7.071068e-01,-4.998173e-01,-6.604050e-16,-1.167621e-01,-5.000000e-01,-7.071068e-01,-2.419829e-15,-4.998173e-01,-1.167621e-01,-1.564095e-15
102.6,160.0,-5.000000e-01,8.299259e-15,7.071068e-01,-4.998173e-01,-2.274146e-15,1.167846e-01,-5.000000e-01,7.071068e-01,-1.335093e-14,-4.998173e-01,1.167846e-01,-3.413230e-16,-5.000000e-01,-6.691399e-15,-7.071068e-01,-4.998173e-01,2.300042e-15,-1.167846e-01,-5.000000e-01,-7.071068e-01,8.148169e-15,-4.998173e-01,-1.167846e-01,5.544979e-16
102.6,185.0,-5.000000e-01,5.777598e-15,7.071068e-01,-4.998174e-01,-7.465372e-15,1.168073e-01,-5.000000e-01,7.071068e-01,-1.910261e-15,-4.998174e-01,1.168073e-01,-1.551324e-14,-5.000000e-01,-6.944370e-15,-7.071068e-01,-4.998174e-01,7.294506e-15,-1.168073e-01,-5.000000e-01,-7.071068e-01,2.248051e-15,-4.998174e-01,-1.168073e-01,1.403738e-14
102.6,210.0,-5.000000e-01,3.632165e-15,7.071068e-01,-4.998174e-01,3.029364e-16,1.168300e-01,-5.000000e-01,7.071068e-01,4.082482e-15,-4.998174e-01,1.168300e-01,3.034964e-14,-5.000000e-01,-3.313086e-15,-7.071068e-01,-4.998174e-01,-4.440953e-16,-1.168300e-01,-5.000000e-01,-7.071068e-01,-6.861315e-16,-4.998174e-01,-1.168300e-01,-3.034000e-14
102.6,235.0,-5.000000e-01,-2.661505e-14,7.071068e-01,-4.998174e-01,2.377980e-15,1.168528e-01,-5.000000e-01,7.071068e-01,3.554558e-14,-4.998174e-01,1.168528e-01,4.436244e-15,-5.000000e-01,2.603216e-14,-7.071068e-01,-4.998174e-01,-2.245253e-15,-1.168528e-01,-5.000000e-01,-7.071068e-01,-3.868644e-14,-4.998174e-01,-1.168528e-01,-5.203191e-15
102.6,260.0,-5.000000e-01,-1.647782e-14,7.071068e-01,-4.998175e-01,8.794814e-15,1.168756e-01,-5.000000e-01,7.071068e-01,-4.396347e-14,-4.998175e-01,1.168756e-01,3.765010e-15,-5.000000e-01,1.656144e-14,-7.071068e-01,-4.998175e-01,-8.669798e-15,-1.168756e-01,-5.000000e-01,-7.071068e-01,3.811740e-14,-4.998175e-01,-1.168756e-01,-3.705477e-15
102.6,285.0,-5.000000e-01,1.770540e-13,7.071068e-01,-4.998175e-01,8.509485e-15,1.168986e-01,-5.000000e-01,7.071068e-01,3.001836e-15,-4.998175e-01,1.168986e-01,3.704900e-15,-5.000000e-01,-1.777009e-13,-7.071068e-01,-4.998175e-01,-8.617419e-15,-1.168986e-01,-5.000000e-01,-7.071068e-01,2.544800e-14,-4.998175e-01,-1.168986e-01,-3.392163e-15
102.6,310.0,-5.000000e-01,-4.150059e-14,7.071068e-01,-4.998176e-01,-6.612538e-15,1.169215e-01,-5.000000e-01,7.071068e-01,1.212819e-14,-4.998176e-01,1.169215e-01,-1.454744e-14,-5.000000e-01,4.014803e-14,-7.071068e-01,-4.998176e-01,5.599950e-15,-1.169215e-01,-5.000000e-01,-7.071068e-01,8.113930e-15,-4.998176e-01,-1.169215e-01,1.423505e-14
102.6,335.0,-5.000000e-01,2.432877e-14,7.071068e-01,-4.998176e-01,4.423404e-15,1.169446e-01,-5.000000e-01,7.071068e-01,-1.218598e-14,-4.998176e-01,1.169446e-01,-4.384465e-16,-5.000000e-01,-2.284075e-14,-7.071068e-01,-4.998176e-01,-4.404126e-15,-1.169446e-01,-5.000000e-01,-7.071068e-01,2.569507e-14,-4.998176e-01,-1.169446e-01,9.471712e-16
102.6,360.0,-5.000000e-01,-1.050378e-14,7.071068e-01,-4.998176e-01,4.970541e-15,1.169677e-01,-5.000000e-01,7.071068e-01,1.090824e-14,-4.998176e-01,1.169677e-01,1.172033e-14,-5.000000e-01,5.683642e-15,-7.071068e-01,-4.998176e-01,-1.773714e-15,-1.169677e-01,-5.000000e-01,-7.071068e-01,3.588539e-15,-4.998176e-01,-1.169677e-01,-1.676447e-15
102.6,385.0,-5.000000e-01,-5.710073e-17,7.071068e-01,-4.998177e-01,-3.105966e-14,1.169909e-01,-5.000000e-01,7.071068e-01,1.639876e-14,-4.998177e-01,1.169909e-01,5.316735e-15,-5.000000e-01,8.292131e-16,-7.071068e-01,-4.998177e-01,1.674517e-14,-1.169909e-01,-5.000000e-01,-7.071068e-01,-1.216938e-14,-4.998177e-01,-1.169909e-01,-6.727285e-15
102.6,410.0,-5.000000e-01,1.824137e-15,7.071068e-01,-4.998177e-01,1.963703e-14,1.170142e-01,-5.000000e-01,7.071068e-01,-6.458136e-15,-4.998177e-01,1.170142e-01,-3.421431e-15,-5.000000e-01,-7.645309e-15,-7.071068e-01,-4.998177e-01,-1.216932e-14,-1.170142e-01,-5.000000e-01,-7.071068e-01,-1.564774e-15,-4.998177e-01,-1.170142e-01,2.729751e-15
102.6,435.0,-5.000000e-01,-3.347644e-15,7.071068e-01,-4.998178e-01,-8.458332e-15,1.170376e-01,-5.000000e-01,7.071068e-01,1.451176e-14,-4.998178e-01,1.170376e-01,1.566078e-15,-5.000000e-01,7.801548e-15,-7.071068e-01,-4.998178e-01,3.913481e-15,-1.170376e-01,-5.000000e-01,-7.071068e-01,4.198755e-15,-4.998178e-01,-1.170376e-01,4.754484e-15
102.6,460.0,-5.000000e-01,9.221006e-15,7.071068e-01,-4.998178e-01,-2.565324e-14,1.170610e-01,-5.000000e-01,7.071068e-01,-3.708223e-14,-4.998178e-01,1.170610e-01,-2.979557e-15,-5.000000e-01,7.635843e-15,-7.071068e-01,-4.998178e-01,1.380188e-15,-1.170610e-01,-5.000000e-01,-7.071068e-01,2.286878e-14,-4.998178e-01,-1.170610e-01,-1.261874e-14
102.6,485.0,-5.000000e-01,1.177416e-14,7.071068e-01,-4.998178e-01,-1.343063e-14,1.170845e-01,-5.000000e-01,7.071068e-01,-4.786930e-15,-4.998178e-01,1.170845e-01,2.439511e-15,-5.000000e-01,-1.055816e-14,-7.071068e-01,-4.998178e-01,6.248359e-15,-1.170845e-01,-5.000000e-01,-7.071068e-01,1.552403e-14,-4.998178e-01,-1.170845e-01,4.576871e-15
102.6,510.0,-5.000000e-01,-2.062086e-14,7.071068e-01,-4.998179e-01,-2.615191e-14,1.171080e-01,-5.000000e-01,7.071068e-01,3.334250e-14,-4.998179e-01,1.171080e-01,1.930709e-15,-5.000000e-01,3.662354e-15,-7.071068e-01,-4.998179e-01,1.328663e-14,-1.171080e-01,-5.000000e-01,-7.071068e-01,-3.117029e-14,-4.998179e-01,-1.171080e-01,-2.577895e-15
102.6,535.0,-5.000000e-01,1.303402e-15,7.071068e-01,-4.998179e-01,1.211826e-14,1.171317e-01,-5.000000e-01,7.071068e-01,-9.310084e-15,-4.998179e-01,1.171317e-01,1.513085e-15,-5.000000e-01,-1.216222e-14,-7.071068e-01,-4.998179e-01,-7.552621e-15,-1.171317e-01,-5.000000e-01,-7.071068e-01,1.574468e-14,-4.998179e-01,-1.171317e-01,-3.262773e-15
102.6,560.0,-5.000000e-01,-3.573632e-15,7.071068e-01,-4.998179e-01,3.238845e-15,1.171554e-01,-5.000000e-01,7.071068e-01,8.572103e-15,-4.998179e-01,1.171554e-01,8.607887e-16,-5.000000e-01,-7.090179e-15,-7.071068e-01,-4.998179e-01,-1.560632e-15,-1.171554e-01,-5.000000e-01,-7.071068e-01,-6.371572e-15,-4.998179e-01,-1.171554e-01,2.117148e-15
102.6,585.0,-5.000000e-01,6.975422e-15,7.071068e-01,-4.998180e-01,-2.396712e-14,1.171791e-01,-5.000000e-01,7.071068e-01,-2.094194e-14,-4.998180e-01,1.171791e-01,-5.630144e-16,-5.000000e-01,-6.761096e-15,-7.071068e-01,-4.998180e-01,1.326348e-14,-1.171791e-01,-5.000000e-01,-7.071068e-01,1.880563e-14,-4.998180e-01,-1.171791e-01,-2.216863e-16
102.6,610.0,-5.000000e-01,2.253615e-15,7.071068e-01,-4.998180e-01,-9.987982e-15,1.172030e-01,-5.000000e-01,7.071068e-01,1.917341e-14,-4.998180e-01,1.172030e-01,1.777144e-15,-5.000000e-01,-4.546153e-15,-7.071068e-01,-4.998180e-01,5.525206e-15,-1.172030e-01,-5.000000e-01,-7.071068e-01,-3.311290e-15,-4.998180e-01,-1.172030e-01,1.876906e-15
102.6,635.0,-5.000000e-01,-6.249592e-15,7.071068e-01,-4.998181e-01,-4.966701e-14,1.172269e-01,-5.000000e-01,7.071068e-01,1.230336e-14,-4.998181e-01,1.172269e-01,-1.197681e-15,-5.000000e-01,1.353135e-15,-7.071068e-01,-4.998181e-01,2.690747e-14,-1.172269e-01,-5.000000e-01,-7.071068e-01,-1.186505e-14,-4.998181e-01,-1.172269e-01,-2.787886e-15
102.6,660.0,-5.000000e-01,-5.606937e-15,7.071068e-01,-4.998181e-01,-7.246907e-15,1.172509e-01,-5.000000e-01,7.071068e-01,7.054028e-15,-4.998181e-01,1.172509e-01,3.977104e-15,-5.000000e-01,9.496106e-15,-7.071068e-01,-4.998181e-01,1.482607e-15,-1.172509e-01,-5.000000e-01,-7.071068e-01,1.807939e-15,-4.998181e-01,-1.172509e-01,-3.147986e-15
102.6,685.0,-5.000000e-01,3.068685e-14,7.071068e-01,-4.998181e-01,1.418035e-14,1.172750e-01,-5.000000e-01,7.071068e-01,-2.727966e-14,-4.998181e-01,1.172750e-01,-2.469227e-15,-5.000000e-01,-1.136054e-14,-7.071068e-01,-4.998181e-01,-6.733970e-15,-1.172750e-01,-5.000000e-01,-7.071068e-01,4.315698e-14,-4.998181e-01,-1.172750e-01,1.903180e-15
102.6,710.0,-5.000000e-01,-1.173070e-15,7.071068e-01,-4.998182e-01,5.074765e-15,1.172991e-01,-5.000000e-01,7.071068e-01,-1.843569e-14,-4.998182e-01,1.172991e-01,-2.498970e-15,-5.000000e-01,-9.744879e-15,-7.071068e-01,-4.998182e-01,-2.327364e-15,-1.172991e-01,-5.000000e-01,-7.071068e-01,1.057567e-14,-4.998182e-01,-1.172991e-01,6.190866e-15
102.6,735.0,-5.000000e-01,6.057012e-15,7.071068e-01,-4.998182e-01,1.752210e-14,1.173234e-01,-5.000000e-01,7.071068e-01,3.427159e-14,-4.998182e-01,1.173234e-01,1.231031e-14,-5.000000e-01,1.616105e-14,-7.071068e-01,-4.998182e-01,-1.018606e-14,-1.173234e-01,-5.000000e-01,-7.071068e-01,-1.057674e-14,-4.998182e-01,-1.173234e-01,-7.701060e-15
102.6,760.0,-5.000000e-01,-4.242195e-15,7.071068e-01,-4.998183e-01,-1.080133e-14,1.173477e-01,-5.000000e-01,7.071068e-01,-1.488963e-14,-4.998183e-01,1.173477e-01,-2.500226e-15,-5.000000e-01,1.241510e-14,-7.071068e-01,-4.998183e-01,6.288226e-15,-1.173477e-01,-5.000000e-01,-7.071068e-01,-2.927805e-15,-4.998183e-01,-1.173477e-01,1.414552e-15
102.6,785.0,-5.000000e-01,-1.621716e-15,7.071068e-01,-4.998183e-01,-1.175675e-14,1.173720e-01,-5.000000e-01,7.071068e-01,-1.438499e-14,-4.998183e-01,1.173720e-01,4.969607e-15,-5.000000e-01,4.772131e-15,-7.071068e-01,-4.998183e-01,9.275276e-15,-1.173720e-01,-5.000000e-01,-7.071068e-01,-2.036366e-14,-4.998183e-01,-1.173720e-01,-1.150950e-15
102.6,810.0,-5.000000e-01,3.668722e-15,7.071068e-01,-4.998184e-01,-4.946729e-16,1.173965e-01,-5.000000e-01,7.071068e-01,-1.563076e-14,-4.998184e-01,1.173965e-01,-2.870184e-15,-5.000000e-01,-1.469396e-14,-7.071068e-01,-4.998184e-01,-2.470362e-16,-1.173965e-01,-5.000000e-01,-7.071068e-01,4.613714e-15,-4.998184e-01,-1.173965e-01,2.323761e-15
102.6,835.0,-5.000000e-01,-2.690030e-15,7.071068e-01,-4.998184e-01,-5.552393e-16,1.174210e-01,-5.000000e-01,7.071068e-01,-7.099072e-16,-4.998184e-01,1.174210e-01,-2.299887e-15,-5.000000e-01,-4.525673e-15,-7.071068e-01,-4.998184e-01,-1.727367e-16,-1.174210e-01,-5.000000e-01,-7.071068e-01,-2.747830e-15,-4.998184e-01,-1.174210e-01,-1.036964e-15
102.6,860.0,-5.000000e-01,4.565478e-15,7.071068e-01,-4.998184e-01,2.774985e-14,1.174456e-01,-5.000000e-01,7.071068e-01,2.133538e-16,-4.998184e-01,1.174456e-01,-2.470386e-15,-5.000000e-01,4.876054e-15,-7.071068e-01,-4.998184e-01,-1.454031e-14,-1.174456e-01,-5.000000e-01,-7.071068e-01,4.502687e-15,-4.998184e-01,-1.174456e-01,-2.752966e-15
102.6,885.0,-5.000000e-01,-2.082292e-14,7.071068e-01,-4.998185e-01,8.178186e-15,1.174703e-01,-5.000000e-01,7.071068e-01,-3.571786e-14,-4.998185e-01,1.174703e-01,1.464858e-17,-5.000000e-01,2.114168e-14,-7.071068e-01,-4.998185e-01,-8.497285e-15,-1.174703e-01,-5.000000e-01,-7.071068e-01,5.230246e-14,-4.998185e-01,-1.174703e-01,3.493737e-16
105.1,10.0,-5.000000e-01,-9.531072e-15,7.071068e-01,-4.998206e-01,-1.106636e-14,1.187764e-01,-5.000000e-01,7.071068e-01,2.163769e-14,-4.998206e-01,1.187764e-01,-1.270928e-14,-5.000000e-01,1.411743e-15,-7.071068e-01,-4.998206e-01,1.596524e-15,-1.187764e-01,-5.000000e-01,-7.071068e-01,-3.046770e-14,-4.998206e-01,-1.187764e-01,7.308153e-15
105.1,35.0,-5.000000e-01,1.326468e-13,7.071068e-01,-4.998206e-01,2.269444e-14,1.187980e-01,-5.000000e-01,7.071068e-01,1.335044e-14,-4.998206e-01,1.187980e-01,-3.941992e-15,-5.000000e-01,-1.301219e-13,-7.071068e-01,-4.998206e-01,-2.176950e-14,-1.187980e-01,-5.000000e-01,-7.071068e-01,-1.423013e-14,-4.998206e-01,-1.187980e-01,3.979811e-15
105.1,60.0,-5.000000e-01,1.047660e-15,7.071068e-01,-4.998206e-01,2.263126e-14,1.188196e-01,-5.000000e-01,7.071068e-01,-1.849658e-14,-4.998206e-01,1.188196e-01,3.387761e-14,-5.000000e-01,-4.762093e-17,-7.071068e-01,-4.998206e-01,-2.109985e-14,-1.188196e-01,-5.000000e-01,-7.071068e-01,2.089938e-14,-4.998206e-01,-1.188196e-01,-3.307679e-14
105.1,85.0,-5.000000e-01,-7.303931e-14,7.071068e-01,-4.998207e-01,5.081549e-15,1.188412e-01,-5.000000e-01,7.071068e-01,-4.250293e-14,-4.998207e-01,1.188412e-01,-2.142182e-15,-5.000000e-01,7.215556e-14,-7.071068e-01,-4.998207e-01,-4.906527e-15,-1.188412e-01,-5.000000e-01,-7.071068e-01,4.258850e-14,-4.998207e-01,-1.188412e-01,2.159428e-15
105.1,110.0,-5.000000e-01,-1.912049e-14,7.071068e-01,-4.998207e-01,5.531585e-16,1.188630e-01,-5.000000e-01,7.071068e-01,4.351431e-15,-4.998207e-01,1.188630e-01,-1.743906e-14,-5.000000e-01,1.982124e-14,-7.071068e-01,-4.998207e-01,-5.508454e-16,-1.188630e-01,-5.000000e-01,-7.071068e-01,-3.677792e-15,-4.998207e-01,-1.188630e-01,1.761521e-14
105.1,135.0,-5.000000e-01,-1.097435e-14,7.071068e-01,-4.998207e-01,-3.147528e-16,1.188847e-01,-5.000000e-01,7.071068e-01,5.491850e-14,-4.998207e-01,1.188847e-01,-1.404419e-15,-5.000000e-01,9.606562e-15,-7.071068e-01,-4.998207e-01,1.754336e-15,-1.188847e-01,-5.000000e-01,-7.071068e-01,-5.608482e-14,-4.998207e-01,-1.188847e-01,9.648413e-16
105.1,160.0,-5.000000e-01,2.312575e-15,7.071068e-01,-4.998208e-01,7.189819e-15,1.189066e-01,-5.000000e-01,7.071068e-01,1.315961e-14,-4.998208e-01,1.189066e-01,9.688433e-15,-5.000000e-01,6.483891e-15,-7.071068e-01,-4.998208e-01,1.525075e-14,-1.189066e-01,-5.000000e-01,-7.071068e-01,-1.168859e-14,-4.998208e-01,-1.189066e-01,-1.426948e-14
105.1,185.0,-5.000000e-01,-5.006562e-14,7.071068e-01,-4.998208e-01,-2.914499e-15,1.189285e-01,-5.000000e-01,7.071068e-01,1.688923e-14,-4.998208e-01,1.189285e-01,5.314346e-15,-5.000000e-01,4.971286e-14,-7.071068e-01,-4.998208e-01,3.167327e-15,-1.189285e-01,-5.000000e-01,-7.071068e-01,2.383801e-15,-4.998208e-01,-1.189285e-01,-5.336785e-15
105.1,210.0,-5.000000e-01,-8.499620e-14,7.071068e-01,-4.998208e-01,3.115518e-15,1.189505e-01,-5.000000e-01,7.071068e-01,2.606115e-15,-4.998208e-01,1.189505e-01,-5.406332e-15,-5.000000e-01,8.474604e-14,-7.071068e-01,-4.998208e-01,-3.101937e-15,-1.189505e-01,-5.000000e-01,-7.071068e-01,-1.007486e-14,-4.998208e-01,-1.189505e-01,5.044416e-15
105.1,235.0,-5.000000e-01,-5.773538e-14,7.071068e-01,-4.998209e-01,-5.141270e-15,1.189726e-01,-5.000000e-01,7.071068e-01,1.792716e-14,-4.998209e-01,1.189726e-01,2.485882e-14,-5.000000e-01,5.587141e-14,-7.071068e-01,-4.998209e-01,5.126058e-15,-1.189726e-01,-5.000000e-01,-7.071068e-01,-1.257273e-14,-4.998209e-01,-1.189726e-01,-2.526215e-14
105.1,260.0,-5.000000e-01,2.097449e-14,7.071068e-01,-4.998209e-01,-5.770272e-15,1.189947e-01,-5.000000e-01,7.071068e-01,2.673018e-14,-4.998209e-01,1.189947e-01,-3.730474e-16,-5.000000e-01,-2.099257e-14,-7.071068e-01,-4.998209e-01,5.844667e-15,-1.189947e-01,-5.000000e-01,-7.071068e-01,-2.324809e-14,-4.998209e-01,-1.189947e-01,3.200804e-16
105.1,285.0,-5.000000e-01,3.226493e-15,7.071068e-01,-4.998209e-01,3.675433e-15,1.190169e-01,-5.000000e-01,7.071068e-01,-1.067092e-14,-4.998209e-01,1.190169e-01,-3.886839e-15,-5.000000e-01,-3.127004e-15,-7.071068e-01,-4.998209e-01,-4.562622e-15,-1.190169e-01,-5.000000e-01,-7.071068e-01,2.862551e-14,-4.998209e-01,-1.190169e-01,2.960222e-15
105.1,310.0,-5.000000e-01,1.493292e-14,7.071068e-01,-4.998210e-01,-5.214962e-15,1.190392e-01,-5.000000e-01,7.071068e-01,1.748390e-14,-4.998210e-01,1.190392e-01,3.549063e-14,-5.000000e-01,-1.349205e-14,-7.071068e-01,-4.998210e-01,5.090963e-15,-1.190392e-01,-5.000000e-01,-7.071068e-01,1.883428e-15,-4.998210e-01,-1.190392e-01,-3.563178e-14
105.1,335.0,-5.000000e-01,3.839714e-15,7.071068e-01,-4.998210e-01,6.057293e-14,1.190615e-01,-5.000000e-01,7.071068e-01,-2.378608e-14,-4.998210e-01,1.190615e-01,3.250339e-14,-5.000000e-01,-2.759777e-15,-7.071068e-01,-4.998210e-01,-1.192556e-14,-1.190615e-01,-5.000000e-01,-7.071068e-01,1.976392e-14,-4.998210e-01,-1.190615e-01,-3.331804e-14
105.1,360.0,-5.000000e-01,8.882261e-16,7.071068e-01,-4.998211e-01,-9.963812e-16,1.190839e-01,-5.000000e-01,7.071068e-01,2.885634e-14,-4.998211e-01,1.190839e-01,4.830862e-15,-5.000000e-01,-1.364226e-15,-7.071068e-01,-4.998211e-01,2.607985e-16,-1.190839e-01,-5.000000e-01,-7.071068e-01,-3.192233e-14,-4.998211e-01,-1.190839e-01,-5.625102e-15
105.1,385.0,-5.000000e-01,2.271752e-14,7.071068e-01,-4.998211e-01,3.973643e-15,1.191064e-01,-5.000000e-01,7.071068e-01,-1.157207e-14,-4.998211e-01,1.191064e-01,-1.925453e-14,-5.000000e-01,-2.229041e-14,-7.071068e-01,-4.998211e-01,-3.854679e-15,-1.191064e-01,-5.000000e-01,-7.071068e-01,-1.053707e-14,-4.998211e-01,-1.191064e-01,1.979449e-14
105.1,410.0,-5.000000e-01,3.352112e-15,7.071068e-01,-4.998211e-01,-5.964448e-15,1.191289e-01,-5.000000e-01,7.071068e-01,1.377897e-14,-4.998211e-01,1.191289e-01,-6.528470e-15,-5.000000e-01,-2.115967e-15,-7.071068e-01,-4.998211e-01,5.844522e-15,-1.191289e-01,-5.000000e-01,-7.071068e-01,-7.844525e-15,-4.998211e-01,-1.191289e-01,6.006951e-15
105.1,435.0,-5.000000e-01,2.486551e-14,7.071068e-01,-4.998212e-01,-2.523534e-15,1.191515e-01,-5.000000e-01,7.071068e-01,5.697519e-15,-4.998212e-01,1.191515e-01,-5.662897e-15,-5.000000e-01,-2.471398e-14,-7.071068e-01,-4.998212e-01,2.061002e-15,-1.191515e-01,-5.000000e-01,-7.071068e-01,-9.495865e-15,-4.998212e-01,-1.191515e-01,5.367337e-15
105.1,460.0,-5.000000e-01,2.851796e-14,7.071068e-01,-4.998212e-01,-1.301813e-15,1.191742e-01,-5.000000e-01,7.071068e-01,1.070254e-14,-4.998212e-01,1.191742e-01,1.079474e-14,-5.000000e-01,-2.722143e-14,-7.071068e-01,-4.998212e-01,1.774898e-15,-1.191742e-01,-5.000000e-01,-7.071068e-01,-1.026362e-14,-4.998212e-01,-1.191742e-01,-1.128844e-14
105.1,485.0,-5.000000e-01,1.351579e-14,7.071068e-01,-4.998212e-01,7.879677e-15,1.191969e-01,-5.000000e-01,7.071068e-01,3.406299e-15,-4.998212e-01,1.191969e-01,-8.405801e-15,-5.000000e-01,-1.230859e-14,-7.071068e-01,-4.998212e-01,-7.785501e-15,-1.191969e-01,-5.000000e-01,-7.071068e-01,2.506106e-14,-4.998212e-01,-1.191969e-01,8.792984e-15
105.1,510.0,-5.000000e-01,2.610925e-14,7.071068e-01,-4.998213e-01,2.341076e-15,1.192198e-01,-5.000000e-01,7.071068e-01,-5.425797e-14,-4.998213e-01,1.192198e-01,-1.563380e-14,-5.000000e-01,-2.689638e-14,-7.071068e-01,-4.998213e-01,-2.797027e-15,-1.192198e-01,-5.000000e-01,-7.071068e-01,3.825705e-14,-4.998213e-01,-1.192198e-01,1.433457e-14
105.1,535.0,-5.000000e-01,-1.243489e-13,7.071068e-01,-4.998213e-01,-4.034033e-15,1.192426e-01,-5.000000e-01,7.071068e-01,2.803484e-15,-4.998213e-01,1.192426e-01,2.016456e-14,-5.000000e-01,1.236142e-13,-7.071068e-01,-4.998213e-01,4.274589e-15,-1.192426e-01,-5.000000e-01,-7.071068e-01,-2.879412e-14,-4.998213e-01,-1.192426e-01,-2.107592e-14
105.1,560.0,-5.000000e-01,1.272242e-14,7.071068e-01,-4.998214e-01,-7.414298e-15,1.192656e-01,-5.000000e-01,7.071068e-01,1.196190e-14,-4.998214e-01,1.192656e-01,-2.749688e-14,-5.000000e-01,-1.116698e-14,-7.071068e-01,-4.998214e-01,7.134566e-15,-1.192656e-01,-5.000000e-01,-7.071068e-01,-8.892955e-15,-4.998214e-01,-1.192656e-01,2.822181e-14
105.1,585.0,-5.000000e-01,-9.886697e-15,7.071068e-01,-4.998214e-01,-3.605689e-14,1.192886e-01,-5.000000e-01,7.071068e-01,1.340597e-14,-4.998214e-01,1.192886e-01,7.556612e-16,-5.000000e-01,-7.237689e-16,-7.071068e-01,-4.998214e-01,1.848551e-14,-1.192886e-01,-5.000000e-01,-7.071068e-01,-1.793187e-14,-4.998214e-01,-1.192886e-01,4.360204e-15
105.1,610.0,-5.000000e-01,-1.679563e-14,7.071068e-01,-4.998214e-01,-2.609665e-14,1.193117e-01,-5.000000e-01,7.071068e-01,-1.870822e-15,-4.998214e-01,1.193117e-01,1.374606e-15,-5.000000e-01,1.791640e-14,-7.071068e-01,-4.998214e-01,1.368912e-14,-1.193117e-01,-5.000000e-01,-7.071068e-01,-8.112697e-15,-4.998214e-01,-1.193117e-01,6.421520e-15
105.1,635.0,-5.000000e-01,-1.685740e-14,7.071068e-01,-4.998215e-01,-1.985437e-15,1.193349e-01,-5.000000e-01,7.071068e-01,5.075801e-15,-4.998215e-01,1.193349e-01,9.230580e-15,-5.000000e-01,8.177139e-15,-7.071068e-01,-4.998215e-01,1.188853e-15,-1.193349e-01,-5.000000e-01,-7.071068e-01,-7.339278e-15,-4.998215e-01,-1.193349e-01,4.252624e-15
105.1,660.0,-5.000000e-01,-1.186215e-14,7.071068e-01,-4.998215e-01,1.817307e-14,1.193581e-01,-5.000000e-01,7.071068e-01,2.590560e-14,-4.998215e-01,1.193581e-01,-9.361867e-16,-5.000000e-01,-3.575876e-15,-7.071068e-01,-4.998215e-01,-8.440573e-15,-1.193581e-01,-5.000000e-01,-7.071068e-01,-2.105057e-14,-4.998215e-01,-1.193581e-01,2.327664e-15
105.1,685.0,-5.000000e-01,-9.727143e-15,7.071068e-01,-4.998215e-01,-1.974458e-14,1.193815e-01,-5.000000e-01,7.071068e-01,1.435293e-14,-4.998215e-01,1.193815e-01,1.730833e-15,-5.000000e-01,5.313975e-15,-7.071068e-01,-4.998215e-01,1.094891e-14,-1.193815e-01,-5.000000e-01,-7.071068e-01,-1.293498e-14,-4.998215e-01,-1.193815e-01,-4.102939e-15
105.1,710.0,-5.000000e-01,-2.951889e-14,7.071068e-01,-4.998216e-01,-1.221122e-14,1.194048e-01,-5.000000e-01,7.071068e-01,1.775908e-14,-4.998216e-01,1.194048e-01,1.263615e-14,-5.000000e-01,2.072603e-14,-7.071068e-01,-4.998216e-01,7.980112e-15,-1.194048e-01,-5.000000e-01,-7.071068e-01,-1.654526e-14,-4.998216e-01,-1.194048e-01,-2.402689e-15
105.1,735.0,-5.000000e-01,4.729467e-15,7.071068e-01,-4.998216e-01,7.723595e-15,1.194283e-01,-5.000000e-01,7.071068e-01,8.770547e-15,-4.998216e-01,1.194283e-01,1.220258e-15,-5.000000e-01,-4.440311e-15,-7.071068e-01,-4.998216e-01,-6.444579e-15,-1.194283e-01,-5.000000e-01,-7.071068e-01,-7.128145e-15,-4.998216e-01,-1.194283e-01,-3.902114e-15
105.1,760.0,-5.000000e-01,-2.420354e-15,7.071068e-01,-4.998217e-01,-1.580493e-14,1.194518e-01,-5.000000e-01,7.071068e-01,9.776511e-15,-4.998217e-01,1.194518e-01,-7.039779e-16,-5.000000e-01,-5.043569e-15,-7.071068e-01,-4.998217e-01,7.915515e-15,-1.194518e-01,-5.000000e-01,-7.071068e-01,3.671393e-15,-4.998217e-01,-1.194518e-01,1.022389e-15
105.1,785.0,-5.000000e-01,2.818783e-15,7.071068e-01,-4.998217e-01,1.008544e-14,1.194754e-01,-5.000000e-01,7.071068e-01,-1.510936e-14,-4.998217e-01,1.194754e-01,1.725510e-15,-5.000000e-01,-2.259358e-15,-7.071068e-01,-4.998217e-01,-6.582625e-15,-1.194754e-01,-5.000000e-01,-7.071068e-01,1.541800e-14,-4.998217e-01,-1.194754e-01,1.963529e-15
105.1,810.0,-5.000000e-01,5.794216e-15,7.071068e-01,-4.998217e-01,1.196060e-14,1.194991e-01,-5.000000e-01,7.071068e-01,-4.903151e-15,-4.998217e-01,1.194991e-01,3.443199e-15,-5.000000e-01,3.905706e-15,-7.071068e-01,-4.998217e-01,-7.122608e-15,-1.194991e-01,-5.000000e-01,-7.071068e-01,1.270527e-14,-4.998217e-01,-1.194991e-01,2.604162e-15
105.1,835.0,-5.000000e-01,-4.913591e-16,7.071068e-01,-4.998218e-01,-2.950502e-15,1.195228e-01,-5.000000e-01,7.071068e-01,6.309542e-15,-4.998218e-01,1.195228e-01,-7.906933e-15,-5.000000e-01,-4.160277e-15,-7.071068e-01,-4.998218e-01,4.984684e-16,-1.195228e-01,-5.000000e-01,-7.071068e-01,1.772681e-15,-4.998218e-01,-1.195228e-01,4.547003e-15
105.1,860.0,-5.000000e-01,-3.928469e-15,7.071068e-01,-4.998218e-01,-1.705382e-14,1.195467e-01,-5.000000e-01,7.071068e-01,-5.960543e-16,-4.998218e-01,1.195467e-01,-5.123901e-15,-5.000000e-01,-1.339030e-14,-7.071068e-01,-4.998218e-01,8.460749e-15,-1.195467e-01,-5.000000e-01,-7.071068e-01,3.600531e-15,-4.998218e-01,-1.195467e-01,6.291511e-15
105.1,885.0,-5.000000e-01,7.184647e-15,7.071068e-01,-4.998218e-01,-3.546589e-15,1.195706e-01,-5.000000e-01,7.071068e-01,1.568500e-14,-4.998218e-01,1.195706e-01,4.767087e-15,-5.000000e-01,-1.972073e-15,-7.071068e-01,-4.998218e-01,1.320167e-15,-1.195706e-01,-5.000000e-01,-7.071068e-01,1.170256e-14,-4.998218e-01,-1.195706e-01,-3.468411e-15
107.6,10.0,-5.000000e-01,-9.380399e-15,7.071068e-01,-4.998239e-01,-5.248923e-15,1.208997e-01,-5.000000e-01,7.071068e-01,3.045715e-14,-4.998239e-01,1.208997e-01,-2.473509e-15,-5.000000e-01,5.537873e-15,-7.071068e-01,-4.998239e-01,-3.104495e-15,-1.208997e-01,-5.000000e-01,-7.071068e-01,-2.668186e-14,-4.998239e-01,-1.208997e-01,-1.826734e-15
107.6,35.0,-5.000000e-01,9.685840e-14,7.071068e-01,-4.998239e-01,-4.377330e-15,1.209205e-01,-5.000000e-01,7.071068e-01,-1.064387e-13,-4.998239e-01,1.209205e-01,-1.368033e-15,-5.000000e-01,-9.760415e-14,-7.071068e-01,-4.998239e-01,3.949456e-15,-1.209205e-01,-5.000000e-01,-7.071068e-01,1.079714e-13,-4.998239e-01,-1.209205e-01,1.031822e-15
107.6,60.0,-5.000000e-01,3.483022e-14,7.071068e-01,-4.998239e-01,-4.099630e-15,1.209415e-01,-5.000000e-01,7.071068e-01,3.218260e-13,-4.998239e-01,1.209415e-01,5.700075e-15,-5.000000e-01,-3.682873e-14,-7.071068e-01,-4.998239e-01,-5.083574e-16,-1.209415e-01,-5.000000e-01,-7.071068e-01,-3.213277e-13,-4.998239e-01,-1.209415e-01,2.480163e-16
107.6,85.0,-5.000000e-01,5.758279e-14,7.071068e-01,-4.998240e-01,1.597566e-15,1.209624e-01,-5.000000e-01,7.071068e-01,-1.225235e-14,-4.998240e-01,1.209624e-01,-4.002425e-15,-5.000000e-01,-5.768617e-14,-7.071068e-01,-4.998240e-01,-1.992339e-17,-1.209624e-01,-5.000000e-01,-7.071068e-01,1.836209e-14,-4.998240e-01,-1.209624e-01,-1.534615e-15
107.6,110.0,-5.000000e-01,7.794549e-14,7.071068e-01,-4.998240e-01,1.715537e-15,1.209835e-01,-5.000000e-01,7.071068e-01,-2.948803e-14,-4.998240e-01,1.209835e-01,3.461677e-15,-5.000000e-01,-7.926843e-14,-7.071068e-01,-4.998240e-01,1.438596e-15,-1.209835e-01,-5.000000e-01,-7.071068e-01,1.189342e-15,-4.998240e-01,-1.209835e-01,1.086051e-14
107.6,135.0,-5.000000e-01,-2.615095e-15,7.071068e-01,-4.998240e-01,-6.545526e-15,1.210046e-01,-5.000000e-01,7.071068e-01,-2.950535e-15,-4.998240e-01,1.210046e-01,4.638913e-15,-5.000000e-01,3.293082e-15,-7.071068e-01,-4.998240e-01,3.435957e-15,-1.210046e-01,-5.000000e-01,-7.071068e-01,3.309860e-16,-4.998240e-01,-1.210046e-01,-5.485287e-15
107.6,160.0,-5.000000e-01,7.735628e-14,7.071068e-01,-4.998241e-01,-1.864611e-15,1.210257e-01,-5.000000e-01,7.071068e-01,6.763839e-15,-4.998241e-01,1.210257e-01,3.770667e-15,-5.000000e-01,-8.144128e-14,-7.071068e-01,-4.998241e-01,2.732099e-15,-1.210257e-01,-5.000000e-01,-7.071068e-01,-9.531079e-15,-4.998241e-01,-1.210257e-01,7.538796e-15
107.6,185.0,-5.000000e-01,1.885043e-14,7.071068e-01,-4.998241e-01,-4.984858e-15,1.210470e-01,-5.000000e-01,7.071068e-01,5.120133e-16,-4.998241e-01,1.210470e-01,3.682229e-15,-5.000000e-01,-1.938940e-14,-7.071068e-01,-4.998241e-01,5.436754e-15,-1.210470e-01,-5.000000e-01,-7.071068e-01,-4.145592e-16,-4.998241e-01,-1.210470e-01,-2.976628e-15
107.6,210.0,-5.000000e-01,-5.988446e-14,7.071068e-01,-4.998241e-01,3.695152e-15,1.210683e-01,-5.000000e-01,7.071068e-01,-5.141901e-15,-4.998241e-01,1.210683e-01,9.138668e-15,-5.000000e-01,6.205891e-14,-7.071068e-01,-4.998241e-01,-2.918589e-15,-1.210683e-01,-5.000000e-01,-7.071068e-01,6.318184e-15,-4.998241e-01,-1.210683e-01,-9.400824e-15
107.6,235.0,-5.000000e-01,8.887658e-14,7.071068e-01,-4.998242e-01,-9.429398e-16,1.210896e-01,-5.000000e-01,7.071068e-01,1.281717e-14,-4.998242e-01,1.210896e-01,3.575599e-15,-5.000000e-01,-8.936327e-14,-7.071068e-01,-4.998242e-01,1.032620e-15,-1.210896e-01,-5.000000e-01,-7.071068e-01,-1.214449e-14,-4.998242e-01,-1.210896e-01,-3.990466e-15
107.6,260.0,-5.000000e-01,-1.532394e-14,7.071068e-01,-4.998242e-01,2.339839e-14,1.211111e-01,-5.000000e-01,7.071068e-01,3.942043e-14,-4.998242e-01,1.211111e-01,1.944288e-14,-5.000000e-01,1.435032e-14,-7.071068e-01,-4.998242e-01,-2.529131e-14,-1.211111e-01,-5.000000e-01,-7.071068e-01,-3.963306e-14,-4.998242e-01,-1.211111e-01,-1.861431e-14
107.6,285.0,-5.000000e-01,-7.136038e-14,7.071068e-01,-4.998242e-01,-1.229224e-14,1.211326e-01,-5.000000e-01,7.071068e-01,3.947523e-14,-4.998242e-01,1.211326e-01,2.444354e-15,-5.000000e-01,7.036118e-14,-7.071068e-01,-4.998242e-01,1.335536e-14,-1.211326e-01,-5.000000e-01,-7.071068e-01,-3.839741e-14,-4.998242e-01,-1.211326e-01,-2.959017e-15
107.6,310.0,-5.000000e-01,-2.792196e-14,7.071068e-01,-4.998243e-01,-2.155207e-14,1.211541e-01,-5.000000e-01,7.071068e-01,5.631558e-14,-4.998243e-01,1.211541e-01,2.013859e-15,-5.000000e-01,2.884348e-14,-7.071068e-01,-4.998243e-01,2.177660e-14,-1.211541e-01,-5.000000e-01,-7.071068e-01,-5.731479e-14,-4.998243e-01,-1.211541e-01,-2.314725e-15
107.6,335.0,-5.000000e-01,-3.461399e-14,7.071068e-01,-4.998243e-01,1.323782e-15,1.211758e-01,-5.000000e-01,7.071068e-01,-3.636440e-14,-4.998243e-01,1.211758e-01,2.766415e-15,-5.000000e-01,3.389203e-14,-7.071068e-01,-4.998243e-01,-1.841738e-15,-1.211758e-01,-5.000000e-01,-7.071068e-01,3.578915e-14,-4.998243e-01,-1.211758e-01,-3.051343e-15
107.6,360.0,-5.000000e-01,-1.728774e-14,7.071068e-01,-4.998243e-01,2.860458e-15,1.211975e-01,-5.000000e-01,7.071068e-01,5.953523e-16,-4.998243e-01,1.211975e-01,2.216440e-15,-5.000000e-01,1.640538e-14,-7.071068e-01,-4.998243e-01,-2.033193e-15,-1.211975e-01,-5.000000e-01,-7.071068e-01,2.480635e-16,-4.998243e-01,-1.211975e-01,-3.388299e-15
107.6,385.0,-5.000000e-01,8.824701e-14,7.071068e-01,-4.998244e-01,2.098454e-15,1.212192e-01,-5.000000e-01,7.071068e-01,2.616679e-14,-4.998244e-01,1.212192e-01,6.458185e-15,-5.000000e-01,-8.489161e-14,-7.071068e-01,-4.998244e-01,-1.010705e-15,-1.212192e-01,-5.000000e-01,-7.071068e-01,-2.597665e-14,-4.998244e-01,-1.212192e-01,-6.576090e-15
107.6,410.0,-5.000000e-01,6.340679e-15,7.071068e-01,-4.998244e-01,3.325479e-15,1.212410e-01,-5.000000e-01,7.071068e-01,-1.339141e-14,-4.998244e-01,1.212410e-01,-4.709916e-15,-5.000000e-01,-7.547111e-15,-7.071068e-01,-4.998244e-01,-3.292997e-15,-1.212410e-01,-5.000000e-01,-7.071068e-01,6.017205e-15,-4.998244e-01,-1.212410e-01,4.307993e-15
107.6,435.0,-5.000000e-01,-3.005577e-14,7.071068e-01,-4.998244e-01,-8.118623e-15,1.212629e-01,-5.000000e-01,7.071068e-01,2.659716e-14,-4.998244e-01,1.212629e-01,-5.569824e-16,-5.000000e-01,2.945464e-14,-7.071068e-01,-4.998244e-01,8.019653e-15,-1.212629e-01,-5.000000e-01,-7.071068e-01,-3.018484e-14,-4.998244e-01,-1.212629e-01,-1.008022e-17
107.6,460.0,-5.000000e-01,4.397401e-14,7.071068e-01,-4.998245e-01,1.913537e-14,1.212849e-01,-5.000000e-01,7.071068e-01,-6.126223e-14,-4.998245e-01,1.212849e-01,-1.627299e-15,-5.000000e-01,-4.619204e-14,-7.071068e-01,-4.998245e-01,-2.471389e-14,-1.212849e-01,-5.000000e-01,-7.071068e-01,6.641387e-14,-4.998245e-01,-1.212849e-01,7.242674e-15
107.6,485.0,-5.000000e-01,-5.484631e-15,7.071068e-01,-4.998245e-01,9.634420e-15,1.213069e-01,-5.000000e-01,7.071068e-01,-2.651530e-14,-4.998245e-01,1.213069e-01,1.028826e-15,-5.000000e-01,3.588173e-15,-7.071068e-01,-4.998245e-01,-9.120956e-15,-1.213069e-01,-5.000000e-01,-7.071068e-01,3.780511e-14,-4.998245e-01,-1.213069e-01,-9.280442e-16
107.6,510.0,-5.000000e-01,2.815784e-14,7.071068e-01,-4.998245e-01,9.327129e-15,1.213290e-01,-5.000000e-01,7.071068e-01,-5.506191e-14,-4.998245e-01,1.213290e-01,1.629208e-15,-5.000000e-01,-2.841148e-14,-7.071068e-01,-4.998245e-01,-9.167409e-15,-1.213290e-01,-5.000000e-01,-7.071068e-01,3.995763e-14,-4.998245e-01,-1.213290e-01,-9.762630e-16
107.6,535.0,-5.000000e-01,4.840857e-15,7.071068e-01,-4.998246e-01,5.960882e-15,1.213512e-01,-5.000000e-01,7.071068e-01,-2.001198e-14,-4.998246e-01,1.213512e-01,-4.690219e-15,-5.000000e-01,-5.129089e-15,-7.071068e-01,-4.998246e-01,-5.913095e-15,-1.213512e-01,-5.000000e-01,-7.071068e-01,1.927166e-14,-4.998246e-01,-1.213512e-01,5.585902e-15
107.6,560.0,-5.000000e-01,3.309189e-14,7.071068e-01,-4.998246e-01,1.701385e-15,1.213734e-01,-5.000000e-01,7.071068e-01,-7.467360e-15,-4.998246e-01,1.213734e-01,-1.913189e-15,-5.000000e-01,-3.272308e-14,-7.071068e-01,-4.998246e-01,-1.734209e-15,-1.213734e-01,-5.000000e-01,-7.071068e-01,-2.098448e-14,-4.998246e-01,-1.213734e-01,1.866605e-15
107.6,585.0,-5.000000e-01,-4.178749e-14,7.071068e-01,-4.998246e-01,5.607229e-15,1.213957e-01,-5.000000e-01,7.071068e-01,-2.964544e-15,-4.998246e-01,1.213957e-01,1.063816e-14,-5.000000e-01,4.100900e-14,-7.071068e-01,-4.998246e-01,-6.475659e-15,-1.213957e-01,-5.000000e-01,-7.071068e-01,8.661469e-15,-4.998246e-01,-1.213957e-01,-1.045742e-14
107.6,610.0,-5.000000e-01,5.861241e-14,7.071068e-01,-4.998247e-01,-4.284666e-15,1.214181e-01,-5.000000e-01,7.071068e-01,2.689818e-14,-4.998247e-01,1.214181e-01,-1.973456e-15,-5.000000e-01,-5.798198e-14,-7.071068e-01,-4.998247e-01,4.280749e-15,-1.214181e-01,-5.000000e-01,-7.071068e-01,3.220204e-15,-4.998247e-01,-1.214181e-01,2.967974e-15
107.6,635.0,-5.000000e-01,3.902911e-14,7.071068e-01,-4.998247e-01,1.187998e-14,1.214405e-01,-5.000000e-01,7.071068e-01,-1.859662e-14,-4.998247e-01,1.214405e-01,-7.075592e-15,-5.000000e-01,-4.205277e-14,-7.071068e-01,-4.998247e-01,-1.261462e-14,-1.214405e-01,-5.000000e-01,-7.071068e-01,1.856316e-14,-4.998247e-01,-1.214405e-01,6.785696e-15
107.6,660.0,-5.000000e-01,3.228716e-14,7.071068e-01,-4.998247e-01,-6.429118e-16,1.214631e-01,-5.000000e-01,7.071068e-01,-2.504281e-14,-4.998247e-01,1.214631e-01,8.582362e-15,-5.000000e-01,-3.220644e-14,-7.071068e-01,-4.998247e-01,1.310914e-15,-1.214631e-01,-5.000000e-01,-7.071068e-01,2.519173e-14,-4.998247e-01,-1.214631e-01,-8.121890e-15
107.6,685.0,-5.000000e-01,-3.578752e-14,7.071068e-01,-4.998248e-01,-6.592047e-15,1.214856e-01,-5.000000e-01,7.071068e-01,1.290552e-13,-4.998248e-01,1.214856e-01,1.632187e-15,-5.000000e-01,3.518758e-14,-7.071068e-01,-4.998248e-01,6.457109e-15,-1.214856e-01,-5.000000e-01,-7.071068e-01,-1.261278e-13,-4.998248e-01,-1.214856e-01,-1.651510e-15
107.6,710.0,-5.000000e-01,-1.453944e-13,7.071068e-01,-4.998248e-01,-7.756152e-15,1.215083e-01,-5.000000e-01,7.071068e-01,-1.668134e-13,-4.998248e-01,1.215083e-01,-1.987786e-15,-5.000000e-01,1.459889e-13,-7.071068e-01,-4.998248e-01,8.652294e-15,-1.215083e-01,-5.000000e-01,-7.071068e-01,1.671989e-13,-4.998248e-01,-1.215083e-01,9.978128e-16
107.6,735.0,-5.000000e-01,-1.952986e-14,7.071068e-01,-4.998248e-01,-1.230194e-15,1.215310e-01,-5.000000e-01,7.071068e-01,1.855364e-14,-4.998248e-01,1.215310e-01,1.159154e-15,-5.000000e-01,1.908163e-14,-7.071068e-01,-4.998248e-01,1.030882e-15,-1.215310e-01,-5.000000e-01,-7.071068e-01,-1.137656e-14,-4.998248e-01,-1.215310e-01,-2.096138e-15
107.6,760.0,-5.000000e-01,5.924105e-14,7.071068e-01,-4.998249e-01,5.390813e-15,1.215538e-01,-5.000000e-01,7.071068e-01,-2.687462e-14,-4.998249e-01,1.215538e-01,-1.274093e-15,-5.000000e-01,-5.640218e-14,-7.071068e-01,-4.998249e-01,-5.160397e-15,-1.215538e-01,-5.000000e-01,-7.071068e-01,3.336386e-14,-4.998249e-01,-1.215538e-01,1.586908e-15
107.6,785.0,-5.000000e-01,9.238042e-14,7.071068e-01,-4.998249e-01,1.759484e-14,1.215767e-01,-5.000000e-01,7.071068e-01,1.036010e-13,-4.998249e-01,1.215767e-01,1.952488e-14,-5.000000e-01,-8.820098e-14,-7.071068e-01,-4.998249e-01,-1.627284e-14,-1.215767e-01,-5.000000e-01,-7.071068e-01,-1.288866e-13,-4.998249e-01,-1.215767e-01,-2.117070e-14
107.6,810.0,-5.000000e-01,3.615578e-14,7.071068e-01,-4.998250e-01,-7.837049e-15,1.215996e-01,-5.000000e-01,7.071068e-01,1.306182e-14,-4.998250e-01,1.215996e-01,7.360906e-15,-5.000000e-01,-3.541656e-14,-7.071068e-01,-4.998250e-01,8.313387e-15,-1.215996e-01,-5.000000e-01,-7.071068e-01,-1.052900e-14,-4.998250e-01,-1.215996e-01,-7.923558e-15
107.6,835.0,-5.000000e-01,7.605091e-15,7.071068e-01,-4.998250e-01,-3.761508e-15,1.216226e-01,-5.000000e-01,7.071068e-01,4.255739e-15,-4.998250e-01,1.216226e-01,-2.497041e-15,-5.000000e-01,2.548353e-15,-7.071068e-01,-4.998250e-01,1.484228e-15,-1.216226e-01,-5.000000e-01,-7.071068e-01,1.840882e-15,-4.998250e-01,-1.216226e-01,2.176128e-15
107.6,860.0,-5.000000e-01,-2.193967e-14,7.071068e-01,-4.998250e-01,1.544927e-14,1.216457e-01,-5.000000e-01,7.071068e-01,1.636541e-14,-4.998250e-01,1.216457e-01,-1.120651e-16,-5.000000e-01,2.090939e-14,-7.071068e-01,-4.998250e-01,-8.524348e-15,-1.216457e-01,-5.000000e-01,-7.071068e-01,-1.411887e-14,-4.998250e-01,-1.216457e-01,1.477547e-16
107.6,885.0,-5.000000e-01,-1.240154e-14,7.071068e-01,-4.998251e-01,-3.468167e-14,1.216688e-01,-5.000000e-01,7.071068e-01,1.346577e-14,-4.998251e-01,1.216688e-01,-5.251066e-15,-5.000000e-01,1.000993e-14,-7.071068e-01,-4.998251e-01,1.821206e-14,-1.216688e-01,-5.000000e-01,-7.071068e-01,-1.009485e-14,-4.998251e-01,-1.216688e-01,1.591573e-16
110.1,10.0,-5.000000e-01,-7.442323e-14,7.071068e-01,-4.998270e-01,2.330872e-15,1.230190e-01,-5.000000e-01,7.071068e-01,1.569086e-14,-4.998270e-01,1.230190e-01,-5.494077e-15,-5.000000e-01,7.789705e-14,-7.071068e-01,-4.998270e-01,-1.825773e-15,-1.230190e-01,-5.000000e-01,-7.071068e-01,-1.693689e-14,-4.998270e-01,-1.230190e-01,5.721154e-15
110.1,35.0,-5.000000e-01,3.621237e-14,7.071068e-01,-4.998270e-01,1.121749e-14,1.230392e-01,-5.000000e-01,7.071068e-01,-1.115625e-15,-4.998270e-01,1.230392e-01,-7.391703e-16,-5.000000e-01,-2.040759e-14,-7.071068e-01,-4.998270e-01,1.648260e-14,-1.230392e-01,-5.000000e-01,-7.071068e-01,6.116939e-16,-4.998270e-01,-1.230392e-01,2.340133e-15
110.1,60.0,-5.000000e-01,1.646187e-14,7.071068e-01,-4.998271e-01,-1.666447e-15,1.230594e-01,-5.000000e-01,7.071068e-01,6.475527e-15,-4.998271e-01,1.230594e-01,1.820750e-15,-5.000000e-01,-1.790292e-14,-7.071068e-01,-4.998271e-01,1.112809e-15,-1.230594e-01,-5.000000e-01,-7.071068e-01,-6.150510e-15,-4.998271e-01,-1.230594e-01,-1.528167e-15
110.1,85.0,-5.000000e-01,5.177474e-13,7.071068e-01,-4.998271e-01,6.836070e-15,1.230797e-01,-5.000000e-01,7.071068e-01,5.864012e-13,-4.998271e-01,1.230797e-01,8.186300e-15,-5.000000e-01,-5.368055e-13,-7.071068e-01,-4.998271e-01,-6.443811e-15,-1.230797e-01,-5.000000e-01,-7.071068e-01,-5.840039e-13,-4.998271e-01,-1.230797e-01,-8.217232e-15
110.1,110.0,-5.000000e-01,3.529712e-14,7.071068e-01,-4.998271e-01,1.424136e-16,1.231001e-01,-5.000000e-01,7.071068e-01,-1.142231e-14,-4.998271e-01,1.231001e-01,2.090491e-15,-5.000000e-01,-4.263430e-14,-7.071068e-01,-4.998271e-01,1.200004e-16,-1.231001e-01,-5.000000e-01,-7.071068e-01,5.292548e-15,-4.998271e-01,-1.231001e-01,-2.586317e-15
110.1,135.0,-5.000000e-01,-4.371860e-14,7.071068e-01,-4.998272e-01,1.091053e-14,1.231205e-01,-5.000000e-01,7.071068e-01,-5.383492e-14,-4.998272e-01,1.231205e-01,5.492713e-15,-5.000000e-01,4.161193e-14,-7.071068e-01,-4.998272e-01,-1.121567e-14,-1.231205e-01,-5.000000e-01,-7.071068e-01,5.250040e-14,-4.998272e-01,-1.231205e-01,-3.810006e-15
110.1,160.0,-5.000000e-01,3.061646e-14,7.071068e-01,-4.998272e-01,6.349614e-15,1.231410e-01,-5.000000e-01,7.071068e-01,-5.764791e-14,-4.998272e-01,1.231410e-01,-4.540882e-15,-5.000000e-01,-3.309581e-14,-7.071068e-01,-4.998272e-01,-6.449180e-15,-1.231410e-01,-5.000000e-01,-7.071068e-01,5.687217e-14,-4.998272e-01,-1.231410e-01,5.443676e-15
110.1,185.0,-5.000000e-01,1.074056e-14,7.071068e-01,-4.998272e-01,-1.989389e-15,1.231616e-01,-5.000000e-01,7.071068e-01,-1.241273e-15,-4.998272e-01,1.231616e-01,-3.450444e-15,-5.000000e-01,-1.258207e-14,-7.071068e-01,-4.998272e-01,1.398486e-15,-1.231616e-01,-5.000000e-01,-7.071068e-01,-6.723561e-16,-4.998272e-01,-1.231616e-01,-9.215489e-16
110.1,210.0,-5.000000e-01,1.258175e-13,7.071068e-01,-4.998273e-01,6.341703e-16,1.231822e-01,-5.000000e-01,7.071068e-01,1.328175e-13,-4.998273e-01,1.231822e-01,3.101185e-16,-5.000000e-01,-1.334057e-13,-7.071068e-01,-4.998273e-01,-1.771918e-15,-1.231822e-01,-5.000000e-01,-7.071068e-01,-1.368676e-13,-4.998273e-01,-1.231822e-01,-2.544621e-15
110.1,235.0,-5.000000e-01,-6.307295e-14,7.071068e-01,-4.998273e-01,-1.995561e-15,1.232029e-01,-5.000000e-01,7.071068e-01,4.127385e-15,-4.998273e-01,1.232029e-01,1.079724e-14,-5.000000e-01,6.057039e-14,-7.071068e-01,-4.998273e-01,1.999694e-15,-1.232029e-01,-5.000000e-01,-7.071068e-01,-3.931431e-15,-4.998273e-01,-1.232029e-01,-1.165690e-14
110.1,260.0,-5.000000e-01,-3.280740e-14,7.071068e-01,-4.998273e-01,-2.007315e-15,1.232237e-01,-5.000000e-01,7.071068e-01,2.373191e-15,-4.998273e-01,1.232237e-01,1.424550e-15,-5.000000e-01,3.398727e-14,-7.071068e-01,-4.998273e-01,2.034283e-15,-1.232237e-01,-5.000000e-01,-7.071068e-01,-1.538662e-15,-4.998273e-01,-1.232237e-01,-2.463956e-15
110.1,285.0,-5.000000e-01,-2.348043e-15,7.071068e-01,-4.998273e-01,4.833505e-15,1.232445e-01,-5.000000e-01,7.071068e-01,-1.739186e-14,-4.998273e-01,1.232445e-01,-9.090441e-16,-5.000000e-01,2.548596e-15,-7.071068e-01,-4.998273e-01,-5.142127e-15,-1.232445e-01,-5.000000e-01,-7.071068e-01,1.636083e-14,-4.998273e-01,-1.232445e-01,1.669546e-15
110.1,310.0,-5.000000e-01,8.518611e-14,7.071068e-01,-4.998274e-01,1.819616e-14,1.232654e-01,-5.000000e-01,7.071068e-01,5.233938e-14,-4.998274e-01,1.232654e-01,-7.872935e-16,-5.000000e-01,-8.360891e-14,-7.071068e-01,-4.998274e-01,-1.880178e-14,-1.232654e-01,-5.000000e-01,-7.071068e-01,-5.124074e-14,-4.998274e-01,-1.232654e-01,3.422869e-16
110.1,335.0,-5.000000e-01,2.143566e-14,7.071068e-01,-4.998274e-01,3.206635e-15,1.232863e-01,-5.000000e-01,7.071068e-01,1.656323e-14,-4.998274e-01,1.232863e-01,5.275725e-15,-5.000000e-01,-1.843315e-14,-7.071068e-01,-4.998274e-01,-2.860353e-15,-1.232863e-01,-5.000000e-01,-7.071068e-01,-1.961078e-14,-4.998274e-01,-1.232863e-01,-4.693893e-15
110.1,360.0,-5.000000e-01,-3.370412e-14,7.071068e-01,-4.998274e-01,2.909430e-16,1.233073e-01,-5.000000e-01,7.071068e-01,2.634042e-14,-4.998274e-01,1.233073e-01,1.369946e-14,-5.000000e-01,3.403728e-14,-7.071068e-01,-4.998274e-01,-1.490132e-16,-1.233073e-01,-5.000000e-01,-7.071068e-01,-2.750832e-14,-4.998274e-01,-1.233073e-01,-1.326281e-14
110.1,385.0,-5.000000e-01,-5.669316e-14,7.071068e-01,-4.998275e-01,7.909249e-15,1.233284e-01,-5.000000e-01,7.071068e-01,1.278913e-14,-4.998275e-01,1.233284e-01,4.248174e-15,-5.000000e-01,5.368623e-14,-7.071068e-01,-4.998275e-01,-8.154512e-15,-1.233284e-01,-5.000000e-01,-7.071068e-01,-1.152481e-14,-4.998275e-01,-1.233284e-01,-2.560148e-15
110.1,410.0,-5.000000e-01,-5.710764e-15,7.071068e-01,-4.998275e-01,-2.727180e-15,1.233495e-01,-5.000000e-01,7.071068e-01,7.221236e-14,-4.998275e-01,1.233495e-01,-1.344598e-15,-5.000000e-01,7.841646e-15,-7.071068e-01,-4.998275e-01,2.050666e-15,-1.233495e-01,-5.000000e-01,-7.071068e-01,-7.087319e-14,-4.998275e-01,-1.233495e-01,3.215448e-16
110.1,435.0,-5.000000e-01,-1.115024e-14,7.071068e-01,-4.998275e-01,-7.494811e-16,1.233708e-01,-5.000000e-01,7.071068e-01,2.598829e-14,-4.998275e-01,1.233708e-01,1.280736e-15,-5.000000e-01,1.110784e-14,-7.071068e-01,-4.998275e-01,1.118890e-15,-1.233708e-01,-5.000000e-01,-7.071068e-01,-2.196694e-14,-4.998275e-01,-1.233708e-01,2.308814e-16
110.1,460.0,-5.000000e-01,2.026277e-13,7.071068e-01,-4.998276e-01,2.258715e-15,1.233920e-01,-5.000000e-01,7.071068e-01,9.320540e-16,-4.998276e-01,1.233920e-01,5.220116e-16,-5.000000e-01,-1.999574e-13,-7.071068e-01,-4.998276e-01,-1.845148e-15,-1.233920e-01,-5.000000e-01,-7.071068e-01,2.549877e-16,-4.998276e-01,-1.233920e-01,2.961438e-15
110.1,485.0,-5.000000e-01,2.562916e-14,7.071068e-01,-4.998276e-01,-2.758815e-15,1.234134e-01,-5.000000e-01,7.071068e-01,-2.797997e-14,-4.998276e-01,1.234134e-01,-1.405410e-14,-5.000000e-01,-2.511245e-14,-7.071068e-01,-4.998276e-01,3.876801e-15,-1.234134e-01,-5.000000e-01,-7.071068e-01,2.465766e-14,-4.998276e-01,-1.234134e-01,1.361864e-14
110.1,510.0,-5.000000e-01,-1.165600e-14,7.071068e-01,-4.998276e-01,2.003898e-14,1.234348e-01,-5.000000e-01,7.071068e-01,-2.385998e-14,-4.998276e-01,1.234348e-01,-1.253309e-15,-5.000000e-01,1.100162e-14,-7.071068e-01,-4.998276e-01,-1.934598e-14,-1.234348e-01,-5.000000e-01,-7.071068e-01,2.685109e-14,-4.998276e-01,-1.234348e-01,1.006801e-15
110.1,535.0,-5.000000e-01,-3.038425e-15,7.071068e-01,-4.998277e-01,-1.769954e-15,1.234562e-01,-5.000000e-01,7.071068e-01,1.316908e-13,-4.998277e-01,1.234562e-01,-1.037485e-14,-5.000000e-01,1.620493e-15,-7.071068e-01,-4.998277e-01,1.812288e-15,-1.234562e-01,-5.000000e-01,-7.071068e-01,-1.302915e-13,-4.998277e-01,-1.234562e-01,1.064666e-14
110.1,560.0,-5.000000e-01,-1.835055e-14,7.071068e-01,-4.998277e-01,3.129118e-15,1.234778e-01,-5.000000e-01,7.071068e-01,-5.813524e-14,-4.998277e-01,1.234778e-01,4.933591e-15,-5.000000e-01,1.694617e-14,-7.071068e-01,-4.998277e-01,-1.920954e-15,-1.234778e-01,-5.000000e-01,-7.071068e-01,5.881142e-14,-4.998277e-01,-1.234778e-01,-4.569410e-15
110.1,585.0,-5.000000e-01,-2.580513e-13,7.071068e-01,-4.998277e-01,-1.254218e-15,1.234994e-01,-5.000000e-01,7.071068e-01,-1.990402e-13,-4.998277e-01,1.234994e-01,4.692911e-15,-5.000000e-01,2.590214e-13,-7.071068e-01,-4.998277e-01,2.768280e-15,-1.234994e-01,-5.000000e-01,-7.071068e-01,2.002581e-13,-4.998277e-01,-1.234994e-01,-5.521286e-15
110.1,610.0,-5.000000e-01,1.535784e-14,7.071068e-01,-4.998278e-01,7.907837e-15,1.235210e-01,-5.000000e-01,7.071068e-01,-1.922659e-14,-4.998278e-01,1.235210e-01,-6.047637e-15,-5.000000e-01,-1.602364e-14,-7.071068e-01,-4.998278e-01,-6.835866e-15,-1.235210e-01,-5.000000e-01,-7.071068e-01,2.057292e-14,-4.998278e-01,-1.235210e-01,6.354920e-15
110.1,635.0,-5.000000e-01,-1.895454e-14,7.071068e-01,-4.998278e-01,2.242355e-17,1.235428e-01,-5.000000e-01,7.071068e-01,-1.378948e-15,-4.998278e-01,1.235428e-01,9.133054e-16,-5.000000e-01,1.927133e-14,-7.071068e-01,-4.998278e-01,-1.369068e-16,-1.235428e-01,-5.000000e-01,-7.071068e-01,3.805578e-16,-4.998278e-01,-1.235428e-01,-8.060828e-16
110.1,660.0,-5.000000e-01,-2.893960e-14,7.071068e-01,-4.998278e-01,5.217519e-15,1.235646e-01,-5.000000e-01,7.071068e-01,-4.082452e-14,-4.998278e-01,1.235646e-01,2.132299e-15,-5.000000e-01,2.814513e-14,-7.071068e-01,-4.998278e-01,-4.713034e-15,-1.235646e-01,-5.000000e-01,-7.071068e-01,4.097208e-14,-4.998278e-01,-1.235646e-01,-1.870419e-15
110.1,685.0,-5.000000e-01,-2.546653e-14,7.071068e-01,-4.998279e-01,1.013666e-14,1.235865e-01,-5.000000e-01,7.071068e-01,-5.979908e-14,-4.998279e-01,1.235865e-01,3.890400e-15,-5.000000e-01,2.572586e-14,-7.071068e-01,-4.998279e-01,-9.210855e-15,-1.235865e-01,-5.000000e-01,-7.071068e-01,5.862614e-14,-4.998279e-01,-1.235865e-01,-4.234547e-15
110.1,710.0,-5.000000e-01,3.500253e-14,7.071068e-01,-4.998279e-01,1.030099e-15,1.236084e-01,-5.000000e-01,7.071068e-01,2.953971e-14,-4.998279e-01,1.236084e-01,-1.716211e-15,-5.000000e-01,-3.553697e-14,-7.071068e-01,-4.998279e-01,1.426336e-16,-1.236084e-01,-5.000000e-01,-7.071068e-01,-2.861921e-14,-4.998279e-01,-1.236084e-01,2.209588e-15
110.1,735.0,-5.000000e-01,-6.078435e-14,7.071068e-01,-4.998279e-01,2.520973e-15,1.236304e-01,-5.000000e-01,7.071068e-01,3.983338e-14,-4.998279e-01,1.236304e-01,1.873482e-15,-5.000000e-01,6.107068e-14,-7.071068e-01,-4.998279e-01,-1.572536e-15,-1.236304e-01,-5.000000e-01,-7.071068e-01,-3.948345e-14,-4.998279e-01,-1.236304e-01,-1.997750e-15
110.1,760.0,-5.000000e-01,3.905377e-14,7.071068e-01,-4.998280e-01,6.016392e-15,1.236525e-01,-5.000000e-01,7.071068e-01,3.944324e-14,-4.998280e-01,1.236525e-01,-5.675430e-15,-5.000000e-01,-3.897300e-14,-7.071068e-01,-4.998280e-01,-5.990142e-15,-1.236525e-01,-5.000000e-01,-7.071068e-01,-4.005342e-14,-4.998280e-01,-1.236525e-01,4.465284e-15
110.1,785.0,-5.000000e-01,-2.931737e-14,7.071068e-01,-4.998280e-01,5.825208e-16,1.236746e-01,-5.000000e-01,7.071068e-01,1.804055e-14,-4.998280e-01,1.236746e-01,-4.934972e-16,-5.000000e-01,2.874091e-14,-7.071068e-01,-4.998280e-01,-1.497073e-16,-1.236746e-01,-5.000000e-01,-7.071068e-01,-1.781065e-14,-4.998280e-01,-1.236746e-01,3.899950e-16
110.1,810.0,-5.000000e-01,1.807970e-14,7.071068e-01,-4.998280e-01,-4.067781e-15,1.236968e-01,-5.000000e-01,7.071068e-01,6.742707e-14,-4.998280e-01,1.236968e-01,2.166489e-15,-5.000000e-01,-1.741515e-14,-7.071068e-01,-4.998280e-01,3.918303e-15,-1.236968e-01,-5.000000e-01,-7.071068e-01,-6.734774e-14,-4.998280e-01,-1.236968e-01,-2.074985e-15
110.1,835.0,-5.000000e-01,2.698111e-14,7.071068e-01,-4.998281e-01,-2.434334e-14,1.237191e-01,-5.000000e-01,7.071068e-01,6.350226e-14,-4.998281e-01,1.237191e-01,3.055653e-15,-5.000000e-01,-2.673243e-14,-7.071068e-01,-4.998281e-01,2.464624e-14,-1.237191e-01,-5.000000e-01,-7.071068e-01,-6.415965e-14,-4.998281e-01,-1.237191e-01,-2.002542e-15
110.1,860.0,-5.000000e-01,2.636601e-14,7.071068e-01,-4.998281e-01,-1.243639e-14,1.237415e-01,-5.000000e-01,7.071068e-01,1.078864e-13,-4.998281e-01,1.237415e-01,3.093249e-15,-5.000000e-01,-2.444349e-14,-7.071068e-01,-4.998281e-01,1.320605e-14,-1.237415e-01,-5.000000e-01,-7.071068e-01,-1.092654e-13,-4.998281e-01,-1.237415e-01,-2.874758e-15
110.1,885.0,-5.000000e-01,-5.202378e-14,7.071068e-01,-4.998281e-01,2.108542e-15,1.237639e-01,-5.000000e-01,7.071068e-01,5.851441e-15,-4.998281e-01,1.237639e-01,-3.645240e-15,-5.000000e-01,5.260801e-14,-7.071068e-01,-4.998281e-01,-2.249130e-15,-1.237639e-01,-5.000000e-01,-7.071068e-01,-3.240545e-15,-4.998281e-01,-1.237639e-01,4.886671e-15
112.6,10.0,-5.000000e-01,1.318036e-15,7.071068e-01,-4.998300e-01,-1.762032e-14,1.251333e-01,-5.000000e-01,7.071068e-01,3.788453e-14,-4.998300e-01,1.251333e-01,-6.336686e-15,-5.000000e-01,-7.381000e-15,-7.071068e-01,-4.998300e-01,7.531973e-15,-1.251333e-01,-5.000000e-01,-7.071068e-01,-4.780685e-14,-4.998300e-01,-1.251333e-01,1.077989e-14
112.6,35.0,-5.000000e-01,8.913229e-15,7.071068e-01,-4.998300e-01,2.684290e-14,1.251529e-01,-5.000000e-01,7.071068e-01,-5.578582e-14,-4.998300e-01,1.251529e-01,-1.494557e-15,-5.000000e-01,-1.384951e-14,-7.071068e-01,-4.998300e-01,-1.268237e-14,-1.251529e-01,-5.000000e-01,-7.071068e-01,5.262371e-14,-4.998300e-01,-1.251529e-01,-1.720688e-15
112.6,60.0,-5.000000e-01,1.094481e-14,7.071068e-01,-4.998301e-01,4.228286e-15,1.251725e-01,-5.000000e-01,7.071068e-01,-3.025211e-14,-4.998301e-01,1.251725e-01,1.404425e-15,-5.000000e-01,-3.292342e-15,-7.071068e-01,-4.998301e-01,-2.828441e-15,-1.251725e-01,-5.000000e-01,-7.071068e-01,2.986791e-14,-4.998301e-01,-1.251725e-01,-2.169061e-15
112.6,85.0,-5.000000e-01,-6.353469e-14,7.071068e-01,-4.998301e-01,1.229567e-14,1.251922e-01,-5.000000e-01,7.071068e-01,-2.014438e-14,-4.998301e-01,1.251922e-01,1.213244e-15,-5.000000e-01,6.938513e-14,-7.071068e-01,-4.998301e-01,-5.289243e-15,-1.251922e-01,-5.000000e-01,-7.071068e-01,3.272329e-14,-4.998301e-01,-1.251922e-01,9.237130e-16
112.6,110.0,-5.000000e-01,-3.686595e-14,7.071068e-01,-4.998301e-01,5.206879e-14,1.252119e-01,-5.000000e-01,7.071068e-01,-7.645709e-14,-4.998301e-01,1.252119e-01,7.632374e-14,-5.000000e-01,6.699606e-14,-7.071068e-01,-4.998301e-01,-2.162935e-14,-1.252119e-01,-5.000000e-01,-7.071068e-01,7.174202e-14,-4.998301e-01,-1.252119e-01,-3.420032e-14
112.6,135.0,-5.000000e-01,2.997952e-14,7.071068e-01,-4.998302e-01,2.113897e-16,1.252317e-01,-5.000000e-01,7.071068e-01,-1.347407e-15,-4.998302e-01,1.252317e-01,-2.738596e-15,-5.000000e-01,-3.690540e-14,-7.071068e-01,-4.998302e-01,1.207521e-16,-1.252317e-01,-5.000000e-01,-7.071068e-01,-1.347407e-16,-4.998302e-01,-1.252317e-01,1.807664e-15
112.6,160.0,-5.000000e-01,1.911469e-14,7.071068e-01,-4.998302e-01,1.698258e-14,1.252515e-01,-5.000000e-01,7.071068e-01,-4.512138e-14,-4.998302e-01,1.252515e-01,3.923477e-15,-5.000000e-01,-1.845502e-14,-7.071068e-01,-4.998302e-01,-1.087327e-14,-1.252515e-01,-5.000000e-01,-7.071068e-01,3.804287e-14,-4.998302e-01,-1.252515e-01,-6.061532e-15
112.6,185.0,-5.000000e-01,4.934457e-14,7.071068e-01,-4.998302e-01,8.520870e-15,1.252715e-01,-5.000000e-01,7.071068e-01,2.534040e-15,-4.998302e-01,1.252715e-01,-3.018653e-15,-5.000000e-01,-6.311936e-14,-7.071068e-01,-4.998302e-01,-1.468804e-14,-1.252715e-01,-5.000000e-01,-7.071068e-01,4.151615e-15,-4.998302e-01,-1.252715e-01,2.937996e-15
112.6,210.0,-5.000000e-01,1.686686e-14,7.071068e-01,-4.998302e-01,-1.284936e-15,1.252914e-01,-5.000000e-01,7.071068e-01,3.956429e-15,-4.998302e-01,1.252914e-01,4.266415e-15,-5.000000e-01,-2.013598e-14,-7.071068e-01,-4.998302e-01,1.175154e-15,-1.252914e-01,-5.000000e-01,-7.071068e-01,-1.217911e-15,-4.998302e-01,-1.252914e-01,-3.395260e-15
112.6,235.0,-5.000000e-01,1.736314e-14,7.071068e-01,-4.998303e-01,3.721126e-14,1.253115e-01,-5.000000e-01,7.071068e-01,9.846068e-15,-4.998303e-01,1.253115e-01,3.719148e-14,-5.000000e-01,-6.288272e-15,-7.071068e-01,-4.998303e-01,-1.488209e-14,-1.253115e-01,-5.000000e-01,-7.071068e-01,-7.706906e-15,-4.998303e-01,-1.253115e-01,1.279474e-14
112.6,260.0,-5.000000e-01,2.531507e-14,7.071068e-01,-4.998303e-01,5.089453e-16,1.253316e-01,-5.000000e-01,7.071068e-01,2.380362e-16,-4.998303e-01,1.253316e-01,-1.678538e-15,-5.000000e-01,-3.981850e-14,-7.071068e-01,-4.998303e-01,-8.943322e-16,-1.253316e-01,-5.000000e-01,-7.071068e-01,-9.083944e-15,-4.998303e-01,-1.253316e-01,4.043962e-15
112.6,285.0,-5.000000e-01,-2.128686e-14,7.071068e-01,-4.998303e-01,1.670745e-14,1.253517e-01,-5.000000e-01,7.071068e-01,4.295134e-14,-4.998303e-01,1.253517e-01,4.016388e-15,-5.000000e-01,2.045419e-14,-7.071068e-01,-4.998303e-01,-1.007816e-14,-1.253517e-01,-5.000000e-01,-7.071068e-01,-2.443709e-14,-4.998303e-01,-1.253517e-01,-1.480131e-14
112.6,310.0,-5.000000e-01,1.247322e-14,7.071068e-01,-4.998304e-01,1.104206e-14,1.253719e-01,-5.000000e-01,7.071068e-01,3.312499e-14,-4.998304e-01,1.253719e-01,1.035987e-14,-5.000000e-01,-1.742924e-14,-7.071068e-01,-4.998304e-01,-4.843886e-15,-1.253719e-01,-5.000000e-01,-7.071068e-01,-1.474491e-14,-4.998304e-01,-1.253719e-01,-3.411572e-15
112.6,335.0,-5.000000e-01,-1.579907e-14,7.071068e-01,-4.998304e-01,-6.408635e-15,1.253922e-01,-5.000000e-01,7.071068e-01,-5.116201e-15,-4.998304e-01,1.253922e-01,5.277215e-14,-5.000000e-01,2.218419e-14,-7.071068e-01,-4.998304e-01,2.895212e-15,-1.253922e-01,-5.000000e-01,-7.071068e-01,6.342278e-15,-4.998304e-01,-1.253922e-01,-5.435710e-14
112.6,360.0,-5.000000e-01,1.191897e-14,7.071068e-01,-4.998304e-01,-3.537003e-15,1.254126e-01,-5.000000e-01,7.071068e-01,-9.043588e-16,-4.998304e-01,1.254126e-01,-2.544336e-15,-5.000000e-01,-1.006962e-14,-7.071068e-01,-4.998304e-01,2.396110e-15,-1.254126e-01,-5.000000e-01,-7.071068e-01,-3.140591e-14,-4.998304e-01,-1.254126e-01,1.506549e-15
112.6,385.0,-5.000000e-01,8.565270e-15,7.071068e-01,-4.998305e-01,-1.137458e-14,1.254330e-01,-5.000000e-01,7.071068e-01,-8.496200e-15,-4.998305e-01,1.254330e-01,-2.955401e-15,-5.000000e-01,-9.386222e-15,-7.071068e-01,-4.998305e-01,2.701821e-15,-1.254330e-01,-5.000000e-01,-7.071068e-01,-5.867144e-16,-4.998305e-01,-1.254330e-01,2.909505e-15
112.6,410.0,-5.000000e-01,-1.072703e-14,7.071068e-01,-4.998305e-01,1.454818e-14,1.254535e-01,-5.000000e-01,7.071068e-01,4.450610e-15,-4.998305e-01,1.254535e-01,-6.033991e-15,-5.000000e-01,-1.818485e-15,-7.071068e-01,-4.998305e-01,-8.749229e-15,-1.254535e-01,-5.000000e-01,-7.071068e-01,-2.351321e-14,-4.998305e-01,-1.254535e-01,-1.332333e-15
112.6,435.0,-5.000000e-01,2.416041e-13,7.071068e-01,-4.998305e-01,4.516029e-15,1.254740e-01,-5.000000e-01,7.071068e-01,3.438113e-13,-4.998305e-01,1.254740e-01,3.363509e-15,-5.000000e-01,-3.046333e-13,-7.071068e-01,-4.998305e-01,-5.260649e-15,-1.254740e-01,-5.000000e-01,-7.071068e-01,-3.403698e-13,-4.998305e-01,-1.254740e-01,-6.140246e-15
112.6,460.0,-5.000000e-01,-1.594210e-15,7.071068e-01,-4.998305e-01,1.268481e-14,1.254946e-01,-5.000000e-01,7.071068e-01,9.056114e-15,-4.998305e-01,1.254946e-01,-1.237483e-14,-5.000000e-01,2.999263e-16,-7.071068e-01,-4.998305e-01,-2.160021e-14,-1.254946e-01,-5.000000e-01,-7.071068e-01,-2.411514e-14,-4.998305e-01,-1.254946e-01,-1.044720e-14
112.6,485.0,-5.000000e-01,3.601957e-14,7.071068e-01,-4.998306e-01,-2.164647e-14,1.255153e-01,-5.000000e-01,7.071068e-01,2.385791e-14,-4.998306e-01,1.255153e-01,1.451394e-14,-5.000000e-01,-4.512452e-14,-7.071068e-01,-4.998306e-01,1.265355e-14,-1.255153e-01,-5.000000e-01,-7.071068e-01,-1.940114e-14,-4.998306e-01,-1.255153e-01,-1.789682e-14
112.6,510.0,-5.000000e-01,4.937277e-15,7.071068e-01,-4.998306e-01,4.330406e-14,1.255360e-01,-5.000000e-01,7.071068e-01,-5.198275e-15,-4.998306e-01,1.255360e-01,-5.972820e-15,-5.000000e-01,-4.659721e-15,-7.071068e-01,-4.998306e-01,-4.371111e-14,-1.255360e-01,-5.000000e-01,-7.071068e-01,6.088588e-15,-4.998306e-01,-1.255360e-01,5.349133e-15
112.6,535.0,-5.000000e-01,7.091507e-15,7.071068e-01,-4.998306e-01,-4.883993e-17,1.255568e-01,-5.000000e-01,7.071068e-01,1.726893e-14,-4.998306e-01,1.255568e-01,1.174760e-14,-5.000000e-01,-5.085327e-15,-7.071068e-01,-4.998306e-01,1.365788e-15,-1.255568e-01,-5.000000e-01,-7.071068e-01,-1.887534e-14,-4.998306e-01,-1.255568e-01,-1.093744e-14
112.6,560.0,-5.000000e-01,-1.676840e-15,7.071068e-01,-4.998307e-01,-7.620209e-16,1.255777e-01,-5.000000e-01,7.071068e-01,2.600483e-15,-4.998307e-01,1.255777e-01,1.452327e-15,-5.000000e-01,6.605733e-16,-7.071068e-01,-4.998307e-01,6.489039e-16,-1.255777e-01,-5.000000e-01,-7.071068e-01,-3.771942e-15,-4.998307e-01,-1.255777e-01,2.040339e-15
112.6,585.0,-5.000000e-01,-7.662140e-14,7.071068e-01,-4.998307e-01,2.371553e-14,1.255986e-01,-5.000000e-01,7.071068e-01,-1.670553e-14,-4.998307e-01,1.255986e-01,1.436939e-14,-5.000000e-01,7.715193e-14,-7.071068e-01,-4.998307e-01,-2.338757e-14,-1.255986e-01,-5.000000e-01,-7.071068e-01,1.618391e-14,-4.998307e-01,-1.255986e-01,-1.329268e-14
112.6,610.0,-5.000000e-01,3.275669e-14,7.071068e-01,-4.998307e-01,-1.347223e-14,1.256196e-01,-5.000000e-01,7.071068e-01,3.754884e-14,-4.998307e-01,1.256196e-01,2.342253e-15,-5.000000e-01,-3.519973e-14,-7.071068e-01,-4.998307e-01,1.369784e-14,-1.256196e-01,-5.000000e-01,-7.071068e-01,-3.183719e-14,-4.998307e-01,-1.256196e-01,-2.914661e-15
112.6,635.0,-5.000000e-01,2.139944e-14,7.071068e-01,-4.998308e-01,-2.337315e-15,1.256406e-01,-5.000000e-01,7.071068e-01,1.592926e-14,-4.998308e-01,1.256406e-01,-3.581882e-15,-5.000000e-01,-2.267251e-14,-7.071068e-01,-4.998308e-01,2.001468e-15,-1.256406e-01,-5.000000e-01,-7.071068e-01,-5.413583e-15,-4.998308e-01,-1.256406e-01,3.525031e-15
112.6,660.0,-5.000000e-01,5.772896e-14,7.071068e-01,-4.998308e-01,-4.002694e-15,1.256618e-01,-5.000000e-01,7.071068e-01,-4.251150e-14,-4.998308e-01,1.256618e-01,3.419963e-15,-5.000000e-01,-5.723939e-14,-7.071068e-01,-4.998308e-01,2.760150e-16,-1.256618e-01,-5.000000e-01,-7.071068e-01,4.133751e-14,-4.998308e-01,-1.256618e-01,-4.837544e-15
112.6,685.0,-5.000000e-01,2.186463e-15,7.071068e-01,-4.998308e-01,2.549118e-14,1.256829e-01,-5.000000e-01,7.071068e-01,-4.043886e-14,-4.998308e-01,1.256829e-01,4.750390e-15,-5.000000e-01,-2.243136e-15,-7.071068e-01,-4.998308e-01,-2.518566e-14,-1.256829e-01,-5.000000e-01,-7.071068e-01,4.194279e-14,-4.998308e-01,-1.256829e-01,-4.342593e-15
112.6,710.0,-5.000000e-01,-1.285377e-14,7.071068e-01,-4.998309e-01,1.895620e-15,1.257042e-01,-5.000000e-01,7.071068e-01,-8.946355e-15,-4.998309e-01,1.257042e-01,-3.449918e-15,-5.000000e-01,1.377924e-14,-7.071068e-01,-4.998309e-01,-1.337437e-15,-1.257042e-01,-5.000000e-01,-7.071068e-01,4.381888e-15,-4.998309e-01,-1.257042e-01,1.280618e-15
112.6,735.0,-5.000000e-01,-2.069324e-14,7.071068e-01,-4.998309e-01,-2.698254e-15,1.257255e-01,-5.000000e-01,7.071068e-01,-5.165600e-14,-4.998309e-01,1.257255e-01,2.350680e-15,-5.000000e-01,1.639916e-14,-7.071068e-01,-4.998309e-01,-4.338427e-15,-1.257255e-01,-5.000000e-01,-7.071068e-01,5.240261e-14,-4.998309e-01,-1.257255e-01,1.764388e-15
112.6,760.0,-5.000000e-01,-7.607900e-14,7.071068e-01,-4.998309e-01,2.202765e-15,1.257469e-01,-5.000000e-01,7.071068e-01,1.413044e-14,-4.998309e-01,1.257469e-01,3.613314e-16,-5.000000e-01,7.542657e-14,-7.071068e-01,-4.998309e-01,-8.487384e-16,-1.257469e-01,-5.000000e-01,-7.071068e-01,-1.128516e-14,-4.998309e-01,-1.257469e-01,-1.112278e-15
112.6,785.0,-5.000000e-01,-7.905486e-16,7.071068e-01,-4.998310e-01,4.556452e-17,1.257683e-01,-5.000000e-01,7.071068e-01,-1.716067e-14,-4.998310e-01,1.257683e-01,6.300519e-15,-5.000000e-01,1.888533e-15,-7.071068e-01,-4.998310e-01,6.529386e-16,-1.257683e-01,-5.000000e-01,-7.071068e-01,1.935664e-14,-4.998310e-01,-1.257683e-01,-5.599224e-15
112.6,810.0,-5.000000e-01,7.070608e-14,7.071068e-01,-4.998310e-01,8.074110e-15,1.257899e-01,-5.000000e-01,7.071068e-01,8.018326e-14,-4.998310e-01,1.257899e-01,7.504981e-15,-5.000000e-01,-7.029089e-14,-7.071068e-01,-4.998310e-01,-4.563596e-15,-1.257899e-01,-5.000000e-01,-7.071068e-01,-9.305503e-14,-4.998310e-01,-1.257899e-01,-7.766847e-15
112.6,835.0,-5.000000e-01,2.486611e-14,7.071068e-01,-4.998310e-01,-3.384315e-15,1.258115e-01,-5.000000e-01,7.071068e-01,-7.747821e-14,-4.998310e-01,1.258115e-01,-3.532384e-15,-5.000000e-01,-2.530778e-14,-7.071068e-01,-4.998310e-01,3.899669e-15,-1.258115e-01,-5.000000e-01,-7.071068e-01,7.828721e-14,-4.998310e-01,-1.258115e-01,3.222955e-15
112.6,860.0,-5.000000e-01,1.447590e-14,7.071068e-01,-4.998311e-01,1.440728e-15,1.258331e-01,-5.000000e-01,7.071068e-01,-1.117672e-15,-4.998311e-01,1.258331e-01,-5.549373e-16,-5.000000e-01,-1.461036e-14,-7.071068e-01,-4.998311e-01,-1.379482e-15,-1.258331e-01,-5.000000e-01,-7.071068e-01,9.192255e-16,-4.998311e-01,-1.258331e-01,1.269321e-15
112.6,885.0,-5.000000e-01,2.147730e-14,7.071068e-01,-4.998311e-01,-2.039499e-15,1.258548e-01,-5.000000e-01,7.071068e-01,2.497360e-14,-4.998311e-01,1.258548e-01,-2.889177e-15,-5.000000e-01,-2.172671e-14,-7.071068e-01,-4.998311e-01,1.750250e-15,-1.258548e-01,-5.000000e-01,-7.071068e-01,-2.184630e-14,-4.998311e-01,-1.258548e-01,2.813502e-15
115.1,10.0,-5.000000e-01,9.795993e-15,7.071068e-01,-4.998329e-01,8.928669e-15,1.272419e-01,-5.000000e-01,7.071068e-01,1.286514e-15,-4.998329e-01,1.272419e-01,-2.404141e-14,-5.000000e-01,1.947671e-15,-7.071068e-01,-4.998329e-01,-4.101179e-15,-1.272419e-01,-5.000000e-01,-7.071068e-01,4.636304e-15,-4.998329e-01,-1.272419e-01,2.631995e-14
115.1,35.0,-5.000000e-01,-1.272722e-14,7.071068e-01,-4.998329e-01,-1.309407e-14,1.272608e-01,-5.000000e-01,7.071068e-01,2.247824e-14,-4.998329e-01,1.272608e-01,3.458230e-14,-5.000000e-01,-2.700823e-15,-7.071068e-01,-4.998329e-01,4.962126e-15,-1.272608e-01,-5.000000e-01,-7.071068e-01,-4.014276e-14,-4.998329e-01,-1.272608e-01,-4.255402e-14
115.1,60.0,-5.000000e-01,-1.161066e-14,7.071068e-01,-4.998329e-01,-1.078359e-14,1.272798e-01,-5.000000e-01,7.071068e-01,-1.459860e-15,-4.998329e-01,1.272798e-01,-4.379033e-15,-5.000000e-01,1.533575e-14,-7.071068e-01,-4.998329e-01,9.229608e-15,-1.272798e-01,-5.000000e-01,-7.071068e-01,1.195630e-15,-4.998329e-01,-1.272798e-01,1.004305e-14
115.1,85.0,-5.000000e-01,-5.796408e-15,7.071068e-01,-4.998330e-01,6.537795e-15,1.272989e-01,-5.000000e-01,7.071068e-01,4.685267e-15,-4.998330e-01,1.272989e-01,6.677782e-15,-5.000000e-01,4.405942e-15,-7.071068e-01,-4.998330e-01,-2.064952e-15,-1.272989e-01,-5.000000e-01,-7.071068e-01,3.754777e-14,-4.998330e-01,-1.272989e-01,-3.389090e-15
115.1,110.0,-5.000000e-01,5.598495e-15,7.071068e-01,-4.998330e-01,4.675983e-16,1.273180e-01,-5.000000e-01,7.071068e-01,8.048201e-15,-4.998330e-01,1.273180e-01,8.809826e-15,-5.000000e-01,-8.908091e-15,-7.071068e-01,-4.998330e-01,4.984448e-17,-1.273180e-01,-5.000000e-01,-7.071068e-01,-1.857221e-14,-4.998330e-01,-1.273180e-01,-6.877706e-15
115.1,135.0,-5.000000e-01,9.412080e-15,7.071068e-01,-4.998330e-01,8.524170e-15,1.273371e-01,-5.000000e-01,7.071068e-01,2.711238e-14,-4.998330e-01,1.273371e-01,6.338703e-15,-5.000000e-01,-1.058859e-14,-7.071068e-01,-4.998330e-01,-4.404990e-15,-1.273371e-01,-5.000000e-01,-7.071068e-01,-2.259527e-15,-4.998330e-01,-1.273371e-01,-1.822570e-14
115.1,160.0,-5.000000e-01,3.525860e-14,7.071068e-01,-4.998331e-01,2.251593e-14,1.273564e-01,-5.000000e-01,7.071068e-01,-6.568080e-14,-4.998331e-01,1.273564e-01,1.048411e-14,-5.000000e-01,-3.415888e-14,-7.071068e-01,-4.998331e-01,-9.487096e-15,-1.273564e-01,-5.000000e-01,-7.071068e-01,3.471591e-14,-4.998331e-01,-1.273564e-01,-1.032839e-14
115.1,185.0,-5.000000e-01,-6.939357e-14,7.071068e-01,-4.998331e-01,6.212272e-16,1.273756e-01,-5.000000e-01,7.071068e-01,4.718849e-15,-4.998331e-01,1.273756e-01,-7.778066e-15,-5.000000e-01,8.067370e-14,-7.071068e-01,-4.998331e-01,6.700880e-17,-1.273756e-01,-5.000000e-01,-7.071068e-01,-2.133522e-15,-4.998331e-01,-1.273756e-01,1.021808e-14
115.1,210.0,-5.000000e-01,3.811556e-14,7.071068e-01,-4.998331e-01,9.119476e-15,1.273950e-01,-5.000000e-01,7.071068e-01,6.034485e-16,-4.998331e-01,1.273950e-01,-1.539653e-14,-5.000000e-01,-4.101437e-14,-7.071068e-01,-4.998331e-01,-4.099062e-15,-1.273950e-01,-5.000000e-01,-7.071068e-01,-1.279311e-15,-4.998331e-01,-1.273950e-01,2.591219e-14
115.1,235.0,-5.000000e-01,-5.119774e-14,7.071068e-01,-4.998331e-01,1.415459e-15,1.274144e-01,-5.000000e-01,7.071068e-01,1.585877e-14,-4.998331e-01,1.274144e-01,-4.063436e-15,-5.000000e-01,5.795444e-14,-7.071068e-01,-4.998331e-01,-4.401420e-15,-1.274144e-01,-5.000000e-01,-7.071068e-01,-1.998480e-14,-4.998331e-01,-1.274144e-01,-7.479624e-15
115.1,260.0,-5.000000e-01,8.602904e-14,7.071068e-01,-4.998332e-01,-4.003578e-16,1.274338e-01,-5.000000e-01,7.071068e-01,1.311975e-13,-4.998332e-01,1.274338e-01,2.568655e-15,-5.000000e-01,-1.121225e-13,-7.071068e-01,-4.998332e-01,-1.232374e-15,-1.274338e-01,-5.000000e-01,-7.071068e-01,-1.130171e-13,-4.998332e-01,-1.274338e-01,-1.060381e-15
115.1,285.0,-5.000000e-01,-3.512303e-14,7.071068e-01,-4.998332e-01,-6.874051e-15,1.274534e-01,-5.000000e-01,7.071068e-01,-4.302967e-15,-4.998332e-01,1.274534e-01,5.968994e-15,-5.000000e-01,4.461715e-14,-7.071068e-01,-4.998332e-01,4.134931e-15,-1.274534e-01,-5.000000e-01,-7.071068e-01,2.670705e-15,-4.998332e-01,-1.274534e-01,-2.070709e-16
115.1,310.0,-5.000000e-01,2.492551e-14,7.071068e-01,-4.998332e-01,1.471827e-14,1.274730e-01,-5.000000e-01,7.071068e-01,-1.512958e-14,-4.998332e-01,1.274730e-01,3.291196e-15,-5.000000e-01,-2.098107e-14,-7.071068e-01,-4.998332e-01,-9.191592e-15,-1.274730e-01,-5.000000e-01,-7.071068e-01,3.128649e-14,-4.998332e-01,-1.274730e-01,6.224442e-15
115.1,335.0,-5.000000e-01,2.701520e-14,7.071068e-01,-4.998333e-01,-3.689723e-15,1.274926e-01,-5.000000e-01,7.071068e-01,-2.024574e-14,-4.998333e-01,1.274926e-01,-9.311299e-15,-5.000000e-01,-2.894880e-14,-7.071068e-01,-4.998333e-01,2.565616e-15,-1.274926e-01,-5.000000e-01,-7.071068e-01,-4.590626e-15,-4.998333e-01,-1.274926e-01,1.003602e-14
115.1,360.0,-5.000000e-01,8.257530e-14,7.071068e-01,-4.998333e-01,-8.595575e-15,1.275123e-01,-5.000000e-01,7.071068e-01,2.545105e-14,-4.998333e-01,1.275123e-01,5.080341e-15,-5.000000e-01,-8.670145e-14,-7.071068e-01,-4.998333e-01,2.759456e-15,-1.275123e-01,-5.000000e-01,-7.071068e-01,-3.236774e-14,-4.998333e-01,-1.275123e-01,-5.808676e-15
115.1,385.0,-5.000000e-01,6.976472e-15,7.071068e-01,-4.998333e-01,2.420309e-14,1.275321e-01,-5.000000e-01,7.071068e-01,2.703379e-14,-4.998333e-01,1.275321e-01,4.880080e-15,-5.000000e-01,-1.501072e-14,-7.071068e-01,-4.998333e-01,-8.421079e-15,-1.275321e-01,-5.000000e-01,-7.071068e-01,-6.013306e-14,-4.998333e-01,-1.275321e-01,-6.681059e-16
115.1,410.0,-5.000000e-01,4.421222e-14,7.071068e-01,-4.998333e-01,1.941268e-14,1.275519e-01,-5.000000e-01,7.071068e-01,-4.833237e-14,-4.998333e-01,1.275519e-01,5.664682e-15,-5.000000e-01,-4.448981e-14,-7.071068e-01,-4.998333e-01,-8.480307e-15,-1.275519e-01,-5.000000e-01,-7.071068e-01,4.007332e-14,-4.998333e-01,-1.275519e-01,-6.698944e-15
115.1,435.0,-5.000000e-01,-3.174781e-15,7.071068e-01,-4.998334e-01,8.201031e-15,1.275718e-01,-5.000000e-01,7.071068e-01,2.399664e-14,-4.998334e-01,1.275718e-01,6.858709e-15,-5.000000e-01,-5.359667e-15,-7.071068e-01,-4.998334e-01,-1.940804e-14,-1.275718e-01,-5.000000e-01,-7.071068e-01,-2.982009e-14,-4.998334e-01,-1.275718e-01,-3.489441e-14
115.1,460.0,-5.000000e-01,-3.455768e-14,7.071068e-01,-4.998334e-01,1.334243e-14,1.275918e-01,-5.000000e-01,7.071068e-01,2.295555e-14,-4.998334e-01,1.275918e-01,-2.429748e-14,-5.000000e-01,2.542923e-14,-7.071068e-01,-4.998334e-01,-2.450471e-14,-1.275918e-01,-5.000000e-01,-7.071068e-01,-4.380584e-14,-4.998334e-01,-1.275918e-01,-1.641073e-14
115.1,485.0,-5.000000e-01,-5.526075e-15,7.071068e-01,-4.998334e-01,2.427649e-14,1.276118e-01,-5.000000e-01,7.071068e-01,-2.349221e-14,-4.998334e-01,1.276118e-01,-1.019009e-14,-5.000000e-01,2.998088e-15,-7.071068e-01,-4.998334e-01,-2.273243e-14,-1.276118e-01,-5.000000e-01,-7.071068e-01,1.139193e-14,-4.998334e-01,-1.276118e-01,-6.589984e-15
115.1,510.0,-5.000000e-01,-7.627277e-15,7.071068e-01,-4.998335e-01,1.817595e-14,1.276319e-01,-5.000000e-01,7.071068e-01,9.032720e-15,-4.998335e-01,1.276319e-01,9.909119e-16,-5.000000e-01,1.153149e-14,-7.071068e-01,-4.998335e-01,-1.177983e-14,-1.276319e-01,-5.000000e-01,-7.071068e-01,-8.555780e-15,-4.998335e-01,-1.276319e-01,-1.414676e-14
115.1,535.0,-5.000000e-01,-3.317662e-14,7.071068e-01,-4.998335e-01,1.709826e-14,1.276520e-01,-5.000000e-01,7.071068e-01,1.753955e-13,-4.998335e-01,1.276520e-01,2.478524e-14,-5.000000e-01,3.202798e-14,-7.071068e-01,-4.998335e-01,-1.767173e-14,-1.276520e-01,-5.000000e-01,-7.071068e-01,-1.736476e-13,-4.998335e-01,-1.276520e-01,-2.314655e-14
115.1,560.0,-5.000000e-01,-1.117571e-14,7.071068e-01,-4.998335e-01,-5.760706e-15,1.276722e-01,-5.000000e-01,7.071068e-01,-4.363507e-14,-4.998335e-01,1.276722e-01,4.855677e-15,-5.000000e-01,1.152720e-14,-7.071068e-01,-4.998335e-01,5.741939e-15,-1.276722e-01,-5.000000e-01,-7.071068e-01,4.308788e-14,-4.998335e-01,-1.276722e-01,-5.779570e-15
115.1,585.0,-5.000000e-01,6.781617e-14,7.071068e-01,-4.998335e-01,-1.198730e-15,1.276925e-01,-5.000000e-01,7.071068e-01,-2.409693e-14,-4.998335e-01,1.276925e-01,-8.503769e-15,-5.000000e-01,-6.856650e-14,-7.071068e-01,-4.998335e-01,8.470360e-16,-1.276925e-01,-5.000000e-01,-7.071068e-01,2.443754e-14,-4.998335e-01,-1.276925e-01,8.461820e-15
115.1,610.0,-5.000000e-01,1.592715e-14,7.071068e-01,-4.998336e-01,6.191422e-16,1.277128e-01,-5.000000e-01,7.071068e-01,-1.396360e-14,-4.998336e-01,1.277128e-01,2.508873e-14,-5.000000e-01,-1.618584e-14,-7.071068e-01,-4.998336e-01,-1.167476e-15,-1.277128e-01,-5.000000e-01,-7.071068e-01,1.347008e-14,-4.998336e-01,-1.277128e-01,-2.586798e-14
115.1,635.0,-5.000000e-01,-9.149572e-15,7.071068e-01,-4.998336e-01,4.783307e-15,1.277332e-01,-5.000000e-01,7.071068e-01,4.046320e-14,-4.998336e-01,1.277332e-01,2.179195e-15,-5.000000e-01,1.088357e-14,-7.071068e-01,-4.998336e-01,-4.701545e-15,-1.277332e-01,-5.000000e-01,-7.071068e-01,-4.093454e-14,-4.998336e-01,-1.277332e-01,-2.441708e-15
115.1,660.0,-5.000000e-01,-5.584506e-14,7.071068e-01,-4.998336e-01,-2.139351e-15,1.277536e-01,-5.000000e-01,7.071068e-01,4.004967e-14,-4.998336e-01,1.277536e-01,-1.919240e-15,-5.000000e-01,5.298659e-14,-7.071068e-01,-4.998336e-01,2.075701e-15,-1.277536e-01,-5.000000e-01,-7.071068e-01,-4.196232e-14,-4.998336e-01,-1.277536e-01,1.894903e-15
115.1,685.0,-5.000000e-01,5.658200e-14,7.071068e-01,-4.998337e-01,-5.556999e-16,1.277742e-01,-5.000000e-01,7.071068e-01,-1.606889e-13,-4.998337e-01,1.277742e-01,-1.912939e-14,-5.000000e-01,-5.425068e-14,-7.071068e-01,-4.998337e-01,6.103699e-16,-1.277742e-01,-5.000000e-01,-7.071068e-01,1.592792e-13,-4.998337e-01,-1.277742e-01,1.923192e-14
115.1,710.0,-5.000000e-01,3.332939e-14,7.071068e-01,-4.998337e-01,-6.103339e-15,1.277948e-01,-5.000000e-01,7.071068e-01,1.284702e-14,-4.998337e-01,1.277948e-01,-3.336785e-15,-5.000000e-01,-3.565043e-14,-7.071068e-01,-4.998337e-01,5.671339e-15,-1.277948e-01,-5.000000e-01,-7.071068e-01,-1.215514e-14,-4.998337e-01,-1.277948e-01,2.864624e-15
115.1,735.0,-5.000000e-01,-2.375196e-14,7.071068e-01,-4.998337e-01,-2.583328e-14,1.278154e-01,-5.000000e-01,7.071068e-01,-1.444819e-13,-4.998337e-01,1.278154e-01,-1.000937e-14,-5.000000e-01,2.476389e-14,-7.071068e-01,-4.998337e-01,2.578469e-14,-1.278154e-01,-5.000000e-01,-7.071068e-01,1.435720e-13,-4.998337e-01,-1.278154e-01,1.146298e-14
115.1,760.0,-5.000000e-01,1.809096e-14,7.071068e-01,-4.998337e-01,2.500850e-17,1.278361e-01,-5.000000e-01,7.071068e-01,-8.190435e-15,-4.998337e-01,1.278361e-01,-1.035345e-14,-5.000000e-01,-1.820595e-14,-7.071068e-01,-4.998337e-01,-3.200794e-16,-1.278361e-01,-5.000000e-01,-7.071068e-01,7.204152e-15,-4.998337e-01,-1.278361e-01,1.057395e-14
115.1,785.0,-5.000000e-01,-5.311411e-14,7.071068e-01,-4.998338e-01,1.027545e-15,1.278569e-01,-5.000000e-01,7.071068e-01,5.162889e-14,-4.998338e-01,1.278569e-01,-1.851079e-14,-5.000000e-01,5.657184e-14,-7.071068e-01,-4.998338e-01,-9.721487e-16,-1.278569e-01,-5.000000e-01,-7.071068e-01,-4.940978e-14,-4.998338e-01,-1.278569e-01,1.875107e-14
115.1,810.0,-5.000000e-01,8.440342e-15,7.071068e-01,-4.998338e-01,-3.611135e-15,1.278777e-01,-5.000000e-01,7.071068e-01,2.863823e-14,-4.998338e-01,1.278777e-01,2.122398e-15,-5.000000e-01,-7.143825e-15,-7.071068e-01,-4.998338e-01,3.600517e-15,-1.278777e-01,-5.000000e-01,-7.071068e-01,-2.787223e-14,-4.998338e-01,-1.278777e-01,-1.457185e-15
115.1,835.0,-5.000000e-01,-4.635289e-14,7.071068e-01,-4.998338e-01,-6.429612e-15,1.278986e-01,-5.000000e-01,7.071068e-01,7.885286e-14,-4.998338e-01,1.278986e-01,1.467417e-15,-5.000000e-01,4.528659e-14,-7.071068e-01,-4.998338e-01,6.290517e-15,-1.278986e-01,-5.000000e-01,-7.071068e-01,-7.887523e-14,-4.998338e-01,-1.278986e-01,-1.409304e-15
115.1,860.0,-5.000000e-01,-4.477535e-14,7.071068e-01,-4.998339e-01,-2.786033e-15,1.279196e-01,-5.000000e-01,7.071068e-01,2.784856e-14,-4.998339e-01,1.279196e-01,8.243575e-16,-5.000000e-01,4.600991e-14,-7.071068e-01,-4.998339e-01,5.790847e-15,-1.279196e-01,-5.000000e-01,-7.071068e-01,-2.355632e-14,-4.998339e-01,-1.279196e-01,-2.660679e-15
115.1,885.0,-5.000000e-01,-1.249712e-14,7.071068e-01,-4.998339e-01,5.337569e-15,1.279407e-01,-5.000000e-01,7.071068e-01,-3.396013e-16,-4.998339e-01,1.279407e-01,4.392085e-16,-5.000000e-01,9.677114e-15,-7.071068e-01,-4.998339e-01,-5.370931e-15,-1.279407e-01,-5.000000e-01,-7.071068e-01,1.546270e-15,-4.998339e-01,-1.279407e-01,-7.178534e-16
117.6,10.0,-5.000000e-01,-1.194879e-13,7.071068e-01,-4.998356e-01,-5.420465e-15,1.293438e-01,-5.000000e-01,7.071068e-01,-1.714875e-14,-4.998356e-01,1.293438e-01,2.054322e-14,-5.000000e-01,1.300202e-13,-7.071068e-01,-4.998356e-01,3.472492e-15,-1.293438e-01,-5.000000e-01,-7.071068e-01,1.386915e-14,-4.998356e-01,-1.293438e-01,-2.410116e-14
117.6,35.0,-5.000000e-01,1.720798e-13,7.071068e-01,-4.998357e-01,1.171510e-14,1.293622e-01,-5.000000e-01,7.071068e-01,2.369679e-13,-4.998357e-01,1.293622e-01,2.704400e-15,-5.000000e-01,-2.151425e-13,-7.071068e-01,-4.998357e-01,-4.203586e-14,-1.293622e-01,-5.000000e-01,-7.071068e-01,-2.248843e-13,-4.998357e-01,-1.293622e-01,-2.578307e-15
117.6,60.0,-5.000000e-01,-8.721873e-15,7.071068e-01,-4.998357e-01,-1.378565e-14,1.293806e-01,-5.000000e-01,7.071068e-01,1.352824e-14,-4.998357e-01,1.293806e-01,5.285748e-14,-5.000000e-01,4.587932e-15,-7.071068e-01,-4.998357e-01,5.199167e-15,-1.293806e-01,-5.000000e-01,-7.071068e-01,-2.423900e-14,-4.998357e-01,-1.293806e-01,-5.085501e-14
117.6,85.0,-5.000000e-01,3.345445e-15,7.071068e-01,-4.998357e-01,-3.208489e-14,1.293990e-01,-5.000000e-01,7.071068e-01,-1.754480e-15,-4.998357e-01,1.293990e-01,-2.086392e-15,-5.000000e-01,-7.243856e-15,-7.071068e-01,-4.998357e-01,1.625806e-14,-1.293990e-01,-5.000000e-01,-7.071068e-01,9.074469e-16,-4.998357e-01,-1.293990e-01,3.780991e-15
117.6,110.0,-5.000000e-01,1.043118e-14,7.071068e-01,-4.998357e-01,3.385962e-15,1.294175e-01,-5.000000e-01,7.071068e-01,-1.971445e-14,-4.998357e-01,1.294175e-01,2.379371e-15,-5.000000e-01,-9.139638e-15,-7.071068e-01,-4.998357e-01,-2.152455e-15,-1.294175e-01,-5.000000e-01,-7.071068e-01,7.653210e-15,-4.998357e-01,-1.294175e-01,-6.087207e-16
117.6,135.0,-5.000000e-01,4.630126e-14,7.071068e-01,-4.998358e-01,7.411185e-15,1.294361e-01,-5.000000e-01,7.071068e-01,-8.124778e-15,-4.998358e-01,1.294361e-01,-4.137803e-14,-5.000000e-01,-5.588911e-14,-7.071068e-01,-4.998358e-01,-3.720006e-15,-1.294361e-01,-5.000000e-01,-7.071068e-01,1.992739e-14,-4.998358e-01,-1.294361e-01,4.370676e-14
117.6,160.0,-5.000000e-01,-9.871237e-14,7.071068e-01,-4.998358e-01,3.011000e-15,1.294547e-01,-5.000000e-01,7.071068e-01,-4.451722e-14,-4.998358e-01,1.294547e-01,4.212620e-14,-5.000000e-01,1.076271e-13,-7.071068e-01,-4.998358e-01,-3.889440e-15,-1.294547e-01,-5.000000e-01,-7.071068e-01,1.443363e-14,-4.998358e-01,-1.294547e-01,3.462988e-14
117.6,185.0,-5.000000e-01,1.398449e-15,7.071068e-01,-4.998358e-01,9.665831e-15,1.294733e-01,-5.000000e-01,7.071068e-01,8.433656e-15,-4.998358e-01,1.294733e-01,-2.336897e-14,-5.000000e-01,-9.169635e-16,-7.071068e-01,-4.998358e-01,-3.774520e-15,-1.294733e-01,-5.000000e-01,-7.071068e-01,1.304967e-14,-4.998358e-01,-1.294733e-01,2.437523e-14
117.6,210.0,-5.000000e-01,2.337810e-14,7.071068e-01,-4.998358e-01,8.323000e-15,1.294921e-01,-5.000000e-01,7.071068e-01,-1.529713e-14,-4.998358e-01,1.294921e-01,-7.283066e-15,-5.000000e-01,-2.148258e-14,-7.071068e-01,-4.998358e-01,-3.436766e-15,-1.294921e-01,-5.000000e-01,-7.071068e-01,1.516567e-14,-4.998358e-01,-1.294921e-01,6.014861e-15
117.6,235.0,-5.000000e-01,-1.466858e-14,7.071068e-01,-4.998359e-01,7.783705e-15,1.295109e-01,-5.000000e-01,7.071068e-01,2.081465e-14,-4.998359e-01,1.295109e-01,-3.947775e-14,-5.000000e-01,1.228890e-14,-7.071068e-01,-4.998359e-01,-3.936920e-15,-1.295109e-01,-5.000000e-01,-7.071068e-01,-4.461893e-14,-4.998359e-01,-1.295109e-01,3.603111e-14
117.6,260.0,-5.000000e-01,1.055959e-14,7.071068e-01,-4.998359e-01,-1.643582e-14,1.295297e-01,-5.000000e-01,7.071068e-01,3.266565e-14,-4.998359e-01,1.295297e-01,-1.916801e-14,-5.000000e-01,-3.079713e-15,-7.071068e-01,-4.998359e-01,7.590765e-15,-1.295297e-01,-5.000000e-01,-7.071068e-01,-3.160929e-14,-4.998359e-01,-1.295297e-01,1.558771e-14
117.6,285.0,-5.000000e-01,6.277111e-15,7.071068e-01,-4.998359e-01,9.503972e-15,1.295486e-01,-5.000000e-01,7.071068e-01,8.024741e-15,-4.998359e-01,1.295486e-01,-9.921419e-15,-5.000000e-01,-8.632589e-15,-7.071068e-01,-4.998359e-01,-3.449397e-15,-1.295486e-01,-5.000000e-01,-7.071068e-01,4.135051e-15,-4.998359e-01,-1.295486e-01,9.947629e-15
117.6,310.0,-5.000000e-01,-1.858865e-16,7.071068e-01,-4.998360e-01,-5.264406e-15,1.295676e-01,-5.000000e-01,7.071068e-01,-5.141637e-15,-4.998360e-01,1.295676e-01,-7.563917e-16,-5.000000e-01,2.299702e-15,-7.071068e-01,-4.998360e-01,2.892109e-15,-1.295676e-01,-5.000000e-01,-7.071068e-01,1.198508e-14,-4.998360e-01,-1.295676e-01,-1.325311e-15
117.6,335.0,-5.000000e-01,3.756210e-14,7.071068e-01,-4.998360e-01,9.189530e-15,1.295866e-01,-5.000000e-01,7.071068e-01,-2.919591e-15,-4.998360e-01,1.295866e-01,-4.274954e-15,-5.000000e-01,-4.205897e-14,-7.071068e-01,-4.998360e-01,-4.643101e-15,-1.295866e-01,-5.000000e-01,-7.071068e-01,1.065622e-14,-4.998360e-01,-1.295866e-01,8.975787e-15
117.6,360.0,-5.000000e-01,1.838276e-14,7.071068e-01,-4.998360e-01,1.003360e-14,1.296057e-01,-5.000000e-01,7.071068e-01,-1.422623e-14,-4.998360e-01,1.296057e-01,-3.949752e-15,-5.000000e-01,-1.554154e-14,-7.071068e-01,-4.998360e-01,-4.124456e-15,-1.296057e-01,-5.000000e-01,-7.071068e-01,-5.338173e-15,-4.998360e-01,-1.296057e-01,3.383854e-15
117.6,385.0,-5.000000e-01,-7.363773e-15,7.071068e-01,-4.998360e-01,-4.485482e-15,1.296248e-01,-5.000000e-01,7.071068e-01,3.495253e-14,-4.998360e-01,1.296248e-01,-2.093914e-14,-5.000000e-01,-6.497447e-16,-7.071068e-01,-4.998360e-01,-2.501968e-15,-1.296248e-01,-5.000000e-01,-7.071068e-01,-3.179719e-14,-4.998360e-01,-1.296248e-01,5.438103e-15
117.6,410.0,-5.000000e-01,-2.462584e-14,7.071068e-01,-4.998361e-01,-1.452764e-14,1.296440e-01,-5.000000e-01,7.071068e-01,8.564549e-14,-4.998361e-01,1.296440e-01,-1.722296e-14,-5.000000e-01,2.225936e-14,-7.071068e-01,-4.998361e-01,7.674760e-15,-1.296440e-01,-5.000000e-01,-7.071068e-01,-7.440751e-14,-4.998361e-01,-1.296440e-01,1.354163e-14
117.6,435.0,-5.000000e-01,-2.570883e-13,7.071068e-01,-4.998361e-01,-3.752509e-15,1.296633e-01,-5.000000e-01,7.071068e-01,-3.951978e-13,-4.998361e-01,1.296633e-01,-8.184422e-15,-5.000000e-01,3.237326e-13,-7.071068e-01,-4.998361e-01,4.520563e-15,-1.296633e-01,-5.000000e-01,-7.071068e-01,3.324689e-13,-4.998361e-01,-1.296633e-01,1.811091e-15
117.6,460.0,-5.000000e-01,4.071427e-14,7.071068e-01,-4.998361e-01,8.469878e-15,1.296826e-01,-5.000000e-01,7.071068e-01,-3.508261e-16,-4.998361e-01,1.296826e-01,-8.736258e-15,-5.000000e-01,-4.236862e-14,-7.071068e-01,-4.998361e-01,-3.938229e-15,-1.296826e-01,-5.000000e-01,-7.071068e-01,-2.182139e-14,-4.998361e-01,-1.296826e-01,4.875891e-15
117.6,485.0,-5.000000e-01,-3.108402e-14,7.071068e-01,-4.998361e-01,1.288576e-14,1.297020e-01,-5.000000e-01,7.071068e-01,-2.051034e-14,-4.998361e-01,1.297020e-01,-2.541892e-16,-5.000000e-01,3.173613e-14,-7.071068e-01,-4.998361e-01,-1.102392e-14,-1.297020e-01,-5.000000e-01,-7.071068e-01,-4.108642e-15,-4.998361e-01,-1.297020e-01,-1.772210e-15
117.6,510.0,-5.000000e-01,-7.546504e-14,7.071068e-01,-4.998362e-01,1.155122e-14,1.297214e-01,-5.000000e-01,7.071068e-01,-3.169279e-14,-4.998362e-01,1.297214e-01,8.121381e-15,-5.000000e-01,9.729879e-14,-7.071068e-01,-4.998362e-01,-3.207612e-15,-1.297214e-01,-5.000000e-01,-7.071068e-01,3.791431e-14,-4.998362e-01,-1.297214e-01,-9.689144e-15
117.6,535.0,-5.000000e-01,-6.154384e-14,7.071068e-01,-4.998362e-01,8.361381e-15,1.297410e-01,-5.000000e-01,7.071068e-01,4.809282e-15,-4.998362e-01,1.297410e-01,3.298939e-15,-5.000000e-01,7.047675e-14,-7.071068e-01,-4.998362e-01,-5.564889e-15,-1.297410e-01,-5.000000e-01,-7.071068e-01,1.510331e-14,-4.998362e-01,-1.297410e-01,1.791843e-15
117.6,560.0,-5.000000e-01,6.284219e-14,7.071068e-01,-4.998362e-01,-6.996801e-15,1.297605e-01,-5.000000e-01,7.071068e-01,-5.528529e-14,-4.998362e-01,1.297605e-01,7.570040e-16,-5.000000e-01,-6.786424e-14,-7.071068e-01,-4.998362e-01,-1.304952e-14,-1.297605e-01,-5.000000e-01,-7.071068e-01,3.817779e-14,-4.998362e-01,-1.297605e-01,1.825947e-14
117.6,585.0,-5.000000e-01,-6.494282e-14,7.071068e-01,-4.998363e-01,3.422591e-15,1.297801e-01,-5.000000e-01,7.071068e-01,-2.522993e-15,-4.998363e-01,1.297801e-01,2.108745e-14,-5.000000e-01,7.388643e-14,-7.071068e-01,-4.998363e-01,-1.392320e-15,-1.297801e-01,-5.000000e-01,-7.071068e-01,1.840331e-14,-4.998363e-01,-1.297801e-01,-2.131158e-14
117.6,610.0,-5.000000e-01,3.203299e-14,7.071068e-01,-4.998363e-01,-1.938048e-15,1.297998e-01,-5.000000e-01,7.071068e-01,8.447334e-15,-4.998363e-01,1.297998e-01,-2.795330e-14,-5.000000e-01,-2.980630e-14,-7.071068e-01,-4.998363e-01,2.327575e-15,-1.297998e-01,-5.000000e-01,-7.071068e-01,-3.794141e-15,-4.998363e-01,-1.297998e-01,2.728092e-14
117.6,635.0,-5.000000e-01,-3.167514e-17,7.071068e-01,-4.998363e-01,1.177209e-14,1.298196e-01,-5.000000e-01,7.071068e-01,-5.663453e-14,-4.998363e-01,1.298196e-01,5.271493e-15,-5.000000e-01,-4.456904e-16,-7.071068e-01,-4.998363e-01,-1.206463e-14,-1.298196e-01,-5.000000e-01,-7.071068e-01,5.795965e-14,-4.998363e-01,-1.298196e-01,-5.392142e-15
117.6,660.0,-5.000000e-01,2.749136e-14,7.071068e-01,-4.998363e-01,1.930331e-15,1.298394e-01,-5.000000e-01,7.071068e-01,-2.148297e-14,-4.998363e-01,1.298394e-01,4.517063e-15,-5.000000e-01,-2.652740e-14,-7.071068e-01,-4.998363e-01,-2.170324e-15,-1.298394e-01,-5.000000e-01,-7.071068e-01,2.320335e-14,-4.998363e-01,-1.298394e-01,-4.059428e-15
117.6,685.0,-5.000000e-01,8.339066e-15,7.071068e-01,-4.998364e-01,1.226705e-14,1.298593e-01,-5.000000e-01,7.071068e-01,-1.464592e-14,-4.998364e-01,1.298593e-01,-5.823191e-15,-5.000000e-01,-8.433112e-15,-7.071068e-01,-4.998364e-01,-1.267590e-14,-1.298593e-01,-5.000000e-01,-7.071068e-01,1.403628e-14,-4.998364e-01,-1.298593e-01,6.542825e-15
117.6,710.0,-5.000000e-01,1.838793e-14,7.071068e-01,-4.998364e-01,4.331532e-16,1.298792e-01,-5.000000e-01,7.071068e-01,2.817701e-16,-4.998364e-01,1.298792e-01,-1.939314e-15,-5.000000e-01,-1.820936e-14,-7.071068e-01,-4.998364e-01,-1.013313e-16,-1.298792e-01,-5.000000e-01,-7.071068e-01,5.028514e-15,-4.998364e-01,-1.298792e-01,2.589781e-15
117.6,735.0,-5.000000e-01,-3.759441e-16,7.071068e-01,-4.998364e-01,3.974903e-15,1.298992e-01,-5.000000e-01,7.071068e-01,1.924364e-14,-4.998364e-01,1.298992e-01,-1.771143e-14,-5.000000e-01,-1.118779e-16,-7.071068e-01,-4.998364e-01,-4.219529e-15,-1.298992e-01,-5.000000e-01,-7.071068e-01,-2.468599e-14,-4.998364e-01,-1.298992e-01,1.731274e-14
117.6,760.0,-5.000000e-01,8.883458e-15,7.071068e-01,-4.998365e-01,-1.071894e-15,1.299193e-01,-5.000000e-01,7.071068e-01,-6.259610e-14,-4.998365e-01,1.299193e-01,-3.850548e-18,-5.000000e-01,-7.490713e-15,-7.071068e-01,-4.998365e-01,7.908545e-16,-1.299193e-01,-5.000000e-01,-7.071068e-01,6.608513e-14,-4.998365e-01,-1.299193e-01,1.893366e-16
117.6,785.0,-5.000000e-01,-8.614557e-15,7.071068e-01,-4.998365e-01,-5.884912e-15,1.299394e-01,-5.000000e-01,7.071068e-01,6.369552e-15,-4.998365e-01,1.299394e-01,-7.626050e-15,-5.000000e-01,8.947387e-15,-7.071068e-01,-4.998365e-01,5.930822e-15,-1.299394e-01,-5.000000e-01,-7.071068e-01,-5.715893e-15,-4.998365e-01,-1.299394e-01,6.738324e-15
117.6,810.0,-5.000000e-01,5.468392e-14,7.071068e-01,-4.998365e-01,-4.789245e-15,1.299596e-01,-5.000000e-01,7.071068e-01,2.453879e-14,-4.998365e-01,1.299596e-01,-8.496406e-15,-5.000000e-01,-5.380868e-14,-7.071068e-01,-4.998365e-01,5.295842e-15,-1.299596e-01,-5.000000e-01,-7.071068e-01,-2.303860e-14,-4.998365e-01,-1.299596e-01,8.765832e-15
117.6,835.0,-5.000000e-01,6.261976e-15,7.071068e-01,-4.998365e-01,-2.691239e-15,1.299798e-01,-5.000000e-01,7.071068e-01,2.083168e-14,-4.998365e-01,1.299798e-01,6.707414e-15,-5.000000e-01,-5.144152e-15,-7.071068e-01,-4.998365e-01,2.833770e-15,-1.299798e-01,-5.000000e-01,-7.071068e-01,-2.407584e-14,-4.998365e-01,-1.299798e-01,-6.360592e-15
117.6,860.0,-5.000000e-01,9.444290e-14,7.071068e-01,-4.998366e-01,-3.783081e-15,1.300002e-01,-5.000000e-01,7.071068e-01,5.102682e-14,-4.998366e-01,1.300002e-01,-6.526795e-15,-5.000000e-01,-9.364107e-14,-7.071068e-01,-4.998366e-01,3.946199e-15,-1.300002e-01,-5.000000e-01,-7.071068e-01,-5.326646e-14,-4.998366e-01,-1.300002e-01,5.888381e-15
117.6,885.0,-5.000000e-01,5.927747e-15,7.071068e-01,-4.998366e-01,1.004060e-14,1.300205e-01,-5.000000e-01,7.071068e-01,-4.832398e-14,-4.998366e-01,1.300205e-01,1.884403e-15,-5.000000e-01,-4.418601e-15,-7.071068e-01,-4.998366e-01,-1.028465e-14,-1.300205e-01,-5.000000e-01,-7.071068e-01,4.592481e-14,-4.998366e-01,-1.300205e-01,-1.647983e-15
120.1,10.0,-5.000000e-01,5.657154e-14,7.071068e-01,-4.998383e-01,-2.061428e-15,1.314384e-01,-5.000000e-01,7.071068e-01,1.103435e-14,-4.998383e-01,1.314384e-01,-4.695615e-15,-5.000000e-01,-5.842700e-14,-7.071068e-01,-4.998383e-01,1.619653e-15,-1.314384e-01,-5.000000e-01,-7.071068e-01,-1.441797e-14,-4.998383e-01,-1.314384e-01,5.547738e-15
120.1,35.0,-5.000000e-01,-4.607884e-15,7.071068e-01,-4.998383e-01,4.416162e-15,1.314562e-01,-5.000000e-01,7.071068e-01,2.776941e-14,-4.998383e-01,1.314562e-01,-3.458414e-16,-5.000000e-01,1.798701e-15,-7.071068e-01,-4.998383e-01,-2.072666e-15,-1.314562e-01,-5.000000e-01,-7.071068e-01,-1.742235e-14,-4.998383e-01,-1.314562e-01,-4.714658e-15
120.1,60.0,-5.000000e-01,-4.797310e-15,7.071068e-01,-4.998383e-01,1.112455e-15,1.314740e-01,-5.000000e-01,7.071068e-01,-1.821443e-14,-4.998383e-01,1.314740e-01,2.038212e-15,-5.000000e-01,2.619472e-15,-7.071068e-01,-4.998383e-01,1.248604e-15,-1.314740e-01,-5.000000e-01,-7.071068e-01,-1.242180e-14,-4.998383e-01,-1.314740e-01,4.605494e-16
120.1,85.0,-5.000000e-01,1.318588e-14,7.071068e-01,-4.998383e-01,1.022573e-14,1.314918e-01,-5.000000e-01,7.071068e-01,2.039088e-14,-4.998383e-01,1.314918e-01,-3.581930e-14,-5.000000e-01,-1.158250e-14,-7.071068e-01,-4.998383e-01,-1.942271e-14,-1.314918e-01,-5.000000e-01,-7.071068e-01,-1.157100e-14,-4.998383e-01,-1.314918e-01,-2.651115e-14
120.1,110.0,-5.000000e-01,3.916245e-15,7.071068e-01,-4.998384e-01,-5.493460e-15,1.315097e-01,-5.000000e-01,7.071068e-01,3.402554e-15,-4.998384e-01,1.315097e-01,-8.421434e-15,-5.000000e-01,4.501585e-15,-7.071068e-01,-4.998384e-01,2.476916e-15,-1.315097e-01,-5.000000e-01,-7.071068e-01,-4.174736e-15,-4.998384e-01,-1.315097e-01,6.810748e-15
120.1,135.0,-5.000000e-01,-6.518140e-17,7.071068e-01,-4.998384e-01,2.421476e-15,1.315277e-01,-5.000000e-01,7.071068e-01,-8.341495e-15,-4.998384e-01,1.315277e-01,-1.129617e-14,-5.000000e-01,3.338486e-15,-7.071068e-01,-4.998384e-01,-1.310537e-15,-1.315277e-01,-5.000000e-01,-7.071068e-01,8.927626e-16,-4.998384e-01,-1.315277e-01,8.459263e-15
120.1,160.0,-5.000000e-01,-2.261102e-14,7.071068e-01,-4.998384e-01,1.928903e-14,1.315457e-01,-5.000000e-01,7.071068e-01,5.562344e-14,-4.998384e-01,1.315457e-01,1.064312e-14,-5.000000e-01,2.124514e-14,-7.071068e-01,-4.998384e-01,-3.679043e-14,-1.315457e-01,-5.000000e-01,-7.071068e-01,-5.099904e-14,-4.998384e-01,-1.315457e-01,1.023332e-14
120.1,185.0,-5.000000e-01,-2.570163e-14,7.071068e-01,-4.998384e-01,-2.323116e-15,1.315638e-01,-5.000000e-01,7.071068e-01,-8.989988e-15,-4.998384e-01,1.315638e-01,-1.435579e-14,-5.000000e-01,3.529285e-14,-7.071068e-01,-4.998384e-01,-2.665520e-16,-1.315638e-01,-5.000000e-01,-7.071068e-01,-8.758162e-15,-4.998384e-01,-1.315638e-01,7.894706e-15
120.1,210.0,-5.000000e-01,-8.805553e-15,7.071068e-01,-4.998385e-01,6.162789e-15,1.315819e-01,-5.000000e-01,7.071068e-01,8.974781e-15,-4.998385e-01,1.315819e-01,5.023326e-15,-5.000000e-01,1.312601e-14,-7.071068e-01,-4.998385e-01,-2.652597e-15,-1.315819e-01,-5.000000e-01,-7.071068e-01,4.516541e-16,-4.998385e-01,-1.315819e-01,-1.087966e-14
120.1,235.0,-5.000000e-01,1.502485e-14,7.071068e-01,-4.998385e-01,-2.732981e-15,1.316001e-01,-5.000000e-01,7.071068e-01,-8.374738e-15,-4.998385e-01,1.316001e-01,5.990254e-15,-5.000000e-01,-8.895845e-15,-7.071068e-01,-4.998385e-01,-1.264051e-15,-1.316001e-01,-5.000000e-01,-7.071068e-01,2.394568e-14,-4.998385e-01,-1.316001e-01,-7.356424e-16
120.1,260.0,-5.000000e-01,-2.146861e-14,7.071068e-01,-4.998385e-01,2.125446e-14,1.316184e-01,-5.000000e-01,7.071068e-01,-9.800380e-15,-4.998385e-01,1.316184e-01,-5.009145e-15,-5.000000e-01,1.841188e-14,-7.071068e-01,-4.998385e-01,-3.385848e-14,-1.316184e-01,-5.000000e-01,-7.071068e-01,-7.242110e-16,-4.998385e-01,-1.316184e-01,-3.429475e-15
120.1,285.0,-5.000000e-01,-1.969987e-14,7.071068e-01,-4.998385e-01,7.311638e-15,1.316367e-01,-5.000000e-01,7.071068e-01,-1.240424e-14,-4.998385e-01,1.316367e-01,-4.782457e-14,-5.000000e-01,7.643966e-15,-7.071068e-01,-4.998385e-01,-3.589075e-16,-1.316367e-01,-5.000000e-01,-7.071068e-01,-3.994926e-17,-4.998385e-01,-1.316367e-01,1.381644e-14
120.1,310.0,-5.000000e-01,1.507421e-14,7.071068e-01,-4.998386e-01,-1.774878e-14,1.316550e-01,-5.000000e-01,7.071068e-01,2.757031e-14,-4.998386e-01,1.316550e-01,9.546844e-15,-5.000000e-01,-2.436919e-14,-7.071068e-01,-4.998386e-01,5.821030e-15,-1.316550e-01,-5.000000e-01,-7.071068e-01,-2.163166e-14,-4.998386e-01,-1.316550e-01,-6.902446e-15
120.1,335.0,-5.000000e-01,-3.189835e-14,7.071068e-01,-4.998386e-01,-1.046457e-14,1.316735e-01,-5.000000e-01,7.071068e-01,2.278197e-14,-4.998386e-01,1.316735e-01,1.193369e-14,-5.000000e-01,2.762818e-14,-7.071068e-01,-4.998386e-01,4.859162e-15,-1.316735e-01,-5.000000e-01,-7.071068e-01,-4.151436e-14,-4.998386e-01,-1.316735e-01,-9.911144e-15
120.1,360.0,-5.000000e-01,9.777750e-16,7.071068e-01,-4.998386e-01,9.070259e-15,1.316919e-01,-5.000000e-01,7.071068e-01,-8.240284e-15,-4.998386e-01,1.316919e-01,-7.569642e-15,-5.000000e-01,1.006606e-15,-7.071068e-01,-4.998386e-01,-3.439563e-15,-1.316919e-01,-5.000000e-01,-7.071068e-01,3.046921e-14,-4.998386e-01,-1.316919e-01,6.762997e-15
120.1,385.0,-5.000000e-01,7.748009e-15,7.071068e-01,-4.998386e-01,1.498148e-14,1.317105e-01,-5.000000e-01,7.071068e-01,-2.318244e-14,-4.998386e-01,1.317105e-01,-1.826068e-14,-5.000000e-01,-4.656019e-15,-7.071068e-01,-4.998386e-01,-6.300347e-15,-1.317105e-01,-5.000000e-01,-7.071068e-01,9.125466e-15,-4.998386e-01,-1.317105e-01,1.760363e-14
120.1,410.0,-5.000000e-01,3.556755e-14,7.071068e-01,-4.998387e-01,1.115209e-14,1.317291e-01,-5.000000e-01,7.071068e-01,-7.166038e-15,-4.998387e-01,1.317291e-01,-1.396643e-14,-5.000000e-01,-3.617144e-14,-7.071068e-01,-4.998387e-01,-4.891474e-15,-1.317291e-01,-5.000000e-01,-7.071068e-01,3.065233e-14,-4.998387e-01,-1.317291e-01,1.729739e-14
120.1,435.0,-5.000000e-01,5.799005e-14,7.071068e-01,-4.998387e-01,2.179574e-14,1.317477e-01,-5.000000e-01,7.071068e-01,-6.663263e-14,-4.998387e-01,1.317477e-01,8.286399e-15,-5.000000e-01,-6.863300e-14,-7.071068e-01,-4.998387e-01,-9.553157e-15,-1.317477e-01,-5.000000e-01,-7.071068e-01,4.358077e-14,-4.998387e-01,-1.317477e-01,-1.342625e-14
120.1,460.0,-5.000000e-01,-6.987721e-14,7.071068e-01,-4.998387e-01,-2.110882e-14,1.317664e-01,-5.000000e-01,7.071068e-01,2.674711e-14,-4.998387e-01,1.317664e-01,5.179001e-15,-5.000000e-01,8.613296e-14,-7.071068e-01,-4.998387e-01,1.483322e-14,-1.317664e-01,-5.000000e-01,-7.071068e-01,-1.409977e-14,-4.998387e-01,-1.317664e-01,-6.272950e-15
120.1,485.0,-5.000000e-01,1.820037e-14,7.071068e-01,-4.998387e-01,4.522936e-15,1.317852e-01,-5.000000e-01,7.071068e-01,-1.453773e-14,-4.998387e-01,1.317852e-01,-1.918684e-15,-5.000000e-01,-2.149691e-14,-7.071068e-01,-4.998387e-01,-1.277306e-15,-1.317852e-01,-5.000000e-01,-7.071068e-01,4.963441e-15,-4.998387e-01,-1.317852e-01,-2.961905e-16
120.1,510.0,-5.000000e-01,1.732466e-14,7.071068e-01,-4.998388e-01,-1.386958e-14,1.318040e-01,-5.000000e-01,7.071068e-01,5.825823e-14,-4.998388e-01,1.318040e-01,-3.900392e-14,-5.000000e-01,-2.639446e-14,-7.071068e-01,-4.998388e-01,8.941782e-15,-1.318040e-01,-5.000000e-01,-7.071068e-01,-2.684926e-14,-4.998388e-01,-1.318040e-01,4.064427e-14
120.1,535.0,-5.000000e-01,2.270530e-15,7.071068e-01,-4.998388e-01,2.945800e-14,1.318229e-01,-5.000000e-01,7.071068e-01,-1.414468e-14,-4.998388e-01,1.318229e-01,-3.880170e-15,-5.000000e-01,-6.611452e-15,-7.071068e-01,-4.998388e-01,-2.339444e-14,-1.318229e-01,-5.000000e-01,-7.071068e-01,2.348890e-14,-4.998388e-01,-1.318229e-01,-7.938002e-16
120.1,560.0,-5.000000e-01,1.157965e-15,7.071068e-01,-4.998388e-01,-1.074970e-14,1.318419e-01,-5.000000e-01,7.071068e-01,2.450611e-14,-4.998388e-01,1.318419e-01,1.241904e-14,-5.000000e-01,-1.902371e-15,-7.071068e-01,-4.998388e-01,4.518977e-15,-1.318419e-01,-5.000000e-01,-7.071068e-01,-2.927580e-14,-4.998388e-01,-1.318419e-01,-1.732769e-14
120.1,585.0,-5.000000e-01,-7.362005e-15,7.071068e-01,-4.998389e-01,5.867964e-16,1.318609e-01,-5.000000e-01,7.071068e-01,-4.978420e-14,-4.998389e-01,1.318609e-01,8.832480e-15,-5.000000e-01,1.928835e-14,-7.071068e-01,-4.998389e-01,3.875078e-14,-1.318609e-01,-5.000000e-01,-7.071068e-01,8.380630e-14,-4.998389e-01,-1.318609e-01,-2.852196e-15
120.1,610.0,-5.000000e-01,1.054615e-14,7.071068e-01,-4.998389e-01,-1.066561e-15,1.318799e-01,-5.000000e-01,7.071068e-01,-1.821694e-15,-4.998389e-01,1.318799e-01,-3.275405e-15,-5.000000e-01,-1.443020e-14,-7.071068e-01,-4.998389e-01,2.172158e-15,-1.318799e-01,-5.000000e-01,-7.071068e-01,-1.537870e-14,-4.998389e-01,-1.318799e-01,2.317787e-15
120.1,635.0,-5.000000e-01,4.785627e-14,7.071068e-01,-4.998389e-01,7.608449e-15,1.318990e-01,-5.000000e-01,7.071068e-01,5.384014e-15,-4.998389e-01,1.318990e-01,3.008623e-14,-5.000000e-01,-5.446405e-14,-7.071068e-01,-4.998389e-01,-1.869085e-14,-1.318990e-01,-5.000000e-01,-7.071068e-01,-4.143458e-15,-4.998389e-01,-1.318990e-01,3.860692e-14
120.1,660.0,-5.000000e-01,2.922948e-15,7.071068e-01,-4.998389e-01,1.091985e-14,1.319182e-01,-5.000000e-01,7.071068e-01,-7.756579e-15,-4.998389e-01,1.319182e-01,-4.497418e-14,-5.000000e-01,4.276165e-15,-7.071068e-01,-4.998389e-01,-4.354105e-15,-1.319182e-01,-5.000000e-01,-7.071068e-01,5.603072e-15,-4.998389e-01,-1.319182e-01,4.146329e-14
120.1,685.0,-5.000000e-01,2.220012e-14,7.071068e-01,-4.998390e-01,8.582260e-15,1.319375e-01,-5.000000e-01,7.071068e-01,2.093333e-14,-4.998390e-01,1.319375e-01,-4.714718e-15,-5.000000e-01,-2.267711e-14,-7.071068e-01,-4.998390e-01,-1.011420e-14,-1.319375e-01,-5.000000e-01,-7.071068e-01,-2.096193e-14,-4.998390e-01,-1.319375e-01,1.518031e-15
120.1,710.0,-5.000000e-01,2.124637e-17,7.071068e-01,-4.998390e-01,1.551150e-14,1.319568e-01,-5.000000e-01,7.071068e-01,3.748247e-14,-4.998390e-01,1.319568e-01,-3.066441e-15,-5.000000e-01,-5.237306e-15,-7.071068e-01,-4.998390e-01,-1.575873e-14,-1.319568e-01,-5.000000e-01,-7.071068e-01,-3.913020e-14,-4.998390e-01,-1.319568e-01,2.344694e-15
120.1,735.0,-5.000000e-01,-1.892456e-15,7.071068e-01,-4.998390e-01,-1.565250e-15,1.319762e-01,-5.000000e-01,7.071068e-01,-2.137169e-15,-4.998390e-01,1.319762e-01,3.630356e-14,-5.000000e-01,-1.655363e-16,-7.071068e-01,-4.998390e-01,1.564461e-15,-1.319762e-01,-5.000000e-01,-7.071068e-01,4.310438e-15,-4.998390e-01,-1.319762e-01,-3.633007e-14
120.1,760.0,-5.000000e-01,-1.112204e-13,7.071068e-01,-4.998390e-01,1.912286e-14,1.319956e-01,-5.000000e-01,7.071068e-01,-7.707740e-14,-4.998390e-01,1.319956e-01,4.364385e-14,-5.000000e-01,1.104497e-13,-7.071068e-01,-4.998390e-01,-1.931998e-14,-1.319956e-01,-5.000000e-01,-7.071068e-01,8.199380e-14,-4.998390e-01,-1.319956e-01,-4.252606e-14
120.1,785.0,-5.000000e-01,-1.582391e-16,7.071068e-01,-4.998391e-01,1.629964e-14,1.320151e-01,-5.000000e-01,7.071068e-01,1.049259e-13,-4.998391e-01,1.320151e-01,-1.880686e-15,-5.000000e-01,-4.150736e-16,-7.071068e-01,-4.998391e-01,-1.621075e-14,-1.320151e-01,-5.000000e-01,-7.071068e-01,-1.033694e-13,-4.998391e-01,-1.320151e-01,2.361817e-15
120.1,810.0,-5.000000e-01,-5.800744e-14,7.071068e-01,-4.998391e-01,-4.413628e-15,1.320346e-01,-5.000000e-01,7.071068e-01,-6.298875e-14,-4.998391e-01,1.320346e-01,-2.484579e-15,-5.000000e-01,6.537106e-14,-7.071068e-01,-4.998391e-01,4.590254e-15,-1.320346e-01,-5.000000e-01,-7.071068e-01,6.394699e-14,-4.998391e-01,-1.320346e-01,1.777837e-15
120.1,835.0,-5.000000e-01,-8.002201e-16,7.071068e-01,-4.998391e-01,-1.446452e-15,1.320543e-01,-5.000000e-01,7.071068e-01,-1.364315e-14,-4.998391e-01,1.320543e-01,-1.424381e-14,-5.000000e-01,-1.241721e-15,-7.071068e-01,-4.998391e-01,1.166193e-15,-1.320543e-01,-5.000000e-01,-7.071068e-01,1.637730e-14,-4.998391e-01,-1.320543e-01,1.447691e-14
120.1,860.0,-5.000000e-01,5.870597e-14,7.071068e-01,-4.998391e-01,1.368524e-14,1.320739e-01,-5.000000e-01,7.071068e-01,-1.264361e-13,-4.998391e-01,1.320739e-01,-2.536682e-14,-5.000000e-01,-6.044151e-14,-7.071068e-01,-4.998391e-01,-1.387259e-14,-1.320739e-01,-5.000000e-01,-7.071068e-01,1.354897e-13,-4.998391e-01,-1.320739e-01,2.512393e-14
120.1,885.0,-5.000000e-01,-1.960886e-13,7.071068e-01,-4.998392e-01,-1.685482e-15,1.320937e-01,-5.000000e-01,7.071068e-01,1.644016e-14,-4.998392e-01,1.320937e-01,3.477027e-16,-5.000000e-01,1.991098e-13,-7.071068e-01,-4.998392e-01,2.086816e-15,-1.320937e-01,-5.000000e-01,-7.071068e-01,-1.909971e-14,-4.998392e-01,-1.320937e-01,-1.026185e-15
122.6,10.0,-5.000000e-01,1.230655e-14,7.071068e-01,-4.998408e-01,5.462480e-15,1.335250e-01,-5.000000e-01,7.071068e-01,1.612282e-14,-4.998408e-01,1.335250e-01,-7.547885e-15,-5.000000e-01,-1.379183e-14,-7.071068e-01,-4.998408e-01,-2.908565e-15,-1.335250e-01,-5.000000e-01,-7.071068e-01,-3.339415e-14,-4.998408e-01,-1.335250e-01,9.307327e-15
122.6,35.0,-5.000000e-01,-1.243049e-14,7.071068e-01,-4.998408e-01,-3.312664e-15,1.335421e-01,-5.000000e-01,7.071068e-01,8.368042e-15,-4.998408e-01,1.335421e-01,1.953820e-14,-5.000000e-01,2.803792e-14,-7.071068e-01,-4.998408e-01,9.723445e-16,-1.335421e-01,-5.000000e-01,-7.071068e-01,-3.846589e-15,-4.998408e-01,-1.335421e-01,-2.222694e-14
122.6,60.0,-5.000000e-01,2.155733e-14,7.071068e-01,-4.998408e-01,9.824857e-15,1.335593e-01,-5.000000e-01,7.071068e-01,-1.483590e-14,-4.998408e-01,1.335593e-01,1.232925e-15,-5.000000e-01,-2.043868e-14,-7.071068e-01,-4.998408e-01,-5.237203e-15,-1.335593e-01,-5.000000e-01,-7.071068e-01,1.190611e-14,-4.998408e-01,-1.335593e-01,1.747069e-15
122.6,85.0,-5.000000e-01,8.837156e-15,7.071068e-01,-4.998409e-01,-1.342908e-15,1.335766e-01,-5.000000e-01,7.071068e-01,-2.149273e-14,-4.998409e-01,1.335766e-01,-1.372565e-14,-5.000000e-01,-1.135269e-14,-7.071068e-01,-4.998409e-01,-3.037792e-15,-1.335766e-01,-5.000000e-01,-7.071068e-01,1.289642e-14,-4.998409e-01,-1.335766e-01,7.980413e-15
122.6,110.0,-5.000000e-01,3.067384e-14,7.071068e-01,-4.998409e-01,1.031293e-14,1.335940e-01,-5.000000e-01,7.071068e-01,1.877226e-15,-4.998409e-01,1.335940e-01,8.053937e-15,-5.000000e-01,-4.195615e-14,-7.071068e-01,-4.998409e-01,-4.429876e-15,-1.335940e-01,-5.000000e-01,-7.071068e-01,1.050857e-14,-4.998409e-01,-1.335940e-01,-1.236629e-15
122.6,135.0,-5.000000e-01,2.363370e-14,7.071068e-01,-4.998409e-01,-1.108987e-14,1.336113e-01,-5.000000e-01,7.071068e-01,-7.742604e-15,-4.998409e-01,1.336113e-01,-3.465353e-14,-5.000000e-01,-1.733396e-14,-7.071068e-01,-4.998409e-01,1.076529e-14,-1.336113e-01,-5.000000e-01,-7.071068e-01,1.359090e-14,-4.998409e-01,-1.336113e-01,2.524554e-14
122.6,160.0,-5.000000e-01,-1.200361e-14,7.071068e-01,-4.998409e-01,9.166536e-15,1.336288e-01,-5.000000e-01,7.071068e-01,9.789996e-15,-4.998409e-01,1.336288e-01,3.269464e-15,-5.000000e-01,1.541342e-14,-7.071068e-01,-4.998409e-01,-9.671940e-16,-1.336288e-01,-5.000000e-01,-7.071068e-01,3.621888e-14,-4.998409e-01,-1.336288e-01,1.127372e-15
122.6,185.0,-5.000000e-01,-3.493486e-15,7.071068e-01,-4.998410e-01,1.977138e-15,1.336463e-01,-5.000000e-01,7.071068e-01,-3.152281e-14,-4.998410e-01,1.336463e-01,-8.908266e-15,-5.000000e-01,-4.549774e-16,-7.071068e-01,-4.998410e-01,1.196822e-15,-1.336463e-01,-5.000000e-01,-7.071068e-01,-1.261191e-14,-4.998410e-01,-1.336463e-01,3.669238e-15
122.6,210.0,-5.000000e-01,1.386888e-14,7.071068e-01,-4.998410e-01,2.868779e-15,1.336638e-01,-5.000000e-01,7.071068e-01,6.238174e-15,-4.998410e-01,1.336638e-01,-5.884302e-15,-5.000000e-01,-1.788100e-14,-7.071068e-01,-4.998410e-01,-1.694176e-15,-1.336638e-01,-5.000000e-01,-7.071068e-01,-1.652602e-14,-4.998410e-01,-1.336638e-01,6.866938e-15
122.6,235.0,-5.000000e-01,1.001445e-14,7.071068e-01,-4.998410e-01,1.285201e-15,1.336814e-01,-5.000000e-01,7.071068e-01,7.263328e-16,-4.998410e-01,1.336814e-01,1.595111e-15,-5.000000e-01,-1.019514e-14,-7.071068e-01,-4.998410e-01,2.276406e-15,-1.336814e-01,-5.000000e-01,-7.071068e-01,1.180760e-14,-4.998410e-01,-1.336814e-01,-8.068780e-16
122.6,260.0,-5.000000e-01,-2.812485e-14,7.071068e-01,-4.998410e-01,-2.849734e-15,1.336991e-01,-5.000000e-01,7.071068e-01,-1.318872e-14,-4.998410e-01,1.336991e-01,-2.793050e-14,-5.000000e-01,4.191146e-14,-7.071068e-01,-4.998410e-01,5.728234e-15,-1.336991e-01,-5.000000e-01,-7.071068e-01,1.545714e-14,-4.998410e-01,-1.336991e-01,-3.002922e-14
122.6,285.0,-5.000000e-01,9.269813e-15,7.071068e-01,-4.998411e-01,-4.654917e-15,1.337168e-01,-5.000000e-01,7.071068e-01,-2.798871e-15,-4.998411e-01,1.337168e-01,7.081106e-15,-5.000000e-01,-2.793386e-15,-7.071068e-01,-4.998411e-01,1.833152e-15,-1.337168e-01,-5.000000e-01,-7.071068e-01,1.555732e-14,-4.998411e-01,-1.337168e-01,-1.093442e-14
122.6,310.0,-5.000000e-01,-1.311250e-14,7.071068e-01,-4.998411e-01,-1.365179e-14,1.337346e-01,-5.000000e-01,7.071068e-01,1.821074e-14,-4.998411e-01,1.337346e-01,-1.035046e-15,-5.000000e-01,1.113470e-14,-7.071068e-01,-4.998411e-01,5.648925e-15,-1.337346e-01,-5.000000e-01,-7.071068e-01,1.471926e-15,-4.998411e-01,-1.337346e-01,-1.229632e-15
122.6,335.0,-5.000000e-01,-7.513966e-14,7.071068e-01,-4.998411e-01,1.285236e-14,1.337524e-01,-5.000000e-01,7.071068e-01,1.779567e-14,-4.998411e-01,1.337524e-01,1.048732e-16,-5.000000e-01,9.004076e-14,-7.071068e-01,-4.998411e-01,-7.234377e-15,-1.337524e-01,-5.000000e-01,-7.071068e-01,-1.732234e-14,-4.998411e-01,-1.337524e-01,-3.182839e-15
122.6,360.0,-5.000000e-01,1.501077e-14,7.071068e-01,-4.998411e-01,3.799756e-15,1.337703e-01,-5.000000e-01,7.071068e-01,-9.376840e-15,-4.998411e-01,1.337703e-01,1.232604e-14,-5.000000e-01,-2.165172e-14,-7.071068e-01,-4.998411e-01,-1.056837e-14,-1.337703e-01,-5.000000e-01,-7.071068e-01,1.047204e-14,-4.998411e-01,-1.337703e-01,1.192938e-14
122.6,385.0,-5.000000e-01,-7.717333e-15,7.071068e-01,-4.998411e-01,-1.592564e-15,1.337883e-01,-5.000000e-01,7.071068e-01,1.141869e-14,-4.998411e-01,1.337883e-01,-1.703544e-14,-5.000000e-01,8.695366e-15,-7.071068e-01,-4.998411e-01,-4.933655e-16,-1.337883e-01,-5.000000e-01,-7.071068e-01,9.754882e-15,-4.998411e-01,-1.337883e-01,1.958826e-14
122.6,410.0,-5.000000e-01,-3.141009e-14,7.071068e-01,-4.998412e-01,-1.542047e-14,1.338063e-01,-5.000000e-01,7.071068e-01,2.220703e-14,-4.998412e-01,1.338063e-01,1.888430e-14,-5.000000e-01,2.928943e-14,-7.071068e-01,-4.998412e-01,6.632962e-15,-1.338063e-01,-5.000000e-01,-7.071068e-01,-2.264151e-14,-4.998412e-01,-1.338063e-01,-7.199785e-15
122.6,435.0,-5.000000e-01,-7.542122e-14,7.071068e-01,-4.998412e-01,-8.813496e-15,1.338243e-01,-5.000000e-01,7.071068e-01,3.039948e-14,-4.998412e-01,1.338243e-01,1.927966e-14,-5.000000e-01,7.527837e-14,-7.071068e-01,-4.998412e-01,3.283095e-15,-1.338243e-01,-5.000000e-01,-7.071068e-01,-1.604251e-14,-4.998412e-01,-1.338243e-01,-5.879979e-15
122.6,460.0,-5.000000e-01,9.536425e-15,7.071068e-01,-4.998412e-01,1.955492e-15,1.338424e-01,-5.000000e-01,7.071068e-01,-1.413192e-14,-4.998412e-01,1.338424e-01,-3.007097e-14,-5.000000e-01,-6.224750e-16,-7.071068e-01,-4.998412e-01,1.849214e-16,-1.338424e-01,-5.000000e-01,-7.071068e-01,8.058574e-15,-4.998412e-01,-1.338424e-01,2.250252e-14
122.6,485.0,-5.000000e-01,-3.419766e-14,7.071068e-01,-4.998412e-01,-1.348113e-14,1.338606e-01,-5.000000e-01,7.071068e-01,-5.698357e-14,-4.998412e-01,1.338606e-01,2.064024e-14,-5.000000e-01,4.926832e-14,-7.071068e-01,-4.998412e-01,1.268780e-14,-1.338606e-01,-5.000000e-01,-7.071068e-01,4.744002e-14,-4.998412e-01,-1.338606e-01,-1.641379e-14
122.6,510.0,-5.000000e-01,3.594339e-14,7.071068e-01,-4.998413e-01,1.495161e-14,1.338788e-01,-5.000000e-01,7.071068e-01,-3.566967e-14,-4.998413e-01,1.338788e-01,-2.467206e-14,-5.000000e-01,-3.639436e-14,-7.071068e-01,-4.998413e-01,-7.137805e-15,-1.338788e-01,-5.000000e-01,-7.071068e-01,3.324702e-14,-4.998413e-01,-1.338788e-01,2.704924e-14
122.6,535.0,-5.000000e-01,2.020835e-14,7.071068e-01,-4.998413e-01,3.331036e-14,1.338971e-01,-5.000000e-01,7.071068e-01,1.134918e-14,-4.998413e-01,1.338971e-01,-2.062519e-15,-5.000000e-01,-2.922202e-14,-7.071068e-01,-4.998413e-01,-2.740028e-14,-1.338971e-01,-5.000000e-01,-7.071068e-01,-2.058465e-14,-4.998413e-01,-1.338971e-01,5.921756e-15
122.6,560.0,-5.000000e-01,-2.064548e-14,7.071068e-01,-4.998413e-01,3.179316e-16,1.339155e-01,-5.000000e-01,7.071068e-01,6.088828e-15,-4.998413e-01,1.339155e-01,3.981507e-15,-5.000000e-01,1.879420e-14,-7.071068e-01,-4.998413e-01,-1.295783e-15,-1.339155e-01,-5.000000e-01,-7.071068e-01,1.579007e-14,-4.998413e-01,-1.339155e-01,4.277534e-15
122.6,585.0,-5.000000e-01,-2.763238e-14,7.071068e-01,-4.998413e-01,1.422686e-15,1.339339e-01,-5.000000e-01,7.071068e-01,-1.293478e-14,-4.998413e-01,1.339339e-01,-2.120362e-14,-5.000000e-01,3.592432e-14,-7.071068e-01,-4.998413e-01,-9.080737e-16,-1.339339e-01,-5.000000e-01,-7.071068e-01,-1.016652e-14,-4.998413e-01,-1.339339e-01,1.137302e-14
122.6,610.0,-5.000000e-01,9.116579e-15,7.071068e-01,-4.998414e-01,9.301883e-15,1.339523e-01,-5.000000e-01,7.071068e-01,-9.842214e-15,-4.998414e-01,1.339523e-01,7.451357e-15,-5.000000e-01,-3.878791e-15,-7.071068e-01,-4.998414e-01,-3.313648e-15,-1.339523e-01,-5.000000e-01,-7.071068e-01,1.153773e-14,-4.998414e-01,-1.339523e-01,-7.039769e-15
122.6,635.0,-5.000000e-01,3.145740e-14,7.071068e-01,-4.998414e-01,-8.217614e-15,1.339708e-01,-5.000000e-01,7.071068e-01,-3.564278e-15,-4.998414e-01,1.339708e-01,-1.470763e-15,-5.000000e-01,-3.522447e-14,-7.071068e-01,-4.998414e-01,4.955319e-15,-1.339708e-01,-5.000000e-01,-7.071068e-01,-7.181380e-15,-4.998414e-01,-1.339708e-01,6.282428e-15
122.6,660.0,-5.000000e-01,5.117126e-15,7.071068e-01,-4.998414e-01,6.616546e-15,1.339894e-01,-5.000000e-01,7.071068e-01,1.549218e-14,-4.998414e-01,1.339894e-01,3.847177e-15,-5.000000e-01,-7.270808e-15,-7.071068e-01,-4.998414e-01,-5.368065e-15,-1.339894e-01,-5.000000e-01,-7.071068e-01,-1.165129e-14,-4.998414e-01,-1.339894e-01,7.876412e-15
122.6,685.0,-5.000000e-01,2.434994e-14,7.071068e-01,-4.998414e-01,1.623706e-14,1.340080e-01,-5.000000e-01,7.071068e-01,-1.272985e-14,-4.998414e-01,1.340080e-01,-4.853467e-14,-5.000000e-01,-2.298330e-14,-7.071068e-01,-4.998414e-01,-5.142600e-15,-1.340080e-01,-5.000000e-01,-7.071068e-01,2.327701e-14,-4.998414e-01,-1.340080e-01,4.245810e-14
122.6,710.0,-5.000000e-01,-3.715962e-14,7.071068e-01,-4.998415e-01,-4.462157e-15,1.340267e-01,-5.000000e-01,7.071068e-01,1.307604e-14,-4.998415e-01,1.340267e-01,-7.528016e-15,-5.000000e-01,3.608030e-14,-7.071068e-01,-4.998415e-01,4.647759e-15,-1.340267e-01,-5.000000e-01,-7.071068e-01,-1.182054e-14,-4.998415e-01,-1.340267e-01,6.032068e-15
122.6,735.0,-5.000000e-01,-3.874767e-14,7.071068e-01,-4.998415e-01,2.814251e-15,1.340455e-01,-5.000000e-01,7.071068e-01,9.650249e-14,-4.998415e-01,1.340455e-01,4.060493e-14,-5.000000e-01,3.986295e-14,-7.071068e-01,-4.998415e-01,-3.099838e-15,-1.340455e-01,-5.000000e-01,-7.071068e-01,-9.741409e-14,-4.998415e-01,-1.340455e-01,-4.150833e-14
122.6,760.0,-5.000000e-01,-7.628753e-14,7.071068e-01,-4.998415e-01,-4.884276e-15,1.340643e-01,-5.000000e-01,7.071068e-01,1.402355e-14,-4.998415e-01,1.340643e-01,-3.549927e-14,-5.000000e-01,7.439211e-14,-7.071068e-01,-4.998415e-01,5.631071e-15,-1.340643e-01,-5.000000e-01,-7.071068e-01,-1.460330e-14,-4.998415e-01,-1.340643e-01,3.719945e-14
122.6,785.0,-5.000000e-01,-1.279236e-14,7.071068e-01,-4.998415e-01,1.772388e-14,1.340832e-01,-5.000000e-01,7.071068e-01,2.098573e-14,-4.998415e-01,1.340832e-01,-1.278992e-14,-5.000000e-01,1.409957e-14,-7.071068e-01,-4.998415e-01,-1.835408e-14,-1.340832e-01,-5.000000e-01,-7.071068e-01,-1.719273e-14,-4.998415e-01,-1.340832e-01,1.354150e-14
122.6,810.0,-5.000000e-01,1.076002e-14,7.071068e-01,-4.998416e-01,-4.060638e-15,1.341021e-01,-5.000000e-01,7.071068e-01,1.660849e-14,-4.998416e-01,1.341021e-01,-3.095323e-14,-5.000000e-01,-9.927353e-15,-7.071068e-01,-4.998416e-01,4.269783e-15,-1.341021e-01,-5.000000e-01,-7.071068e-01,-1.665842e-14,-4.998416e-01,-1.341021e-01,3.262919e-14
122.6,835.0,-5.000000e-01,-4.927868e-14,7.071068e-01,-4.998416e-01,6.623246e-15,1.341211e-01,-5.000000e-01,7.071068e-01,-2.221983e-14,-4.998416e-01,1.341211e-01,1.421857e-15,-5.000000e-01,4.836993e-14,-7.071068e-01,-4.998416e-01,-6.348935e-15,-1.341211e-01,-5.000000e-01,-7.071068e-01,2.329294e-14,-4.998416e-01,-1.341211e-01,-1.204911e-15
122.6,860.0,-5.000000e-01,-1.205879e-14,7.071068e-01,-4.998416e-01,-4.278299e-14,1.341402e-01,-5.000000e-01,7.071068e-01,3.560435e-14,-4.998416e-01,1.341402e-01,-1.272178e-14,-5.000000e-01,1.187770e-14,-7.071068e-01,-4.998416e-01,4.244247e-14,-1.341402e-01,-5.000000e-01,-7.071068e-01,-3.881126e-14,-4.998416e-01,-1.341402e-01,1.356264e-14
122.6,885.0,-5.000000e-01,-1.480683e-14,7.071068e-01,-4.998416e-01,5.539956e-15,1.341593e-01,-5.000000e-01,7.071068e-01,-1.701600e-14,-4.998416e-01,1.341593e-01,2.938185e-15,-5.000000e-01,1.382850e-14,-7.071068e-01,-4.998416e-01,-5.462986e-15,-1.341593e-01,-5.000000e-01,-7.071068e-01,1.970361e-14,-4.998416e-01,-1.341593e-01,-2.329607e-15
125.1,10.0,-5.000000e-01,-1.026459e-14,7.071068e-01,-4.998432e-01,4.043451e-15,1.356027e-01,-5.000000e-01,7.071068e-01,7.963025e-15,-4.998432e-01,1.356027e-01,2.435320e-16,-5.000000e-01,1.950655e-14,-7.071068e-01,-4.998432e-01,-6.201577e-15,-1.356027e-01,-5.000000e-01,-7.071068e-01,-1.259064e-14,-4.998432e-01,-1.356027e-01,5.383214e-17
125.1,35.0,-5.000000e-01,3.113645e-14,7.071068e-01,-4.998432e-01,1.209025e-15,1.356194e-01,-5.000000e-01,7.071068e-01,-3.131276e-15,-4.998432e-01,1.356194e-01,-2.313703e-15,-5.000000e-01,-2.318021e-14,-7.071068e-01,-4.998432e-01,-1.604633e-15,-1.356194e-01,-5.000000e-01,-7.071068e-01,2.814656e-15,-4.998432e-01,-1.356194e-01,2.452826e-15
125.1,60.0,-5.000000e-01,3.293428e-14,7.071068e-01,-4.998433e-01,-5.104146e-14,1.356360e-01,-5.000000e-01,7.071068e-01,1.609556e-15,-4.998433e-01,1.356360e-01,3.220165e-15,-5.000000e-01,-4.380120e-14,-7.071068e-01,-4.998433e-01,5.276704e-14,-1.356360e-01,-5.000000e-01,-7.071068e-01,-4.261946e-15,-4.998433e-01,-1.356360e-01,-3.756836e-15
125.1,85.0,-5.000000e-01,-6.571438e-15,7.071068e-01,-4.998433e-01,-2.233386e-15,1.356527e-01,-5.000000e-01,7.071068e-01,-2.627000e-15,-4.998433e-01,1.356527e-01,-1.472939e-14,-5.000000e-01,1.356706e-14,-7.071068e-01,-4.998433e-01,1.742846e-15,-1.356527e-01,-5.000000e-01,-7.071068e-01,3.952465e-16,-4.998433e-01,-1.356527e-01,1.602681e-14
125.1,110.0,-5.000000e-01,8.063210e-15,7.071068e-01,-4.998433e-01,7.494901e-15,1.356695e-01,-5.000000e-01,7.071068e-01,-4.806818e-15,-4.998433e-01,1.356695e-01,2.158129e-14,-5.000000e-01,-2.043207e-14,-7.071068e-01,-4.998433e-01,-3.625569e-15,-1.356695e-01,-5.000000e-01,-7.071068e-01,-6.632998e-15,-4.998433e-01,-1.356695e-01,-2.375181e-14
125.1,135.0,-5.000000e-01,1.082499e-14,7.071068e-01,-4.998433e-01,-1.913568e-15,1.356863e-01,-5.000000e-01,7.071068e-01,3.968499e-15,-4.998433e-01,1.356863e-01,6.071774e-15,-5.000000e-01,-6.078024e-15,-7.071068e-01,-4.998433e-01,1.395461e-15,-1.356863e-01,-5.000000e-01,-7.071068e-01,1.704157e-14,-4.998433e-01,-1.356863e-01,-1.047463e-14
125.1,160.0,-5.000000e-01,3.266532e-15,7.071068e-01,-4.998433e-01,-1.944861e-15,1.357032e-01,-5.000000e-01,7.071068e-01,-8.398142e-15,-4.998433e-01,1.357032e-01,-2.667054e-15,-5.000000e-01,3.041603e-15,-7.071068e-01,-4.998433e-01,-3.039016e-16,-1.357032e-01,-5.000000e-01,-7.071068e-01,5.021121e-14,-4.998433e-01,-1.357032e-01,3.406568e-15
125.1,185.0,-5.000000e-01,8.572562e-16,7.071068e-01,-4.998434e-01,-9.657763e-15,1.357202e-01,-5.000000e-01,7.071068e-01,-1.144262e-14,-4.998434e-01,1.357202e-01,4.490169e-16,-5.000000e-01,8.948069e-15,-7.071068e-01,-4.998434e-01,5.091416e-15,-1.357202e-01,-5.000000e-01,-7.071068e-01,-8.978931e-15,-4.998434e-01,-1.357202e-01,-6.310629e-16
125.1,210.0,-5.000000e-01,6.527810e-14,7.071068e-01,-4.998434e-01,-1.377913e-14,1.357371e-01,-5.000000e-01,7.071068e-01,2.253341e-14,-4.998434e-01,1.357371e-01,1.765918e-15,-5.000000e-01,-7.627539e-14,-7.071068e-01,-4.998434e-01,5.598330e-15,-1.357371e-01,-5.000000e-01,-7.071068e-01,-3.423389e-14,-4.998434e-01,-1.357371e-01,-1.165020e-14
125.1,235.0,-5.000000e-01,-4.701358e-15,7.071068e-01,-4.998434e-01,3.460191e-15,1.357542e-01,-5.000000e-01,7.071068e-01,1.746322e-15,-4.998434e-01,1.357542e-01,1.519115e-14,-5.000000e-01,1.835648e-15,-7.071068e-01,-4.998434e-01,-2.916028e-16,-1.357542e-01,-5.000000e-01,-7.071068e-01,7.356246e-15,-4.998434e-01,-1.357542e-01,-5.986386e-15
125.1,260.0,-5.000000e-01,-2.622485e-14,7.071068e-01,-4.998434e-01,-2.334471e-14,1.357713e-01,-5.000000e-01,7.071068e-01,2.836690e-15,-4.998434e-01,1.357713e-01,9.672784e-14,-5.000000e-01,1.818951e-14,-7.071068e-01,-4.998434e-01,-5.603764e-16,-1.357713e-01,-5.000000e-01,-7.071068e-01,-1.339766e-14,-4.998434e-01,-1.357713e-01,-1.049482e-13
125.1,285.0,-5.000000e-01,2.192264e-14,7.071068e-01,-4.998435e-01,-2.464685e-15,1.357884e-01,-5.000000e-01,7.071068e-01,2.278403e-14,-4.998435e-01,1.357884e-01,-5.602638e-15,-5.000000e-01,-2.224491e-14,-7.071068e-01,-4.998435e-01,-2.321541e-16,-1.357884e-01,-5.000000e-01,-7.071068e-01,-1.894466e-14,-4.998435e-01,-1.357884e-01,-7.338395e-15
125.1,310.0,-5.000000e-01,-1.600893e-14,7.071068e-01,-4.998435e-01,-2.593866e-14,1.358056e-01,-5.000000e-01,7.071068e-01,4.224335e-14,-4.998435e-01,1.358056e-01,-1.062218e-15,-5.000000e-01,5.448534e-15,-7.071068e-01,-4.998435e-01,8.045968e-15,-1.358056e-01,-5.000000e-01,-7.071068e-01,-2.648701e-14,-4.998435e-01,-1.358056e-01,7.674242e-16
125.1,335.0,-5.000000e-01,-1.215529e-14,7.071068e-01,-4.998435e-01,1.213813e-14,1.358229e-01,-5.000000e-01,7.071068e-01,2.802820e-14,-4.998435e-01,1.358229e-01,-4.262109e-14,-5.000000e-01,1.539866e-14,-7.071068e-01,-4.998435e-01,-2.427341e-14,-1.358229e-01,-5.000000e-01,-7.071068e-01,2.400731e-14,-4.998435e-01,-1.358229e-01,-2.083275e-14
125.1,360.0,-5.000000e-01,-4.079749e-14,7.071068e-01,-4.998435e-01,2.154719e-14,1.358402e-01,-5.000000e-01,7.071068e-01,2.159135e-14,-4.998435e-01,1.358402e-01,1.343130e-15,-5.000000e-01,4.149111e-14,-7.071068e-01,-4.998435e-01,-7.328683e-15,-1.358402e-01,-5.000000e-01,-7.071068e-01,-1.737129e-14,-4.998435e-01,-1.358402e-01,-2.665730e-15
125.1,385.0,-5.000000e-01,1.390973e-14,7.071068e-01,-4.998435e-01,-3.250237e-15,1.358575e-01,-5.000000e-01,7.071068e-01,-1.189714e-14,-4.998435e-01,1.358575e-01,-4.795552e-15,-5.000000e-01,-2.646156e-14,-7.071068e-01,-4.998435e-01,-7.006229e-15,-1.358575e-01,-5.000000e-01,-7.071068e-01,6.275069e-15,-4.998435e-01,-1.358575e-01,3.123555e-15
125.1,410.0,-5.000000e-01,6.917052e-16,7.071068e-01,-4.998436e-01,1.295094e-14,1.358750e-01,-5.000000e-01,7.071068e-01,9.883541e-15,-4.998436e-01,1.358750e-01,4.934619e-14,-5.000000e-01,9.176298e-15,-7.071068e-01,-4.998436e-01,9.966108e-15,-1.358750e-01,-5.000000e-01,-7.071068e-01,5.332784e-16,-4.998436e-01,-1.358750e-01,-4.280408e-14
125.1,435.0,-5.000000e-01,6.420169e-15,7.071068e-01,-4.998436e-01,-1.133326e-15,1.358924e-01,-5.000000e-01,7.071068e-01,2.586454e-15,-4.998436e-01,1.358924e-01,3.071760e-15,-5.000000e-01,-1.155179e-14,-7.071068e-01,-4.998436e-01,-4.593732e-15,-1.358924e-01,-5.000000e-01,-7.071068e-01,9.105685e-15,-4.998436e-01,-1.358924e-01,5.186627e-15
125.1,460.0,-5.000000e-01,2.077647e-14,7.071068e-01,-4.998436e-01,4.119370e-15,1.359100e-01,-5.000000e-01,7.071068e-01,1.811178e-14,-4.998436e-01,1.359100e-01,-3.899188e-16,-5.000000e-01,-2.272237e-14,-7.071068e-01,-4.998436e-01,-1.266323e-15,-1.359100e-01,-5.000000e-01,-7.071068e-01,-1.463764e-14,-4.998436e-01,-1.359100e-01,4.133802e-16
125.1,485.0,-5.000000e-01,1.014464e-15,7.071068e-01,-4.998436e-01,-1.892206e-15,1.359275e-01,-5.000000e-01,7.071068e-01,1.843609e-14,-4.998436e-01,1.359275e-01,-6.836130e-15,-5.000000e-01,4.660978e-15,-7.071068e-01,-4.998436e-01,-6.636838e-16,-1.359275e-01,-5.000000e-01,-7.071068e-01,1.039458e-14,-4.998436e-01,-1.359275e-01,1.214931e-14
125.1,510.0,-5.000000e-01,2.071633e-15,7.071068e-01,-4.998437e-01,-1.125802e-15,1.359452e-01,-5.000000e-01,7.071068e-01,1.072355e-14,-4.998437e-01,1.359452e-01,-2.521069e-14,-5.000000e-01,6.118205e-15,-7.071068e-01,-4.998437e-01,-4.983548e-15,-1.359452e-01,-5.000000e-01,-7.071068e-01,-2.752113e-15,-4.998437e-01,-1.359452e-01,-2.096263e-14
125.1,535.0,-5.000000e-01,6.398866e-16,7.071068e-01,-4.998437e-01,-1.328375e-14,1.359629e-01,-5.000000e-01,7.071068e-01,-3.088665e-14,-4.998437e-01,1.359629e-01,-8.386429e-15,-5.000000e-01,-4.138954e-15,-7.071068e-01,-4.998437e-01,-4.227964e-16,-1.359629e-01,-5.000000e-01,-7.071068e-01,8.980078e-15,-4.998437e-01,-1.359629e-01,-1.498389e-15
125.1,560.0,-5.000000e-01,5.935048e-15,7.071068e-01,-4.998437e-01,-8.607013e-15,1.359806e-01,-5.000000e-01,7.071068e-01,-1.181639e-15,-4.998437e-01,1.359806e-01,7.137278e-15,-5.000000e-01,-3.523123e-15,-7.071068e-01,-4.998437e-01,2.982585e-15,-1.359806e-01,-5.000000e-01,-7.071068e-01,1.288396e-15,-4.998437e-01,-1.359806e-01,-8.310827e-15
125.1,585.0,-5.000000e-01,1.405223e-14,7.071068e-01,-4.998437e-01,2.853815e-14,1.359985e-01,-5.000000e-01,7.071068e-01,-8.582154e-15,-4.998437e-01,1.359985e-01,-1.329896e-15,-5.000000e-01,-1.107477e-14,-7.071068e-01,-4.998437e-01,-6.562724e-15,-1.359985e-01,-5.000000e-01,-7.071068e-01,1.947665e-14,-4.998437e-01,-1.359985e-01,-9.872820e-16
125.1,610.0,-5.000000e-01,-8.078764e-15,7.071068e-01,-4.998438e-01,6.301746e-15,1.360163e-01,-5.000000e-01,7.071068e-01,2.662026e-14,-4.998438e-01,1.360163e-01,1.287252e-14,-5.000000e-01,8.516432e-15,-7.071068e-01,-4.998438e-01,2.962091e-15,-1.360163e-01,-5.000000e-01,-7.071068e-01,-7.725188e-15,-4.998438e-01,-1.360163e-01,-4.260809e-14
125.1,635.0,-5.000000e-01,-4.460746e-14,7.071068e-01,-4.998438e-01,3.198731e-15,1.360342e-01,-5.000000e-01,7.071068e-01,3.988375e-15,-4.998438e-01,1.360342e-01,2.396439e-15,-5.000000e-01,5.835188e-14,-7.071068e-01,-4.998438e-01,-4.415887e-15,-1.360342e-01,-5.000000e-01,-7.071068e-01,4.609846e-15,-4.998438e-01,-1.360342e-01,7.089878e-15
125.1,660.0,-5.000000e-01,8.773084e-15,7.071068e-01,-4.998438e-01,4.975389e-16,1.360522e-01,-5.000000e-01,7.071068e-01,-7.078765e-15,-4.998438e-01,1.360522e-01,3.844446e-15,-5.000000e-01,-1.687326e-14,-7.071068e-01,-4.998438e-01,-8.139555e-16,-1.360522e-01,-5.000000e-01,-7.071068e-01,-7.593484e-15,-4.998438e-01,-1.360522e-01,-3.525852e-15
125.1,685.0,-5.000000e-01,1.283464e-14,7.071068e-01,-4.998438e-01,5.558501e-15,1.360703e-01,-5.000000e-01,7.071068e-01,2.848605e-15,-4.998438e-01,1.360703e-01,1.053443e-15,-5.000000e-01,-2.440155e-14,-7.071068e-01,-4.998438e-01,-8.557867e-15,-1.360703e-01,-5.000000e-01,-7.071068e-01,4.219082e-15,-4.998438e-01,-1.360703e-01,2.264346e-15
125.1,710.0,-5.000000e-01,1.091181e-14,7.071068e-01,-4.998438e-01,-5.855589e-15,1.360884e-01,-5.000000e-01,7.071068e-01,1.493425e-14,-4.998438e-01,1.360884e-01,7.246159e-15,-5.000000e-01,-1.723231e-14,-7.071068e-01,-4.998438e-01,5.468721e-15,-1.360884e-01,-5.000000e-01,-7.071068e-01,-1.274888e-14,-4.998438e-01,-1.360884e-01,-6.626472e-15
125.1,735.0,-5.000000e-01,4.005362e-14,7.071068e-01,-4.998439e-01,-7.000214e-15,1.361065e-01,-5.000000e-01,7.071068e-01,8.728737e-15,-4.998439e-01,1.361065e-01,1.026247e-14,-5.000000e-01,-4.292177e-14,-7.071068e-01,-4.998439e-01,7.017321e-15,-1.361065e-01,-5.000000e-01,-7.071068e-01,-1.868535e-14,-4.998439e-01,-1.361065e-01,1.336570e-15
125.1,760.0,-5.000000e-01,1.759643e-14,7.071068e-01,-4.998439e-01,1.169677e-14,1.361247e-01,-5.000000e-01,7.071068e-01,-1.420747e-14,-4.998439e-01,1.361247e-01,-7.733731e-15,-5.000000e-01,-7.439844e-15,-7.071068e-01,-4.998439e-01,7.162974e-15,-1.361247e-01,-5.000000e-01,-7.071068e-01,3.247106e-15,-4.998439e-01,-1.361247e-01,9.468105e-16
125.1,785.0,-5.000000e-01,-2.406906e-14,7.071068e-01,-4.998439e-01,6.987964e-15,1.361430e-01,-5.000000e-01,7.071068e-01,4.472106e-15,-4.998439e-01,1.361430e-01,-3.709862e-15,-5.000000e-01,2.091419e-14,-7.071068e-01,-4.998439e-01,-6.956756e-15,-1.361430e-01,-5.000000e-01,-7.071068e-01,1.216787e-15,-4.998439e-01,-1.361430e-01,3.357122e-15
125.1,810.0,-5.000000e-01,6.837626e-15,7.071068e-01,-4.998439e-01,-2.242501e-15,1.361613e-01,-5.000000e-01,7.071068e-01,2.747182e-15,-4.998439e-01,1.361613e-01,3.000939e-14,-5.000000e-01,-1.054689e-14,-7.071068e-01,-4.998439e-01,2.317593e-15,-1.361613e-01,-5.000000e-01,-7.071068e-01,-1.961289e-15,-4.998439e-01,-1.361613e-01,-3.060886e-14
125.1,835.0,-5.000000e-01,1.284285e-13,7.071068e-01,-4.998440e-01,-5.029147e-15,1.361797e-01,-5.000000e-01,7.071068e-01,-4.265390e-14,-4.998440e-01,1.361797e-01,-9.240594e-15,-5.000000e-01,-1.305344e-13,-7.071068e-01,-4.998440e-01,4.674903e-15,-1.361797e-01,-5.000000e-01,-7.071068e-01,4.042631e-14,-4.998440e-01,-1.361797e-01,8.567878e-15
125.1,860.0,-5.000000e-01,-5.577883e-16,7.071068e-01,-4.998440e-01,2.003850e-14,1.361982e-01,-5.000000e-01,7.071068e-01,1.572816e-14,-4.998440e-01,1.361982e-01,-2.023891e-15,-5.000000e-01,-3.589584e-15,-7.071068e-01,-4.998440e-01,-2.052583e-14,-1.361982e-01,-5.000000e-01,-7.071068e-01,-1.652866e-14,-4.998440e-01,-1.361982e-01,2.281068e-15
125.1,885.0,-5.000000e-01,-5.946115e-15,7.071068e-01,-4.998440e-01,-4.256617e-14,1.362167e-01,-5.000000e-01,7.071068e-01,-2.876672e-15,-4.998440e-01,1.362167e-01,-1.472163e-15,-5.000000e-01,6.229723e-15,-7.071068e-01,-4.998440e-01,4.195505e-14,-1.362167e-01,-5.000000e-01,-7.071068e-01,8.834322e-17,-4.998440e-01,-1.362167e-01,-1.186390e-15
127.6,10.0,-5.000000e-01,-4.643876e-15,7.071068e-01,-4.998455e-01,1.317009e-15,1.376712e-01,-5.000000e-01,7.071068e-01,4.071000e-15,-4.998455e-01,1.376712e-01,5.073231e-14,-5.000000e-01,-6.513560e-16,-7.071068e-01,-4.998455e-01,-1.191812e-15,-1.376712e-01,-5.000000e-01,-7.071068e-01,2.756092e-14,-4.998455e-01,-1.376712e-01,-5.107037e-14
127.6,35.0,-5.000000e-01,6.356459e-14,7.071068e-01,-4.998456e-01,3.443977e-15,1.376873e-01,-5.000000e-01,7.071068e-01,-1.100084e-14,-4.998456e-01,1.376873e-01,-3.612436e-14,-5.000000e-01,-7.241653e-14,-7.071068e-01,-4.998456e-01,-3.542460e-15,-1.376873e-01,-5.000000e-01,-7.071068e-01,3.779966e-14,-4.998456e-01,-1.376873e-01,3.615493e-14
127.6,60.0,-5.000000e-01,1.191920e-14,7.071068e-01,-4.998456e-01,-3.238487e-16,1.377034e-01,-5.000000e-01,7.071068e-01,3.628499e-15,-4.998456e-01,1.377034e-01,-1.582980e-14,-5.000000e-01,-1.497596e-14,-7.071068e-01,-4.998456e-01,4.203533e-16,-1.377034e-01,-5.000000e-01,-7.071068e-01,4.855255e-15,-4.998456e-01,-1.377034e-01,6.725474e-15
127.6,85.0,-5.000000e-01,-5.063185e-14,7.071068e-01,-4.998456e-01,1.085777e-14,1.377196e-01,-5.000000e-01,7.071068e-01,1.081089e-15,-4.998456e-01,1.377196e-01,3.694652e-15,-5.000000e-01,6.169073e-14,-7.071068e-01,-4.998456e-01,-4.277798e-15,-1.377196e-01,-5.000000e-01,-7.071068e-01,1.129727e-14,-4.998456e-01,-1.377196e-01,1.831235e-15
127.6,110.0,-5.000000e-01,-1.057042e-14,7.071068e-01,-4.998456e-01,2.027117e-15,1.377358e-01,-5.000000e-01,7.071068e-01,1.077611e-13,-4.998456e-01,1.377358e-01,-1.440971e-15,-5.000000e-01,-4.683405e-16,-7.071068e-01,-4.998456e-01,-9.881788e-16,-1.377358e-01,-5.000000e-01,-7.071068e-01,-6.852742e-14,-4.998456e-01,-1.377358e-01,-1.402416e-15
127.6,135.0,-5.000000e-01,-1.896052e-15,7.071068e-01,-4.998456e-01,-7.648032e-15,1.377521e-01,-5.000000e-01,7.071068e-01,-1.933715e-14,-4.998456e-01,1.377521e-01,-1.490286e-14,-5.000000e-01,9.475540e-15,-7.071068e-01,-4.998456e-01,8.109337e-15,-1.377521e-01,-5.000000e-01,-7.071068e-01,2.783792e-14,-4.998456e-01,-1.377521e-01,1.612205e-14
127.6,160.0,-5.000000e-01,-6.399824e-16,7.071068e-01,-4.998457e-01,-3.111162e-16,1.377684e-01,-5.000000e-01,7.071068e-01,6.297373e-15,-4.998457e-01,1.377684e-01,-1.681512e-15,-5.000000e-01,-1.277182e-14,-7.071068e-01,-4.998457e-01,-1.911883e-16,-1.377684e-01,-5.000000e-01,-7.071068e-01,-7.658582e-15,-4.998457e-01,-1.377684e-01,1.263141e-15
127.6,185.0,-5.000000e-01,6.475948e-15,7.071068e-01,-4.998457e-01,-2.394694e-15,1.377848e-01,-5.000000e-01,7.071068e-01,-3.565316e-14,-4.998457e-01,1.377848e-01,-4.719096e-14,-5.000000e-01,1.687419e-15,-7.071068e-01,-4.998457e-01,4.747599e-17,-1.377848e-01,-5.000000e-01,-7.071068e-01,3.500452e-14,-4.998457e-01,-1.377848e-01,6.230216e-14
127.6,210.0,-5.000000e-01,-3.606837e-16,7.071068e-01,-4.998457e-01,-6.111900e-15,1.378012e-01,-5.000000e-01,7.071068e-01,1.517325e-14,-4.998457e-01,1.378012e-01,-3.302104e-14,-5.000000e-01,6.627075e-15,-7.071068e-01,-4.998457e-01,6.544254e-15,-1.378012e-01,-5.000000e-01,-7.071068e-01,-8.167786e-15,-4.998457e-01,-1.378012e-01,3.961051e-14
127.6,235.0,-5.000000e-01,-2.173146e-15,7.071068e-01,-4.998457e-01,-6.255363e-15,1.378177e-01,-5.000000e-01,7.071068e-01,-1.081882e-14,-4.998457e-01,1.378177e-01,-5.009763e-15,-5.000000e-01,1.200218e-14,-7.071068e-01,-4.998457e-01,2.724288e-15,-1.378177e-01,-5.000000e-01,-7.071068e-01,-3.399149e-15,-4.998457e-01,-1.378177e-01,-1.674500e-15
127.6,260.0,-5.000000e-01,-1.192194e-14,7.071068e-01,-4.998457e-01,-4.749888e-15,1.378342e-01,-5.000000e-01,7.071068e-01,-1.893126e-15,-4.998457e-01,1.378342e-01,-2.168611e-15,-5.000000e-01,2.543859e-14,-7.071068e-01,-4.998457e-01,2.797714e-15,-1.378342e-01,-5.000000e-01,-7.071068e-01,-6.937145e-15,-4.998457e-01,-1.378342e-01,-2.192551e-15
127.6,285.0,-5.000000e-01,6.343672e-15,7.071068e-01,-4.998458e-01,-1.468266e-14,1.378508e-01,-5.000000e-01,7.071068e-01,1.303872e-14,-4.998458e-01,1.378508e-01,-1.108768e-15,-5.000000e-01,-1.276028e-14,-7.071068e-01,-4.998458e-01,6.549130e-15,-1.378508e-01,-5.000000e-01,-7.071068e-01,-7.037217e-15,-4.998458e-01,-1.378508e-01,-7.893616e-16
127.6,310.0,-5.000000e-01,-2.029239e-15,7.071068e-01,-4.998458e-01,-1.171271e-14,1.378674e-01,-5.000000e-01,7.071068e-01,4.818568e-15,-4.998458e-01,1.378674e-01,-1.707188e-14,-5.000000e-01,2.076094e-15,-7.071068e-01,-4.998458e-01,5.080681e-15,-1.378674e-01,-5.000000e-01,-7.071068e-01,9.898096e-15,-4.998458e-01,-1.378674e-01,2.389736e-14
127.6,335.0,-5.000000e-01,6.796165e-15,7.071068e-01,-4.998458e-01,-1.290845e-14,1.378841e-01,-5.000000e-01,7.071068e-01,1.013860e-14,-4.998458e-01,1.378841e-01,-1.677560e-14,-5.000000e-01,1.761106e-15,-7.071068e-01,-4.998458e-01,6.197858e-15,-1.378841e-01,-5.000000e-01,-7.071068e-01,1.895874e-14,-4.998458e-01,-1.378841e-01,4.238320e-15
127.6,360.0,-5.000000e-01,-8.538591e-15,7.071068e-01,-4.998458e-01,-4.674447e-15,1.379009e-01,-5.000000e-01,7.071068e-01,1.404300e-14,-4.998458e-01,1.379009e-01,8.819056e-15,-5.000000e-01,1.424994e-14,-7.071068e-01,-4.998458e-01,1.289022e-15,-1.379009e-01,-5.000000e-01,-7.071068e-01,-1.396498e-14,-4.998458e-01,-1.379009e-01,1.314217e-14
127.6,385.0,-5.000000e-01,1.570039e-14,7.071068e-01,-4.998458e-01,-5.048412e-15,1.379177e-01,-5.000000e-01,7.071068e-01,-2.406799e-14,-4.998458e-01,1.379177e-01,7.206292e-15,-5.000000e-01,-2.028029e-14,-7.071068e-01,-4.998458e-01,4.562916e-15,-1.379177e-01,-5.000000e-01,-7.071068e-01,2.780042e-14,-4.998458e-01,-1.379177e-01,-7.817237e-15
127.6,410.0,-5.000000e-01,-5.954815e-14,7.071068e-01,-4.998459e-01,1.128527e-15,1.379345e-01,-5.000000e-01,7.071068e-01,7.849445e-15,-4.998459e-01,1.379345e-01,-1.198998e-14,-5.000000e-01,5.579658e-14,-7.071068e-01,-4.998459e-01,-9.017597e-16,-1.379345e-01,-5.000000e-01,-7.071068e-01,-8.661362e-15,-4.998459e-01,-1.379345e-01,1.139116e-14
127.6,435.0,-5.000000e-01,-9.707920e-14,7.071068e-01,-4.998459e-01,-1.475836e-14,1.379514e-01,-5.000000e-01,7.071068e-01,-8.553388e-15,-4.998459e-01,1.379514e-01,3.896161e-15,-5.000000e-01,9.807662e-14,-7.071068e-01,-4.998459e-01,1.420152e-14,-1.379514e-01,-5.000000e-01,-7.071068e-01,5.518359e-15,-4.998459e-01,-1.379514e-01,-3.897336e-15
127.6,460.0,-5.000000e-01,-1.414188e-14,7.071068e-01,-4.998459e-01,-1.140508e-15,1.379684e-01,-5.000000e-01,7.071068e-01,6.504369e-14,-4.998459e-01,1.379684e-01,-3.696581e-15,-5.000000e-01,1.414365e-14,-7.071068e-01,-4.998459e-01,1.849668e-15,-1.379684e-01,-5.000000e-01,-7.071068e-01,-6.646313e-14,-4.998459e-01,-1.379684e-01,3.103530e-15
127.6,485.0,-5.000000e-01,-4.114988e-14,7.071068e-01,-4.998459e-01,-9.925418e-16,1.379854e-01,-5.000000e-01,7.071068e-01,5.391126e-15,-4.998459e-01,1.379854e-01,3.020089e-14,-5.000000e-01,5.147850e-14,-7.071068e-01,-4.998459e-01,1.456337e-15,-1.379854e-01,-5.000000e-01,-7.071068e-01,-2.026780e-15,-4.998459e-01,-1.379854e-01,-3.062263e-14
127.6,510.0,-5.000000e-01,-5.719567e-14,7.071068e-01,-4.998459e-01,1.900250e-15,1.380025e-01,-5.000000e-01,7.071068e-01,-1.697308e-14,-4.998459e-01,1.380025e-01,7.714530e-14,-5.000000e-01,5.687309e-14,-7.071068e-01,-4.998459e-01,-3.116008e-15,-1.380025e-01,-5.000000e-01,-7.071068e-01,1.916148e-14,-4.998459e-01,-1.380025e-01,-7.575889e-14
127.6,535.0,-5.000000e-01,-8.794574e-15,7.071068e-01,-4.998460e-01,2.846769e-15,1.380196e-01,-5.000000e-01,7.071068e-01,4.162698e-15,-4.998460e-01,1.380196e-01,-8.037463e-16,-5.000000e-01,2.086739e-14,-7.071068e-01,-4.998460e-01,-2.473529e-15,-1.380196e-01,-5.000000e-01,-7.071068e-01,1.943524e-15,-4.998460e-01,-1.380196e-01,1.649725e-15
127.6,560.0,-5.000000e-01,3.850803e-14,7.071068e-01,-4.998460e-01,2.461855e-15,1.380368e-01,-5.000000e-01,7.071068e-01,9.822100e-15,-4.998460e-01,1.380368e-01,-1.099484e-14,-5.000000e-01,-3.341971e-14,-7.071068e-01,-4.998460e-01,-2.185369e-15,-1.380368e-01,-5.000000e-01,-7.071068e-01,-1.211977e-14,-4.998460e-01,-1.380368e-01,1.075631e-14
127.6,585.0,-5.000000e-01,-1.453961e-14,7.071068e-01,-4.998460e-01,2.693937e-15,1.380540e-01,-5.000000e-01,7.071068e-01,-1.579832e-14,-4.998460e-01,1.380540e-01,3.224108e-14,-5.000000e-01,1.853713e-14,-7.071068e-01,-4.998460e-01,-4.073249e-15,-1.380540e-01,-5.000000e-01,-7.071068e-01,1.477409e-14,-4.998460e-01,-1.380540e-01,-3.377744e-14
127.6,610.0,-5.000000e-01,-2.690422e-14,7.071068e-01,-4.998460e-01,5.360051e-15,1.380713e-01,-5.000000e-01,7.071068e-01,-3.074052e-14,-4.998460e-01,1.380713e-01,2.971504e-15,-5.000000e-01,3.163426e-14,-7.071068e-01,-4.998460e-01,-4.837227e-15,-1.380713e-01,-5.000000e-01,-7.071068e-01,3.036978e-14,-4.998460e-01,-1.380713e-01,-2.848672e-15
127.6,635.0,-5.000000e-01,-5.224787e-15,7.071068e-01,-4.998461e-01,3.906904e-16,1.380886e-01,-5.000000e-01,7.071068e-01,1.046671e-13,-4.998461e-01,1.380886e-01,1.506127e-14,-5.000000e-01,1.185596e-14,-7.071068e-01,-4.998461e-01,-6.971015e-16,-1.380886e-01,-5.000000e-01,-7.071068e-01,-1.057113e-13,-4.998461e-01,-1.380886e-01,-1.888539e-14
127.6,660.0,-5.000000e-01,2.393715e-14,7.071068e-01,-4.998461e-01,2.404974e-15,1.381060e-01,-5.000000e-01,7.071068e-01,-1.298760e-14,-4.998461e-01,1.381060e-01,2.019999e-14,-5.000000e-01,-1.837740e-14,-7.071068e-01,-4.998461e-01,-2.265561e-15,-1.381060e-01,-5.000000e-01,-7.071068e-01,8.255856e-15,-4.998461e-01,-1.381060e-01,-2.164662e-14
127.6,685.0,-5.000000e-01,-8.566102e-15,7.071068e-01,-4.998461e-01,-1.613715e-16,1.381235e-01,-5.000000e-01,7.071068e-01,6.120288e-14,-4.998461e-01,1.381235e-01,-3.052027e-14,-5.000000e-01,1.421842e-14,-7.071068e-01,-4.998461e-01,-6.236421e-16,-1.381235e-01,-5.000000e-01,-7.071068e-01,-5.685374e-14,-4.998461e-01,-1.381235e-01,3.063954e-14
127.6,710.0,-5.000000e-01,-3.561518e-14,7.071068e-01,-4.998461e-01,-4.321759e-15,1.381410e-01,-5.000000e-01,7.071068e-01,1.691880e-14,-4.998461e-01,1.381410e-01,7.889277e-15,-5.000000e-01,4.204662e-14,-7.071068e-01,-4.998461e-01,4.058944e-15,-1.381410e-01,-5.000000e-01,-7.071068e-01,-1.602054e-14,-4.998461e-01,-1.381410e-01,-6.933774e-15
127.6,735.0,-5.000000e-01,-6.316153e-14,7.071068e-01,-4.998461e-01,9.418297e-15,1.381586e-01,-5.000000e-01,7.071068e-01,-1.793119e-14,-4.998461e-01,1.381586e-01,5.769662e-14,-5.000000e-01,5.885263e-14,-7.071068e-01,-4.998461e-01,-9.565651e-15,-1.381586e-01,-5.000000e-01,-7.071068e-01,2.147820e-14,-4.998461e-01,-1.381586e-01,-5.837214e-14
127.6,760.0,-5.000000e-01,-4.545208e-14,7.071068e-01,-4.998462e-01,-1.001868e-14,1.381762e-01,-5.000000e-01,7.071068e-01,1.331788e-14,-4.998462e-01,1.381762e-01,-6.136497e-15,-5.000000e-01,4.786432e-14,-7.071068e-01,-4.998462e-01,9.935242e-15,-1.381762e-01,-5.000000e-01,-7.071068e-01,-1.148055e-14,-4.998462e-01,-1.381762e-01,5.453250e-15
127.6,785.0,-5.000000e-01,-1.196577e-15,7.071068e-01,-4.998462e-01,1.517602e-14,1.381939e-01,-5.000000e-01,7.071068e-01,-3.309639e-14,-4.998462e-01,1.381939e-01,-2.720405e-15,-5.000000e-01,5.373240e-15,-7.071068e-01,-4.998462e-01,-1.485790e-14,-1.381939e-01,-5.000000e-01,-7.071068e-01,3.044328e-14,-4.998462e-01,-1.381939e-01,4.458991e-16
127.6,810.0,-5.000000e-01,-2.204021e-14,7.071068e-01,-4.998462e-01,-5.033708e-15,1.382116e-01,-5.000000e-01,7.071068e-01,1.813952e-14,-4.998462e-01,1.382116e-01,-5.473014e-15,-5.000000e-01,1.930668e-14,-7.071068e-01,-4.998462e-01,4.697667e-15,-1.382116e-01,-5.000000e-01,-7.071068e-01,-9.925631e-15,-4.998462e-01,-1.382116e-01,4.988532e-15
127.6,835.0,-5.000000e-01,1.310826e-14,7.071068e-01,-4.998462e-01,3.521772e-15,1.382294e-01,-5.000000e-01,7.071068e-01,-1.855600e-14,-4.998462e-01,1.382294e-01,-4.088631e-15,-5.000000e-01,-9.654110e-15,-7.071068e-01,-4.998462e-01,-3.297158e-15,-1.382294e-01,-5.000000e-01,-7.071068e-01,2.324020e-14,-4.998462e-01,-1.382294e-01,4.268057e-15
127.6,860.0,-5.000000e-01,1.352555e-15,7.071068e-01,-4.998463e-01,-2.752997e-15,1.382473e-01,-5.000000e-01,7.071068e-01,6.836577e-15,-4.998463e-01,1.382473e-01,-3.457989e-14,-5.000000e-01,-3.898855e-15,-7.071068e-01,-4.998463e-01,3.394835e-15,-1.382473e-01,-5.000000e-01,-7.071068e-01,-7.955587e-15,-4.998463e-01,-1.382473e-01,3.276982e-14
127.6,885.0,-5.000000e-01,5.171770e-15,7.071068e-01,-4.998463e-01,5.574782e-17,1.382652e-01,-5.000000e-01,7.071068e-01,7.039561e-15,-4.998463e-01,1.382652e-01,-2.838719e-14,-5.000000e-01,-6.629317e-15,-7.071068e-01,-4.998463e-01,8.127868e-16,-1.382652e-01,-5.000000e-01,-7.071068e-01,-1.310894e-15,-4.998463e-01,-1.382652e-01,2.785940e-14
130.1,10.0,-5.000000e-01,5.165675e-14,7.071068e-01,-4.998478e-01,5.052599e-16,1.397297e-01,-5.000000e-01,7.071068e-01,8.552925e-15,-4.998478e-01,1.397297e-01,3.218147e-15,-5.000000e-01,-2.323305e-14,-7.071068e-01,-4.998478e-01,3.535336e-17,-1.397297e-01,-5.000000e-01,-7.071068e-01,-1.020678e-14,-4.998478e-01,-1.397297e-01,-3.305483e-15
130.1,35.0,-5.000000e-01,2.744978e-15,7.071068e-01,-4.998478e-01,-3.481188e-17,1.397453e-01,-5.000000e-01,7.071068e-01,2.446683e-15,-4.998478e-01,1.397453e-01,-5.230758e-15,-5.000000e-01,-1.458443e-14,-7.071068e-01,-4.998478e-01,2.262485e-16,-1.397453e-01,-5.000000e-01,-7.071068e-01,-2.538249e-15,-4.998478e-01,-1.397453e-01,5.227190e-15
130.1,60.0,-5.000000e-01,-6.817165e-16,7.071068e-01,-4.998478e-01,2.639668e-14,1.397609e-01,-5.000000e-01,7.071068e-01,-1.410064e-14,-4.998478e-01,1.397609e-01,4.329055e-14,-5.000000e-01,1.434387e-14,-7.071068e-01,-4.998478e-01,-2.595979e-14,-1.397609e-01,-5.000000e-01,-7.071068e-01,1.265588e-14,-4.998478e-01,-1.397609e-01,-4.439213e-14
130.1,85.0,-5.000000e-01,-6.211261e-15,7.071068e-01,-4.998478e-01,-5.029853e-16,1.397765e-01,-5.000000e-01,7.071068e-01,4.169302e-15,-4.998478e-01,1.397765e-01,2.372894e-15,-5.000000e-01,-3.895367e-15,-7.071068e-01,-4.998478e-01,5.098016e-16,-1.397765e-01,-5.000000e-01,-7.071068e-01,-3.623242e-15,-4.998478e-01,-1.397765e-01,-2.081355e-15
130.1,110.0,-5.000000e-01,-2.610946e-14,7.071068e-01,-4.998478e-01,-2.015881e-15,1.397922e-01,-5.000000e-01,7.071068e-01,-1.612043e-16,-4.998478e-01,1.397922e-01,1.680728e-14,-5.000000e-01,1.224957e-14,-7.071068e-01,-4.998478e-01,2.440021e-15,-1.397922e-01,-5.000000e-01,-7.071068e-01,-3.212577e-17,-4.998478e-01,-1.397922e-01,-1.551865e-14
130.1,135.0,-5.000000e-01,1.005491e-13,7.071068e-01,-4.998479e-01,-1.618083e-15,1.398079e-01,-5.000000e-01,7.071068e-01,7.094577e-15,-4.998479e-01,1.398079e-01,1.591449e-15,-5.000000e-01,-1.044372e-13,-7.071068e-01,-4.998479e-01,1.750451e-15,-1.398079e-01,-5.000000e-01,-7.071068e-01,-7.183445e-15,-4.998479e-01,-1.398079e-01,-2.144005e-15
130.1,160.0,-5.000000e-01,-1.284070e-14,7.071068e-01,-4.998479e-01,4.750683e-15,1.398237e-01,-5.000000e-01,7.071068e-01,-1.704273e-14,-4.998479e-01,1.398237e-01,1.137737e-15,-5.000000e-01,1.085345e-14,-7.071068e-01,-4.998479e-01,-3.885450e-15,-1.398237e-01,-5.000000e-01,-7.071068e-01,1.726211e-14,-4.998479e-01,-1.398237e-01,-6.329823e-16
130.1,185.0,-5.000000e-01,-2.843426e-14,7.071068e-01,-4.998479e-01,-1.632989e-15,1.398395e-01,-5.000000e-01,7.071068e-01,6.225705e-15,-4.998479e-01,1.398395e-01,5.948473e-15,-5.000000e-01,9.487307e-15,-7.071068e-01,-4.998479e-01,2.784744e-15,-1.398395e-01,-5.000000e-01,-7.071068e-01,-5.910584e-15,-4.998479e-01,-1.398395e-01,-5.992750e-15
130.1,210.0,-5.000000e-01,-4.031517e-15,7.071068e-01,-4.998479e-01,-2.848034e-15,1.398554e-01,-5.000000e-01,7.071068e-01,-4.363399e-15,-4.998479e-01,1.398554e-01,1.131109e-14,-5.000000e-01,2.240968e-14,-7.071068e-01,-4.998479e-01,3.344062e-15,-1.398554e-01,-5.000000e-01,-7.071068e-01,3.524513e-15,-4.998479e-01,-1.398554e-01,-1.160814e-14
130.1,235.0,-5.000000e-01,-8.374902e-15,7.071068e-01,-4.998479e-01,-2.220955e-15,1.398714e-01,-5.000000e-01,7.071068e-01,-2.852045e-15,-4.998479e-01,1.398714e-01,1.805482e-14,-5.000000e-01,-8.513559e-15,-7.071068e-01,-4.998479e-01,1.912754e-15,-1.398714e-01,-5.000000e-01,-7.071068e-01,2.030861e-15,-4.998479e-01,-1.398714e-01,-1.780504e-14
130.1,260.0,-5.000000e-01,-4.737060e-15,7.071068e-01,-4.998479e-01,4.005813e-15,1.398873e-01,-5.000000e-01,7.071068e-01,-1.330563e-14,-4.998479e-01,1.398873e-01,-9.973072e-16,-5.000000e-01,1.048361e-14,-7.071068e-01,-4.998479e-01,-1.404267e-15,-1.398873e-01,-5.000000e-01,-7.071068e-01,7.375405e-15,-4.998479e-01,-1.398873e-01,-4.429453e-16
130.1,285.0,-5.000000e-01,-1.335246e-14,7.071068e-01,-4.998480e-01,-7.840746e-15,1.399034e-01,-5.000000e-01,7.071068e-01,-2.018368e-15,-4.998480e-01,1.399034e-01,9.911231e-16,-5.000000e-01,1.574657e-15,-7.071068e-01,-4.998480e-01,-8.106127e-15,-1.399034e-01,-5.000000e-01,-7.071068e-01,-2.454133e-15,-4.998480e-01,-1.399034e-01,-2.631190e-15
130.1,310.0,-5.000000e-01,-6.161924e-15,7.071068e-01,-4.998480e-01,-4.509381e-16,1.399195e-01,-5.000000e-01,7.071068e-01,-4.035934e-14,-4.998480e-01,1.399195e-01,-2.388714e-15,-5.000000e-01,1.581193e-14,-7.071068e-01,-4.998480e-01,2.945249e-16,-1.399195e-01,-5.000000e-01,-7.071068e-01,2.967871e-14,-4.998480e-01,-1.399195e-01,2.013039e-15
130.1,335.0,-5.000000e-01,-7.439524e-16,7.071068e-01,-4.998480e-01,3.041775e-15,1.399356e-01,-5.000000e-01,7.071068e-01,-3.994882e-14,-4.998480e-01,1.399356e-01,-6.254647e-15,-5.000000e-01,-4.697719e-15,-7.071068e-01,-4.998480e-01,-3.189794e-15,-1.399356e-01,-5.000000e-01,-7.071068e-01,2.368200e-14,-4.998480e-01,-1.399356e-01,6.778192e-15
130.1,360.0,-5.000000e-01,-2.778383e-14,7.071068e-01,-4.998480e-01,2.787117e-15,1.399518e-01,-5.000000e-01,7.071068e-01,-1.890974e-14,-4.998480e-01,1.399518e-01,1.278086e-14,-5.000000e-01,3.621012e-14,-7.071068e-01,-4.998480e-01,-2.614902e-15,-1.399518e-01,-5.000000e-01,-7.071068e-01,5.035039e-15,-4.998480e-01,-1.399518e-01,-1.249047e-14
130.1,385.0,-5.000000e-01,-4.538449e-14,7.071068e-01,-4.998480e-01,1.347167e-14,1.399681e-01,-5.000000e-01,7.071068e-01,-2.383066e-14,-4.998480e-01,1.399681e-01,-1.697093e-14,-5.000000e-01,4.871954e-14,-7.071068e-01,-4.998480e-01,-1.304295e-14,-1.399681e-01,-5.000000e-01,-7.071068e-01,4.840586e-14,-4.998480e-01,-1.399681e-01,1.691656e-14
130.1,410.0,-5.000000e-01,-2.514068e-16,7.071068e-01,-4.998481e-01,8.103884e-16,1.399844e-01,-5.000000e-01,7.071068e-01,-1.072687e-14,-4.998481e-01,1.399844e-01,5.148205e-15,-5.000000e-01,-1.293766e-17,-7.071068e-01,-4.998481e-01,-9.651132e-16,-1.399844e-01,-5.000000e-01,-7.071068e-01,2.214835e-14,-4.998481e-01,-1.399844e-01,-5.493273e-15
130.1,435.0,-5.000000e-01,1.605459e-14,7.071068e-01,-4.998481e-01,3.291308e-15,1.400007e-01,-5.000000e-01,7.071068e-01,-1.674481e-14,-4.998481e-01,1.400007e-01,-2.146690e-14,-5.000000e-01,-1.347063e-14,-7.071068e-01,-4.998481e-01,-3.212934e-15,-1.400007e-01,-5.000000e-01,-7.071068e-01,9.024796e-15,-4.998481e-01,-1.400007e-01,2.200889e-14
130.1,460.0,-5.000000e-01,-1.251580e-14,7.071068e-01,-4.998481e-01,-1.095062e-15,1.400171e-01,-5.000000e-01,7.071068e-01,2.123121e-14,-4.998481e-01,1.400171e-01,-8.314726e-16,-5.000000e-01,7.859007e-15,-7.071068e-01,-4.998481e-01,7.997614e-16,-1.400171e-01,-5.000000e-01,-7.071068e-01,-3.045613e-14,-4.998481e-01,-1.400171e-01,-5.122833e-16
130.1,485.0,-5.000000e-01,-2.119923e-14,7.071068e-01,-4.998481e-01,3.652647e-15,1.400336e-01,-5.000000e-01,7.071068e-01,-8.641365e-15,-4.998481e-01,1.400336e-01,-1.552850e-15,-5.000000e-01,2.814079e-14,-7.071068e-01,-4.998481e-01,2.285524e-15,-1.400336e-01,-5.000000e-01,-7.071068e-01,2.098068e-14,-4.998481e-01,-1.400336e-01,6.587669e-16
130.1,510.0,-5.000000e-01,-7.852388e-15,7.071068e-01,-4.998481e-01,6.936438e-16,1.400501e-01,-5.000000e-01,7.071068e-01,-6.471097e-15,-4.998481e-01,1.400501e-01,-6.021980e-15,-5.000000e-01,1.904856e-15,-7.071068e-01,-4.998481e-01,-9.470555e-16,-1.400501e-01,-5.000000e-01,-7.071068e-01,1.787741e-14,-4.998481e-01,-1.400501e-01,6.243310e-15
130.1,535.0,-5.000000e-01,-1.781544e-14,7.071068e-01,-4.998482e-01,9.719841e-15,1.400666e-01,-5.000000e-01,7.071068e-01,-1.455046e-13,-4.998482e-01,1.400666e-01,-9.880028e-15,-5.000000e-01,2.426305e-14,-7.071068e-01,-4.998482e-01,-3.023038e-15,-1.400666e-01,-5.000000e-01,-7.071068e-01,1.500384e-13,-4.998482e-01,-1.400666e-01,9.043941e-15
130.1,560.0,-5.000000e-01,-9.452330e-15,7.071068e-01,-4.998482e-01,8.972910e-16,1.400833e-01,-5.000000e-01,7.071068e-01,-3.623852e-14,-4.998482e-01,1.400833e-01,-2.308645e-15,-5.000000e-01,1.290827e-14,-7.071068e-01,-4.998482e-01,-2.451728e-16,-1.400833e-01,-5.000000e-01,-7.071068e-01,3.036051e-14,-4.998482e-01,-1.400833e-01,2.353059e-15
130.1,585.0,-5.000000e-01,1.334786e-14,7.071068e-01,-4.998482e-01,2.976855e-15,1.400999e-01,-5.000000e-01,7.071068e-01,4.447672e-14,-4.998482e-01,1.400999e-01,-4.332511e-15,-5.000000e-01,-7.988473e-15,-7.071068e-01,-4.998482e-01,-3.857615e-15,-1.400999e-01,-5.000000e-01,-7.071068e-01,-4.939398e-14,-4.998482e-01,-1.400999e-01,4.148237e-15
130.1,610.0,-5.000000e-01,-7.086465e-16,7.071068e-01,-4.998482e-01,5.158345e-15,1.401166e-01,-5.000000e-01,7.071068e-01,-7.973634e-15,-4.998482e-01,1.401166e-01,-1.750596e-16,-5.000000e-01,-1.156809e-14,-7.071068e-01,-4.998482e-01,-5.419748e-15,-1.401166e-01,-5.000000e-01,-7.071068e-01,1.802388e-14,-4.998482e-01,-1.401166e-01,-4.351111e-16
130.1,635.0,-5.000000e-01,-5.169795e-15,7.071068e-01,-4.998482e-01,5.626575e-15,1.401334e-01,-5.000000e-01,7.071068e-01,1.340470e-14,-4.998482e-01,1.401334e-01,-4.703856e-14,-5.000000e-01,5.522608e-15,-7.071068e-01,-4.998482e-01,-4.399710e-15,-1.401334e-01,-5.000000e-01,-7.071068e-01,-9.005779e-15,-4.998482e-01,-1.401334e-01,4.710017e-14
130.1,660.0,-5.000000e-01,-2.315914e-14,7.071068e-01,-4.998483e-01,-4.441791e-15,1.401503e-01,-5.000000e-01,7.071068e-01,2.839464e-14,-4.998483e-01,1.401503e-01,9.019540e-15,-5.000000e-01,2.490665e-14,-7.071068e-01,-4.998483e-01,1.911671e-15,-1.401503e-01,-5.000000e-01,-7.071068e-01,2.908861e-15,-4.998483e-01,-1.401503e-01,-9.773136e-15
130.1,685.0,-5.000000e-01,-8.751810e-15,7.071068e-01,-4.998483e-01,-1.888578e-15,1.401671e-01,-5.000000e-01,7.071068e-01,7.929509e-15,-4.998483e-01,1.401671e-01,5.637152e-14,-5.000000e-01,5.225612e-15,-7.071068e-01,-4.998483e-01,-1.065555e-16,-1.401671e-01,-5.000000e-01,-7.071068e-01,-6.098454e-15,-4.998483e-01,-1.401671e-01,-5.666084e-14
130.1,710.0,-5.000000e-01,-1.150851e-14,7.071068e-01,-4.998483e-01,-7.889452e-15,1.401841e-01,-5.000000e-01,7.071068e-01,3.459965e-14,-4.998483e-01,1.401841e-01,-6.399689e-15,-5.000000e-01,1.116179e-14,-7.071068e-01,-4.998483e-01,7.293487e-15,-1.401841e-01,-5.000000e-01,-7.071068e-01,-4.241406e-14,-4.998483e-01,-1.401841e-01,6.156255e-15
130.1,735.0,-5.000000e-01,-3.495421e-15,7.071068e-01,-4.998483e-01,9.786936e-15,1.402011e-01,-5.000000e-01,7.071068e-01,-8.707120e-14,-4.998483e-01,1.402011e-01,1.667027e-14,-5.000000e-01,1.336503e-14,-7.071068e-01,-4.998483e-01,-9.508489e-15,-1.402011e-01,-5.000000e-01,-7.071068e-01,8.133122e-14,-4.998483e-01,-1.402011e-01,-1.549279e-14
130.1,760.0,-5.000000e-01,-2.287417e-14,7.071068e-01,-4.998483e-01,3.634472e-15,1.402181e-01,-5.000000e-01,7.071068e-01,-1.064988e-14,-4.998483e-01,1.402181e-01,-1.007357e-14,-5.000000e-01,1.620962e-14,-7.071068e-01,-4.998483e-01,-3.511523e-15,-1.402181e-01,-5.000000e-01,-7.071068e-01,-6.437058e-15,-4.998483e-01,-1.402181e-01,1.118008e-14
130.1,785.0,-5.000000e-01,4.839957e-15,7.071068e-01,-4.998484e-01,1.645652e-15,1.402352e-01,-5.000000e-01,7.071068e-01,-1.676586e-14,-4.998484e-01,1.402352e-01,-4.415117e-15,-5.000000e-01,-7.663327e-15,-7.071068e-01,-4.998484e-01,-1.913124e-15,-1.402352e-01,-5.000000e-01,-7.071068e-01,1.041005e-14,-4.998484e-01,-1.402352e-01,4.222303e-15
130.1,810.0,-5.000000e-01,-2.416384e-14,7.071068e-01,-4.998484e-01,5.475181e-15,1.402524e-01,-5.000000e-01,7.071068e-01,1.914344e-14,-4.998484e-01,1.402524e-01,1.444980e-15,-5.000000e-01,3.332149e-14,-7.071068e-01,-4.998484e-01,-5.420347e-15,-1.402524e-01,-5.000000e-01,-7.071068e-01,-1.454131e-14,-4.998484e-01,-1.402524e-01,-1.745211e-15
130.1,835.0,-5.000000e-01,-3.681974e-14,7.071068e-01,-4.998484e-01,-6.317436e-15,1.402696e-01,-5.000000e-01,7.071068e-01,1.111116e-14,-4.998484e-01,1.402696e-01,-1.603663e-15,-5.000000e-01,3.930245e-14,-7.071068e-01,-4.998484e-01,6.384936e-15,-1.402696e-01,-5.000000e-01,-7.071068e-01,-1.327507e-14,-4.998484e-01,-1.402696e-01,1.631520e-15
130.1,860.0,-5.000000e-01,-6.310753e-14,7.071068e-01,-4.998484e-01,-1.243734e-14,1.402869e-01,-5.000000e-01,7.071068e-01,1.654246e-14,-4.998484e-01,1.402869e-01,3.424705e-14,-5.000000e-01,6.325226e-14,-7.071068e-01,-4.998484e-01,1.252855e-14,-1.402869e-01,-5.000000e-01,-7.071068e-01,-2.083099e-14,-4.998484e-01,-1.402869e-01,-3.633340e-14
130.1,885.0,-5.000000e-01,-8.313539e-15,7.071068e-01,-4.998485e-01,2.026152e-17,1.403042e-01,-5.000000e-01,7.071068e-01,1.156589e-14,-4.998485e-01,1.403042e-01,-5.283108e-15,-5.000000e-01,9.051030e-15,-7.071068e-01,-4.998485e-01,7.811807e-16,-1.403042e-01,-5.000000e-01,-7.071068e-01,-1.033023e-14,-4.998485e-01,-1.403042e-01,4.280973e-15
132.6,10.0,-5.000000e-01,-9.594634e-15,7.071068e-01,-4.998499e-01,-1.531018e-14,1.417778e-01,-5.000000e-01,7.071068e-01,5.843327e-14,-4.998499e-01,1.417778e-01,8.545954e-15,-5.000000e-01,5.265225e-15,-7.071068e-01,-4.998499e-01,1.653370e-14,-1.417778e-01,-5.000000e-01,-7.071068e-01,-5.743013e-14,-4.998499e-01,-1.417778e-01,-7.142182e-15
132.6,35.0,-5.000000e-01,-3.106108e-15,7.071068e-01,-4.998499e-01,2.105535e-15,1.417928e-01,-5.000000e-01,7.071068e-01,-2.587910e-16,-4.998499e-01,1.417928e-01,-5.603206e-15,-5.000000e-01,4.076766e-15,-7.071068e-01,-4.998499e-01,-1.793098e-15,-1.417928e-01,-5.000000e-01,-7.071068e-01,-1.028358e-15,-4.998499e-01,-1.417928e-01,4.269563e-15
132.6,60.0,-5.000000e-01,6.773660e-14,7.071068e-01,-4.998499e-01,4.634462e-16,1.418079e-01,-5.000000e-01,7.071068e-01,5.612831e-15,-4.998499e-01,1.418079e-01,9.409582e-15,-5.000000e-01,-6.384598e-14,-7.071068e-01,-4.998499e-01,-9.034191e-17,-1.418079e-01,-5.000000e-01,-7.071068e-01,-5.660704e-15,-4.998499e-01,-1.418079e-01,-9.153569e-15
132.6,85.0,-5.000000e-01,3.162522e-13,7.071068e-01,-4.998499e-01,2.049177e-14,1.418230e-01,-5.000000e-01,7.071068e-01,3.146442e-13,-4.998499e-01,1.418230e-01,4.785453e-15,-5.000000e-01,-3.192013e-13,-7.071068e-01,-4.998499e-01,-1.831624e-14,-1.418230e-01,-5.000000e-01,-7.071068e-01,-3.089255e-13,-4.998499e-01,-1.418230e-01,-3.706107e-15
132.6,110.0,-5.000000e-01,-1.726834e-15,7.071068e-01,-4.998500e-01,2.989622e-14,1.418381e-01,-5.000000e-01,7.071068e-01,7.799971e-15,-4.998500e-01,1.418381e-01,-6.174619e-16,-5.000000e-01,-2.067679e-15,-7.071068e-01,-4.998500e-01,-2.961917e-14,-1.418381e-01,-5.000000e-01,-7.071068e-01,-7.851996e-15,-4.998500e-01,-1.418381e-01,5.949219e-16
132.6,135.0,-5.000000e-01,-6.187622e-16,7.071068e-01,-4.998500e-01,-1.409082e-14,1.418533e-01,-5.000000e-01,7.071068e-01,-2.489478e-15,-4.998500e-01,1.418533e-01,1.150549e-15,-5.000000e-01,5.596670e-15,-7.071068e-01,-4.998500e-01,1.425770e-14,-1.418533e-01,-5.000000e-01,-7.071068e-01,2.375250e-15,-4.998500e-01,-1.418533e-01,1.046913e-16
132.6,160.0,-5.000000e-01,1.044093e-14,7.071068e-01,-4.998500e-01,-1.971418e-15,1.418686e-01,-5.000000e-01,7.071068e-01,-6.716134e-15,-4.998500e-01,1.418686e-01,1.447608e-14,-5.000000e-01,6.436950e-15,-7.071068e-01,-4.998500e-01,1.961877e-15,-1.418686e-01,-5.000000e-01,-7.071068e-01,7.230904e-15,-4.998500e-01,-1.418686e-01,-1.507521e-14
132.6,185.0,-5.000000e-01,3.104565e-14,7.071068e-01,-4.998500e-01,-1.762228e-15,1.418839e-01,-5.000000e-01,7.071068e-01,6.538390e-15,-4.998500e-01,1.418839e-01,4.346367e-15,-5.000000e-01,-2.537348e-14,-7.071068e-01,-4.998500e-01,2.346953e-15,-1.418839e-01,-5.000000e-01,-7.071068e-01,-6.629422e-15,-4.998500e-01,-1.418839e-01,-4.219547e-15
132.6,210.0,-5.000000e-01,4.941705e-14,7.071068e-01,-4.998500e-01,8.033442e-16,1.418993e-01,-5.000000e-01,7.071068e-01,3.810313e-15,-4.998500e-01,1.418993e-01,-5.082167e-15,-5.000000e-01,-5.050177e-14,-7.071068e-01,-4.998500e-01,-4.714694e-18,-1.418993e-01,-5.000000e-01,-7.071068e-01,-3.237384e-15,-4.998500e-01,-1.418993e-01,5.279887e-15
132.6,235.0,-5.000000e-01,3.491464e-14,7.071068e-01,-4.998500e-01,4.454684e-15,1.419147e-01,-5.000000e-01,7.071068e-01,-1.130529e-14,-4.998500e-01,1.419147e-01,1.167753e-15,-5.000000e-01,-4.278339e-14,-7.071068e-01,-4.998500e-01,-4.304517e-15,-1.419147e-01,-5.000000e-01,-7.071068e-01,1.085105e-14,-4.998500e-01,-1.419147e-01,4.943540e-17
132.6,260.0,-5.000000e-01,-1.263586e-14,7.071068e-01,-4.998501e-01,-1.548851e-15,1.419301e-01,-5.000000e-01,7.071068e-01,4.145191e-15,-4.998501e-01,1.419301e-01,1.035307e-14,-5.000000e-01,1.506583e-14,-7.071068e-01,-4.998501e-01,3.257205e-15,-1.419301e-01,-5.000000e-01,-7.071068e-01,-4.043684e-15,-4.998501e-01,-1.419301e-01,-1.039734e-14
132.6,285.0,-5.000000e-01,5.487495e-14,7.071068e-01,-4.998501e-01,-2.857482e-15,1.419456e-01,-5.000000e-01,7.071068e-01,2.217862e-15,-4.998501e-01,1.419456e-01,1.146599e-14,-5.000000e-01,-6.363277e-14,-7.071068e-01,-4.998501e-01,3.493364e-15,-1.419456e-01,-5.000000e-01,-7.071068e-01,-2.738117e-15,-4.998501e-01,-1.419456e-01,-1.181795e-14
132.6,310.0,-5.000000e-01,2.149438e-14,7.071068e-01,-4.998501e-01,-2.973525e-15,1.419612e-01,-5.000000e-01,7.071068e-01,7.231804e-15,-4.998501e-01,1.419612e-01,7.502350e-15,-5.000000e-01,-2.873328e-14,-7.071068e-01,-4.998501e-01,3.235047e-15,-1.419612e-01,-5.000000e-01,-7.071068e-01,-7.136037e-15,-4.998501e-01,-1.419612e-01,-7.609091e-15
132.6,335.0,-5.000000e-01,1.123105e-13,7.071068e-01,-4.998501e-01,2.569098e-15,1.419768e-01,-5.000000e-01,7.071068e-01,-1.164795e-15,-4.998501e-01,1.419768e-01,1.202715e-15,-5.000000e-01,-1.073483e-13,-7.071068e-01,-4.998501e-01,-2.294795e-15,-1.419768e-01,-5.000000e-01,-7.071068e-01,1.149917e-15,-4.998501e-01,-1.419768e-01,-1.039981e-15
132.6,360.0,-5.000000e-01,-1.511428e-14,7.071068e-01,-4.998501e-01,3.217265e-15,1.419924e-01,-5.000000e-01,7.071068e-01,1.032742e-15,-4.998501e-01,1.419924e-01,1.584877e-14,-5.000000e-01,2.795760e-14,-7.071068e-01,-4.998501e-01,9.895958e-15,-1.419924e-01,-5.000000e-01,-7.071068e-01,8.869083e-15,-4.998501e-01,-1.419924e-01,1.002780e-14
132.6,385.0,-5.000000e-01,9.623185e-15,7.071068e-01,-4.998502e-01,4.164395e-15,1.420081e-01,-5.000000e-01,7.071068e-01,-4.440242e-16,-4.998502e-01,1.420081e-01,4.385729e-15,-5.000000e-01,-2.184052e-14,-7.071068e-01,-4.998502e-01,-1.653128e-15,-1.420081e-01,-5.000000e-01,-7.071068e-01,-9.718680e-15,-4.998502e-01,-1.420081e-01,-2.645128e-15
132.6,410.0,-5.000000e-01,-4.592637e-15,7.071068e-01,-4.998502e-01,8.728989e-15,1.420239e-01,-5.000000e-01,7.071068e-01,-3.337260e-15,-4.998502e-01,1.420239e-01,1.989616e-14,-5.000000e-01,2.970172e-15,-7.071068e-01,-4.998502e-01,-1.474464e-14,-1.420239e-01,-5.000000e-01,-7.071068e-01,8.066990e-15,-4.998502e-01,-1.420239e-01,3.915498e-14
132.6,435.0,-5.000000e-01,1.800291e-14,7.071068e-01,-4.998502e-01,-1.518522e-14,1.420397e-01,-5.000000e-01,7.071068e-01,1.342110e-14,-4.998502e-01,1.420397e-01,-1.819293e-14,-5.000000e-01,-1.715950e-14,-7.071068e-01,-4.998502e-01,6.899766e-15,-1.420397e-01,-5.000000e-01,-7.071068e-01,1.165347e-14,-4.998502e-01,-1.420397e-01,2.334142e-14
132.6,460.0,-5.000000e-01,2.433510e-14,7.071068e-01,-4.998502e-01,-3.298050e-15,1.420556e-01,-5.000000e-01,7.071068e-01,1.959806e-14,-4.998502e-01,1.420556e-01,5.528709e-15,-5.000000e-01,-1.204584e-14,-7.071068e-01,-4.998502e-01,4.763760e-15,-1.420556e-01,-5.000000e-01,-7.071068e-01,-6.405498e-15,-4.998502e-01,-1.420556e-01,-6.177855e-15
132.6,485.0,-5.000000e-01,1.063516e-14,7.071068e-01,-4.998502e-01,1.040693e-15,1.420715e-01,-5.000000e-01,7.071068e-01,-2.198677e-14,-4.998502e-01,1.420715e-01,7.072504e-15,-5.000000e-01,-1.433208e-14,-7.071068e-01,-4.998502e-01,-8.293835e-15,-1.420715e-01,-5.000000e-01,-7.071068e-01,3.115871e-14,-4.998502e-01,-1.420715e-01,-6.545637e-15
132.6,510.0,-5.000000e-01,-3.662607e-14,7.071068e-01,-4.998503e-01,-8.855971e-16,1.420874e-01,-5.000000e-01,7.071068e-01,4.515125e-16,-4.998503e-01,1.420874e-01,-7.183888e-15,-5.000000e-01,3.741904e-14,-7.071068e-01,-4.998503e-01,4.347699e-16,-1.420874e-01,-5.000000e-01,-7.071068e-01,7.407044e-15,-4.998503e-01,-1.420874e-01,6.578639e-15
132.6,535.0,-5.000000e-01,1.876858e-14,7.071068e-01,-4.998503e-01,4.729523e-15,1.421034e-01,-5.000000e-01,7.071068e-01,-9.472885e-15,-4.998503e-01,1.421034e-01,-4.421738e-15,-5.000000e-01,-2.101706e-14,-7.071068e-01,-4.998503e-01,-3.811075e-15,-1.421034e-01,-5.000000e-01,-7.071068e-01,1.248385e-14,-4.998503e-01,-1.421034e-01,4.943208e-15
132.6,560.0,-5.000000e-01,2.442200e-14,7.071068e-01,-4.998503e-01,-1.157566e-14,1.421195e-01,-5.000000e-01,7.071068e-01,3.551523e-14,-4.998503e-01,1.421195e-01,8.260405e-15,-5.000000e-01,-2.582836e-14,-7.071068e-01,-4.998503e-01,3.552572e-15,-1.421195e-01,-5.000000e-01,-7.071068e-01,-1.960874e-14,-4.998503e-01,-1.421195e-01,-8.634694e-15
132.6,585.0,-5.000000e-01,-1.324140e-14,7.071068e-01,-4.998503e-01,-3.633905e-15,1.421356e-01,-5.000000e-01,7.071068e-01,2.466189e-14,-4.998503e-01,1.421356e-01,3.615431e-15,-5.000000e-01,1.248408e-14,-7.071068e-01,-4.998503e-01,4.007077e-15,-1.421356e-01,-5.000000e-01,-7.071068e-01,1.412657e-14,-4.998503e-01,-1.421356e-01,-3.375610e-15
132.6,610.0,-5.000000e-01,-4.572514e-14,7.071068e-01,-4.998503e-01,1.124649e-16,1.421518e-01,-5.000000e-01,7.071068e-01,-1.446754e-14,-4.998503e-01,1.421518e-01,-2.822621e-16,-5.000000e-01,4.731921e-14,-7.071068e-01,-4.998503e-01,-1.045235e-15,-1.421518e-01,-5.000000e-01,-7.071068e-01,6.895727e-15,-4.998503e-01,-1.421518e-01,-1.076791e-15
132.6,635.0,-5.000000e-01,-9.338599e-15,7.071068e-01,-4.998503e-01,-1.021700e-15,1.421680e-01,-5.000000e-01,7.071068e-01,4.000158e-14,-4.998503e-01,1.421680e-01,3.635337e-15,-5.000000e-01,5.436262e-15,-7.071068e-01,-4.998503e-01,8.153406e-16,-1.421680e-01,-5.000000e-01,-7.071068e-01,-2.328477e-14,-4.998503e-01,-1.421680e-01,-3.361358e-15
132.6,660.0,-5.000000e-01,2.796393e-15,7.071068e-01,-4.998504e-01,2.982115e-15,1.421843e-01,-5.000000e-01,7.071068e-01,-1.356362e-14,-4.998504e-01,1.421843e-01,2.066149e-15,-5.000000e-01,-1.832929e-15,-7.071068e-01,-4.998504e-01,-1.063145e-16,-1.421843e-01,-5.000000e-01,-7.071068e-01,-1.580197e-14,-4.998504e-01,-1.421843e-01,-2.289640e-15
132.6,685.0,-5.000000e-01,-1.629661e-14,7.071068e-01,-4.998504e-01,5.629040e-15,1.422006e-01,-5.000000e-01,7.071068e-01,-2.105400e-14,-4.998504e-01,1.422006e-01,-1.659829e-14,-5.000000e-01,2.595030e-14,-7.071068e-01,-4.998504e-01,-5.422673e-15,-1.422006e-01,-5.000000e-01,-7.071068e-01,2.086533e-14,-4.998504e-01,-1.422006e-01,1.562434e-14
132.6,710.0,-5.000000e-01,-1.278656e-14,7.071068e-01,-4.998504e-01,9.711072e-15,1.422170e-01,-5.000000e-01,7.071068e-01,5.180284e-14,-4.998504e-01,1.422170e-01,9.516789e-14,-5.000000e-01,2.108113e-14,-7.071068e-01,-4.998504e-01,-9.736733e-15,-1.422170e-01,-5.000000e-01,-7.071068e-01,-6.195131e-14,-4.998504e-01,-1.422170e-01,-9.436985e-14
132.6,735.0,-5.000000e-01,-9.996370e-16,7.071068e-01,-4.998504e-01,1.219098e-15,1.422334e-01,-5.000000e-01,7.071068e-01,-5.508890e-15,-4.998504e-01,1.422334e-01,-2.411247e-14,-5.000000e-01,-6.496286e-15,-7.071068e-01,-4.998504e-01,-1.061944e-15,-1.422334e-01,-5.000000e-01,-7.071068e-01,-4.189714e-15,-4.998504e-01,-1.422334e-01,2.425913e-14
132.6,760.0,-5.000000e-01,-1.145829e-14,7.071068e-01,-4.998504e-01,-1.460164e-15,1.422499e-01,-5.000000e-01,7.071068e-01,3.155582e-14,-4.998504e-01,1.422499e-01,-1.923955e-14,-5.000000e-01,1.133827e-14,-7.071068e-01,-4.998504e-01,8.307891e-16,-1.422499e-01,-5.000000e-01,-7.071068e-01,-2.158206e-14,-4.998504e-01,-1.422499e-01,1.971246e-14
132.6,785.0,-5.000000e-01,-7.222226e-16,7.071068e-01,-4.998505e-01,3.177192e-15,1.422664e-01,-5.000000e-01,7.071068e-01,9.016195e-15,-4.998505e-01,1.422664e-01,-3.860608e-15,-5.000000e-01,-3.804669e-15,-7.071068e-01,-4.998505e-01,-2.791408e-15,-1.422664e-01,-5.000000e-01,-7.071068e-01,1.743753e-14,-4.998505e-01,-1.422664e-01,3.634016e-15
132.6,810.0,-5.000000e-01,-9.633557e-15,7.071068e-01,-4.998505e-01,4.067340e-15,1.422830e-01,-5.000000e-01,7.071068e-01,2.318185e-14,-4.998505e-01,1.422830e-01,2.349829e-14,-5.000000e-01,1.074568e-14,-7.071068e-01,-4.998505e-01,-3.957619e-15,-1.422830e-01,-5.000000e-01,-7.071068e-01,-2.568938e-14,-4.998505e-01,-1.422830e-01,-2.355585e-14
132.6,835.0,-5.000000e-01,2.637666e-13,7.071068e-01,-4.998505e-01,-1.616526e-15,1.422997e-01,-5.000000e-01,7.071068e-01,1.504487e-14,-4.998505e-01,1.422997e-01,-8.452774e-15,-5.000000e-01,-2.635908e-13,-7.071068e-01,-4.998505e-01,9.802652e-16,-1.422997e-01,-5.000000e-01,-7.071068e-01,1.035135e-14,-4.998505e-01,-1.422997e-01,8.576910e-15
132.6,860.0,-5.000000e-01,7.351204e-15,7.071068e-01,-4.998505e-01,-1.309630e-15,1.423164e-01,-5.000000e-01,7.071068e-01,2.262368e-14,-4.998505e-01,1.423164e-01,-4.237595e-15,-5.000000e-01,9.129109e-16,-7.071068e-01,-4.998505e-01,1.131695e-15,-1.423164e-01,-5.000000e-01,-7.071068e-01,-2.655020e-14,-4.998505e-01,-1.423164e-01,3.296424e-15
132.6,885.0,-5.000000e-01,-2.405184e-14,7.071068e-01,-4.998505e-01,-5.606393e-16,1.423331e-01,-5.000000e-01,7.071068e-01,-8.428270e-16,-4.998505e-01,1.423331e-01,4.823160e-15,-5.000000e-01,2.990901e-14,-7.071068e-01,-4.998505e-01,4.441352e-16,-1.423331e-01,-5.000000e-01,-7.071068e-01,2.304664e-14,-4.998505e-01,-1.423331e-01,-5.007194e-15
135.1,10.0,-5.000000e-01,-1.311589e-14,7.071068e-01,-4.998519e-01,-2.361599e-15,1.438149e-01,-5.000000e-01,7.071068e-01,1.660248e-15,-4.998519e-01,1.438149e-01,-2.253696e-14,-5.000000e-01,1.425393e-14,-7.071068e-01,-4.998519e-01,2.754668e-15,-1.438149e-01,-5.000000e-01,-7.071068e-01,-1.234928e-14,-4.998519e-01,-1.438149e-01,2.377629e-14
135.1,35.0,-5.000000e-01,-2.793370e-15,7.071068e-01,-4.998519e-01,3.917323e-15,1.438294e-01,-5.000000e-01,7.071068e-01,-3.455003e-15,-4.998519e-01,1.438294e-01,-1.662123e-14,-5.000000e-01,2.793370e-15,-7.071068e-01,-4.998519e-01,-4.550561e-15,-1.438294e-01,-5.000000e-01,-7.071068e-01,7.266602e-15,-4.998519e-01,-1.438294e-01,1.575458e-14
135.1,60.0,-5.000000e-01,7.943234e-14,7.071068e-01,-4.998520e-01,-2.547133e-14,1.438439e-01,-5.000000e-01,7.071068e-01,1.290705e-13,-4.998520e-01,1.438439e-01,-1.774167e-14,-5.000000e-01,-8.178182e-14,-7.071068e-01,-4.998520e-01,3.002061e-14,-1.438439e-01,-5.000000e-01,-7.071068e-01,-1.331813e-13,-4.998520e-01,-1.438439e-01,1.740098e-14
135.1,85.0,-5.000000e-01,2.766706e-15,7.071068e-01,-4.998520e-01,1.831863e-15,1.438585e-01,-5.000000e-01,7.071068e-01,7.173419e-15,-4.998520e-01,1.438585e-01,-5.045877e-14,-5.000000e-01,-2.305644e-15,-7.071068e-01,-4.998520e-01,-1.435700e-15,-1.438585e-01,-5.000000e-01,-7.071068e-01,-1.532551e-14,-4.998520e-01,-1.438585e-01,4.961174e-14
135.1,110.0,-5.000000e-01,-2.691036e-14,7.071068e-01,-4.998520e-01,-9.358090e-15,1.438732e-01,-5.000000e-01,7.071068e-01,7.068457e-15,-4.998520e-01,1.438732e-01,-6.664198e-15,-5.000000e-01,2.663959e-14,-7.071068e-01,-4.998520e-01,8.747978e-15,-1.438732e-01,-5.000000e-01,-7.071068e-01,-2.422337e-15,-4.998520e-01,-1.438732e-01,5.578819e-15
135.1,135.0,-5.000000e-01,5.564827e-14,7.071068e-01,-4.998520e-01,4.565211e-15,1.438879e-01,-5.000000e-01,7.071068e-01,-1.214029e-14,-4.998520e-01,1.438879e-01,-2.142315e-14,-5.000000e-01,-5.917841e-14,-7.071068e-01,-4.998520e-01,-3.883985e-15,-1.438879e-01,-5.000000e-01,-7.071068e-01,1.242775e-14,-4.998520e-01,-1.438879e-01,2.088231e-14
135.1,160.0,-5.000000e-01,1.185970e-14,7.071068e-01,-4.998520e-01,1.888912e-15,1.439026e-01,-5.000000e-01,7.071068e-01,-6.969941e-15,-4.998520e-01,1.439026e-01,-1.857947e-15,-5.000000e-01,-1.246367e-14,-7.071068e-01,-4.998520e-01,-2.159594e-15,-1.439026e-01,-5.000000e-01,-7.071068e-01,6.276080e-15,-4.998520e-01,-1.439026e-01,1.448938e-15
135.1,185.0,-5.000000e-01,6.466911e-16,7.071068e-01,-4.998520e-01,-2.058205e-15,1.439174e-01,-5.000000e-01,7.071068e-01,9.308004e-15,-4.998520e-01,1.439174e-01,-3.025502e-15,-5.000000e-01,-1.342058e-15,-7.071068e-01,-4.998520e-01,2.623890e-15,-1.439174e-01,-5.000000e-01,-7.071068e-01,-9.887420e-15,-4.998520e-01,-1.439174e-01,2.766855e-15
135.1,210.0,-5.000000e-01,-5.584253e-14,7.071068e-01,-4.998521e-01,8.353429e-16,1.439322e-01,-5.000000e-01,7.071068e-01,-1.140693e-15,-4.998521e-01,1.439322e-01,2.350542e-15,-5.000000e-01,7.616028e-14,-7.071068e-01,-4.998521e-01,7.439699e-17,-1.439322e-01,-5.000000e-01,-7.071068e-01,1.128559e-15,-4.998521e-01,-1.439322e-01,-1.990717e-15
135.1,235.0,-5.000000e-01,3.434379e-14,7.071068e-01,-4.998521e-01,-1.374130e-15,1.439471e-01,-5.000000e-01,7.071068e-01,1.248076e-15,-4.998521e-01,1.439471e-01,5.921807e-15,-5.000000e-01,-2.871517e-14,-7.071068e-01,-4.998521e-01,2.120092e-15,-1.439471e-01,-5.000000e-01,-7.071068e-01,-1.851668e-15,-4.998521e-01,-1.439471e-01,-5.805800e-15
135.1,260.0,-5.000000e-01,1.418521e-14,7.071068e-01,-4.998521e-01,1.400756e-15,1.439620e-01,-5.000000e-01,7.071068e-01,-1.057144e-14,-4.998521e-01,1.439620e-01,-2.665221e-15,-5.000000e-01,-6.918935e-15,-7.071068e-01,-4.998521e-01,-1.290872e-16,-1.439620e-01,-5.000000e-01,-7.071068e-01,1.047898e-14,-4.998521e-01,-1.439620e-01,2.767337e-15
135.1,285.0,-5.000000e-01,-5.239696e-14,7.071068e-01,-4.998521e-01,-4.554687e-16,1.439770e-01,-5.000000e-01,7.071068e-01,6.780803e-16,-4.998521e-01,1.439770e-01,-1.592531e-15,-5.000000e-01,3.650141e-14,-7.071068e-01,-4.998521e-01,1.120211e-15,-1.439770e-01,-5.000000e-01,-7.071068e-01,9.563906e-17,-4.998521e-01,-1.439770e-01,2.156222e-15
135.1,310.0,-5.000000e-01,5.224232e-14,7.071068e-01,-4.998521e-01,-1.712970e-15,1.439920e-01,-5.000000e-01,7.071068e-01,4.074145e-15,-4.998521e-01,1.439920e-01,7.752201e-15,-5.000000e-01,-5.654610e-14,-7.071068e-01,-4.998521e-01,1.710979e-15,-1.439920e-01,-5.000000e-01,-7.071068e-01,-4.718784e-15,-4.998521e-01,-1.439920e-01,-7.223034e-15
135.1,335.0,-5.000000e-01,-3.537562e-14,7.071068e-01,-4.998521e-01,6.568238e-16,1.440071e-01,-5.000000e-01,7.071068e-01,5.124228e-15,-4.998521e-01,1.440071e-01,-1.938369e-15,-5.000000e-01,5.084205e-14,-7.071068e-01,-4.998521e-01,-4.142973e-17,-1.440071e-01,-5.000000e-01,-7.071068e-01,-5.672014e-15,-4.998521e-01,-1.440071e-01,1.939141e-15
135.1,360.0,-5.000000e-01,1.184335e-13,7.071068e-01,-4.998522e-01,1.344059e-15,1.440222e-01,-5.000000e-01,7.071068e-01,1.466769e-13,-4.998522e-01,1.440222e-01,4.407624e-15,-5.000000e-01,-1.236568e-13,-7.071068e-01,-4.998522e-01,-3.000142e-15,-1.440222e-01,-5.000000e-01,-7.071068e-01,-1.395307e-13,-4.998522e-01,-1.440222e-01,-3.854753e-15
135.1,385.0,-5.000000e-01,2.786886e-14,7.071068e-01,-4.998522e-01,-5.178272e-17,1.440374e-01,-5.000000e-01,7.071068e-01,5.077909e-15,-4.998522e-01,1.440374e-01,-1.012541e-14,-5.000000e-01,-4.003033e-14,-7.071068e-01,-4.998522e-01,2.749244e-16,-1.440374e-01,-5.000000e-01,-7.071068e-01,-4.938730e-15,-4.998522e-01,-1.440374e-01,9.889888e-15
135.1,410.0,-5.000000e-01,8.109929e-15,7.071068e-01,-4.998522e-01,8.501386e-16,1.440526e-01,-5.000000e-01,7.071068e-01,-1.027560e-14,-4.998522e-01,1.440526e-01,-8.214250e-17,-5.000000e-01,9.172358e-15,-7.071068e-01,-4.998522e-01,9.228656e-17,-1.440526e-01,-5.000000e-01,-7.071068e-01,9.746354e-15,-4.998522e-01,-1.440526e-01,-3.006694e-16
135.1,435.0,-5.000000e-01,3.330898e-16,7.071068e-01,-4.998522e-01,1.749309e-15,1.440679e-01,-5.000000e-01,7.071068e-01,9.362048e-15,-4.998522e-01,1.440679e-01,1.218843e-15,-5.000000e-01,-2.636961e-15,-7.071068e-01,-4.998522e-01,-1.411277e-15,-1.440679e-01,-5.000000e-01,-7.071068e-01,-9.591069e-15,-4.998522e-01,-1.440679e-01,-1.003805e-15
135.1,460.0,-5.000000e-01,3.729877e-16,7.071068e-01,-4.998522e-01,-8.938464e-15,1.440832e-01,-5.000000e-01,7.071068e-01,6.803534e-15,-4.998522e-01,1.440832e-01,-6.659236e-15,-5.000000e-01,-3.085626e-15,-7.071068e-01,-4.998522e-01,7.968838e-15,-1.440832e-01,-5.000000e-01,-7.071068e-01,-7.215296e-15,-4.998522e-01,-1.440832e-01,6.537899e-15
135.1,485.0,-5.000000e-01,-2.370744e-15,7.071068e-01,-4.998523e-01,-4.015142e-15,1.440986e-01,-5.000000e-01,7.071068e-01,4.496194e-15,-4.998523e-01,1.440986e-01,2.436561e-14,-5.000000e-01,-5.054342e-15,-7.071068e-01,-4.998523e-01,1.356876e-15,-1.440986e-01,-5.000000e-01,-7.071068e-01,-2.432168e-15,-4.998523e-01,-1.440986e-01,-2.241539e-14
135.1,510.0,-5.000000e-01,-1.025039e-14,7.071068e-01,-4.998523e-01,1.103094e-14,1.441140e-01,-5.000000e-01,7.071068e-01,-5.452650e-15,-4.998523e-01,1.441140e-01,-1.367538e-15,-5.000000e-01,8.814119e-15,-7.071068e-01,-4.998523e-01,-2.250842e-15,-1.441140e-01,-5.000000e-01,-7.071068e-01,2.747859e-14,-4.998523e-01,-1.441140e-01,1.375636e-16
135.1,535.0,-5.000000e-01,2.589436e-14,7.071068e-01,-4.998523e-01,2.063162e-14,1.441295e-01,-5.000000e-01,7.071068e-01,-2.434206e-14,-4.998523e-01,1.441295e-01,3.640993e-15,-5.000000e-01,-2.351513e-14,-7.071068e-01,-4.998523e-01,-9.901959e-15,-1.441295e-01,-5.000000e-01,-7.071068e-01,2.881926e-14,-4.998523e-01,-1.441295e-01,5.111415e-15
135.1,560.0,-5.000000e-01,-8.328786e-15,7.071068e-01,-4.998523e-01,-2.039778e-15,1.441450e-01,-5.000000e-01,7.071068e-01,3.442076e-15,-4.998523e-01,1.441450e-01,-3.453958e-17,-5.000000e-01,1.272791e-15,-7.071068e-01,-4.998523e-01,2.661224e-15,-1.441450e-01,-5.000000e-01,-7.071068e-01,7.446410e-16,-4.998523e-01,-1.441450e-01,2.100020e-15
135.1,585.0,-5.000000e-01,-5.718526e-14,7.071068e-01,-4.998523e-01,-3.142035e-14,1.441606e-01,-5.000000e-01,7.071068e-01,7.738010e-15,-4.998523e-01,1.441606e-01,2.124362e-14,-5.000000e-01,3.964089e-14,-7.071068e-01,-4.998523e-01,2.316177e-15,-1.441606e-01,-5.000000e-01,-7.071068e-01,-6.004930e-15,-4.998523e-01,-1.441606e-01,3.260609e-15
135.1,610.0,-5.000000e-01,-3.079148e-14,7.071068e-01,-4.998523e-01,2.521568e-14,1.441762e-01,-5.000000e-01,7.071068e-01,-1.096057e-14,-4.998523e-01,1.441762e-01,-2.592726e-15,-5.000000e-01,5.407810e-14,-7.071068e-01,-4.998523e-01,1.190122e-14,-1.441762e-01,-5.000000e-01,-7.071068e-01,6.074042e-15,-4.998523e-01,-1.441762e-01,6.372228e-15
135.1,635.0,-5.000000e-01,6.330980e-15,7.071068e-01,-4.998524e-01,-1.582492e-15,1.441919e-01,-5.000000e-01,7.071068e-01,-2.711682e-15,-4.998524e-01,1.441919e-01,3.987607e-14,-5.000000e-01,-7.993115e-15,-7.071068e-01,-4.998524e-01,-2.295753e-15,-1.441919e-01,-5.000000e-01,-7.071068e-01,1.215814e-14,-4.998524e-01,-1.441919e-01,-3.575368e-15
135.1,660.0,-5.000000e-01,2.813909e-14,7.071068e-01,-4.998524e-01,-5.125940e-15,1.442076e-01,-5.000000e-01,7.071068e-01,1.908081e-14,-4.998524e-01,1.442076e-01,-1.912364e-15,-5.000000e-01,-3.134424e-14,-7.071068e-01,-4.998524e-01,5.839461e-15,-1.442076e-01,-5.000000e-01,-7.071068e-01,-1.857152e-14,-4.998524e-01,-1.442076e-01,2.187500e-15
135.1,685.0,-5.000000e-01,1.036858e-14,7.071068e-01,-4.998524e-01,-4.017964e-15,1.442234e-01,-5.000000e-01,7.071068e-01,1.306425e-14,-4.998524e-01,1.442234e-01,4.534492e-14,-5.000000e-01,-1.020861e-14,-7.071068e-01,-4.998524e-01,5.213661e-15,-1.442234e-01,-5.000000e-01,-7.071068e-01,-1.367293e-14,-4.998524e-01,-1.442234e-01,-4.482185e-14
135.1,710.0,-5.000000e-01,-1.432712e-14,7.071068e-01,-4.998524e-01,4.904473e-16,1.442392e-01,-5.000000e-01,7.071068e-01,1.242177e-14,-4.998524e-01,1.442392e-01,-2.405040e-14,-5.000000e-01,5.515245e-15,-7.071068e-01,-4.998524e-01,-7.713714e-16,-1.442392e-01,-5.000000e-01,-7.071068e-01,-5.185461e-15,-4.998524e-01,-1.442392e-01,2.240699e-14
135.1,735.0,-5.000000e-01,8.086489e-15,7.071068e-01,-4.998524e-01,-2.393358e-15,1.442551e-01,-5.000000e-01,7.071068e-01,-2.073822e-15,-4.998524e-01,1.442551e-01,1.367565e-15,-5.000000e-01,-9.484518e-15,-7.071068e-01,-4.998524e-01,3.065335e-15,-1.442551e-01,-5.000000e-01,-7.071068e-01,1.514840e-14,-4.998524e-01,-1.442551e-01,-1.437213e-15
135.1,760.0,-5.000000e-01,-3.539857e-14,7.071068e-01,-4.998524e-01,-8.461883e-16,1.442710e-01,-5.000000e-01,7.071068e-01,6.711298e-15,-4.998524e-01,1.442710e-01,-4.402566e-14,-5.000000e-01,3.585414e-14,-7.071068e-01,-4.998524e-01,1.516934e-15,-1.442710e-01,-5.000000e-01,-7.071068e-01,4.247678e-15,-4.998524e-01,-1.442710e-01,4.370383e-14
135.1,785.0,-5.000000e-01,1.375042e-13,7.071068e-01,-4.998525e-01,1.118439e-14,1.442870e-01,-5.000000e-01,7.071068e-01,1.277595e-13,-4.998525e-01,1.442870e-01,-2.161504e-15,-5.000000e-01,-1.352002e-13,-7.071068e-01,-4.998525e-01,-5.240539e-15,-1.442870e-01,-5.000000e-01,-7.071068e-01,-1.292849e-13,-4.998525e-01,-1.442870e-01,2.316239e-15
135.1,810.0,-5.000000e-01,2.321616e-14,7.071068e-01,-4.998525e-01,8.064841e-16,1.443030e-01,-5.000000e-01,7.071068e-01,-2.293174e-15,-4.998525e-01,1.443030e-01,3.312690e-15,-5.000000e-01,-1.542093e-14,-7.071068e-01,-4.998525e-01,6.557240e-16,-1.443030e-01,-5.000000e-01,-7.071068e-01,7.416708e-16,-4.998525e-01,-1.443030e-01,-2.625980e-15
135.1,835.0,-5.000000e-01,3.409892e-15,7.071068e-01,-4.998525e-01,-8.880654e-16,1.443191e-01,-5.000000e-01,7.071068e-01,-1.140804e-14,-4.998525e-01,1.443191e-01,-3.524602e-15,-5.000000e-01,-7.039778e-15,-7.071068e-01,-4.998525e-01,1.071835e-15,-1.443191e-01,-5.000000e-01,-7.071068e-01,-8.510498e-15,-4.998525e-01,-1.443191e-01,3.695211e-15
135.1,860.0,-5.000000e-01,2.668896e-14,7.071068e-01,-4.998525e-01,-4.813893e-15,1.443353e-01,-5.000000e-01,7.071068e-01,2.107841e-14,-4.998525e-01,1.443353e-01,3.830356e-14,-5.000000e-01,-3.119272e-14,-7.071068e-01,-4.998525e-01,5.807201e-15,-1.443353e-01,-5.000000e-01,-7.071068e-01,-1.492518e-14,-4.998525e-01,-1.443353e-01,-3.774469e-14
135.1,885.0,-5.000000e-01,-3.886281e-15,7.071068e-01,-4.998525e-01,1.368279e-15,1.443515e-01,-5.000000e-01,7.071068e-01,-2.589275e-15,-4.998525e-01,1.443515e-01,1.418164e-15,-5.000000e-01,2.710833e-15,-7.071068e-01,-4.998525e-01,-1.295447e-15,-1.443515e-01,-5.000000e-01,-7.071068e-01,5.887427e-15,-4.998525e-01,-1.443515e-01,-7.487799e-16
137.6,10.0,-5.000000e-01,5.984868e-14,7.071068e-01,-4.998539e-01,1.951743e-15,1.458405e-01,-5.000000e-01,7.071068e-01,1.019413e-14,-4.998539e-01,1.458405e-01,-2.552413e-14,-5.000000e-01,-5.962238e-14,-7.071068e-01,-4.998539e-01,-1.687332e-15,-1.458405e-01,-5.000000e-01,-7.071068e-01,-3.994374e-14,-4.998539e-01,-1.458405e-01,2.521114e-14
137.6,35.0,-5.000000e-01,-9.315600e-15,7.071068e-01,-4.998539e-01,2.986050e-15,1.458545e-01,-5.000000e-01,7.071068e-01,-3.848517e-15,-4.998539e-01,1.458545e-01,5.421154e-15,-5.000000e-01,3.345294e-16,-7.071068e-01,-4.998539e-01,-6.984366e-15,-1.458545e-01,-5.000000e-01,-7.071068e-01,-8.009508e-15,-4.998539e-01,-1.458545e-01,-4.766536e-15
137.6,60.0,-5.000000e-01,-1.914453e-14,7.071068e-01,-4.998539e-01,-1.031293e-15,1.458685e-01,-5.000000e-01,7.071068e-01,8.290401e-15,-4.998539e-01,1.458685e-01,3.409460e-15,-5.000000e-01,1.963842e-14,-7.071068e-01,-4.998539e-01,9.480088e-16,-1.458685e-01,-5.000000e-01,-7.071068e-01,7.072191e-15,-4.998539e-01,-1.458685e-01,-3.605080e-15
137.6,85.0,-5.000000e-01,3.014007e-15,7.071068e-01,-4.998539e-01,-5.907972e-15,1.458826e-01,-5.000000e-01,7.071068e-01,-6.543604e-15,-4.998539e-01,1.458826e-01,3.323045e-15,-5.000000e-01,-2.175180e-15,-7.071068e-01,-4.998539e-01,5.789026e-15,-1.458826e-01,-5.000000e-01,-7.071068e-01,1.503388e-14,-4.998539e-01,-1.458826e-01,-3.466696e-15
137.6,110.0,-5.000000e-01,3.800161e-15,7.071068e-01,-4.998540e-01,2.866917e-16,1.458968e-01,-5.000000e-01,7.071068e-01,-5.417580e-15,-4.998540e-01,1.458968e-01,-5.959880e-16,-5.000000e-01,-2.845274e-15,-7.071068e-01,-4.998540e-01,-3.151943e-16,-1.458968e-01,-5.000000e-01,-7.071068e-01,1.658025e-16,-4.998540e-01,-1.458968e-01,7.005588e-16
137.6,135.0,-5.000000e-01,-2.106587e-14,7.071068e-01,-4.998540e-01,-9.126594e-15,1.459109e-01,-5.000000e-01,7.071068e-01,-1.514109e-14,-4.998540e-01,1.459109e-01,-4.668233e-15,-5.000000e-01,2.176629e-14,-7.071068e-01,-4.998540e-01,8.839197e-15,-1.459109e-01,-5.000000e-01,-7.071068e-01,-7.317931e-16,-4.998540e-01,-1.459109e-01,4.024049e-15
137.6,160.0,-5.000000e-01,1.252292e-14,7.071068e-01,-4.998540e-01,1.139894e-14,1.459252e-01,-5.000000e-01,7.071068e-01,8.044888e-15,-4.998540e-01,1.459252e-01,-2.051151e-15,-5.000000e-01,-1.166810e-14,-7.071068e-01,-4.998540e-01,-1.156255e-14,-1.459252e-01,-5.000000e-01,-7.071068e-01,2.590487e-15,-4.998540e-01,-1.459252e-01,2.599766e-15
137.6,185.0,-5.000000e-01,4.913661e-14,7.071068e-01,-4.998540e-01,1.879784e-15,1.459394e-01,-5.000000e-01,7.071068e-01,-3.596479e-14,-4.998540e-01,1.459394e-01,5.123918e-16,-5.000000e-01,-4.912399e-14,-7.071068e-01,-4.998540e-01,-2.558157e-15,-1.459394e-01,-5.000000e-01,-7.071068e-01,2.577259e-14,-4.998540e-01,-1.459394e-01,1.992234e-16
137.6,210.0,-5.000000e-01,-2.686411e-14,7.071068e-01,-4.998540e-01,1.716857e-15,1.459538e-01,-5.000000e-01,7.071068e-01,-3.768391e-15,-4.998540e-01,1.459538e-01,2.690338e-15,-5.000000e-01,2.829873e-14,-7.071068e-01,-4.998540e-01,-1.419317e-15,-1.459538e-01,-5.000000e-01,-7.071068e-01,-2.609772e-16,-4.998540e-01,-1.459538e-01,-2.194748e-15
137.6,235.0,-5.000000e-01,1.830279e-14,7.071068e-01,-4.998540e-01,-2.838333e-15,1.459681e-01,-5.000000e-01,7.071068e-01,-1.484090e-15,-4.998540e-01,1.459681e-01,-5.050830e-15,-5.000000e-01,-1.780706e-14,-7.071068e-01,-4.998540e-01,3.064196e-15,-1.459681e-01,-5.000000e-01,-7.071068e-01,1.689926e-14,-4.998540e-01,-1.459681e-01,5.651407e-15
137.6,260.0,-5.000000e-01,-1.930101e-14,7.071068e-01,-4.998540e-01,-6.974596e-15,1.459825e-01,-5.000000e-01,7.071068e-01,-7.366594e-15,-4.998540e-01,1.459825e-01,1.399913e-15,-5.000000e-01,1.988060e-14,-7.071068e-01,-4.998540e-01,6.796419e-15,-1.459825e-01,-5.000000e-01,-7.071068e-01,3.161380e-15,-4.998540e-01,-1.459825e-01,-1.036346e-15
137.6,285.0,-5.000000e-01,-6.726155e-15,7.071068e-01,-4.998541e-01,2.641196e-15,1.459970e-01,-5.000000e-01,7.071068e-01,2.819704e-14,-4.998541e-01,1.459970e-01,-2.492885e-14,-5.000000e-01,7.309350e-15,-7.071068e-01,-4.998541e-01,-3.187842e-15,-1.459970e-01,-5.000000e-01,-7.071068e-01,-1.881425e-14,-4.998541e-01,-1.459970e-01,2.456860e-14
137.6,310.0,-5.000000e-01,-2.462302e-14,7.071068e-01,-4.998541e-01,-8.876129e-15,1.460115e-01,-5.000000e-01,7.071068e-01,4.747395e-14,-4.998541e-01,1.460115e-01,-2.147828e-15,-5.000000e-01,2.473205e-14,-7.071068e-01,-4.998541e-01,9.711655e-15,-1.460115e-01,-5.000000e-01,-7.071068e-01,-1.809208e-14,-4.998541e-01,-1.460115e-01,4.351035e-15
137.6,335.0,-5.000000e-01,3.881660e-15,7.071068e-01,-4.998541e-01,4.721902e-15,1.460261e-01,-5.000000e-01,7.071068e-01,-1.288827e-14,-4.998541e-01,1.460261e-01,-1.031969e-14,-5.000000e-01,-3.407276e-15,-7.071068e-01,-4.998541e-01,-3.713664e-15,-1.460261e-01,-5.000000e-01,-7.071068e-01,2.343370e-14,-4.998541e-01,-1.460261e-01,1.004695e-14
137.6,360.0,-5.000000e-01,1.494861e-15,7.071068e-01,-4.998541e-01,-4.392284e-16,1.460407e-01,-5.000000e-01,7.071068e-01,-2.225592e-15,-4.998541e-01,1.460407e-01,2.408714e-14,-5.000000e-01,-2.627005e-15,-7.071068e-01,-4.998541e-01,1.413216e-16,-1.460407e-01,-5.000000e-01,-7.071068e-01,1.417901e-14,-4.998541e-01,-1.460407e-01,-2.390925e-14
137.6,385.0,-5.000000e-01,-1.193299e-15,7.071068e-01,-4.998541e-01,2.235944e-15,1.460553e-01,-5.000000e-01,7.071068e-01,1.036274e-14,-4.998541e-01,1.460553e-01,-2.098301e-14,-5.000000e-01,6.382760e-16,-7.071068e-01,-4.998541e-01,-2.099433e-15,-1.460553e-01,-5.000000e-01,-7.071068e-01,-8.794107e-15,-4.998541e-01,-1.460553e-01,2.195167e-14
137.6,410.0,-5.000000e-01,2.087901e-14,7.071068e-01,-4.998541e-01,3.226089e-15,1.460700e-01,-5.000000e-01,7.071068e-01,-3.003342e-15,-4.998541e-01,1.460700e-01,-2.712045e-14,-5.000000e-01,-2.464613e-14,-7.071068e-01,-4.998541e-01,-2.986195e-15,-1.460700e-01,-5.000000e-01,-7.071068e-01,2.669696e-15,-4.998541e-01,-1.460700e-01,2.697858e-14
137.6,435.0,-5.000000e-01,-2.332950e-14,7.071068e-01,-4.998542e-01,1.342207e-14,1.460848e-01,-5.000000e-01,7.071068e-01,-6.109803e-15,-4.998542e-01,1.460848e-01,-3.295845e-15,-5.000000e-01,1.767428e-14,-7.071068e-01,-4.998542e-01,-1.349088e-14,-1.460848e-01,-5.000000e-01,-7.071068e-01,4.875739e-15,-4.998542e-01,-1.460848e-01,3.523930e-15
137.6,460.0,-5.000000e-01,3.160492e-14,7.071068e-01,-4.998542e-01,8.697383e-16,1.460996e-01,-5.000000e-01,7.071068e-01,7.873552e-15,-4.998542e-01,1.460996e-01,-1.402803e-15,-5.000000e-01,-1.874213e-14,-7.071068e-01,-4.998542e-01,-5.388218e-16,-1.460996e-01,-5.000000e-01,-7.071068e-01,-7.774438e-15,-4.998542e-01,-1.460996e-01,1.466715e-15
137.6,485.0,-5.000000e-01,1.938704e-15,7.071068e-01,-4.998542e-01,-1.287257e-14,1.461144e-01,-5.000000e-01,7.071068e-01,-3.731037e-15,-4.998542e-01,1.461144e-01,-3.070278e-15,-5.000000e-01,-3.680061e-15,-7.071068e-01,-4.998542e-01,1.229651e-14,-1.461144e-01,-5.000000e-01,-7.071068e-01,2.736128e-15,-4.998542e-01,-1.461144e-01,2.227247e-15
137.6,510.0,-5.000000e-01,-3.964815e-15,7.071068e-01,-4.998542e-01,2.584039e-15,1.461293e-01,-5.000000e-01,7.071068e-01,-1.466096e-15,-4.998542e-01,1.461293e-01,-5.497893e-15,-5.000000e-01,-3.327118e-16,-7.071068e-01,-4.998542e-01,-2.231890e-15,-1.461293e-01,-5.000000e-01,-7.071068e-01,7.685404e-16,-4.998542e-01,-1.461293e-01,5.312700e-15
137.6,535.0,-5.000000e-01,1.550711e-13,7.071068e-01,-4.998542e-01,5.705607e-14,1.461442e-01,-5.000000e-01,7.071068e-01,-4.349378e-14,-4.998542e-01,1.461442e-01,-8.018590e-16,-5.000000e-01,-1.575032e-13,-7.071068e-01,-4.998542e-01,-5.003283e-14,-1.461442e-01,-5.000000e-01,-7.071068e-01,4.191788e-14,-4.998542e-01,-1.461442e-01,6.485339e-16
137.6,560.0,-5.000000e-01,6.438079e-15,7.071068e-01,-4.998542e-01,-5.899158e-15,1.461592e-01,-5.000000e-01,7.071068e-01,1.177681e-14,-4.998542e-01,1.461592e-01,4.317802e-15,-5.000000e-01,1.870895e-14,-7.071068e-01,-4.998542e-01,5.920007e-15,-1.461592e-01,-5.000000e-01,-7.071068e-01,-1.077647e-14,-4.998542e-01,-1.461592e-01,-4.478120e-15
137.6,585.0,-5.000000e-01,-6.815441e-15,7.071068e-01,-4.998543e-01,2.697161e-15,1.461743e-01,-5.000000e-01,7.071068e-01,1.231331e-14,-4.998543e-01,1.461743e-01,-4.055300e-14,-5.000000e-01,6.999737e-15,-7.071068e-01,-4.998543e-01,-1.558974e-15,-1.461743e-01,-5.000000e-01,-7.071068e-01,1.093559e-15,-4.998543e-01,-1.461743e-01,4.147533e-14
137.6,610.0,-5.000000e-01,-1.377730e-14,7.071068e-01,-4.998543e-01,7.514726e-15,1.461894e-01,-5.000000e-01,7.071068e-01,-2.782904e-14,-4.998543e-01,1.461894e-01,-3.095092e-14,-5.000000e-01,1.605500e-14,-7.071068e-01,-4.998543e-01,-6.260142e-15,-1.461894e-01,-5.000000e-01,-7.071068e-01,2.440748e-14,-4.998543e-01,-1.461894e-01,3.078131e-14
137.6,635.0,-5.000000e-01,8.026695e-14,7.071068e-01,-4.998543e-01,7.378911e-15,1.462045e-01,-5.000000e-01,7.071068e-01,-2.544632e-14,-4.998543e-01,1.462045e-01,-4.542094e-15,-5.000000e-01,-8.067554e-14,-7.071068e-01,-4.998543e-01,-5.826756e-15,-1.462045e-01,-5.000000e-01,-7.071068e-01,2.107395e-14,-4.998543e-01,-1.462045e-01,3.205960e-15
137.6,660.0,-5.000000e-01,2.525155e-14,7.071068e-01,-4.998543e-01,3.145763e-16,1.462197e-01,-5.000000e-01,7.071068e-01,-1.120010e-14,-4.998543e-01,1.462197e-01,-1.285663e-14,-5.000000e-01,-1.592328e-14,-7.071068e-01,-4.998543e-01,-1.412396e-15,-1.462197e-01,-5.000000e-01,-7.071068e-01,1.086336e-14,-4.998543e-01,-1.462197e-01,1.412876e-14
137.6,685.0,-5.000000e-01,8.643087e-15,7.071068e-01,-4.998543e-01,-3.548269e-15,1.462349e-01,-5.000000e-01,7.071068e-01,7.202521e-15,-4.998543e-01,1.462349e-01,1.180052e-16,-5.000000e-01,-1.750173e-14,-7.071068e-01,-4.998543e-01,4.445048e-15,-1.462349e-01,-5.000000e-01,-7.071068e-01,4.096874e-15,-4.998543e-01,-1.462349e-01,1.279190e-16
137.6,710.0,-5.000000e-01,3.904999e-14,7.071068e-01,-4.998543e-01,4.532466e-15,1.462502e-01,-5.000000e-01,7.071068e-01,-1.089165e-14,-4.998543e-01,1.462502e-01,-2.515781e-14,-5.000000e-01,-4.618398e-14,-7.071068e-01,-4.998543e-01,-4.305228e-15,-1.462502e-01,-5.000000e-01,-7.071068e-01,1.603779e-14,-4.998543e-01,-1.462502e-01,2.634690e-14
137.6,735.0,-5.000000e-01,9.109612e-16,7.071068e-01,-4.998544e-01,1.185633e-15,1.462656e-01,-5.000000e-01,7.071068e-01,9.888210e-16,-4.998544e-01,1.462656e-01,-1.926825e-15,-5.000000e-01,-1.244749e-15,-7.071068e-01,-4.998544e-01,-1.069665e-15,-1.462656e-01,-5.000000e-01,-7.071068e-01,3.472624e-15,-4.998544e-01,-1.462656e-01,1.424936e-15
137.6,760.0,-5.000000e-01,-1.530469e-14,7.071068e-01,-4.998544e-01,5.316923e-15,1.462810e-01,-5.000000e-01,7.071068e-01,1.787589e-14,-4.998544e-01,1.462810e-01,3.572792e-15,-5.000000e-01,1.978613e-14,-7.071068e-01,-4.998544e-01,1.028431e-14,-1.462810e-01,-5.000000e-01,-7.071068e-01,-7.666741e-15,-4.998544e-01,-1.462810e-01,1.998936e-15
137.6,785.0,-5.000000e-01,1.418985e-14,7.071068e-01,-4.998544e-01,4.243320e-16,1.462964e-01,-5.000000e-01,7.071068e-01,-9.770751e-15,-4.998544e-01,1.462964e-01,3.190463e-14,-5.000000e-01,-4.144646e-15,-7.071068e-01,-4.998544e-01,-4.675768e-17,-1.462964e-01,-5.000000e-01,-7.071068e-01,-5.015843e-15,-4.998544e-01,-1.462964e-01,-3.229096e-14
137.6,810.0,-5.000000e-01,7.820659e-15,7.071068e-01,-4.998544e-01,-2.920352e-15,1.463119e-01,-5.000000e-01,7.071068e-01,6.153930e-15,-4.998544e-01,1.463119e-01,-7.455684e-16,-5.000000e-01,-1.028961e-14,-7.071068e-01,-4.998544e-01,3.039605e-15,-1.463119e-01,-5.000000e-01,-7.071068e-01,-5.029615e-15,-4.998544e-01,-1.463119e-01,4.821827e-16
137.6,835.0,-5.000000e-01,1.190589e-14,7.071068e-01,-4.998544e-01,-4.698769e-16,1.463274e-01,-5.000000e-01,7.071068e-01,1.694572e-15,-4.998544e-01,1.463274e-01,-1.786368e-15,-5.000000e-01,-5.550663e-15,-7.071068e-01,-4.998544e-01,3.260465e-15,-1.463274e-01,-5.000000e-01,-7.071068e-01,-4.653561e-15,-4.998544e-01,-1.463274e-01,2.187553e-15
137.6,860.0,-5.000000e-01,2.475825e-14,7.071068e-01,-4.998544e-01,-2.133641e-15,1.463430e-01,-5.000000e-01,7.071068e-01,-2.382117e-16,-4.998544e-01,1.463430e-01,4.767343e-15,-5.000000e-01,-3.050500e-14,-7.071068e-01,-4.998544e-01,-4.001419e-15,-1.463430e-01,-5.000000e-01,-7.071068e-01,3.773560e-15,-4.998544e-01,-1.463430e-01,-2.777701e-15
137.6,885.0,-5.000000e-01,-3.786823e-14,7.071068e-01,-4.998545e-01,3.801256e-15,1.463587e-01,-5.000000e-01,7.071068e-01,1.344091e-14,-4.998545e-01,1.463587e-01,-1.558280e-14,-5.000000e-01,4.202912e-14,-7.071068e-01,-4.998545e-01,1.213182e-15,-1.463587e-01,-5.000000e-01,-7.071068e-01,1.230511e-15,-4.998545e-01,-1.463587e-01,1.658060e-14
140.1,10.0,-5.000000e-01,1.656206e-14,7.071068e-01,-4.998558e-01,-1.294714e-14,1.478542e-01,-5.000000e-01,7.071068e-01,9.180039e-14,-4.998558e-01,1.478542e-01,1.090278e-15,-5.000000e-01,-1.685286e-14,-7.071068e-01,-4.998558e-01,1.270188e-14,-1.478542e-01,-5.000000e-01,-7.071068e-01,-1.056007e-13,-4.998558e-01,-1.478542e-01,-9.779081e-16
140.1,35.0,-5.000000e-01,6.868241e-15,7.071068e-01,-4.998558e-01,1.634996e-15,1.478677e-01,-5.000000e-01,7.071068e-01,2.587915e-14,-4.998558e-01,1.478677e-01,4.288679e-15,-5.000000e-01,-7.734674e-15,-7.071068e-01,-4.998558e-01,1.013532e-17,-1.478677e-01,-5.000000e-01,-7.071068e-01,-4.179414e-14,-4.998558e-01,-1.478677e-01,-3.720584e-15
140.1,60.0,-5.000000e-01,-2.978946e-15,7.071068e-01,-4.998558e-01,-4.104060e-15,1.478812e-01,-5.000000e-01,7.071068e-01,1.526875e-15,-4.998558e-01,1.478812e-01,2.757034e-15,-5.000000e-01,1.121223e-15,-7.071068e-01,-4.998558e-01,2.662540e-15,-1.478812e-01,-5.000000e-01,-7.071068e-01,-2.188984e-14,-4.998558e-01,-1.478812e-01,-2.192716e-15
140.1,85.0,-5.000000e-01,4.041333e-15,7.071068e-01,-4.998558e-01,5.208023e-16,1.478948e-01,-5.000000e-01,7.071068e-01,-2.471289e-15,-4.998558e-01,1.478948e-01,-1.967257e-15,-5.000000e-01,-5.124112e-15,-7.071068e-01,-4.998558e-01,-4.661088e-16,-1.478948e-01,-5.000000e-01,-7.071068e-01,-9.801855e-15,-4.998558e-01,-1.478948e-01,1.536020e-15
140.1,110.0,-5.000000e-01,-3.183249e-15,7.071068e-01,-4.998558e-01,-2.766586e-15,1.479085e-01,-5.000000e-01,7.071068e-01,1.815898e-14,-4.998558e-01,1.479085e-01,-1.034322e-15,-5.000000e-01,3.298232e-15,-7.071068e-01,-4.998558e-01,2.443289e-15,-1.479085e-01,-5.000000e-01,-7.071068e-01,-1.599653e-14,-4.998558e-01,-1.479085e-01,1.598574e-15
140.1,135.0,-5.000000e-01,2.017429e-16,7.071068e-01,-4.998558e-01,4.843519e-16,1.479222e-01,-5.000000e-01,7.071068e-01,-1.751533e-14,-4.998558e-01,1.479222e-01,5.665252e-15,-5.000000e-01,9.952051e-16,-7.071068e-01,-4.998558e-01,3.239500e-16,-1.479222e-01,-5.000000e-01,-7.071068e-01,2.567635e-14,-4.998558e-01,-1.479222e-01,-5.610972e-15
140.1,160.0,-5.000000e-01,3.792750e-15,7.071068e-01,-4.998559e-01,-7.125401e-16,1.479359e-01,-5.000000e-01,7.071068e-01,-4.519136e-15,-4.998559e-01,1.479359e-01,1.062158e-15,-5.000000e-01,-3.735325e-15,-7.071068e-01,-4.998559e-01,7.901952e-16,-1.479359e-01,-5.000000e-01,-7.071068e-01,-1.155585e-14,-4.998559e-01,-1.479359e-01,-1.828740e-15
140.1,185.0,-5.000000e-01,7.333766e-15,7.071068e-01,-4.998559e-01,8.318397e-16,1.479496e-01,-5.000000e-01,7.071068e-01,1.066972e-14,-4.998559e-01,1.479496e-01,-1.035299e-15,-5.000000e-01,-6.049918e-15,-7.071068e-01,-4.998559e-01,-8.978289e-16,-1.479496e-01,-5.000000e-01,-7.071068e-01,-3.087715e-15,-4.998559e-01,-1.479496e-01,1.108893e-15
140.1,210.0,-5.000000e-01,1.412902e-14,7.071068e-01,-4.998559e-01,7.761068e-15,1.479635e-01,-5.000000e-01,7.071068e-01,-4.269278e-16,-4.998559e-01,1.479635e-01,-2.248816e-15,-5.000000e-01,-1.303011e-14,-7.071068e-01,-4.998559e-01,-7.949763e-15,-1.479635e-01,-5.000000e-01,-7.071068e-01,3.673263e-15,-4.998559e-01,-1.479635e-01,2.193686e-15
140.1,235.0,-5.000000e-01,4.386153e-15,7.071068e-01,-4.998559e-01,1.806545e-15,1.479773e-01,-5.000000e-01,7.071068e-01,-4.584816e-15,-4.998559e-01,1.479773e-01,-1.512475e-15,-5.000000e-01,-3.000519e-15,-7.071068e-01,-4.998559e-01,-1.866517e-15,-1.479773e-01,-5.000000e-01,-7.071068e-01,-2.143048e-14,-4.998559e-01,-1.479773e-01,1.545681e-15
140.1,260.0,-5.000000e-01,-9.813004e-15,7.071068e-01,-4.998559e-01,5.554193e-16,1.479912e-01,-5.000000e-01,7.071068e-01,1.047464e-14,-4.998559e-01,1.479912e-01,-2.210739e-15,-5.000000e-01,1.074166e-14,-7.071068e-01,-4.998559e-01,-4.842006e-16,-1.479912e-01,-5.000000e-01,-7.071068e-01,7.849754e-15,-4.998559e-01,-1.479912e-01,2.721405e-15
140.1,285.0,-5.000000e-01,1.880062e-14,7.071068e-01,-4.998559e-01,1.152348e-14,1.480052e-01,-5.000000e-01,7.071068e-01,1.093076e-14,-4.998559e-01,1.480052e-01,-1.118460e-15,-5.000000e-01,-1.860338e-14,-7.071068e-01,-4.998559e-01,-1.170483e-14,-1.480052e-01,-5.000000e-01,-7.071068e-01,-1.703335e-14,-4.998559e-01,-1.480052e-01,1.794850e-15
140.1,310.0,-5.000000e-01,-4.250500e-14,7.071068e-01,-4.998559e-01,4.891896e-15,1.480192e-01,-5.000000e-01,7.071068e-01,1.856127e-15,-4.998559e-01,1.480192e-01,6.703313e-15,-5.000000e-01,4.294099e-14,-7.071068e-01,-4.998559e-01,-4.724765e-15,-1.480192e-01,-5.000000e-01,-7.071068e-01,9.195336e-16,-4.998559e-01,-1.480192e-01,-6.299612e-15
140.1,335.0,-5.000000e-01,2.971488e-15,7.071068e-01,-4.998560e-01,1.512448e-14,1.480332e-01,-5.000000e-01,7.071068e-01,-1.341487e-16,-4.998560e-01,1.480332e-01,-1.728214e-15,-5.000000e-01,-2.126545e-15,-7.071068e-01,-4.998560e-01,-1.444307e-14,-1.480332e-01,-5.000000e-01,-7.071068e-01,9.411459e-15,-4.998560e-01,-1.480332e-01,1.926454e-15
140.1,360.0,-5.000000e-01,-1.207580e-14,7.071068e-01,-4.998560e-01,-4.138535e-16,1.480473e-01,-5.000000e-01,7.071068e-01,-9.935153e-15,-4.998560e-01,1.480473e-01,2.472410e-15,-5.000000e-01,1.253769e-14,-7.071068e-01,-4.998560e-01,9.806236e-16,-1.480473e-01,-5.000000e-01,-7.071068e-01,-8.103011e-15,-4.998560e-01,-1.480473e-01,-3.338866e-15
140.1,385.0,-5.000000e-01,5.648243e-14,7.071068e-01,-4.998560e-01,8.702166e-15,1.480615e-01,-5.000000e-01,7.071068e-01,-3.398648e-15,-4.998560e-01,1.480615e-01,1.930854e-15,-5.000000e-01,-5.567036e-14,-7.071068e-01,-4.998560e-01,-8.081836e-15,-1.480615e-01,-5.000000e-01,-7.071068e-01,2.541982e-14,-4.998560e-01,-1.480615e-01,-2.250463e-15
140.1,410.0,-5.000000e-01,8.404151e-15,7.071068e-01,-4.998560e-01,3.069735e-15,1.480756e-01,-5.000000e-01,7.071068e-01,-1.713574e-14,-4.998560e-01,1.480756e-01,-8.914823e-16,-5.000000e-01,-4.723798e-15,-7.071068e-01,-4.998560e-01,-2.136938e-15,-1.480756e-01,-5.000000e-01,-7.071068e-01,8.557917e-15,-4.998560e-01,-1.480756e-01,-3.744138e-15
140.1,435.0,-5.000000e-01,7.364026e-15,7.071068e-01,-4.998560e-01,4.150238e-15,1.480899e-01,-5.000000e-01,7.071068e-01,7.358790e-15,-4.998560e-01,1.480899e-01,-2.282925e-15,-5.000000e-01,-6.620704e-15,-7.071068e-01,-4.998560e-01,-4.469044e-15,-1.480899e-01,-5.000000e-01,-7.071068e-01,2.005486e-15,-4.998560e-01,-1.480899e-01,2.514564e-15
140.1,460.0,-5.000000e-01,2.741692e-14,7.071068e-01,-4.998560e-01,2.919129e-16,1.481042e-01,-5.000000e-01,7.071068e-01,1.648230e-14,-4.998560e-01,1.481042e-01,1.763101e-15,-5.000000e-01,-2.589243e-14,-7.071068e-01,-4.998560e-01,-2.812540e-16,-1.481042e-01,-5.000000e-01,-7.071068e-01,-4.037004e-15,-4.998560e-01,-1.481042e-01,-8.717882e-16
140.1,485.0,-5.000000e-01,4.342909e-14,7.071068e-01,-4.998561e-01,-7.412017e-16,1.481185e-01,-5.000000e-01,7.071068e-01,-3.204695e-15,-4.998561e-01,1.481185e-01,-1.818958e-15,-5.000000e-01,-4.109357e-14,-7.071068e-01,-4.998561e-01,5.953969e-16,-1.481185e-01,-5.000000e-01,-7.071068e-01,2.274992e-15,-4.998561e-01,-1.481185e-01,2.074590e-15
140.1,510.0,-5.000000e-01,1.980361e-14,7.071068e-01,-4.998561e-01,1.394973e-14,1.481329e-01,-5.000000e-01,7.071068e-01,-1.344492e-14,-4.998561e-01,1.481329e-01,-1.417550e-15,-5.000000e-01,-1.865735e-14,-7.071068e-01,-4.998561e-01,-1.401659e-14,-1.481329e-01,-5.000000e-01,-7.071068e-01,-6.819497e-15,-4.998561e-01,-1.481329e-01,1.372921e-15
140.1,535.0,-5.000000e-01,5.079050e-16,7.071068e-01,-4.998561e-01,1.350589e-14,1.481473e-01,-5.000000e-01,7.071068e-01,-1.214178e-14,-4.998561e-01,1.481473e-01,-1.900257e-15,-5.000000e-01,2.701622e-17,-7.071068e-01,-4.998561e-01,-1.345786e-14,-1.481473e-01,-5.000000e-01,-7.071068e-01,-1.211317e-14,-4.998561e-01,-1.481473e-01,1.520505e-15
140.1,560.0,-5.000000e-01,-1.840066e-14,7.071068e-01,-4.998561e-01,-1.226049e-15,1.481617e-01,-5.000000e-01,7.071068e-01,1.033876e-15,-4.998561e-01,1.481617e-01,1.370195e-15,-5.000000e-01,1.861498e-14,-7.071068e-01,-4.998561e-01,1.521174e-15,-1.481617e-01,-5.000000e-01,-7.071068e-01,5.763185e-15,-4.998561e-01,-1.481617e-01,-1.799032e-15
140.1,585.0,-5.000000e-01,5.838874e-14,7.071068e-01,-4.998561e-01,1.979708e-14,1.481763e-01,-5.000000e-01,7.071068e-01,6.046027e-15,-4.998561e-01,1.481763e-01,-2.150736e-15,-5.000000e-01,-5.857294e-14,-7.071068e-01,-4.998561e-01,-2.003834e-14,-1.481763e-01,-5.000000e-01,-7.071068e-01,4.475926e-16,-4.998561e-01,-1.481763e-01,1.758628e-15
140.1,610.0,-5.000000e-01,1.485299e-14,7.071068e-01,-4.998561e-01,3.063644e-15,1.481908e-01,-5.000000e-01,7.071068e-01,-1.281407e-14,-4.998561e-01,1.481908e-01,-1.130154e-15,-5.000000e-01,-1.471368e-14,-7.071068e-01,-4.998561e-01,-3.453936e-15,-1.481908e-01,-5.000000e-01,-7.071068e-01,1.108406e-14,-4.998561e-01,-1.481908e-01,1.139980e-15
140.1,635.0,-5.000000e-01,-2.295837e-14,7.071068e-01,-4.998561e-01,-1.225614e-15,1.482054e-01,-5.000000e-01,7.071068e-01,1.180206e-14,-4.998561e-01,1.482054e-01,6.634499e-16,-5.000000e-01,2.287158e-14,-7.071068e-01,-4.998561e-01,9.253546e-16,-1.482054e-01,-5.000000e-01,-7.071068e-01,-1.180759e-14,-4.998561e-01,-1.482054e-01,-3.613348e-16
140.1,660.0,-5.000000e-01,-4.167675e-14,7.071068e-01,-4.998562e-01,1.057830e-14,1.482201e-01,-5.000000e-01,7.071068e-01,-1.357522e-14,-4.998562e-01,1.482201e-01,3.295212e-15,-5.000000e-01,3.914882e-14,-7.071068e-01,-4.998562e-01,-1.160707e-14,-1.482201e-01,-5.000000e-01,-7.071068e-01,-1.246309e-14,-4.998562e-01,-1.482201e-01,-1.126641e-14
140.1,685.0,-5.000000e-01,-1.307753e-14,7.071068e-01,-4.998562e-01,7.794833e-15,1.482348e-01,-5.000000e-01,7.071068e-01,-1.923859e-14,-4.998562e-01,1.482348e-01,1.327313e-14,-5.000000e-01,3.690576e-15,-7.071068e-01,-4.998562e-01,-1.626185e-14,-1.482348e-01,-5.000000e-01,-7.071068e-01,-8.429170e-14,-4.998562e-01,-1.482348e-01,4.583909e-16
140.1,710.0,-5.000000e-01,-1.272358e-13,7.071068e-01,-4.998562e-01,-2.866719e-15,1.482496e-01,-5.000000e-01,7.071068e-01,-1.839243e-14,-4.998562e-01,1.482496e-01,2.535285e-15,-5.000000e-01,1.259552e-13,-7.071068e-01,-4.998562e-01,6.093323e-15,-1.482496e-01,-5.000000e-01,-7.071068e-01,-9.021031e-15,-4.998562e-01,-1.482496e-01,-9.792032e-16
140.1,735.0,-5.000000e-01,-1.008187e-14,7.071068e-01,-4.998562e-01,2.519050e-14,1.482644e-01,-5.000000e-01,7.071068e-01,-1.378761e-13,-4.998562e-01,1.482644e-01,2.292837e-15,-5.000000e-01,2.778998e-14,-7.071068e-01,-4.998562e-01,-1.120311e-14,-1.482644e-01,-5.000000e-01,-7.071068e-01,2.045832e-13,-4.998562e-01,-1.482644e-01,-5.148301e-15
140.1,760.0,-5.000000e-01,-2.207876e-14,7.071068e-01,-4.998562e-01,-6.515215e-14,1.482792e-01,-5.000000e-01,7.071068e-01,2.201988e-14,-4.998562e-01,1.482792e-01,1.366804e-14,-5.000000e-01,2.130302e-14,-7.071068e-01,-4.998562e-01,7.608204e-14,-1.482792e-01,-5.000000e-01,-7.071068e-01,-2.579654e-14,-4.998562e-01,-1.482792e-01,-1.165727e-14
140.1,785.0,-5.000000e-01,1.147743e-14,7.071068e-01,-4.998562e-01,6.502802e-14,1.482941e-01,-5.000000e-01,7.071068e-01,-3.211212e-15,-4.998562e-01,1.482941e-01,-3.161081e-15,-5.000000e-01,-5.174549e-15,-7.071068e-01,-4.998562e-01,-6.635944e-14,-1.482941e-01,-5.000000e-01,-7.071068e-01,4.724046e-14,-4.998562e-01,-1.482941e-01,6.600086e-15
140.1,810.0,-5.000000e-01,9.112695e-15,7.071068e-01,-4.998563e-01,8.273181e-15,1.483091e-01,-5.000000e-01,7.071068e-01,-8.912978e-15,-4.998563e-01,1.483091e-01,-6.093045e-15,-5.000000e-01,-8.511327e-15,-7.071068e-01,-4.998563e-01,-3.928090e-16,-1.483091e-01,-5.000000e-01,-7.071068e-01,2.075521e-14,-4.998563e-01,-1.483091e-01,7.039880e-15
140.1,835.0,-5.000000e-01,-3.407685e-14,7.071068e-01,-4.998563e-01,-2.927073e-15,1.483241e-01,-5.000000e-01,7.071068e-01,1.293586e-14,-4.998563e-01,1.483241e-01,7.314752e-15,-5.000000e-01,2.305845e-14,-7.071068e-01,-4.998563e-01,1.468060e-15,-1.483241e-01,-5.000000e-01,-7.071068e-01,-2.325125e-14,-4.998563e-01,-1.483241e-01,-9.324498e-15
140.1,860.0,-5.000000e-01,3.462455e-15,7.071068e-01,-4.998563e-01,2.612304e-15,1.483392e-01,-5.000000e-01,7.071068e-01,-6.553954e-15,-4.998563e-01,1.483392e-01,-8.352900e-15,-5.000000e-01,-1.876421e-14,-7.071068e-01,-4.998563e-01,-4.720081e-15,-1.483392e-01,-5.000000e-01,-7.071068e-01,3.515404e-14,-4.998563e-01,-1.483392e-01,2.592570e-15
140.1,885.0,-5.000000e-01,1.300123e-14,7.071068e-01,-4.998563e-01,3.302743e-15,1.483543e-01,-5.000000e-01,7.071068e-01,-3.222014e-14,-4.998563e-01,1.483543e-01,-5.003182e-15,-5.000000e-01,-1.438072e-14,-7.071068e-01,-4.998563e-01,-5.258664e-15,-1.483543e-01,-5.000000e-01,-7.071068e-01,4.679567e-14,-4.998563e-01,-1.483543e-01,-1.080152e-14
142.6,10.0,-5.000000e-01,-2.056924e-15,7.071068e-01,-4.998576e-01,5.492992e-15,1.498556e-01,-5.000000e-01,7.071068e-01,-9.198158e-15,-4.998576e-01,1.498556e-01,-5.667689e-15,-5.000000e-01,1.231749e-15,-7.071068e-01,-4.998576e-01,-6.862185e-15,-1.498556e-01,-5.000000e-01,-7.071068e-01,-1.192946e-14,-4.998576e-01,-1.498556e-01,6.489690e-15
142.6,35.0,-5.000000e-01,1.402066e-15,7.071068e-01,-4.998576e-01,-3.828197e-15,1.498686e-01,-5.000000e-01,7.071068e-01,-3.430652e-15,-4.998576e-01,1.498686e-01,7.191140e-15,-5.000000e-01,-1.917937e-15,-7.071068e-01,-4.998576e-01,4.862786e-15,-1.498686e-01,-5.000000e-01,-7.071068e-01,1.347361e-14,-4.998576e-01,-1.498686e-01,-6.654544e-15
142.6,60.0,-5.000000e-01,7.234179e-15,7.071068e-01,-4.998576e-01,4.324447e-16,1.498816e-01,-5.000000e-01,7.071068e-01,-1.417767e-14,-4.998576e-01,1.498816e-01,4.871427e-15,-5.000000e-01,-7.696275e-15,-7.071068e-01,-4.998576e-01,-4.383691e-16,-1.498816e-01,-5.000000e-01,-7.071068e-01,8.281734e-15,-4.998576e-01,-1.498816e-01,-4.559005e-15
142.6,85.0,-5.000000e-01,1.330067e-14,7.071068e-01,-4.998576e-01,1.067687e-14,1.498947e-01,-5.000000e-01,7.071068e-01,-3.373499e-14,-4.998576e-01,1.498947e-01,-6.507192e-15,-5.000000e-01,-1.278613e-14,-7.071068e-01,-4.998576e-01,-9.813168e-15,-1.498947e-01,-5.000000e-01,-7.071068e-01,2.578435e-14,-4.998576e-01,-1.498947e-01,7.003932e-15
142.6,110.0,-5.000000e-01,4.424576e-15,7.071068e-01,-4.998576e-01,-4.151427e-15,1.499079e-01,-5.000000e-01,7.071068e-01,-1.109345e-14,-4.998576e-01,1.499079e-01,4.060882e-15,-5.000000e-01,-4.013774e-15,-7.071068e-01,-4.998576e-01,4.588747e-15,-1.499079e-01,-5.000000e-01,-7.071068e-01,-8.597426e-15,-4.998576e-01,-1.499079e-01,-5.182203e-15
142.6,135.0,-5.000000e-01,-5.005559e-15,7.071068e-01,-4.998576e-01,-2.565980e-15,1.499210e-01,-5.000000e-01,7.071068e-01,7.539052e-15,-4.998576e-01,1.499210e-01,-2.519124e-15,-5.000000e-01,3.378316e-15,-7.071068e-01,-4.998576e-01,4.343039e-15,-1.499210e-01,-5.000000e-01,-7.071068e-01,-2.376365e-14,-4.998576e-01,-1.499210e-01,1.989065e-15
142.6,160.0,-5.000000e-01,-8.945706e-16,7.071068e-01,-4.998577e-01,3.621678e-15,1.499343e-01,-5.000000e-01,7.071068e-01,1.812517e-15,-4.998577e-01,1.499343e-01,-6.938429e-15,-5.000000e-01,5.288210e-16,-7.071068e-01,-4.998577e-01,-2.619416e-15,-1.499343e-01,-5.000000e-01,-7.071068e-01,-4.888304e-15,-4.998577e-01,-1.499343e-01,7.052619e-15
142.6,185.0,-5.000000e-01,2.191917e-14,7.071068e-01,-4.998577e-01,-2.617759e-15,1.499476e-01,-5.000000e-01,7.071068e-01,-3.054175e-15,-4.998577e-01,1.499476e-01,-1.496792e-15,-5.000000e-01,-2.175116e-14,-7.071068e-01,-4.998577e-01,1.916836e-15,-1.499476e-01,-5.000000e-01,-7.071068e-01,-8.357334e-15,-4.998577e-01,-1.499476e-01,1.447039e-15
142.6,210.0,-5.000000e-01,-3.392776e-16,7.071068e-01,-4.998577e-01,8.625319e-15,1.499609e-01,-5.000000e-01,7.071068e-01,-3.349239e-14,-4.998577e-01,1.499609e-01,-1.255207e-15,-5.000000e-01,4.039877e-16,-7.071068e-01,-4.998577e-01,-9.116878e-15,-1.499609e-01,-5.000000e-01,-7.071068e-01,4.729052e-14,-4.998577e-01,-1.499609e-01,1.544643e-15
142.6,235.0,-5.000000e-01,4.880246e-15,7.071068e-01,-4.998577e-01,-1.328915e-14,1.499742e-01,-5.000000e-01,7.071068e-01,1.318752e-14,-4.998577e-01,1.499742e-01,7.086368e-15,-5.000000e-01,-5.619351e-15,-7.071068e-01,-4.998577e-01,1.423431e-14,-1.499742e-01,-5.000000e-01,-7.071068e-01,-1.727781e-14,-4.998577e-01,-1.499742e-01,-6.962221e-15
142.6,260.0,-5.000000e-01,-1.540029e-15,7.071068e-01,-4.998577e-01,4.167691e-16,1.499876e-01,-5.000000e-01,7.071068e-01,-2.315692e-16,-4.998577e-01,1.499876e-01,1.466308e-14,-5.000000e-01,2.380209e-15,-7.071068e-01,-4.998577e-01,6.651992e-16,-1.499876e-01,-5.000000e-01,-7.071068e-01,-1.300554e-14,-4.998577e-01,-1.499876e-01,-1.482728e-14
142.6,285.0,-5.000000e-01,-2.521338e-15,7.071068e-01,-4.998577e-01,-8.344114e-16,1.500011e-01,-5.000000e-01,7.071068e-01,1.319854e-14,-4.998577e-01,1.500011e-01,1.240783e-15,-5.000000e-01,3.475163e-15,-7.071068e-01,-4.998577e-01,8.879745e-16,-1.500011e-01,-5.000000e-01,-7.071068e-01,-9.316935e-15,-4.998577e-01,-1.500011e-01,-1.021582e-15
142.6,310.0,-5.000000e-01,-3.860462e-14,7.071068e-01,-4.998577e-01,9.077213e-16,1.500146e-01,-5.000000e-01,7.071068e-01,-2.857144e-15,-4.998577e-01,1.500146e-01,3.754992e-16,-5.000000e-01,3.978067e-14,-7.071068e-01,-4.998577e-01,-5.576315e-16,-1.500146e-01,-5.000000e-01,-7.071068e-01,6.324207e-15,-4.998577e-01,-1.500146e-01,-1.772667e-16
142.6,335.0,-5.000000e-01,5.124157e-14,7.071068e-01,-4.998578e-01,-1.298035e-14,1.500281e-01,-5.000000e-01,7.071068e-01,-7.140786e-15,-4.998578e-01,1.500281e-01,-6.951152e-15,-5.000000e-01,-5.022671e-14,-7.071068e-01,-4.998578e-01,1.246902e-14,-1.500281e-01,-5.000000e-01,-7.071068e-01,4.289982e-16,-4.998578e-01,-1.500281e-01,6.705331e-15
142.6,360.0,-5.000000e-01,-2.080251e-14,7.071068e-01,-4.998578e-01,5.386410e-15,1.500417e-01,-5.000000e-01,7.071068e-01,2.008266e-15,-4.998578e-01,1.500417e-01,-1.567795e-15,-5.000000e-01,2.149542e-14,-7.071068e-01,-4.998578e-01,-5.142141e-15,-1.500417e-01,-5.000000e-01,-7.071068e-01,-8.334065e-15,-4.998578e-01,-1.500417e-01,1.980359e-15
142.6,385.0,-5.000000e-01,1.128633e-14,7.071068e-01,-4.998578e-01,-3.556947e-15,1.500554e-01,-5.000000e-01,7.071068e-01,4.435705e-14,-4.998578e-01,1.500554e-01,-1.632048e-15,-5.000000e-01,-1.124448e-14,-7.071068e-01,-4.998578e-01,2.989792e-15,-1.500554e-01,-5.000000e-01,-7.071068e-01,-5.429028e-14,-4.998578e-01,-1.500554e-01,-9.670396e-16
142.6,410.0,-5.000000e-01,-1.317353e-14,7.071068e-01,-4.998578e-01,1.601983e-14,1.500690e-01,-5.000000e-01,7.071068e-01,-1.799120e-13,-4.998578e-01,1.500690e-01,-5.509732e-15,-5.000000e-01,1.390736e-14,-7.071068e-01,-4.998578e-01,-1.603308e-14,-1.500690e-01,-5.000000e-01,-7.071068e-01,2.037657e-13,-4.998578e-01,-1.500690e-01,5.573852e-15
142.6,435.0,-5.000000e-01,-6.187606e-15,7.071068e-01,-4.998578e-01,-6.751743e-15,1.500828e-01,-5.000000e-01,7.071068e-01,1.178260e-14,-4.998578e-01,1.500828e-01,-1.735510e-15,-5.000000e-01,7.201395e-15,-7.071068e-01,-4.998578e-01,6.658942e-15,-1.500828e-01,-5.000000e-01,-7.071068e-01,-4.991112e-15,-4.998578e-01,-1.500828e-01,3.009369e-15
142.6,460.0,-5.000000e-01,-1.425534e-14,7.071068e-01,-4.998578e-01,5.645034e-16,1.500965e-01,-5.000000e-01,7.071068e-01,1.235617e-14,-4.998578e-01,1.500965e-01,-5.374014e-16,-5.000000e-01,1.416502e-14,-7.071068e-01,-4.998578e-01,-9.201747e-16,-1.500965e-01,-5.000000e-01,-7.071068e-01,-2.420643e-14,-4.998578e-01,-1.500965e-01,1.210907e-16
142.6,485.0,-5.000000e-01,-7.005196e-15,7.071068e-01,-4.998578e-01,6.122023e-15,1.501103e-01,-5.000000e-01,7.071068e-01,9.509408e-15,-4.998578e-01,1.501103e-01,-1.247607e-15,-5.000000e-01,7.646652e-15,-7.071068e-01,-4.998578e-01,-5.669040e-15,-1.501103e-01,-5.000000e-01,-7.071068e-01,-1.856678e-14,-4.998578e-01,-1.501103e-01,2.014888e-15
142.6,510.0,-5.000000e-01,-3.987019e-14,7.071068e-01,-4.998579e-01,-6.215350e-15,1.501242e-01,-5.000000e-01,7.071068e-01,9.754675e-15,-4.998579e-01,1.501242e-01,-1.524089e-15,-5.000000e-01,4.142536e-14,-7.071068e-01,-4.998579e-01,6.543518e-15,-1.501242e-01,-5.000000e-01,-7.071068e-01,7.242618e-15,-4.998579e-01,-1.501242e-01,1.695011e-15
142.6,535.0,-5.000000e-01,-3.808091e-15,7.071068e-01,-4.998579e-01,1.735929e-15,1.501381e-01,-5.000000e-01,7.071068e-01,2.201446e-15,-4.998579e-01,1.501381e-01,7.895149e-16,-5.000000e-01,5.092804e-15,-7.071068e-01,-4.998579e-01,-1.642245e-15,-1.501381e-01,-5.000000e-01,-7.071068e-01,3.305139e-15,-4.998579e-01,-1.501381e-01,3.250077e-16
142.6,560.0,-5.000000e-01,9.208524e-16,7.071068e-01,-4.998579e-01,-9.353123e-15,1.501521e-01,-5.000000e-01,7.071068e-01,7.785352e-15,-4.998579e-01,1.501521e-01,-2.596315e-15,-5.000000e-01,7.782053e-16,-7.071068e-01,-4.998579e-01,9.659931e-15,-1.501521e-01,-5.000000e-01,-7.071068e-01,-1.858053e-14,-4.998579e-01,-1.501521e-01,1.957937e-15
142.6,585.0,-5.000000e-01,-3.126771e-14,7.071068e-01,-4.998579e-01,4.905526e-15,1.501661e-01,-5.000000e-01,7.071068e-01,-3.602063e-14,-4.998579e-01,1.501661e-01,-8.907952e-15,-5.000000e-01,3.198263e-14,-7.071068e-01,-4.998579e-01,-4.830528e-15,-1.501661e-01,-5.000000e-01,-7.071068e-01,4.877804e-14,-4.998579e-01,-1.501661e-01,8.706339e-15
142.6,610.0,-5.000000e-01,-2.306256e-14,7.071068e-01,-4.998579e-01,4.092169e-15,1.501801e-01,-5.000000e-01,7.071068e-01,3.620039e-14,-4.998579e-01,1.501801e-01,-3.542048e-15,-5.000000e-01,2.274561e-14,-7.071068e-01,-4.998579e-01,-4.145454e-15,-1.501801e-01,-5.000000e-01,-7.071068e-01,-7.479822e-15,-4.998579e-01,-1.501801e-01,4.147829e-15
142.6,635.0,-5.000000e-01,-1.268106e-15,7.071068e-01,-4.998579e-01,6.453186e-16,1.501942e-01,-5.000000e-01,7.071068e-01,-1.086647e-15,-4.998579e-01,1.501942e-01,1.230800e-15,-5.000000e-01,2.436175e-15,-7.071068e-01,-4.998579e-01,-5.997141e-16,-1.501942e-01,-5.000000e-01,-7.071068e-01,-1.127990e-14,-4.998579e-01,-1.501942e-01,-1.147420e-15
142.6,660.0,-5.000000e-01,2.108280e-15,7.071068e-01,-4.998579e-01,2.296328e-15,1.502084e-01,-5.000000e-01,7.071068e-01,8.100866e-15,-4.998579e-01,1.502084e-01,4.027772e-16,-5.000000e-01,-1.154989e-15,-7.071068e-01,-4.998579e-01,-2.330345e-15,-1.502084e-01,-5.000000e-01,-7.071068e-01,-2.977362e-14,-4.998579e-01,-1.502084e-01,-1.009660e-15
142.6,685.0,-5.000000e-01,3.206195e-14,7.071068e-01,-4.998580e-01,-2.091902e-15,1.502226e-01,-5.000000e-01,7.071068e-01,-2.341352e-15,-4.998580e-01,1.502226e-01,1.159083e-15,-5.000000e-01,-3.145393e-14,-7.071068e-01,-4.998580e-01,1.520926e-15,-1.502226e-01,-5.000000e-01,-7.071068e-01,-4.931657e-15,-4.998580e-01,-1.502226e-01,-8.831965e-16
142.6,710.0,-5.000000e-01,1.246220e-14,7.071068e-01,-4.998580e-01,9.606761e-15,1.502368e-01,-5.000000e-01,7.071068e-01,5.025533e-16,-4.998580e-01,1.502368e-01,-3.032170e-15,-5.000000e-01,-1.191228e-14,-7.071068e-01,-4.998580e-01,-9.433805e-15,-1.502368e-01,-5.000000e-01,-7.071068e-01,4.744746e-15,-4.998580e-01,-1.502368e-01,2.418220e-15
142.6,735.0,-5.000000e-01,-2.288317e-14,7.071068e-01,-4.998580e-01,1.786683e-14,1.502511e-01,-5.000000e-01,7.071068e-01,3.976771e-15,-4.998580e-01,1.502511e-01,-4.750359e-15,-5.000000e-01,2.284949e-14,-7.071068e-01,-4.998580e-01,-1.855003e-14,-1.502511e-01,-5.000000e-01,-7.071068e-01,2.679363e-15,-4.998580e-01,-1.502511e-01,5.372802e-15
142.6,760.0,-5.000000e-01,1.230892e-14,7.071068e-01,-4.998580e-01,2.289251e-15,1.502654e-01,-5.000000e-01,7.071068e-01,4.312720e-14,-4.998580e-01,1.502654e-01,8.527787e-17,-5.000000e-01,-1.189611e-14,-7.071068e-01,-4.998580e-01,-2.005002e-15,-1.502654e-01,-5.000000e-01,-7.071068e-01,-1.335461e-14,-4.998580e-01,-1.502654e-01,3.020106e-16
142.6,785.0,-5.000000e-01,-1.477666e-14,7.071068e-01,-4.998580e-01,-1.959174e-15,1.502798e-01,-5.000000e-01,7.071068e-01,1.064040e-14,-4.998580e-01,1.502798e-01,1.710173e-16,-5.000000e-01,1.496767e-14,-7.071068e-01,-4.998580e-01,1.754987e-15,-1.502798e-01,-5.000000e-01,-7.071068e-01,8.905114e-15,-4.998580e-01,-1.502798e-01,-6.618166e-17
142.6,810.0,-5.000000e-01,-1.714236e-14,7.071068e-01,-4.998580e-01,1.467414e-15,1.502942e-01,-5.000000e-01,7.071068e-01,9.078306e-15,-4.998580e-01,1.502942e-01,5.148841e-16,-5.000000e-01,1.784854e-14,-7.071068e-01,-4.998580e-01,-1.108767e-15,-1.502942e-01,-5.000000e-01,-7.071068e-01,-1.188943e-14,-4.998580e-01,-1.502942e-01,2.318437e-16
142.6,835.0,-5.000000e-01,2.332460e-14,7.071068e-01,-4.998580e-01,2.477824e-14,1.503087e-01,-5.000000e-01,7.071068e-01,4.052865e-15,-4.998580e-01,1.503087e-01,1.240030e-15,-5.000000e-01,-2.361082e-14,-7.071068e-01,-4.998580e-01,-2.472742e-14,-1.503087e-01,-5.000000e-01,-7.071068e-01,2.646720e-16,-4.998580e-01,-1.503087e-01,-2.217709e-16
142.6,860.0,-5.000000e-01,1.575904e-15,7.071068e-01,-4.998581e-01,8.675715e-15,1.503232e-01,-5.000000e-01,7.071068e-01,-2.825843e-15,-4.998581e-01,1.503232e-01,-2.503129e-15,-5.000000e-01,-7.796953e-16,-7.071068e-01,-4.998581e-01,-8.909434e-15,-1.503232e-01,-5.000000e-01,-7.071068e-01,-9.422364e-15,-4.998581e-01,-1.503232e-01,1.606628e-15
142.6,885.0,-5.000000e-01,-1.660585e-15,7.071068e-01,-4.998581e-01,4.879795e-15,1.503378e-01,-5.000000e-01,7.071068e-01,-4.484153e-15,-4.998581e-01,1.503378e-01,-2.724038e-16,-5.000000e-01,2.283582e-15,-7.071068e-01,-4.998581e-01,-5.284649e-15,-1.503378e-01,-5.000000e-01,-7.071068e-01,1.748716e-14,-4.998581e-01,-1.503378e-01,3.969000e-16
145.1,10.0,-5.000000e-01,9.653874e-14,7.071068e-01,-4.998593e-01,1.452107e-15,1.518441e-01,-5.000000e-01,7.071068e-01,-5.164293e-14,-4.998593e-01,1.518441e-01,-5.888397e-14,-5.000000e-01,-9.551290e-14,-7.071068e-01,-4.998593e-01,-2.708218e-15,-1.518441e-01,-5.000000e-01,-7.071068e-01,5.471831e-14,-4.998593e-01,-1.518441e-01,5.911489e-14
145.1,35.0,-5.000000e-01,2.080298e-13,7.071068e-01,-4.998593e-01,4.938580e-14,1.518567e-01,-5.000000e-01,7.071068e-01,-2.177151e-14,-4.998593e-01,1.518567e-01,3.615292e-17,-5.000000e-01,-1.840833e-13,-7.071068e-01,-4.998593e-01,-4.346295e-14,-1.518567e-01,-5.000000e-01,-7.071068e-01,3.145790e-14,-4.998593e-01,-1.518567e-01,1.784852e-14
145.1,60.0,-5.000000e-01,-1.437876e-13,7.071068e-01,-4.998593e-01,1.733450e-14,1.518693e-01,-5.000000e-01,7.071068e-01,2.137252e-15,-4.998593e-01,1.518693e-01,1.274242e-14,-5.000000e-01,5.595522e-14,-7.071068e-01,-4.998593e-01,-2.531153e-14,-1.518693e-01,-5.000000e-01,-7.071068e-01,-1.566839e-14,-4.998593e-01,-1.518693e-01,-3.835444e-14
145.1,85.0,-5.000000e-01,-2.288835e-14,7.071068e-01,-4.998594e-01,-1.689369e-15,1.518819e-01,-5.000000e-01,7.071068e-01,-9.411113e-15,-4.998594e-01,1.518819e-01,5.565260e-15,-5.000000e-01,2.886915e-14,-7.071068e-01,-4.998594e-01,-5.753826e-15,-1.518819e-01,-5.000000e-01,-7.071068e-01,-2.553361e-15,-4.998594e-01,-1.518819e-01,-1.322037e-14
145.1,110.0,-5.000000e-01,1.476385e-14,7.071068e-01,-4.998594e-01,1.039106e-15,1.518945e-01,-5.000000e-01,7.071068e-01,1.297478e-13,-4.998594e-01,1.518945e-01,7.482933e-16,-5.000000e-01,-6.383364e-14,-7.071068e-01,-4.998594e-01,1.601817e-15,-1.518945e-01,-5.000000e-01,-7.071068e-01,-9.050949e-14,-4.998594e-01,-1.518945e-01,6.979915e-17
145.1,135.0,-5.000000e-01,-3.184521e-15,7.071068e-01,-4.998594e-01,4.892127e-15,1.519072e-01,-5.000000e-01,7.071068e-01,5.907112e-15,-4.998594e-01,1.519072e-01,-2.015946e-15,-5.000000e-01,2.792785e-15,-7.071068e-01,-4.998594e-01,-4.550909e-15,-1.519072e-01,-5.000000e-01,-7.071068e-01,-1.663975e-16,-4.998594e-01,-1.519072e-01,1.605255e-15
145.1,160.0,-5.000000e-01,-6.500874e-14,7.071068e-01,-4.998594e-01,1.140036e-14,1.519200e-01,-5.000000e-01,7.071068e-01,-4.032192e-13,-4.998594e-01,1.519200e-01,-1.109162e-14,-5.000000e-01,1.863350e-14,-7.071068e-01,-4.998594e-01,1.224206e-14,-1.519200e-01,-5.000000e-01,-7.071068e-01,3.154627e-13,-4.998594e-01,-1.519200e-01,1.110342e-14
145.1,185.0,-5.000000e-01,-9.256437e-15,7.071068e-01,-4.998594e-01,8.892545e-15,1.519328e-01,-5.000000e-01,7.071068e-01,1.642610e-14,-4.998594e-01,1.519328e-01,-2.688946e-15,-5.000000e-01,-3.323984e-14,-7.071068e-01,-4.998594e-01,2.426775e-14,-1.519328e-01,-5.000000e-01,-7.071068e-01,-1.832259e-14,-4.998594e-01,-1.519328e-01,9.917820e-15
145.1,210.0,-5.000000e-01,-5.066398e-14,7.071068e-01,-4.998594e-01,9.109813e-15,1.519456e-01,-5.000000e-01,7.071068e-01,1.722656e-14,-4.998594e-01,1.519456e-01,5.771703e-15,-5.000000e-01,1.656474e-14,-7.071068e-01,-4.998594e-01,1.010643e-14,-1.519456e-01,-5.000000e-01,-7.071068e-01,-5.917888e-14,-4.998594e-01,-1.519456e-01,-1.919065e-14
145.1,235.0,-5.000000e-01,-1.948580e-15,7.071068e-01,-4.998594e-01,-2.975161e-15,1.519585e-01,-5.000000e-01,7.071068e-01,2.111403e-14,-4.998594e-01,1.519585e-01,-1.683040e-15,-5.000000e-01,1.639643e-15,-7.071068e-01,-4.998594e-01,4.142177e-15,-1.519585e-01,-5.000000e-01,-7.071068e-01,-1.154197e-14,-4.998594e-01,-1.519585e-01,1.538671e-15
145.1,260.0,-5.000000e-01,-3.588972e-15,7.071068e-01,-4.998594e-01,-1.177049e-14,1.519714e-01,-5.000000e-01,7.071068e-01,4.181668e-15,-4.998594e-01,1.519714e-01,7.337890e-15,-5.000000e-01,3.349971e-15,-7.071068e-01,-4.998594e-01,1.120915e-14,-1.519714e-01,-5.000000e-01,-7.071068e-01,-9.759541e-15,-4.998594e-01,-1.519714e-01,-7.775108e-15
145.1,285.0,-5.000000e-01,5.121747e-15,7.071068e-01,-4.998594e-01,1.141817e-15,1.519843e-01,-5.000000e-01,7.071068e-01,-3.167645e-15,-4.998594e-01,1.519843e-01,-5.127295e-15,-5.000000e-01,-4.894557e-15,-7.071068e-01,-4.998594e-01,-2.302764e-15,-1.519843e-01,-5.000000e-01,-7.071068e-01,-4.786200e-15,-4.998594e-01,-1.519843e-01,4.089738e-15
145.1,310.0,-5.000000e-01,-2.407745e-15,7.071068e-01,-4.998595e-01,-6.816904e-15,1.519973e-01,-5.000000e-01,7.071068e-01,5.950446e-14,-4.998595e-01,1.519973e-01,3.950076e-15,-5.000000e-01,3.155503e-15,-7.071068e-01,-4.998595e-01,6.076686e-15,-1.519973e-01,-5.000000e-01,-7.071068e-01,-4.956623e-14,-4.998595e-01,-1.519973e-01,-4.150964e-15
145.1,335.0,-5.000000e-01,-4.237045e-14,7.071068e-01,-4.998595e-01,3.044211e-15,1.520104e-01,-5.000000e-01,7.071068e-01,1.814589e-14,-4.998595e-01,1.520104e-01,-1.955673e-15,-5.000000e-01,4.505014e-14,-7.071068e-01,-4.998595e-01,-1.651101e-15,-1.520104e-01,-5.000000e-01,-7.071068e-01,-1.717639e-14,-4.998595e-01,-1.520104e-01,4.389449e-15
145.1,360.0,-5.000000e-01,-5.495103e-15,7.071068e-01,-4.998595e-01,-1.401982e-15,1.520235e-01,-5.000000e-01,7.071068e-01,7.891571e-15,-4.998595e-01,1.520235e-01,1.019209e-14,-5.000000e-01,5.939722e-15,-7.071068e-01,-4.998595e-01,1.249390e-15,-1.520235e-01,-5.000000e-01,-7.071068e-01,-1.196196e-14,-4.998595e-01,-1.520235e-01,-9.528724e-15
145.1,385.0,-5.000000e-01,-2.449565e-15,7.071068e-01,-4.998595e-01,-3.427201e-15,1.520366e-01,-5.000000e-01,7.071068e-01,-1.484707e-14,-4.998595e-01,1.520366e-01,3.447030e-15,-5.000000e-01,-4.750861e-16,-7.071068e-01,-4.998595e-01,2.085308e-15,-1.520366e-01,-5.000000e-01,-7.071068e-01,1.446637e-14,-4.998595e-01,-1.520366e-01,-4.375577e-15
145.1,410.0,-5.000000e-01,1.156720e-14,7.071068e-01,-4.998595e-01,-9.667087e-15,1.520498e-01,-5.000000e-01,7.071068e-01,-9.483225e-14,-4.998595e-01,1.520498e-01,-9.818553e-15,-5.000000e-01,-9.217021e-15,-7.071068e-01,-4.998595e-01,1.477733e-14,-1.520498e-01,-5.000000e-01,-7.071068e-01,1.461570e-13,-4.998595e-01,-1.520498e-01,1.968623e-14
145.1,435.0,-5.000000e-01,2.377814e-14,7.071068e-01,-4.998595e-01,1.254661e-14,1.520630e-01,-5.000000e-01,7.071068e-01,-5.342902e-14,-4.998595e-01,1.520630e-01,2.372418e-15,-5.000000e-01,-2.645064e-14,-7.071068e-01,-4.998595e-01,-1.285554e-14,-1.520630e-01,-5.000000e-01,-7.071068e-01,3.541524e-14,-4.998595e-01,-1.520630e-01,-4.671388e-15
145.1,460.0,-5.000000e-01,3.051761e-14,7.071068e-01,-4.998595e-01,-4.829269e-14,1.520763e-01,-5.000000e-01,7.071068e-01,-7.694722e-15,-4.998595e-01,1.520763e-01,2.747349e-15,-5.000000e-01,-3.055610e-14,-7.071068e-01,-4.998595e-01,5.209920e-14,-1.520763e-01,-5.000000e-01,-7.071068e-01,6.838216e-14,-4.998595e-01,-1.520763e-01,6.328279e-15
145.1,485.0,-5.000000e-01,3.899815e-14,7.071068e-01,-4.998596e-01,-1.114775e-15,1.520896e-01,-5.000000e-01,7.071068e-01,1.048459e-13,-4.998596e-01,1.520896e-01,-6.497788e-15,-5.000000e-01,-4.495936e-14,-7.071068e-01,-4.998596e-01,-3.328498e-16,-1.520896e-01,-5.000000e-01,-7.071068e-01,8.060233e-14,-4.998596e-01,-1.520896e-01,-4.961106e-16
145.1,510.0,-5.000000e-01,7.012193e-15,7.071068e-01,-4.998596e-01,-3.123479e-14,1.521029e-01,-5.000000e-01,7.071068e-01,1.585029e-16,-4.998596e-01,1.521029e-01,6.630549e-15,-5.000000e-01,-5.915202e-15,-7.071068e-01,-4.998596e-01,3.123185e-14,-1.521029e-01,-5.000000e-01,-7.071068e-01,-2.309785e-14,-4.998596e-01,-1.521029e-01,-6.940703e-15
145.1,535.0,-5.000000e-01,-1.083171e-14,7.071068e-01,-4.998596e-01,-7.255518e-15,1.521163e-01,-5.000000e-01,7.071068e-01,7.513869e-15,-4.998596e-01,1.521163e-01,6.183024e-16,-5.000000e-01,1.168193e-14,-7.071068e-01,-4.998596e-01,7.029780e-15,-1.521163e-01,-5.000000e-01,-7.071068e-01,-1.777709e-14,-4.998596e-01,-1.521163e-01,-5.467644e-16
145.1,560.0,-5.000000e-01,-4.613441e-14,7.071068e-01,-4.998596e-01,-2.274685e-15,1.521298e-01,-5.000000e-01,7.071068e-01,-2.545137e-14,-4.998596e-01,1.521298e-01,-7.165407e-15,-5.000000e-01,4.702319e-14,-7.071068e-01,-4.998596e-01,2.387534e-15,-1.521298e-01,-5.000000e-01,-7.071068e-01,1.958125e-14,-4.998596e-01,-1.521298e-01,6.521682e-15
145.1,585.0,-5.000000e-01,-1.680943e-14,7.071068e-01,-4.998596e-01,1.454214e-14,1.521433e-01,-5.000000e-01,7.071068e-01,-1.982913e-14,-4.998596e-01,1.521433e-01,-2.112880e-15,-5.000000e-01,1.814872e-14,-7.071068e-01,-4.998596e-01,-1.463186e-14,-1.521433e-01,-5.000000e-01,-7.071068e-01,2.815243e-15,-4.998596e-01,-1.521433e-01,3.080002e-15
145.1,610.0,-5.000000e-01,6.186152e-15,7.071068e-01,-4.998596e-01,-2.720769e-16,1.521568e-01,-5.000000e-01,7.071068e-01,7.101331e-15,-4.998596e-01,1.521568e-01,-1.853587e-15,-5.000000e-01,-4.667973e-15,-7.071068e-01,-4.998596e-01,-6.929357e-17,-1.521568e-01,-5.000000e-01,-7.071068e-01,-1.903075e-15,-4.998596e-01,-1.521568e-01,2.162552e-15
145.1,635.0,-5.000000e-01,-3.753861e-14,7.071068e-01,-4.998596e-01,1.154324e-15,1.521704e-01,-5.000000e-01,7.071068e-01,-1.119680e-14,-4.998596e-01,1.521704e-01,-5.035317e-15,-5.000000e-01,3.800777e-14,-7.071068e-01,-4.998596e-01,-1.252332e-15,-1.521704e-01,-5.000000e-01,-7.071068e-01,2.616949e-14,-4.998596e-01,-1.521704e-01,4.777276e-15
145.1,660.0,-5.000000e-01,1.637212e-14,7.071068e-01,-4.998596e-01,-1.701974e-14,1.521840e-01,-5.000000e-01,7.071068e-01,-1.306331e-14,-4.998596e-01,1.521840e-01,2.531470e-15,-5.000000e-01,-1.720988e-14,-7.071068e-01,-4.998596e-01,1.668404e-14,-1.521840e-01,-5.000000e-01,-7.071068e-01,-1.056359e-14,-4.998596e-01,-1.521840e-01,-2.726415e-15
145.1,685.0,-5.000000e-01,-5.802604e-15,7.071068e-01,-4.998597e-01,-6.409603e-15,1.521977e-01,-5.000000e-01,7.071068e-01,1.332775e-15,-4.998597e-01,1.521977e-01,2.168295e-15,-5.000000e-01,7.533070e-15,-7.071068e-01,-4.998597e-01,6.770377e-15,-1.521977e-01,-5.000000e-01,-7.071068e-01,-8.776464e-16,-4.998597e-01,-1.521977e-01,-1.443787e-15
145.1,710.0,-5.000000e-01,2.186769e-14,7.071068e-01,-4.998597e-01,-4.414344e-15,1.522114e-01,-5.000000e-01,7.071068e-01,-1.514755e-14,-4.998597e-01,1.522114e-01,6.764174e-15,-5.000000e-01,-2.068009e-14,-7.071068e-01,-4.998597e-01,4.395047e-15,-1.522114e-01,-5.000000e-01,-7.071068e-01,8.500565e-16,-4.998597e-01,-1.522114e-01,-6.208611e-15
145.1,735.0,-5.000000e-01,-5.030012e-14,7.071068e-01,-4.998597e-01,1.586675e-15,1.522252e-01,-5.000000e-01,7.071068e-01,-2.587446e-14,-4.998597e-01,1.522252e-01,1.108769e-15,-5.000000e-01,5.043258e-14,-7.071068e-01,-4.998597e-01,-1.586036e-15,-1.522252e-01,-5.000000e-01,-7.071068e-01,3.827957e-14,-4.998597e-01,-1.522252e-01,-2.726164e-16
145.1,760.0,-5.000000e-01,-5.298069e-14,7.071068e-01,-4.998597e-01,-4.010084e-15,1.522390e-01,-5.000000e-01,7.071068e-01,-9.971428e-15,-4.998597e-01,1.522390e-01,-9.322117e-16,-5.000000e-01,5.346540e-14,-7.071068e-01,-4.998597e-01,3.894595e-15,-1.522390e-01,-5.000000e-01,-7.071068e-01,1.646490e-15,-4.998597e-01,-1.522390e-01,8.296928e-16
145.1,785.0,-5.000000e-01,7.644857e-16,7.071068e-01,-4.998597e-01,-6.793425e-16,1.522529e-01,-5.000000e-01,7.071068e-01,1.855928e-14,-4.998597e-01,1.522529e-01,1.737139e-16,-5.000000e-01,1.195860e-15,-7.071068e-01,-4.998597e-01,7.049668e-16,-1.522529e-01,-5.000000e-01,-7.071068e-01,5.628836e-15,-4.998597e-01,-1.522529e-01,-3.024155e-16
145.1,810.0,-5.000000e-01,1.371940e-15,7.071068e-01,-4.998597e-01,5.086768e-16,1.522668e-01,-5.000000e-01,7.071068e-01,-1.085756e-14,-4.998597e-01,1.522668e-01,1.091377e-15,-5.000000e-01,3.542094e-15,-7.071068e-01,-4.998597e-01,-4.016120e-16,-1.522668e-01,-5.000000e-01,-7.071068e-01,2.339388e-15,-4.998597e-01,-1.522668e-01,3.250737e-16
145.1,835.0,-5.000000e-01,5.556355e-15,7.071068e-01,-4.998597e-01,1.949902e-15,1.522808e-01,-5.000000e-01,7.071068e-01,2.839413e-14,-4.998597e-01,1.522808e-01,-7.658246e-16,-5.000000e-01,-5.120884e-15,-7.071068e-01,-4.998597e-01,-2.118591e-15,-1.522808e-01,-5.000000e-01,-7.071068e-01,-3.767003e-14,-4.998597e-01,-1.522808e-01,5.822020e-16
145.1,860.0,-5.000000e-01,2.738302e-14,7.071068e-01,-4.998598e-01,3.440128e-16,1.522948e-01,-5.000000e-01,7.071068e-01,-4.578896e-15,-4.998598e-01,1.522948e-01,-6.017803e-17,-5.000000e-01,-2.655109e-14,-7.071068e-01,-4.998598e-01,-4.140165e-17,-1.522948e-01,-5.000000e-01,-7.071068e-01,-4.611527e-16,-4.998598e-01,-1.522948e-01,4.349811e-16
145.1,885.0,-5.000000e-01,5.247932e-14,7.071068e-01,-4.998598e-01,9.440275e-15,1.523088e-01,-5.000000e-01,7.071068e-01,7.407791e-15,-4.998598e-01,1.523088e-01,-7.845260e-17,-5.000000e-01,-5.202947e-14,-7.071068e-01,-4.998598e-01,-9.633440e-15,-1.523088e-01,-5.000000e-01,-7.071068e-01,-1.757928e-14,-4.998598e-01,-1.523088e-01,-2.264685e-16
147.6,10.0,-5.000000e-01,1.308520e-14,7.071068e-01,-4.998610e-01,-5.861048e-15,1.538196e-01,-5.000000e-01,7.071068e-01,1.019900e-15,-4.998610e-01,1.538196e-01,-4.764720e-15,-5.000000e-01,1.188847e-16,-7.071068e-01,-4.998610e-01,3.178660e-14,-1.538196e-01,-5.000000e-01,-7.071068e-01,-1.299862e-14,-4.998610e-01,-1.538196e-01,8.292282e-17
147.6,35.0,-5.000000e-01,-2.134242e-14,7.071068e-01,-4.998610e-01,1.975027e-14,1.538317e-01,-5.000000e-01,7.071068e-01,1.246870e-14,-4.998610e-01,1.538317e-01,9.407925e-15,-5.000000e-01,1.434220e-14,-7.071068e-01,-4.998610e-01,-9.662644e-15,-1.538317e-01,-5.000000e-01,-7.071068e-01,-8.666698e-15,-4.998610e-01,-1.538317e-01,-1.091315e-14
147.6,60.0,-5.000000e-01,6.385000e-14,7.071068e-01,-4.998610e-01,-1.813435e-14,1.538438e-01,-5.000000e-01,7.071068e-01,-1.493696e-14,-4.998610e-01,1.538438e-01,-3.046073e-14,-5.000000e-01,-6.411189e-14,-7.071068e-01,-4.998610e-01,1.870763e-14,-1.538438e-01,-5.000000e-01,-7.071068e-01,1.908725e-14,-4.998610e-01,-1.538438e-01,3.173657e-14
147.6,85.0,-5.000000e-01,1.415713e-14,7.071068e-01,-4.998610e-01,-2.443943e-14,1.538559e-01,-5.000000e-01,7.071068e-01,4.232244e-14,-4.998610e-01,1.538559e-01,-1.862555e-14,-5.000000e-01,-1.411581e-14,-7.071068e-01,-4.998610e-01,2.342857e-14,-1.538559e-01,-5.000000e-01,-7.071068e-01,-6.855232e-14,-4.998610e-01,-1.538559e-01,2.024541e-14
147.6,110.0,-5.000000e-01,6.939081e-14,7.071068e-01,-4.998610e-01,-4.307988e-14,1.538681e-01,-5.000000e-01,7.071068e-01,8.811959e-15,-4.998610e-01,1.538681e-01,-3.451481e-14,-5.000000e-01,-6.879434e-14,-7.071068e-01,-4.998610e-01,4.299449e-14,-1.538681e-01,-5.000000e-01,-7.071068e-01,-5.324900e-15,-4.998610e-01,-1.538681e-01,3.379212e-14
147.6,135.0,-5.000000e-01,2.854488e-14,7.071068e-01,-4.998610e-01,-8.073593e-15,1.538803e-01,-5.000000e-01,7.071068e-01,6.909794e-15,-4.998610e-01,1.538803e-01,-2.411000e-14,-5.000000e-01,-2.859517e-14,-7.071068e-01,-4.998610e-01,7.959718e-15,-1.538803e-01,-5.000000e-01,-7.071068e-01,1.153300e-14,-4.998610e-01,-1.538803e-01,2.161990e-14
147.6,160.0,-5.000000e-01,-2.271912e-14,7.071068e-01,-4.998610e-01,-6.157883e-15,1.538926e-01,-5.000000e-01,7.071068e-01,6.846010e-15,-4.998610e-01,1.538926e-01,1.382649e-14,-5.000000e-01,2.263649e-14,-7.071068e-01,-4.998610e-01,5.171620e-15,-1.538926e-01,-5.000000e-01,-7.071068e-01,-1.775533e-14,-4.998610e-01,-1.538926e-01,-1.400012e-14
147.6,185.0,-5.000000e-01,-3.649398e-14,7.071068e-01,-4.998611e-01,2.041531e-15,1.539049e-01,-5.000000e-01,7.071068e-01,1.625248e-13,-4.998611e-01,1.539049e-01,1.443511e-14,-5.000000e-01,1.535025e-14,-7.071068e-01,-4.998611e-01,7.281737e-15,-1.539049e-01,-5.000000e-01,-7.071068e-01,-1.410967e-13,-4.998611e-01,-1.539049e-01,6.094137e-15
147.6,210.0,-5.000000e-01,8.913614e-16,7.071068e-01,-4.998611e-01,5.056771e-16,1.539172e-01,-5.000000e-01,7.071068e-01,4.230273e-14,-4.998611e-01,1.539172e-01,-1.592063e-14,-5.000000e-01,-3.244962e-14,-7.071068e-01,-4.998611e-01,-1.723549e-16,-1.539172e-01,-5.000000e-01,-7.071068e-01,-2.770596e-14,-4.998611e-01,-1.539172e-01,9.988643e-15
147.6,235.0,-5.000000e-01,1.159047e-14,7.071068e-01,-4.998611e-01,8.831291e-15,1.539296e-01,-5.000000e-01,7.071068e-01,-3.655759e-14,-4.998611e-01,1.539296e-01,-3.554700e-16,-5.000000e-01,-1.267806e-14,-7.071068e-01,-4.998611e-01,1.107602e-14,-1.539296e-01,-5.000000e-01,-7.071068e-01,8.683767e-15,-4.998611e-01,-1.539296e-01,-4.360275e-15
147.6,260.0,-5.000000e-01,5.215298e-14,7.071068e-01,-4.998611e-01,-4.859155e-15,1.539420e-01,-5.000000e-01,7.071068e-01,4.991019e-15,-4.998611e-01,1.539420e-01,1.312659e-14,-5.000000e-01,7.330557e-15,-7.071068e-01,-4.998611e-01,-1.486250e-14,-1.539420e-01,-5.000000e-01,-7.071068e-01,-1.041137e-14,-4.998611e-01,-1.539420e-01,3.467259e-15
147.6,285.0,-5.000000e-01,-8.272957e-15,7.071068e-01,-4.998611e-01,-2.881945e-14,1.539545e-01,-5.000000e-01,7.071068e-01,1.079849e-13,-4.998611e-01,1.539545e-01,4.103106e-14,-5.000000e-01,1.909838e-14,-7.071068e-01,-4.998611e-01,-4.601662e-14,-1.539545e-01,-5.000000e-01,-7.071068e-01,-9.956531e-14,-4.998611e-01,-1.539545e-01,-2.073784e-14
147.6,310.0,-5.000000e-01,-9.585539e-14,7.071068e-01,-4.998611e-01,8.211491e-15,1.539670e-01,-5.000000e-01,7.071068e-01,-1.832109e-14,-4.998611e-01,1.539670e-01,1.462649e-14,-5.000000e-01,1.155389e-13,-7.071068e-01,-4.998611e-01,-1.225233e-14,-1.539670e-01,-5.000000e-01,-7.071068e-01,1.061324e-14,-4.998611e-01,-1.539670e-01,-3.225478e-14
147.6,335.0,-5.000000e-01,-1.134599e-14,7.071068e-01,-4.998611e-01,8.227597e-15,1.539796e-01,-5.000000e-01,7.071068e-01,-7.598764e-14,-4.998611e-01,1.539796e-01,-3.048946e-14,-5.000000e-01,1.396261e-14,-7.071068e-01,-4.998611e-01,8.174527e-15,-1.539796e-01,-5.000000e-01,-7.071068e-01,3.794579e-14,-4.998611e-01,-1.539796e-01,2.669850e-14
147.6,360.0,-5.000000e-01,2.159102e-14,7.071068e-01,-4.998611e-01,-4.309003e-14,1.539922e-01,-5.000000e-01,7.071068e-01,3.481186e-14,-4.998611e-01,1.539922e-01,8.811098e-15,-5.000000e-01,-2.711744e-14,-7.071068e-01,-4.998611e-01,3.579322e-14,-1.539922e-01,-5.000000e-01,-7.071068e-01,-1.810414e-14,-4.998611e-01,-1.539922e-01,-4.136197e-15
147.6,385.0,-5.000000e-01,4.312042e-14,7.071068e-01,-4.998611e-01,-1.407816e-14,1.540048e-01,-5.000000e-01,7.071068e-01,-2.122590e-14,-4.998611e-01,1.540048e-01,-2.007712e-14,-5.000000e-01,-1.208493e-14,-7.071068e-01,-4.998611e-01,-5.669116e-15,-1.540048e-01,-5.000000e-01,-7.071068e-01,6.079141e-15,-4.998611e-01,-1.540048e-01,9.935648e-15
147.6,410.0,-5.000000e-01,-1.868178e-14,7.071068e-01,-4.998612e-01,2.860097e-14,1.540175e-01,-5.000000e-01,7.071068e-01,-2.585351e-14,-4.998612e-01,1.540175e-01,2.069690e-15,-5.000000e-01,9.339091e-15,-7.071068e-01,-4.998612e-01,-6.014040e-15,-1.540175e-01,-5.000000e-01,-7.071068e-01,2.403095e-14,-4.998612e-01,-1.540175e-01,-7.638241e-15
147.6,435.0,-5.000000e-01,-1.811340e-14,7.071068e-01,-4.998612e-01,-3.932727e-15,1.540302e-01,-5.000000e-01,7.071068e-01,4.229561e-14,-4.998612e-01,1.540302e-01,-1.232349e-15,-5.000000e-01,6.617061e-15,-7.071068e-01,-4.998612e-01,1.898296e-15,-1.540302e-01,-5.000000e-01,-7.071068e-01,-1.335818e-14,-4.998612e-01,-1.540302e-01,4.871660e-15
147.6,460.0,-5.000000e-01,-2.576004e-15,7.071068e-01,-4.998612e-01,-3.966234e-15,1.540430e-01,-5.000000e-01,7.071068e-01,1.895817e-14,-4.998612e-01,1.540430e-01,4.193504e-15,-5.000000e-01,3.788438e-15,-7.071068e-01,-4.998612e-01,3.735797e-15,-1.540430e-01,-5.000000e-01,-7.071068e-01,-1.758040e-14,-4.998612e-01,-1.540430e-01,-4.063715e-15
147.6,485.0,-5.000000e-01,-2.596571e-15,7.071068e-01,-4.998612e-01,-8.444704e-15,1.540558e-01,-5.000000e-01,7.071068e-01,-5.894592e-15,-4.998612e-01,1.540558e-01,1.892381e-14,-5.000000e-01,1.683448e-15,-7.071068e-01,-4.998612e-01,1.024940e-14,-1.540558e-01,-5.000000e-01,-7.071068e-01,1.719777e-14,-4.998612e-01,-1.540558e-01,-1.683710e-14
147.6,510.0,-5.000000e-01,-7.059759e-15,7.071068e-01,-4.998612e-01,-1.285731e-14,1.540687e-01,-5.000000e-01,7.071068e-01,-4.988867e-14,-4.998612e-01,1.540687e-01,8.956910e-15,-5.000000e-01,6.355563e-15,-7.071068e-01,-4.998612e-01,1.705686e-14,-1.540687e-01,-5.000000e-01,-7.071068e-01,5.666879e-14,-4.998612e-01,-1.540687e-01,-4.932701e-15
147.6,535.0,-5.000000e-01,-1.965906e-14,7.071068e-01,-4.998612e-01,-5.861575e-15,1.540816e-01,-5.000000e-01,7.071068e-01,-1.577607e-14,-4.998612e-01,1.540816e-01,-1.716585e-15,-5.000000e-01,1.633802e-14,-7.071068e-01,-4.998612e-01,6.726378e-15,-1.540816e-01,-5.000000e-01,-7.071068e-01,-1.570360e-15,-4.998612e-01,-1.540816e-01,3.097164e-15
147.6,560.0,-5.000000e-01,6.998030e-14,7.071068e-01,-4.998612e-01,2.303507e-18,1.540945e-01,-5.000000e-01,7.071068e-01,5.224688e-14,-4.998612e-01,1.540945e-01,-5.243693e-15,-5.000000e-01,-6.761875e-14,-7.071068e-01,-4.998612e-01,4.115353e-16,-1.540945e-01,-5.000000e-01,-7.071068e-01,-4.222663e-14,-4.998612e-01,-1.540945e-01,6.374480e-15
147.6,585.0,-5.000000e-01,-8.391396e-15,7.071068e-01,-4.998612e-01,1.533858e-14,1.541075e-01,-5.000000e-01,7.071068e-01,5.826571e-15,-4.998612e-01,1.541075e-01,-6.903021e-15,-5.000000e-01,1.012983e-14,-7.071068e-01,-4.998612e-01,-1.530165e-14,-1.541075e-01,-5.000000e-01,-7.071068e-01,-5.113450e-15,-4.998612e-01,-1.541075e-01,3.281049e-15
147.6,610.0,-5.000000e-01,-4.940392e-14,7.071068e-01,-4.998613e-01,2.264455e-15,1.541205e-01,-5.000000e-01,7.071068e-01,3.210346e-14,-4.998613e-01,1.541205e-01,-5.430505e-15,-5.000000e-01,5.090678e-14,-7.071068e-01,-4.998613e-01,4.328471e-16,-1.541205e-01,-5.000000e-01,-7.071068e-01,-2.690597e-14,-4.998613e-01,-1.541205e-01,-1.541315e-14
147.6,635.0,-5.000000e-01,-3.090854e-14,7.071068e-01,-4.998613e-01,6.052285e-14,1.541336e-01,-5.000000e-01,7.071068e-01,6.455836e-15,-4.998613e-01,1.541336e-01,1.109304e-14,-5.000000e-01,2.897273e-14,-7.071068e-01,-4.998613e-01,-8.020602e-14,-1.541336e-01,-5.000000e-01,-7.071068e-01,-3.365745e-14,-4.998613e-01,-1.541336e-01,-2.845142e-14
147.6,660.0,-5.000000e-01,-2.157754e-14,7.071068e-01,-4.998613e-01,-2.995185e-14,1.541468e-01,-5.000000e-01,7.071068e-01,3.677963e-14,-4.998613e-01,1.541468e-01,6.490861e-15,-5.000000e-01,1.919256e-14,-7.071068e-01,-4.998613e-01,2.295352e-14,-1.541468e-01,-5.000000e-01,-7.071068e-01,-4.578184e-14,-4.998613e-01,-1.541468e-01,-9.855394e-15
147.6,685.0,-5.000000e-01,1.817508e-14,7.071068e-01,-4.998613e-01,3.917170e-15,1.541599e-01,-5.000000e-01,7.071068e-01,-5.363948e-14,-4.998613e-01,1.541599e-01,-1.150546e-14,-5.000000e-01,-1.947449e-14,-7.071068e-01,-4.998613e-01,-2.720863e-15,-1.541599e-01,-5.000000e-01,-7.071068e-01,1.754582e-14,-4.998613e-01,-1.541599e-01,1.130044e-14
147.6,710.0,-5.000000e-01,-8.383008e-15,7.071068e-01,-4.998613e-01,-9.370916e-15,1.541731e-01,-5.000000e-01,7.071068e-01,8.202814e-14,-4.998613e-01,1.541731e-01,4.685698e-15,-5.000000e-01,1.230721e-14,-7.071068e-01,-4.998613e-01,4.601660e-15,-1.541731e-01,-5.000000e-01,-7.071068e-01,-8.566448e-14,-4.998613e-01,-1.541731e-01,-3.575848e-15
147.6,735.0,-5.000000e-01,2.140240e-14,7.071068e-01,-4.998613e-01,-7.574052e-16,1.541864e-01,-5.000000e-01,7.071068e-01,-1.032435e-14,-4.998613e-01,1.541864e-01,2.391374e-14,-5.000000e-01,-1.883293e-14,-7.071068e-01,-4.998613e-01,4.069945e-16,-1.541864e-01,-5.000000e-01,-7.071068e-01,-4.270353e-15,-4.998613e-01,-1.541864e-01,-2.308705e-14
147.6,760.0,-5.000000e-01,-3.465904e-14,7.071068e-01,-4.998613e-01,5.335931e-16,1.541997e-01,-5.000000e-01,7.071068e-01,5.244451e-15,-4.998613e-01,1.541997e-01,1.648545e-14,-5.000000e-01,3.991745e-14,-7.071068e-01,-4.998613e-01,-6.720689e-16,-1.541997e-01,-5.000000e-01,-7.071068e-01,-2.260103e-14,-4.998613e-01,-1.541997e-01,-1.557793e-14
147.6,785.0,-5.000000e-01,-1.397803e-14,7.071068e-01,-4.998613e-01,-3.007186e-15,1.542131e-01,-5.000000e-01,7.071068e-01,2.006292e-14,-4.998613e-01,1.542131e-01,7.752907e-15,-5.000000e-01,1.479637e-14,-7.071068e-01,-4.998613e-01,1.472596e-15,-1.542131e-01,-5.000000e-01,-7.071068e-01,1.782763e-14,-4.998613e-01,-1.542131e-01,-6.547852e-15
147.6,810.0,-5.000000e-01,5.526837e-15,7.071068e-01,-4.998614e-01,1.451530e-15,1.542265e-01,-5.000000e-01,7.071068e-01,1.041818e-14,-4.998614e-01,1.542265e-01,1.631054e-15,-5.000000e-01,-4.623214e-15,-7.071068e-01,-4.998614e-01,-1.050610e-15,-1.542265e-01,-5.000000e-01,-7.071068e-01,7.367256e-15,-4.998614e-01,-1.542265e-01,-1.390504e-15
147.6,835.0,-5.000000e-01,9.891990e-15,7.071068e-01,-4.998614e-01,-1.274922e-14,1.542399e-01,-5.000000e-01,7.071068e-01,-7.655210e-15,-4.998614e-01,1.542399e-01,9.253722e-16,-5.000000e-01,-9.314913e-15,-7.071068e-01,-4.998614e-01,1.280608e-14,-1.542399e-01,-5.000000e-01,-7.071068e-01,1.954228e-14,-4.998614e-01,-1.542399e-01,-5.946193e-16
147.6,860.0,-5.000000e-01,1.450309e-16,7.071068e-01,-4.998614e-01,2.921762e-16,1.542534e-01,-5.000000e-01,7.071068e-01,-5.511889e-15,-4.998614e-01,1.542534e-01,-9.764261e-18,-5.000000e-01,5.454214e-16,-7.071068e-01,-4.998614e-01,-4.277528e-16,-1.542534e-01,-5.000000e-01,-7.071068e-01,4.231314e-15,-4.998614e-01,-1.542534e-01,3.046801e-16
147.6,885.0,-5.000000e-01,6.904091e-15,7.071068e-01,-4.998614e-01,3.372686e-15,1.542669e-01,-5.000000e-01,7.071068e-01,-5.257274e-14,-4.998614e-01,1.542669e-01,7.236585e-16,-5.000000e-01,-6.164048e-15,-7.071068e-01,-4.998614e-01,-3.813975e-15,-1.542669e-01,-5.000000e-01,-7.071068e-01,6.557339e-14,-4.998614e-01,-1.542669e-01,1.745346e-17
150.1,10.0,-5.000000e-01,-1.627527e-14,7.071068e-01,-4.998626e-01,2.953953e-16,1.557815e-01,-5.000000e-01,7.071068e-01,4.870067e-15,-4.998626e-01,1.557815e-01,-5.565149e-15,-5.000000e-01,1.379451e-14,-7.071068e-01,-4.998626e-01,-1.813113e-16,-1.557815e-01,-5.000000e-01,-7.071068e-01,-2.258689e-15,-4.998626e-01,-1.557815e-01,4.890311e-15
150.1,35.0,-5.000000e-01,-1.796852e-14,7.071068e-01,-4.998626e-01,-8.287122e-16,1.557931e-01,-5.000000e-01,7.071068e-01,1.089661e-14,-4.998626e-01,1.557931e-01,-9.438771e-15,-5.000000e-01,1.736854e-14,-7.071068e-01,-4.998626e-01,4.261744e-16,-1.557931e-01,-5.000000e-01,-7.071068e-01,-1.260330e-14,-4.998626e-01,-1.557931e-01,1.062691e-14
150.1,60.0,-5.000000e-01,6.838682e-15,7.071068e-01,-4.998626e-01,3.831888e-16,1.558048e-01,-5.000000e-01,7.071068e-01,-2.516298e-15,-4.998626e-01,1.558048e-01,-1.435222e-15,-5.000000e-01,-8.203938e-15,-7.071068e-01,-4.998626e-01,-1.062666e-16,-1.558048e-01,-5.000000e-01,-7.071068e-01,-5.349610e-16,-4.998626e-01,-1.558048e-01,5.537978e-16
150.1,85.0,-5.000000e-01,-9.161563e-15,7.071068e-01,-4.998626e-01,-1.377790e-14,1.558164e-01,-5.000000e-01,7.071068e-01,1.449501e-14,-4.998626e-01,1.558164e-01,8.294857e-15,-5.000000e-01,8.456828e-15,-7.071068e-01,-4.998626e-01,1.490757e-14,-1.558164e-01,-5.000000e-01,-7.071068e-01,-1.254445e-14,-4.998626e-01,-1.558164e-01,-8.471026e-15
150.1,110.0,-5.000000e-01,-4.146320e-15,7.071068e-01,-4.998626e-01,-1.550190e-14,1.558281e-01,-5.000000e-01,7.071068e-01,3.715351e-15,-4.998626e-01,1.558281e-01,-1.232480e-16,-5.000000e-01,3.688786e-15,-7.071068e-01,-4.998626e-01,1.458842e-14,-1.558281e-01,-5.000000e-01,-7.071068e-01,-4.745350e-15,-4.998626e-01,-1.558281e-01,-8.728444e-16
150.1,135.0,-5.000000e-01,-3.728198e-15,7.071068e-01,-4.998626e-01,-1.042412e-14,1.558399e-01,-5.000000e-01,7.071068e-01,2.271753e-15,-4.998626e-01,1.558399e-01,-7.400424e-16,-5.000000e-01,2.955740e-15,-7.071068e-01,-4.998626e-01,1.048158e-14,-1.558399e-01,-5.000000e-01,-7.071068e-01,-1.116625e-15,-4.998626e-01,-1.558399e-01,1.567256e-15
150.1,160.0,-5.000000e-01,1.947494e-16,7.071068e-01,-4.998626e-01,-5.287718e-16,1.558517e-01,-5.000000e-01,7.071068e-01,-8.685228e-17,-4.998626e-01,1.558517e-01,6.575342e-15,-5.000000e-01,7.789975e-16,-7.071068e-01,-4.998626e-01,2.499227e-17,-1.558517e-01,-5.000000e-01,-7.071068e-01,1.952403e-16,-4.998626e-01,-1.558517e-01,-5.864958e-15
150.1,185.0,-5.000000e-01,-3.523734e-15,7.071068e-01,-4.998626e-01,-1.065724e-14,1.558635e-01,-5.000000e-01,7.071068e-01,1.042261e-14,-4.998626e-01,1.558635e-01,2.538824e-15,-5.000000e-01,4.305042e-15,-7.071068e-01,-4.998626e-01,1.070828e-14,-1.558635e-01,-5.000000e-01,-7.071068e-01,-1.045581e-14,-4.998626e-01,-1.558635e-01,-2.812955e-15
150.1,210.0,-5.000000e-01,-4.077582e-14,7.071068e-01,-4.998627e-01,6.382021e-15,1.558754e-01,-5.000000e-01,7.071068e-01,9.531633e-15,-4.998627e-01,1.558754e-01,-5.020273e-15,-5.000000e-01,3.951270e-14,-7.071068e-01,-4.998627e-01,-5.483269e-15,-1.558754e-01,-5.000000e-01,-7.071068e-01,-1.086941e-14,-4.998627e-01,-1.558754e-01,4.893875e-15
150.1,235.0,-5.000000e-01,4.593507e-15,7.071068e-01,-4.998627e-01,4.318817e-15,1.558873e-01,-5.000000e-01,7.071068e-01,-7.781539e-15,-4.998627e-01,1.558873e-01,-3.086581e-15,-5.000000e-01,-5.961786e-15,-7.071068e-01,-4.998627e-01,-6.043758e-15,-1.558873e-01,-5.000000e-01,-7.071068e-01,7.688636e-15,-4.998627e-01,-1.558873e-01,1.460210e-15
150.1,260.0,-5.000000e-01,-7.361276e-15,7.071068e-01,-4.998627e-01,-8.261277e-15,1.558992e-01,-5.000000e-01,7.071068e-01,1.347608e-15,-4.998627e-01,1.558992e-01,7.716343e-15,-5.000000e-01,2.685481e-15,-7.071068e-01,-4.998627e-01,7.984821e-15,-1.558992e-01,-5.000000e-01,-7.071068e-01,-5.755197e-15,-4.998627e-01,-1.558992e-01,-8.733600e-15
150.1,285.0,-5.000000e-01,-6.464265e-15,7.071068e-01,-4.998627e-01,1.033629e-15,1.559112e-01,-5.000000e-01,7.071068e-01,-6.176128e-15,-4.998627e-01,1.559112e-01,1.472541e-15,-5.000000e-01,3.503474e-16,-7.071068e-01,-4.998627e-01,4.197085e-15,-1.559112e-01,-5.000000e-01,-7.071068e-01,-3.518176e-15,-4.998627e-01,-1.559112e-01,-4.983779e-15
150.1,310.0,-5.000000e-01,-8.476743e-15,7.071068e-01,-4.998627e-01,-3.904065e-15,1.559232e-01,-5.000000e-01,7.071068e-01,1.139841e-16,-4.998627e-01,1.559232e-01,8.118090e-15,-5.000000e-01,2.020663e-15,-7.071068e-01,-4.998627e-01,2.726049e-15,-1.559232e-01,-5.000000e-01,-7.071068e-01,1.484326e-15,-4.998627e-01,-1.559232e-01,-6.460031e-15
150.1,335.0,-5.000000e-01,1.345744e-14,7.071068e-01,-4.998627e-01,-3.571052e-15,1.559353e-01,-5.000000e-01,7.071068e-01,8.856176e-16,-4.998627e-01,1.559353e-01,-1.074315e-14,-5.000000e-01,-4.533752e-15,-7.071068e-01,-4.998627e-01,9.558124e-15,-1.559353e-01,-5.000000e-01,-7.071068e-01,-4.246910e-15,-4.998627e-01,-1.559353e-01,1.046398e-14
150.1,360.0,-5.000000e-01,-6.577325e-15,7.071068e-01,-4.998627e-01,4.530163e-15,1.559474e-01,-5.000000e-01,7.071068e-01,-3.009712e-15,-4.998627e-01,1.559474e-01,2.188303e-15,-5.000000e-01,-2.792133e-15,-7.071068e-01,-4.998627e-01,-9.533894e-15,-1.559474e-01,-5.000000e-01,-7.071068e-01,7.108797e-15,-4.998627e-01,-1.559474e-01,1.806152e-16
150.1,385.0,-5.000000e-01,-2.752512e-14,7.071068e-01,-4.998627e-01,4.045390e-16,1.559596e-01,-5.000000e-01,7.071068e-01,-2.424469e-14,-4.998627e-01,1.559596e-01,1.256502e-15,-5.000000e-01,-3.909912e-14,-7.071068e-01,-4.998627e-01,-1.719607e-15,-1.559596e-01,-5.000000e-01,-7.071068e-01,1.773158e-14,-4.998627e-01,-1.559596e-01,-1.117711e-15
150.1,410.0,-5.000000e-01,2.651258e-13,7.071068e-01,-4.998627e-01,-1.497835e-16,1.559718e-01,-5.000000e-01,7.071068e-01,2.858125e-13,-4.998627e-01,1.559718e-01,9.310519e-16,-5.000000e-01,-2.844610e-13,-7.071068e-01,-4.998627e-01,-7.401766e-16,-1.559718e-01,-5.000000e-01,-7.071068e-01,-2.091852e-13,-4.998627e-01,-1.559718e-01,-2.188517e-15
150.1,435.0,-5.000000e-01,-1.547542e-14,7.071068e-01,-4.998628e-01,5.118453e-16,1.559840e-01,-5.000000e-01,7.071068e-01,-5.943959e-14,-4.998628e-01,1.559840e-01,-2.581740e-14,-5.000000e-01,-1.052565e-14,-7.071068e-01,-4.998628e-01,4.946160e-16,-1.559840e-01,-5.000000e-01,-7.071068e-01,3.299728e-14,-4.998628e-01,-1.559840e-01,1.673018e-14
150.1,460.0,-5.000000e-01,-1.280833e-14,7.071068e-01,-4.998628e-01,-5.529513e-15,1.559963e-01,-5.000000e-01,7.071068e-01,3.893379e-15,-4.998628e-01,1.559963e-01,1.562579e-14,-5.000000e-01,-8.665058e-15,-7.071068e-01,-4.998628e-01,-6.745377e-15,-1.559963e-01,-5.000000e-01,-7.071068e-01,3.104275e-15,-4.998628e-01,-1.559963e-01,-5.606528e-15
150.1,485.0,-5.000000e-01,2.420993e-14,7.071068e-01,-4.998628e-01,-6.130686e-15,1.560086e-01,-5.000000e-01,7.071068e-01,4.305218e-14,-4.998628e-01,1.560086e-01,4.950648e-15,-5.000000e-01,-6.389103e-14,-7.071068e-01,-4.998628e-01,-2.934471e-15,-1.560086e-01,-5.000000e-01,-7.071068e-01,-4.719356e-14,-4.998628e-01,-1.560086e-01,1.219419e-14
150.1,510.0,-5.000000e-01,1.374560e-15,7.071068e-01,-4.998628e-01,2.232615e-15,1.560210e-01,-5.000000e-01,7.071068e-01,-6.295393e-15,-4.998628e-01,1.560210e-01,2.056971e-14,-5.000000e-01,2.741756e-14,-7.071068e-01,-4.998628e-01,3.791501e-15,-1.560210e-01,-5.000000e-01,-7.071068e-01,8.195563e-15,-4.998628e-01,-1.560210e-01,-1.243603e-14
150.1,535.0,-5.000000e-01,3.646292e-15,7.071068e-01,-4.998628e-01,1.664814e-14,1.560334e-01,-5.000000e-01,7.071068e-01,-6.007418e-14,-4.998628e-01,1.560334e-01,-4.513315e-14,-5.000000e-01,-4.358724e-14,-7.071068e-01,-4.998628e-01,2.507431e-14,-1.560334e-01,-5.000000e-01,-7.071068e-01,4.710777e-14,-4.998628e-01,-1.560334e-01,2.152508e-14
150.1,560.0,-5.000000e-01,-7.995296e-14,7.071068e-01,-4.998628e-01,1.510493e-14,1.560459e-01,-5.000000e-01,7.071068e-01,-1.454421e-13,-4.998628e-01,1.560459e-01,-3.872604e-15,-5.000000e-01,2.443232e-14,-7.071068e-01,-4.998628e-01,2.704345e-14,-1.560459e-01,-5.000000e-01,-7.071068e-01,1.087489e-13,-4.998628e-01,-1.560459e-01,-2.017583e-14
150.1,585.0,-5.000000e-01,-5.130889e-14,7.071068e-01,-4.998628e-01,5.161763e-15,1.560584e-01,-5.000000e-01,7.071068e-01,-3.786803e-14,-4.998628e-01,1.560584e-01,-2.179760e-15,-5.000000e-01,4.651471e-14,-7.071068e-01,-4.998628e-01,1.177891e-14,-1.560584e-01,-5.000000e-01,-7.071068e-01,1.660494e-14,-4.998628e-01,-1.560584e-01,-1.148582e-15
150.1,610.0,-5.000000e-01,3.575946e-14,7.071068e-01,-4.998628e-01,-2.479764e-16,1.560709e-01,-5.000000e-01,7.071068e-01,-2.425416e-14,-4.998628e-01,1.560709e-01,-1.756036e-14,-5.000000e-01,-4.275779e-14,-7.071068e-01,-4.998628e-01,-6.388564e-16,-1.560709e-01,-5.000000e-01,-7.071068e-01,1.711825e-14,-4.998628e-01,-1.560709e-01,1.793084e-14
150.1,635.0,-5.000000e-01,-1.132620e-13,7.071068e-01,-4.998628e-01,4.294124e-15,1.560835e-01,-5.000000e-01,7.071068e-01,-2.072829e-14,-4.998628e-01,1.560835e-01,1.325108e-16,-5.000000e-01,1.195263e-13,-7.071068e-01,-4.998628e-01,-3.625875e-15,-1.560835e-01,-5.000000e-01,-7.071068e-01,1.408878e-14,-4.998628e-01,-1.560835e-01,-2.669912e-15
150.1,660.0,-5.000000e-01,-5.637764e-15,7.071068e-01,-4.998629e-01,6.120496e-14,1.560961e-01,-5.000000e-01,7.071068e-01,-9.966557e-14,-4.998629e-01,1.560961e-01,-2.749794e-15,-5.000000e-01,7.481609e-15,-7.071068e-01,-4.998629e-01,-6.352013e-14,-1.560961e-01,-5.000000e-01,-7.071068e-01,5.635211e-14,-4.998629e-01,-1.560961e-01,-1.043681e-15
150.1,685.0,-5.000000e-01,1.966969e-15,7.071068e-01,-4.998629e-01,-3.853669e-15,1.561088e-01,-5.000000e-01,7.071068e-01,3.519345e-14,-4.998629e-01,1.561088e-01,-2.445400e-14,-5.000000e-01,-3.137783e-15,-7.071068e-01,-4.998629e-01,2.729129e-15,-1.561088e-01,-5.000000e-01,-7.071068e-01,-6.395906e-14,-4.998629e-01,-1.561088e-01,2.620570e-14
150.1,710.0,-5.000000e-01,2.139010e-14,7.071068e-01,-4.998629e-01,-1.149836e-14,1.561215e-01,-5.000000e-01,7.071068e-01,1.625144e-14,-4.998629e-01,1.561215e-01,1.689919e-14,-5.000000e-01,-2.479491e-14,-7.071068e-01,-4.998629e-01,1.099728e-14,-1.561215e-01,-5.000000e-01,-7.071068e-01,-4.685153e-14,-4.998629e-01,-1.561215e-01,-1.073583e-14
150.1,735.0,-5.000000e-01,7.305790e-15,7.071068e-01,-4.998629e-01,-3.726060e-14,1.561343e-01,-5.000000e-01,7.071068e-01,-8.081517e-16,-4.998629e-01,1.561343e-01,-3.675645e-14,-5.000000e-01,-1.352681e-14,-7.071068e-01,-4.998629e-01,3.344942e-14,-1.561343e-01,-5.000000e-01,-7.071068e-01,-3.894882e-14,-4.998629e-01,-1.561343e-01,-3.137404e-14
150.1,760.0,-5.000000e-01,4.977408e-14,7.071068e-01,-4.998629e-01,3.899167e-14,1.561471e-01,-5.000000e-01,7.071068e-01,-4.162218e-14,-4.998629e-01,1.561471e-01,-8.863600e-15,-5.000000e-01,-5.987562e-14,-7.071068e-01,-4.998629e-01,-4.433742e-14,-1.561471e-01,-5.000000e-01,-7.071068e-01,1.908905e-14,-4.998629e-01,-1.561471e-01,-1.126494e-15
150.1,785.0,-5.000000e-01,-8.381148e-15,7.071068e-01,-4.998629e-01,-8.912495e-15,1.561599e-01,-5.000000e-01,7.071068e-01,2.088792e-14,-4.998629e-01,1.561599e-01,-3.891281e-15,-5.000000e-01,1.638398e-14,-7.071068e-01,-4.998629e-01,4.741352e-15,-1.561599e-01,-5.000000e-01,-7.071068e-01,-4.378357e-14,-4.998629e-01,-1.561599e-01,1.503086e-15
150.1,810.0,-5.000000e-01,-1.015787e-14,7.071068e-01,-4.998629e-01,-5.814678e-16,1.561728e-01,-5.000000e-01,7.071068e-01,2.856860e-14,-4.998629e-01,1.561728e-01,-2.473831e-14,-5.000000e-01,8.736772e-15,-7.071068e-01,-4.998629e-01,4.849452e-16,-1.561728e-01,-5.000000e-01,-7.071068e-01,-4.250590e-14,-4.998629e-01,-1.561728e-01,1.426569e-14
150.1,835.0,-5.000000e-01,4.656368e-15,7.071068e-01,-4.998629e-01,-7.569716e-15,1.561857e-01,-5.000000e-01,7.071068e-01,-1.442490e-14,-4.998629e-01,1.561857e-01,-5.280483e-15,-5.000000e-01,-4.683216e-15,-7.071068e-01,-4.998629e-01,1.305808e-14,-1.561857e-01,-5.000000e-01,-7.071068e-01,1.231908e-14,-4.998629e-01,-1.561857e-01,4.984319e-15
150.1,860.0,-5.000000e-01,-1.500142e-15,7.071068e-01,-4.998629e-01,2.602559e-15,1.561987e-01,-5.000000e-01,7.071068e-01,-2.987462e-14,-4.998629e-01,1.561987e-01,1.551781e-15,-5.000000e-01,4.710974e-15,-7.071068e-01,-4.998629e-01,2.535613e-15,-1.561987e-01,-5.000000e-01,-7.071068e-01,-4.113962e-15,-4.998629e-01,-1.561987e-01,-5.831200e-17
150.1,885.0,-5.000000e-01,-2.012713e-14,7.071068e-01,-4.998630e-01,-5.042411e-15,1.562117e-01,-5.000000e-01,7.071068e-01,3.172450e-14,-4.998630e-01,1.562117e-01,9.368797e-15,-5.000000e-01,2.539374e-14,-7.071068e-01,-4.998630e-01,3.973755e-15,-1.562117e-01,-5.000000e-01,-7.071068e-01,-2.945905e-14,-4.998630e-01,-1.562117e-01,-8.948432e-15
152.6,10.0,-5.000000e-01,1.046397e-14,7.071068e-01,-4.998641e-01,-1.958302e-15,1.577296e-01,-5.000000e-01,7.071068e-01,5.374197e-15,-4.998641e-01,1.577296e-01,-1.094791e-15,-5.000000e-01,3.509711e-15,-7.071068e-01,-4.998641e-01,1.030340e-14,-1.577296e-01,-5.000000e-01,-7.071068e-01,4.337601e-15,-4.998641e-01,-1.577296e-01,5.720399e-15
152.6,35.0,-5.000000e-01,-3.247306e-15,7.071068e-01,-4.998641e-01,8.326777e-16,1.577407e-01,-5.000000e-01,7.071068e-01,5.498716e-15,-4.998641e-01,1.577407e-01,4.445439e-15,-5.000000e-01,3.329111e-15,-7.071068e-01,-4.998641e-01,-6.257738e-16,-1.577407e-01,-5.000000e-01,-7.071068e-01,3.878783e-15,-4.998641e-01,-1.577407e-01,-3.537578e-15
152.6,60.0,-5.000000e-01,2.222448e-15,7.071068e-01,-4.998641e-01,1.224632e-14,1.577519e-01,-5.000000e-01,7.071068e-01,1.866447e-15,-4.998641e-01,1.577519e-01,-4.745171e-15,-5.000000e-01,7.676226e-16,-7.071068e-01,-4.998641e-01,-9.557544e-15,-1.577519e-01,-5.000000e-01,-7.071068e-01,6.211457e-15,-4.998641e-01,-1.577519e-01,1.062735e-14
152.6,85.0,-5.000000e-01,-1.034406e-14,7.071068e-01,-4.998641e-01,-2.694845e-15,1.577631e-01,-5.000000e-01,7.071068e-01,4.748710e-15,-4.998641e-01,1.577631e-01,2.134096e-14,-5.000000e-01,1.048425e-14,-7.071068e-01,-4.998641e-01,3.126862e-15,-1.577631e-01,-5.000000e-01,-7.071068e-01,-1.191186e-14,-4.998641e-01,-1.577631e-01,-2.029377e-14
152.6,110.0,-5.000000e-01,2.609455e-14,7.071068e-01,-4.998641e-01,7.345546e-15,1.577743e-01,-5.000000e-01,7.071068e-01,-2.007461e-14,-4.998641e-01,1.577743e-01,-2.672581e-15,-5.000000e-01,-2.619745e-14,-7.071068e-01,-4.998641e-01,-8.380454e-15,-1.577743e-01,-5.000000e-01,-7.071068e-01,1.867569e-14,-4.998641e-01,-1.577743e-01,3.500195e-15
152.6,135.0,-5.000000e-01,2.856758e-15,7.071068e-01,-4.998642e-01,3.064904e-15,1.577856e-01,-5.000000e-01,7.071068e-01,-3.561750e-15,-4.998642e-01,1.577856e-01,-3.368930e-15,-5.000000e-01,-3.218373e-15,-7.071068e-01,-4.998642e-01,-3.765904e-15,-1.577856e-01,-5.000000e-01,-7.071068e-01,1.843031e-15,-4.998642e-01,-1.577856e-01,3.463825e-15
152.6,160.0,-5.000000e-01,8.403523e-16,7.071068e-01,-4.998642e-01,7.415155e-15,1.577969e-01,-5.000000e-01,7.071068e-01,7.361030e-15,-4.998642e-01,1.577969e-01,4.662216e-15,-5.000000e-01,-8.403523e-16,-7.071068e-01,-4.998642e-01,-7.741637e-15,-1.577969e-01,-5.000000e-01,-7.071068e-01,-6.714768e-15,-4.998642e-01,-1.577969e-01,-4.445551e-15
152.6,185.0,-5.000000e-01,5.509747e-15,7.071068e-01,-4.998642e-01,-2.149579e-15,1.578083e-01,-5.000000e-01,7.071068e-01,-7.075650e-15,-4.998642e-01,1.578083e-01,-2.223221e-15,-5.000000e-01,-6.234714e-15,-7.071068e-01,-4.998642e-01,2.378290e-15,-1.578083e-01,-5.000000e-01,-7.071068e-01,7.035716e-15,-4.998642e-01,-1.578083e-01,1.477546e-15
152.6,210.0,-5.000000e-01,-6.061328e-15,7.071068e-01,-4.998642e-01,9.023788e-16,1.578197e-01,-5.000000e-01,7.071068e-01,2.583909e-15,-4.998642e-01,1.578197e-01,4.492255e-15,-5.000000e-01,3.582841e-15,-7.071068e-01,-4.998642e-01,-4.538534e-16,-1.578197e-01,-5.000000e-01,-7.071068e-01,-3.151586e-15,-4.998642e-01,-1.578197e-01,-3.983522e-15
152.6,235.0,-5.000000e-01,-3.834101e-15,7.071068e-01,-4.998642e-01,-9.552250e-15,1.578311e-01,-5.000000e-01,7.071068e-01,1.095785e-14,-4.998642e-01,1.578311e-01,8.339967e-15,-5.000000e-01,5.477287e-15,-7.071068e-01,-4.998642e-01,9.107099e-15,-1.578311e-01,-5.000000e-01,-7.071068e-01,-8.028014e-15,-4.998642e-01,-1.578311e-01,-7.726433e-15
152.6,260.0,-5.000000e-01,1.786245e-14,7.071068e-01,-4.998642e-01,5.188130e-15,1.578426e-01,-5.000000e-01,7.071068e-01,-1.991095e-14,-4.998642e-01,1.578426e-01,5.271607e-16,-5.000000e-01,-1.828124e-14,-7.071068e-01,-4.998642e-01,-5.680816e-15,-1.578426e-01,-5.000000e-01,-7.071068e-01,1.915722e-14,-4.998642e-01,-1.578426e-01,4.533986e-16
152.6,285.0,-5.000000e-01,-2.917744e-15,7.071068e-01,-4.998642e-01,-5.182199e-15,1.578541e-01,-5.000000e-01,7.071068e-01,2.576950e-15,-4.998642e-01,1.578541e-01,1.731415e-15,-5.000000e-01,2.954677e-15,-7.071068e-01,-4.998642e-01,5.152770e-15,-1.578541e-01,-5.000000e-01,-7.071068e-01,-3.400403e-15,-4.998642e-01,-1.578541e-01,-6.210544e-16
152.6,310.0,-5.000000e-01,8.268578e-16,7.071068e-01,-4.998642e-01,1.087509e-15,1.578657e-01,-5.000000e-01,7.071068e-01,6.313343e-15,-4.998642e-01,1.578657e-01,4.250675e-15,-5.000000e-01,-1.144880e-15,-7.071068e-01,-4.998642e-01,-1.440792e-15,-1.578657e-01,-5.000000e-01,-7.071068e-01,-1.017440e-14,-4.998642e-01,-1.578657e-01,-3.225249e-15
152.6,335.0,-5.000000e-01,5.291453e-15,7.071068e-01,-4.998642e-01,2.043191e-15,1.578773e-01,-5.000000e-01,7.071068e-01,-5.974222e-15,-4.998642e-01,1.578773e-01,-9.219760e-15,-5.000000e-01,-5.251366e-15,-7.071068e-01,-4.998642e-01,-2.024589e-15,-1.578773e-01,-5.000000e-01,-7.071068e-01,5.501811e-15,-4.998642e-01,-1.578773e-01,1.019482e-14
152.6,360.0,-5.000000e-01,-6.905836e-16,7.071068e-01,-4.998642e-01,-3.372943e-15,1.578889e-01,-5.000000e-01,7.071068e-01,1.921727e-15,-4.998642e-01,1.578889e-01,5.820955e-15,-5.000000e-01,2.071751e-15,-7.071068e-01,-4.998642e-01,3.068087e-15,-1.578889e-01,-5.000000e-01,-7.071068e-01,-1.590955e-15,-4.998642e-01,-1.578889e-01,-5.705761e-15
152.6,385.0,-5.000000e-01,-4.924658e-15,7.071068e-01,-4.998642e-01,-4.005694e-15,1.579006e-01,-5.000000e-01,7.071068e-01,1.207093e-15,-4.998642e-01,1.579006e-01,1.551930e-15,-5.000000e-01,1.772877e-15,-7.071068e-01,-4.998642e-01,4.183891e-15,-1.579006e-01,-5.000000e-01,-7.071068e-01,-2.442943e-15,-4.998642e-01,-1.579006e-01,4.601985e-17
152.6,410.0,-5.000000e-01,1.513058e-15,7.071068e-01,-4.998643e-01,-6.836795e-15,1.579123e-01,-5.000000e-01,7.071068e-01,-2.949937e-16,-4.998643e-01,1.579123e-01,1.087209e-15,-5.000000e-01,-2.475913e-15,-7.071068e-01,-4.998643e-01,6.872299e-15,-1.579123e-01,-5.000000e-01,-7.071068e-01,1.256535e-15,-4.998643e-01,-1.579123e-01,-3.092438e-15
152.6,435.0,-5.000000e-01,1.668199e-15,7.071068e-01,-4.998643e-01,7.910232e-15,1.579241e-01,-5.000000e-01,7.071068e-01,-1.423334e-15,-4.998643e-01,1.579241e-01,-5.390513e-15,-5.000000e-01,-2.366515e-15,-7.071068e-01,-4.998643e-01,-7.372566e-15,-1.579241e-01,-5.000000e-01,-7.071068e-01,1.537646e-15,-4.998643e-01,-1.579241e-01,4.654417e-15
152.6,460.0,-5.000000e-01,-4.528203e-15,7.071068e-01,-4.998643e-01,-1.474013e-16,1.579359e-01,-5.000000e-01,7.071068e-01,8.004663e-15,-4.998643e-01,1.579359e-01,1.376334e-14,-5.000000e-01,4.435071e-15,-7.071068e-01,-4.998643e-01,1.592921e-15,-1.579359e-01,-5.000000e-01,-7.071068e-01,-7.841504e-15,-4.998643e-01,-1.579359e-01,-1.209938e-14
152.6,485.0,-5.000000e-01,6.200607e-15,7.071068e-01,-4.998643e-01,-2.054549e-15,1.579477e-01,-5.000000e-01,7.071068e-01,4.073740e-15,-4.998643e-01,1.579477e-01,9.819618e-17,-5.000000e-01,-1.866898e-15,-7.071068e-01,-4.998643e-01,4.380505e-15,-1.579477e-01,-5.000000e-01,-7.071068e-01,3.672386e-15,-4.998643e-01,-1.579477e-01,3.939445e-15
152.6,510.0,-5.000000e-01,-1.015532e-15,7.071068e-01,-4.998643e-01,2.795927e-15,1.579596e-01,-5.000000e-01,7.071068e-01,-8.442309e-15,-4.998643e-01,1.579596e-01,-3.037033e-16,-5.000000e-01,-4.037803e-15,-7.071068e-01,-4.998643e-01,-8.402162e-15,-1.579596e-01,-5.000000e-01,-7.071068e-01,2.462340e-15,-4.998643e-01,-1.579596e-01,-1.888103e-15
152.6,535.0,-5.000000e-01,1.048672e-14,7.071068e-01,-4.998643e-01,-2.154548e-15,1.579715e-01,-5.000000e-01,7.071068e-01,3.183501e-15,-4.998643e-01,1.579715e-01,-4.553310e-15,-5.000000e-01,-8.926377e-16,-7.071068e-01,-4.998643e-01,7.296976e-16,-1.579715e-01,-5.000000e-01,-7.071068e-01,-6.222225e-16,-4.998643e-01,-1.579715e-01,3.912261e-15
152.6,560.0,-5.000000e-01,-1.586517e-14,7.071068e-01,-4.998643e-01,-1.156512e-15,1.579835e-01,-5.000000e-01,7.071068e-01,3.404676e-15,-4.998643e-01,1.579835e-01,3.891019e-15,-5.000000e-01,8.141829e-15,-7.071068e-01,-4.998643e-01,2.665344e-15,-1.579835e-01,-5.000000e-01,-7.071068e-01,-1.321135e-14,-4.998643e-01,-1.579835e-01,-9.868569e-15
152.6,585.0,-5.000000e-01,-1.778644e-14,7.071068e-01,-4.998643e-01,8.721944e-16,1.579955e-01,-5.000000e-01,7.071068e-01,-5.739543e-15,-4.998643e-01,1.579955e-01,5.641887e-15,-5.000000e-01,5.318755e-15,-7.071068e-01,-4.998643e-01,-5.350708e-15,-1.579955e-01,-5.000000e-01,-7.071068e-01,-4.662592e-15,-4.998643e-01,-1.579955e-01,-1.328879e-14
152.6,610.0,-5.000000e-01,-1.848298e-14,7.071068e-01,-4.998643e-01,-1.565816e-15,1.580075e-01,-5.000000e-01,7.071068e-01,-2.105730e-15,-4.998643e-01,1.580075e-01,-9.783481e-16,-5.000000e-01,1.692111e-14,-7.071068e-01,-4.998643e-01,1.034191e-15,-1.580075e-01,-5.000000e-01,-7.071068e-01,4.603457e-15,-4.998643e-01,-1.580075e-01,-5.573289e-16
152.6,635.0,-5.000000e-01,-8.702180e-14,7.071068e-01,-4.998643e-01,-2.301056e-15,1.580196e-01,-5.000000e-01,7.071068e-01,-7.923743e-14,-4.998643e-01,1.580196e-01,-2.584219e-15,-5.000000e-01,3.584281e-14,-7.071068e-01,-4.998643e-01,-7.494078e-15,-1.580196e-01,-5.000000e-01,-7.071068e-01,7.100510e-14,-4.998643e-01,-1.580196e-01,-1.740953e-15
152.6,660.0,-5.000000e-01,-1.755260e-15,7.071068e-01,-4.998644e-01,2.708807e-15,1.580317e-01,-5.000000e-01,7.071068e-01,5.206737e-15,-4.998644e-01,1.580317e-01,5.382352e-15,-5.000000e-01,-4.258878e-15,-7.071068e-01,-4.998644e-01,-1.085069e-14,-1.580317e-01,-5.000000e-01,-7.071068e-01,1.198380e-14,-4.998644e-01,-1.580317e-01,-5.919032e-16
152.6,685.0,-5.000000e-01,-4.318608e-14,7.071068e-01,-4.998644e-01,7.227792e-15,1.580439e-01,-5.000000e-01,7.071068e-01,-1.624614e-14,-4.998644e-01,1.580439e-01,-1.000443e-13,-5.000000e-01,-6.137077e-14,-7.071068e-01,-4.998644e-01,2.187561e-15,-1.580439e-01,-5.000000e-01,-7.071068e-01,2.350025e-14,-4.998644e-01,-1.580439e-01,5.408231e-14
152.6,710.0,-5.000000e-01,-1.315304e-14,7.071068e-01,-4.998644e-01,5.941682e-16,1.580561e-01,-5.000000e-01,7.071068e-01,4.931401e-14,-4.998644e-01,1.580561e-01,-1.516275e-14,-5.000000e-01,-9.276491e-15,-7.071068e-01,-4.998644e-01,-6.085139e-16,-1.580561e-01,-5.000000e-01,-7.071068e-01,-4.713962e-14,-4.998644e-01,-1.580561e-01,1.005613e-14
152.6,735.0,-5.000000e-01,1.512570e-14,7.071068e-01,-4.998644e-01,1.019980e-14,1.580684e-01,-5.000000e-01,7.071068e-01,-4.038794e-14,-4.998644e-01,1.580684e-01,-4.573795e-15,-5.000000e-01,-1.068338e-14,-7.071068e-01,-4.998644e-01,-8.121522e-15,-1.580684e-01,-5.000000e-01,-7.071068e-01,-1.415773e-14,-4.998644e-01,-1.580684e-01,9.600268e-15
152.6,760.0,-5.000000e-01,-1.358592e-14,7.071068e-01,-4.998644e-01,2.664413e-15,1.580807e-01,-5.000000e-01,7.071068e-01,-2.315746e-14,-4.998644e-01,1.580807e-01,9.346851e-15,-5.000000e-01,1.733312e-14,-7.071068e-01,-4.998644e-01,1.937488e-16,-1.580807e-01,-5.000000e-01,-7.071068e-01,3.782377e-14,-4.998644e-01,-1.580807e-01,-9.129046e-15
152.6,785.0,-5.000000e-01,-4.437524e-14,7.071068e-01,-4.998644e-01,2.845518e-14,1.580931e-01,-5.000000e-01,7.071068e-01,4.159759e-14,-4.998644e-01,1.580931e-01,3.799814e-14,-5.000000e-01,4.860614e-14,-7.071068e-01,-4.998644e-01,-3.774855e-14,-1.580931e-01,-5.000000e-01,-7.071068e-01,-4.239513e-14,-4.998644e-01,-1.580931e-01,-1.415459e-14
152.6,810.0,-5.000000e-01,-2.457781e-14,7.071068e-01,-4.998644e-01,-5.077665e-15,1.581054e-01,-5.000000e-01,7.071068e-01,4.373573e-14,-4.998644e-01,1.581054e-01,1.206690e-14,-5.000000e-01,2.371941e-14,-7.071068e-01,-4.998644e-01,1.594686e-15,-1.581054e-01,-5.000000e-01,-7.071068e-01,-1.444325e-14,-4.998644e-01,-1.581054e-01,1.494406e-14
152.6,835.0,-5.000000e-01,-3.886857e-14,7.071068e-01,-4.998644e-01,-9.736939e-15,1.581179e-01,-5.000000e-01,7.071068e-01,1.997445e-14,-4.998644e-01,1.581179e-01,5.628459e-15,-5.000000e-01,4.249687e-14,-7.071068e-01,-4.998644e-01,1.057246e-14,-1.581179e-01,-5.000000e-01,-7.071068e-01,-8.874161e-14,-4.998644e-01,-1.581179e-01,-8.962761e-15
152.6,860.0,-5.000000e-01,1.275985e-13,7.071068e-01,-4.998644e-01,-7.914614e-15,1.581304e-01,-5.000000e-01,7.071068e-01,-2.558266e-14,-4.998644e-01,1.581304e-01,-2.322116e-15,-5.000000e-01,-1.367182e-13,-7.071068e-01,-4.998644e-01,6.489929e-15,-1.581304e-01,-5.000000e-01,-7.071068e-01,5.449837e-15,-4.998644e-01,-1.581304e-01,1.490076e-15
152.6,885.0,-5.000000e-01,1.450364e-14,7.071068e-01,-4.998645e-01,2.955917e-15,1.581429e-01,-5.000000e-01,7.071068e-01,3.381556e-14,-4.998645e-01,1.581429e-01,-1.640663e-15,-5.000000e-01,-1.541701e-14,-7.071068e-01,-4.998645e-01,-5.616991e-15,-1.581429e-01,-5.000000e-01,-7.071068e-01,-1.023386e-14,-4.998645e-01,-1.581429e-01,2.058097e-15
155.1,10.0,-5.000000e-01,6.262029e-15,7.071068e-01,-4.998656e-01,1.019087e-14,1.596635e-01,-5.000000e-01,7.071068e-01,-6.646226e-15,-4.998656e-01,1.596635e-01,-4.620181e-15,-5.000000e-01,-6.242212e-15,-7.071068e-01,-4.998656e-01,-1.017349e-14,-1.596635e-01,-5.000000e-01,-7.071068e-01,7.778209e-15,-4.998656e-01,-1.596635e-01,5.179784e-15
155.1,35.0,-5.000000e-01,3.334831e-15,7.071068e-01,-4.998656e-01,-5.791660e-16,1.596742e-01,-5.000000e-01,7.071068e-01,-6.245645e-16,-4.998656e-01,1.596742e-01,3.695172e-15,-5.000000e-01,-3.811236e-15,-7.071068e-01,-4.998656e-01,3.599392e-16,-1.596742e-01,-5.000000e-01,-7.071068e-01,-2.344665e-16,-4.998656e-01,-1.596742e-01,-4.511897e-15
155.1,60.0,-5.000000e-01,-3.087553e-15,7.071068e-01,-4.998656e-01,-4.562906e-15,1.596849e-01,-5.000000e-01,7.071068e-01,7.103189e-17,-4.998656e-01,1.596849e-01,-2.591126e-15,-5.000000e-01,2.566761e-15,-7.071068e-01,-4.998656e-01,5.824003e-15,-1.596849e-01,-5.000000e-01,-7.071068e-01,-2.379512e-15,-4.998656e-01,-1.596849e-01,2.363115e-15
155.1,85.0,-5.000000e-01,-3.974493e-15,7.071068e-01,-4.998656e-01,1.018175e-14,1.596956e-01,-5.000000e-01,7.071068e-01,-3.169163e-15,-4.998656e-01,1.596956e-01,-1.661957e-15,-5.000000e-01,3.756588e-15,-7.071068e-01,-4.998656e-01,-1.217355e-14,-1.596956e-01,-5.000000e-01,-7.071068e-01,-7.921996e-16,-4.998656e-01,-1.596956e-01,4.431034e-15
155.1,110.0,-5.000000e-01,1.057947e-14,7.071068e-01,-4.998656e-01,1.278329e-14,1.597064e-01,-5.000000e-01,7.071068e-01,-9.017287e-15,-4.998656e-01,1.597064e-01,-5.724480e-15,-5.000000e-01,-1.071713e-14,-7.071068e-01,-4.998656e-01,-1.315421e-14,-1.597064e-01,-5.000000e-01,-7.071068e-01,1.119620e-14,-4.998656e-01,-1.597064e-01,6.027361e-15
155.1,135.0,-5.000000e-01,9.519109e-15,7.071068e-01,-4.998656e-01,8.483334e-16,1.597172e-01,-5.000000e-01,7.071068e-01,-5.437457e-15,-4.998656e-01,1.597172e-01,-9.154741e-15,-5.000000e-01,-1.033731e-14,-7.071068e-01,-4.998656e-01,-5.709108e-16,-1.597172e-01,-5.000000e-01,-7.071068e-01,6.146354e-15,-4.998656e-01,-1.597172e-01,9.044653e-15
155.1,160.0,-5.000000e-01,1.236612e-16,7.071068e-01,-4.998656e-01,3.124765e-15,1.597281e-01,-5.000000e-01,7.071068e-01,3.052258e-16,-4.998656e-01,1.597281e-01,-2.266083e-15,-5.000000e-01,8.037977e-16,-7.071068e-01,-4.998656e-01,-3.851792e-15,-1.597281e-01,-5.000000e-01,-7.071068e-01,4.446046e-16,-4.998656e-01,-1.597281e-01,2.809850e-15
155.1,185.0,-5.000000e-01,7.840212e-15,7.071068e-01,-4.998656e-01,-2.697471e-15,1.597389e-01,-5.000000e-01,7.071068e-01,-6.851956e-15,-4.998656e-01,1.597389e-01,-4.048151e-15,-5.000000e-01,-8.019076e-15,-7.071068e-01,-4.998656e-01,3.042325e-15,-1.597389e-01,-5.000000e-01,-7.071068e-01,7.863298e-15,-4.998656e-01,-1.597389e-01,4.537291e-15
155.1,210.0,-5.000000e-01,-2.738628e-15,7.071068e-01,-4.998656e-01,-6.522912e-15,1.597499e-01,-5.000000e-01,7.071068e-01,1.834499e-15,-4.998656e-01,1.597499e-01,-5.686127e-15,-5.000000e-01,2.664611e-15,-7.071068e-01,-4.998656e-01,7.168283e-15,-1.597499e-01,-5.000000e-01,-7.071068e-01,-3.630494e-15,-4.998656e-01,-1.597499e-01,5.176610e-15
155.1,235.0,-5.000000e-01,3.744506e-15,7.071068e-01,-4.998657e-01,-2.273897e-15,1.597608e-01,-5.000000e-01,7.071068e-01,8.412599e-16,-4.998657e-01,1.597608e-01,6.337963e-15,-5.000000e-01,-3.505495e-15,-7.071068e-01,-4.998657e-01,3.499122e-15,-1.597608e-01,-5.000000e-01,-7.071068e-01,-1.271987e-16,-4.998657e-01,-1.597608e-01,-7.117446e-15
155.1,260.0,-5.000000e-01,1.557331e-14,7.071068e-01,-4.998657e-01,-1.647580e-16,1.597718e-01,-5.000000e-01,7.071068e-01,-7.890313e-15,-4.998657e-01,1.597718e-01,-7.050088e-15,-5.000000e-01,-1.589775e-14,-7.071068e-01,-4.998657e-01,-8.734511e-17,-1.597718e-01,-5.000000e-01,-7.071068e-01,1.074605e-14,-4.998657e-01,-1.597718e-01,7.698831e-15
155.1,285.0,-5.000000e-01,-2.265858e-16,7.071068e-01,-4.998657e-01,-2.385224e-15,1.597829e-01,-5.000000e-01,7.071068e-01,-5.579178e-15,-4.998657e-01,1.597829e-01,-2.911739e-15,-5.000000e-01,2.594639e-16,-7.071068e-01,-4.998657e-01,3.235557e-15,-1.597829e-01,-5.000000e-01,-7.071068e-01,2.663231e-15,-4.998657e-01,-1.597829e-01,4.100333e-15
155.1,310.0,-5.000000e-01,1.097269e-14,7.071068e-01,-4.998657e-01,1.072156e-15,1.597940e-01,-5.000000e-01,7.071068e-01,-9.116009e-15,-4.998657e-01,1.597940e-01,-2.478215e-14,-5.000000e-01,-1.060936e-14,-7.071068e-01,-4.998657e-01,-1.395458e-15,-1.597940e-01,-5.000000e-01,-7.071068e-01,5.887911e-15,-4.998657e-01,-1.597940e-01,2.638946e-14
155.1,335.0,-5.000000e-01,1.042430e-14,7.071068e-01,-4.998657e-01,5.515970e-15,1.598051e-01,-5.000000e-01,7.071068e-01,-9.175112e-15,-4.998657e-01,1.598051e-01,-1.319780e-14,-5.000000e-01,-1.056147e-14,-7.071068e-01,-4.998657e-01,-4.034653e-15,-1.598051e-01,-5.000000e-01,-7.071068e-01,3.984819e-15,-4.998657e-01,-1.598051e-01,1.343152e-14
155.1,360.0,-5.000000e-01,3.818367e-15,7.071068e-01,-4.998657e-01,-3.512875e-15,1.598163e-01,-5.000000e-01,7.071068e-01,-2.831892e-15,-4.998657e-01,1.598163e-01,-6.028811e-15,-5.000000e-01,-4.388052e-15,-7.071068e-01,-4.998657e-01,2.061200e-15,-1.598163e-01,-5.000000e-01,-7.071068e-01,1.270721e-15,-4.998657e-01,-1.598163e-01,5.639769e-15
155.1,385.0,-5.000000e-01,-1.346291e-15,7.071068e-01,-4.998657e-01,-1.597711e-15,1.598275e-01,-5.000000e-01,7.071068e-01,1.855778e-15,-4.998657e-01,1.598275e-01,2.757829e-15,-5.000000e-01,1.385888e-15,-7.071068e-01,-4.998657e-01,1.991719e-15,-1.598275e-01,-5.000000e-01,-7.071068e-01,-2.100607e-15,-4.998657e-01,-1.598275e-01,-2.406177e-15
155.1,410.0,-5.000000e-01,2.092570e-15,7.071068e-01,-4.998657e-01,-1.376631e-15,1.598387e-01,-5.000000e-01,7.071068e-01,-3.160273e-15,-4.998657e-01,1.598387e-01,-7.802665e-16,-5.000000e-01,-2.452153e-15,-7.071068e-01,-4.998657e-01,6.014475e-16,-1.598387e-01,-5.000000e-01,-7.071068e-01,-5.809483e-16,-4.998657e-01,-1.598387e-01,1.560488e-15
155.1,435.0,-5.000000e-01,-1.824229e-14,7.071068e-01,-4.998657e-01,-1.978579e-14,1.598500e-01,-5.000000e-01,7.071068e-01,7.098216e-15,-4.998657e-01,1.598500e-01,3.702363e-15,-5.000000e-01,1.713493e-14,-7.071068e-01,-4.998657e-01,1.992526e-14,-1.598500e-01,-5.000000e-01,-7.071068e-01,-1.215909e-14,-4.998657e-01,-1.598500e-01,-4.296138e-15
155.1,460.0,-5.000000e-01,1.296712e-14,7.071068e-01,-4.998657e-01,-1.474706e-14,1.598613e-01,-5.000000e-01,7.071068e-01,-2.015541e-14,-4.998657e-01,1.598613e-01,-5.803109e-15,-5.000000e-01,-1.358633e-14,-7.071068e-01,-4.998657e-01,1.649168e-14,-1.598613e-01,-5.000000e-01,-7.071068e-01,1.647068e-14,-4.998657e-01,-1.598613e-01,5.344280e-15
155.1,485.0,-5.000000e-01,-2.677322e-15,7.071068e-01,-4.998657e-01,-4.618275e-15,1.598727e-01,-5.000000e-01,7.071068e-01,2.527129e-15,-4.998657e-01,1.598727e-01,2.282859e-15,-5.000000e-01,1.700461e-15,-7.071068e-01,-4.998657e-01,3.706127e-15,-1.598727e-01,-5.000000e-01,-7.071068e-01,-3.289439e-15,-4.998657e-01,-1.598727e-01,-2.304446e-15
155.1,510.0,-5.000000e-01,9.295204e-15,7.071068e-01,-4.998657e-01,-3.280067e-15,1.598841e-01,-5.000000e-01,7.071068e-01,-2.896929e-15,-4.998657e-01,1.598841e-01,2.707255e-15,-5.000000e-01,-1.011544e-14,-7.071068e-01,-4.998657e-01,3.332036e-15,-1.598841e-01,-5.000000e-01,-7.071068e-01,-4.977452e-16,-4.998657e-01,-1.598841e-01,-2.910169e-15
155.1,535.0,-5.000000e-01,8.878822e-16,7.071068e-01,-4.998658e-01,-2.888588e-15,1.598955e-01,-5.000000e-01,7.071068e-01,-4.803828e-16,-4.998658e-01,1.598955e-01,-7.115415e-15,-5.000000e-01,-1.585504e-15,-7.071068e-01,-4.998658e-01,3.664387e-15,-1.598955e-01,-5.000000e-01,-7.071068e-01,-1.512128e-16,-4.998658e-01,-1.598955e-01,6.761064e-15
155.1,560.0,-5.000000e-01,1.500328e-14,7.071068e-01,-4.998658e-01,-3.452751e-15,1.599070e-01,-5.000000e-01,7.071068e-01,-9.534050e-15,-4.998658e-01,1.599070e-01,-3.535292e-15,-5.000000e-01,-1.454633e-14,-7.071068e-01,-4.998658e-01,3.476820e-15,-1.599070e-01,-5.000000e-01,-7.071068e-01,9.405546e-15,-4.998658e-01,-1.599070e-01,5.171850e-15
155.1,585.0,-5.000000e-01,-3.929272e-15,7.071068e-01,-4.998658e-01,-1.059837e-14,1.599185e-01,-5.000000e-01,7.071068e-01,9.266350e-15,-4.998658e-01,1.599185e-01,1.575456e-14,-5.000000e-01,5.113977e-15,-7.071068e-01,-4.998658e-01,1.066239e-14,-1.599185e-01,-5.000000e-01,-7.071068e-01,-8.814262e-15,-4.998658e-01,-1.599185e-01,-1.516782e-14
155.1,610.0,-5.000000e-01,-4.795972e-15,7.071068e-01,-4.998658e-01,-2.068569e-15,1.599301e-01,-5.000000e-01,7.071068e-01,5.658498e-15,-4.998658e-01,1.599301e-01,1.153838e-14,-5.000000e-01,5.755167e-15,-7.071068e-01,-4.998658e-01,1.704189e-15,-1.599301e-01,-5.000000e-01,-7.071068e-01,-5.406936e-15,-4.998658e-01,-1.599301e-01,-1.152920e-14
155.1,635.0,-5.000000e-01,-4.783720e-15,7.071068e-01,-4.998658e-01,-7.244185e-15,1.599417e-01,-5.000000e-01,7.071068e-01,6.766369e-15,-4.998658e-01,1.599417e-01,7.970662e-15,-5.000000e-01,6.106049e-15,-7.071068e-01,-4.998658e-01,7.493941e-15,-1.599417e-01,-5.000000e-01,-7.071068e-01,-7.247892e-15,-4.998658e-01,-1.599417e-01,-6.327218e-15
155.1,660.0,-5.000000e-01,-2.021406e-14,7.071068e-01,-4.998658e-01,2.681436e-15,1.599533e-01,-5.000000e-01,7.071068e-01,7.708502e-15,-4.998658e-01,1.599533e-01,1.396721e-14,-5.000000e-01,9.773269e-15,-7.071068e-01,-4.998658e-01,-5.873422e-15,-1.599533e-01,-5.000000e-01,-7.071068e-01,-4.444085e-15,-4.998658e-01,-1.599533e-01,-1.477799e-14
155.1,685.0,-5.000000e-01,-7.208489e-14,7.071068e-01,-4.998658e-01,-4.932478e-17,1.599650e-01,-5.000000e-01,7.071068e-01,3.186892e-14,-4.998658e-01,1.599650e-01,7.155183e-14,-5.000000e-01,1.829702e-14,-7.071068e-01,-4.998658e-01,-5.002362e-16,-1.599650e-01,-5.000000e-01,-7.071068e-01,-3.010693e-14,-4.998658e-01,-1.599650e-01,-7.163654e-14
155.1,710.0,-5.000000e-01,1.068606e-14,7.071068e-01,-4.998658e-01,-4.609509e-16,1.599767e-01,-5.000000e-01,7.071068e-01,-3.629841e-15,-4.998658e-01,1.599767e-01,-1.985050e-14,-5.000000e-01,-3.258561e-15,-7.071068e-01,-4.998658e-01,2.040440e-15,-1.599767e-01,-5.000000e-01,-7.071068e-01,5.411609e-15,-4.998658e-01,-1.599767e-01,1.478067e-14
155.1,735.0,-5.000000e-01,5.607825e-15,7.071068e-01,-4.998658e-01,3.409849e-15,1.599885e-01,-5.000000e-01,7.071068e-01,-7.119589e-15,-4.998658e-01,1.599885e-01,-2.602354e-15,-5.000000e-01,-7.011010e-15,-7.071068e-01,-4.998658e-01,-1.097973e-14,-1.599885e-01,-5.000000e-01,-7.071068e-01,8.408610e-15,-4.998658e-01,-1.599885e-01,2.319460e-15
155.1,760.0,-5.000000e-01,-6.585107e-16,7.071068e-01,-4.998658e-01,-3.112817e-15,1.600003e-01,-5.000000e-01,7.071068e-01,3.164890e-15,-4.998658e-01,1.600003e-01,-1.083655e-16,-5.000000e-01,4.613951e-15,-7.071068e-01,-4.998658e-01,8.384806e-15,-1.600003e-01,-5.000000e-01,-7.071068e-01,-5.407834e-15,-4.998658e-01,-1.600003e-01,4.527003e-17
155.1,785.0,-5.000000e-01,-3.604118e-16,7.071068e-01,-4.998659e-01,1.999088e-15,1.600122e-01,-5.000000e-01,7.071068e-01,-2.446679e-15,-4.998659e-01,1.600122e-01,-1.255206e-15,-5.000000e-01,1.773015e-15,-7.071068e-01,-4.998659e-01,1.714481e-15,-1.600122e-01,-5.000000e-01,-7.071068e-01,-8.050525e-15,-4.998659e-01,-1.600122e-01,-7.243734e-15
155.1,810.0,-5.000000e-01,-9.582597e-15,7.071068e-01,-4.998659e-01,2.381021e-15,1.600241e-01,-5.000000e-01,7.071068e-01,2.383264e-14,-4.998659e-01,1.600241e-01,9.422155e-15,-5.000000e-01,9.495186e-15,-7.071068e-01,-4.998659e-01,-6.972336e-15,-1.600241e-01,-5.000000e-01,-7.071068e-01,-2.346859e-14,-4.998659e-01,-1.600241e-01,-1.073472e-14
155.1,835.0,-5.000000e-01,-5.912641e-15,7.071068e-01,-4.998659e-01,-7.733883e-15,1.600360e-01,-5.000000e-01,7.071068e-01,1.101712e-15,-4.998659e-01,1.600360e-01,2.100141e-14,-5.000000e-01,-1.416419e-14,-7.071068e-01,-4.998659e-01,7.705919e-15,-1.600360e-01,-5.000000e-01,-7.071068e-01,2.044328e-15,-4.998659e-01,-1.600360e-01,-2.073071e-14
155.1,860.0,-5.000000e-01,-1.651332e-14,7.071068e-01,-4.998659e-01,2.049972e-15,1.600480e-01,-5.000000e-01,7.071068e-01,-2.101611e-15,-4.998659e-01,1.600480e-01,-2.201690e-15,-5.000000e-01,1.319915e-14,-7.071068e-01,-4.998659e-01,-1.639946e-15,-1.600480e-01,-5.000000e-01,-7.071068e-01,-3.285768e-15,-4.998659e-01,-1.600480e-01,2.179858e-15
155.1,885.0,-5.000000e-01,-2.224894e-14,7.071068e-01,-4.998659e-01,-1.212846e-15,1.600600e-01,-5.000000e-01,7.071068e-01,1.264479e-14,-4.998659e-01,1.600600e-01,1.118767e-14,-5.000000e-01,-2.548733e-15,-7.071068e-01,-4.998659e-01,1.711489e-15,-1.600600e-01,-5.000000e-01,-7.071068e-01,-1.283107e-14,-4.998659e-01,-1.600600e-01,-1.063446e-14
157.6,10.0,-5.000000e-01,-3.060627e-15,7.071068e-01,-4.998670e-01,1.566259e-14,1.615829e-01,-5.000000e-01,7.071068e-01,-1.433052e-15,-4.998670e-01,1.615829e-01,2.867310e-15,-5.000000e-01,2.083831e-15,-7.071068e-01,-4.998670e-01,-1.515699e-14,-1.615829e-01,-5.000000e-01,-7.071068e-01,-1.265357e-15,-4.998670e-01,-1.615829e-01,-2.227873e-15
157.6,35.0,-5.000000e-01,2.589728e-15,7.071068e-01,-4.998670e-01,3.372593e-16,1.615931e-01,-5.000000e-01,7.071068e-01,-2.188477e-15,-4.998670e-01,1.615931e-01,7.907835e-16,-5.000000e-01,-2.530871e-15,-7.071068e-01,-4.998670e-01,4.966461e-16,-1.615931e-01,-5.000000e-01,-7.071068e-01,2.788932e-16,-4.998670e-01,-1.615931e-01,4.285029e-16
157.6,60.0,-5.000000e-01,1.576099e-14,7.071068e-01,-4.998670e-01,1.081619e-14,1.616034e-01,-5.000000e-01,7.071068e-01,-8.758329e-15,-4.998670e-01,1.616034e-01,4.254987e-15,-5.000000e-01,-1.579995e-14,-7.071068e-01,-4.998670e-01,-1.240021e-14,-1.616034e-01,-5.000000e-01,-7.071068e-01,7.602728e-15,-4.998670e-01,-1.616034e-01,-3.822138e-15
157.6,85.0,-5.000000e-01,-8.342463e-16,7.071068e-01,-4.998670e-01,2.662701e-15,1.616136e-01,-5.000000e-01,7.071068e-01,5.994680e-15,-4.998670e-01,1.616136e-01,3.840336e-15,-5.000000e-01,4.287638e-15,-7.071068e-01,-4.998670e-01,-2.159780e-15,-1.616136e-01,-5.000000e-01,-7.071068e-01,-5.056044e-15,-4.998670e-01,-1.616136e-01,-3.485745e-15
157.6,110.0,-5.000000e-01,-4.804820e-15,7.071068e-01,-4.998670e-01,4.510098e-15,1.616240e-01,-5.000000e-01,7.071068e-01,2.486436e-16,-4.998670e-01,1.616240e-01,1.773361e-15,-5.000000e-01,4.745744e-15,-7.071068e-01,-4.998670e-01,-4.662303e-15,-1.616240e-01,-5.000000e-01,-7.071068e-01,-2.141192e-15,-4.998670e-01,-1.616240e-01,-1.322763e-15
157.6,135.0,-5.000000e-01,-3.086689e-14,7.071068e-01,-4.998670e-01,-4.099494e-15,1.616343e-01,-5.000000e-01,7.071068e-01,1.382303e-14,-4.998670e-01,1.616343e-01,-2.531019e-15,-5.000000e-01,3.073091e-14,-7.071068e-01,-4.998670e-01,5.065644e-15,-1.616343e-01,-5.000000e-01,-7.071068e-01,-1.234854e-14,-4.998670e-01,-1.616343e-01,3.367871e-15
157.6,160.0,-5.000000e-01,-9.269659e-15,7.071068e-01,-4.998670e-01,-2.276654e-14,1.616447e-01,-5.000000e-01,7.071068e-01,1.326556e-14,-4.998670e-01,1.616447e-01,7.698106e-15,-5.000000e-01,9.566288e-15,-7.071068e-01,-4.998670e-01,2.299604e-14,-1.616447e-01,-5.000000e-01,-7.071068e-01,-1.686135e-14,-4.998670e-01,-1.616447e-01,-7.639994e-15
157.6,185.0,-5.000000e-01,-3.105208e-15,7.071068e-01,-4.998670e-01,-2.286353e-15,1.616551e-01,-5.000000e-01,7.071068e-01,2.470034e-15,-4.998670e-01,1.616551e-01,7.995732e-16,-5.000000e-01,1.901148e-15,-7.071068e-01,-4.998670e-01,1.982549e-15,-1.616551e-01,-5.000000e-01,-7.071068e-01,-9.816604e-15,-4.998670e-01,-1.616551e-01,-3.173371e-16
157.6,210.0,-5.000000e-01,-1.227053e-15,7.071068e-01,-4.998670e-01,-4.734066e-15,1.616656e-01,-5.000000e-01,7.071068e-01,3.352861e-15,-4.998670e-01,1.616656e-01,7.975301e-15,-5.000000e-01,1.150362e-15,-7.071068e-01,-4.998670e-01,5.555910e-15,-1.616656e-01,-5.000000e-01,-7.071068e-01,-2.794927e-15,-4.998670e-01,-1.616656e-01,-7.488608e-15
157.6,235.0,-5.000000e-01,1.964955e-15,7.071068e-01,-4.998671e-01,-1.127853e-14,1.616761e-01,-5.000000e-01,7.071068e-01,2.980795e-15,-4.998671e-01,1.616761e-01,7.862354e-15,-5.000000e-01,-1.748810e-15,-7.071068e-01,-4.998671e-01,1.014715e-14,-1.616761e-01,-5.000000e-01,-7.071068e-01,-4.736413e-15,-4.998671e-01,-1.616761e-01,-7.460641e-15
157.6,260.0,-5.000000e-01,-2.051708e-15,7.071068e-01,-4.998671e-01,1.004547e-14,1.616866e-01,-5.000000e-01,7.071068e-01,4.705161e-15,-4.998671e-01,1.616866e-01,2.109751e-14,-5.000000e-01,2.112791e-15,-7.071068e-01,-4.998671e-01,-1.090370e-14,-1.616866e-01,-5.000000e-01,-7.071068e-01,-1.033762e-14,-4.998671e-01,-1.616866e-01,-2.134108e-14
157.6,285.0,-5.000000e-01,4.309452e-15,7.071068e-01,-4.998671e-01,-4.881339e-15,1.616972e-01,-5.000000e-01,7.071068e-01,-3.196522e-15,-4.998671e-01,1.616972e-01,-9.775529e-15,-5.000000e-01,-5.271383e-15,-7.071068e-01,-4.998671e-01,4.597526e-15,-1.616972e-01,-5.000000e-01,-7.071068e-01,1.491545e-15,-4.998671e-01,-1.616972e-01,9.483899e-15
157.6,310.0,-5.000000e-01,8.348710e-15,7.071068e-01,-4.998671e-01,-9.953893e-15,1.617078e-01,-5.000000e-01,7.071068e-01,1.022651e-14,-4.998671e-01,1.617078e-01,3.924278e-15,-5.000000e-01,1.146737e-14,-7.071068e-01,-4.998671e-01,1.093113e-14,-1.617078e-01,-5.000000e-01,-7.071068e-01,-1.082120e-14,-4.998671e-01,-1.617078e-01,-3.886795e-15
157.6,335.0,-5.000000e-01,9.926386e-16,7.071068e-01,-4.998671e-01,5.927903e-15,1.617185e-01,-5.000000e-01,7.071068e-01,-2.629932e-15,-4.998671e-01,1.617185e-01,-1.579508e-15,-5.000000e-01,-6.792587e-16,-7.071068e-01,-4.998671e-01,-5.590931e-15,-1.617185e-01,-5.000000e-01,-7.071068e-01,-1.067633e-15,-4.998671e-01,-1.617185e-01,-2.899014e-15
157.6,360.0,-5.000000e-01,-8.929604e-16,7.071068e-01,-4.998671e-01,-2.226948e-15,1.617292e-01,-5.000000e-01,7.071068e-01,2.726825e-15,-4.998671e-01,1.617292e-01,-3.897759e-15,-5.000000e-01,8.929604e-16,-7.071068e-01,-4.998671e-01,2.780518e-15,-1.617292e-01,-5.000000e-01,-7.071068e-01,5.851218e-16,-4.998671e-01,-1.617292e-01,4.040369e-15
157.6,385.0,-5.000000e-01,2.352163e-15,7.071068e-01,-4.998671e-01,-6.541879e-16,1.617399e-01,-5.000000e-01,7.071068e-01,-1.645543e-15,-4.998671e-01,1.617399e-01,8.101413e-15,-5.000000e-01,-2.430569e-15,-7.071068e-01,-4.998671e-01,9.921160e-16,-1.617399e-01,-5.000000e-01,-7.071068e-01,-2.002578e-15,-4.998671e-01,-1.617399e-01,-7.079626e-15
157.6,410.0,-5.000000e-01,2.351371e-15,7.071068e-01,-4.998671e-01,-1.138832e-14,1.617507e-01,-5.000000e-01,7.071068e-01,1.187135e-15,-4.998671e-01,1.617507e-01,-6.882566e-15,-5.000000e-01,-5.426241e-16,-7.071068e-01,-4.998671e-01,1.133787e-14,-1.617507e-01,-5.000000e-01,-7.071068e-01,1.054600e-15,-4.998671e-01,-1.617507e-01,7.236624e-15
157.6,435.0,-5.000000e-01,-8.135506e-15,7.071068e-01,-4.998671e-01,-4.403757e-15,1.617615e-01,-5.000000e-01,7.071068e-01,6.520606e-15,-4.998671e-01,1.617615e-01,1.422534e-14,-5.000000e-01,7.457547e-15,-7.071068e-01,-4.998671e-01,5.451654e-15,-1.617615e-01,-5.000000e-01,-7.071068e-01,-7.285098e-15,-4.998671e-01,-1.617615e-01,-1.332904e-14
157.6,460.0,-5.000000e-01,2.414024e-15,7.071068e-01,-4.998671e-01,6.773996e-15,1.617723e-01,-5.000000e-01,7.071068e-01,-1.984283e-15,-4.998671e-01,1.617723e-01,1.258725e-16,-5.000000e-01,-2.475922e-15,-7.071068e-01,-4.998671e-01,-6.055232e-15,-1.617723e-01,-5.000000e-01,-7.071068e-01,1.471916e-15,-4.998671e-01,-1.617723e-01,6.631762e-16
157.6,485.0,-5.000000e-01,-8.488300e-15,7.071068e-01,-4.998671e-01,-9.269548e-15,1.617832e-01,-5.000000e-01,7.071068e-01,1.072331e-14,-4.998671e-01,1.617832e-01,7.180220e-15,-5.000000e-01,3.269567e-15,-7.071068e-01,-4.998671e-01,9.587451e-15,-1.617832e-01,-5.000000e-01,-7.071068e-01,-7.368805e-15,-4.998671e-01,-1.617832e-01,-9.423082e-15
157.6,510.0,-5.000000e-01,5.125400e-15,7.071068e-01,-4.998671e-01,-7.264724e-15,1.617941e-01,-5.000000e-01,7.071068e-01,1.058107e-15,-4.998671e-01,1.617941e-01,6.689920e-15,-5.000000e-01,-5.085629e-15,-7.071068e-01,-4.998671e-01,6.139070e-15,-1.617941e-01,-5.000000e-01,-7.071068e-01,4.205761e-16,-4.998671e-01,-1.617941e-01,-6.657334e-15
157.6,535.0,-5.000000e-01,2.902172e-15,7.071068e-01,-4.998671e-01,-2.003137e-15,1.618051e-01,-5.000000e-01,7.071068e-01,-2.146337e-15,-4.998671e-01,1.618051e-01,-3.155702e-15,-5.000000e-01,-2.872355e-15,-7.071068e-01,-4.998671e-01,2.512304e-15,-1.618051e-01,-5.000000e-01,-7.071068e-01,2.733191e-15,-4.998671e-01,-1.618051e-01,2.609786e-15
157.6,560.0,-5.000000e-01,-2.058219e-14,7.071068e-01,-4.998672e-01,-2.099536e-15,1.618161e-01,-5.000000e-01,7.071068e-01,4.937569e-15,-4.998672e-01,1.618161e-01,-8.284112e-16,-5.000000e-01,2.046525e-14,-7.071068e-01,-4.998672e-01,2.902328e-15,-1.618161e-01,-5.000000e-01,-7.071068e-01,-7.763499e-15,-4.998672e-01,-1.618161e-01,1.369165e-15
157.6,585.0,-5.000000e-01,-3.330772e-15,7.071068e-01,-4.998672e-01,-7.777815e-16,1.618271e-01,-5.000000e-01,7.071068e-01,-1.314158e-15,-4.998672e-01,1.618271e-01,-4.840447e-15,-5.000000e-01,3.255073e-15,-7.071068e-01,-4.998672e-01,7.491850e-16,-1.618271e-01,-5.000000e-01,-7.071068e-01,-3.321023e-15,-4.998672e-01,-1.618271e-01,5.735408e-15
157.6,610.0,-5.000000e-01,-3.909998e-15,7.071068e-01,-4.998672e-01,3.218460e-15,1.618382e-01,-5.000000e-01,7.071068e-01,3.375011e-15,-4.998672e-01,1.618382e-01,-2.575256e-16,-5.000000e-01,4.626830e-15,-7.071068e-01,-4.998672e-01,-3.883325e-15,-1.618382e-01,-5.000000e-01,-7.071068e-01,-2.886390e-15,-4.998672e-01,-1.618382e-01,8.358207e-16
157.6,635.0,-5.000000e-01,-7.486579e-15,7.071068e-01,-4.998672e-01,-1.424548e-14,1.618493e-01,-5.000000e-01,7.071068e-01,5.831476e-15,-4.998672e-01,1.618493e-01,6.844652e-15,-5.000000e-01,5.062353e-15,-7.071068e-01,-4.998672e-01,1.389543e-14,-1.618493e-01,-5.000000e-01,-7.071068e-01,-7.544526e-15,-4.998672e-01,-1.618493e-01,-7.533966e-15
157.6,660.0,-5.000000e-01,-7.116377e-15,7.071068e-01,-4.998672e-01,6.254569e-15,1.618605e-01,-5.000000e-01,7.071068e-01,7.417404e-15,-4.998672e-01,1.618605e-01,1.952776e-14,-5.000000e-01,7.724614e-15,-7.071068e-01,-4.998672e-01,-5.964876e-15,-1.618605e-01,-5.000000e-01,-7.071068e-01,-6.341947e-15,-4.998672e-01,-1.618605e-01,-1.932925e-14
157.6,685.0,-5.000000e-01,1.294117e-14,7.071068e-01,-4.998672e-01,-8.228542e-16,1.618717e-01,-5.000000e-01,7.071068e-01,-1.785549e-14,-4.998672e-01,1.618717e-01,-2.785939e-15,-5.000000e-01,-1.299843e-14,-7.071068e-01,-4.998672e-01,1.317858e-15,-1.618717e-01,-5.000000e-01,-7.071068e-01,1.829177e-14,-4.998672e-01,-1.618717e-01,2.403366e-15
157.6,710.0,-5.000000e-01,-3.359667e-15,7.071068e-01,-4.998672e-01,5.750216e-16,1.618829e-01,-5.000000e-01,7.071068e-01,5.431920e-15,-4.998672e-01,1.618829e-01,1.353403e-14,-5.000000e-01,2.613074e-15,-7.071068e-01,-4.998672e-01,-7.245596e-17,-1.618829e-01,-5.000000e-01,-7.071068e-01,-5.988513e-15,-4.998672e-01,-1.618829e-01,-1.321590e-14
157.6,735.0,-5.000000e-01,-8.163000e-15,7.071068e-01,-4.998672e-01,-3.656702e-15,1.618942e-01,-5.000000e-01,7.071068e-01,8.201707e-15,-4.998672e-01,1.618942e-01,9.732843e-15,-5.000000e-01,7.888614e-15,-7.071068e-01,-4.998672e-01,3.836360e-15,-1.618942e-01,-5.000000e-01,-7.071068e-01,-7.296435e-15,-4.998672e-01,-1.618942e-01,-1.024903e-14
157.6,760.0,-5.000000e-01,1.757723e-14,7.071068e-01,-4.998672e-01,4.302887e-15,1.619055e-01,-5.000000e-01,7.071068e-01,-1.451246e-14,-4.998672e-01,1.619055e-01,-1.167143e-14,-5.000000e-01,-1.675145e-14,-7.071068e-01,-4.998672e-01,-4.188453e-15,-1.619055e-01,-5.000000e-01,-7.071068e-01,1.400731e-14,-4.998672e-01,-1.619055e-01,1.175861e-14
157.6,785.0,-5.000000e-01,1.982551e-15,7.071068e-01,-4.998672e-01,-1.311912e-14,1.619169e-01,-5.000000e-01,7.071068e-01,-4.916651e-16,-4.998672e-01,1.619169e-01,-1.226678e-15,-5.000000e-01,-2.826971e-15,-7.071068e-01,-4.998672e-01,1.346097e-14,-1.619169e-01,-5.000000e-01,-7.071068e-01,8.802431e-16,-4.998672e-01,-1.619169e-01,-9.709915e-16
157.6,810.0,-5.000000e-01,6.011459e-16,7.071068e-01,-4.998672e-01,6.977605e-15,1.619283e-01,-5.000000e-01,7.071068e-01,-3.877116e-15,-4.998672e-01,1.619283e-01,-4.243318e-15,-5.000000e-01,-2.568532e-15,-7.071068e-01,-4.998672e-01,-7.777148e-15,-1.619283e-01,-5.000000e-01,-7.071068e-01,2.793199e-15,-4.998672e-01,-1.619283e-01,4.222322e-15
157.6,835.0,-5.000000e-01,-6.676885e-15,7.071068e-01,-4.998672e-01,-9.394608e-15,1.619397e-01,-5.000000e-01,7.071068e-01,4.043687e-15,-4.998672e-01,1.619397e-01,1.486989e-14,-5.000000e-01,4.707098e-15,-7.071068e-01,-4.998672e-01,9.440471e-15,-1.619397e-01,-5.000000e-01,-7.071068e-01,-2.707826e-15,-4.998672e-01,-1.619397e-01,-1.364667e-14
157.6,860.0,-5.000000e-01,3.659748e-15,7.071068e-01,-4.998673e-01,-2.344428e-15,1.619512e-01,-5.000000e-01,7.071068e-01,-7.841646e-16,-4.998673e-01,1.619512e-01,1.403937e-15,-5.000000e-01,-3.246551e-15,-7.071068e-01,-4.998673e-01,3.011097e-15,-1.619512e-01,-5.000000e-01,-7.071068e-01,1.650286e-15,-4.998673e-01,-1.619512e-01,1.092381e-15
157.6,885.0,-5.000000e-01,-4.057052e-16,7.071068e-01,-4.998673e-01,5.075362e-16,1.619628e-01,-5.000000e-01,7.071068e-01,-6.959100e-15,-4.998673e-01,1.619628e-01,6.133422e-15,-5.000000e-01,-5.681345e-16,-7.071068e-01,-4.998673e-01,-4.995715e-16,-1.619628e-01,-5.000000e-01,-7.071068e-01,4.712305e-15,-4.998673e-01,-1.619628e-01,-3.986399e-15
160.1,10.0,-5.000000e-01,-1.862682e-14,7.071068e-01,-4.998683e-01,-1.093830e-14,1.634875e-01,-5.000000e-01,7.071068e-01,4.335650e-15,-4.998683e-01,1.634875e-01,-3.455123e-15,-5.000000e-01,1.960704e-14,-7.071068e-01,-4.998683e-01,1.131609e-14,-1.634875e-01,-5.000000e-01,-7.071068e-01,-1.280273e-14,-4.998683e-01,-1.634875e-01,3.620440e-15
160.1,35.0,-5.000000e-01,1.057697e-14,7.071068e-01,-4.998683e-01,-1.457861e-14,1.634973e-01,-5.000000e-01,7.071068e-01,-3.239757e-14,-4.998683e-01,1.634973e-01,-2.508615e-16,-5.000000e-01,-7.141492e-15,-7.071068e-01,-4.998683e-01,1.464108e-14,-1.634973e-01,-5.000000e-01,-7.071068e-01,2.252639e-14,-4.998683e-01,-1.634973e-01,2.092024e-17
160.1,60.0,-5.000000e-01,-4.958476e-15,7.071068e-01,-4.998684e-01,4.986277e-15,1.635071e-01,-5.000000e-01,7.071068e-01,3.853466e-14,-4.998684e-01,1.635071e-01,-5.806782e-16,-5.000000e-01,-9.326480e-16,-7.071068e-01,-4.998684e-01,-4.844832e-15,-1.635071e-01,-5.000000e-01,-7.071068e-01,-1.726538e-14,-4.998684e-01,-1.635071e-01,1.126340e-15
160.1,85.0,-5.000000e-01,4.646549e-15,7.071068e-01,-4.998684e-01,2.236341e-15,1.635169e-01,-5.000000e-01,7.071068e-01,-4.915236e-15,-4.998684e-01,1.635169e-01,-6.943525e-15,-5.000000e-01,-4.386342e-15,-7.071068e-01,-4.998684e-01,-1.038436e-15,-1.635169e-01,-5.000000e-01,-7.071068e-01,2.916835e-15,-4.998684e-01,-1.635169e-01,7.305045e-15
160.1,110.0,-5.000000e-01,6.599641e-16,7.071068e-01,-4.998684e-01,1.065211e-14,1.635267e-01,-5.000000e-01,7.071068e-01,-7.578904e-15,-4.998684e-01,1.635267e-01,-3.060114e-15,-5.000000e-01,-2.099886e-15,-7.071068e-01,-4.998684e-01,-1.069439e-14,-1.635267e-01,-5.000000e-01,-7.071068e-01,4.532236e-15,-4.998684e-01,-1.635267e-01,2.553665e-15
160.1,135.0,-5.000000e-01,-4.724733e-15,7.071068e-01,-4.998684e-01,-1.868371e-16,1.635366e-01,-5.000000e-01,7.071068e-01,3.926596e-15,-4.998684e-01,1.635366e-01,1.174496e-14,-5.000000e-01,4.376187e-15,-7.071068e-01,-4.998684e-01,-1.285441e-15,-1.635366e-01,-5.000000e-01,-7.071068e-01,-4.479645e-15,-4.998684e-01,-1.635366e-01,-1.132284e-14
160.1,160.0,-5.000000e-01,-6.255768e-15,7.071068e-01,-4.998684e-01,-3.636360e-15,1.635466e-01,-5.000000e-01,7.071068e-01,6.582323e-15,-4.998684e-01,1.635466e-01,4.877968e-15,-5.000000e-01,5.634077e-15,-7.071068e-01,-4.998684e-01,3.101801e-15,-1.635466e-01,-5.000000e-01,-7.071068e-01,-3.348726e-15,-4.998684e-01,-1.635466e-01,-4.808878e-15
160.1,185.0,-5.000000e-01,5.805347e-16,7.071068e-01,-4.998684e-01,4.629341e-15,1.635565e-01,-5.000000e-01,7.071068e-01,-2.812612e-15,-4.998684e-01,1.635565e-01,-1.090894e-14,-5.000000e-01,-4.034224e-16,-7.071068e-01,-4.998684e-01,-4.761585e-15,-1.635565e-01,-5.000000e-01,-7.071068e-01,5.653645e-15,-4.998684e-01,-1.635565e-01,1.157214e-14
160.1,210.0,-5.000000e-01,-1.250730e-14,7.071068e-01,-4.998684e-01,8.791799e-15,1.635665e-01,-5.000000e-01,7.071068e-01,3.154298e-15,-4.998684e-01,1.635665e-01,2.297231e-15,-5.000000e-01,1.244839e-14,-7.071068e-01,-4.998684e-01,-8.270623e-15,-1.635665e-01,-5.000000e-01,-7.071068e-01,-2.045892e-15,-4.998684e-01,-1.635665e-01,-2.525680e-15
160.1,235.0,-5.000000e-01,6.968038e-16,7.071068e-01,-4.998684e-01,-4.633512e-15,1.635766e-01,-5.000000e-01,7.071068e-01,8.710704e-16,-4.998684e-01,1.635766e-01,2.382088e-17,-5.000000e-01,-6.771755e-16,-7.071068e-01,-4.998684e-01,4.758086e-15,-1.635766e-01,-5.000000e-01,-7.071068e-01,2.974241e-15,-4.998684e-01,-1.635766e-01,2.930109e-16
160.1,260.0,-5.000000e-01,-1.241139e-14,7.071068e-01,-4.998684e-01,9.685329e-17,1.635866e-01,-5.000000e-01,7.071068e-01,3.585629e-15,-4.998684e-01,1.635866e-01,-1.764616e-15,-5.000000e-01,1.329792e-14,-7.071068e-01,-4.998684e-01,1.494784e-15,-1.635866e-01,-5.000000e-01,-7.071068e-01,-1.810195e-15,-4.998684e-01,-1.635866e-01,1.380289e-15
160.1,285.0,-5.000000e-01,1.902945e-15,7.071068e-01,-4.998684e-01,-1.002705e-14,1.635968e-01,-5.000000e-01,7.071068e-01,4.465938e-15,-4.998684e-01,1.635968e-01,1.261759e-14,-5.000000e-01,-1.749171e-15,-7.071068e-01,-4.998684e-01,1.056288e-14,-1.635968e-01,-5.000000e-01,-7.071068e-01,4.190433e-16,-4.998684e-01,-1.635968e-01,-1.261915e-14
160.1,310.0,-5.000000e-01,-2.075763e-14,7.071068e-01,-4.998684e-01,-4.904203e-15,1.636069e-01,-5.000000e-01,7.071068e-01,1.117489e-14,-4.998684e-01,1.636069e-01,1.604602e-15,-5.000000e-01,2.037432e-14,-7.071068e-01,-4.998684e-01,4.402958e-15,-1.636069e-01,-5.000000e-01,-7.071068e-01,-6.519901e-15,-4.998684e-01,-1.636069e-01,-2.010262e-15
160.1,335.0,-5.000000e-01,8.610979e-15,7.071068e-01,-4.998684e-01,3.317095e-15,1.636171e-01,-5.000000e-01,7.071068e-01,-8.455642e-15,-4.998684e-01,1.636171e-01,-1.191509e-14,-5.000000e-01,-8.264228e-15,-7.071068e-01,-4.998684e-01,-3.731701e-15,-1.636171e-01,-5.000000e-01,-7.071068e-01,5.925592e-15,-4.998684e-01,-1.636171e-01,1.332031e-14
160.1,360.0,-5.000000e-01,3.138950e-15,7.071068e-01,-4.998684e-01,6.070250e-15,1.636273e-01,-5.000000e-01,7.071068e-01,1.915350e-15,-4.998684e-01,1.636273e-01,-7.784916e-16,-5.000000e-01,-2.825055e-15,-7.071068e-01,-4.998684e-01,-6.221108e-15,-1.636273e-01,-5.000000e-01,-7.071068e-01,7.073670e-15,-4.998684e-01,-1.636273e-01,3.088355e-16
160.1,385.0,-5.000000e-01,1.995421e-14,7.071068e-01,-4.998684e-01,-5.673240e-15,1.636376e-01,-5.000000e-01,7.071068e-01,-1.545920e-14,-4.998684e-01,1.636376e-01,9.151202e-15,-5.000000e-01,-1.995421e-14,-7.071068e-01,-4.998684e-01,7.412308e-15,-1.636376e-01,-5.000000e-01,-7.071068e-01,1.096266e-14,-4.998684e-01,-1.636376e-01,-8.218451e-15
160.1,410.0,-5.000000e-01,8.637381e-15,7.071068e-01,-4.998684e-01,2.195736e-14,1.636479e-01,-5.000000e-01,7.071068e-01,-1.290914e-14,-4.998684e-01,1.636479e-01,-1.743885e-14,-5.000000e-01,-8.484507e-15,-7.071068e-01,-4.998684e-01,-2.280710e-14,-1.636479e-01,-5.000000e-01,-7.071068e-01,1.222038e-14,-4.998684e-01,-1.636479e-01,1.818642e-14
160.1,435.0,-5.000000e-01,8.178142e-15,7.071068e-01,-4.998685e-01,-6.636791e-15,1.636582e-01,-5.000000e-01,7.071068e-01,-4.050994e-15,-4.998685e-01,1.636582e-01,4.590996e-15,-5.000000e-01,-7.931821e-15,-7.071068e-01,-4.998685e-01,5.967222e-15,-1.636582e-01,-5.000000e-01,-7.071068e-01,4.012229e-15,-4.998685e-01,-1.636582e-01,-4.741562e-15
160.1,460.0,-5.000000e-01,-3.044530e-15,7.071068e-01,-4.998685e-01,-4.863654e-16,1.636686e-01,-5.000000e-01,7.071068e-01,5.925892e-15,-4.998685e-01,1.636686e-01,2.068637e-14,-5.000000e-01,2.821759e-15,-7.071068e-01,-4.998685e-01,-2.872853e-16,-1.636686e-01,-5.000000e-01,-7.071068e-01,-6.662365e-15,-4.998685e-01,-1.636686e-01,-1.984613e-14
160.1,485.0,-5.000000e-01,3.630904e-15,7.071068e-01,-4.998685e-01,-2.419524e-15,1.636790e-01,-5.000000e-01,7.071068e-01,1.823756e-15,-4.998685e-01,1.636790e-01,5.170567e-15,-5.000000e-01,-3.705544e-15,-7.071068e-01,-4.998685e-01,1.913319e-15,-1.636790e-01,-5.000000e-01,-7.071068e-01,-7.598982e-17,-4.998685e-01,-1.636790e-01,-6.252671e-15
160.1,510.0,-5.000000e-01,4.772722e-15,7.071068e-01,-4.998685e-01,5.162074e-15,1.636894e-01,-5.000000e-01,7.071068e-01,-1.239653e-14,-4.998685e-01,1.636894e-01,-1.930948e-14,-5.000000e-01,-4.883884e-15,-7.071068e-01,-4.998685e-01,-4.246733e-15,-1.636894e-01,-5.000000e-01,-7.071068e-01,9.297397e-15,-4.998685e-01,-1.636894e-01,1.987810e-14
160.1,535.0,-5.000000e-01,7.762256e-15,7.071068e-01,-4.998685e-01,-1.266445e-14,1.636999e-01,-5.000000e-01,7.071068e-01,-1.704246e-15,-4.998685e-01,1.636999e-01,-6.933720e-15,-5.000000e-01,-7.240468e-15,-7.071068e-01,-4.998685e-01,1.321704e-14,-1.636999e-01,-5.000000e-01,-7.071068e-01,1.095587e-15,-4.998685e-01,-1.636999e-01,7.031018e-15
160.1,560.0,-5.000000e-01,6.528130e-15,7.071068e-01,-4.998685e-01,1.522530e-14,1.637105e-01,-5.000000e-01,7.071068e-01,-8.340693e-15,-4.998685e-01,1.637105e-01,-9.948992e-15,-5.000000e-01,-5.934663e-15,-7.071068e-01,-4.998685e-01,-1.478274e-14,-1.637105e-01,-5.000000e-01,-7.071068e-01,9.374463e-15,-4.998685e-01,-1.637105e-01,1.189556e-14
160.1,585.0,-5.000000e-01,-4.138724e-15,7.071068e-01,-4.998685e-01,-2.595432e-15,1.637210e-01,-5.000000e-01,7.071068e-01,2.476464e-15,-4.998685e-01,1.637210e-01,1.133233e-14,-5.000000e-01,4.359671e-15,-7.071068e-01,-4.998685e-01,2.488868e-15,-1.637210e-01,-5.000000e-01,-7.071068e-01,-6.603905e-15,-4.998685e-01,-1.637210e-01,-1.237718e-14
160.1,610.0,-5.000000e-01,1.428956e-15,7.071068e-01,-4.998685e-01,8.021839e-16,1.637316e-01,-5.000000e-01,7.071068e-01,-3.769337e-15,-4.998685e-01,1.637316e-01,-3.549902e-15,-5.000000e-01,-1.626054e-15,-7.071068e-01,-4.998685e-01,-1.266727e-15,-1.637316e-01,-5.000000e-01,-7.071068e-01,1.052268e-15,-4.998685e-01,-1.637316e-01,5.248109e-15
160.1,635.0,-5.000000e-01,-3.677322e-15,7.071068e-01,-4.998685e-01,2.223456e-15,1.637423e-01,-5.000000e-01,7.071068e-01,1.628808e-16,-4.998685e-01,1.637423e-01,2.606833e-15,-5.000000e-01,3.775910e-15,-7.071068e-01,-4.998685e-01,-1.483813e-15,-1.637423e-01,-5.000000e-01,-7.071068e-01,-3.818239e-15,-4.998685e-01,-1.637423e-01,-2.196132e-15
160.1,660.0,-5.000000e-01,-1.827189e-16,7.071068e-01,-4.998685e-01,-5.117850e-16,1.637530e-01,-5.000000e-01,7.071068e-01,-1.406112e-16,-4.998685e-01,1.637530e-01,1.349310e-15,-5.000000e-01,1.432121e-16,-7.071068e-01,-4.998685e-01,7.675258e-16,-1.637530e-01,-5.000000e-01,-7.071068e-01,-1.596364e-16,-4.998685e-01,-1.637530e-01,-8.219312e-16
160.1,685.0,-5.000000e-01,1.055780e-14,7.071068e-01,-4.998685e-01,5.265473e-15,1.637637e-01,-5.000000e-01,7.071068e-01,-8.237041e-15,-4.998685e-01,1.637637e-01,-1.937754e-15,-5.000000e-01,-1.067318e-14,-7.071068e-01,-4.998685e-01,-5.413143e-15,-1.637637e-01,-5.000000e-01,-7.071068e-01,5.933328e-15,-4.998685e-01,-1.637637e-01,1.735396e-15
160.1,710.0,-5.000000e-01,-3.900150e-15,7.071068e-01,-4.998685e-01,-1.521699e-15,1.637744e-01,-5.000000e-01,7.071068e-01,1.109356e-15,-4.998685e-01,1.637744e-01,5.364789e-15,-5.000000e-01,3.880938e-15,-7.071068e-01,-4.998685e-01,1.178606e-15,-1.637744e-01,-5.000000e-01,-7.071068e-01,-2.406461e-17,-4.998685e-01,-1.637744e-01,-5.514065e-15
160.1,735.0,-5.000000e-01,-1.936256e-15,7.071068e-01,-4.998685e-01,6.732191e-15,1.637852e-01,-5.000000e-01,7.071068e-01,-1.429565e-15,-4.998685e-01,1.637852e-01,-4.458610e-16,-5.000000e-01,3.582074e-15,-7.071068e-01,-4.998685e-01,-8.058245e-15,-1.637852e-01,-5.000000e-01,-7.071068e-01,-3.777894e-15,-4.998685e-01,-1.637852e-01,6.966842e-17
160.1,760.0,-5.000000e-01,-2.357874e-15,7.071068e-01,-4.998685e-01,-2.123501e-15,1.637961e-01,-5.000000e-01,7.071068e-01,8.366534e-16,-4.998685e-01,1.637961e-01,7.896464e-16,-5.000000e-01,2.210507e-15,-7.071068e-01,-4.998685e-01,2.546595e-15,-1.637961e-01,-5.000000e-01,-7.071068e-01,-1.689452e-15,-4.998685e-01,-1.637961e-01,2.411990e-16
160.1,785.0,-5.000000e-01,9.026848e-15,7.071068e-01,-4.998686e-01,6.568683e-15,1.638070e-01,-5.000000e-01,7.071068e-01,-5.907457e-15,-4.998686e-01,1.638070e-01,4.624843e-15,-5.000000e-01,-8.951624e-15,-7.071068e-01,-4.998686e-01,-6.895043e-15,-1.638070e-01,-5.000000e-01,-7.071068e-01,6.179358e-15,-4.998686e-01,-1.638070e-01,-4.391515e-15
160.1,810.0,-5.000000e-01,5.709415e-15,7.071068e-01,-4.998686e-01,1.952922e-15,1.638179e-01,-5.000000e-01,7.071068e-01,-3.470753e-15,-4.998686e-01,1.638179e-01,3.872246e-15,-5.000000e-01,-5.540758e-15,-7.071068e-01,-4.998686e-01,-1.635457e-15,-1.638179e-01,-5.000000e-01,-7.071068e-01,1.571662e-15,-4.998686e-01,-1.638179e-01,-5.010027e-15
160.1,835.0,-5.000000e-01,4.953478e-15,7.071068e-01,-4.998686e-01,1.114365e-15,1.638288e-01,-5.000000e-01,7.071068e-01,-2.929627e-15,-4.998686e-01,1.638288e-01,-2.387731e-15,-5.000000e-01,-5.283710e-15,-7.071068e-01,-4.998686e-01,-4.436843e-16,-1.638288e-01,-5.000000e-01,-7.071068e-01,4.668645e-15,-4.998686e-01,-1.638288e-01,2.289710e-15
160.1,860.0,-5.000000e-01,9.798615e-16,7.071068e-01,-4.998686e-01,9.351716e-15,1.638398e-01,-5.000000e-01,7.071068e-01,-2.950708e-15,-4.998686e-01,1.638398e-01,1.236237e-17,-5.000000e-01,-9.245492e-16,-7.071068e-01,-4.998686e-01,-9.676112e-15,-1.638398e-01,-5.000000e-01,-7.071068e-01,1.892766e-15,-4.998686e-01,-1.638398e-01,1.689787e-16
160.1,885.0,-5.000000e-01,-3.994065e-15,7.071068e-01,-4.998686e-01,6.608012e-16,1.638509e-01,-5.000000e-01,7.071068e-01,3.330254e-15,-4.998686e-01,1.638509e-01,-7.562379e-15,-5.000000e-01,6.210499e-15,-7.071068e-01,-4.998686e-01,-3.467411e-16,-1.638509e-01,-5.000000e-01,-7.071068e-01,-3.217364e-15,-4.998686e-01,-1.638509e-01,7.212007e-15
162.6,10.0,-5.000000e-01,4.911429e-15,7.071068e-01,-4.998696e-01,5.106151e-16,1.653770e-01,-5.000000e-01,7.071068e-01,4.785405e-15,-4.998696e-01,1.653770e-01,1.439448e-15,-5.000000e-01,-1.330470e-14,-7.071068e-01,-4.998696e-01,-5.431368e-16,-1.653770e-01,-5.000000e-01,-7.071068e-01,1.217215e-14,-4.998696e-01,-1.653770e-01,-1.826383e-15
162.6,35.0,-5.000000e-01,3.900434e-15,7.071068e-01,-4.998696e-01,-2.052980e-16,1.653863e-01,-5.000000e-01,7.071068e-01,-7.504438e-15,-4.998696e-01,1.653863e-01,6.299116e-16,-5.000000e-01,-1.994428e-15,-7.071068e-01,-4.998696e-01,3.368466e-16,-1.653863e-01,-5.000000e-01,-7.071068e-01,6.272427e-15,-4.998696e-01,-1.653863e-01,-1.535622e-15
162.6,60.0,-5.000000e-01,1.831221e-14,7.071068e-01,-4.998696e-01,-2.524145e-15,1.653957e-01,-5.000000e-01,7.071068e-01,2.459496e-15,-4.998696e-01,1.653957e-01,-3.010778e-15,-5.000000e-01,-1.588564e-14,-7.071068e-01,-4.998696e-01,2.485968e-15,-1.653957e-01,-5.000000e-01,-7.071068e-01,4.760603e-15,-4.998696e-01,-1.653957e-01,3.934601e-15
162.6,85.0,-5.000000e-01,-1.098669e-14,7.071068e-01,-4.998697e-01,6.429626e-15,1.654050e-01,-5.000000e-01,7.071068e-01,1.757929e-14,-4.998697e-01,1.654050e-01,-9.190559e-15,-5.000000e-01,1.640941e-15,-7.071068e-01,-4.998697e-01,-6.398850e-15,-1.654050e-01,-5.000000e-01,-7.071068e-01,-1.519176e-14,-4.998697e-01,-1.654050e-01,8.468143e-15
162.6,110.0,-5.000000e-01,1.223885e-15,7.071068e-01,-4.998697e-01,-3.897665e-14,1.654144e-01,-5.000000e-01,7.071068e-01,3.376405e-14,-4.998697e-01,1.654144e-01,3.759898e-15,-5.000000e-01,-1.877514e-15,-7.071068e-01,-4.998697e-01,3.868580e-14,-1.654144e-01,-5.000000e-01,-7.071068e-01,-3.502079e-14,-4.998697e-01,-1.654144e-01,-2.058250e-15
162.6,135.0,-5.000000e-01,-1.453116e-14,7.071068e-01,-4.998697e-01,2.593474e-14,1.654239e-01,-5.000000e-01,7.071068e-01,2.541975e-14,-4.998697e-01,1.654239e-01,3.677269e-15,-5.000000e-01,1.424621e-14,-7.071068e-01,-4.998697e-01,-2.609357e-14,-1.654239e-01,-5.000000e-01,-7.071068e-01,6.251217e-15,-4.998697e-01,-1.654239e-01,5.604218e-17
162.6,160.0,-5.000000e-01,-1.395157e-14,7.071068e-01,-4.998697e-01,-1.331248e-14,1.654334e-01,-5.000000e-01,7.071068e-01,1.420741e-14,-4.998697e-01,1.654334e-01,1.893992e-14,-5.000000e-01,1.383232e-14,-7.071068e-01,-4.998697e-01,1.381470e-14,-1.654334e-01,-5.000000e-01,-7.071068e-01,-6.324829e-15,-4.998697e-01,-1.654334e-01,-1.856580e-14
162.6,185.0,-5.000000e-01,-1.630895e-15,7.071068e-01,-4.998697e-01,1.228332e-14,1.654429e-01,-5.000000e-01,7.071068e-01,-3.570502e-15,-4.998697e-01,1.654429e-01,-2.632037e-15,-5.000000e-01,1.403328e-15,-7.071068e-01,-4.998697e-01,-1.178181e-14,-1.654429e-01,-5.000000e-01,-7.071068e-01,2.268465e-15,-4.998697e-01,-1.654429e-01,2.096287e-15
162.6,210.0,-5.000000e-01,-8.905486e-15,7.071068e-01,-4.998697e-01,1.601637e-15,1.654524e-01,-5.000000e-01,7.071068e-01,1.439760e-15,-4.998697e-01,1.654524e-01,-6.984184e-15,-5.000000e-01,9.045517e-15,-7.071068e-01,-4.998697e-01,-9.055074e-16,-1.654524e-01,-5.000000e-01,-7.071068e-01,-4.179920e-15,-4.998697e-01,-1.654524e-01,8.500900e-15
162.6,235.0,-5.000000e-01,7.108936e-15,7.071068e-01,-4.998697e-01,4.053481e-15,1.654620e-01,-5.000000e-01,7.071068e-01,-2.845322e-14,-4.998697e-01,1.654620e-01,-1.735881e-15,-5.000000e-01,-7.038897e-15,-7.071068e-01,-4.998697e-01,-4.439260e-15,-1.654620e-01,-5.000000e-01,-7.071068e-01,3.050714e-14,-4.998697e-01,-1.654620e-01,2.486054e-15
162.6,260.0,-5.000000e-01,-2.621860e-15,7.071068e-01,-4.998697e-01,1.285541e-14,1.654716e-01,-5.000000e-01,7.071068e-01,-1.215244e-15,-4.998697e-01,1.654716e-01,8.549606e-16,-5.000000e-01,2.945103e-15,-7.071068e-01,-4.998697e-01,-1.360307e-14,-1.654716e-01,-5.000000e-01,-7.071068e-01,-1.812924e-15,-4.998697e-01,-1.654716e-01,5.574975e-17
162.6,285.0,-5.000000e-01,4.600392e-15,7.071068e-01,-4.998697e-01,4.756627e-15,1.654813e-01,-5.000000e-01,7.071068e-01,-4.843488e-16,-4.998697e-01,1.654813e-01,1.536863e-14,-5.000000e-01,-4.011542e-15,-7.071068e-01,-4.998697e-01,-3.680309e-15,-1.654813e-01,-5.000000e-01,-7.071068e-01,-4.012054e-15,-4.998697e-01,-1.654813e-01,-1.464181e-14
162.6,310.0,-5.000000e-01,-6.579455e-15,7.071068e-01,-4.998697e-01,3.917513e-15,1.654909e-01,-5.000000e-01,7.071068e-01,1.128263e-15,-4.998697e-01,1.654909e-01,2.164206e-15,-5.000000e-01,6.252299e-15,-7.071068e-01,-4.998697e-01,-4.117932e-15,-1.654909e-01,-5.000000e-01,-7.071068e-01,-5.448339e-15,-4.998697e-01,-1.654909e-01,-1.699467e-15
162.6,335.0,-5.000000e-01,-1.796028e-15,7.071068e-01,-4.998697e-01,-1.763706e-15,1.655007e-01,-5.000000e-01,7.071068e-01,1.029529e-15,-4.998697e-01,1.655007e-01,2.499065e-15,-5.000000e-01,1.945697e-15,-7.071068e-01,-4.998697e-01,2.305358e-15,-1.655007e-01,-5.000000e-01,-7.071068e-01,-3.282075e-15,-4.998697e-01,-1.655007e-01,-2.166522e-15
162.6,360.0,-5.000000e-01,-8.401018e-16,7.071068e-01,-4.998697e-01,5.407258e-15,1.655104e-01,-5.000000e-01,7.071068e-01,-2.851990e-15,-4.998697e-01,1.655104e-01,-5.090346e-15,-5.000000e-01,7.446357e-16,-7.071068e-01,-4.998697e-01,-5.243832e-15,-1.655104e-01,-5.000000e-01,-7.071068e-01,-1.444352e-16,-4.998697e-01,-1.655104e-01,6.202332e-15
162.6,385.0,-5.000000e-01,-4.160226e-15,7.071068e-01,-4.998697e-01,5.219045e-15,1.655202e-01,-5.000000e-01,7.071068e-01,-7.464144e-16,-4.998697e-01,1.655202e-01,-6.827845e-15,-5.000000e-01,2.239744e-15,-7.071068e-01,-4.998697e-01,-3.701661e-15,-1.655202e-01,-5.000000e-01,-7.071068e-01,2.304639e-17,-4.998697e-01,-1.655202e-01,7.481742e-15
162.6,410.0,-5.000000e-01,1.519801e-15,7.071068e-01,-4.998697e-01,-4.672460e-15,1.655301e-01,-5.000000e-01,7.071068e-01,1.630205e-15,-4.998697e-01,1.655301e-01,1.034355e-14,-5.000000e-01,-1.305471e-15,-7.071068e-01,-4.998697e-01,5.477839e-15,-1.655301e-01,-5.000000e-01,-7.071068e-01,-2.447134e-15,-4.998697e-01,-1.655301e-01,-9.646359e-15
162.6,435.0,-5.000000e-01,1.204344e-14,7.071068e-01,-4.998697e-01,-7.499838e-16,1.655399e-01,-5.000000e-01,7.071068e-01,1.590411e-14,-4.998697e-01,1.655399e-01,1.212659e-15,-5.000000e-01,-6.150020e-15,-7.071068e-01,-4.998697e-01,8.145290e-16,-1.655399e-01,-5.000000e-01,-7.071068e-01,-8.411810e-15,-4.998697e-01,-1.655399e-01,-3.189448e-15
162.6,460.0,-5.000000e-01,-8.303662e-16,7.071068e-01,-4.998697e-01,4.713972e-15,1.655498e-01,-5.000000e-01,7.071068e-01,-4.302077e-15,-4.998697e-01,1.655498e-01,-4.912082e-15,-5.000000e-01,7.959724e-16,-7.071068e-01,-4.998697e-01,-5.089382e-15,-1.655498e-01,-5.000000e-01,-7.071068e-01,1.745230e-15,-4.998697e-01,-1.655498e-01,5.681201e-15
162.6,485.0,-5.000000e-01,-8.554788e-15,7.071068e-01,-4.998697e-01,5.237029e-15,1.655598e-01,-5.000000e-01,7.071068e-01,-4.313575e-15,-4.998697e-01,1.655598e-01,-9.206723e-15,-5.000000e-01,8.042963e-15,-7.071068e-01,-4.998697e-01,-4.724367e-15,-1.655598e-01,-5.000000e-01,-7.071068e-01,5.905064e-15,-4.998697e-01,-1.655598e-01,9.428873e-15
162.6,510.0,-5.000000e-01,-1.635240e-15,7.071068e-01,-4.998698e-01,8.379542e-16,1.655698e-01,-5.000000e-01,7.071068e-01,2.437227e-16,-4.998698e-01,1.655698e-01,5.301656e-15,-5.000000e-01,1.700355e-15,-7.071068e-01,-4.998698e-01,-1.878942e-15,-1.655698e-01,-5.000000e-01,-7.071068e-01,6.704766e-16,-4.998698e-01,-1.655698e-01,-5.519799e-15
162.6,535.0,-5.000000e-01,-1.518087e-15,7.071068e-01,-4.998698e-01,-5.395083e-15,1.655798e-01,-5.000000e-01,7.071068e-01,-1.632998e-15,-4.998698e-01,1.655798e-01,6.545395e-15,-5.000000e-01,1.192782e-15,-7.071068e-01,-4.998698e-01,6.814001e-15,-1.655798e-01,-5.000000e-01,-7.071068e-01,1.236436e-15,-4.998698e-01,-1.655798e-01,-4.581913e-15
162.6,560.0,-5.000000e-01,3.456115e-14,7.071068e-01,-4.998698e-01,1.199035e-14,1.655898e-01,-5.000000e-01,7.071068e-01,-1.682426e-14,-4.998698e-01,1.655898e-01,4.126119e-15,-5.000000e-01,-3.478269e-14,-7.071068e-01,-4.998698e-01,-1.126636e-14,-1.655898e-01,-5.000000e-01,-7.071068e-01,1.624342e-14,-4.998698e-01,-1.655898e-01,-3.731782e-15
162.6,585.0,-5.000000e-01,-2.668651e-15,7.071068e-01,-4.998698e-01,9.758716e-16,1.655999e-01,-5.000000e-01,7.071068e-01,1.150632e-15,-4.998698e-01,1.655999e-01,3.242899e-15,-5.000000e-01,2.301228e-15,-7.071068e-01,-4.998698e-01,-1.464066e-15,-1.655999e-01,-5.000000e-01,-7.071068e-01,-4.536812e-15,-4.998698e-01,-1.655999e-01,-2.704517e-15
162.6,610.0,-5.000000e-01,-6.901385e-15,7.071068e-01,-4.998698e-01,1.587076e-15,1.656100e-01,-5.000000e-01,7.071068e-01,-7.186688e-16,-4.998698e-01,1.656100e-01,-3.882036e-15,-5.000000e-01,6.599685e-15,-7.071068e-01,-4.998698e-01,-1.614907e-15,-1.656100e-01,-5.000000e-01,-7.071068e-01,-3.487419e-15,-4.998698e-01,-1.656100e-01,4.518409e-15
162.6,635.0,-5.000000e-01,6.008362e-16,7.071068e-01,-4.998698e-01,1.267260e-14,1.656202e-01,-5.000000e-01,7.071068e-01,1.774510e-16,-4.998698e-01,1.656202e-01,1.340732e-14,-5.000000e-01,-7.810871e-16,-7.071068e-01,-4.998698e-01,-1.217348e-14,-1.656202e-01,-5.000000e-01,-7.071068e-01,-4.340367e-16,-4.998698e-01,-1.656202e-01,-1.308548e-14
162.6,660.0,-5.000000e-01,8.243979e-16,7.071068e-01,-4.998698e-01,1.841653e-15,1.656304e-01,-5.000000e-01,7.071068e-01,-2.516175e-15,-4.998698e-01,1.656304e-01,-4.880343e-15,-5.000000e-01,-8.538406e-16,-7.071068e-01,-4.998698e-01,-2.082531e-15,-1.656304e-01,-5.000000e-01,-7.071068e-01,3.256198e-15,-4.998698e-01,-1.656304e-01,6.378733e-15
162.6,685.0,-5.000000e-01,3.408321e-15,7.071068e-01,-4.998698e-01,3.722932e-15,1.656407e-01,-5.000000e-01,7.071068e-01,-3.634295e-15,-4.998698e-01,1.656407e-01,-7.184420e-16,-5.000000e-01,-3.381290e-15,-7.071068e-01,-4.998698e-01,-3.947014e-15,-1.656407e-01,-5.000000e-01,-7.071068e-01,3.861936e-15,-4.998698e-01,-1.656407e-01,9.898563e-16
162.6,710.0,-5.000000e-01,-7.925785e-15,7.071068e-01,-4.998698e-01,-6.584037e-15,1.656509e-01,-5.000000e-01,7.071068e-01,1.103668e-14,-4.998698e-01,1.656509e-01,5.919406e-15,-5.000000e-01,8.225490e-15,-7.071068e-01,-4.998698e-01,7.366212e-15,-1.656509e-01,-5.000000e-01,-7.071068e-01,-9.637937e-15,-4.998698e-01,-1.656509e-01,-7.051711e-15
162.6,735.0,-5.000000e-01,-5.069223e-15,7.071068e-01,-4.998698e-01,-1.786788e-15,1.656613e-01,-5.000000e-01,7.071068e-01,8.842601e-16,-4.998698e-01,1.656613e-01,-5.535141e-15,-5.000000e-01,5.127714e-15,-7.071068e-01,-4.998698e-01,2.236999e-15,-1.656613e-01,-5.000000e-01,-7.071068e-01,-4.757299e-15,-4.998698e-01,-1.656613e-01,4.608519e-15
162.6,760.0,-5.000000e-01,-6.051505e-15,7.071068e-01,-4.998698e-01,-1.300164e-15,1.656716e-01,-5.000000e-01,7.071068e-01,3.589657e-15,-4.998698e-01,1.656716e-01,1.875102e-14,-5.000000e-01,5.610019e-15,-7.071068e-01,-4.998698e-01,1.634053e-15,-1.656716e-01,-5.000000e-01,-7.071068e-01,-3.589657e-15,-4.998698e-01,-1.656716e-01,-1.734492e-14
162.6,785.0,-5.000000e-01,1.634374e-16,7.071068e-01,-4.998698e-01,1.564681e-14,1.656820e-01,-5.000000e-01,7.071068e-01,-5.817872e-15,-4.998698e-01,1.656820e-01,-7.400066e-15,-5.000000e-01,-2.820218e-16,-7.071068e-01,-4.998698e-01,-1.458206e-14,-1.656820e-01,-5.000000e-01,-7.071068e-01,5.473529e-15,-4.998698e-01,-1.656820e-01,8.606187e-15
162.6,810.0,-5.000000e-01,9.725384e-15,7.071068e-01,-4.998698e-01,9.849275e-17,1.656924e-01,-5.000000e-01,7.071068e-01,-3.234746e-15,-4.998698e-01,1.656924e-01,-5.337546e-15,-5.000000e-01,-9.879145e-15,-7.071068e-01,-4.998698e-01,-2.714523e-16,-1.656924e-01,-5.000000e-01,-7.071068e-01,7.187448e-15,-4.998698e-01,-1.656924e-01,5.905433e-15
162.6,835.0,-5.000000e-01,2.810881e-15,7.071068e-01,-4.998698e-01,-1.097042e-15,1.657029e-01,-5.000000e-01,7.071068e-01,6.356037e-16,-4.998698e-01,1.657029e-01,-9.090638e-15,-5.000000e-01,-2.184990e-15,-7.071068e-01,-4.998698e-01,1.412775e-15,-1.657029e-01,-5.000000e-01,-7.071068e-01,3.425198e-15,-4.998698e-01,-1.657029e-01,8.631851e-15
162.6,860.0,-5.000000e-01,5.973086e-17,7.071068e-01,-4.998698e-01,1.500696e-15,1.657134e-01,-5.000000e-01,7.071068e-01,-4.487520e-16,-4.998698e-01,1.657134e-01,-3.565810e-16,-5.000000e-01,-7.171580e-17,-7.071068e-01,-4.998698e-01,-2.258395e-15,-1.657134e-01,-5.000000e-01,-7.071068e-01,7.051817e-16,-4.998698e-01,-1.657134e-01,-1.291875e-16
162.6,885.0,-5.000000e-01,-1.288332e-15,7.071068e-01,-4.998699e-01,6.106937e-15,1.657240e-01,-5.000000e-01,7.071068e-01,-2.737094e-15,-4.998699e-01,1.657240e-01,5.489023e-15,-5.000000e-01,1.008260e-15,-7.071068e-01,-4.998699e-01,-4.736800e-15,-1.657240e-01,-5.000000e-01,-7.071068e-01,9.591528e-16,-4.998699e-01,-1.657240e-01,-3.957562e-15
165.1,10.0,-5.000000e-01,-5.735515e-15,7.071068e-01,-4.998709e-01,3.175344e-16,1.672512e-01,-5.000000e-01,7.071068e-01,2.130183e-15,-4.998709e-01,1.672512e-01,6.576674e-15,-5.000000e-01,-7.061914e-15,-7.071068e-01,-4.998709e-01,3.007433e-17,-1.672512e-01,-5.000000e-01,-7.071068e-01,-1.505169e-15,-4.998709e-01,-1.672512e-01,-6.014584e-15
165.1,35.0,-5.000000e-01,2.474233e-15,7.071068e-01,-4.998709e-01,-3.188490e-15,1.672600e-01,-5.000000e-01,7.071068e-01,4.530395e-15,-4.998709e-01,1.672600e-01,-4.288869e-15,-5.000000e-01,-7.273706e-15,-7.071068e-01,-4.998709e-01,2.755267e-15,-1.672600e-01,-5.000000e-01,-7.071068e-01,-4.968318e-15,-4.998709e-01,-1.672600e-01,4.429560e-15
165.1,60.0,-5.000000e-01,-4.371570e-14,7.071068e-01,-4.998709e-01,-2.617322e-15,1.672689e-01,-5.000000e-01,7.071068e-01,4.144655e-15,-4.998709e-01,1.672689e-01,3.184664e-15,-5.000000e-01,4.689058e-15,-7.071068e-01,-4.998709e-01,3.296322e-15,-1.672689e-01,-5.000000e-01,-7.071068e-01,-3.956672e-15,-4.998709e-01,-1.672689e-01,-3.416847e-15
165.1,85.0,-5.000000e-01,-1.752195e-14,7.071068e-01,-4.998709e-01,-4.301725e-16,1.672778e-01,-5.000000e-01,7.071068e-01,1.979224e-14,-4.998709e-01,1.672778e-01,1.335075e-15,-5.000000e-01,1.577770e-14,-7.071068e-01,-4.998709e-01,5.460338e-16,-1.672778e-01,-5.000000e-01,-7.071068e-01,-1.609878e-14,-4.998709e-01,-1.672778e-01,-1.459603e-15
165.1,110.0,-5.000000e-01,-1.775617e-15,7.071068e-01,-4.998709e-01,-9.435705e-16,1.672868e-01,-5.000000e-01,7.071068e-01,1.163662e-15,-4.998709e-01,1.672868e-01,6.046046e-16,-5.000000e-01,5.959430e-16,-7.071068e-01,-4.998709e-01,1.191900e-15,-1.672868e-01,-5.000000e-01,-7.071068e-01,4.920317e-16,-4.998709e-01,-1.672868e-01,-1.358903e-15
165.1,135.0,-5.000000e-01,-8.934989e-15,7.071068e-01,-4.998709e-01,-5.689666e-16,1.672958e-01,-5.000000e-01,7.071068e-01,3.304727e-15,-4.998709e-01,1.672958e-01,-2.426481e-15,-5.000000e-01,-1.062377e-14,-7.071068e-01,-4.998709e-01,-2.563129e-16,-1.672958e-01,-5.000000e-01,-7.071068e-01,-2.612352e-15,-4.998709e-01,-1.672958e-01,2.407631e-15
165.1,160.0,-5.000000e-01,1.604557e-14,7.071068e-01,-4.998709e-01,5.329048e-15,1.673048e-01,-5.000000e-01,7.071068e-01,-2.076531e-15,-4.998709e-01,1.673048e-01,7.487778e-16,-5.000000e-01,1.161180e-14,-7.071068e-01,-4.998709e-01,-6.279813e-15,-1.673048e-01,-5.000000e-01,-7.071068e-01,2.169265e-15,-4.998709e-01,-1.673048e-01,-8.676215e-16
165.1,185.0,-5.000000e-01,2.261668e-14,7.071068e-01,-4.998709e-01,9.609069e-15,1.673139e-01,-5.000000e-01,7.071068e-01,1.037464e-14,-4.998709e-01,1.673139e-01,-2.056079e-15,-5.000000e-01,1.553614e-14,-7.071068e-01,-4.998709e-01,-8.880441e-15,-1.673139e-01,-5.000000e-01,-7.071068e-01,-7.997946e-15,-4.998709e-01,-1.673139e-01,1.299986e-15
165.1,210.0,-5.000000e-01,-5.802434e-15,7.071068e-01,-4.998709e-01,2.255209e-14,1.673229e-01,-5.000000e-01,7.071068e-01,4.760733e-15,-4.998709e-01,1.673229e-01,-2.837965e-15,-5.000000e-01,-2.899996e-15,-7.071068e-01,-4.998709e-01,-2.421316e-14,-1.673229e-01,-5.000000e-01,-7.071068e-01,-5.903865e-15,-4.998709e-01,-1.673229e-01,2.860789e-15
165.1,235.0,-5.000000e-01,1.166735e-14,7.071068e-01,-4.998709e-01,-6.487936e-15,1.673321e-01,-5.000000e-01,7.071068e-01,1.236375e-14,-4.998709e-01,1.673321e-01,-4.196736e-15,-5.000000e-01,2.559219e-15,-7.071068e-01,-4.998709e-01,7.946815e-15,-1.673321e-01,-5.000000e-01,-7.071068e-01,-1.758202e-14,-4.998709e-01,-1.673321e-01,5.414269e-15
165.1,260.0,-5.000000e-01,2.474219e-14,7.071068e-01,-4.998709e-01,6.790864e-15,1.673412e-01,-5.000000e-01,7.071068e-01,-1.731708e-14,-4.998709e-01,1.673412e-01,2.661817e-15,-5.000000e-01,-4.295682e-14,-7.071068e-01,-4.998709e-01,-8.274549e-15,-1.673412e-01,-5.000000e-01,-7.071068e-01,2.069207e-14,-4.998709e-01,-1.673412e-01,-2.787854e-15
165.1,285.0,-5.000000e-01,-1.674797e-14,7.071068e-01,-4.998709e-01,-5.065605e-14,1.673504e-01,-5.000000e-01,7.071068e-01,3.942660e-14,-4.998709e-01,1.673504e-01,-3.540194e-15,-5.000000e-01,-1.047306e-14,-7.071068e-01,-4.998709e-01,5.106491e-14,-1.673504e-01,-5.000000e-01,-7.071068e-01,-3.302019e-14,-4.998709e-01,-1.673504e-01,3.267402e-15
165.1,310.0,-5.000000e-01,-8.620416e-15,7.071068e-01,-4.998709e-01,-3.619426e-15,1.673597e-01,-5.000000e-01,7.071068e-01,-2.757174e-15,-4.998709e-01,1.673597e-01,1.054410e-14,-5.000000e-01,-1.488627e-15,-7.071068e-01,-4.998709e-01,-1.870592e-15,-1.673597e-01,-5.000000e-01,-7.071068e-01,-6.787125e-15,-4.998709e-01,-1.673597e-01,-1.048595e-14
165.1,335.0,-5.000000e-01,1.180865e-14,7.071068e-01,-4.998709e-01,1.559043e-14,1.673689e-01,-5.000000e-01,7.071068e-01,-1.369186e-14,-4.998709e-01,1.673689e-01,-8.314898e-15,-5.000000e-01,-1.140212e-14,-7.071068e-01,-4.998709e-01,-1.565567e-14,-1.673689e-01,-5.000000e-01,-7.071068e-01,8.235679e-15,-4.998709e-01,-1.673689e-01,1.060992e-14
165.1,360.0,-5.000000e-01,-7.921529e-15,7.071068e-01,-4.998710e-01,1.381226e-15,1.673782e-01,-5.000000e-01,7.071068e-01,-5.455099e-16,-4.998710e-01,1.673782e-01,7.869176e-15,-5.000000e-01,6.885784e-15,-7.071068e-01,-4.998710e-01,-2.152693e-16,-1.673782e-01,-5.000000e-01,-7.071068e-01,-7.122851e-15,-4.998710e-01,-1.673782e-01,-9.970490e-15
165.1,385.0,-5.000000e-01,-1.433325e-15,7.071068e-01,-4.998710e-01,1.239282e-16,1.673876e-01,-5.000000e-01,7.071068e-01,-6.359850e-16,-4.998710e-01,1.673876e-01,-1.587389e-15,-5.000000e-01,1.697359e-15,-7.071068e-01,-4.998710e-01,6.964622e-17,-1.673876e-01,-5.000000e-01,-7.071068e-01,-1.321985e-15,-4.998710e-01,-1.673876e-01,1.693644e-15
165.1,410.0,-5.000000e-01,1.841804e-15,7.071068e-01,-4.998710e-01,5.591125e-15,1.673969e-01,-5.000000e-01,7.071068e-01,-3.684005e-15,-4.998710e-01,1.673969e-01,-9.356161e-16,-5.000000e-01,-1.774912e-15,-7.071068e-01,-4.998710e-01,-5.058417e-15,-1.673969e-01,-5.000000e-01,-7.071068e-01,2.469852e-15,-4.998710e-01,-1.673969e-01,2.186500e-15
165.1,435.0,-5.000000e-01,2.769472e-15,7.071068e-01,-4.998710e-01,8.895876e-15,1.674063e-01,-5.000000e-01,7.071068e-01,-5.318823e-15,-4.998710e-01,1.674063e-01,-9.727354e-15,-5.000000e-01,-3.016068e-15,-7.071068e-01,-4.998710e-01,-9.236590e-15,-1.674063e-01,-5.000000e-01,-7.071068e-01,4.514013e-15,-4.998710e-01,-1.674063e-01,1.040806e-14
165.1,460.0,-5.000000e-01,3.989368e-15,7.071068e-01,-4.998710e-01,1.089762e-14,1.674158e-01,-5.000000e-01,7.071068e-01,-6.436749e-15,-4.998710e-01,1.674158e-01,-1.361674e-14,-5.000000e-01,-4.223463e-15,-7.071068e-01,-4.998710e-01,-1.035678e-14,-1.674158e-01,-5.000000e-01,-7.071068e-01,9.143694e-15,-4.998710e-01,-1.674158e-01,1.282475e-14
165.1,485.0,-5.000000e-01,6.097649e-15,7.071068e-01,-4.998710e-01,4.830739e-15,1.674252e-01,-5.000000e-01,7.071068e-01,-3.709627e-15,-4.998710e-01,1.674252e-01,-4.286597e-15,-5.000000e-01,-6.545499e-15,-7.071068e-01,-4.998710e-01,-5.409838e-15,-1.674252e-01,-5.000000e-01,-7.071068e-01,-1.432527e-15,-4.998710e-01,-1.674252e-01,4.533800e-15
165.1,510.0,-5.000000e-01,7.845747e-15,7.071068e-01,-4.998710e-01,7.532496e-15,1.674348e-01,-5.000000e-01,7.071068e-01,-5.481660e-15,-4.998710e-01,1.674348e-01,-7.481951e-15,-5.000000e-01,-8.116958e-15,-7.071068e-01,-4.998710e-01,-8.406753e-15,-1.674348e-01,-5.000000e-01,-7.071068e-01,6.443934e-15,-4.998710e-01,-1.674348e-01,8.383561e-15
165.1,535.0,-5.000000e-01,3.072958e-15,7.071068e-01,-4.998710e-01,-1.463736e-16,1.674443e-01,-5.000000e-01,7.071068e-01,-4.102581e-15,-4.998710e-01,1.674443e-01,-7.645314e-15,-5.000000e-01,-3.247557e-15,-7.071068e-01,-4.998710e-01,4.392747e-16,-1.674443e-01,-5.000000e-01,-7.071068e-01,4.943566e-16,-4.998710e-01,-1.674443e-01,8.513297e-15
165.1,560.0,-5.000000e-01,-1.928421e-15,7.071068e-01,-4.998710e-01,-3.954809e-15,1.674539e-01,-5.000000e-01,7.071068e-01,2.515934e-15,-4.998710e-01,1.674539e-01,1.054246e-14,-5.000000e-01,2.118822e-15,-7.071068e-01,-4.998710e-01,4.065103e-15,-1.674539e-01,-5.000000e-01,-7.071068e-01,-4.920166e-15,-4.998710e-01,-1.674539e-01,-9.453130e-15
165.1,585.0,-5.000000e-01,-3.186526e-15,7.071068e-01,-4.998710e-01,-7.384840e-15,1.674635e-01,-5.000000e-01,7.071068e-01,1.254967e-15,-4.998710e-01,1.674635e-01,-1.535245e-15,-5.000000e-01,3.224688e-15,-7.071068e-01,-4.998710e-01,7.819180e-15,-1.674635e-01,-5.000000e-01,-7.071068e-01,-2.797373e-15,-4.998710e-01,-1.674635e-01,2.424587e-15
165.1,610.0,-5.000000e-01,3.236410e-15,7.071068e-01,-4.998710e-01,4.199157e-15,1.674732e-01,-5.000000e-01,7.071068e-01,-3.582918e-15,-4.998710e-01,1.674732e-01,-3.104086e-16,-5.000000e-01,-3.530629e-15,-7.071068e-01,-4.998710e-01,-4.156909e-15,-1.674732e-01,-5.000000e-01,-7.071068e-01,3.931407e-15,-4.998710e-01,-1.674732e-01,7.035176e-16
165.1,635.0,-5.000000e-01,-2.103645e-15,7.071068e-01,-4.998710e-01,1.076197e-14,1.674829e-01,-5.000000e-01,7.071068e-01,-2.632128e-15,-4.998710e-01,1.674829e-01,-8.887591e-15,-5.000000e-01,1.577734e-15,-7.071068e-01,-4.998710e-01,-1.079832e-14,-1.674829e-01,-5.000000e-01,-7.071068e-01,3.131039e-15,-4.998710e-01,-1.674829e-01,1.080004e-14
165.1,660.0,-5.000000e-01,5.223296e-16,7.071068e-01,-4.998710e-01,-2.092755e-15,1.674926e-01,-5.000000e-01,7.071068e-01,-3.438897e-15,-4.998710e-01,1.674926e-01,-7.131882e-15,-5.000000e-01,-9.140767e-16,-7.071068e-01,-4.998710e-01,3.048888e-15,-1.674926e-01,-5.000000e-01,-7.071068e-01,-2.513603e-15,-4.998710e-01,-1.674926e-01,5.232627e-15
165.1,685.0,-5.000000e-01,1.028918e-14,7.071068e-01,-4.998710e-01,1.338543e-14,1.675024e-01,-5.000000e-01,7.071068e-01,-3.820740e-15,-4.998710e-01,1.675024e-01,6.681575e-16,-5.000000e-01,-1.049445e-14,-7.071068e-01,-4.998710e-01,-1.241582e-14,-1.675024e-01,-5.000000e-01,-7.071068e-01,8.056934e-15,-4.998710e-01,-1.675024e-01,7.247919e-16
165.1,710.0,-5.000000e-01,5.091528e-15,7.071068e-01,-4.998710e-01,1.641131e-14,1.675122e-01,-5.000000e-01,7.071068e-01,-5.249635e-15,-4.998710e-01,1.675122e-01,-1.088883e-15,-5.000000e-01,-5.387559e-15,-7.071068e-01,-4.998710e-01,-1.603783e-14,-1.675122e-01,-5.000000e-01,-7.071068e-01,1.092166e-14,-4.998710e-01,-1.675122e-01,1.523346e-15
165.1,735.0,-5.000000e-01,9.673412e-15,7.071068e-01,-4.998710e-01,1.433081e-14,1.675220e-01,-5.000000e-01,7.071068e-01,-7.223288e-15,-4.998710e-01,1.675220e-01,-5.846421e-15,-5.000000e-01,-9.315137e-15,-7.071068e-01,-4.998710e-01,-1.401245e-14,-1.675220e-01,-5.000000e-01,-7.071068e-01,8.812263e-15,-4.998710e-01,-1.675220e-01,6.643447e-15
165.1,760.0,-5.000000e-01,3.475292e-15,7.071068e-01,-4.998710e-01,2.240304e-16,1.675319e-01,-5.000000e-01,7.071068e-01,-1.624452e-15,-4.998710e-01,1.675319e-01,1.247561e-14,-5.000000e-01,-4.277283e-15,-7.071068e-01,-4.998710e-01,-1.246804e-15,-1.675319e-01,-5.000000e-01,-7.071068e-01,-9.573727e-16,-4.998710e-01,-1.675319e-01,-1.136081e-14
165.1,785.0,-5.000000e-01,3.815770e-15,7.071068e-01,-4.998710e-01,-8.772617e-15,1.675418e-01,-5.000000e-01,7.071068e-01,2.049945e-15,-4.998710e-01,1.675418e-01,1.621939e-17,-5.000000e-01,-3.815770e-15,-7.071068e-01,-4.998710e-01,9.969974e-15,-1.675418e-01,-5.000000e-01,-7.071068e-01,-5.751108e-16,-4.998710e-01,-1.675418e-01,-5.434929e-18
165.1,810.0,-5.000000e-01,1.963260e-15,7.071068e-01,-4.998710e-01,-9.709183e-15,1.675518e-01,-5.000000e-01,7.071068e-01,2.910549e-15,-4.998710e-01,1.675518e-01,-4.370035e-15,-5.000000e-01,-4.422195e-15,-7.071068e-01,-4.998710e-01,1.050824e-14,-1.675518e-01,-5.000000e-01,-7.071068e-01,-4.753690e-15,-4.998710e-01,-1.675518e-01,3.748922e-15
165.1,835.0,-5.000000e-01,-1.517953e-15,7.071068e-01,-4.998711e-01,-6.700849e-15,1.675617e-01,-5.000000e-01,7.071068e-01,2.575010e-15,-4.998711e-01,1.675617e-01,1.143553e-14,-5.000000e-01,1.342805e-15,-7.071068e-01,-4.998711e-01,5.754214e-15,-1.675617e-01,-5.000000e-01,-7.071068e-01,-4.831043e-15,-4.998711e-01,-1.675617e-01,-1.108738e-14
165.1,860.0,-5.000000e-01,3.245914e-15,7.071068e-01,-4.998711e-01,2.167694e-15,1.675718e-01,-5.000000e-01,7.071068e-01,-1.894024e-15,-4.998711e-01,1.675718e-01,-2.325783e-15,-5.000000e-01,-3.450612e-15,-7.071068e-01,-4.998711e-01,-3.245667e-15,-1.675718e-01,-5.000000e-01,-7.071068e-01,1.892313e-15,-4.998711e-01,-1.675718e-01,2.531940e-15
165.1,885.0,-5.000000e-01,-1.898353e-14,7.071068e-01,-4.998711e-01,-6.321855e-17,1.675818e-01,-5.000000e-01,7.071068e-01,2.623329e-14,-4.998711e-01,1.675818e-01,8.039905e-15,-5.000000e-01,2.152358e-14,-7.071068e-01,-4.998711e-01,3.638313e-16,-1.675818e-01,-5.000000e-01,-7.071068e-01,-2.649973e-14,-4.998711e-01,-1.675818e-01,-8.512580e-15
167.6,10.0,-5.000000e-01,5.461312e-14,7.071068e-01,-4.998721e-01,-1.215842e-14,1.691097e-01,-5.000000e-01,7.071068e-01,4.224619e-15,-4.998721e-01,1.691097e-01,-2.870844e-15,-5.000000e-01,-7.021322e-14,-7.071068e-01,-4.998721e-01,1.189935e-14,-1.691097e-01,-5.000000e-01,-7.071068e-01,-7.427515e-15,-4.998721e-01,-1.691097e-01,2.684602e-15
167.6,35.0,-5.000000e-01,7.537934e-15,7.071068e-01,-4.998721e-01,1.814928e-14,1.691181e-01,-5.000000e-01,7.071068e-01,8.116053e-15,-4.998721e-01,1.691181e-01,-1.175313e-16,-5.000000e-01,-3.731915e-15,-7.071068e-01,-4.998721e-01,-1.813708e-14,-1.691181e-01,-5.000000e-01,-7.071068e-01,-9.486571e-15,-4.998721e-01,-1.691181e-01,1.268619e-15
167.6,60.0,-5.000000e-01,-1.534558e-14,7.071068e-01,-4.998721e-01,5.797230e-15,1.691265e-01,-5.000000e-01,7.071068e-01,6.517924e-15,-4.998721e-01,1.691265e-01,1.580469e-15,-5.000000e-01,1.664300e-15,-7.071068e-01,-4.998721e-01,-6.328716e-15,-1.691265e-01,-5.000000e-01,-7.071068e-01,-1.490105e-14,-4.998721e-01,-1.691265e-01,-1.103376e-15
167.6,85.0,-5.000000e-01,2.759193e-14,7.071068e-01,-4.998721e-01,-7.989848e-15,1.691350e-01,-5.000000e-01,7.071068e-01,1.510840e-14,-4.998721e-01,1.691350e-01,1.755058e-15,-5.000000e-01,-8.416931e-15,-7.071068e-01,-4.998721e-01,6.432231e-15,-1.691350e-01,-5.000000e-01,-7.071068e-01,-2.232454e-14,-4.998721e-01,-1.691350e-01,-1.506333e-15
167.6,110.0,-5.000000e-01,1.445399e-14,7.071068e-01,-4.998721e-01,-1.853387e-14,1.691435e-01,-5.000000e-01,7.071068e-01,1.078784e-14,-4.998721e-01,1.691435e-01,-4.114318e-15,-5.000000e-01,4.922485e-15,-7.071068e-01,-4.998721e-01,1.941856e-14,-1.691435e-01,-5.000000e-01,-7.071068e-01,-7.308504e-15,-4.998721e-01,-1.691435e-01,4.491286e-15
167.6,135.0,-5.000000e-01,2.055551e-14,7.071068e-01,-4.998721e-01,-9.958060e-15,1.691521e-01,-5.000000e-01,7.071068e-01,1.118307e-14,-4.998721e-01,1.691521e-01,-1.858644e-15,-5.000000e-01,-4.674248e-15,-7.071068e-01,-4.998721e-01,1.035124e-14,-1.691521e-01,-5.000000e-01,-7.071068e-01,-1.448090e-14,-4.998721e-01,-1.691521e-01,1.682252e-15
167.6,160.0,-5.000000e-01,1.271701e-13,7.071068e-01,-4.998721e-01,8.628638e-14,1.691606e-01,-5.000000e-01,7.071068e-01,-1.097907e-13,-4.998721e-01,1.691606e-01,2.541143e-14,-5.000000e-01,-1.435606e-13,-7.071068e-01,-4.998721e-01,-8.620243e-14,-1.691606e-01,-5.000000e-01,-7.071068e-01,1.158241e-13,-4.998721e-01,-1.691606e-01,-2.478131e-14
167.6,185.0,-5.000000e-01,5.770534e-15,7.071068e-01,-4.998721e-01,3.339029e-15,1.691692e-01,-5.000000e-01,7.071068e-01,-1.984632e-14,-4.998721e-01,1.691692e-01,2.108960e-16,-5.000000e-01,-7.962123e-15,-7.071068e-01,-4.998721e-01,-3.090720e-15,-1.691692e-01,-5.000000e-01,-7.071068e-01,1.426778e-14,-4.998721e-01,-1.691692e-01,3.709971e-16
167.6,210.0,-5.000000e-01,-1.415016e-14,7.071068e-01,-4.998721e-01,5.994233e-14,1.691779e-01,-5.000000e-01,7.071068e-01,-1.105330e-13,-4.998721e-01,1.691779e-01,-9.591060e-15,-5.000000e-01,-3.169397e-14,-7.071068e-01,-4.998721e-01,-6.083305e-14,-1.691779e-01,-5.000000e-01,-7.071068e-01,9.651691e-14,-4.998721e-01,-1.691779e-01,-1.089204e-14
167.6,235.0,-5.000000e-01,-4.622775e-15,7.071068e-01,-4.998721e-01,-1.595313e-14,1.691866e-01,-5.000000e-01,7.071068e-01,2.016875e-14,-4.998721e-01,1.691866e-01,4.084671e-15,-5.000000e-01,2.122624e-14,-7.071068e-01,-4.998721e-01,1.613671e-14,-1.691866e-01,-5.000000e-01,-7.071068e-01,-2.288725e-14,-4.998721e-01,-1.691866e-01,-4.771276e-15
167.6,260.0,-5.000000e-01,-1.769170e-15,7.071068e-01,-4.998721e-01,-2.316982e-15,1.691953e-01,-5.000000e-01,7.071068e-01,2.112267e-15,-4.998721e-01,1.691953e-01,-7.632783e-16,-5.000000e-01,4.220005e-15,-7.071068e-01,-4.998721e-01,-2.560449e-15,-1.691953e-01,-5.000000e-01,-7.071068e-01,-6.916163e-15,-4.998721e-01,-1.691953e-01,-6.189493e-15
167.6,285.0,-5.000000e-01,8.911006e-15,7.071068e-01,-4.998721e-01,1.196069e-15,1.692040e-01,-5.000000e-01,7.071068e-01,4.333392e-15,-4.998721e-01,1.692040e-01,-4.961310e-16,-5.000000e-01,1.133311e-14,-7.071068e-01,-4.998721e-01,-7.204647e-16,-1.692040e-01,-5.000000e-01,-7.071068e-01,-5.613376e-15,-4.998721e-01,-1.692040e-01,5.598571e-18
167.6,310.0,-5.000000e-01,-9.410764e-15,7.071068e-01,-4.998721e-01,5.454013e-15,1.692128e-01,-5.000000e-01,7.071068e-01,1.650982e-15,-4.998721e-01,1.692128e-01,9.785110e-15,-5.000000e-01,2.813022e-14,-7.071068e-01,-4.998721e-01,-5.818958e-15,-1.692128e-01,-5.000000e-01,-7.071068e-01,1.117577e-15,-4.998721e-01,-1.692128e-01,-1.000487e-14
167.6,335.0,-5.000000e-01,3.831985e-15,7.071068e-01,-4.998721e-01,-2.476970e-14,1.692216e-01,-5.000000e-01,7.071068e-01,1.193301e-14,-4.998721e-01,1.692216e-01,-1.845566e-15,-5.000000e-01,-7.214435e-15,-7.071068e-01,-4.998721e-01,2.589882e-14,-1.692216e-01,-5.000000e-01,-7.071068e-01,-1.580124e-14,-4.998721e-01,-1.692216e-01,1.782281e-15
167.6,360.0,-5.000000e-01,9.505104e-15,7.071068e-01,-4.998721e-01,-2.662587e-16,1.692304e-01,-5.000000e-01,7.071068e-01,5.018379e-16,-4.998721e-01,1.692304e-01,-3.355070e-15,-5.000000e-01,-1.194214e-14,-7.071068e-01,-4.998721e-01,2.979304e-16,-1.692304e-01,-5.000000e-01,-7.071068e-01,-8.004438e-15,-4.998721e-01,-1.692304e-01,3.857407e-15
167.6,385.0,-5.000000e-01,-1.576138e-15,7.071068e-01,-4.998721e-01,5.816492e-15,1.692393e-01,-5.000000e-01,7.071068e-01,-7.018458e-15,-4.998721e-01,1.692393e-01,-1.105613e-14,-5.000000e-01,-1.867192e-14,-7.071068e-01,-4.998721e-01,-1.247444e-14,-1.692393e-01,-5.000000e-01,-7.071068e-01,7.514349e-15,-4.998721e-01,-1.692393e-01,1.171896e-14
167.6,410.0,-5.000000e-01,-3.439013e-15,7.071068e-01,-4.998721e-01,-5.608953e-15,1.692482e-01,-5.000000e-01,7.071068e-01,1.622116e-15,-4.998721e-01,1.692482e-01,7.219075e-15,-5.000000e-01,8.000969e-15,-7.071068e-01,-4.998721e-01,6.567448e-15,-1.692482e-01,-5.000000e-01,-7.071068e-01,-2.229153e-15,-4.998721e-01,-1.692482e-01,-4.053985e-16
167.6,435.0,-5.000000e-01,9.085987e-15,7.071068e-01,-4.998721e-01,1.131999e-14,1.692571e-01,-5.000000e-01,7.071068e-01,-6.705218e-15,-4.998721e-01,1.692571e-01,-2.554406e-15,-5.000000e-01,-9.018684e-15,-7.071068e-01,-4.998721e-01,-1.156584e-14,-1.692571e-01,-5.000000e-01,-7.071068e-01,8.166080e-15,-4.998721e-01,-1.692571e-01,2.068779e-15
167.6,460.0,-5.000000e-01,3.732285e-15,7.071068e-01,-4.998721e-01,-5.118944e-15,1.692661e-01,-5.000000e-01,7.071068e-01,-4.695429e-15,-4.998721e-01,1.692661e-01,-1.111885e-14,-5.000000e-01,-3.373412e-15,-7.071068e-01,-4.998721e-01,3.946503e-15,-1.692661e-01,-5.000000e-01,-7.071068e-01,1.642316e-15,-4.998721e-01,-1.692661e-01,1.037674e-14
167.6,485.0,-5.000000e-01,6.768012e-15,7.071068e-01,-4.998722e-01,1.508967e-14,1.692751e-01,-5.000000e-01,7.071068e-01,-8.669191e-15,-4.998722e-01,1.692751e-01,-1.243801e-14,-5.000000e-01,-6.655194e-15,-7.071068e-01,-4.998722e-01,-1.484058e-14,-1.692751e-01,-5.000000e-01,-7.071068e-01,8.562603e-15,-4.998722e-01,-1.692751e-01,1.356100e-14
167.6,510.0,-5.000000e-01,-5.431674e-15,7.071068e-01,-4.998722e-01,-6.224013e-15,1.692842e-01,-5.000000e-01,7.071068e-01,4.163758e-15,-4.998722e-01,1.692842e-01,2.106990e-15,-5.000000e-01,4.982156e-15,-7.071068e-01,-4.998722e-01,6.547788e-15,-1.692842e-01,-5.000000e-01,-7.071068e-01,-3.414357e-15,-4.998722e-01,-1.692842e-01,-8.612976e-16
167.6,535.0,-5.000000e-01,1.075879e-15,7.071068e-01,-4.998722e-01,3.874962e-15,1.692933e-01,-5.000000e-01,7.071068e-01,2.401805e-15,-4.998722e-01,1.692933e-01,5.314124e-15,-5.000000e-01,-7.790846e-16,-7.071068e-01,-4.998722e-01,-2.282436e-15,-1.692933e-01,-5.000000e-01,-7.071068e-01,-2.922003e-15,-4.998722e-01,-1.692933e-01,-5.756571e-15
167.6,560.0,-5.000000e-01,-5.440841e-15,7.071068e-01,-4.998722e-01,3.534352e-15,1.693024e-01,-5.000000e-01,7.071068e-01,3.198406e-15,-4.998722e-01,1.693024e-01,1.155169e-14,-5.000000e-01,4.288777e-15,-7.071068e-01,-4.998722e-01,-2.820546e-15,-1.693024e-01,-5.000000e-01,-7.071068e-01,-4.620223e-15,-4.998722e-01,-1.693024e-01,-1.159280e-14
167.6,585.0,-5.000000e-01,2.012105e-15,7.071068e-01,-4.998722e-01,-2.839667e-15,1.693115e-01,-5.000000e-01,7.071068e-01,-1.206682e-15,-4.998722e-01,1.693115e-01,-3.482553e-15,-5.000000e-01,-1.974843e-15,-7.071068e-01,-4.998722e-01,2.155707e-15,-1.693115e-01,-5.000000e-01,-7.071068e-01,9.231566e-16,-4.998722e-01,-1.693115e-01,4.645658e-15
167.6,610.0,-5.000000e-01,-1.245959e-14,7.071068e-01,-4.998722e-01,-1.687427e-15,1.693207e-01,-5.000000e-01,7.071068e-01,6.807097e-15,-4.998722e-01,1.693207e-01,-2.788663e-15,-5.000000e-01,1.185765e-14,-7.071068e-01,-4.998722e-01,1.619857e-15,-1.693207e-01,-5.000000e-01,-7.071068e-01,-7.354095e-15,-4.998722e-01,-1.693207e-01,3.412454e-15
167.6,635.0,-5.000000e-01,-8.400673e-16,7.071068e-01,-4.998722e-01,1.277883e-14,1.693299e-01,-5.000000e-01,7.071068e-01,-3.248525e-15,-4.998722e-01,1.693299e-01,-6.538675e-15,-5.000000e-01,9.600769e-16,-7.071068e-01,-4.998722e-01,-1.198350e-14,-1.693299e-01,-5.000000e-01,-7.071068e-01,4.358748e-15,-4.998722e-01,-1.693299e-01,6.725983e-15
167.6,660.0,-5.000000e-01,-6.650017e-15,7.071068e-01,-4.998722e-01,-2.220447e-15,1.693392e-01,-5.000000e-01,7.071068e-01,-5.599705e-15,-4.998722e-01,1.693392e-01,-1.269806e-14,-5.000000e-01,5.999472e-15,-7.071068e-01,-4.998722e-01,2.552111e-15,-1.693392e-01,-5.000000e-01,-7.071068e-01,2.445618e-15,-4.998722e-01,-1.693392e-01,7.528828e-15
167.6,685.0,-5.000000e-01,3.378542e-16,7.071068e-01,-4.998722e-01,-2.292271e-15,1.693485e-01,-5.000000e-01,7.071068e-01,-7.063613e-16,-4.998722e-01,1.693485e-01,3.129753e-15,-5.000000e-01,-5.019548e-16,-7.071068e-01,-4.998722e-01,6.180026e-16,-1.693485e-01,-5.000000e-01,-7.071068e-01,-2.458624e-15,-4.998722e-01,-1.693485e-01,-4.220660e-15
167.6,710.0,-5.000000e-01,-6.165756e-15,7.071068e-01,-4.998722e-01,-1.148148e-14,1.693578e-01,-5.000000e-01,7.071068e-01,8.846961e-15,-4.998722e-01,1.693578e-01,1.283554e-14,-5.000000e-01,6.200930e-15,-7.071068e-01,-4.998722e-01,1.233398e-14,-1.693578e-01,-5.000000e-01,-7.071068e-01,-1.078352e-14,-4.998722e-01,-1.693578e-01,-1.283335e-14
167.6,735.0,-5.000000e-01,-2.971602e-15,7.071068e-01,-4.998722e-01,5.120306e-16,1.693672e-01,-5.000000e-01,7.071068e-01,5.859340e-16,-4.998722e-01,1.693672e-01,-1.465582e-15,-5.000000e-01,2.760126e-15,-7.071068e-01,-4.998722e-01,-3.719305e-16,-1.693672e-01,-5.000000e-01,-7.071068e-01,-1.958187e-16,-4.998722e-01,-1.693672e-01,7.833376e-15
167.6,760.0,-5.000000e-01,-3.529290e-15,7.071068e-01,-4.998722e-01,1.815310e-15,1.693766e-01,-5.000000e-01,7.071068e-01,-1.342410e-15,-4.998722e-01,1.693766e-01,-3.973909e-15,-5.000000e-01,3.537838e-15,-7.071068e-01,-4.998722e-01,-1.102195e-15,-1.693766e-01,-5.000000e-01,-7.071068e-01,-7.670914e-16,-4.998722e-01,-1.693766e-01,3.724441e-15
167.6,785.0,-5.000000e-01,-2.562629e-15,7.071068e-01,-4.998722e-01,1.034464e-14,1.693860e-01,-5.000000e-01,7.071068e-01,-5.921957e-15,-4.998722e-01,1.693860e-01,-1.870438e-15,-5.000000e-01,2.661390e-15,-7.071068e-01,-4.998722e-01,-1.032486e-14,-1.693860e-01,-5.000000e-01,-7.071068e-01,-1.089949e-16,-4.998722e-01,-1.693860e-01,1.856895e-15
167.6,810.0,-5.000000e-01,-3.668976e-15,7.071068e-01,-4.998722e-01,7.566335e-15,1.693955e-01,-5.000000e-01,7.071068e-01,1.418636e-15,-4.998722e-01,1.693955e-01,-8.840800e-16,-5.000000e-01,4.345373e-15,-7.071068e-01,-4.998722e-01,-7.198234e-15,-1.693955e-01,-5.000000e-01,-7.071068e-01,1.300417e-15,-4.998722e-01,-1.693955e-01,1.867693e-15
167.6,835.0,-5.000000e-01,-1.158993e-15,7.071068e-01,-4.998722e-01,-9.333615e-15,1.694050e-01,-5.000000e-01,7.071068e-01,2.434939e-15,-4.998722e-01,1.694050e-01,1.401051e-14,-5.000000e-01,1.345112e-15,-7.071068e-01,-4.998722e-01,9.220257e-15,-1.694050e-01,-5.000000e-01,-7.071068e-01,-1.112175e-14,-4.998722e-01,-1.694050e-01,-1.460648e-14
167.6,860.0,-5.000000e-01,9.690743e-15,7.071068e-01,-4.998722e-01,8.542872e-15,1.694146e-01,-5.000000e-01,7.071068e-01,-6.661301e-15,-4.998722e-01,1.694146e-01,6.739675e-15,-5.000000e-01,-9.907700e-15,-7.071068e-01,-4.998722e-01,-9.123650e-15,-1.694146e-01,-5.000000e-01,-7.071068e-01,8.493169e-15,-4.998722e-01,-1.694146e-01,-5.085420e-15
167.6,885.0,-5.000000e-01,-3.034613e-15,7.071068e-01,-4.998722e-01,-1.159750e-16,1.694242e-01,-5.000000e-01,7.071068e-01,3.598641e-15,-4.998722e-01,1.694242e-01,2.034543e-15,-5.000000e-01,2.331471e-15,-7.071068e-01,-4.998722e-01,-1.697613e-16,-1.694242e-01,-5.000000e-01,-7.071068e-01,-2.791857e-15,-4.998722e-01,-1.694242e-01,-4.781285e-15
170.1,10.0,-5.000000e-01,2.152416e-14,7.071068e-01,-4.998732e-01,-4.980107e-15,1.709524e-01,-5.000000e-01,7.071068e-01,-3.327662e-14,-4.998732e-01,1.709524e-01,8.414782e-16,-5.000000e-01,-2.218827e-14,-7.071068e-01,-4.998732e-01,5.077863e-15,-1.709524e-01,-5.000000e-01,-7.071068e-01,2.460488e-14,-4.998732e-01,-1.709524e-01,-1.286004e-15
170.1,35.0,-5.000000e-01,-9.627338e-15,7.071068e-01,-4.998732e-01,-1.755832e-15,1.709603e-01,-5.000000e-01,7.071068e-01,2.328236e-14,-4.998732e-01,1.709603e-01,6.617864e-15,-5.000000e-01,1.516249e-14,-7.071068e-01,-4.998732e-01,1.605370e-15,-1.709603e-01,-5.000000e-01,-7.071068e-01,-1.590798e-14,-4.998732e-01,-1.709603e-01,-6.566053e-15
170.1,60.0,-5.000000e-01,-7.087481e-14,7.071068e-01,-4.998732e-01,7.985978e-15,1.709683e-01,-5.000000e-01,7.071068e-01,-1.105392e-13,-4.998732e-01,1.709683e-01,-3.226104e-15,-5.000000e-01,7.495437e-14,-7.071068e-01,-4.998732e-01,-8.550915e-15,-1.709683e-01,-5.000000e-01,-7.071068e-01,1.098870e-13,-4.998732e-01,-1.709683e-01,1.928699e-15
170.1,85.0,-5.000000e-01,4.648027e-15,7.071068e-01,-4.998732e-01,-2.164265e-15,1.709763e-01,-5.000000e-01,7.071068e-01,1.206831e-14,-4.998732e-01,1.709763e-01,-6.793628e-16,-5.000000e-01,-8.321975e-15,-7.071068e-01,-4.998732e-01,2.366764e-15,-1.709763e-01,-5.000000e-01,-7.071068e-01,4.581246e-15,-4.998732e-01,-1.709763e-01,1.131031e-15
170.1,110.0,-5.000000e-01,1.063433e-16,7.071068e-01,-4.998732e-01,-7.159172e-15,1.709844e-01,-5.000000e-01,7.071068e-01,1.741544e-15,-4.998732e-01,1.709844e-01,1.107431e-14,-5.000000e-01,-3.371565e-15,-7.071068e-01,-4.998732e-01,7.975278e-15,-1.709844e-01,-5.000000e-01,-7.071068e-01,-1.726724e-16,-4.998732e-01,-1.709844e-01,-1.168049e-14
170.1,135.0,-5.000000e-01,8.899411e-15,7.071068e-01,-4.998732e-01,3.978697e-16,1.709925e-01,-5.000000e-01,7.071068e-01,3.549388e-16,-4.998732e-01,1.709925e-01,-4.283498e-16,-5.000000e-01,-7.002063e-15,-7.071068e-01,-4.998732e-01,-1.677164e-16,-1.709925e-01,-5.000000e-01,-7.071068e-01,3.071009e-15,-4.998732e-01,-1.709925e-01,3.867475e-16
170.1,160.0,-5.000000e-01,3.217122e-15,7.071068e-01,-4.998732e-01,-9.952108e-15,1.710006e-01,-5.000000e-01,7.071068e-01,-1.750281e-14,-4.998732e-01,1.710006e-01,8.076052e-16,-5.000000e-01,-5.438410e-16,-7.071068e-01,-4.998732e-01,9.560303e-15,-1.710006e-01,-5.000000e-01,-7.071068e-01,2.038881e-14,-4.998732e-01,-1.710006e-01,-2.388850e-15
170.1,185.0,-5.000000e-01,-2.651446e-15,7.071068e-01,-4.998732e-01,-1.354434e-15,1.710088e-01,-5.000000e-01,7.071068e-01,4.409664e-15,-4.998732e-01,1.710088e-01,5.737267e-15,-5.000000e-01,0.000000e+00,-7.071068e-01,-4.998732e-01,1.205380e-15,-1.710088e-01,-5.000000e-01,-7.071068e-01,4.884972e-15,-4.998732e-01,-1.710088e-01,-5.395926e-15
170.1,210.0,-5.000000e-01,1.685311e-14,7.071068e-01,-4.998732e-01,-4.310913e-15,1.710170e-01,-5.000000e-01,7.071068e-01,3.511128e-15,-4.998732e-01,1.710170e-01,-2.353537e-14,-5.000000e-01,-6.080945e-15,-7.071068e-01,-4.998732e-01,3.913565e-15,-1.710170e-01,-5.000000e-01,-7.071068e-01,-4.822600e-15,-4.998732e-01,-1.710170e-01,2.462206e-14
170.1,235.0,-5.000000e-01,-1.684512e-13,7.071068e-01,-4.998732e-01,-1.135108e-15,1.710252e-01,-5.000000e-01,7.071068e-01,-1.484084e-13,-4.998732e-01,1.710252e-01,2.258568e-15,-5.000000e-01,1.499451e-13,-7.071068e-01,-4.998732e-01,1.111224e-15,-1.710252e-01,-5.000000e-01,-7.071068e-01,1.525615e-13,-4.998732e-01,-1.710252e-01,-9.667387e-16
170.1,260.0,-5.000000e-01,1.348125e-14,7.071068e-01,-4.998732e-01,3.238174e-14,1.710334e-01,-5.000000e-01,7.071068e-01,-2.602775e-14,-4.998732e-01,1.710334e-01,-5.464019e-15,-5.000000e-01,-2.623238e-14,-7.071068e-01,-4.998732e-01,-3.254737e-14,-1.710334e-01,-5.000000e-01,-7.071068e-01,2.596956e-14,-4.998732e-01,-1.710334e-01,5.703379e-15
170.1,285.0,-5.000000e-01,1.113033e-14,7.071068e-01,-4.998732e-01,-8.430814e-16,1.710417e-01,-5.000000e-01,7.071068e-01,-2.045154e-14,-4.998732e-01,1.710417e-01,-2.537296e-14,-5.000000e-01,-1.353046e-14,-7.071068e-01,-4.998732e-01,-3.656678e-17,-1.710417e-01,-5.000000e-01,-7.071068e-01,1.693074e-14,-4.998732e-01,-1.710417e-01,2.622411e-14
170.1,310.0,-5.000000e-01,7.086936e-15,7.071068e-01,-4.998733e-01,8.881223e-16,1.710500e-01,-5.000000e-01,7.071068e-01,2.556399e-14,-4.998733e-01,1.710500e-01,1.769628e-15,-5.000000e-01,-5.989572e-15,-7.071068e-01,-4.998733e-01,-1.987231e-15,-1.710500e-01,-5.000000e-01,-7.071068e-01,-3.064735e-14,-4.998733e-01,-1.710500e-01,-2.305719e-15
170.1,335.0,-5.000000e-01,9.607387e-14,7.071068e-01,-4.998733e-01,6.215066e-14,1.710584e-01,-5.000000e-01,7.071068e-01,-9.775241e-14,-4.998733e-01,1.710584e-01,1.084367e-14,-5.000000e-01,-1.215997e-13,-7.071068e-01,-4.998733e-01,-6.328176e-14,-1.710584e-01,-5.000000e-01,-7.071068e-01,9.957464e-14,-4.998733e-01,-1.710584e-01,-8.659386e-15
170.1,360.0,-5.000000e-01,1.326256e-14,7.071068e-01,-4.998733e-01,-5.306215e-15,1.710668e-01,-5.000000e-01,7.071068e-01,2.907392e-16,-4.998733e-01,1.710668e-01,-2.676149e-15,-5.000000e-01,2.463495e-14,-7.071068e-01,-4.998733e-01,5.952776e-15,-1.710668e-01,-5.000000e-01,-7.071068e-01,-4.058542e-15,-4.998733e-01,-1.710668e-01,2.004210e-15
170.1,385.0,-5.000000e-01,-6.243056e-15,7.071068e-01,-4.998733e-01,2.479663e-15,1.710752e-01,-5.000000e-01,7.071068e-01,6.775154e-15,-4.998733e-01,1.710752e-01,-3.576673e-15,-5.000000e-01,5.000202e-15,-7.071068e-01,-4.998733e-01,-2.778598e-15,-1.710752e-01,-5.000000e-01,-7.071068e-01,-7.711886e-15,-4.998733e-01,-1.710752e-01,-3.273897e-15
170.1,410.0,-5.000000e-01,-6.080758e-16,7.071068e-01,-4.998733e-01,-3.568144e-15,1.710836e-01,-5.000000e-01,7.071068e-01,8.945009e-16,-4.998733e-01,1.710836e-01,-3.624001e-15,-5.000000e-01,-5.038687e-15,-7.071068e-01,-4.998733e-01,2.174726e-15,-1.710836e-01,-5.000000e-01,-7.071068e-01,1.655585e-15,-4.998733e-01,-1.710836e-01,3.313880e-15
170.1,435.0,-5.000000e-01,-1.613163e-14,7.071068e-01,-4.998733e-01,1.561332e-14,1.710921e-01,-5.000000e-01,7.071068e-01,-1.524151e-14,-4.998733e-01,1.710921e-01,4.619912e-15,-5.000000e-01,-9.846898e-15,-7.071068e-01,-4.998733e-01,-1.672293e-14,-1.710921e-01,-5.000000e-01,-7.071068e-01,2.153306e-14,-4.998733e-01,-1.710921e-01,-4.418713e-15
170.1,460.0,-5.000000e-01,-2.103998e-14,7.071068e-01,-4.998733e-01,-1.284218e-14,1.711006e-01,-5.000000e-01,7.071068e-01,3.467667e-15,-4.998733e-01,1.711006e-01,3.829014e-15,-5.000000e-01,4.968322e-15,-7.071068e-01,-4.998733e-01,-2.092877e-15,-1.711006e-01,-5.000000e-01,-7.071068e-01,-8.115816e-15,-4.998733e-01,-1.711006e-01,4.163411e-15
170.1,485.0,-5.000000e-01,-1.385507e-14,7.071068e-01,-4.998733e-01,4.351383e-15,1.711092e-01,-5.000000e-01,7.071068e-01,-4.750119e-15,-4.998733e-01,1.711092e-01,1.450859e-14,-5.000000e-01,-2.435692e-14,-7.071068e-01,-4.998733e-01,8.069680e-15,-1.711092e-01,-5.000000e-01,-7.071068e-01,-8.560746e-15,-4.998733e-01,-1.711092e-01,-3.237838e-14
170.1,510.0,-5.000000e-01,-1.098805e-14,7.071068e-01,-4.998733e-01,-7.459181e-15,1.711178e-01,-5.000000e-01,7.071068e-01,1.549554e-14,-4.998733e-01,1.711178e-01,3.634098e-15,-5.000000e-01,2.079617e-14,-7.071068e-01,-4.998733e-01,5.539833e-15,-1.711178e-01,-5.000000e-01,-7.071068e-01,-1.152355e-14,-4.998733e-01,-1.711178e-01,-2.255473e-15
170.1,535.0,-5.000000e-01,9.335981e-15,7.071068e-01,-4.998733e-01,1.533421e-14,1.711264e-01,-5.000000e-01,7.071068e-01,-1.045651e-14,-4.998733e-01,1.711264e-01,-2.544585e-14,-5.000000e-01,-9.225713e-15,-7.071068e-01,-4.998733e-01,-1.618347e-14,-1.711264e-01,-5.000000e-01,-7.071068e-01,1.079831e-14,-4.998733e-01,-1.711264e-01,2.501827e-14
170.1,560.0,-5.000000e-01,-9.321157e-15,7.071068e-01,-4.998733e-01,-2.384966e-14,1.711350e-01,-5.000000e-01,7.071068e-01,1.171444e-14,-4.998733e-01,1.711350e-01,1.044351e-14,-5.000000e-01,1.357486e-14,-7.071068e-01,-4.998733e-01,9.276255e-15,-1.711350e-01,-5.000000e-01,-7.071068e-01,-2.903573e-15,-4.998733e-01,-1.711350e-01,-1.654861e-14
170.1,585.0,-5.000000e-01,5.236615e-15,7.071068e-01,-4.998733e-01,4.230664e-15,1.711437e-01,-5.000000e-01,7.071068e-01,-7.257636e-15,-4.998733e-01,1.711437e-01,-6.028433e-15,-5.000000e-01,-5.464294e-15,-7.071068e-01,-4.998733e-01,-3.310322e-15,-1.711437e-01,-5.000000e-01,-7.071068e-01,2.816744e-15,-4.998733e-01,-1.711437e-01,5.921303e-15
170.1,610.0,-5.000000e-01,5.421645e-15,7.071068e-01,-4.998733e-01,-8.153238e-16,1.711524e-01,-5.000000e-01,7.071068e-01,-5.143676e-15,-4.998733e-01,1.711524e-01,-9.223189e-15,-5.000000e-01,-5.873449e-15,-7.071068e-01,-4.998733e-01,4.437894e-16,-1.711524e-01,-5.000000e-01,-7.071068e-01,4.426781e-15,-4.998733e-01,-1.711524e-01,9.316756e-15
170.1,635.0,-5.000000e-01,5.212677e-15,7.071068e-01,-4.998733e-01,1.573378e-14,1.711612e-01,-5.000000e-01,7.071068e-01,-5.447424e-15,-4.998733e-01,1.711612e-01,8.672563e-16,-5.000000e-01,-5.281804e-15,-7.071068e-01,-4.998733e-01,-1.439064e-14,-1.711612e-01,-5.000000e-01,-7.071068e-01,4.780393e-15,-4.998733e-01,-1.711612e-01,-2.097244e-16
170.1,660.0,-5.000000e-01,7.307869e-15,7.071068e-01,-4.998733e-01,8.066873e-15,1.711700e-01,-5.000000e-01,7.071068e-01,-7.398403e-15,-4.998733e-01,1.711700e-01,-1.077957e-14,-5.000000e-01,-7.278907e-15,-7.071068e-01,-4.998733e-01,-8.035920e-15,-1.711700e-01,-5.000000e-01,-7.071068e-01,9.022338e-15,-4.998733e-01,-1.711700e-01,1.088813e-14
170.1,685.0,-5.000000e-01,9.911400e-15,7.071068e-01,-4.998733e-01,-4.953455e-15,1.711788e-01,-5.000000e-01,7.071068e-01,-5.675129e-15,-4.998733e-01,1.711788e-01,-1.572729e-14,-5.000000e-01,-9.777977e-15,-7.071068e-01,-4.998733e-01,4.529174e-15,-1.711788e-01,-5.000000e-01,-7.071068e-01,8.380735e-15,-4.998733e-01,-1.711788e-01,1.565725e-14
170.1,710.0,-5.000000e-01,-9.246676e-15,7.071068e-01,-4.998733e-01,3.624591e-15,1.711877e-01,-5.000000e-01,7.071068e-01,4.171299e-15,-4.998733e-01,1.711877e-01,6.807715e-15,-5.000000e-01,9.135503e-15,-7.071068e-01,-4.998733e-01,-3.840223e-15,-1.711877e-01,-5.000000e-01,-7.071068e-01,-5.813990e-15,-4.998733e-01,-1.711877e-01,-6.618607e-15
170.1,735.0,-5.000000e-01,-7.964300e-15,7.071068e-01,-4.998733e-01,-1.723077e-14,1.711966e-01,-5.000000e-01,7.071068e-01,2.054896e-15,-4.998733e-01,1.711966e-01,-3.731732e-15,-5.000000e-01,7.883596e-15,-7.071068e-01,-4.998733e-01,1.742526e-14,-1.711966e-01,-5.000000e-01,-7.071068e-01,-2.421497e-15,-4.998733e-01,-1.711966e-01,2.752727e-15
170.1,760.0,-5.000000e-01,9.169068e-15,7.071068e-01,-4.998733e-01,2.500530e-14,1.712055e-01,-5.000000e-01,7.071068e-01,-9.002916e-15,-4.998733e-01,1.712055e-01,-1.075925e-14,-5.000000e-01,-8.776108e-15,-7.071068e-01,-4.998733e-01,-2.516435e-14,-1.712055e-01,-5.000000e-01,-7.071068e-01,8.003716e-15,-4.998733e-01,-1.712055e-01,1.050515e-14
170.1,785.0,-5.000000e-01,-3.761908e-15,7.071068e-01,-4.998733e-01,-4.406773e-16,1.712145e-01,-5.000000e-01,7.071068e-01,2.571034e-15,-4.998733e-01,1.712145e-01,2.881124e-15,-5.000000e-01,3.659123e-15,-7.071068e-01,-4.998733e-01,6.173526e-16,-1.712145e-01,-5.000000e-01,-7.071068e-01,-9.782311e-16,-4.998733e-01,-1.712145e-01,-3.234633e-15
170.1,810.0,-5.000000e-01,-2.647138e-15,7.071068e-01,-4.998733e-01,1.185576e-14,1.712235e-01,-5.000000e-01,7.071068e-01,2.856543e-15,-4.998733e-01,1.712235e-01,6.661730e-15,-5.000000e-01,3.873860e-15,-7.071068e-01,-4.998733e-01,-1.207159e-14,-1.712235e-01,-5.000000e-01,-7.071068e-01,-3.764489e-15,-4.998733e-01,-1.712235e-01,-7.375850e-15
170.1,835.0,-5.000000e-01,8.387060e-16,7.071068e-01,-4.998733e-01,8.947783e-15,1.712325e-01,-5.000000e-01,7.071068e-01,9.892043e-17,-4.998733e-01,1.712325e-01,1.376433e-15,-5.000000e-01,-1.286016e-15,-7.071068e-01,-4.998733e-01,-8.579945e-15,-1.712325e-01,-5.000000e-01,-7.071068e-01,-2.099427e-16,-4.998733e-01,-1.712325e-01,-1.470325e-15
170.1,860.0,-5.000000e-01,7.066855e-15,7.071068e-01,-4.998733e-01,1.557228e-15,1.712416e-01,-5.000000e-01,7.071068e-01,-9.588253e-15,-4.998733e-01,1.712416e-01,-1.369605e-14,-5.000000e-01,-6.820557e-15,-7.071068e-01,-4.998733e-01,-2.379329e-15,-1.712416e-01,-5.000000e-01,-7.071068e-01,7.839652e-15,-4.998733e-01,-1.712416e-01,1.319813e-14
170.1,885.0,-5.000000e-01,8.393367e-15,7.071068e-01,-4.998733e-01,1.498439e-14,1.712507e-01,-5.000000e-01,7.071068e-01,-5.950300e-15,-4.998733e-01,1.712507e-01,3.668060e-15,-5.000000e-01,-8.661037e-15,-7.071068e-01,-4.998733e-01,-1.493152e-14,-1.712507e-01,-5.000000e-01,-7.071068e-01,9.083283e-15,-4.998733e-01,-1.712507e-01,-2.707512e-15
172.6,10.0,-5.000000e-01,-2.970216e-15,7.071068e-01,-4.998743e-01,-1.386108e-15,1.727789e-01,-5.000000e-01,7.071068e-01,1.618775e-14,-4.998743e-01,1.727789e-01,2.905799e-15,-5.000000e-01,3.016593e-15,-7.071068e-01,-4.998743e-01,1.536437e-15,-1.727789e-01,-5.000000e-01,-7.071068e-01,3.823674e-14,-4.998743e-01,-1.727789e-01,-1.145704e-15
172.6,35.0,-5.000000e-01,1.537220e-15,7.071068e-01,-4.998743e-01,4.198975e-15,1.727864e-01,-5.000000e-01,7.071068e-01,-1.952078e-14,-4.998743e-01,1.727864e-01,5.505120e-16,-5.000000e-01,-2.144009e-15,-7.071068e-01,-4.998743e-01,-4.141623e-15,-1.727864e-01,-5.000000e-01,-7.071068e-01,2.029435e-14,-4.998743e-01,-1.727864e-01,3.077469e-16
172.6,60.0,-5.000000e-01,-9.266736e-15,7.071068e-01,-4.998743e-01,-1.097009e-14,1.727940e-01,-5.000000e-01,7.071068e-01,1.092062e-14,-4.998743e-01,1.727940e-01,4.281923e-15,-5.000000e-01,3.298400e-15,-7.071068e-01,-4.998743e-01,1.133284e-14,-1.727940e-01,-5.000000e-01,-7.071068e-01,-2.123931e-14,-4.998743e-01,-1.727940e-01,-4.088705e-15
172.6,85.0,-5.000000e-01,9.925926e-15,7.071068e-01,-4.998743e-01,1.302920e-14,1.728016e-01,-5.000000e-01,7.071068e-01,-1.850609e-14,-4.998743e-01,1.728016e-01,-3.555605e-15,-5.000000e-01,-7.498223e-15,-7.071068e-01,-4.998743e-01,-1.319324e-14,-1.728016e-01,-5.000000e-01,-7.071068e-01,2.120469e-14,-4.998743e-01,-1.728016e-01,3.338569e-15
172.6,110.0,-5.000000e-01,3.881517e-14,7.071068e-01,-4.998743e-01,-2.217333e-15,1.728092e-01,-5.000000e-01,7.071068e-01,1.191730e-14,-4.998743e-01,1.728092e-01,-1.633909e-14,-5.000000e-01,-6.954086e-14,-7.071068e-01,-4.998743e-01,-3.222196e-16,-1.728092e-01,-5.000000e-01,-7.071068e-01,-9.051936e-15,-4.998743e-01,-1.728092e-01,1.149348e-14
172.6,135.0,-5.000000e-01,2.149643e-16,7.071068e-01,-4.998743e-01,-5.309784e-15,1.728168e-01,-5.000000e-01,7.071068e-01,6.572597e-15,-4.998743e-01,1.728168e-01,1.898867e-15,-5.000000e-01,-6.336342e-17,-7.071068e-01,-4.998743e-01,5.021003e-15,-1.728168e-01,-5.000000e-01,-7.071068e-01,4.394040e-15,-4.998743e-01,-1.728168e-01,-1.933519e-15
172.6,160.0,-5.000000e-01,2.919997e-14,7.071068e-01,-4.998743e-01,7.279897e-15,1.728245e-01,-5.000000e-01,7.071068e-01,-7.150572e-14,-4.998743e-01,1.728245e-01,-1.989884e-14,-5.000000e-01,-2.604749e-14,-7.071068e-01,-4.998743e-01,-1.101811e-14,-1.728245e-01,-5.000000e-01,-7.071068e-01,7.130486e-14,-4.998743e-01,-1.728245e-01,2.007923e-14
172.6,185.0,-5.000000e-01,2.011682e-14,7.071068e-01,-4.998743e-01,-7.783505e-16,1.728322e-01,-5.000000e-01,7.071068e-01,9.220228e-15,-4.998743e-01,1.728322e-01,-3.023222e-15,-5.000000e-01,-1.122888e-14,-7.071068e-01,-4.998743e-01,1.282427e-15,-1.728322e-01,-5.000000e-01,-7.071068e-01,-8.817758e-15,-4.998743e-01,-1.728322e-01,2.570743e-15
172.6,210.0,-5.000000e-01,2.093607e-14,7.071068e-01,-4.998743e-01,-1.850678e-15,1.728399e-01,-5.000000e-01,7.071068e-01,-9.186181e-15,-4.998743e-01,1.728399e-01,-1.024488e-14,-5.000000e-01,-2.345728e-14,-7.071068e-01,-4.998743e-01,1.250359e-15,-1.728399e-01,-5.000000e-01,-7.071068e-01,-2.557941e-15,-4.998743e-01,-1.728399e-01,1.077211e-14
172.6,235.0,-5.000000e-01,1.163255e-13,7.071068e-01,-4.998743e-01,2.038795e-14,1.728477e-01,-5.000000e-01,7.071068e-01,1.368288e-13,-4.998743e-01,1.728477e-01,7.051868e-15,-5.000000e-01,-1.158682e-13,-7.071068e-01,-4.998743e-01,-2.010813e-14,-1.728477e-01,-5.000000e-01,-7.071068e-01,-1.362062e-13,-4.998743e-01,-1.728477e-01,-6.458997e-15
172.6,260.0,-5.000000e-01,8.698782e-15,7.071068e-01,-4.998743e-01,1.272437e-15,1.728555e-01,-5.000000e-01,7.071068e-01,-1.095078e-14,-4.998743e-01,1.728555e-01,2.165022e-15,-5.000000e-01,-3.797514e-15,-7.071068e-01,-4.998743e-01,-1.038474e-15,-1.728555e-01,-5.000000e-01,-7.071068e-01,2.527102e-15,-4.998743e-01,-1.728555e-01,-2.311968e-15
172.6,285.0,-5.000000e-01,1.868683e-14,7.071068e-01,-4.998743e-01,7.202364e-16,1.728633e-01,-5.000000e-01,7.071068e-01,-2.468123e-14,-4.998743e-01,1.728633e-01,-1.696159e-15,-5.000000e-01,2.204640e-14,-7.071068e-01,-4.998743e-01,-4.921026e-16,-1.728633e-01,-5.000000e-01,-7.071068e-01,-4.046103e-15,-4.998743e-01,-1.728633e-01,-2.843635e-16
172.6,310.0,-5.000000e-01,1.253405e-14,7.071068e-01,-4.998743e-01,-1.119269e-16,1.728712e-01,-5.000000e-01,7.071068e-01,-2.359164e-14,-4.998743e-01,1.728712e-01,-2.211707e-14,-5.000000e-01,1.930532e-14,-7.071068e-01,-4.998743e-01,-2.416735e-15,-1.728712e-01,-5.000000e-01,-7.071068e-01,3.566041e-14,-4.998743e-01,-1.728712e-01,-9.088798e-15
172.6,335.0,-5.000000e-01,-6.290636e-16,7.071068e-01,-4.998743e-01,3.127726e-14,1.728791e-01,-5.000000e-01,7.071068e-01,-1.679899e-14,-4.998743e-01,1.728791e-01,-4.222991e-16,-5.000000e-01,-1.407274e-15,-7.071068e-01,-4.998743e-01,-3.141006e-14,-1.728791e-01,-5.000000e-01,-7.071068e-01,1.821484e-14,-4.998743e-01,-1.728791e-01,-3.799486e-16
172.6,360.0,-5.000000e-01,5.130729e-15,7.071068e-01,-4.998743e-01,4.227278e-15,1.728870e-01,-5.000000e-01,7.071068e-01,-1.333239e-14,-4.998743e-01,1.728870e-01,1.405762e-15,-5.000000e-01,-3.112594e-15,-7.071068e-01,-4.998743e-01,-4.303040e-15,-1.728870e-01,-5.000000e-01,-7.071068e-01,3.357488e-15,-4.998743e-01,-1.728870e-01,-1.388271e-15
172.6,385.0,-5.000000e-01,-1.641761e-14,7.071068e-01,-4.998743e-01,3.196611e-15,1.728950e-01,-5.000000e-01,7.071068e-01,-8.180656e-15,-4.998743e-01,1.728950e-01,1.363382e-16,-5.000000e-01,1.337344e-14,-7.071068e-01,-4.998743e-01,-3.005312e-15,-1.728950e-01,-5.000000e-01,-7.071068e-01,1.358503e-14,-4.998743e-01,-1.728950e-01,-5.539326e-16
172.6,410.0,-5.000000e-01,-1.533669e-15,7.071068e-01,-4.998743e-01,-1.998021e-15,1.729030e-01,-5.000000e-01,7.071068e-01,1.569498e-14,-4.998743e-01,1.729030e-01,1.891106e-15,-5.000000e-01,2.568344e-15,-7.071068e-01,-4.998743e-01,1.511191e-15,-1.729030e-01,-5.000000e-01,-7.071068e-01,-1.281156e-14,-4.998743e-01,-1.729030e-01,-1.554245e-15
172.6,435.0,-5.000000e-01,-5.316303e-15,7.071068e-01,-4.998743e-01,-3.616101e-16,1.729110e-01,-5.000000e-01,7.071068e-01,2.475942e-15,-4.998743e-01,1.729110e-01,-1.284695e-15,-5.000000e-01,4.225255e-15,-7.071068e-01,-4.998743e-01,-4.767700e-17,-1.729110e-01,-5.000000e-01,-7.071068e-01,-8.145510e-15,-4.998743e-01,-1.729110e-01,5.251407e-16
172.6,460.0,-5.000000e-01,2.526101e-14,7.071068e-01,-4.998743e-01,-1.721910e-16,1.729191e-01,-5.000000e-01,7.071068e-01,3.400205e-15,-4.998743e-01,1.729191e-01,1.885144e-15,-5.000000e-01,2.309348e-14,-7.071068e-01,-4.998743e-01,7.583102e-16,-1.729191e-01,-5.000000e-01,-7.071068e-01,-2.900818e-14,-4.998743e-01,-1.729191e-01,-2.394307e-15
172.6,485.0,-5.000000e-01,-1.223358e-14,7.071068e-01,-4.998744e-01,-5.189719e-15,1.729272e-01,-5.000000e-01,7.071068e-01,6.480772e-15,-4.998744e-01,1.729272e-01,3.467511e-15,-5.000000e-01,9.101657e-15,-7.071068e-01,-4.998744e-01,6.142037e-15,-1.729272e-01,-5.000000e-01,-7.071068e-01,2.293470e-15,-4.998744e-01,-1.729272e-01,-3.311230e-15
172.6,510.0,-5.000000e-01,-1.693766e-15,7.071068e-01,-4.998744e-01,-3.945181e-15,1.729353e-01,-5.000000e-01,7.071068e-01,6.016529e-15,-4.998744e-01,1.729353e-01,3.365404e-15,-5.000000e-01,1.467008e-14,-7.071068e-01,-4.998744e-01,4.182183e-15,-1.729353e-01,-5.000000e-01,-7.071068e-01,-7.078492e-15,-4.998744e-01,-1.729353e-01,-2.603175e-15
172.6,535.0,-5.000000e-01,3.358346e-14,7.071068e-01,-4.998744e-01,-4.207081e-15,1.729434e-01,-5.000000e-01,7.071068e-01,3.492906e-16,-4.998744e-01,1.729434e-01,1.918478e-14,-5.000000e-01,-9.041702e-15,-7.071068e-01,-4.998744e-01,5.264953e-15,-1.729434e-01,-5.000000e-01,-7.071068e-01,2.636511e-15,-4.998744e-01,-1.729434e-01,-1.962609e-14
172.6,560.0,-5.000000e-01,-1.155284e-14,7.071068e-01,-4.998744e-01,1.205528e-14,1.729516e-01,-5.000000e-01,7.071068e-01,1.992885e-14,-4.998744e-01,1.729516e-01,7.430096e-15,-5.000000e-01,-5.681792e-15,-7.071068e-01,-4.998744e-01,-1.154534e-14,-1.729516e-01,-5.000000e-01,-7.071068e-01,-1.927506e-14,-4.998744e-01,-1.729516e-01,-7.149176e-15
172.6,585.0,-5.000000e-01,3.420200e-14,7.071068e-01,-4.998744e-01,4.058660e-15,1.729598e-01,-5.000000e-01,7.071068e-01,-2.174444e-15,-4.998744e-01,1.729598e-01,-2.693333e-14,-5.000000e-01,-5.650410e-15,-7.071068e-01,-4.998744e-01,-2.319655e-15,-1.729598e-01,-5.000000e-01,-7.071068e-01,-3.475481e-15,-4.998744e-01,-1.729598e-01,2.703446e-14
172.6,610.0,-5.000000e-01,2.080249e-14,7.071068e-01,-4.998744e-01,-4.985955e-15,1.729681e-01,-5.000000e-01,7.071068e-01,5.297594e-15,-4.998744e-01,1.729681e-01,-4.817048e-15,-5.000000e-01,-1.769534e-14,-7.071068e-01,-4.998744e-01,4.634469e-15,-1.729681e-01,-5.000000e-01,-7.071068e-01,-1.530611e-14,-4.998744e-01,-1.729681e-01,4.483765e-15
172.6,635.0,-5.000000e-01,6.932767e-15,7.071068e-01,-4.998744e-01,-8.952855e-15,1.729764e-01,-5.000000e-01,7.071068e-01,2.247750e-14,-4.998744e-01,1.729764e-01,9.411658e-15,-5.000000e-01,-3.343067e-14,-7.071068e-01,-4.998744e-01,8.934452e-15,-1.729764e-01,-5.000000e-01,-7.071068e-01,-2.492620e-14,-4.998744e-01,-1.729764e-01,-9.615006e-15
172.6,660.0,-5.000000e-01,-3.484142e-15,7.071068e-01,-4.998744e-01,1.256173e-15,1.729847e-01,-5.000000e-01,7.071068e-01,8.129225e-15,-4.998744e-01,1.729847e-01,1.607383e-14,-5.000000e-01,8.826493e-15,-7.071068e-01,-4.998744e-01,-2.243005e-15,-1.729847e-01,-5.000000e-01,-7.071068e-01,-1.054051e-14,-4.998744e-01,-1.729847e-01,-3.383902e-14
172.6,685.0,-5.000000e-01,3.485060e-15,7.071068e-01,-4.998744e-01,-3.641128e-15,1.729931e-01,-5.000000e-01,7.071068e-01,6.756300e-15,-4.998744e-01,1.729931e-01,-3.086089e-15,-5.000000e-01,-3.283999e-15,-7.071068e-01,-4.998744e-01,3.913938e-15,-1.729931e-01,-5.000000e-01,-7.071068e-01,-7.210519e-15,-4.998744e-01,-1.729931e-01,4.351203e-15
172.6,710.0,-5.000000e-01,-4.697008e-16,7.071068e-01,-4.998744e-01,-1.166122e-14,1.730015e-01,-5.000000e-01,7.071068e-01,-2.476633e-15,-4.998744e-01,1.730015e-01,-5.479391e-15,-5.000000e-01,1.006502e-15,-7.071068e-01,-4.998744e-01,1.162232e-14,-1.730015e-01,-5.000000e-01,-7.071068e-01,3.811884e-16,-4.998744e-01,-1.730015e-01,6.007958e-15
172.6,735.0,-5.000000e-01,1.585593e-14,7.071068e-01,-4.998744e-01,2.060471e-15,1.730099e-01,-5.000000e-01,7.071068e-01,-6.113503e-15,-4.998744e-01,1.730099e-01,7.301726e-15,-5.000000e-01,-1.466375e-14,-7.071068e-01,-4.998744e-01,-1.554327e-15,-1.730099e-01,-5.000000e-01,-7.071068e-01,7.475877e-15,-4.998744e-01,-1.730099e-01,-6.984430e-15
172.6,760.0,-5.000000e-01,1.277247e-15,7.071068e-01,-4.998744e-01,-3.788714e-15,1.730183e-01,-5.000000e-01,7.071068e-01,-1.346733e-15,-4.998744e-01,1.730183e-01,-8.192630e-15,-5.000000e-01,-1.454642e-15,-7.071068e-01,-4.998744e-01,3.446502e-15,-1.730183e-01,-5.000000e-01,-7.071068e-01,-3.290068e-15,-4.998744e-01,-1.730183e-01,9.466839e-15
172.6,785.0,-5.000000e-01,-1.090763e-14,7.071068e-01,-4.998744e-01,7.852882e-16,1.730268e-01,-5.000000e-01,7.071068e-01,4.692685e-15,-4.998744e-01,1.730268e-01,8.449476e-15,-5.000000e-01,1.020164e-14,-7.071068e-01,-4.998744e-01,-5.614565e-16,-1.730268e-01,-5.000000e-01,-7.071068e-01,-8.668029e-15,-4.998744e-01,-1.730268e-01,-9.048759e-15
172.6,810.0,-5.000000e-01,-4.799324e-15,7.071068e-01,-4.998744e-01,3.357067e-15,1.730354e-01,-5.000000e-01,7.071068e-01,1.112039e-15,-4.998744e-01,1.730354e-01,-2.745136e-14,-5.000000e-01,7.088232e-15,-7.071068e-01,-4.998744e-01,7.075339e-16,-1.730354e-01,-5.000000e-01,-7.071068e-01,-1.388074e-14,-4.998744e-01,-1.730354e-01,-3.505297e-15
172.6,835.0,-5.000000e-01,9.496848e-15,7.071068e-01,-4.998744e-01,-4.259927e-15,1.730439e-01,-5.000000e-01,7.071068e-01,-1.768177e-15,-4.998744e-01,1.730439e-01,1.416241e-15,-5.000000e-01,-9.076464e-15,-7.071068e-01,-4.998744e-01,4.138974e-15,-1.730439e-01,-5.000000e-01,-7.071068e-01,-5.505632e-16,-4.998744e-01,-1.730439e-01,-1.310194e-15
172.6,860.0,-5.000000e-01,6.328210e-15,7.071068e-01,-4.998744e-01,-5.564215e-16,1.730525e-01,-5.000000e-01,7.071068e-01,-4.198120e-15,-4.998744e-01,1.730525e-01,2.257753e-15,-5.000000e-01,-6.376297e-15,-7.071068e-01,-4.998744e-01,8.072513e-16,-1.730525e-01,-5.000000e-01,-7.071068e-01,1.158804e-14,-4.998744e-01,-1.730525e-01,-2.079715e-15
172.6,885.0,-5.000000e-01,-1.460493e-15,7.071068e-01,-4.998744e-01,-8.294131e-15,1.730611e-01,-5.000000e-01,7.071068e-01,4.911212e-15,-4.998744e-01,1.730611e-01,6.209961e-15,-5.000000e-01,8.535351e-16,-7.071068e-01,-4.998744e-01,9.417993e-15,-1.730611e-01,-5.000000e-01,-7.071068e-01,-4.513725e-15,-4.998744e-01,-1.730611e-01,-1.039121e-14
175.1,10.0,-5.000000e-01,-3.380425e-15,7.071068e-01,-4.998753e-01,4.442109e-15,1.745891e-01,-5.000000e-01,7.071068e-01,-5.592594e-17,-4.998753e-01,1.745891e-01,-1.151026e-16,-5.000000e-01,4.119447e-15,-7.071068e-01,-4.998753e-01,-4.606427e-15,-1.745891e-01,-5.000000e-01,-7.071068e-01,-1.495087e-14,-4.998753e-01,-1.745891e-01,-2.576150e-17
175.1,35.0,-5.000000e-01,-1.243697e-14,7.071068e-01,-4.998754e-01,9.404200e-15,1.745962e-01,-5.000000e-01,7.071068e-01,4.145511e-15,-4.998754e-01,1.745962e-01,2.964794e-15,-5.000000e-01,2.270102e-14,-7.071068e-01,-4.998754e-01,-7.123987e-15,-1.745962e-01,-5.000000e-01,-7.071068e-01,2.052697e-14,-4.998754e-01,-1.745962e-01,-6.049312e-15
175.1,60.0,-5.000000e-01,1.376389e-14,7.071068e-01,-4.998754e-01,7.788941e-15,1.746033e-01,-5.000000e-01,7.071068e-01,3.175241e-14,-4.998754e-01,1.746033e-01,-3.965372e-15,-5.000000e-01,-1.391378e-14,-7.071068e-01,-4.998754e-01,-7.634194e-15,-1.746033e-01,-5.000000e-01,-7.071068e-01,-1.209298e-14,-4.998754e-01,-1.746033e-01,4.007484e-15
175.1,85.0,-5.000000e-01,5.535054e-15,7.071068e-01,-4.998754e-01,2.401815e-15,1.746104e-01,-5.000000e-01,7.071068e-01,-1.082626e-14,-4.998754e-01,1.746104e-01,8.329225e-16,-5.000000e-01,-5.002155e-15,-7.071068e-01,-4.998754e-01,-2.353521e-15,-1.746104e-01,-5.000000e-01,-7.071068e-01,-4.090766e-15,-4.998754e-01,-1.746104e-01,-1.423780e-16
175.1,110.0,-5.000000e-01,-4.708999e-14,7.071068e-01,-4.998754e-01,-1.530848e-15,1.746176e-01,-5.000000e-01,7.071068e-01,-4.466503e-14,-4.998754e-01,1.746176e-01,-7.692780e-15,-5.000000e-01,4.885935e-14,-7.071068e-01,-4.998754e-01,-6.128017e-16,-1.746176e-01,-5.000000e-01,-7.071068e-01,4.107925e-14,-4.998754e-01,-1.746176e-01,-9.303264e-15
175.1,135.0,-5.000000e-01,-9.792738e-15,7.071068e-01,-4.998754e-01,-3.570346e-15,1.746248e-01,-5.000000e-01,7.071068e-01,1.600008e-14,-4.998754e-01,1.746248e-01,3.629285e-15,-5.000000e-01,9.212554e-15,-7.071068e-01,-4.998754e-01,3.371363e-15,-1.746248e-01,-5.000000e-01,-7.071068e-01,-1.821419e-14,-4.998754e-01,-1.746248e-01,-3.875591e-15
175.1,160.0,-5.000000e-01,-1.492308e-14,7.071068e-01,-4.998754e-01,7.588844e-15,1.746320e-01,-5.000000e-01,7.071068e-01,3.046260e-15,-4.998754e-01,1.746320e-01,4.225391e-15,-5.000000e-01,1.526770e-14,-7.071068e-01,-4.998754e-01,-7.516296e-15,-1.746320e-01,-5.000000e-01,-7.071068e-01,4.892188e-15,-4.998754e-01,-1.746320e-01,-4.183276e-15
175.1,185.0,-5.000000e-01,7.860429e-15,7.071068e-01,-4.998754e-01,-8.377389e-18,1.746393e-01,-5.000000e-01,7.071068e-01,-1.395904e-14,-4.998754e-01,1.746393e-01,-3.125008e-16,-5.000000e-01,-8.348420e-15,-7.071068e-01,-4.998754e-01,-1.063048e-16,-1.746393e-01,-5.000000e-01,-7.071068e-01,-7.425829e-15,-4.998754e-01,-1.746393e-01,-9.175326e-16
175.1,210.0,-5.000000e-01,2.633791e-14,7.071068e-01,-4.998754e-01,5.274833e-15,1.746466e-01,-5.000000e-01,7.071068e-01,-2.345409e-14,-4.998754e-01,1.746466e-01,-3.447132e-16,-5.000000e-01,-2.888031e-14,-7.071068e-01,-4.998754e-01,-5.259760e-15,-1.746466e-01,-5.000000e-01,-7.071068e-01,4.686992e-16,-4.998754e-01,-1.746466e-01,-8.311000e-17
175.1,235.0,-5.000000e-01,2.537819e-15,7.071068e-01,-4.998754e-01,-2.312172e-15,1.746539e-01,-5.000000e-01,7.071068e-01,-5.548671e-15,-4.998754e-01,1.746539e-01,-1.502301e-14,-5.000000e-01,1.041053e-15,-7.071068e-01,-4.998754e-01,1.770447e-15,-1.746539e-01,-5.000000e-01,-7.071068e-01,-5.436198e-15,-4.998754e-01,-1.746539e-01,1.484015e-14
175.1,260.0,-5.000000e-01,1.189118e-13,7.071068e-01,-4.998754e-01,1.219020e-15,1.746612e-01,-5.000000e-01,7.071068e-01,-1.659884e-14,-4.998754e-01,1.746612e-01,-3.310172e-14,-5.000000e-01,-1.219157e-13,-7.071068e-01,-4.998754e-01,-2.270331e-15,-1.746612e-01,-5.000000e-01,-7.071068e-01,2.238386e-14,-4.998754e-01,-1.746612e-01,4.472994e-14
175.1,285.0,-5.000000e-01,2.454702e-16,7.071068e-01,-4.998754e-01,3.319110e-15,1.746686e-01,-5.000000e-01,7.071068e-01,-2.077754e-14,-4.998754e-01,1.746686e-01,6.768067e-16,-5.000000e-01,-4.555735e-15,-7.071068e-01,-4.998754e-01,-3.592469e-15,-1.746686e-01,-5.000000e-01,-7.071068e-01,4.148000e-15,-4.998754e-01,-1.746686e-01,-1.187963e-15
175.1,310.0,-5.000000e-01,4.237292e-15,7.071068e-01,-4.998754e-01,-7.534383e-15,1.746760e-01,-5.000000e-01,7.071068e-01,-6.266632e-15,-4.998754e-01,1.746760e-01,-1.153410e-15,-5.000000e-01,-4.645963e-15,-7.071068e-01,-4.998754e-01,7.327275e-15,-1.746760e-01,-5.000000e-01,-7.071068e-01,-2.764691e-14,-4.998754e-01,-1.746760e-01,9.621393e-16
175.1,335.0,-5.000000e-01,2.001162e-14,7.071068e-01,-4.998754e-01,-5.320910e-17,1.746835e-01,-5.000000e-01,7.071068e-01,5.915092e-14,-4.998754e-01,1.746835e-01,-1.817469e-15,-5.000000e-01,-2.257226e-14,-7.071068e-01,-4.998754e-01,-2.202243e-16,-1.746835e-01,-5.000000e-01,-7.071068e-01,-7.300609e-14,-4.998754e-01,-1.746835e-01,2.386819e-15
175.1,360.0,-5.000000e-01,-1.688014e-14,7.071068e-01,-4.998754e-01,2.784749e-17,1.746910e-01,-5.000000e-01,7.071068e-01,2.044946e-14,-4.998754e-01,1.746910e-01,-2.037544e-15,-5.000000e-01,1.593299e-14,-7.071068e-01,-4.998754e-01,-4.905772e-16,-1.746910e-01,-5.000000e-01,-7.071068e-01,-2.200706e-14,-4.998754e-01,-1.746910e-01,1.500013e-15
175.1,385.0,-5.000000e-01,7.873228e-15,7.071068e-01,-4.998754e-01,-2.653014e-16,1.746985e-01,-5.000000e-01,7.071068e-01,-3.688921e-14,-4.998754e-01,1.746985e-01,-1.940993e-15,-5.000000e-01,-1.043039e-14,-7.071068e-01,-4.998754e-01,-6.715974e-15,-1.746985e-01,-5.000000e-01,-7.071068e-01,-7.649044e-15,-4.998754e-01,-1.746985e-01,5.784968e-15
175.1,410.0,-5.000000e-01,3.942936e-14,7.071068e-01,-4.998754e-01,1.042723e-14,1.747060e-01,-5.000000e-01,7.071068e-01,-4.871733e-16,-4.998754e-01,1.747060e-01,-3.414656e-15,-5.000000e-01,-4.008761e-14,-7.071068e-01,-4.998754e-01,-1.048159e-14,-1.747060e-01,-5.000000e-01,-7.071068e-01,-1.785273e-14,-4.998754e-01,-1.747060e-01,3.555435e-15
175.1,435.0,-5.000000e-01,-4.051239e-15,7.071068e-01,-4.998754e-01,1.116177e-18,1.747136e-01,-5.000000e-01,7.071068e-01,-2.041699e-15,-4.998754e-01,1.747136e-01,6.930985e-15,-5.000000e-01,9.282564e-15,-7.071068e-01,-4.998754e-01,-5.640792e-17,-1.747136e-01,-5.000000e-01,-7.071068e-01,-1.045235e-14,-4.998754e-01,-1.747136e-01,-6.188880e-15
175.1,460.0,-5.000000e-01,-1.509159e-15,7.071068e-01,-4.998754e-01,7.877393e-15,1.747212e-01,-5.000000e-01,7.071068e-01,-6.553655e-15,-4.998754e-01,1.747212e-01,4.794815e-16,-5.000000e-01,1.965334e-15,-7.071068e-01,-4.998754e-01,-8.034401e-15,-1.747212e-01,-5.000000e-01,-7.071068e-01,2.483892e-15,-4.998754e-01,-1.747212e-01,6.276719e-16
175.1,485.0,-5.000000e-01,4.357970e-15,7.071068e-01,-4.998754e-01,4.234004e-15,1.747288e-01,-5.000000e-01,7.071068e-01,-3.560785e-17,-4.998754e-01,1.747288e-01,-2.206659e-15,-5.000000e-01,-3.075668e-15,-7.071068e-01,-4.998754e-01,-4.545740e-15,-1.747288e-01,-5.000000e-01,-7.071068e-01,-5.732864e-15,-4.998754e-01,-1.747288e-01,2.371108e-15
175.1,510.0,-5.000000e-01,-4.252578e-16,7.071068e-01,-4.998754e-01,-1.077962e-14,1.747365e-01,-5.000000e-01,7.071068e-01,1.847759e-14,-4.998754e-01,1.747365e-01,2.528905e-15,-5.000000e-01,1.972134e-15,-7.071068e-01,-4.998754e-01,1.119937e-14,-1.747365e-01,-5.000000e-01,-7.071068e-01,-1.397063e-14,-4.998754e-01,-1.747365e-01,-1.995323e-15
175.1,535.0,-5.000000e-01,-2.549656e-15,7.071068e-01,-4.998754e-01,1.459824e-14,1.747442e-01,-5.000000e-01,7.071068e-01,-7.016003e-15,-4.998754e-01,1.747442e-01,2.049974e-16,-5.000000e-01,4.662348e-15,-7.071068e-01,-4.998754e-01,-1.426674e-14,-1.747442e-01,-5.000000e-01,-7.071068e-01,2.545091e-14,-4.998754e-01,-1.747442e-01,5.292556e-16
175.1,560.0,-5.000000e-01,7.053277e-15,7.071068e-01,-4.998754e-01,-5.063732e-15,1.747519e-01,-5.000000e-01,7.071068e-01,-2.043281e-14,-4.998754e-01,1.747519e-01,-2.394271e-15,-5.000000e-01,-5.733648e-15,-7.071068e-01,-4.998754e-01,5.007233e-15,-1.747519e-01,-5.000000e-01,-7.071068e-01,9.230124e-15,-4.998754e-01,-1.747519e-01,2.385291e-15
175.1,585.0,-5.000000e-01,-2.136576e-15,7.071068e-01,-4.998754e-01,-9.202341e-15,1.747596e-01,-5.000000e-01,7.071068e-01,-4.837262e-15,-4.998754e-01,1.747596e-01,-6.687458e-15,-5.000000e-01,2.014924e-15,-7.071068e-01,-4.998754e-01,8.463210e-15,-1.747596e-01,-5.000000e-01,-7.071068e-01,-1.608671e-14,-4.998754e-01,-1.747596e-01,-4.389149e-15
175.1,610.0,-5.000000e-01,-6.099828e-15,7.071068e-01,-4.998754e-01,5.728260e-15,1.747674e-01,-5.000000e-01,7.071068e-01,-6.413060e-14,-4.998754e-01,1.747674e-01,2.441787e-14,-5.000000e-01,4.487678e-15,-7.071068e-01,-4.998754e-01,-6.002492e-15,-1.747674e-01,-5.000000e-01,-7.071068e-01,3.233989e-14,-4.998754e-01,-1.747674e-01,-2.480431e-14
175.1,635.0,-5.000000e-01,-8.902494e-15,7.071068e-01,-4.998754e-01,1.045684e-14,1.747753e-01,-5.000000e-01,7.071068e-01,-1.741882e-14,-4.998754e-01,1.747753e-01,2.582699e-15,-5.000000e-01,9.533469e-15,-7.071068e-01,-4.998754e-01,-1.017529e-14,-1.747753e-01,-5.000000e-01,-7.071068e-01,-1.896961e-14,-4.998754e-01,-1.747753e-01,-2.415374e-15
175.1,660.0,-5.000000e-01,2.943750e-14,7.071068e-01,-4.998754e-01,1.366931e-14,1.747831e-01,-5.000000e-01,7.071068e-01,1.298442e-14,-4.998754e-01,1.747831e-01,4.027693e-15,-5.000000e-01,-2.630353e-14,-7.071068e-01,-4.998754e-01,-1.345691e-14,-1.747831e-01,-5.000000e-01,-7.071068e-01,5.950407e-15,-4.998754e-01,-1.747831e-01,-3.852735e-15
175.1,685.0,-5.000000e-01,-2.563738e-14,7.071068e-01,-4.998754e-01,-1.476063e-14,1.747910e-01,-5.000000e-01,7.071068e-01,-6.040448e-15,-4.998754e-01,1.747910e-01,7.214536e-16,-5.000000e-01,2.447357e-14,-7.071068e-01,-4.998754e-01,1.466016e-14,-1.747910e-01,-5.000000e-01,-7.071068e-01,-8.044775e-15,-4.998754e-01,-1.747910e-01,-7.839742e-16
175.1,710.0,-5.000000e-01,-8.107397e-15,7.071068e-01,-4.998754e-01,2.302508e-14,1.747989e-01,-5.000000e-01,7.071068e-01,-1.082730e-14,-4.998754e-01,1.747989e-01,7.434885e-16,-5.000000e-01,8.869142e-15,-7.071068e-01,-4.998754e-01,-2.292421e-14,-1.747989e-01,-5.000000e-01,-7.071068e-01,2.059996e-14,-4.998754e-01,-1.747989e-01,-1.239017e-16
175.1,735.0,-5.000000e-01,9.307587e-15,7.071068e-01,-4.998754e-01,-6.870226e-15,1.748069e-01,-5.000000e-01,7.071068e-01,-4.783646e-15,-4.998754e-01,1.748069e-01,1.867360e-14,-5.000000e-01,-2.672607e-14,-7.071068e-01,-4.998754e-01,-1.741651e-15,-1.748069e-01,-5.000000e-01,-7.071068e-01,1.396964e-15,-4.998754e-01,-1.748069e-01,-1.917751e-14
175.1,760.0,-5.000000e-01,-3.885972e-15,7.071068e-01,-4.998754e-01,-7.412667e-15,1.748149e-01,-5.000000e-01,7.071068e-01,7.870404e-15,-4.998754e-01,1.748149e-01,8.592971e-15,-5.000000e-01,5.142986e-15,-7.071068e-01,-4.998754e-01,-4.628818e-16,-1.748149e-01,-5.000000e-01,-7.071068e-01,-1.300930e-14,-4.998754e-01,-1.748149e-01,-8.891910e-15
175.1,785.0,-5.000000e-01,-2.398220e-15,7.071068e-01,-4.998754e-01,1.310431e-14,1.748229e-01,-5.000000e-01,7.071068e-01,3.183333e-15,-4.998754e-01,1.748229e-01,1.666628e-14,-5.000000e-01,1.251287e-14,-7.071068e-01,-4.998754e-01,1.682742e-14,-1.748229e-01,-5.000000e-01,-7.071068e-01,-3.944527e-15,-4.998754e-01,-1.748229e-01,-1.687918e-14
175.1,810.0,-5.000000e-01,3.016543e-14,7.071068e-01,-4.998754e-01,2.502037e-14,1.748309e-01,-5.000000e-01,7.071068e-01,-2.846976e-14,-4.998754e-01,1.748309e-01,-7.386976e-16,-5.000000e-01,-8.100871e-14,-7.071068e-01,-4.998754e-01,-1.619561e-14,-1.748309e-01,-5.000000e-01,-7.071068e-01,2.566730e-14,-4.998754e-01,-1.748309e-01,1.300552e-16
175.1,835.0,-5.000000e-01,-8.235446e-15,7.071068e-01,-4.998754e-01,4.487864e-15,1.748390e-01,-5.000000e-01,7.071068e-01,-2.609868e-15,-4.998754e-01,1.748390e-01,2.842642e-16,-5.000000e-01,-6.510050e-15,-7.071068e-01,-4.998754e-01,-5.156460e-15,-1.748390e-01,-5.000000e-01,-7.071068e-01,6.480453e-15,-4.998754e-01,-1.748390e-01,-2.583181e-16
175.1,860.0,-5.000000e-01,5.125749e-15,7.071068e-01,-4.998754e-01,7.067020e-15,1.748471e-01,-5.000000e-01,7.071068e-01,-2.026957e-14,-4.998754e-01,1.748471e-01,-2.090184e-14,-5.000000e-01,-2.879843e-14,-7.071068e-01,-4.998754e-01,-8.795386e-15,-1.748471e-01,-5.000000e-01,-7.071068e-01,1.794081e-14,-4.998754e-01,-1.748471e-01,2.142292e-14
175.1,885.0,-5.000000e-01,5.988187e-15,7.071068e-01,-4.998754e-01,3.860545e-15,1.748553e-01,-5.000000e-01,7.071068e-01,-4.525129e-15,-4.998754e-01,1.748553e-01,-6.488338e-15,-5.000000e-01,-5.770435e-15,-7.071068e-01,-4.998754e-01,-4.628735e-15,-1.748553e-01,-5.000000e-01,-7.071068e-01,6.636558e-15,-4.998754e-01,-1.748553e-01,5.698376e-15
177.6,10.0,-5.000000e-01,1.139243e-14,7.071068e-01,-4.998763e-01,1.831127e-15,1.763827e-01,-5.000000e-01,7.071068e-01,-1.357073e-14,-4.998763e-01,1.763827e-01,-2.680758e-15,-5.000000e-01,-1.064248e-14,-7.071068e-01,-4.998763e-01,-1.946284e-15,-1.763827e-01,-5.000000e-01,-7.071068e-01,1.235175e-14,-4.998763e-01,-1.763827e-01,2.356176e-15
177.6,35.0,-5.000000e-01,2.137047e-14,7.071068e-01,-4.998763e-01,2.125198e-14,1.763894e-01,-5.000000e-01,7.071068e-01,1.076590e-14,-4.998763e-01,1.763894e-01,-4.854953e-15,-5.000000e-01,-2.109702e-14,-7.071068e-01,-4.998763e-01,-2.091827e-14,-1.763894e-01,-5.000000e-01,-7.071068e-01,9.217256e-15,-4.998763e-01,-1.763894e-01,5.671700e-15
177.6,60.0,-5.000000e-01,-1.770767e-15,7.071068e-01,-4.998763e-01,4.383126e-15,1.763961e-01,-5.000000e-01,7.071068e-01,-1.348368e-15,-4.998763e-01,1.763961e-01,1.883268e-15,-5.000000e-01,3.376911e-15,-7.071068e-01,-4.998763e-01,-1.566769e-15,-1.763961e-01,-5.000000e-01,-7.071068e-01,9.719482e-15,-4.998763e-01,-1.763961e-01,-3.177768e-16
177.6,85.0,-5.000000e-01,1.887099e-14,7.071068e-01,-4.998763e-01,-1.583545e-14,1.764027e-01,-5.000000e-01,7.071068e-01,1.894811e-14,-4.998763e-01,1.764027e-01,-3.119455e-15,-5.000000e-01,-2.331099e-14,-7.071068e-01,-4.998763e-01,1.441469e-14,-1.764027e-01,-5.000000e-01,-7.071068e-01,1.007585e-14,-4.998763e-01,-1.764027e-01,3.705264e-15
177.6,110.0,-5.000000e-01,-7.974468e-15,7.071068e-01,-4.998763e-01,1.406116e-15,1.764095e-01,-5.000000e-01,7.071068e-01,-3.087673e-15,-4.998763e-01,1.764095e-01,1.870464e-15,-5.000000e-01,8.014791e-15,-7.071068e-01,-4.998763e-01,-1.133677e-15,-1.764095e-01,-5.000000e-01,-7.071068e-01,-3.933220e-15,-4.998763e-01,-1.764095e-01,-2.171729e-15
177.6,135.0,-5.000000e-01,8.662806e-16,7.071068e-01,-4.998763e-01,1.455135e-14,1.764162e-01,-5.000000e-01,7.071068e-01,-1.569510e-14,-4.998763e-01,1.764162e-01,1.119626e-16,-5.000000e-01,-1.387688e-15,-7.071068e-01,-4.998763e-01,-1.477408e-14,-1.764162e-01,-5.000000e-01,-7.071068e-01,-1.431374e-15,-4.998763e-01,-1.764162e-01,9.298420e-17
177.6,160.0,-5.000000e-01,8.166747e-15,7.071068e-01,-4.998763e-01,-1.986818e-14,1.764230e-01,-5.000000e-01,7.071068e-01,-1.996709e-14,-4.998763e-01,1.764230e-01,-3.682228e-15,-5.000000e-01,-9.188014e-15,-7.071068e-01,-4.998763e-01,1.969125e-14,-1.764230e-01,-5.000000e-01,-7.071068e-01,3.282176e-14,-4.998763e-01,-1.764230e-01,3.581730e-15
177.6,185.0,-5.000000e-01,2.767711e-15,7.071068e-01,-4.998764e-01,-4.006271e-15,1.764298e-01,-5.000000e-01,7.071068e-01,5.992776e-15,-4.998764e-01,1.764298e-01,2.716114e-15,-5.000000e-01,-5.636930e-15,-7.071068e-01,-4.998764e-01,4.192201e-15,-1.764298e-01,-5.000000e-01,-7.071068e-01,-1.238751e-14,-4.998764e-01,-1.764298e-01,-2.268420e-15
177.6,210.0,-5.000000e-01,1.946340e-15,7.071068e-01,-4.998764e-01,-1.005680e-15,1.764367e-01,-5.000000e-01,7.071068e-01,6.008908e-15,-4.998764e-01,1.764367e-01,-1.395207e-15,-5.000000e-01,-4.339659e-15,-7.071068e-01,-4.998764e-01,9.963420e-16,-1.764367e-01,-5.000000e-01,-7.071068e-01,-1.947715e-14,-4.998764e-01,-1.764367e-01,4.497618e-16
177.6,235.0,-5.000000e-01,3.610756e-15,7.071068e-01,-4.998764e-01,1.361530e-15,1.764435e-01,-5.000000e-01,7.071068e-01,-1.244918e-14,-4.998764e-01,1.764435e-01,-3.233036e-15,-5.000000e-01,-4.222858e-15,-7.071068e-01,-4.998764e-01,-1.387789e-15,-1.764435e-01,-5.000000e-01,-7.071068e-01,-5.491180e-15,-4.998764e-01,-1.764435e-01,3.267622e-15
177.6,260.0,-5.000000e-01,1.387349e-15,7.071068e-01,-4.998764e-01,-1.091252e-14,1.764504e-01,-5.000000e-01,7.071068e-01,2.837879e-14,-4.998764e-01,1.764504e-01,-1.086239e-15,-5.000000e-01,1.900087e-15,-7.071068e-01,-4.998764e-01,1.053173e-14,-1.764504e-01,-5.000000e-01,-7.071068e-01,-1.923284e-14,-4.998764e-01,-1.764504e-01,1.154103e-15
177.6,285.0,-5.000000e-01,-1.651061e-15,7.071068e-01,-4.998764e-01,-5.120143e-15,1.764574e-01,-5.000000e-01,7.071068e-01,1.375846e-14,-4.998764e-01,1.764574e-01,-1.974838e-15,-5.000000e-01,-8.272258e-16,-7.071068e-01,-4.998764e-01,4.066086e-15,-1.764574e-01,-5.000000e-01,-7.071068e-01,-3.394611e-14,-4.998764e-01,-1.764574e-01,1.669892e-15
177.6,310.0,-5.000000e-01,-9.141698e-15,7.071068e-01,-4.998764e-01,-2.666690e-15,1.764643e-01,-5.000000e-01,7.071068e-01,-3.604646e-15,-4.998764e-01,1.764643e-01,7.380359e-17,-5.000000e-01,6.739426e-15,-7.071068e-01,-4.998764e-01,-2.587600e-15,-1.764643e-01,-5.000000e-01,-7.071068e-01,-4.057586e-15,-4.998764e-01,-1.764643e-01,-5.386034e-15
177.6,335.0,-5.000000e-01,-2.238409e-14,7.071068e-01,-4.998764e-01,3.241970e-15,1.764713e-01,-5.000000e-01,7.071068e-01,-2.422987e-14,-4.998764e-01,1.764713e-01,-7.195533e-15,-5.000000e-01,1.312171e-14,-7.071068e-01,-4.998764e-01,-1.359100e-15,-1.764713e-01,-5.000000e-01,-7.071068e-01,2.561581e-14,-4.998764e-01,-1.764713e-01,-7.026507e-15
177.6,360.0,-5.000000e-01,-1.395637e-13,7.071068e-01,-4.998764e-01,3.601498e-15,1.764783e-01,-5.000000e-01,7.071068e-01,7.697718e-14,-4.998764e-01,1.764783e-01,6.451014e-14,-5.000000e-01,1.382555e-13,-7.071068e-01,-4.998764e-01,-4.292882e-15,-1.764783e-01,-5.000000e-01,-7.071068e-01,-7.286312e-14,-4.998764e-01,-1.764783e-01,-6.839087e-14
177.6,385.0,-5.000000e-01,-1.875242e-14,7.071068e-01,-4.998764e-01,2.671635e-15,1.764854e-01,-5.000000e-01,7.071068e-01,1.320305e-14,-4.998764e-01,1.764854e-01,4.666754e-15,-5.000000e-01,1.738689e-14,-7.071068e-01,-4.998764e-01,-5.404661e-15,-1.764854e-01,-5.000000e-01,-7.071068e-01,1.442350e-14,-4.998764e-01,-1.764854e-01,-3.285542e-15
177.6,410.0,-5.000000e-01,7.959525e-15,7.071068e-01,-4.998764e-01,-7.432258e-15,1.764925e-01,-5.000000e-01,7.071068e-01,2.221375e-14,-4.998764e-01,1.764925e-01,-4.847095e-15,-5.000000e-01,-9.079012e-15,-7.071068e-01,-4.998764e-01,7.761694e-15,-1.764925e-01,-5.000000e-01,-7.071068e-01,-2.841693e-14,-4.998764e-01,-1.764925e-01,3.882284e-15
177.6,435.0,-5.000000e-01,-2.948927e-14,7.071068e-01,-4.998764e-01,-9.010040e-15,1.764996e-01,-5.000000e-01,7.071068e-01,4.606918e-14,-4.998764e-01,1.764996e-01,8.500429e-15,-5.000000e-01,2.199161e-14,-7.071068e-01,-4.998764e-01,9.136918e-15,-1.764996e-01,-5.000000e-01,-7.071068e-01,-9.636872e-15,-4.998764e-01,-1.764996e-01,-7.892460e-15
177.6,460.0,-5.000000e-01,4.079687e-15,7.071068e-01,-4.998764e-01,3.630282e-14,1.765067e-01,-5.000000e-01,7.071068e-01,-7.390634e-15,-4.998764e-01,1.765067e-01,3.855346e-14,-5.000000e-01,-1.096449e-15,-7.071068e-01,-4.998764e-01,-3.615777e-14,-1.765067e-01,-5.000000e-01,-7.071068e-01,2.039512e-14,-4.998764e-01,-1.765067e-01,-3.845777e-14
177.6,485.0,-5.000000e-01,-1.427010e-14,7.071068e-01,-4.998764e-01,-6.936638e-15,1.765139e-01,-5.000000e-01,7.071068e-01,-2.338707e-14,-4.998764e-01,1.765139e-01,2.168299e-16,-5.000000e-01,1.377362e-14,-7.071068e-01,-4.998764e-01,7.242412e-15,-1.765139e-01,-5.000000e-01,-7.071068e-01,3.305990e-14,-4.998764e-01,-1.765139e-01,-3.826864e-16
177.6,510.0,-5.000000e-01,5.402356e-15,7.071068e-01,-4.998764e-01,1.117311e-15,1.765211e-01,-5.000000e-01,7.071068e-01,1.291364e-15,-4.998764e-01,1.765211e-01,-2.118204e-15,-5.000000e-01,-4.688837e-15,-7.071068e-01,-4.998764e-01,-1.132006e-15,-1.765211e-01,-5.000000e-01,-7.071068e-01,1.647744e-14,-4.998764e-01,-1.765211e-01,1.519500e-15
177.6,535.0,-5.000000e-01,-2.459251e-15,7.071068e-01,-4.998764e-01,5.525114e-15,1.765283e-01,-5.000000e-01,7.071068e-01,-1.642591e-14,-4.998764e-01,1.765283e-01,1.904758e-15,-5.000000e-01,3.862172e-15,-7.071068e-01,-4.998764e-01,-6.809884e-15,-1.765283e-01,-5.000000e-01,-7.071068e-01,8.106292e-15,-4.998764e-01,-1.765283e-01,-3.178475e-15
177.6,560.0,-5.000000e-01,-4.576717e-16,7.071068e-01,-4.998764e-01,-2.091482e-15,1.765356e-01,-5.000000e-01,7.071068e-01,-1.659063e-14,-4.998764e-01,1.765356e-01,-5.818111e-16,-5.000000e-01,1.081527e-15,-7.071068e-01,-4.998764e-01,1.905325e-15,-1.765356e-01,-5.000000e-01,-7.071068e-01,-5.713393e-15,-4.998764e-01,-1.765356e-01,1.389139e-16
177.6,585.0,-5.000000e-01,1.400901e-14,7.071068e-01,-4.998764e-01,-9.679702e-15,1.765429e-01,-5.000000e-01,7.071068e-01,-1.865109e-14,-4.998764e-01,1.765429e-01,-9.716550e-15,-5.000000e-01,-1.426769e-14,-7.071068e-01,-4.998764e-01,9.244398e-15,-1.765429e-01,-5.000000e-01,-7.071068e-01,-1.087358e-14,-4.998764e-01,-1.765429e-01,9.727781e-15
177.6,610.0,-5.000000e-01,-2.841936e-14,7.071068e-01,-4.998764e-01,-2.577475e-14,1.765502e-01,-5.000000e-01,7.071068e-01,3.256434e-14,-4.998764e-01,1.765502e-01,7.757024e-15,-5.000000e-01,2.763007e-14,-7.071068e-01,-4.998764e-01,2.622118e-14,-1.765502e-01,-5.000000e-01,-7.071068e-01,-3.082556e-14,-4.998764e-01,-1.765502e-01,-7.798422e-15
177.6,635.0,-5.000000e-01,-7.728384e-15,7.071068e-01,-4.998764e-01,-2.387527e-15,1.765576e-01,-5.000000e-01,7.071068e-01,6.489055e-15,-4.998764e-01,1.765576e-01,5.325244e-15,-5.000000e-01,5.934541e-15,-7.071068e-01,-4.998764e-01,1.253062e-15,-1.765576e-01,-5.000000e-01,-7.071068e-01,1.659792e-14,-4.998764e-01,-1.765576e-01,2.451797e-15
177.6,660.0,-5.000000e-01,-6.065772e-15,7.071068e-01,-4.998764e-01,-6.659628e-15,1.765650e-01,-5.000000e-01,7.071068e-01,1.621134e-14,-4.998764e-01,1.765650e-01,4.991796e-15,-5.000000e-01,1.282832e-14,-7.071068e-01,-4.998764e-01,7.333314e-15,-1.765650e-01,-5.000000e-01,-7.071068e-01,-5.714927e-15,-4.998764e-01,-1.765650e-01,-5.434843e-15
177.6,685.0,-5.000000e-01,-2.739137e-15,7.071068e-01,-4.998764e-01,8.387346e-15,1.765724e-01,-5.000000e-01,7.071068e-01,5.042366e-14,-4.998764e-01,1.765724e-01,-2.134248e-15,-5.000000e-01,1.911655e-15,-7.071068e-01,-4.998764e-01,-8.414353e-15,-1.765724e-01,-5.000000e-01,-7.071068e-01,-1.210026e-14,-4.998764e-01,-1.765724e-01,2.116908e-15
177.6,710.0,-5.000000e-01,-5.381070e-15,7.071068e-01,-4.998764e-01,-8.524007e-15,1.765798e-01,-5.000000e-01,7.071068e-01,-1.091070e-14,-4.998764e-01,1.765798e-01,2.236366e-15,-5.000000e-01,9.100233e-15,-7.071068e-01,-4.998764e-01,7.990789e-15,-1.765798e-01,-5.000000e-01,-7.071068e-01,-1.939257e-14,-4.998764e-01,-1.765798e-01,-2.159617e-15
177.6,735.0,-5.000000e-01,1.618261e-15,7.071068e-01,-4.998764e-01,1.811346e-15,1.765873e-01,-5.000000e-01,7.071068e-01,-8.204048e-15,-4.998764e-01,1.765873e-01,-2.752716e-16,-5.000000e-01,-5.763491e-15,-7.071068e-01,-4.998764e-01,-2.493360e-15,-1.765873e-01,-5.000000e-01,-7.071068e-01,4.698354e-16,-4.998764e-01,-1.765873e-01,-2.054126e-16
177.6,760.0,-5.000000e-01,6.728541e-14,7.071068e-01,-4.998764e-01,5.155425e-15,1.765948e-01,-5.000000e-01,7.071068e-01,8.571918e-14,-4.998764e-01,1.765948e-01,7.385601e-15,-5.000000e-01,-6.849363e-14,-7.071068e-01,-4.998764e-01,-4.901638e-15,-1.765948e-01,-5.000000e-01,-7.071068e-01,-8.890482e-14,-4.998764e-01,-1.765948e-01,-8.405781e-15
177.6,785.0,-5.000000e-01,1.111541e-14,7.071068e-01,-4.998764e-01,-8.777356e-16,1.766024e-01,-5.000000e-01,7.071068e-01,2.196040e-15,-4.998764e-01,1.766024e-01,-9.065552e-15,-5.000000e-01,-7.432981e-15,-7.071068e-01,-4.998764e-01,1.139739e-15,-1.766024e-01,-5.000000e-01,-7.071068e-01,-4.875210e-14,-4.998764e-01,-1.766024e-01,8.302839e-15
177.6,810.0,-5.000000e-01,-5.967709e-15,7.071068e-01,-4.998764e-01,-3.948091e-16,1.766100e-01,-5.000000e-01,7.071068e-01,-1.159864e-14,-4.998764e-01,1.766100e-01,1.473693e-16,-5.000000e-01,5.743444e-15,-7.071068e-01,-4.998764e-01,-4.419389e-16,-1.766100e-01,-5.000000e-01,-7.071068e-01,-1.564117e-14,-4.998764e-01,-1.766100e-01,4.286470e-17
177.6,835.0,-5.000000e-01,7.384528e-15,7.071068e-01,-4.998764e-01,-5.281309e-15,1.766176e-01,-5.000000e-01,7.071068e-01,-5.726160e-15,-4.998764e-01,1.766176e-01,-7.975017e-16,-5.000000e-01,-5.272151e-15,-7.071068e-01,-4.998764e-01,5.271267e-15,-1.766176e-01,-5.000000e-01,-7.071068e-01,-1.248672e-14,-4.998764e-01,-1.766176e-01,9.095161e-16
177.6,860.0,-5.000000e-01,1.764286e-14,7.071068e-01,-4.998764e-01,-2.156820e-16,1.766252e-01,-5.000000e-01,7.071068e-01,1.265166e-14,-4.998764e-01,1.766252e-01,-2.953413e-15,-5.000000e-01,-1.201071e-15,-7.071068e-01,-4.998764e-01,3.363591e-16,-1.766252e-01,-5.000000e-01,-7.071068e-01,-5.638672e-14,-4.998764e-01,-1.766252e-01,2.212923e-15
177.6,885.0,-5.000000e-01,4.873233e-15,7.071068e-01,-4.998764e-01,4.527565e-15,1.766329e-01,-5.000000e-01,7.071068e-01,-4.724921e-14,-4.998764e-01,1.766329e-01,1.966593e-14,-5.000000e-01,5.096553e-15,-7.071068e-01,-4.998764e-01,-3.616785e-15,-1.766329e-01,-5.000000e-01,-7.071068e-01,-4.517097e-15,-4.998764e-01,-1.766329e-01,-1.965422e-14
180.1,10.0,-5.000000e-01,-1.127377e-14,7.071068e-01,-4.998773e-01,-3.910249e-15,1.781596e-01,-5.000000e-01,7.071068e-01,3.209858e-15,-4.998773e-01,1.781596e-01,4.567495e-15,-5.000000e-01,1.336983e-14,-7.071068e-01,-4.998773e-01,3.898322e-15,-1.781596e-01,-5.000000e-01,-7.071068e-01,9.462587e-15,-4.998773e-01,-1.781596e-01,-3.137423e-15
180.1,35.0,-5.000000e-01,-3.174281e-15,7.071068e-01,-4.998773e-01,-1.362090e-14,1.781658e-01,-5.000000e-01,7.071068e-01,-4.834162e-14,-4.998773e-01,1.781658e-01,-7.160267e-15,-5.000000e-01,4.805891e-15,-7.071068e-01,-4.998773e-01,1.091781e-14,-1.781658e-01,-5.000000e-01,-7.071068e-01,3.761306e-14,-4.998773e-01,-1.781658e-01,-8.597940e-15
180.1,60.0,-5.000000e-01,2.001571e-14,7.071068e-01,-4.998773e-01,-2.032870e-14,1.781720e-01,-5.000000e-01,7.071068e-01,-1.221672e-14,-4.998773e-01,1.781720e-01,8.857905e-15,-5.000000e-01,-2.086135e-14,-7.071068e-01,-4.998773e-01,1.987013e-14,-1.781720e-01,-5.000000e-01,-7.071068e-01,1.382543e-14,-4.998773e-01,-1.781720e-01,-8.904691e-15
180.1,85.0,-5.000000e-01,-2.189478e-13,7.071068e-01,-4.998773e-01,6.944971e-14,1.781783e-01,-5.000000e-01,7.071068e-01,-3.958871e-14,-4.998773e-01,1.781783e-01,1.202218e-13,-5.000000e-01,2.323111e-13,-7.071068e-01,-4.998773e-01,-6.918409e-14,-1.781783e-01,-5.000000e-01,-7.071068e-01,4.554543e-14,-4.998773e-01,-1.781783e-01,-1.261169e-13
180.1,110.0,-5.000000e-01,-3.542887e-15,7.071068e-01,-4.998773e-01,-7.593475e-15,1.781846e-01,-5.000000e-01,7.071068e-01,-3.553983e-15,-4.998773e-01,1.781846e-01,4.084917e-15,-5.000000e-01,2.600470e-15,-7.071068e-01,-4.998773e-01,7.617744e-15,-1.781846e-01,-5.000000e-01,-7.071068e-01,1.267228e-14,-4.998773e-01,-1.781846e-01,-4.520004e-15
180.1,135.0,-5.000000e-01,9.011983e-15,7.071068e-01,-4.998773e-01,-5.515993e-15,1.781909e-01,-5.000000e-01,7.071068e-01,1.777306e-15,-4.998773e-01,1.781909e-01,-5.626535e-15,-5.000000e-01,-7.503530e-15,-7.071068e-01,-4.998773e-01,3.940428e-15,-1.781909e-01,-5.000000e-01,-7.071068e-01,-1.820832e-14,-4.998773e-01,-1.781909e-01,3.121058e-15
180.1,160.0,-5.000000e-01,1.615940e-14,7.071068e-01,-4.998773e-01,-1.820925e-15,1.781972e-01,-5.000000e-01,7.071068e-01,8.029933e-15,-4.998773e-01,1.781972e-01,-3.836062e-15,-5.000000e-01,-1.523852e-14,-7.071068e-01,-4.998773e-01,1.286299e-15,-1.781972e-01,-5.000000e-01,-7.071068e-01,2.617426e-14,-4.998773e-01,-1.781972e-01,3.859487e-15
180.1,185.0,-5.000000e-01,-7.709066e-15,7.071068e-01,-4.998773e-01,-1.482376e-14,1.782036e-01,-5.000000e-01,7.071068e-01,3.019959e-14,-4.998773e-01,1.782036e-01,2.514343e-16,-5.000000e-01,6.471955e-15,-7.071068e-01,-4.998773e-01,1.464879e-14,-1.782036e-01,-5.000000e-01,-7.071068e-01,-2.975266e-14,-4.998773e-01,-1.782036e-01,1.985325e-16
180.1,210.0,-5.000000e-01,-4.140674e-15,7.071068e-01,-4.998773e-01,-6.229995e-15,1.782100e-01,-5.000000e-01,7.071068e-01,3.862753e-14,-4.998773e-01,1.782100e-01,-9.690272e-15,-5.000000e-01,-1.186982e-14,-7.071068e-01,-4.998773e-01,6.173300e-15,-1.782100e-01,-5.000000e-01,-7.071068e-01,-2.759584e-14,-4.998773e-01,-1.782100e-01,1.015606e-14
180.1,235.0,-5.000000e-01,-6.206825e-15,7.071068e-01,-4.998773e-01,-1.437062e-14,1.782164e-01,-5.000000e-01,7.071068e-01,4.211841e-15,-4.998773e-01,1.782164e-01,4.584037e-15,-5.000000e-01,4.920903e-15,-7.071068e-01,-4.998773e-01,1.415515e-14,-1.782164e-01,-5.000000e-01,-7.071068e-01,-3.217847e-14,-4.998773e-01,-1.782164e-01,-5.424831e-15
180.1,260.0,-5.000000e-01,2.095945e-14,7.071068e-01,-4.998773e-01,3.312606e-15,1.782228e-01,-5.000000e-01,7.071068e-01,3.802537e-15,-4.998773e-01,1.782228e-01,-3.604457e-15,-5.000000e-01,-1.720449e-14,-7.071068e-01,-4.998773e-01,-3.581859e-15,-1.782228e-01,-5.000000e-01,-7.071068e-01,-3.209872e-15,-4.998773e-01,-1.782228e-01,2.846024e-15
180.1,285.0,-5.000000e-01,-2.398868e-15,7.071068e-01,-4.998773e-01,1.364204e-14,1.782293e-01,-5.000000e-01,7.071068e-01,-8.886072e-15,-4.998773e-01,1.782293e-01,-3.067948e-15,-5.000000e-01,9.995068e-16,-7.071068e-01,-4.998773e-01,-1.342942e-14,-1.782293e-01,-5.000000e-01,-7.071068e-01,-5.983728e-15,-4.998773e-01,-1.782293e-01,3.099615e-15
180.1,310.0,-5.000000e-01,4.680766e-15,7.071068e-01,-4.998773e-01,3.528079e-15,1.782358e-01,-5.000000e-01,7.071068e-01,-1.400710e-14,-4.998773e-01,1.782358e-01,-1.191343e-15,-5.000000e-01,-6.200304e-15,-7.071068e-01,-4.998773e-01,-3.455986e-15,-1.782358e-01,-5.000000e-01,-7.071068e-01,-1.263965e-14,-4.998773e-01,-1.782358e-01,1.218220e-16
180.1,335.0,-5.000000e-01,-6.518779e-15,7.071068e-01,-4.998773e-01,2.566021e-15,1.782424e-01,-5.000000e-01,7.071068e-01,-9.939409e-15,-4.998773e-01,1.782424e-01,1.353402e-15,-5.000000e-01,-5.904611e-15,-7.071068e-01,-4.998773e-01,-3.071770e-15,-1.782424e-01,-5.000000e-01,-7.071068e-01,-8.768974e-15,-4.998773e-01,-1.782424e-01,-4.672998e-16
180.1,360.0,-5.000000e-01,-8.604635e-15,7.071068e-01,-4.998773e-01,6.903603e-15,1.782489e-01,-5.000000e-01,7.071068e-01,-1.922780e-14,-4.998773e-01,1.782489e-01,4.598535e-15,-5.000000e-01,6.965066e-15,-7.071068e-01,-4.998773e-01,-9.695986e-15,-1.782489e-01,-5.000000e-01,-7.071068e-01,4.654146e-14,-4.998773e-01,-1.782489e-01,-2.556638e-15
180.1,385.0,-5.000000e-01,-8.055947e-15,7.071068e-01,-4.998773e-01,-1.170179e-15,1.782555e-01,-5.000000e-01,7.071068e-01,4.367300e-14,-4.998773e-01,1.782555e-01,-7.101360e-16,-5.000000e-01,5.948936e-15,-7.071068e-01,-4.998773e-01,9.042915e-16,-1.782555e-01,-5.000000e-01,-7.071068e-01,-2.383109e-14,-4.998773e-01,-1.782555e-01,1.321144e-15
180.1,410.0,-5.000000e-01,-8.813753e-15,7.071068e-01,-4.998773e-01,3.367384e-15,1.782622e-01,-5.000000e-01,7.071068e-01,-2.965090e-15,-4.998773e-01,1.782622e-01,2.786643e-15,-5.000000e-01,9.204645e-15,-7.071068e-01,-4.998773e-01,-3.959852e-15,-1.782622e-01,-5.000000e-01,-7.071068e-01,-4.438192e-15,-4.998773e-01,-1.782622e-01,-3.645400e-15
180.1,435.0,-5.000000e-01,-6.526991e-15,7.071068e-01,-4.998773e-01,-1.255751e-14,1.782688e-01,-5.000000e-01,7.071068e-01,1.389204e-14,-4.998773e-01,1.782688e-01,3.025929e-15,-5.000000e-01,3.805156e-15,-7.071068e-01,-4.998773e-01,1.118756e-14,-1.782688e-01,-5.000000e-01,-7.071068e-01,-5.592637e-15,-4.998773e-01,-1.782688e-01,-1.653397e-15
180.1,460.0,-5.000000e-01,-3.282881e-14,7.071068e-01,-4.998773e-01,-1.614201e-14,1.782755e-01,-5.000000e-01,7.071068e-01,7.145279e-14,-4.998773e-01,1.782755e-01,1.107839e-14,-5.000000e-01,3.203776e-14,-7.071068e-01,-4.998773e-01,1.617128e-14,-1.782755e-01,-5.000000e-01,-7.071068e-01,-7.778141e-14,-4.998773e-01,-1.782755e-01,-1.864902e-14
180.1,485.0,-5.000000e-01,-5.852587e-15,7.071068e-01,-4.998773e-01,-5.758435e-16,1.782822e-01,-5.000000e-01,7.071068e-01,3.710608e-15,-4.998773e-01,1.782822e-01,1.050597e-15,-5.000000e-01,5.481897e-15,-7.071068e-01,-4.998773e-01,4.414249e-16,-1.782822e-01,-5.000000e-01,-7.071068e-01,-7.496559e-15,-4.998773e-01,-1.782822e-01,-7.175301e-16
180.1,510.0,-5.000000e-01,7.484392e-15,7.071068e-01,-4.998773e-01,1.273246e-14,1.782890e-01,-5.000000e-01,7.071068e-01,-1.244535e-14,-4.998773e-01,1.782890e-01,-2.970501e-15,-5.000000e-01,-7.856167e-15,-7.071068e-01,-4.998773e-01,-1.258901e-14,-1.782890e-01,-5.000000e-01,-7.071068e-01,2.947397e-14,-4.998773e-01,-1.782890e-01,3.883711e-15
180.1,535.0,-5.000000e-01,-1.306454e-14,7.071068e-01,-4.998773e-01,1.564957e-15,1.782957e-01,-5.000000e-01,7.071068e-01,1.097228e-14,-4.998773e-01,1.782957e-01,5.217174e-15,-5.000000e-01,1.370042e-14,-7.071068e-01,-4.998773e-01,-1.629485e-15,-1.782957e-01,-5.000000e-01,-7.071068e-01,1.579614e-14,-4.998773e-01,-1.782957e-01,-5.148384e-15
180.1,560.0,-5.000000e-01,-3.705179e-15,7.071068e-01,-4.998773e-01,4.930381e-15,1.783025e-01,-5.000000e-01,7.071068e-01,7.028033e-15,-4.998773e-01,1.783025e-01,-1.144791e-15,-5.000000e-01,2.253139e-15,-7.071068e-01,-4.998773e-01,-5.207835e-15,-1.783025e-01,-5.000000e-01,-7.071068e-01,-1.753454e-15,-4.998773e-01,-1.783025e-01,1.194343e-15
180.1,585.0,-5.000000e-01,-3.156419e-16,7.071068e-01,-4.998773e-01,-4.529773e-15,1.783094e-01,-5.000000e-01,7.071068e-01,-1.270144e-14,-4.998773e-01,1.783094e-01,-1.234605e-16,-5.000000e-01,1.825283e-16,-7.071068e-01,-4.998773e-01,5.098709e-15,-1.783094e-01,-5.000000e-01,-7.071068e-01,-3.831667e-15,-4.998773e-01,-1.783094e-01,-2.502715e-16
180.1,610.0,-5.000000e-01,-6.400351e-14,7.071068e-01,-4.998773e-01,-4.938062e-14,1.783162e-01,-5.000000e-01,7.071068e-01,1.608620e-13,-4.998773e-01,1.783162e-01,1.584914e-14,-5.000000e-01,5.791336e-14,-7.071068e-01,-4.998773e-01,5.451197e-14,-1.783162e-01,-5.000000e-01,-7.071068e-01,-1.650741e-13,-4.998773e-01,-1.783162e-01,-1.038272e-14
180.1,635.0,-5.000000e-01,-8.383310e-15,7.071068e-01,-4.998773e-01,8.720479e-17,1.783231e-01,-5.000000e-01,7.071068e-01,1.721713e-14,-4.998773e-01,1.783231e-01,4.811938e-15,-5.000000e-01,6.837078e-15,-7.071068e-01,-4.998773e-01,2.043553e-16,-1.783231e-01,-5.000000e-01,-7.071068e-01,1.501428e-14,-4.998773e-01,-1.783231e-01,-3.906659e-15
180.1,660.0,-5.000000e-01,2.295430e-15,7.071068e-01,-4.998773e-01,-2.240346e-15,1.783300e-01,-5.000000e-01,7.071068e-01,2.234595e-14,-4.998773e-01,1.783300e-01,1.004594e-15,-5.000000e-01,-1.451689e-15,-7.071068e-01,-4.998773e-01,2.547709e-15,-1.783300e-01,-5.000000e-01,-7.071068e-01,-2.057634e-14,-4.998773e-01,-1.783300e-01,-1.805365e-15
180.1,685.0,-5.000000e-01,-4.367071e-16,7.071068e-01,-4.998773e-01,-8.080033e-15,1.783370e-01,-5.000000e-01,7.071068e-01,2.826489e-14,-4.998773e-01,1.783370e-01,4.210514e-15,-5.000000e-01,-9.475942e-17,-7.071068e-01,-4.998773e-01,8.156035e-15,-1.783370e-01,-5.000000e-01,-7.071068e-01,1.565526e-14,-4.998773e-01,-1.783370e-01,-3.223380e-15
180.1,710.0,-5.000000e-01,1.226175e-14,7.071068e-01,-4.998773e-01,1.271475e-15,1.783440e-01,-5.000000e-01,7.071068e-01,7.512065e-15,-4.998773e-01,1.783440e-01,-3.966854e-15,-5.000000e-01,-1.129654e-14,-7.071068e-01,-4.998773e-01,-3.509373e-15,-1.783440e-01,-5.000000e-01,-7.071068e-01,6.635262e-16,-4.998773e-01,-1.783440e-01,2.489835e-15
180.1,735.0,-5.000000e-01,-5.421581e-16,7.071068e-01,-4.998773e-01,-4.114048e-15,1.783510e-01,-5.000000e-01,7.071068e-01,9.892633e-15,-4.998773e-01,1.783510e-01,-3.075991e-15,-5.000000e-01,1.572597e-16,-7.071068e-01,-4.998773e-01,3.838742e-15,-1.783510e-01,-5.000000e-01,-7.071068e-01,-2.366695e-14,-4.998773e-01,-1.783510e-01,3.580005e-15
180.1,760.0,-5.000000e-01,1.798421e-15,7.071068e-01,-4.998773e-01,1.341172e-14,1.783581e-01,-5.000000e-01,7.071068e-01,1.244549e-14,-4.998773e-01,1.783581e-01,-4.547703e-15,-5.000000e-01,-3.432066e-15,-7.071068e-01,-4.998773e-01,-1.330966e-14,-1.783581e-01,-5.000000e-01,-7.071068e-01,6.892885e-15,-4.998773e-01,-1.783581e-01,5.366492e-15
180.1,785.0,-5.000000e-01,9.367136e-15,7.071068e-01,-4.998773e-01,4.721857e-15,1.783651e-01,-5.000000e-01,7.071068e-01,-4.745488e-15,-4.998773e-01,1.783651e-01,-5.142540e-16,-5.000000e-01,-8.291828e-15,-7.071068e-01,-4.998773e-01,-4.572818e-15,-1.783651e-01,-5.000000e-01,-7.071068e-01,2.104418e-14,-4.998773e-01,-1.783651e-01,1.294667e-15
180.1,810.0,-5.000000e-01,-1.732345e-15,7.071068e-01,-4.998773e-01,3.918963e-15,1.783722e-01,-5.000000e-01,7.071068e-01,2.038196e-15,-4.998773e-01,1.783722e-01,-5.947155e-15,-5.000000e-01,-6.070972e-16,-7.071068e-01,-4.998773e-01,-4.268641e-15,-1.783722e-01,-5.000000e-01,-7.071068e-01,2.782054e-15,-4.998773e-01,-1.783722e-01,5.952384e-15
180.1,835.0,-5.000000e-01,5.433114e-15,7.071068e-01,-4.998773e-01,-4.113263e-15,1.783794e-01,-5.000000e-01,7.071068e-01,9.115392e-15,-4.998773e-01,1.783794e-01,4.241617e-16,-5.000000e-01,-5.942370e-15,-7.071068e-01,-4.998773e-01,3.991987e-15,-1.783794e-01,-5.000000e-01,-7.071068e-01,-2.584114e-15,-4.998773e-01,-1.783794e-01,-1.048732e-15
180.1,860.0,-5.000000e-01,-1.741564e-14,7.071068e-01,-4.998773e-01,2.390842e-15,1.783866e-01,-5.000000e-01,7.071068e-01,7.033860e-15,-4.998773e-01,1.783866e-01,8.085915e-15,-5.000000e-01,1.589782e-14,-7.071068e-01,-4.998773e-01,-5.057471e-15,-1.783866e-01,-5.000000e-01,-7.071068e-01,3.062348e-14,-4.998773e-01,-1.783866e-01,-2.760068e-15
180.1,885.0,-5.000000e-01,-1.282554e-15,7.071068e-01,-4.998773e-01,-5.857398e-15,1.783938e-01,-5.000000e-01,7.071068e-01,-2.971131e-14,-4.998773e-01,1.783938e-01,-4.540603e-15,-5.000000e-01,1.705503e-15,-7.071068e-01,-4.998773e-01,6.042023e-15,-1.783938e-01,-5.000000e-01,-7.071068e-01,5.501397e-14,-4.998773e-01,-1.783938e-01,5.133242e-15
182.6,10.0,-5.000000e-01,3.213681e-14,7.071068e-01,-4.998782e-01,-1.683524e-15,1.799195e-01,-5.000000e-01,7.071068e-01,1.739944e-14,-4.998782e-01,1.799195e-01,4.329064e-15,-5.000000e-01,-2.366288e-14,-7.071068e-01,-4.998782e-01,1.556023e-15,-1.799195e-01,-5.000000e-01,-7.071068e-01,-7.616361e-15,-4.998782e-01,-1.799195e-01,1.740671e-14
182.6,35.0,-5.000000e-01,-1.105259e-13,7.071068e-01,-4.998782e-01,-1.843860e-14,1.799253e-01,-5.000000e-01,7.071068e-01,-3.774209e-14,-4.998782e-01,1.799253e-01,-6.098175e-15,-5.000000e-01,8.182785e-14,-7.071068e-01,-4.998782e-01,1.875620e-14,-1.799253e-01,-5.000000e-01,-7.071068e-01,3.279824e-14,-4.998782e-01,-1.799253e-01,-3.509605e-15
182.6,60.0,-5.000000e-01,1.095238e-14,7.071068e-01,-4.998782e-01,-6.553789e-15,1.799310e-01,-5.000000e-01,7.071068e-01,8.107711e-15,-4.998782e-01,1.799310e-01,-5.691631e-16,-5.000000e-01,-4.004872e-15,-7.071068e-01,-4.998782e-01,3.602064e-15,-1.799310e-01,-5.000000e-01,-7.071068e-01,8.983456e-15,-4.998782e-01,-1.799310e-01,-1.750542e-15
182.6,85.0,-5.000000e-01,-3.148973e-15,7.071068e-01,-4.998782e-01,-6.187737e-16,1.799369e-01,-5.000000e-01,7.071068e-01,-2.212185e-15,-4.998782e-01,1.799369e-01,8.259922e-16,-5.000000e-01,5.301930e-16,-7.071068e-01,-4.998782e-01,4.665733e-15,-1.799369e-01,-5.000000e-01,-7.071068e-01,-6.244072e-15,-4.998782e-01,-1.799369e-01,2.347531e-15
182.6,110.0,-5.000000e-01,-1.656795e-14,7.071068e-01,-4.998782e-01,4.777889e-15,1.799427e-01,-5.000000e-01,7.071068e-01,-1.307704e-15,-4.998782e-01,1.799427e-01,4.803958e-15,-5.000000e-01,1.505688e-14,-7.071068e-01,-4.998782e-01,-4.603631e-15,-1.799427e-01,-5.000000e-01,-7.071068e-01,-8.164311e-15,-4.998782e-01,-1.799427e-01,-4.833741e-15
182.6,135.0,-5.000000e-01,-2.880914e-14,7.071068e-01,-4.998782e-01,2.683543e-15,1.799486e-01,-5.000000e-01,7.071068e-01,-1.335770e-14,-4.998782e-01,1.799486e-01,2.315347e-15,-5.000000e-01,3.309166e-14,-7.071068e-01,-4.998782e-01,-2.450082e-15,-1.799486e-01,-5.000000e-01,-7.071068e-01,1.500658e-15,-4.998782e-01,-1.799486e-01,-2.844230e-15
182.6,160.0,-5.000000e-01,3.145204e-14,7.071068e-01,-4.998782e-01,-8.930576e-16,1.799544e-01,-5.000000e-01,7.071068e-01,1.283403e-14,-4.998782e-01,1.799544e-01,-9.935109e-15,-5.000000e-01,-3.972889e-15,-7.071068e-01,-4.998782e-01,-1.890321e-15,-1.799544e-01,-5.000000e-01,-7.071068e-01,-9.933065e-15,-4.998782e-01,-1.799544e-01,-7.824590e-15
182.6,185.0,-5.000000e-01,1.984813e-15,7.071068e-01,-4.998782e-01,3.018280e-15,1.799604e-01,-5.000000e-01,7.071068e-01,1.759910e-14,-4.998782e-01,1.799604e-01,-1.340268e-15,-5.000000e-01,-2.882551e-15,-7.071068e-01,-4.998782e-01,-3.482587e-15,-1.799604e-01,-5.000000e-01,-7.071068e-01,-5.149162e-16,-4.998782e-01,-1.799604e-01,1.281787e-15
182.6,210.0,-5.000000e-01,-6.292989e-15,7.071068e-01,-4.998782e-01,-7.469496e-15,1.799663e-01,-5.000000e-01,7.071068e-01,2.069463e-14,-4.998782e-01,1.799663e-01,6.170618e-15,-5.000000e-01,3.834473e-15,-7.071068e-01,-4.998782e-01,7.563066e-15,-1.799663e-01,-5.000000e-01,-7.071068e-01,-1.754621e-14,-4.998782e-01,-1.799663e-01,-5.821904e-15
182.6,235.0,-5.000000e-01,9.692595e-15,7.071068e-01,-4.998782e-01,-5.356498e-15,1.799723e-01,-5.000000e-01,7.071068e-01,1.216137e-15,-4.998782e-01,1.799723e-01,2.369399e-16,-5.000000e-01,-9.457928e-15,-7.071068e-01,-4.998782e-01,5.399223e-15,-1.799723e-01,-5.000000e-01,-7.071068e-01,-3.177041e-14,-4.998782e-01,-1.799723e-01,-3.822180e-16
182.6,260.0,-5.000000e-01,-7.873021e-15,7.071068e-01,-4.998782e-01,-9.213139e-15,1.799783e-01,-5.000000e-01,7.071068e-01,-3.388870e-14,-4.998782e-01,1.799783e-01,9.256912e-16,-5.000000e-01,9.358797e-15,-7.071068e-01,-4.998782e-01,9.200263e-15,-1.799783e-01,-5.000000e-01,-7.071068e-01,3.033631e-14,-4.998782e-01,-1.799783e-01,-1.178570e-15
182.6,285.0,-5.000000e-01,-4.690551e-14,7.071068e-01,-4.998782e-01,1.052500e-14,1.799843e-01,-5.000000e-01,7.071068e-01,3.527566e-14,-4.998782e-01,1.799843e-01,4.588934e-15,-5.000000e-01,-7.637344e-15,-7.071068e-01,-4.998782e-01,-1.056462e-14,-1.799843e-01,-5.000000e-01,-7.071068e-01,8.640766e-15,-4.998782e-01,-1.799843e-01,-3.337164e-15
182.6,310.0,-5.000000e-01,4.977183e-15,7.071068e-01,-4.998782e-01,-8.243554e-16,1.799904e-01,-5.000000e-01,7.071068e-01,-1.352165e-14,-4.998782e-01,1.799904e-01,-6.477775e-15,-5.000000e-01,-4.468153e-15,-7.071068e-01,-4.998782e-01,-1.880509e-15,-1.799904e-01,-5.000000e-01,-7.071068e-01,7.642244e-16,-4.998782e-01,-1.799904e-01,-2.638914e-16
182.6,335.0,-5.000000e-01,-2.986230e-16,7.071068e-01,-4.998782e-01,2.197698e-15,1.799964e-01,-5.000000e-01,7.071068e-01,-9.796809e-15,-4.998782e-01,1.799964e-01,-2.136120e-16,-5.000000e-01,2.083129e-15,-7.071068e-01,-4.998782e-01,-2.252590e-15,-1.799964e-01,-5.000000e-01,-7.071068e-01,-4.844576e-15,-4.998782e-01,-1.799964e-01,-3.751607e-16
182.6,360.0,-5.000000e-01,1.591444e-14,7.071068e-01,-4.998782e-01,-7.491946e-15,1.800026e-01,-5.000000e-01,7.071068e-01,-2.263692e-14,-4.998782e-01,1.800026e-01,-2.635763e-15,-5.000000e-01,-1.873451e-14,-7.071068e-01,-4.998782e-01,7.450254e-15,-1.800026e-01,-5.000000e-01,-7.071068e-01,-7.006666e-15,-4.998782e-01,-1.800026e-01,2.275864e-15
182.6,385.0,-5.000000e-01,-2.997033e-14,7.071068e-01,-4.998782e-01,8.977693e-17,1.800087e-01,-5.000000e-01,7.071068e-01,-2.345174e-14,-4.998782e-01,1.800087e-01,1.750099e-16,-5.000000e-01,1.227775e-14,-7.071068e-01,-4.998782e-01,8.664354e-16,-1.800087e-01,-5.000000e-01,-7.071068e-01,2.731680e-14,-4.998782e-01,-1.800087e-01,3.865714e-15
182.6,410.0,-5.000000e-01,-2.593493e-14,7.071068e-01,-4.998782e-01,1.312695e-15,1.800149e-01,-5.000000e-01,7.071068e-01,-3.847311e-14,-4.998782e-01,1.800149e-01,-1.111840e-14,-5.000000e-01,3.047354e-14,-7.071068e-01,-4.998782e-01,-1.611714e-15,-1.800149e-01,-5.000000e-01,-7.071068e-01,4.618543e-14,-4.998782e-01,-1.800149e-01,-5.988292e-15
182.6,435.0,-5.000000e-01,3.267781e-14,7.071068e-01,-4.998782e-01,7.512022e-15,1.800211e-01,-5.000000e-01,7.071068e-01,-2.558578e-14,-4.998782e-01,1.800211e-01,-6.116892e-15,-5.000000e-01,-2.954948e-14,-7.071068e-01,-4.998782e-01,-7.093507e-15,-1.800211e-01,-5.000000e-01,-7.071068e-01,2.934534e-14,-4.998782e-01,-1.800211e-01,6.565835e-15
182.6,460.0,-5.000000e-01,1.912184e-14,7.071068e-01,-4.998782e-01,-3.310119e-15,1.800273e-01,-5.000000e-01,7.071068e-01,2.969159e-14,-4.998782e-01,1.800273e-01,-3.472013e-15,-5.000000e-01,-1.918712e-14,-7.071068e-01,-4.998782e-01,3.263948e-15,-1.800273e-01,-5.000000e-01,-7.071068e-01,6.758161e-15,-4.998782e-01,-1.800273e-01,3.219620e-15
182.6,485.0,-5.000000e-01,8.378346e-15,7.071068e-01,-4.998782e-01,1.397752e-14,1.800336e-01,-5.000000e-01,7.071068e-01,-3.106419e-14,-4.998782e-01,1.800336e-01,-1.917327e-15,-5.000000e-01,-8.747514e-15,-7.071068e-01,-4.998782e-01,-1.455252e-14,-1.800336e-01,-5.000000e-01,-7.071068e-01,1.512745e-14,-4.998782e-01,-1.800336e-01,-7.119167e-16
182.6,510.0,-5.000000e-01,1.746967e-14,7.071068e-01,-4.998782e-01,5.404096e-15,1.800398e-01,-5.000000e-01,7.071068e-01,-1.383281e-14,-4.998782e-01,1.800398e-01,-2.079097e-15,-5.000000e-01,-2.454013e-14,-7.071068e-01,-4.998782e-01,-5.915408e-15,-1.800398e-01,-5.000000e-01,-7.071068e-01,4.402347e-14,-4.998782e-01,-1.800398e-01,2.137753e-15
182.6,535.0,-5.000000e-01,1.630207e-14,7.071068e-01,-4.998782e-01,2.043002e-15,1.800461e-01,-5.000000e-01,7.071068e-01,-7.704797e-15,-4.998782e-01,1.800461e-01,-4.774877e-15,-5.000000e-01,-1.603390e-14,-7.071068e-01,-4.998782e-01,-3.970174e-15,-1.800461e-01,-5.000000e-01,-7.071068e-01,-1.838305e-14,-4.998782e-01,-1.800461e-01,2.831561e-15
182.6,560.0,-5.000000e-01,3.235587e-16,7.071068e-01,-4.998782e-01,2.341135e-15,1.800525e-01,-5.000000e-01,7.071068e-01,6.144856e-15,-4.998782e-01,1.800525e-01,7.169057e-16,-5.000000e-01,-1.928135e-15,-7.071068e-01,-4.998782e-01,-2.240483e-15,-1.800525e-01,-5.000000e-01,-7.071068e-01,9.097411e-15,-4.998782e-01,-1.800525e-01,-6.965585e-16
182.6,585.0,-5.000000e-01,1.332939e-14,7.071068e-01,-4.998782e-01,-7.500403e-15,1.800589e-01,-5.000000e-01,7.071068e-01,-6.846253e-15,-4.998782e-01,1.800589e-01,-8.619488e-16,-5.000000e-01,-1.369150e-14,-7.071068e-01,-4.998782e-01,7.674688e-15,-1.800589e-01,-5.000000e-01,-7.071068e-01,-1.294632e-14,-4.998782e-01,-1.800589e-01,3.461637e-16
182.6,610.0,-5.000000e-01,1.020503e-14,7.071068e-01,-4.998782e-01,3.891674e-15,1.800653e-01,-5.000000e-01,7.071068e-01,4.012554e-14,-4.998782e-01,1.800653e-01,7.258490e-15,-5.000000e-01,-6.082861e-15,-7.071068e-01,-4.998782e-01,-4.628110e-15,-1.800653e-01,-5.000000e-01,-7.071068e-01,-9.108366e-15,-4.998782e-01,-1.800653e-01,-6.370481e-15
182.6,635.0,-5.000000e-01,-1.124895e-14,7.071068e-01,-4.998782e-01,-1.500572e-16,1.800717e-01,-5.000000e-01,7.071068e-01,2.485565e-15,-4.998782e-01,1.800717e-01,1.413193e-15,-5.000000e-01,7.666812e-15,-7.071068e-01,-4.998782e-01,-4.335171e-16,-1.800717e-01,-5.000000e-01,-7.071068e-01,-1.059067e-14,-4.998782e-01,-1.800717e-01,8.920173e-16
182.6,660.0,-5.000000e-01,3.886937e-15,7.071068e-01,-4.998782e-01,7.088049e-15,1.800781e-01,-5.000000e-01,7.071068e-01,-3.029663e-14,-4.998782e-01,1.800781e-01,-3.576008e-16,-5.000000e-01,-4.876844e-15,-7.071068e-01,-4.998782e-01,-8.037583e-15,-1.800781e-01,-5.000000e-01,-7.071068e-01,-1.450876e-14,-4.998782e-01,-1.800781e-01,1.480136e-15
182.6,685.0,-5.000000e-01,-6.324248e-15,7.071068e-01,-4.998782e-01,-3.020885e-15,1.800846e-01,-5.000000e-01,7.071068e-01,1.256968e-14,-4.998782e-01,1.800846e-01,1.349867e-15,-5.000000e-01,5.898887e-15,-7.071068e-01,-4.998782e-01,2.803894e-15,-1.800846e-01,-5.000000e-01,-7.071068e-01,-6.026962e-15,-4.998782e-01,-1.800846e-01,-1.592615e-15
182.6,710.0,-5.000000e-01,-8.947728e-16,7.071068e-01,-4.998782e-01,7.563047e-15,1.800912e-01,-5.000000e-01,7.071068e-01,-5.484323e-15,-4.998782e-01,1.800912e-01,1.579763e-14,-5.000000e-01,2.537985e-15,-7.071068e-01,-4.998782e-01,-7.461247e-15,-1.800912e-01,-5.000000e-01,-7.071068e-01,-1.389816e-14,-4.998782e-01,-1.800912e-01,-1.610030e-14
182.6,735.0,-5.000000e-01,2.972755e-14,7.071068e-01,-4.998782e-01,-3.385190e-15,1.800977e-01,-5.000000e-01,7.071068e-01,-1.784715e-14,-4.998782e-01,1.800977e-01,-1.528231e-15,-5.000000e-01,-3.167858e-14,-7.071068e-01,-4.998782e-01,3.370776e-15,-1.800977e-01,-5.000000e-01,-7.071068e-01,-1.553125e-14,-4.998782e-01,-1.800977e-01,5.755508e-16
182.6,760.0,-5.000000e-01,4.536128e-15,7.071068e-01,-4.998782e-01,-2.198306e-15,1.801043e-01,-5.000000e-01,7.071068e-01,3.734402e-15,-4.998782e-01,1.801043e-01,-1.944430e-15,-5.000000e-01,-4.611140e-15,-7.071068e-01,-4.998782e-01,2.510307e-15,-1.801043e-01,-5.000000e-01,-7.071068e-01,1.031406e-15,-4.998782e-01,-1.801043e-01,2.078178e-15
182.6,785.0,-5.000000e-01,-3.250365e-15,7.071068e-01,-4.998782e-01,-9.027573e-15,1.801109e-01,-5.000000e-01,7.071068e-01,1.372880e-14,-4.998782e-01,1.801109e-01,7.379841e-16,-5.000000e-01,3.361356e-15,-7.071068e-01,-4.998782e-01,9.345065e-15,-1.801109e-01,-5.000000e-01,-7.071068e-01,-9.561128e-15,-4.998782e-01,-1.801109e-01,8.286097e-17
182.6,810.0,-5.000000e-01,3.043424e-16,7.071068e-01,-4.998782e-01,8.430715e-15,1.801175e-01,-5.000000e-01,7.071068e-01,9.840588e-15,-4.998782e-01,1.801175e-01,-8.583855e-16,-5.000000e-01,-9.681582e-16,-7.071068e-01,-4.998782e-01,-8.514808e-15,-1.801175e-01,-5.000000e-01,-7.071068e-01,2.160813e-14,-4.998782e-01,-1.801175e-01,1.309224e-15
182.6,835.0,-5.000000e-01,1.529987e-14,7.071068e-01,-4.998782e-01,1.256326e-14,1.801242e-01,-5.000000e-01,7.071068e-01,-4.236557e-14,-4.998782e-01,1.801242e-01,-3.791132e-15,-5.000000e-01,-1.779736e-14,-7.071068e-01,-4.998782e-01,-1.229780e-14,-1.801242e-01,-5.000000e-01,-7.071068e-01,3.848007e-14,-4.998782e-01,-1.801242e-01,2.939435e-15
182.6,860.0,-5.000000e-01,4.575497e-15,7.071068e-01,-4.998782e-01,-8.291405e-16,1.801309e-01,-5.000000e-01,7.071068e-01,1.358027e-15,-4.998782e-01,1.801309e-01,3.177618e-15,-5.000000e-01,8.913713e-15,-7.071068e-01,-4.998782e-01,8.304861e-16,-1.801309e-01,-5.000000e-01,-7.071068e-01,-1.386319e-15,-4.998782e-01,-1.801309e-01,-3.094483e-15
182.6,885.0,-5.000000e-01,-5.601064e-16,7.071068e-01,-4.998782e-01,3.298351e-15,1.801376e-01,-5.000000e-01,7.071068e-01,-6.657169e-15,-4.998782e-01,1.801376e-01,-4.042968e-17,-5.000000e-01,1.268996e-15,-7.071068e-01,-4.998782e-01,-2.993651e-15,-1.801376e-01,-5.000000e-01,-7.071068e-01,7.921607e-15,-4.998782e-01,-1.801376e-01,-3.832893e-16
185.1,10.0,-5.000000e-01,-1.370627e-14,7.071068e-01,-4.998791e-01,9.034366e-15,1.816622e-01,-5.000000e-01,7.071068e-01,5.002398e-14,-4.998791e-01,1.816622e-01,-6.093025e-14,-5.000000e-01,1.049047e-14,-7.071068e-01,-4.998791e-01,-9.075425e-15,-1.816622e-01,-5.000000e-01,-7.071068e-01,-2.611721e-14,-4.998791e-01,-1.816622e-01,6.199783e-14
185.1,35.0,-5.000000e-01,-1.372161e-14,7.071068e-01,-4.998791e-01,-6.471766e-15,1.816675e-01,-5.000000e-01,7.071068e-01,7.279715e-15,-4.998791e-01,1.816675e-01,5.041901e-15,-5.000000e-01,1.466867e-14,-7.071068e-01,-4.998791e-01,6.024897e-15,-1.816675e-01,-5.000000e-01,-7.071068e-01,-1.908374e-14,-4.998791e-01,-1.816675e-01,-5.707740e-15
185.1,60.0,-5.000000e-01,3.931609e-14,7.071068e-01,-4.998791e-01,-9.766156e-16,1.816729e-01,-5.000000e-01,7.071068e-01,6.134892e-15,-4.998791e-01,1.816729e-01,4.958089e-15,-5.000000e-01,-4.020682e-14,-7.071068e-01,-4.998791e-01,7.484809e-16,-1.816729e-01,-5.000000e-01,-7.071068e-01,-3.103963e-15,-4.998791e-01,-1.816729e-01,-4.944211e-15
185.1,85.0,-5.000000e-01,2.016137e-14,7.071068e-01,-4.998791e-01,-1.151961e-14,1.816782e-01,-5.000000e-01,7.071068e-01,2.522023e-15,-4.998791e-01,1.816782e-01,-7.639702e-15,-5.000000e-01,-1.928168e-14,-7.071068e-01,-4.998791e-01,1.141458e-14,-1.816782e-01,-5.000000e-01,-7.071068e-01,2.428137e-14,-4.998791e-01,-1.816782e-01,8.316002e-15
185.1,110.0,-5.000000e-01,-1.066990e-14,7.071068e-01,-4.998791e-01,4.858735e-16,1.816836e-01,-5.000000e-01,7.071068e-01,-4.937238e-15,-4.998791e-01,1.816836e-01,2.625631e-15,-5.000000e-01,1.085799e-14,-7.071068e-01,-4.998791e-01,1.170278e-17,-1.816836e-01,-5.000000e-01,-7.071068e-01,8.512479e-15,-4.998791e-01,-1.816836e-01,-2.861413e-15
185.1,135.0,-5.000000e-01,-4.943421e-15,7.071068e-01,-4.998791e-01,-8.951796e-15,1.816890e-01,-5.000000e-01,7.071068e-01,2.746708e-14,-4.998791e-01,1.816890e-01,1.296550e-15,-5.000000e-01,2.260501e-15,-7.071068e-01,-4.998791e-01,8.539659e-15,-1.816890e-01,-5.000000e-01,-7.071068e-01,-1.912195e-14,-4.998791e-01,-1.816890e-01,-1.009833e-15
185.1,160.0,-5.000000e-01,-1.398207e-14,7.071068e-01,-4.998791e-01,-9.452501e-15,1.816945e-01,-5.000000e-01,7.071068e-01,-9.541133e-15,-4.998791e-01,1.816945e-01,-3.845359e-15,-5.000000e-01,1.427339e-14,-7.071068e-01,-4.998791e-01,8.905610e-15,-1.816945e-01,-5.000000e-01,-7.071068e-01,-8.281333e-15,-4.998791e-01,-1.816945e-01,-9.764706e-15
185.1,185.0,-5.000000e-01,1.418565e-14,7.071068e-01,-4.998791e-01,-7.524887e-16,1.817000e-01,-5.000000e-01,7.071068e-01,2.636755e-14,-4.998791e-01,1.817000e-01,-5.194984e-15,-5.000000e-01,-1.896780e-14,-7.071068e-01,-4.998791e-01,7.748360e-16,-1.817000e-01,-5.000000e-01,-7.071068e-01,1.814824e-14,-4.998791e-01,-1.817000e-01,5.383948e-15
185.1,210.0,-5.000000e-01,-1.607406e-14,7.071068e-01,-4.998791e-01,-5.758219e-15,1.817055e-01,-5.000000e-01,7.071068e-01,6.222171e-14,-4.998791e-01,1.817055e-01,4.716659e-15,-5.000000e-01,2.022547e-14,-7.071068e-01,-4.998791e-01,5.900195e-15,-1.817055e-01,-5.000000e-01,-7.071068e-01,-4.772762e-14,-4.998791e-01,-1.817055e-01,-4.446102e-15
185.1,235.0,-5.000000e-01,5.239226e-15,7.071068e-01,-4.998791e-01,4.628727e-15,1.817110e-01,-5.000000e-01,7.071068e-01,-2.019556e-14,-4.998791e-01,1.817110e-01,2.761004e-15,-5.000000e-01,-3.789380e-15,-7.071068e-01,-4.998791e-01,-1.359452e-15,-1.817110e-01,-5.000000e-01,-7.071068e-01,-3.384523e-15,-4.998791e-01,-1.817110e-01,1.799350e-15
185.1,260.0,-5.000000e-01,6.131988e-15,7.071068e-01,-4.998791e-01,-8.238479e-15,1.817165e-01,-5.000000e-01,7.071068e-01,7.052523e-15,-4.998791e-01,1.817165e-01,2.360078e-15,-5.000000e-01,-5.753483e-15,-7.071068e-01,-4.998791e-01,8.057351e-15,-1.817165e-01,-5.000000e-01,-7.071068e-01,2.383203e-14,-4.998791e-01,-1.817165e-01,-5.704845e-16
185.1,285.0,-5.000000e-01,-3.041806e-15,7.071068e-01,-4.998790e-01,8.826317e-15,1.817221e-01,-5.000000e-01,7.071068e-01,-1.177325e-14,-4.998790e-01,1.817221e-01,4.563490e-15,-5.000000e-01,5.262176e-15,-7.071068e-01,-4.998790e-01,-8.338125e-15,-1.817221e-01,-5.000000e-01,-7.071068e-01,1.967106e-14,-4.998790e-01,-1.817221e-01,-3.842242e-15
185.1,310.0,-5.000000e-01,2.064848e-14,7.071068e-01,-4.998790e-01,-6.654951e-15,1.817277e-01,-5.000000e-01,7.071068e-01,-2.961783e-14,-4.998790e-01,1.817277e-01,-6.099433e-15,-5.000000e-01,-2.099700e-14,-7.071068e-01,-4.998790e-01,6.592690e-15,-1.817277e-01,-5.000000e-01,-7.071068e-01,1.533572e-14,-4.998790e-01,-1.817277e-01,6.419407e-15
185.1,335.0,-5.000000e-01,8.273863e-15,7.071068e-01,-4.998790e-01,1.252769e-15,1.817333e-01,-5.000000e-01,7.071068e-01,-3.897465e-15,-4.998790e-01,1.817333e-01,3.652656e-16,-5.000000e-01,-8.647899e-15,-7.071068e-01,-4.998790e-01,-1.276659e-15,-1.817333e-01,-5.000000e-01,-7.071068e-01,2.925896e-14,-4.998790e-01,-1.817333e-01,-4.770202e-16
185.1,360.0,-5.000000e-01,-6.433612e-15,7.071068e-01,-4.998790e-01,-4.817180e-15,1.817390e-01,-5.000000e-01,7.071068e-01,1.107116e-15,-4.998790e-01,1.817390e-01,3.326159e-15,-5.000000e-01,1.086025e-15,-7.071068e-01,-4.998790e-01,5.179141e-15,-1.817390e-01,-5.000000e-01,-7.071068e-01,-9.321200e-15,-4.998790e-01,-1.817390e-01,-3.101351e-15
185.1,385.0,-5.000000e-01,-2.743058e-14,7.071068e-01,-4.998790e-01,-4.068847e-15,1.817447e-01,-5.000000e-01,7.071068e-01,-1.299942e-14,-4.998790e-01,1.817447e-01,3.738667e-15,-5.000000e-01,2.466604e-14,-7.071068e-01,-4.998790e-01,4.149509e-15,-1.817447e-01,-5.000000e-01,-7.071068e-01,-1.872580e-14,-4.998790e-01,-1.817447e-01,-4.112422e-15
185.1,410.0,-5.000000e-01,-2.149313e-16,7.071068e-01,-4.998790e-01,-1.184600e-14,1.817504e-01,-5.000000e-01,7.071068e-01,-1.139678e-14,-4.998790e-01,1.817504e-01,-6.261322e-16,-5.000000e-01,-3.350587e-16,-7.071068e-01,-4.998790e-01,1.217424e-14,-1.817504e-01,-5.000000e-01,-7.071068e-01,-4.006459e-14,-4.998790e-01,-1.817504e-01,6.691178e-16
185.1,435.0,-5.000000e-01,-7.743422e-15,7.071068e-01,-4.998790e-01,1.584496e-14,1.817561e-01,-5.000000e-01,7.071068e-01,-3.188414e-14,-4.998790e-01,1.817561e-01,3.781046e-15,-5.000000e-01,6.178727e-15,-7.071068e-01,-4.998790e-01,-1.888805e-14,-1.817561e-01,-5.000000e-01,-7.071068e-01,1.420581e-14,-4.998790e-01,-1.817561e-01,-2.995034e-15
185.1,460.0,-5.000000e-01,6.407272e-15,7.071068e-01,-4.998790e-01,6.279642e-15,1.817619e-01,-5.000000e-01,7.071068e-01,-1.465729e-14,-4.998790e-01,1.817619e-01,-3.746116e-15,-5.000000e-01,-7.164001e-15,-7.071068e-01,-4.998790e-01,-7.767163e-15,-1.817619e-01,-5.000000e-01,-7.071068e-01,1.413910e-14,-4.998790e-01,-1.817619e-01,2.303184e-15
185.1,485.0,-5.000000e-01,1.653755e-15,7.071068e-01,-4.998790e-01,2.726784e-15,1.817677e-01,-5.000000e-01,7.071068e-01,-2.549231e-14,-4.998790e-01,1.817677e-01,2.318685e-16,-5.000000e-01,-6.523188e-16,-7.071068e-01,-4.998790e-01,-2.368271e-15,-1.817677e-01,-5.000000e-01,-7.071068e-01,-4.920220e-15,-4.998790e-01,-1.817677e-01,-4.866634e-16
185.1,510.0,-5.000000e-01,1.400303e-14,7.071068e-01,-4.998790e-01,2.216289e-15,1.817735e-01,-5.000000e-01,7.071068e-01,3.842244e-14,-4.998790e-01,1.817735e-01,-8.876769e-15,-5.000000e-01,-1.141292e-14,-7.071068e-01,-4.998790e-01,-6.081632e-16,-1.817735e-01,-5.000000e-01,-7.071068e-01,-1.837073e-14,-4.998790e-01,-1.817735e-01,7.040312e-15
185.1,535.0,-5.000000e-01,9.395292e-15,7.071068e-01,-4.998790e-01,1.135951e-16,1.817794e-01,-5.000000e-01,7.071068e-01,7.537469e-15,-4.998790e-01,1.817794e-01,-3.884125e-15,-5.000000e-01,-1.184351e-14,-7.071068e-01,-4.998790e-01,1.309653e-16,-1.817794e-01,-5.000000e-01,-7.071068e-01,2.741325e-15,-4.998790e-01,-1.817794e-01,3.007541e-15
185.1,560.0,-5.000000e-01,1.461483e-14,7.071068e-01,-4.998790e-01,4.407408e-16,1.817853e-01,-5.000000e-01,7.071068e-01,2.069609e-15,-4.998790e-01,1.817853e-01,-6.190195e-15,-5.000000e-01,-1.439405e-14,-7.071068e-01,-4.998790e-01,-3.701338e-16,-1.817853e-01,-5.000000e-01,-7.071068e-01,1.274732e-14,-4.998790e-01,-1.817853e-01,7.023974e-15
185.1,585.0,-5.000000e-01,2.968191e-16,7.071068e-01,-4.998790e-01,3.597095e-15,1.817912e-01,-5.000000e-01,7.071068e-01,4.364626e-15,-4.998790e-01,1.817912e-01,5.343491e-16,-5.000000e-01,4.721600e-16,-7.071068e-01,-4.998790e-01,-2.332852e-15,-1.817912e-01,-5.000000e-01,-7.071068e-01,-1.051225e-14,-4.998790e-01,-1.817912e-01,2.729751e-15
185.1,610.0,-5.000000e-01,-5.878765e-16,7.071068e-01,-4.998790e-01,-9.116977e-15,1.817971e-01,-5.000000e-01,7.071068e-01,2.351493e-14,-4.998790e-01,1.817971e-01,4.213321e-15,-5.000000e-01,1.557464e-15,-7.071068e-01,-4.998790e-01,5.641141e-15,-1.817971e-01,-5.000000e-01,-7.071068e-01,-2.370456e-14,-4.998790e-01,-1.817971e-01,4.220634e-15
185.1,635.0,-5.000000e-01,5.735605e-15,7.071068e-01,-4.998790e-01,1.036798e-14,1.818031e-01,-5.000000e-01,7.071068e-01,3.675243e-14,-4.998790e-01,1.818031e-01,3.242849e-15,-5.000000e-01,-1.011503e-14,-7.071068e-01,-4.998790e-01,-1.096376e-14,-1.818031e-01,-5.000000e-01,-7.071068e-01,-2.435834e-14,-4.998790e-01,-1.818031e-01,-3.928867e-16
185.1,660.0,-5.000000e-01,4.438333e-14,7.071068e-01,-4.998790e-01,2.490661e-15,1.818091e-01,-5.000000e-01,7.071068e-01,1.817915e-14,-4.998790e-01,1.818091e-01,1.530600e-14,-5.000000e-01,-4.340256e-14,-7.071068e-01,-4.998790e-01,-2.237654e-15,-1.818091e-01,-5.000000e-01,-7.071068e-01,-2.723442e-14,-4.998790e-01,-1.818091e-01,-1.568454e-14
185.1,685.0,-5.000000e-01,-7.791823e-15,7.071068e-01,-4.998790e-01,3.664853e-15,1.818151e-01,-5.000000e-01,7.071068e-01,-4.355209e-15,-4.998790e-01,1.818151e-01,5.346609e-15,-5.000000e-01,9.346979e-15,-7.071068e-01,-4.998790e-01,-3.602428e-15,-1.818151e-01,-5.000000e-01,-7.071068e-01,-3.887294e-15,-4.998790e-01,-1.818151e-01,-5.272523e-15
185.1,710.0,-5.000000e-01,9.112054e-15,7.071068e-01,-4.998790e-01,1.113977e-14,1.818211e-01,-5.000000e-01,7.071068e-01,-2.570423e-15,-4.998790e-01,1.818211e-01,-4.068629e-15,-5.000000e-01,-9.452809e-15,-7.071068e-01,-4.998790e-01,-9.926484e-15,-1.818211e-01,-5.000000e-01,-7.071068e-01,-2.980200e-16,-4.998790e-01,-1.818211e-01,3.630539e-15
185.1,735.0,-5.000000e-01,-1.822383e-14,7.071068e-01,-4.998790e-01,2.780111e-15,1.818272e-01,-5.000000e-01,7.071068e-01,-1.547795e-14,-4.998790e-01,1.818272e-01,3.227705e-16,-5.000000e-01,1.523883e-14,-7.071068e-01,-4.998790e-01,-2.903410e-15,-1.818272e-01,-5.000000e-01,-7.071068e-01,-1.352967e-14,-4.998790e-01,-1.818272e-01,-5.638423e-16
185.1,760.0,-5.000000e-01,3.759109e-14,7.071068e-01,-4.998790e-01,7.467560e-15,1.818333e-01,-5.000000e-01,7.071068e-01,-1.624763e-15,-4.998790e-01,1.818333e-01,-1.320491e-15,-5.000000e-01,-3.525071e-14,-7.071068e-01,-4.998790e-01,-7.748874e-15,-1.818333e-01,-5.000000e-01,-7.071068e-01,2.123023e-14,-4.998790e-01,-1.818333e-01,1.944099e-15
185.1,785.0,-5.000000e-01,5.926134e-15,7.071068e-01,-4.998790e-01,4.674498e-15,1.818395e-01,-5.000000e-01,7.071068e-01,-1.286590e-14,-4.998790e-01,1.818395e-01,-4.656121e-15,-5.000000e-01,1.415836e-16,-7.071068e-01,-4.998790e-01,-5.617279e-15,-1.818395e-01,-5.000000e-01,-7.071068e-01,9.757844e-16,-4.998790e-01,-1.818395e-01,-1.080972e-14
185.1,810.0,-5.000000e-01,2.214199e-14,7.071068e-01,-4.998790e-01,-7.814196e-15,1.818456e-01,-5.000000e-01,7.071068e-01,1.246212e-15,-4.998790e-01,1.818456e-01,-2.017710e-15,-5.000000e-01,-2.144175e-14,-7.071068e-01,-4.998790e-01,8.116419e-15,-1.818456e-01,-5.000000e-01,-7.071068e-01,4.984848e-15,-4.998790e-01,-1.818456e-01,1.483990e-15
185.1,835.0,-5.000000e-01,2.335114e-15,7.071068e-01,-4.998790e-01,2.838468e-15,1.818518e-01,-5.000000e-01,7.071068e-01,4.380321e-16,-4.998790e-01,1.818518e-01,-4.023060e-15,-5.000000e-01,-2.607841e-15,-7.071068e-01,-4.998790e-01,-2.831207e-15,-1.818518e-01,-5.000000e-01,-7.071068e-01,-3.403173e-15,-4.998790e-01,-1.818518e-01,4.257137e-15
185.1,860.0,-5.000000e-01,-4.747692e-15,7.071068e-01,-4.998790e-01,8.784661e-15,1.818580e-01,-5.000000e-01,7.071068e-01,1.500918e-15,-4.998790e-01,1.818580e-01,8.006274e-15,-5.000000e-01,1.212971e-14,-7.071068e-01,-4.998790e-01,-8.320290e-15,-1.818580e-01,-5.000000e-01,-7.071068e-01,2.968482e-14,-4.998790e-01,-1.818580e-01,-8.053108e-15
185.1,885.0,-5.000000e-01,2.174705e-14,7.071068e-01,-4.998790e-01,1.233181e-15,1.818643e-01,-5.000000e-01,7.071068e-01,1.190302e-14,-4.998790e-01,1.818643e-01,-2.681415e-15,-5.000000e-01,-1.740921e-14,-7.071068e-01,-4.998790e-01,-1.098587e-15,-1.818643e-01,-5.000000e-01,-7.071068e-01,-1.125962e-14,-4.998790e-01,-1.818643e-01,-7.522926e-16
187.6,10.0,-5.000000e-01,-1.400579e-14,7.071068e-01,-4.998799e-01,-3.563107e-14,1.833876e-01,-5.000000e-01,7.071068e-01,-1.296041e-14,-4.998799e-01,1.833876e-01,1.083558e-14,-5.000000e-01,3.266826e-16,-7.071068e-01,-4.998799e-01,3.587000e-14,-1.833876e-01,-5.000000e-01,-7.071068e-01,-8.960176e-16,-4.998799e-01,-1.833876e-01,-1.150759e-14
187.6,35.0,-5.000000e-01,-9.860791e-15,7.071068e-01,-4.998799e-01,2.704669e-15,1.833924e-01,-5.000000e-01,7.071068e-01,-2.111449e-15,-4.998799e-01,1.833924e-01,5.624933e-15,-5.000000e-01,1.740605e-14,-7.071068e-01,-4.998799e-01,-2.193473e-15,-1.833924e-01,-5.000000e-01,-7.071068e-01,1.954349e-14,-4.998799e-01,-1.833924e-01,-5.371249e-15
187.6,60.0,-5.000000e-01,2.180575e-14,7.071068e-01,-4.998799e-01,-1.522244e-14,1.833973e-01,-5.000000e-01,7.071068e-01,-5.546575e-15,-4.998799e-01,1.833973e-01,-1.791413e-15,-5.000000e-01,-2.056614e-14,-7.071068e-01,-4.998799e-01,1.550016e-14,-1.833973e-01,-5.000000e-01,-7.071068e-01,-2.055675e-15,-4.998799e-01,-1.833973e-01,6.517311e-15
187.6,85.0,-5.000000e-01,4.718219e-15,7.071068e-01,-4.998799e-01,5.057971e-15,1.834022e-01,-5.000000e-01,7.071068e-01,-3.399578e-15,-4.998799e-01,1.834022e-01,-2.946733e-15,-5.000000e-01,-4.175570e-15,-7.071068e-01,-4.998799e-01,-5.167905e-15,-1.834022e-01,-5.000000e-01,-7.071068e-01,3.530691e-15,-4.998799e-01,-1.834022e-01,3.403939e-15
187.6,110.0,-5.000000e-01,2.577070e-14,7.071068e-01,-4.998799e-01,4.767238e-15,1.834072e-01,-5.000000e-01,7.071068e-01,2.326053e-14,-4.998799e-01,1.834072e-01,7.812993e-16,-5.000000e-01,-2.526118e-14,-7.071068e-01,-4.998799e-01,-3.913331e-15,-1.834072e-01,-5.000000e-01,-7.071068e-01,-1.341181e-14,-4.998799e-01,-1.834072e-01,-3.188455e-16
187.6,135.0,-5.000000e-01,5.176166e-14,7.071068e-01,-4.998799e-01,6.317501e-15,1.834122e-01,-5.000000e-01,7.071068e-01,1.512563e-14,-4.998799e-01,1.834122e-01,-6.054572e-15,-5.000000e-01,-5.310427e-14,-7.071068e-01,-4.998799e-01,-6.573963e-15,-1.834122e-01,-5.000000e-01,-7.071068e-01,-1.621103e-14,-4.998799e-01,-1.834122e-01,6.100796e-15
187.6,160.0,-5.000000e-01,8.050115e-14,7.071068e-01,-4.998799e-01,4.697511e-15,1.834172e-01,-5.000000e-01,7.071068e-01,-4.809375e-14,-4.998799e-01,1.834172e-01,-3.828717e-14,-5.000000e-01,-8.720710e-14,-7.071068e-01,-4.998799e-01,-4.605161e-15,-1.834172e-01,-5.000000e-01,-7.071068e-01,5.917833e-14,-4.998799e-01,-1.834172e-01,3.174658e-14
187.6,185.0,-5.000000e-01,5.058240e-15,7.071068e-01,-4.998799e-01,-7.127063e-15,1.834222e-01,-5.000000e-01,7.071068e-01,-1.145242e-14,-4.998799e-01,1.834222e-01,-3.606091e-15,-5.000000e-01,-6.043734e-15,-7.071068e-01,-4.998799e-01,6.978506e-15,-1.834222e-01,-5.000000e-01,-7.071068e-01,8.515902e-15,-4.998799e-01,-1.834222e-01,3.881190e-15
187.6,210.0,-5.000000e-01,8.625737e-15,7.071068e-01,-4.998799e-01,1.355930e-15,1.834272e-01,-5.000000e-01,7.071068e-01,1.546129e-15,-4.998799e-01,1.834272e-01,-6.055164e-15,-5.000000e-01,-8.712626e-15,-7.071068e-01,-4.998799e-01,-1.002301e-15,-1.834272e-01,-5.000000e-01,-7.071068e-01,2.476851e-14,-4.998799e-01,-1.834272e-01,5.523936e-15
187.6,235.0,-5.000000e-01,2.796745e-16,7.071068e-01,-4.998799e-01,-1.113153e-14,1.834323e-01,-5.000000e-01,7.071068e-01,-2.034862e-14,-4.998799e-01,1.834323e-01,8.106451e-15,-5.000000e-01,2.916212e-15,-7.071068e-01,-4.998799e-01,1.123091e-14,-1.834323e-01,-5.000000e-01,-7.071068e-01,7.901325e-15,-4.998799e-01,-1.834323e-01,-8.373544e-15
187.6,260.0,-5.000000e-01,7.407767e-15,7.071068e-01,-4.998799e-01,-1.028307e-15,1.834374e-01,-5.000000e-01,7.071068e-01,4.215058e-14,-4.998799e-01,1.834374e-01,-3.450725e-15,-5.000000e-01,-3.936755e-15,-7.071068e-01,-4.998799e-01,5.231932e-15,-1.834374e-01,-5.000000e-01,-7.071068e-01,-1.677478e-14,-4.998799e-01,-1.834374e-01,5.313000e-15
187.6,285.0,-5.000000e-01,1.052055e-15,7.071068e-01,-4.998799e-01,5.424449e-15,1.834425e-01,-5.000000e-01,7.071068e-01,-2.901474e-15,-4.998799e-01,1.834425e-01,7.176680e-15,-5.000000e-01,2.598160e-15,-7.071068e-01,-4.998799e-01,2.837656e-15,-1.834425e-01,-5.000000e-01,-7.071068e-01,-2.248642e-14,-4.998799e-01,-1.834425e-01,1.288468e-14
187.6,310.0,-5.000000e-01,6.738533e-16,7.071068e-01,-4.998799e-01,8.476954e-15,1.834477e-01,-5.000000e-01,7.071068e-01,3.663075e-15,-4.998799e-01,1.834477e-01,-1.969856e-15,-5.000000e-01,-3.636329e-16,-7.071068e-01,-4.998799e-01,-8.557810e-15,-1.834477e-01,-5.000000e-01,-7.071068e-01,6.520273e-15,-4.998799e-01,-1.834477e-01,1.923725e-15
187.6,335.0,-5.000000e-01,2.869591e-15,7.071068e-01,-4.998799e-01,-2.116426e-15,1.834529e-01,-5.000000e-01,7.071068e-01,1.106185e-14,-4.998799e-01,1.834529e-01,-1.749278e-16,-5.000000e-01,-1.731297e-15,-7.071068e-01,-4.998799e-01,5.675628e-15,-1.834529e-01,-5.000000e-01,-7.071068e-01,-1.290383e-14,-4.998799e-01,-1.834529e-01,-7.927307e-17
187.6,360.0,-5.000000e-01,-5.474532e-15,7.071068e-01,-4.998799e-01,-2.934987e-15,1.834581e-01,-5.000000e-01,7.071068e-01,4.037390e-15,-4.998799e-01,1.834581e-01,-3.054027e-16,-5.000000e-01,5.990483e-15,-7.071068e-01,-4.998799e-01,2.906397e-15,-1.834581e-01,-5.000000e-01,-7.071068e-01,-3.375370e-15,-4.998799e-01,-1.834581e-01,1.476307e-15
187.6,385.0,-5.000000e-01,2.058645e-14,7.071068e-01,-4.998799e-01,-6.063166e-15,1.834633e-01,-5.000000e-01,7.071068e-01,-1.503917e-14,-4.998799e-01,1.834633e-01,-6.120086e-15,-5.000000e-01,-2.288718e-14,-7.071068e-01,-4.998799e-01,5.555477e-15,-1.834633e-01,-5.000000e-01,-7.071068e-01,2.351273e-14,-4.998799e-01,-1.834633e-01,5.095448e-15
187.6,410.0,-5.000000e-01,3.477525e-15,7.071068e-01,-4.998798e-01,9.212747e-16,1.834685e-01,-5.000000e-01,7.071068e-01,-3.063554e-15,-4.998798e-01,1.834685e-01,-1.575593e-15,-5.000000e-01,-6.284435e-16,-7.071068e-01,-4.998798e-01,1.469108e-15,-1.834685e-01,-5.000000e-01,-7.071068e-01,-1.388589e-14,-4.998798e-01,-1.834685e-01,-8.966171e-16
187.6,435.0,-5.000000e-01,3.859724e-15,7.071068e-01,-4.998798e-01,5.374828e-15,1.834738e-01,-5.000000e-01,7.071068e-01,6.982109e-15,-4.998798e-01,1.834738e-01,1.449776e-14,-5.000000e-01,4.308808e-15,-7.071068e-01,-4.998798e-01,-5.409313e-15,-1.834738e-01,-5.000000e-01,-7.071068e-01,-6.095492e-16,-4.998798e-01,-1.834738e-01,-1.462003e-14
187.6,460.0,-5.000000e-01,3.376846e-15,7.071068e-01,-4.998798e-01,-3.195141e-15,1.834791e-01,-5.000000e-01,7.071068e-01,1.153561e-14,-4.998798e-01,1.834791e-01,-3.775977e-15,-5.000000e-01,-6.493935e-16,-7.071068e-01,-4.998798e-01,3.048513e-15,-1.834791e-01,-5.000000e-01,-7.071068e-01,-8.090241e-15,-4.998798e-01,-1.834791e-01,3.022914e-15
187.6,485.0,-5.000000e-01,-8.495177e-16,7.071068e-01,-4.998798e-01,1.631330e-14,1.834845e-01,-5.000000e-01,7.071068e-01,-7.841374e-15,-4.998798e-01,1.834845e-01,5.085037e-17,-5.000000e-01,-2.473558e-15,-7.071068e-01,-4.998798e-01,-2.433605e-14,-1.834845e-01,-5.000000e-01,-7.071068e-01,1.808469e-14,-4.998798e-01,-1.834845e-01,5.200682e-15
187.6,510.0,-5.000000e-01,-9.000658e-15,7.071068e-01,-4.998798e-01,1.048563e-15,1.834898e-01,-5.000000e-01,7.071068e-01,7.870364e-15,-4.998798e-01,1.834898e-01,2.726599e-15,-5.000000e-01,1.002824e-14,-7.071068e-01,-4.998798e-01,2.231141e-15,-1.834898e-01,-5.000000e-01,-7.071068e-01,5.381133e-15,-4.998798e-01,-1.834898e-01,-2.797710e-15
187.6,535.0,-5.000000e-01,-6.860041e-16,7.071068e-01,-4.998798e-01,-8.163830e-15,1.834952e-01,-5.000000e-01,7.071068e-01,-1.696777e-14,-4.998798e-01,1.834952e-01,5.984675e-15,-5.000000e-01,-3.915947e-15,-7.071068e-01,-4.998798e-01,7.872743e-15,-1.834952e-01,-5.000000e-01,-7.071068e-01,-1.102905e-14,-4.998798e-01,-1.834952e-01,-3.236550e-15
187.6,560.0,-5.000000e-01,2.304793e-14,7.071068e-01,-4.998798e-01,2.407264e-16,1.835006e-01,-5.000000e-01,7.071068e-01,-5.249790e-15,-4.998798e-01,1.835006e-01,-5.743793e-15,-5.000000e-01,-1.538721e-14,-7.071068e-01,-4.998798e-01,2.594019e-16,-1.835006e-01,-5.000000e-01,-7.071068e-01,-4.751392e-15,-4.998798e-01,-1.835006e-01,5.463120e-15
187.6,585.0,-5.000000e-01,9.462920e-15,7.071068e-01,-4.998798e-01,8.891915e-15,1.835061e-01,-5.000000e-01,7.071068e-01,2.758732e-15,-4.998798e-01,1.835061e-01,9.788467e-15,-5.000000e-01,-1.326856e-15,-7.071068e-01,-4.998798e-01,1.006743e-14,-1.835061e-01,-5.000000e-01,-7.071068e-01,1.702196e-14,-4.998798e-01,-1.835061e-01,8.706639e-15
187.6,610.0,-5.000000e-01,1.515895e-15,7.071068e-01,-4.998798e-01,-4.840581e-15,1.835116e-01,-5.000000e-01,7.071068e-01,2.154220e-14,-4.998798e-01,1.835116e-01,3.621797e-15,-5.000000e-01,-5.545953e-16,-7.071068e-01,-4.998798e-01,4.726214e-15,-1.835116e-01,-5.000000e-01,-7.071068e-01,3.047615e-14,-4.998798e-01,-1.835116e-01,-2.417963e-15
187.6,635.0,-5.000000e-01,-3.968308e-15,7.071068e-01,-4.998798e-01,3.362800e-14,1.835171e-01,-5.000000e-01,7.071068e-01,-9.809015e-15,-4.998798e-01,1.835171e-01,-4.712658e-15,-5.000000e-01,2.641038e-15,-7.071068e-01,-4.998798e-01,-3.368988e-14,-1.835171e-01,-5.000000e-01,-7.071068e-01,3.009504e-14,-4.998798e-01,-1.835171e-01,4.993047e-15
187.6,660.0,-5.000000e-01,-9.635800e-15,7.071068e-01,-4.998798e-01,-5.801254e-16,1.835226e-01,-5.000000e-01,7.071068e-01,-6.574567e-16,-4.998798e-01,1.835226e-01,6.939696e-16,-5.000000e-01,5.605935e-15,-7.071068e-01,-4.998798e-01,2.398699e-15,-1.835226e-01,-5.000000e-01,-7.071068e-01,8.309522e-15,-4.998798e-01,-1.835226e-01,-4.579288e-15
187.6,685.0,-5.000000e-01,-2.728255e-14,7.071068e-01,-4.998798e-01,8.800492e-15,1.835281e-01,-5.000000e-01,7.071068e-01,6.263921e-15,-4.998798e-01,1.835281e-01,1.025947e-14,-5.000000e-01,3.201584e-14,-7.071068e-01,-4.998798e-01,-9.044598e-15,-1.835281e-01,-5.000000e-01,-7.071068e-01,1.358282e-14,-4.998798e-01,-1.835281e-01,-9.638871e-15
187.6,710.0,-5.000000e-01,4.330143e-15,7.071068e-01,-4.998798e-01,4.671667e-15,1.835337e-01,-5.000000e-01,7.071068e-01,1.691050e-14,-4.998798e-01,1.835337e-01,-1.832681e-15,-5.000000e-01,-5.364330e-15,-7.071068e-01,-4.998798e-01,-5.005371e-15,-1.835337e-01,-5.000000e-01,-7.071068e-01,1.687459e-14,-4.998798e-01,-1.835337e-01,2.703250e-15
187.6,735.0,-5.000000e-01,6.857409e-16,7.071068e-01,-4.998798e-01,-2.664998e-16,1.835393e-01,-5.000000e-01,7.071068e-01,4.111332e-15,-4.998798e-01,1.835393e-01,-4.653969e-15,-5.000000e-01,-1.357309e-15,-7.071068e-01,-4.998798e-01,5.376154e-16,-1.835393e-01,-5.000000e-01,-7.071068e-01,-7.017618e-15,-4.998798e-01,-1.835393e-01,4.190696e-15
187.6,760.0,-5.000000e-01,9.136714e-15,7.071068e-01,-4.998798e-01,-3.711497e-15,1.835450e-01,-5.000000e-01,7.071068e-01,-4.018631e-15,-4.998798e-01,1.835450e-01,-7.838688e-16,-5.000000e-01,8.021359e-17,-7.071068e-01,-4.998798e-01,3.839936e-15,-1.835450e-01,-5.000000e-01,-7.071068e-01,-4.836582e-15,-4.998798e-01,-1.835450e-01,8.092479e-16
187.6,785.0,-5.000000e-01,1.665755e-15,7.071068e-01,-4.998798e-01,2.329006e-15,1.835506e-01,-5.000000e-01,7.071068e-01,1.439601e-14,-4.998798e-01,1.835506e-01,1.220771e-15,-5.000000e-01,-4.009771e-15,-7.071068e-01,-4.998798e-01,-2.161239e-15,-1.835506e-01,-5.000000e-01,-7.071068e-01,1.570729e-14,-4.998798e-01,-1.835506e-01,3.561384e-16
187.6,810.0,-5.000000e-01,9.403685e-15,7.071068e-01,-4.998798e-01,-1.858032e-15,1.835563e-01,-5.000000e-01,7.071068e-01,1.853818e-14,-4.998798e-01,1.835563e-01,5.009141e-15,-5.000000e-01,-1.008788e-14,-7.071068e-01,-4.998798e-01,1.868305e-15,-1.835563e-01,-5.000000e-01,-7.071068e-01,2.657717e-14,-4.998798e-01,-1.835563e-01,-4.694618e-15
187.6,835.0,-5.000000e-01,1.469098e-14,7.071068e-01,-4.998798e-01,7.440226e-15,1.835621e-01,-5.000000e-01,7.071068e-01,1.753099e-14,-4.998798e-01,1.835621e-01,6.097709e-16,-5.000000e-01,-1.636255e-14,-7.071068e-01,-4.998798e-01,-7.617610e-15,-1.835621e-01,-5.000000e-01,-7.071068e-01,6.425553e-15,-4.998798e-01,-1.835621e-01,3.415589e-16
187.6,860.0,-5.000000e-01,4.630342e-15,7.071068e-01,-4.998798e-01,-2.779144e-15,1.835678e-01,-5.000000e-01,7.071068e-01,2.153125e-14,-4.998798e-01,1.835678e-01,-4.062441e-15,-5.000000e-01,1.579820e-14,-7.071068e-01,-4.998798e-01,3.052315e-15,-1.835678e-01,-5.000000e-01,-7.071068e-01,-1.122127e-14,-4.998798e-01,-1.835678e-01,4.056379e-15
187.6,885.0,-5.000000e-01,-1.282316e-14,7.071068e-01,-4.998798e-01,3.227907e-16,1.835736e-01,-5.000000e-01,7.071068e-01,1.633982e-14,-4.998798e-01,1.835736e-01,1.343561e-14,-5.000000e-01,1.378652e-14,-7.071068e-01,-4.998798e-01,5.288634e-15,-1.835736e-01,-5.000000e-01,-7.071068e-01,-9.332084e-15,-4.998798e-01,-1.835736e-01,7.822955e-15
190.1,10.0,-5.000000e-01,1.324929e-15,7.071068e-01,-4.998807e-01,-8.891633e-16,1.850953e-01,-5.000000e-01,7.071068e-01,-7.931666e-16,-4.998807e-01,1.850953e-01,1.478911e-16,-5.000000e-01,-5.895699e-15,-7.071068e-01,-4.998807e-01,1.290919e-15,-1.850953e-01,-5.000000e-01,-7.071068e-01,1.170763e-14,-4.998807e-01,-1.850953e-01,9.152678e-16
190.1,35.0,-5.000000e-01,4.913350e-14,7.071068e-01,-4.998807e-01,-7.812448e-15,1.850998e-01,-5.000000e-01,7.071068e-01,1.960210e-14,-4.998807e-01,1.850998e-01,9.871056e-15,-5.000000e-01,-4.399222e-14,-7.071068e-01,-4.998807e-01,9.373570e-15,-1.850998e-01,-5.000000e-01,-7.071068e-01,-2.075696e-14,-4.998807e-01,-1.850998e-01,5.270228e-15
190.1,60.0,-5.000000e-01,-3.056869e-15,7.071068e-01,-4.998807e-01,-2.074668e-14,1.851042e-01,-5.000000e-01,7.071068e-01,-9.576891e-15,-4.998807e-01,1.851042e-01,4.971084e-15,-5.000000e-01,3.572106e-15,-7.071068e-01,-4.998807e-01,2.062352e-14,-1.851042e-01,-5.000000e-01,-7.071068e-01,6.431853e-16,-4.998807e-01,-1.851042e-01,-5.158377e-15
190.1,85.0,-5.000000e-01,-1.578395e-15,7.071068e-01,-4.998807e-01,8.182150e-15,1.851087e-01,-5.000000e-01,7.071068e-01,1.300637e-14,-4.998807e-01,1.851087e-01,-5.869754e-15,-5.000000e-01,-5.590720e-15,-7.071068e-01,-4.998807e-01,-8.400211e-15,-1.851087e-01,-5.000000e-01,-7.071068e-01,-1.343496e-14,-4.998807e-01,-1.851087e-01,5.993107e-15
190.1,110.0,-5.000000e-01,1.177188e-15,7.071068e-01,-4.998807e-01,-1.062701e-14,1.851132e-01,-5.000000e-01,7.071068e-01,-1.251015e-14,-4.998807e-01,1.851132e-01,2.661527e-15,-5.000000e-01,-1.042915e-14,-7.071068e-01,-4.998807e-01,1.022275e-14,-1.851132e-01,-5.000000e-01,-7.071068e-01,1.251430e-14,-4.998807e-01,-1.851132e-01,-3.446669e-15
190.1,135.0,-5.000000e-01,7.876752e-15,7.071068e-01,-4.998807e-01,-1.027353e-14,1.851177e-01,-5.000000e-01,7.071068e-01,1.771639e-15,-4.998807e-01,1.851177e-01,-2.117060e-15,-5.000000e-01,-6.350507e-15,-7.071068e-01,-4.998807e-01,1.077350e-14,-1.851177e-01,-5.000000e-01,-7.071068e-01,-1.957807e-14,-4.998807e-01,-1.851177e-01,1.397462e-15
190.1,160.0,-5.000000e-01,7.730535e-15,7.071068e-01,-4.998806e-01,6.728542e-15,1.851223e-01,-5.000000e-01,7.071068e-01,-1.287062e-14,-4.998806e-01,1.851223e-01,-1.382329e-15,-5.000000e-01,-4.964631e-15,-7.071068e-01,-4.998806e-01,-6.976014e-15,-1.851223e-01,-5.000000e-01,-7.071068e-01,1.335263e-14,-4.998806e-01,-1.851223e-01,1.994407e-15
190.1,185.0,-5.000000e-01,-2.601375e-14,7.071068e-01,-4.998806e-01,-1.503424e-14,1.851268e-01,-5.000000e-01,7.071068e-01,-6.290567e-15,-4.998806e-01,1.851268e-01,1.185506e-14,-5.000000e-01,1.743533e-14,-7.071068e-01,-4.998806e-01,1.400807e-14,-1.851268e-01,-5.000000e-01,-7.071068e-01,-3.971559e-16,-4.998806e-01,-1.851268e-01,-7.582222e-15
190.1,210.0,-5.000000e-01,2.782713e-14,7.071068e-01,-4.998806e-01,-3.782291e-15,1.851314e-01,-5.000000e-01,7.071068e-01,7.459038e-15,-4.998806e-01,1.851314e-01,-9.399000e-15,-5.000000e-01,-1.972042e-14,-7.071068e-01,-4.998806e-01,4.061908e-15,-1.851314e-01,-5.000000e-01,-7.071068e-01,2.253127e-15,-4.998806e-01,-1.851314e-01,9.576469e-15
190.1,235.0,-5.000000e-01,4.038018e-14,7.071068e-01,-4.998806e-01,1.488557e-14,1.851360e-01,-5.000000e-01,7.071068e-01,-1.482250e-14,-4.998806e-01,1.851360e-01,-5.048987e-15,-5.000000e-01,-2.862452e-14,-7.071068e-01,-4.998806e-01,-1.559642e-14,-1.851360e-01,-5.000000e-01,-7.071068e-01,1.170382e-14,-4.998806e-01,-1.851360e-01,-8.571394e-15
190.1,260.0,-5.000000e-01,3.240151e-15,7.071068e-01,-4.998806e-01,-1.197063e-14,1.851407e-01,-5.000000e-01,7.071068e-01,1.410511e-14,-4.998806e-01,1.851407e-01,1.398676e-15,-5.000000e-01,-2.480456e-15,-7.071068e-01,-4.998806e-01,1.155820e-14,-1.851407e-01,-5.000000e-01,-7.071068e-01,-2.592414e-15,-4.998806e-01,-1.851407e-01,-2.433064e-16
190.1,285.0,-5.000000e-01,1.534286e-15,7.071068e-01,-4.998806e-01,-1.294881e-14,1.851454e-01,-5.000000e-01,7.071068e-01,2.369169e-14,-4.998806e-01,1.851454e-01,4.027017e-15,-5.000000e-01,-7.970357e-16,-7.071068e-01,-4.998806e-01,1.273360e-14,-1.851454e-01,-5.000000e-01,-7.071068e-01,-9.903322e-15,-4.998806e-01,-1.851454e-01,-4.080462e-15
190.1,310.0,-5.000000e-01,-5.923210e-15,7.071068e-01,-4.998806e-01,6.316919e-15,1.851501e-01,-5.000000e-01,7.071068e-01,1.177901e-14,-4.998806e-01,1.851501e-01,3.034083e-14,-5.000000e-01,1.292111e-14,-7.071068e-01,-4.998806e-01,8.082005e-15,-1.851501e-01,-5.000000e-01,-7.071068e-01,4.573879e-14,-4.998806e-01,-1.851501e-01,2.450759e-14
190.1,335.0,-5.000000e-01,1.515797e-14,7.071068e-01,-4.998806e-01,-6.306316e-16,1.851548e-01,-5.000000e-01,7.071068e-01,-2.277559e-14,-4.998806e-01,1.851548e-01,-4.115281e-15,-5.000000e-01,-1.325509e-14,-7.071068e-01,-4.998806e-01,7.268074e-16,-1.851548e-01,-5.000000e-01,-7.071068e-01,7.406695e-16,-4.998806e-01,-1.851548e-01,4.844410e-15
190.1,360.0,-5.000000e-01,-2.686024e-15,7.071068e-01,-4.998806e-01,5.891121e-16,1.851595e-01,-5.000000e-01,7.071068e-01,4.424451e-15,-4.998806e-01,1.851595e-01,9.846808e-16,-5.000000e-01,3.917119e-15,-7.071068e-01,-4.998806e-01,-8.536378e-16,-1.851595e-01,-5.000000e-01,-7.071068e-01,-1.811171e-14,-4.998806e-01,-1.851595e-01,3.599689e-16
190.1,385.0,-5.000000e-01,1.255731e-14,7.071068e-01,-4.998806e-01,-8.320805e-16,1.851643e-01,-5.000000e-01,7.071068e-01,7.464945e-16,-4.998806e-01,1.851643e-01,-1.222474e-15,-5.000000e-01,-1.101046e-14,-7.071068e-01,-4.998806e-01,1.165363e-15,-1.851643e-01,-5.000000e-01,-7.071068e-01,5.259393e-15,-4.998806e-01,-1.851643e-01,7.522697e-16
190.1,410.0,-5.000000e-01,4.790192e-15,7.071068e-01,-4.998806e-01,7.966850e-16,1.851691e-01,-5.000000e-01,7.071068e-01,-3.185647e-15,-4.998806e-01,1.851691e-01,-5.425408e-15,-5.000000e-01,-2.965760e-14,-7.071068e-01,-4.998806e-01,-2.160866e-15,-1.851691e-01,-5.000000e-01,-7.071068e-01,6.917405e-16,-4.998806e-01,-1.851691e-01,4.607811e-15
190.1,435.0,-5.000000e-01,9.220339e-16,7.071068e-01,-4.998806e-01,-7.755230e-16,1.851739e-01,-5.000000e-01,7.071068e-01,1.267662e-14,-4.998806e-01,1.851739e-01,-1.324402e-16,-5.000000e-01,-4.200246e-16,-7.071068e-01,-4.998806e-01,2.552593e-15,-1.851739e-01,-5.000000e-01,-7.071068e-01,-1.523991e-15,-4.998806e-01,-1.851739e-01,-7.918574e-16
190.1,460.0,-5.000000e-01,-2.299658e-15,7.071068e-01,-4.998806e-01,2.134477e-14,1.851788e-01,-5.000000e-01,7.071068e-01,-3.069026e-14,-4.998806e-01,1.851788e-01,-1.219132e-15,-5.000000e-01,1.537601e-15,-7.071068e-01,-4.998806e-01,-2.151068e-14,-1.851788e-01,-5.000000e-01,-7.071068e-01,4.533703e-14,-4.998806e-01,-1.851788e-01,1.331032e-15
190.1,485.0,-5.000000e-01,-1.222068e-14,7.071068e-01,-4.998806e-01,-9.332471e-15,1.851837e-01,-5.000000e-01,7.071068e-01,-7.569072e-15,-4.998806e-01,1.851837e-01,-2.304198e-15,-5.000000e-01,1.336882e-14,-7.071068e-01,-4.998806e-01,9.215015e-15,-1.851837e-01,-5.000000e-01,-7.071068e-01,-1.622763e-14,-4.998806e-01,-1.851837e-01,1.343551e-15
190.1,510.0,-5.000000e-01,5.294311e-15,7.071068e-01,-4.998806e-01,-2.031302e-15,1.851886e-01,-5.000000e-01,7.071068e-01,-1.551538e-14,-4.998806e-01,1.851886e-01,1.463524e-14,-5.000000e-01,-6.236322e-15,-7.071068e-01,-4.998806e-01,2.150973e-15,-1.851886e-01,-5.000000e-01,-7.071068e-01,2.489677e-14,-4.998806e-01,-1.851886e-01,-1.452986e-14
190.1,535.0,-5.000000e-01,-1.193230e-15,7.071068e-01,-4.998806e-01,1.367438e-15,1.851935e-01,-5.000000e-01,7.071068e-01,7.733050e-15,-4.998806e-01,1.851935e-01,-1.920555e-15,-5.000000e-01,-3.157312e-16,-7.071068e-01,-4.998806e-01,-1.823585e-15,-1.851935e-01,-5.000000e-01,-7.071068e-01,8.166679e-15,-4.998806e-01,-1.851935e-01,2.608258e-15
190.1,560.0,-5.000000e-01,-8.843692e-16,7.071068e-01,-4.998806e-01,9.564239e-15,1.851984e-01,-5.000000e-01,7.071068e-01,-3.934522e-14,-4.998806e-01,1.851984e-01,6.068485e-15,-5.000000e-01,1.861385e-15,-7.071068e-01,-4.998806e-01,-9.239165e-15,-1.851984e-01,-5.000000e-01,-7.071068e-01,3.712675e-14,-4.998806e-01,-1.851984e-01,-7.195579e-15
190.1,585.0,-5.000000e-01,-1.004726e-14,7.071068e-01,-4.998806e-01,6.883139e-15,1.852034e-01,-5.000000e-01,7.071068e-01,-1.085014e-14,-4.998806e-01,1.852034e-01,4.759864e-15,-5.000000e-01,9.787571e-15,-7.071068e-01,-4.998806e-01,-7.032227e-15,-1.852034e-01,-5.000000e-01,-7.071068e-01,1.262664e-14,-4.998806e-01,-1.852034e-01,-5.510200e-15
190.1,610.0,-5.000000e-01,-2.976272e-14,7.071068e-01,-4.998806e-01,1.333369e-15,1.852084e-01,-5.000000e-01,7.071068e-01,-4.954794e-14,-4.998806e-01,1.852084e-01,-3.362881e-15,-5.000000e-01,3.085493e-14,-7.071068e-01,-4.998806e-01,-1.108527e-15,-1.852084e-01,-5.000000e-01,-7.071068e-01,5.094677e-14,-4.998806e-01,-1.852084e-01,3.562071e-15
190.1,635.0,-5.000000e-01,5.029682e-14,7.071068e-01,-4.998806e-01,6.353076e-15,1.852135e-01,-5.000000e-01,7.071068e-01,1.275084e-15,-4.998806e-01,1.852135e-01,4.471896e-16,-5.000000e-01,-2.276645e-14,-7.071068e-01,-4.998806e-01,-5.732370e-15,-1.852135e-01,-5.000000e-01,-7.071068e-01,-5.291599e-15,-4.998806e-01,-1.852135e-01,7.264810e-15
190.1,660.0,-5.000000e-01,6.133620e-15,7.071068e-01,-4.998806e-01,-9.501180e-15,1.852185e-01,-5.000000e-01,7.071068e-01,1.435934e-14,-4.998806e-01,1.852185e-01,9.886028e-16,-5.000000e-01,-6.175501e-15,-7.071068e-01,-4.998806e-01,9.454012e-15,-1.852185e-01,-5.000000e-01,-7.071068e-01,3.373193e-14,-4.998806e-01,-1.852185e-01,-9.469403e-16
190.1,685.0,-5.000000e-01,-6.613389e-15,7.071068e-01,-4.998806e-01,-8.223073e-15,1.852236e-01,-5.000000e-01,7.071068e-01,3.002012e-14,-4.998806e-01,1.852236e-01,3.586426e-15,-5.000000e-01,1.849620e-15,-7.071068e-01,-4.998806e-01,1.044200e-14,-1.852236e-01,-5.000000e-01,-7.071068e-01,-1.454324e-14,-4.998806e-01,-1.852236e-01,-2.414183e-15
190.1,710.0,-5.000000e-01,-3.996645e-15,7.071068e-01,-4.998806e-01,-6.099735e-15,1.852287e-01,-5.000000e-01,7.071068e-01,2.521426e-14,-4.998806e-01,1.852287e-01,3.514086e-15,-5.000000e-01,6.713528e-15,-7.071068e-01,-4.998806e-01,5.996001e-15,-1.852287e-01,-5.000000e-01,-7.071068e-01,4.130777e-15,-4.998806e-01,-1.852287e-01,-3.948276e-15
190.1,735.0,-5.000000e-01,2.056912e-15,7.071068e-01,-4.998806e-01,-8.354758e-15,1.852339e-01,-5.000000e-01,7.071068e-01,3.244351e-14,-4.998806e-01,1.852339e-01,-4.168710e-16,-5.000000e-01,-4.292976e-15,-7.071068e-01,-4.998806e-01,9.647926e-15,-1.852339e-01,-5.000000e-01,-7.071068e-01,-1.228068e-14,-4.998806e-01,-1.852339e-01,2.214983e-15
190.1,760.0,-5.000000e-01,-3.571173e-14,7.071068e-01,-4.998806e-01,2.058200e-15,1.852390e-01,-5.000000e-01,7.071068e-01,1.520740e-14,-4.998806e-01,1.852390e-01,3.318392e-15,-5.000000e-01,3.748046e-14,-7.071068e-01,-4.998806e-01,-2.092385e-15,-1.852390e-01,-5.000000e-01,-7.071068e-01,-8.499956e-15,-4.998806e-01,-1.852390e-01,-3.257430e-15
190.1,785.0,-5.000000e-01,5.680281e-15,7.071068e-01,-4.998806e-01,1.434436e-14,1.852442e-01,-5.000000e-01,7.071068e-01,-4.385237e-14,-4.998806e-01,1.852442e-01,-7.602439e-17,-5.000000e-01,-7.411867e-15,-7.071068e-01,-4.998806e-01,-1.354552e-14,-1.852442e-01,-5.000000e-01,-7.071068e-01,4.349880e-14,-4.998806e-01,-1.852442e-01,6.370741e-16
190.1,810.0,-5.000000e-01,2.136953e-14,7.071068e-01,-4.998806e-01,-1.539821e-16,1.852494e-01,-5.000000e-01,7.071068e-01,8.656694e-15,-4.998806e-01,1.852494e-01,2.574115e-15,-5.000000e-01,3.958180e-15,-7.071068e-01,-4.998806e-01,1.781568e-16,-1.852494e-01,-5.000000e-01,-7.071068e-01,-5.792825e-15,-4.998806e-01,-1.852494e-01,3.479225e-15
190.1,835.0,-5.000000e-01,-4.862020e-15,7.071068e-01,-4.998806e-01,-7.761341e-15,1.852547e-01,-5.000000e-01,7.071068e-01,-1.802677e-14,-4.998806e-01,1.852547e-01,3.138761e-15,-5.000000e-01,9.560950e-15,-7.071068e-01,-4.998806e-01,6.702762e-15,-1.852547e-01,-5.000000e-01,-7.071068e-01,-3.638755e-14,-4.998806e-01,-1.852547e-01,2.059970e-16
190.1,860.0,-5.000000e-01,2.115129e-14,7.071068e-01,-4.998806e-01,-1.824965e-14,1.852600e-01,-5.000000e-01,7.071068e-01,-4.157810e-14,-4.998806e-01,1.852600e-01,2.005301e-15,-5.000000e-01,-2.012955e-14,-7.071068e-01,-4.998806e-01,1.847078e-14,-1.852600e-01,-5.000000e-01,-7.071068e-01,2.806796e-14,-4.998806e-01,-1.852600e-01,-2.765801e-15
190.1,885.0,-5.000000e-01,5.508267e-15,7.071068e-01,-4.998806e-01,-1.088181e-14,1.852653e-01,-5.000000e-01,7.071068e-01,1.036437e-14,-4.998806e-01,1.852653e-01,-1.475435e-15,-5.000000e-01,-6.016144e-15,-7.071068e-01,-4.998806e-01,9.865575e-15,-1.852653e-01,-5.000000e-01,-7.071068e-01,-1.123108e-14,-4.998806e-01,-1.852653e-01,2.075178e-15
192.6,10.0,-5.000000e-01,-1.069905e-14,7.071068e-01,-4.998814e-01,3.452749e-15,1.867854e-01,-5.000000e-01,7.071068e-01,5.591662e-15,-4.998814e-01,1.867854e-01,-1.896769e-14,-5.000000e-01,9.487094e-15,-7.071068e-01,-4.998814e-01,-3.568150e-15,-1.867854e-01,-5.000000e-01,-7.071068e-01,-6.499073e-15,-4.998814e-01,-1.867854e-01,1.854197e-14
192.6,35.0,-5.000000e-01,-8.594733e-15,7.071068e-01,-4.998814e-01,2.184953e-15,1.867894e-01,-5.000000e-01,7.071068e-01,1.974660e-14,-4.998814e-01,1.867894e-01,-2.020630e-14,-5.000000e-01,7.686479e-15,-7.071068e-01,-4.998814e-01,-2.255520e-15,-1.867894e-01,-5.000000e-01,-7.071068e-01,-2.111729e-14,-4.998814e-01,-1.867894e-01,2.005475e-14
192.6,60.0,-5.000000e-01,-6.941895e-15,7.071068e-01,-4.998814e-01,1.512544e-16,1.867934e-01,-5.000000e-01,7.071068e-01,-1.673569e-14,-4.998814e-01,1.867934e-01,5.598479e-15,-5.000000e-01,7.281671e-15,-7.071068e-01,-4.998814e-01,-2.174688e-16,-1.867934e-01,-5.000000e-01,-7.071068e-01,1.555795e-14,-4.998814e-01,-1.867934e-01,-5.851076e-15
192.6,85.0,-5.000000e-01,3.491956e-14,7.071068e-01,-4.998814e-01,-8.859340e-16,1.867974e-01,-5.000000e-01,7.071068e-01,-5.683556e-14,-4.998814e-01,1.867974e-01,1.693135e-14,-5.000000e-01,-3.557673e-14,-7.071068e-01,-4.998814e-01,1.121943e-15,-1.867974e-01,-5.000000e-01,-7.071068e-01,5.469633e-14,-4.998814e-01,-1.867974e-01,-1.757767e-14
192.6,110.0,-5.000000e-01,-8.315890e-15,7.071068e-01,-4.998814e-01,2.139250e-15,1.868014e-01,-5.000000e-01,7.071068e-01,-1.232133e-14,-4.998814e-01,1.868014e-01,1.154669e-15,-5.000000e-01,7.702120e-15,-7.071068e-01,-4.998814e-01,-2.324349e-15,-1.868014e-01,-5.000000e-01,-7.071068e-01,1.205127e-14,-4.998814e-01,-1.868014e-01,-1.438433e-15
192.6,135.0,-5.000000e-01,9.577892e-15,7.071068e-01,-4.998814e-01,5.186413e-16,1.868055e-01,-5.000000e-01,7.071068e-01,-6.168323e-16,-4.998814e-01,1.868055e-01,3.957407e-15,-5.000000e-01,-1.024793e-14,-7.071068e-01,-4.998814e-01,-8.651054e-16,-1.868055e-01,-5.000000e-01,-7.071068e-01,-2.193477e-16,-4.998814e-01,-1.868055e-01,-4.080568e-15
192.6,160.0,-5.000000e-01,9.811777e-16,7.071068e-01,-4.998814e-01,5.997916e-15,1.868096e-01,-5.000000e-01,7.071068e-01,-5.723953e-14,-4.998814e-01,1.868096e-01,-1.660748e-14,-5.000000e-01,6.239641e-16,-7.071068e-01,-4.998814e-01,-5.933256e-15,-1.868096e-01,-5.000000e-01,-7.071068e-01,5.718738e-14,-4.998814e-01,-1.868096e-01,1.629597e-14
192.6,185.0,-5.000000e-01,8.245079e-16,7.071068e-01,-4.998814e-01,9.164595e-15,1.868137e-01,-5.000000e-01,7.071068e-01,2.804013e-16,-4.998814e-01,1.868137e-01,1.214112e-14,-5.000000e-01,9.926143e-15,-7.071068e-01,-4.998814e-01,-1.859120e-14,-1.868137e-01,-5.000000e-01,-7.071068e-01,-2.598152e-15,-4.998814e-01,-1.868137e-01,-1.570298e-14
192.6,210.0,-5.000000e-01,9.437896e-17,7.071068e-01,-4.998814e-01,8.379265e-15,1.868179e-01,-5.000000e-01,7.071068e-01,-1.488569e-14,-4.998814e-01,1.868179e-01,-4.767686e-16,-5.000000e-01,1.273426e-15,-7.071068e-01,-4.998814e-01,-8.456290e-15,-1.868179e-01,-5.000000e-01,-7.071068e-01,2.310364e-15,-4.998814e-01,-1.868179e-01,1.197848e-15
192.6,235.0,-5.000000e-01,3.361243e-16,7.071068e-01,-4.998814e-01,7.698620e-15,1.868221e-01,-5.000000e-01,7.071068e-01,8.020318e-15,-4.998814e-01,1.868221e-01,4.259538e-15,-5.000000e-01,5.118124e-16,-7.071068e-01,-4.998814e-01,-7.698250e-15,-1.868221e-01,-5.000000e-01,-7.071068e-01,-9.155881e-15,-4.998814e-01,-1.868221e-01,5.258997e-15
192.6,260.0,-5.000000e-01,3.127237e-14,7.071068e-01,-4.998814e-01,-1.475256e-14,1.868262e-01,-5.000000e-01,7.071068e-01,-1.843535e-14,-4.998814e-01,1.868262e-01,-9.705170e-15,-5.000000e-01,-2.946187e-14,-7.071068e-01,-4.998814e-01,1.449555e-14,-1.868262e-01,-5.000000e-01,-7.071068e-01,8.115812e-15,-4.998814e-01,-1.868262e-01,8.903289e-15
192.6,285.0,-5.000000e-01,-8.885778e-15,7.071068e-01,-4.998814e-01,-4.638825e-15,1.868305e-01,-5.000000e-01,7.071068e-01,-2.107441e-15,-4.998814e-01,1.868305e-01,3.846847e-15,-5.000000e-01,9.279720e-15,-7.071068e-01,-4.998814e-01,5.592522e-15,-1.868305e-01,-5.000000e-01,-7.071068e-01,-1.347936e-14,-4.998814e-01,-1.868305e-01,-1.333754e-15
192.6,310.0,-5.000000e-01,6.191724e-15,7.071068e-01,-4.998814e-01,-2.947466e-15,1.868347e-01,-5.000000e-01,7.071068e-01,-9.946874e-15,-4.998814e-01,1.868347e-01,3.923995e-16,-5.000000e-01,-6.440997e-15,-7.071068e-01,-4.998814e-01,2.358391e-15,-1.868347e-01,-5.000000e-01,-7.071068e-01,3.257285e-15,-4.998814e-01,-1.868347e-01,-3.446785e-17
192.6,335.0,-5.000000e-01,1.430579e-15,7.071068e-01,-4.998814e-01,4.300597e-15,1.868390e-01,-5.000000e-01,7.071068e-01,-2.993514e-15,-4.998814e-01,1.868390e-01,3.992943e-15,-5.000000e-01,-2.176664e-15,-7.071068e-01,-4.998814e-01,-4.220330e-15,-1.868390e-01,-5.000000e-01,-7.071068e-01,1.522004e-14,-4.998814e-01,-1.868390e-01,5.159930e-15
192.6,360.0,-5.000000e-01,-5.719781e-15,7.071068e-01,-4.998813e-01,1.580975e-14,1.868433e-01,-5.000000e-01,7.071068e-01,-1.263650e-14,-4.998813e-01,1.868433e-01,1.355850e-15,-5.000000e-01,7.626519e-15,-7.071068e-01,-4.998813e-01,-1.586137e-14,-1.868433e-01,-5.000000e-01,-7.071068e-01,3.219860e-14,-4.998813e-01,-1.868433e-01,1.202763e-15
192.6,385.0,-5.000000e-01,-2.624015e-14,7.071068e-01,-4.998813e-01,-4.360284e-15,1.868476e-01,-5.000000e-01,7.071068e-01,1.532218e-15,-4.998813e-01,1.868476e-01,1.098963e-14,-5.000000e-01,2.851656e-14,-7.071068e-01,-4.998813e-01,4.316644e-15,-1.868476e-01,-5.000000e-01,-7.071068e-01,-1.801720e-14,-4.998813e-01,-1.868476e-01,-1.139280e-14
192.6,410.0,-5.000000e-01,1.257863e-14,7.071068e-01,-4.998813e-01,-1.738768e-14,1.868519e-01,-5.000000e-01,7.071068e-01,1.058899e-14,-4.998813e-01,1.868519e-01,4.590984e-15,-5.000000e-01,-5.032033e-15,-7.071068e-01,-4.998813e-01,1.789474e-14,-1.868519e-01,-5.000000e-01,-7.071068e-01,1.957847e-14,-4.998813e-01,-1.868519e-01,-3.150608e-15
192.6,435.0,-5.000000e-01,9.187104e-15,7.071068e-01,-4.998813e-01,2.124255e-15,1.868563e-01,-5.000000e-01,7.071068e-01,1.729685e-14,-4.998813e-01,1.868563e-01,-2.956239e-15,-5.000000e-01,-6.809562e-15,-7.071068e-01,-4.998813e-01,-2.369860e-15,-1.868563e-01,-5.000000e-01,-7.071068e-01,-2.240197e-15,-4.998813e-01,-1.868563e-01,4.107908e-15
192.6,460.0,-5.000000e-01,-2.715270e-14,7.071068e-01,-4.998813e-01,-1.085359e-14,1.868607e-01,-5.000000e-01,7.071068e-01,-8.366633e-15,-4.998813e-01,1.868607e-01,6.634207e-15,-5.000000e-01,1.782947e-14,-7.071068e-01,-4.998813e-01,1.012344e-14,-1.868607e-01,-5.000000e-01,-7.071068e-01,1.019939e-14,-4.998813e-01,-1.868607e-01,-6.227033e-15
192.6,485.0,-5.000000e-01,2.166981e-14,7.071068e-01,-4.998813e-01,8.921359e-18,1.868651e-01,-5.000000e-01,7.071068e-01,-9.639682e-15,-4.998813e-01,1.868651e-01,-5.019580e-16,-5.000000e-01,-2.514475e-14,-7.071068e-01,-4.998813e-01,7.140636e-17,-1.868651e-01,-5.000000e-01,-7.071068e-01,1.565005e-14,-4.998813e-01,-1.868651e-01,6.712538e-16
192.6,510.0,-5.000000e-01,1.011277e-15,7.071068e-01,-4.998813e-01,4.866121e-15,1.868695e-01,-5.000000e-01,7.071068e-01,-3.673321e-14,-4.998813e-01,1.868695e-01,-2.341458e-15,-5.000000e-01,-2.848139e-15,-7.071068e-01,-4.998813e-01,-7.456943e-15,-1.868695e-01,-5.000000e-01,-7.071068e-01,5.007448e-16,-4.998813e-01,-1.868695e-01,1.161440e-15
192.6,535.0,-5.000000e-01,2.371890e-14,7.071068e-01,-4.998813e-01,1.294012e-14,1.868740e-01,-5.000000e-01,7.071068e-01,-3.379348e-14,-4.998813e-01,1.868740e-01,-3.787707e-15,-5.000000e-01,-1.709412e-14,-7.071068e-01,-4.998813e-01,-1.232091e-14,-1.868740e-01,-5.000000e-01,-7.071068e-01,3.650870e-15,-4.998813e-01,-1.868740e-01,3.293962e-15
192.6,560.0,-5.000000e-01,-1.425207e-15,7.071068e-01,-4.998813e-01,3.086869e-15,1.868785e-01,-5.000000e-01,7.071068e-01,2.286544e-14,-4.998813e-01,1.868785e-01,-9.180611e-16,-5.000000e-01,6.494094e-15,-7.071068e-01,-4.998813e-01,-4.300554e-15,-1.868785e-01,-5.000000e-01,-7.071068e-01,-2.007452e-14,-4.998813e-01,-1.868785e-01,4.485640e-15
192.6,585.0,-5.000000e-01,1.138392e-15,7.071068e-01,-4.998813e-01,-2.220645e-14,1.868830e-01,-5.000000e-01,7.071068e-01,7.005485e-14,-4.998813e-01,1.868830e-01,-2.477800e-15,-5.000000e-01,-2.536988e-15,-7.071068e-01,-4.998813e-01,2.282996e-14,-1.868830e-01,-5.000000e-01,-7.071068e-01,-7.183703e-14,-4.998813e-01,-1.868830e-01,2.800700e-15
192.6,610.0,-5.000000e-01,7.334288e-14,7.071068e-01,-4.998813e-01,3.511382e-15,1.868875e-01,-5.000000e-01,7.071068e-01,4.653893e-14,-4.998813e-01,1.868875e-01,2.889190e-15,-5.000000e-01,-6.487917e-14,-7.071068e-01,-4.998813e-01,-3.323663e-15,-1.868875e-01,-5.000000e-01,-7.071068e-01,-5.824475e-14,-4.998813e-01,-1.868875e-01,-2.593919e-15
192.6,635.0,-5.000000e-01,-5.184871e-15,7.071068e-01,-4.998813e-01,-2.700250e-15,1.868921e-01,-5.000000e-01,7.071068e-01,2.870060e-14,-4.998813e-01,1.868921e-01,-2.512432e-14,-5.000000e-01,6.912049e-15,-7.071068e-01,-4.998813e-01,2.368515e-15,-1.868921e-01,-5.000000e-01,-7.071068e-01,-1.643444e-14,-4.998813e-01,-1.868921e-01,2.545895e-14
192.6,660.0,-5.000000e-01,-1.504715e-15,7.071068e-01,-4.998813e-01,-9.656757e-15,1.868967e-01,-5.000000e-01,7.071068e-01,-2.349834e-15,-4.998813e-01,1.868967e-01,9.518883e-16,-5.000000e-01,3.477407e-15,-7.071068e-01,-4.998813e-01,7.600689e-15,-1.868967e-01,-5.000000e-01,-7.071068e-01,-3.692200e-14,-4.998813e-01,-1.868967e-01,-1.185352e-16
192.6,685.0,-5.000000e-01,4.575051e-14,7.071068e-01,-4.998813e-01,-8.116440e-14,1.869013e-01,-5.000000e-01,7.071068e-01,3.959120e-15,-4.998813e-01,1.869013e-01,-2.137896e-14,-5.000000e-01,-4.616919e-14,-7.071068e-01,-4.998813e-01,8.079265e-14,-1.869013e-01,-5.000000e-01,-7.071068e-01,5.671172e-15,-4.998813e-01,-1.869013e-01,2.128355e-14
192.6,710.0,-5.000000e-01,-4.160629e-14,7.071068e-01,-4.998813e-01,-2.153928e-15,1.869059e-01,-5.000000e-01,7.071068e-01,-5.218209e-14,-4.998813e-01,1.869059e-01,-3.303021e-15,-5.000000e-01,5.423381e-14,-7.071068e-01,-4.998813e-01,3.137359e-15,-1.869059e-01,-5.000000e-01,-7.071068e-01,4.432860e-14,-4.998813e-01,-1.869059e-01,1.438624e-15
192.6,735.0,-5.000000e-01,-5.231318e-15,7.071068e-01,-4.998813e-01,-2.557729e-15,1.869106e-01,-5.000000e-01,7.071068e-01,1.192563e-14,-4.998813e-01,1.869106e-01,-1.485804e-15,-5.000000e-01,5.987263e-15,-7.071068e-01,-4.998813e-01,2.186523e-15,-1.869106e-01,-5.000000e-01,-7.071068e-01,-1.431441e-14,-4.998813e-01,-1.869106e-01,1.836902e-15
192.6,760.0,-5.000000e-01,-1.060595e-14,7.071068e-01,-4.998813e-01,-3.756662e-15,1.869153e-01,-5.000000e-01,7.071068e-01,-2.428533e-15,-4.998813e-01,1.869153e-01,-3.601027e-15,-5.000000e-01,-4.300352e-15,-7.071068e-01,-4.998813e-01,3.841954e-15,-1.869153e-01,-5.000000e-01,-7.071068e-01,-1.267837e-14,-4.998813e-01,-1.869153e-01,3.947931e-15
192.6,785.0,-5.000000e-01,1.589205e-14,7.071068e-01,-4.998813e-01,-2.667904e-14,1.869200e-01,-5.000000e-01,7.071068e-01,4.097720e-15,-4.998813e-01,1.869200e-01,-3.004513e-15,-5.000000e-01,-1.990865e-14,-7.071068e-01,-4.998813e-01,2.614274e-14,-1.869200e-01,-5.000000e-01,-7.071068e-01,-1.185986e-14,-4.998813e-01,-1.869200e-01,1.230644e-15
192.6,810.0,-5.000000e-01,8.899849e-15,7.071068e-01,-4.998813e-01,9.863970e-16,1.869248e-01,-5.000000e-01,7.071068e-01,-4.945055e-14,-4.998813e-01,1.869248e-01,-7.435226e-15,-5.000000e-01,-1.063211e-14,-7.071068e-01,-4.998813e-01,-6.269774e-16,-1.869248e-01,-5.000000e-01,-7.071068e-01,7.525285e-15,-4.998813e-01,-1.869248e-01,6.328157e-15
192.6,835.0,-5.000000e-01,2.770149e-15,7.071068e-01,-4.998813e-01,-7.753106e-15,1.869295e-01,-5.000000e-01,7.071068e-01,-1.167834e-15,-4.998813e-01,1.869295e-01,-1.208198e-15,-5.000000e-01,-1.429325e-15,-7.071068e-01,-4.998813e-01,8.055459e-15,-1.869295e-01,-5.000000e-01,-7.071068e-01,8.139446e-15,-4.998813e-01,-1.869295e-01,1.125203e-16
192.6,860.0,-5.000000e-01,-7.660986e-16,7.071068e-01,-4.998813e-01,1.181867e-15,1.869343e-01,-5.000000e-01,7.071068e-01,-2.229953e-14,-4.998813e-01,1.869343e-01,-6.717689e-15,-5.000000e-01,4.095714e-16,-7.071068e-01,-4.998813e-01,-1.883663e-15,-1.869343e-01,-5.000000e-01,-7.071068e-01,2.164394e-15,-4.998813e-01,-1.869343e-01,6.485161e-15
192.6,885.0,-5.000000e-01,-7.473624e-15,7.071068e-01,-4.998813e-01,-7.478274e-15,1.869392e-01,-5.000000e-01,7.071068e-01,-4.651294e-15,-4.998813e-01,1.869392e-01,6.274355e-15,-5.000000e-01,6.674631e-15,-7.071068e-01,-4.998813e-01,7.777383e-15,-1.869392e-01,-5.000000e-01,-7.071068e-01,-1.791204e-14,-4.998813e-01,-1.869392e-01,-5.525303e-15
195.1,10.0,-5.000000e-01,-4.209158e-15,7.071068e-01,-4.998821e-01,-1.283560e-15,1.884575e-01,-5.000000e-01,7.071068e-01,-1.070780e-14,-4.998821e-01,1.884575e-01,2.085107e-14,-5.000000e-01,4.883957e-15,-7.071068e-01,-4.998821e-01,1.478082e-15,-1.884575e-01,-5.000000e-01,-7.071068e-01,1.257933e-14,-4.998821e-01,-1.884575e-01,-2.132715e-14
195.1,35.0,-5.000000e-01,4.757663e-15,7.071068e-01,-4.998821e-01,3.377293e-15,1.884610e-01,-5.000000e-01,7.071068e-01,5.672264e-14,-4.998821e-01,1.884610e-01,-3.090844e-14,-5.000000e-01,-4.179012e-15,-7.071068e-01,-4.998821e-01,-6.325986e-15,-1.884610e-01,-5.000000e-01,-7.071068e-01,-5.774194e-14,-4.998821e-01,-1.884610e-01,3.035441e-14
195.1,60.0,-5.000000e-01,3.317594e-14,7.071068e-01,-4.998821e-01,2.976419e-16,1.884646e-01,-5.000000e-01,7.071068e-01,-4.245184e-14,-4.998821e-01,1.884646e-01,-8.273172e-15,-5.000000e-01,-3.225939e-14,-7.071068e-01,-4.998821e-01,-1.426935e-16,-1.884646e-01,-5.000000e-01,-7.071068e-01,4.085926e-14,-4.998821e-01,-1.884646e-01,7.899141e-15
195.1,85.0,-5.000000e-01,-1.542349e-14,7.071068e-01,-4.998821e-01,-4.757715e-15,1.884682e-01,-5.000000e-01,7.071068e-01,8.214406e-14,-4.998821e-01,1.884682e-01,1.113145e-14,-5.000000e-01,1.718009e-14,-7.071068e-01,-4.998821e-01,5.067499e-15,-1.884682e-01,-5.000000e-01,-7.071068e-01,-8.509858e-14,-4.998821e-01,-1.884682e-01,-1.225374e-14
195.1,110.0,-5.000000e-01,1.385242e-14,7.071068e-01,-4.998821e-01,-5.063308e-16,1.884718e-01,-5.000000e-01,7.071068e-01,3.125785e-14,-4.998821e-01,1.884718e-01,-7.410237e-15,-5.000000e-01,-1.356623e-14,-7.071068e-01,-4.998821e-01,9.898104e-16,-1.884718e-01,-5.000000e-01,-7.071068e-01,-3.066581e-14,-4.998821e-01,-1.884718e-01,7.707425e-15
195.1,135.0,-5.000000e-01,3.329745e-15,7.071068e-01,-4.998821e-01,8.646096e-16,1.884754e-01,-5.000000e-01,7.071068e-01,1.734011e-14,-4.998821e-01,1.884754e-01,-1.409829e-14,-5.000000e-01,-2.419238e-15,-7.071068e-01,-4.998821e-01,-8.848163e-16,-1.884754e-01,-5.000000e-01,-7.071068e-01,-1.970513e-14,-4.998821e-01,-1.884754e-01,1.272286e-14
195.1,160.0,-5.000000e-01,1.251145e-14,7.071068e-01,-4.998821e-01,7.616646e-15,1.884790e-01,-5.000000e-01,7.071068e-01,4.894803e-14,-4.998821e-01,1.884790e-01,-1.735794e-14,-5.000000e-01,-4.228750e-15,-7.071068e-01,-4.998821e-01,6.613587e-15,-1.884790e-01,-5.000000e-01,-7.071068e-01,-4.939132e-14,-4.998821e-01,-1.884790e-01,1.450256e-14
195.1,185.0,-5.000000e-01,-2.267791e-14,7.071068e-01,-4.998821e-01,-5.188790e-15,1.884827e-01,-5.000000e-01,7.071068e-01,3.793138e-14,-4.998821e-01,1.884827e-01,2.591925e-14,-5.000000e-01,2.252706e-14,-7.071068e-01,-4.998821e-01,4.230488e-15,-1.884827e-01,-5.000000e-01,-7.071068e-01,-3.938222e-14,-4.998821e-01,-1.884827e-01,-2.682324e-14
195.1,210.0,-5.000000e-01,7.082449e-15,7.071068e-01,-4.998821e-01,-4.225171e-15,1.884864e-01,-5.000000e-01,7.071068e-01,3.597008e-14,-4.998821e-01,1.884864e-01,1.460280e-14,-5.000000e-01,-7.502467e-15,-7.071068e-01,-4.998821e-01,4.373429e-15,-1.884864e-01,-5.000000e-01,-7.071068e-01,-3.389836e-14,-4.998821e-01,-1.884864e-01,-1.501076e-14
195.1,235.0,-5.000000e-01,-2.978866e-14,7.071068e-01,-4.998821e-01,7.989312e-16,1.884901e-01,-5.000000e-01,7.071068e-01,3.140226e-15,-4.998821e-01,1.884901e-01,1.125054e-14,-5.000000e-01,2.827389e-14,-7.071068e-01,-4.998821e-01,-5.322091e-16,-1.884901e-01,-5.000000e-01,-7.071068e-01,-3.133989e-15,-4.998821e-01,-1.884901e-01,-1.171961e-14
195.1,260.0,-5.000000e-01,4.306676e-15,7.071068e-01,-4.998821e-01,1.581320e-15,1.884939e-01,-5.000000e-01,7.071068e-01,-3.488123e-15,-4.998821e-01,1.884939e-01,-9.606331e-15,-5.000000e-01,-3.064043e-15,-7.071068e-01,-4.998821e-01,-1.391519e-15,-1.884939e-01,-5.000000e-01,-7.071068e-01,3.381972e-15,-4.998821e-01,-1.884939e-01,8.369313e-15
195.1,285.0,-5.000000e-01,1.404896e-14,7.071068e-01,-4.998820e-01,-3.401676e-16,1.884976e-01,-5.000000e-01,7.071068e-01,-1.537143e-14,-4.998820e-01,1.884976e-01,5.618902e-15,-5.000000e-01,-1.311167e-14,-7.071068e-01,-4.998820e-01,7.188247e-16,-1.884976e-01,-5.000000e-01,-7.071068e-01,1.623532e-14,-4.998820e-01,-1.884976e-01,-5.941047e-15
195.1,310.0,-5.000000e-01,5.418620e-15,7.071068e-01,-4.998820e-01,-3.576296e-15,1.885014e-01,-5.000000e-01,7.071068e-01,-5.762131e-15,-4.998820e-01,1.885014e-01,4.512778e-15,-5.000000e-01,-4.787875e-15,-7.071068e-01,-4.998820e-01,3.489248e-15,-1.885014e-01,-5.000000e-01,-7.071068e-01,4.251168e-15,-4.998820e-01,-1.885014e-01,-5.914755e-15
195.1,335.0,-5.000000e-01,-1.405172e-15,7.071068e-01,-4.998820e-01,2.465207e-15,1.885052e-01,-5.000000e-01,7.071068e-01,3.037472e-14,-4.998820e-01,1.885052e-01,-2.279597e-14,-5.000000e-01,1.439782e-15,-7.071068e-01,-4.998820e-01,-2.741191e-15,-1.885052e-01,-5.000000e-01,-7.071068e-01,-3.065227e-14,-4.998820e-01,-1.885052e-01,2.168091e-14
195.1,360.0,-5.000000e-01,-8.469633e-15,7.071068e-01,-4.998820e-01,-1.300261e-15,1.885090e-01,-5.000000e-01,7.071068e-01,2.188514e-14,-4.998820e-01,1.885090e-01,4.106819e-15,-5.000000e-01,6.342745e-15,-7.071068e-01,-4.998820e-01,-1.421691e-15,-1.885090e-01,-5.000000e-01,-7.071068e-01,-2.555868e-14,-4.998820e-01,-1.885090e-01,-5.128754e-15
195.1,385.0,-5.000000e-01,5.202511e-15,7.071068e-01,-4.998820e-01,2.890411e-15,1.885129e-01,-5.000000e-01,7.071068e-01,-1.318617e-14,-4.998820e-01,1.885129e-01,-5.443995e-15,-5.000000e-01,-4.881208e-15,-7.071068e-01,-4.998820e-01,-1.535352e-15,-1.885129e-01,-5.000000e-01,-7.071068e-01,1.222221e-14,-4.998820e-01,-1.885129e-01,4.395861e-15
195.1,410.0,-5.000000e-01,-2.572456e-14,7.071068e-01,-4.998820e-01,-3.517679e-15,1.885168e-01,-5.000000e-01,7.071068e-01,-6.133070e-14,-4.998820e-01,1.885168e-01,2.234789e-14,-5.000000e-01,2.398944e-14,-7.071068e-01,-4.998820e-01,6.644694e-16,-1.885168e-01,-5.000000e-01,-7.071068e-01,6.070655e-14,-4.998820e-01,-1.885168e-01,-2.408241e-14
195.1,435.0,-5.000000e-01,-1.228487e-14,7.071068e-01,-4.998820e-01,5.703791e-16,1.885207e-01,-5.000000e-01,7.071068e-01,1.885949e-14,-4.998820e-01,1.885207e-01,8.688677e-16,-5.000000e-01,1.367139e-14,-7.071068e-01,-4.998820e-01,2.406023e-16,-1.885207e-01,-5.000000e-01,-7.071068e-01,-2.044597e-14,-4.998820e-01,-1.885207e-01,-2.251134e-15
195.1,460.0,-5.000000e-01,-1.538854e-14,7.071068e-01,-4.998820e-01,1.812734e-14,1.885246e-01,-5.000000e-01,7.071068e-01,2.978076e-15,-4.998820e-01,1.885246e-01,2.142690e-15,-5.000000e-01,1.488787e-14,-7.071068e-01,-4.998820e-01,-1.821729e-14,-1.885246e-01,-5.000000e-01,-7.071068e-01,5.030874e-15,-4.998820e-01,-1.885246e-01,-7.662400e-16
195.1,485.0,-5.000000e-01,1.530413e-14,7.071068e-01,-4.998820e-01,-1.419886e-14,1.885285e-01,-5.000000e-01,7.071068e-01,-1.970451e-14,-4.998820e-01,1.885285e-01,-1.660236e-15,-5.000000e-01,-2.508702e-14,-7.071068e-01,-4.998820e-01,1.294810e-14,-1.885285e-01,-5.000000e-01,-7.071068e-01,2.734308e-14,-4.998820e-01,-1.885285e-01,1.344227e-14
195.1,510.0,-5.000000e-01,-4.142069e-15,7.071068e-01,-4.998820e-01,-4.352418e-15,1.885325e-01,-5.000000e-01,7.071068e-01,8.775932e-15,-4.998820e-01,1.885325e-01,2.082413e-15,-5.000000e-01,9.323998e-15,-7.071068e-01,-4.998820e-01,4.459048e-15,-1.885325e-01,-5.000000e-01,-7.071068e-01,-7.182176e-15,-4.998820e-01,-1.885325e-01,-2.474604e-15
195.1,535.0,-5.000000e-01,1.962735e-15,7.071068e-01,-4.998820e-01,-1.298275e-14,1.885365e-01,-5.000000e-01,7.071068e-01,5.918765e-15,-4.998820e-01,1.885365e-01,-1.521842e-14,-5.000000e-01,2.492538e-14,-7.071068e-01,-4.998820e-01,1.314159e-14,-1.885365e-01,-5.000000e-01,-7.071068e-01,-5.044609e-15,-4.998820e-01,-1.885365e-01,9.882904e-16
195.1,560.0,-5.000000e-01,1.099375e-14,7.071068e-01,-4.998820e-01,-6.708148e-15,1.885405e-01,-5.000000e-01,7.071068e-01,1.544749e-14,-4.998820e-01,1.885405e-01,-2.165174e-15,-5.000000e-01,-7.034321e-15,-7.071068e-01,-4.998820e-01,6.325383e-15,-1.885405e-01,-5.000000e-01,-7.071068e-01,-2.824094e-15,-4.998820e-01,-1.885405e-01,2.676114e-15
195.1,585.0,-5.000000e-01,4.116919e-14,7.071068e-01,-4.998820e-01,2.717076e-15,1.885446e-01,-5.000000e-01,7.071068e-01,2.585873e-14,-4.998820e-01,1.885446e-01,-1.996788e-16,-5.000000e-01,-3.310438e-14,-7.071068e-01,-4.998820e-01,-3.070833e-15,-1.885446e-01,-5.000000e-01,-7.071068e-01,-2.074445e-14,-4.998820e-01,-1.885446e-01,1.843122e-15
195.1,610.0,-5.000000e-01,-9.229364e-15,7.071068e-01,-4.998820e-01,7.111688e-15,1.885487e-01,-5.000000e-01,7.071068e-01,-2.602415e-15,-4.998820e-01,1.885487e-01,2.651214e-15,-5.000000e-01,7.063020e-15,-7.071068e-01,-4.998820e-01,-7.008306e-15,-1.885487e-01,-5.000000e-01,-7.071068e-01,-3.681436e-15,-4.998820e-01,-1.885487e-01,-2.805275e-15
195.1,635.0,-5.000000e-01,1.284671e-14,7.071068e-01,-4.998820e-01,9.486291e-15,1.885528e-01,-5.000000e-01,7.071068e-01,-9.162252e-15,-4.998820e-01,1.885528e-01,-7.448392e-15,-5.000000e-01,-1.586611e-14,-7.071068e-01,-4.998820e-01,-9.635361e-15,-1.885528e-01,-5.000000e-01,-7.071068e-01,1.981379e-14,-4.998820e-01,-1.885528e-01,7.031153e-15
195.1,660.0,-5.000000e-01,3.912883e-15,7.071068e-01,-4.998820e-01,2.702122e-15,1.885569e-01,-5.000000e-01,7.071068e-01,-1.493983e-14,-4.998820e-01,1.885569e-01,4.424161e-15,-5.000000e-01,-5.352727e-16,-7.071068e-01,-4.998820e-01,-1.611541e-15,-1.885569e-01,-5.000000e-01,-7.071068e-01,3.048015e-14,-4.998820e-01,-1.885569e-01,4.399568e-15
195.1,685.0,-5.000000e-01,-7.984122e-15,7.071068e-01,-4.998820e-01,-2.958062e-16,1.885610e-01,-5.000000e-01,7.071068e-01,1.867256e-14,-4.998820e-01,1.885610e-01,2.960724e-15,-5.000000e-01,5.459986e-15,-7.071068e-01,-4.998820e-01,-1.790641e-18,-1.885610e-01,-5.000000e-01,-7.071068e-01,-2.201523e-14,-4.998820e-01,-1.885610e-01,-1.092662e-15
195.1,710.0,-5.000000e-01,-9.640905e-15,7.071068e-01,-4.998820e-01,-8.391979e-15,1.885652e-01,-5.000000e-01,7.071068e-01,9.563833e-15,-4.998820e-01,1.885652e-01,-5.679288e-15,-5.000000e-01,9.722996e-15,-7.071068e-01,-4.998820e-01,8.644105e-15,-1.885652e-01,-5.000000e-01,-7.071068e-01,-2.068628e-14,-4.998820e-01,-1.885652e-01,4.934331e-15
195.1,735.0,-5.000000e-01,-9.666886e-17,7.071068e-01,-4.998820e-01,-1.298294e-14,1.885694e-01,-5.000000e-01,7.071068e-01,2.088592e-14,-4.998820e-01,1.885694e-01,-5.721637e-16,-5.000000e-01,5.934552e-15,-7.071068e-01,-4.998820e-01,1.196907e-14,-1.885694e-01,-5.000000e-01,-7.071068e-01,-4.206704e-15,-4.998820e-01,-1.885694e-01,2.452911e-15
195.1,760.0,-5.000000e-01,1.554719e-14,7.071068e-01,-4.998820e-01,1.616252e-14,1.885736e-01,-5.000000e-01,7.071068e-01,-4.892335e-14,-4.998820e-01,1.885736e-01,1.217146e-15,-5.000000e-01,-2.594805e-15,-7.071068e-01,-4.998820e-01,-1.627674e-14,-1.885736e-01,-5.000000e-01,-7.071068e-01,6.523576e-15,-4.998820e-01,-1.885736e-01,-6.675747e-16
195.1,785.0,-5.000000e-01,-4.244156e-16,7.071068e-01,-4.998819e-01,1.201398e-15,1.885778e-01,-5.000000e-01,7.071068e-01,-1.503112e-14,-4.998819e-01,1.885778e-01,2.774183e-15,-5.000000e-01,4.775124e-16,-7.071068e-01,-4.998819e-01,-1.277746e-15,-1.885778e-01,-5.000000e-01,-7.071068e-01,1.946267e-14,-4.998819e-01,-1.885778e-01,-2.609949e-15
195.1,810.0,-5.000000e-01,-2.524865e-15,7.071068e-01,-4.998819e-01,-1.107856e-14,1.885821e-01,-5.000000e-01,7.071068e-01,4.953978e-15,-4.998819e-01,1.885821e-01,-5.700183e-15,-5.000000e-01,-1.551297e-15,-7.071068e-01,-4.998819e-01,4.912117e-16,-1.885821e-01,-5.000000e-01,-7.071068e-01,-1.597612e-14,-4.998819e-01,-1.885821e-01,-4.965668e-15
195.1,835.0,-5.000000e-01,-2.075413e-15,7.071068e-01,-4.998819e-01,8.502672e-17,1.885864e-01,-5.000000e-01,7.071068e-01,8.851875e-15,-4.998819e-01,1.885864e-01,-9.210126e-16,-5.000000e-01,8.897541e-15,-7.071068e-01,-4.998819e-01,-1.563692e-16,-1.885864e-01,-5.000000e-01,-7.071068e-01,-3.142078e-15,-4.998819e-01,-1.885864e-01,1.090580e-16
195.1,860.0,-5.000000e-01,-2.175274e-14,7.071068e-01,-4.998819e-01,1.566450e-14,1.885907e-01,-5.000000e-01,7.071068e-01,-8.883007e-15,-4.998819e-01,1.885907e-01,8.244233e-15,-5.000000e-01,2.625230e-14,-7.071068e-01,-4.998819e-01,-1.575567e-14,-1.885907e-01,-5.000000e-01,-7.071068e-01,2.443357e-15,-4.998819e-01,-1.885907e-01,-7.268679e-15
195.1,885.0,-5.000000e-01,-1.584757e-14,7.071068e-01,-4.998819e-01,-4.192082e-15,1.885951e-01,-5.000000e-01,7.071068e-01,9.830481e-15,-4.998819e-01,1.885951e-01,2.921508e-15,-5.000000e-01,3.465630e-15,-7.071068e-01,-4.998819e-01,4.445060e-15,-1.885951e-01,-5.000000e-01,-7.071068e-01,-1.260643e-14,-4.998819e-01,-1.885951e-01,-1.858826e-15
197.6,10.0,-5.000000e-01,9.399985e-15,7.071068e-01,-4.998828e-01,-2.469761e-14,1.901116e-01,-5.000000e-01,7.071068e-01,9.954580e-15,-4.998828e-01,1.901116e-01,7.780088e-16,-5.000000e-01,-6.298936e-15,-7.071068e-01,-4.998828e-01,2.502113e-14,-1.901116e-01,-5.000000e-01,-7.071068e-01,-1.201183e-14,-4.998828e-01,-1.901116e-01,-7.081216e-17
197.6,35.0,-5.000000e-01,2.490381e-13,7.071068e-01,-4.998828e-01,-9.975887e-15,1.901146e-01,-5.000000e-01,7.071068e-01,1.947888e-13,-4.998828e-01,1.901146e-01,5.813427e-16,-5.000000e-01,-2.469940e-13,-7.071068e-01,-4.998828e-01,-1.071656e-14,-1.901146e-01,-5.000000e-01,-7.071068e-01,-1.943469e-13,-4.998828e-01,-1.901146e-01,-1.363828e-15
197.6,60.0,-5.000000e-01,-4.247589e-14,7.071068e-01,-4.998827e-01,1.749259e-15,1.901177e-01,-5.000000e-01,7.071068e-01,8.054818e-15,-4.998827e-01,1.901177e-01,9.096823e-15,-5.000000e-01,3.974502e-14,-7.071068e-01,-4.998827e-01,-2.010966e-15,-1.901177e-01,-5.000000e-01,-7.071068e-01,-8.502036e-15,-4.998827e-01,-1.901177e-01,-9.970113e-15
197.6,85.0,-5.000000e-01,3.412103e-14,7.071068e-01,-4.998827e-01,-3.883128e-15,1.901209e-01,-5.000000e-01,7.071068e-01,-1.010186e-14,-4.998827e-01,1.901209e-01,2.353810e-14,-5.000000e-01,-3.468190e-14,-7.071068e-01,-4.998827e-01,4.087902e-15,-1.901209e-01,-5.000000e-01,-7.071068e-01,9.730619e-15,-4.998827e-01,-1.901209e-01,-2.339694e-14
197.6,110.0,-5.000000e-01,-6.318877e-14,7.071068e-01,-4.998827e-01,8.012677e-16,1.901240e-01,-5.000000e-01,7.071068e-01,2.108435e-15,-4.998827e-01,1.901240e-01,-4.636275e-15,-5.000000e-01,6.412436e-14,-7.071068e-01,-4.998827e-01,-5.311572e-16,-1.901240e-01,-5.000000e-01,-7.071068e-01,-2.421268e-15,-4.998827e-01,-1.901240e-01,4.134171e-15
197.6,135.0,-5.000000e-01,5.524510e-15,7.071068e-01,-4.998827e-01,7.847270e-16,1.901272e-01,-5.000000e-01,7.071068e-01,-1.874809e-14,-4.998827e-01,1.901272e-01,-1.903570e-14,-5.000000e-01,-9.068818e-15,-7.071068e-01,-4.998827e-01,-5.752421e-15,-1.901272e-01,-5.000000e-01,-7.071068e-01,1.816796e-14,-4.998827e-01,-1.901272e-01,1.763352e-14
197.6,160.0,-5.000000e-01,6.925841e-15,7.071068e-01,-4.998827e-01,-2.708235e-16,1.901304e-01,-5.000000e-01,7.071068e-01,1.032251e-14,-4.998827e-01,1.901304e-01,1.447847e-14,-5.000000e-01,-5.819967e-15,-7.071068e-01,-4.998827e-01,1.350662e-15,-1.901304e-01,-5.000000e-01,-7.071068e-01,-9.655902e-15,-4.998827e-01,-1.901304e-01,-1.478821e-14
197.6,185.0,-5.000000e-01,-6.228405e-15,7.071068e-01,-4.998827e-01,-6.330021e-15,1.901336e-01,-5.000000e-01,7.071068e-01,-8.194533e-14,-4.998827e-01,1.901336e-01,1.468864e-14,-5.000000e-01,6.347218e-15,-7.071068e-01,-4.998827e-01,6.088529e-15,-1.901336e-01,-5.000000e-01,-7.071068e-01,8.100345e-14,-4.998827e-01,-1.901336e-01,-1.498945e-14
197.6,210.0,-5.000000e-01,-1.214828e-14,7.071068e-01,-4.998827e-01,3.044663e-15,1.901368e-01,-5.000000e-01,7.071068e-01,-1.290829e-14,-4.998827e-01,1.901368e-01,-1.229758e-14,-5.000000e-01,1.195245e-14,-7.071068e-01,-4.998827e-01,-2.998151e-15,-1.901368e-01,-5.000000e-01,-7.071068e-01,1.088982e-14,-4.998827e-01,-1.901368e-01,1.175692e-14
197.6,235.0,-5.000000e-01,5.484232e-15,7.071068e-01,-4.998827e-01,5.281410e-15,1.901401e-01,-5.000000e-01,7.071068e-01,-3.250751e-14,-4.998827e-01,1.901401e-01,-1.805951e-14,-5.000000e-01,-6.300119e-15,-7.071068e-01,-4.998827e-01,-4.793527e-15,-1.901401e-01,-5.000000e-01,-7.071068e-01,3.233723e-14,-4.998827e-01,-1.901401e-01,1.754557e-14
197.6,260.0,-5.000000e-01,-1.970322e-14,7.071068e-01,-4.998827e-01,-1.820410e-15,1.901434e-01,-5.000000e-01,7.071068e-01,2.167096e-14,-4.998827e-01,1.901434e-01,2.008363e-15,-5.000000e-01,1.888273e-14,-7.071068e-01,-4.998827e-01,1.359981e-15,-1.901434e-01,-5.000000e-01,-7.071068e-01,-2.315636e-14,-4.998827e-01,-1.901434e-01,-3.617178e-15
197.6,285.0,-5.000000e-01,-2.455162e-14,7.071068e-01,-4.998827e-01,2.247710e-16,1.901467e-01,-5.000000e-01,7.071068e-01,1.547230e-15,-4.998827e-01,1.901467e-01,7.123314e-15,-5.000000e-01,2.397057e-14,-7.071068e-01,-4.998827e-01,-4.157365e-16,-1.901467e-01,-5.000000e-01,-7.071068e-01,1.092276e-15,-4.998827e-01,-1.901467e-01,-7.457097e-15
197.6,310.0,-5.000000e-01,-5.564017e-15,7.071068e-01,-4.998827e-01,4.210759e-16,1.901500e-01,-5.000000e-01,7.071068e-01,-2.582266e-14,-4.998827e-01,1.901500e-01,3.493422e-15,-5.000000e-01,5.161014e-15,-7.071068e-01,-4.998827e-01,-2.609875e-16,-1.901500e-01,-5.000000e-01,-7.071068e-01,2.438775e-14,-4.998827e-01,-1.901500e-01,-4.724413e-15
197.6,335.0,-5.000000e-01,-7.498781e-15,7.071068e-01,-4.998827e-01,-1.041731e-15,1.901533e-01,-5.000000e-01,7.071068e-01,1.907767e-14,-4.998827e-01,1.901533e-01,1.105224e-15,-5.000000e-01,4.599744e-15,-7.071068e-01,-4.998827e-01,9.551253e-16,-1.901533e-01,-5.000000e-01,-7.071068e-01,-2.028986e-14,-4.998827e-01,-1.901533e-01,-1.935437e-15
197.6,360.0,-5.000000e-01,1.388742e-15,7.071068e-01,-4.998827e-01,-1.421784e-15,1.901567e-01,-5.000000e-01,7.071068e-01,2.126734e-14,-4.998827e-01,1.901567e-01,1.657145e-15,-5.000000e-01,-5.167411e-16,-7.071068e-01,-4.998827e-01,1.730102e-15,-1.901567e-01,-5.000000e-01,-7.071068e-01,-2.145633e-14,-4.998827e-01,-1.901567e-01,-2.099035e-15
197.6,385.0,-5.000000e-01,-4.352641e-16,7.071068e-01,-4.998827e-01,-1.807654e-15,1.901601e-01,-5.000000e-01,7.071068e-01,-1.958821e-14,-4.998827e-01,1.901601e-01,1.655411e-14,-5.000000e-01,1.128462e-15,-7.071068e-01,-4.998827e-01,2.159044e-15,-1.901601e-01,-5.000000e-01,-7.071068e-01,1.882614e-14,-4.998827e-01,-1.901601e-01,-1.707892e-14
197.6,410.0,-5.000000e-01,-1.193764e-14,7.071068e-01,-4.998827e-01,-3.058085e-15,1.901635e-01,-5.000000e-01,7.071068e-01,8.527492e-14,-4.998827e-01,1.901635e-01,-1.082315e-14,-5.000000e-01,1.133378e-14,-7.071068e-01,-4.998827e-01,3.092112e-15,-1.901635e-01,-5.000000e-01,-7.071068e-01,-8.591552e-14,-4.998827e-01,-1.901635e-01,1.051188e-14
197.6,435.0,-5.000000e-01,-2.827707e-14,7.071068e-01,-4.998827e-01,1.547974e-15,1.901670e-01,-5.000000e-01,7.071068e-01,2.397988e-15,-4.998827e-01,1.901670e-01,1.968271e-15,-5.000000e-01,2.939003e-14,-7.071068e-01,-4.998827e-01,-1.473111e-15,-1.901670e-01,-5.000000e-01,-7.071068e-01,-3.871393e-15,-4.998827e-01,-1.901670e-01,-2.659428e-15
197.6,460.0,-5.000000e-01,7.885356e-15,7.071068e-01,-4.998827e-01,5.475690e-16,1.901704e-01,-5.000000e-01,7.071068e-01,-1.454764e-14,-4.998827e-01,1.901704e-01,-7.564211e-15,-5.000000e-01,-8.639652e-15,-7.071068e-01,-4.998827e-01,-9.394520e-16,-1.901704e-01,-5.000000e-01,-7.071068e-01,1.273070e-14,-4.998827e-01,-1.901704e-01,6.268190e-15
197.6,485.0,-5.000000e-01,1.660125e-14,7.071068e-01,-4.998826e-01,-1.188705e-15,1.901739e-01,-5.000000e-01,7.071068e-01,-2.548196e-14,-4.998826e-01,1.901739e-01,4.297850e-15,-5.000000e-01,-1.483997e-14,-7.071068e-01,-4.998826e-01,1.456638e-15,-1.901739e-01,-5.000000e-01,-7.071068e-01,2.614150e-14,-4.998826e-01,-1.901739e-01,-5.251838e-15
197.6,510.0,-5.000000e-01,1.998609e-14,7.071068e-01,-4.998826e-01,7.942651e-15,1.901774e-01,-5.000000e-01,7.071068e-01,-4.163171e-14,-4.998826e-01,1.901774e-01,-3.130580e-14,-5.000000e-01,-2.067940e-14,-7.071068e-01,-4.998826e-01,-7.995791e-15,-1.901774e-01,-5.000000e-01,-7.071068e-01,4.000177e-14,-4.998826e-01,-1.901774e-01,3.158194e-14
197.6,535.0,-5.000000e-01,-5.890389e-14,7.071068e-01,-4.998826e-01,-3.985906e-15,1.901809e-01,-5.000000e-01,7.071068e-01,5.233842e-14,-4.998826e-01,1.901809e-01,3.258592e-14,-5.000000e-01,5.889929e-14,-7.071068e-01,-4.998826e-01,3.750528e-15,-1.901809e-01,-5.000000e-01,-7.071068e-01,-5.539676e-14,-4.998826e-01,-1.901809e-01,-3.331220e-14
197.6,560.0,-5.000000e-01,3.282564e-14,7.071068e-01,-4.998826e-01,-5.617242e-15,1.901845e-01,-5.000000e-01,7.071068e-01,6.944696e-14,-4.998826e-01,1.901845e-01,2.273242e-14,-5.000000e-01,-3.085930e-14,-7.071068e-01,-4.998826e-01,5.822240e-15,-1.901845e-01,-5.000000e-01,-7.071068e-01,-6.971837e-14,-4.998826e-01,-1.901845e-01,-2.295041e-14
197.6,585.0,-5.000000e-01,-1.614805e-14,7.071068e-01,-4.998826e-01,5.510011e-15,1.901881e-01,-5.000000e-01,7.071068e-01,-4.544692e-14,-4.998826e-01,1.901881e-01,-7.227731e-15,-5.000000e-01,1.555066e-14,-7.071068e-01,-4.998826e-01,-5.620132e-15,-1.901881e-01,-5.000000e-01,-7.071068e-01,4.512631e-14,-4.998826e-01,-1.901881e-01,7.390371e-15
197.6,610.0,-5.000000e-01,-1.595563e-14,7.071068e-01,-4.998826e-01,-2.690011e-15,1.901917e-01,-5.000000e-01,7.071068e-01,4.075111e-15,-4.998826e-01,1.901917e-01,3.210735e-14,-5.000000e-01,1.798411e-14,-7.071068e-01,-4.998826e-01,6.196492e-15,-1.901917e-01,-5.000000e-01,-7.071068e-01,-3.408956e-15,-4.998826e-01,-1.901917e-01,-3.264166e-14
197.6,635.0,-5.000000e-01,-2.980328e-14,7.071068e-01,-4.998826e-01,-2.569155e-15,1.901953e-01,-5.000000e-01,7.071068e-01,6.269079e-16,-4.998826e-01,1.901953e-01,2.385817e-14,-5.000000e-01,3.133449e-14,-7.071068e-01,-4.998826e-01,2.800485e-15,-1.901953e-01,-5.000000e-01,-7.071068e-01,1.304254e-15,-4.998826e-01,-1.901953e-01,-2.453384e-14
197.6,660.0,-5.000000e-01,-1.435754e-14,7.071068e-01,-4.998826e-01,-3.295439e-15,1.901989e-01,-5.000000e-01,7.071068e-01,1.596364e-14,-4.998826e-01,1.901989e-01,2.758755e-14,-5.000000e-01,1.518717e-14,-7.071068e-01,-4.998826e-01,5.754628e-15,-1.901989e-01,-5.000000e-01,-7.071068e-01,-1.571328e-14,-4.998826e-01,-1.901989e-01,-2.782947e-14
197.6,685.0,-5.000000e-01,7.806365e-15,7.071068e-01,-4.998826e-01,-4.882949e-15,1.902026e-01,-5.000000e-01,7.071068e-01,3.916329e-14,-4.998826e-01,1.902026e-01,9.501714e-15,-5.000000e-01,-8.101379e-15,-7.071068e-01,-4.998826e-01,2.564893e-15,-1.902026e-01,-5.000000e-01,-7.071068e-01,-3.875235e-14,-4.998826e-01,-1.902026e-01,-9.185960e-15
197.6,710.0,-5.000000e-01,-6.428491e-14,7.071068e-01,-4.998826e-01,8.068953e-15,1.902063e-01,-5.000000e-01,7.071068e-01,-9.140180e-14,-4.998826e-01,1.902063e-01,1.011546e-14,-5.000000e-01,4.218300e-14,-7.071068e-01,-4.998826e-01,-1.065227e-14,-1.902063e-01,-5.000000e-01,-7.071068e-01,9.635116e-14,-4.998826e-01,-1.902063e-01,1.463385e-14
197.6,735.0,-5.000000e-01,2.358763e-15,7.071068e-01,-4.998826e-01,-4.185559e-15,1.902100e-01,-5.000000e-01,7.071068e-01,-2.069588e-14,-4.998826e-01,1.902100e-01,3.831248e-15,-5.000000e-01,-2.781125e-15,-7.071068e-01,-4.998826e-01,3.828765e-15,-1.902100e-01,-5.000000e-01,-7.071068e-01,2.051398e-14,-4.998826e-01,-1.902100e-01,-2.313016e-15
197.6,760.0,-5.000000e-01,1.918712e-14,7.071068e-01,-4.998826e-01,1.130133e-14,1.902138e-01,-5.000000e-01,7.071068e-01,2.820627e-15,-4.998826e-01,1.902138e-01,-5.054441e-15,-5.000000e-01,-1.979229e-14,-7.071068e-01,-4.998826e-01,-1.124252e-14,-1.902138e-01,-5.000000e-01,-7.071068e-01,1.596883e-14,-4.998826e-01,-1.902138e-01,4.670630e-15
197.6,785.0,-5.000000e-01,6.178218e-15,7.071068e-01,-4.998826e-01,-1.887973e-14,1.902175e-01,-5.000000e-01,7.071068e-01,4.192883e-15,-4.998826e-01,1.902175e-01,-5.541645e-16,-5.000000e-01,-7.235956e-15,-7.071068e-01,-4.998826e-01,1.877325e-14,-1.902175e-01,-5.000000e-01,-7.071068e-01,-2.469069e-14,-4.998826e-01,-1.902175e-01,1.326446e-15
197.6,810.0,-5.000000e-01,5.601856e-16,7.071068e-01,-4.998826e-01,2.226041e-14,1.902213e-01,-5.000000e-01,7.071068e-01,2.400592e-15,-4.998826e-01,1.902213e-01,-4.596803e-15,-5.000000e-01,-2.480513e-15,-7.071068e-01,-4.998826e-01,-2.228294e-14,-1.902213e-01,-5.000000e-01,-7.071068e-01,7.856924e-15,-4.998826e-01,-1.902213e-01,4.877335e-15
197.6,835.0,-5.000000e-01,1.894522e-15,7.071068e-01,-4.998826e-01,6.147791e-15,1.902251e-01,-5.000000e-01,7.071068e-01,-4.814587e-15,-4.998826e-01,1.902251e-01,-3.116644e-16,-5.000000e-01,3.675362e-15,-7.071068e-01,-4.998826e-01,-6.415326e-15,-1.902251e-01,-5.000000e-01,-7.071068e-01,-1.469356e-14,-4.998826e-01,-1.902251e-01,-4.047894e-16
197.6,860.0,-5.000000e-01,-1.186547e-14,7.071068e-01,-4.998826e-01,-3.368915e-15,1.902290e-01,-5.000000e-01,7.071068e-01,-5.714258e-15,-4.998826e-01,1.902290e-01,5.623266e-15,-5.000000e-01,1.316824e-14,-7.071068e-01,-4.998826e-01,3.521192e-15,-1.902290e-01,-5.000000e-01,-7.071068e-01,4.323721e-16,-4.998826e-01,-1.902290e-01,-3.731513e-15
197.6,885.0,-5.000000e-01,2.177962e-15,7.071068e-01,-4.998826e-01,8.994235e-15,1.902328e-01,-5.000000e-01,7.071068e-01,9.021645e-15,-4.998826e-01,1.902328e-01,-1.931941e-15,-5.000000e-01,-1.665772e-15,-7.071068e-01,-4.998826e-01,-8.782905e-15,-1.902328e-01,-5.000000e-01,-7.071068e-01,3.412233e-15,-4.998826e-01,-1.902328e-01,2.691491e-15
