0.756797807733379,0.219498199386555,-0.529915529875494,-0.313475915937391
0.756797807733254,0.21949819938636,-0.52991552987575,-0.313475915937396
0.756797807733131,0.219498199386165,-0.529915529875999,-0.313475915937408
0.756797807733008,0.219498199385971,-0.529915529876244,-0.313475915937427
0.756797807732886,0.219498199385776,-0.529915529876484,-0.313475915937453
0.756797807732765,0.219498199385581,-0.529915529876717,-0.313475915937486
0.756797807732645,0.219498199385386,-0.529915529876946,-0.313475915937526
0.756797807732526,0.219498199385191,-0.52991552987717,-0.313475915937573
0.756797807732407,0.219498199384996,-0.529915529877388,-0.313475915937627
0.75679780773229,0.219498199384801,-0.5299155298776,-0.313475915937688
0.756797807732173,0.219498199384605,-0.529915529877808,-0.313475915937756
0.756797807732057,0.21949819938441,-0.52991552987801,-0.31347591593783
0.756797807731942,0.219498199384215,-0.529915529878207,-0.313475915937912
0.756797807731828,0.219498199384019,-0.529915529878398,-0.313475915938001
0.756797807731715,0.219498199383824,-0.529915529878584,-0.313475915938097
0.756797807731602,0.219498199383628,-0.529915529878765,-0.3134759159382
0.75679780773149,0.219498199383433,-0.529915529878941,-0.313475915938309
0.75679780773138,0.219498199383237,-0.529915529879111,-0.313475915938426
0.75679780773127,0.219498199383041,-0.529915529879276,-0.31347591593855
0.75679780773116,0.219498199382846,-0.529915529879436,-0.313475915938681
0.756797807731052,0.21949819938265,-0.52991552987959,-0.313475915938818
0.756797807730945,0.219498199382454,-0.529915529879738,-0.313475915938963
0.756797807730838,0.219498199382258,-0.529915529879883,-0.313475915939115
0.756797807730732,0.219498199382062,-0.529915529880021,-0.313475915939273
0.756797807730627,0.219498199381867,-0.529915529880154,-0.313475915939439
0.756797807730524,0.219498199381671,-0.529915529880282,-0.313475915939612
0.75679780773042,0.219498199381474,-0.529915529880404,-0.313475915939791
0.756797807730318,0.219498199381278,-0.529915529880521,-0.313475915939978
0.756797807730217,0.219498199381082,-0.529915529880633,-0.313475915940172
0.756797807730116,0.219498199380885,-0.529915529880739,-0.313475915940372
0.756797807730016,0.219498199380689,-0.52991552988084,-0.31347591594058
0.756797807729917,0.219498199380492,-0.529915529880936,-0.313475915940794
0.756797807729819,0.219498199380296,-0.529915529881027,-0.313475915941016
0.756797807729722,0.2194981993801,-0.529915529881112,-0.313475915941245
0.756797807729625,0.219498199379903,-0.529915529881192,-0.31347591594148
0.75679780772953,0.219498199379706,-0.529915529881266,-0.313475915941722
0.756797807729435,0.21949819937951,-0.529915529881335,-0.313475915941972
0.756797807729341,0.219498199379313,-0.529915529881399,-0.313475915942229
0.756797807729248,0.219498199379116,-0.529915529881458,-0.313475915942492
0.756797807729156,0.219498199378919,-0.529915529881511,-0.313475915942762
0.756797807729064,0.219498199378722,-0.529915529881559,-0.31347591594304
0.756797807728974,0.219498199378525,-0.529915529881602,-0.313475915943324
0.756797807728884,0.219498199378328,-0.529915529881639,-0.313475915943616
0.756797807728795,0.219498199378131,-0.529915529881671,-0.313475915943914
0.756797807728707,0.219498199377934,-0.529915529881698,-0.31347591594422
0.75679780772862,0.219498199377736,-0.529915529881719,-0.313475915944532
0.756797807728534,0.219498199377539,-0.529915529881735,-0.313475915944851
0.756797807728449,0.219498199377342,-0.529915529881745,-0.313475915945178
0.756797807728364,0.219498199377144,-0.52991552988175,-0.313475915945511
0.75679780772828,0.219498199376947,-0.529915529881751,-0.313475915945851
0.756797807728197,0.219498199376749,-0.529915529881746,-0.313475915946199
0.756797807728115,0.219498199376552,-0.529915529881735,-0.313475915946553
0.756797807728034,0.219498199376354,-0.529915529881719,-0.313475915946914
0.756797807727954,0.219498199376156,-0.529915529881698,-0.313475915947283
0.756797807727874,0.219498199375958,-0.529915529881671,-0.313475915947658
0.756797807727795,0.219498199375761,-0.529915529881639,-0.31347591594804
0.756797807727718,0.219498199375563,-0.529915529881603,-0.313475915948429
0.756797807727641,0.219498199375365,-0.52991552988156,-0.313475915948826
0.756797807727565,0.219498199375167,-0.529915529881512,-0.313475915949228
0.756797807727489,0.219498199374969,-0.529915529881459,-0.313475915949639
0.756797807727415,0.219498199374771,-0.529915529881401,-0.313475915950056
0.756797807727341,0.219498199374572,-0.529915529881337,-0.31347591595048
0.756797807727269,0.219498199374374,-0.529915529881268,-0.313475915950911
0.756797807727197,0.219498199374176,-0.529915529881193,-0.313475915951349
0.756797807727126,0.219498199373977,-0.529915529881114,-0.313475915951795
0.756797807727055,0.219498199373779,-0.529915529881029,-0.313475915952247
0.756797807726986,0.21949819937358,-0.529915529880938,-0.313475915952706
0.756797807726918,0.219498199373382,-0.529915529880843,-0.313475915953172
0.75679780772685,0.219498199373183,-0.529915529880742,-0.313475915953645
0.756797807726783,0.219498199372985,-0.529915529880635,-0.313475915954125
0.756797807726717,0.219498199372786,-0.529915529880524,-0.313475915954612
0.756797807726652,0.219498199372587,-0.529915529880407,-0.313475915955106
0.756797807726588,0.219498199372388,-0.529915529880285,-0.313475915955607
0.756797807726524,0.219498199372189,-0.529915529880158,-0.313475915956115
0.756797807726462,0.21949819937199,-0.529915529880025,-0.31347591595663
0.7567978077264,0.219498199371791,-0.529915529879887,-0.313475915957152
0.756797807726339,0.219498199371592,-0.529915529879743,-0.313475915957681
0.756797807726279,0.219498199371393,-0.529915529879594,-0.313475915958217
0.75679780772622,0.219498199371194,-0.52991552987944,-0.31347591595876
0.756797807726161,0.219498199370995,-0.529915529879281,-0.31347591595931
0.756797807726104,0.219498199370795,-0.529915529879116,-0.313475915959867
0.756797807726047,0.219498199370596,-0.529915529878946,-0.313475915960431
0.756797807725992,0.219498199370396,-0.52991552987877,-0.313475915961001
0.756797807725937,0.219498199370197,-0.52991552987859,-0.31347591596158
0.756797807725882,0.219498199369997,-0.529915529878404,-0.313475915962164
0.756797807725829,0.219498199369798,-0.529915529878213,-0.313475915962756
0.756797807725777,0.219498199369598,-0.529915529878016,-0.313475915963355
0.756797807725725,0.219498199369398,-0.529915529877814,-0.313475915963961
0.756797807725674,0.219498199369198,-0.529915529877607,-0.313475915964574
0.756797807725624,0.219498199368999,-0.529915529877394,-0.313475915965193
0.756797807725576,0.219498199368798,-0.529915529877176,-0.31347591596582
0.756797807725527,0.219498199368599,-0.529915529876953,-0.313475915966454
0.75679780772548,0.219498199368399,-0.529915529876725,-0.313475915967095
0.756797807725433,0.219498199368198,-0.52991552987649,-0.313475915967742
0.756797807725388,0.219498199367998,-0.529915529876252,-0.313475915968397
0.756797807725343,0.219498199367798,-0.529915529876007,-0.313475915969059
0.756797807725299,0.219498199367598,-0.529915529875757,-0.313475915969727
0.756797807725256,0.219498199367397,-0.529915529875502,-0.313475915970403
0.756797807725214,0.219498199367197,-0.529915529875241,-0.313475915971086
0.756797807725172,0.219498199366996,-0.529915529874975,-0.313475915971775
0.756797807725132,0.219498199366796,-0.529915529874705,-0.313475915972472
0.756797807725092,0.219498199366596,-0.529915529874428,-0.313475915973176
0.756797807725053,0.219498199366395,-0.529915529874146,-0.313475915973886
0.756797807725015,0.219498199366194,-0.529915529873859,-0.313475915974604
0.756797807724978,0.219498199365993,-0.529915529873567,-0.313475915975328
0.756797807724941,0.219498199365792,-0.529915529873269,-0.31347591597606
0.756797807724906,0.219498199365592,-0.529915529872966,-0.313475915976798
0.756797807724871,0.219498199365391,-0.529915529872658,-0.313475915977544
0.756797807724837,0.21949819936519,-0.529915529872344,-0.313475915978296
0.756797807724805,0.219498199364989,-0.529915529872025,-0.313475915979056
0.756797807724772,0.219498199364788,-0.529915529871701,-0.313475915979822
0.756797807724741,0.219498199364586,-0.529915529871372,-0.313475915980596
0.756797807724711,0.219498199364385,-0.529915529871037,-0.313475915981376
0.756797807724681,0.219498199364184,-0.529915529870696,-0.313475915982164
0.756797807724652,0.219498199363982,-0.529915529870351,-0.313475915982958
0.756797807724625,0.219498199363781,-0.52991552987,-0.31347591598376
0.756797807724598,0.219498199363579,-0.529915529869644,-0.313475915984568
0.756797807724571,0.219498199363378,-0.529915529869283,-0.313475915985384
0.756797807724546,0.219498199363176,-0.529915529868916,-0.313475915986206
0.756797807724521,0.219498199362975,-0.529915529868544,-0.313475915987035
0.756797807724498,0.219498199362773,-0.529915529868166,-0.313475915987871
0.756797807724475,0.219498199362571,-0.529915529867784,-0.313475915988715
0.756797807724453,0.219498199362369,-0.529915529867396,-0.313475915989565
0.756797807724432,0.219498199362167,-0.529915529867002,-0.313475915990422
0.756797807724412,0.219498199361965,-0.529915529866603,-0.313475915991287
0.756797807724392,0.219498199361763,-0.529915529866199,-0.313475915992158
0.756797807724374,0.219498199361561,-0.52991552986579,-0.313475915993036
0.756797807724356,0.219498199361359,-0.529915529865376,-0.313475915993921
0.756797807724339,0.219498199361157,-0.529915529864955,-0.313475915994814
0.756797807724323,0.219498199360954,-0.52991552986453,-0.313475915995713
0.756797807724308,0.219498199360752,-0.5299155298641,-0.313475915996619
0.756797807724294,0.21949819936055,-0.529915529863664,-0.313475915997532
0.75679780772428,0.219498199360347,-0.529915529863222,-0.313475915998452
0.756797807724268,0.219498199360145,-0.529915529862776,-0.31347591599938
0.756797807724256,0.219498199359942,-0.529915529862324,-0.313475916000314
0.756797807724245,0.21949819935974,-0.529915529861867,-0.313475916001255
0.756797807724235,0.219498199359537,-0.529915529861404,-0.313475916002203
0.756797807724226,0.219498199359334,-0.529915529860936,-0.313475916003158
0.756797807724217,0.219498199359131,-0.529915529860464,-0.31347591600412
0.75679780772421,0.219498199358929,-0.529915529859985,-0.313475916005089
0.756797807724203,0.219498199358725,-0.529915529859501,-0.313475916006065
0.756797807724197,0.219498199358523,-0.529915529859012,-0.313475916007048
0.756797807724192,0.219498199358319,-0.529915529858518,-0.313475916008038
0.756797807724188,0.219498199358116,-0.529915529858018,-0.313475916009035
0.756797807724184,0.219498199357913,-0.529915529857513,-0.313475916010039
0.756797807724182,0.21949819935771,-0.529915529857003,-0.31347591601105
0.75679780772418,0.219498199357506,-0.529915529856487,-0.313475916012068
0.75679780772418,0.219498199357303,-0.529915529855966,-0.313475916013093
0.75679780772418,0.2194981993571,-0.52991552985544,-0.313475916014125
0.756797807724181,0.219498199356896,-0.529915529854908,-0.313475916015164
0.756797807724182,0.219498199356693,-0.529915529854371,-0.31347591601621
0.756797807724185,0.219498199356489,-0.529915529853829,-0.313475916017263
0.756797807724188,0.219498199356285,-0.529915529853282,-0.313475916018323
0.756797807724193,0.219498199356082,-0.529915529852729,-0.313475916019389
0.756797807724198,0.219498199355878,-0.529915529852171,-0.313475916020463
0.756797807724204,0.219498199355674,-0.529915529851607,-0.313475916021544
0.756797807724211,0.21949819935547,-0.529915529851038,-0.313475916022632
0.756797807724219,0.219498199355266,-0.529915529850464,-0.313475916023727
0.756797807724227,0.219498199355062,-0.529915529849885,-0.313475916024829
0.756797807724236,0.219498199354858,-0.5299155298493,-0.313475916025937
0.756797807724247,0.219498199354654,-0.52991552984871,-0.313475916027053
0.756797807724258,0.219498199354449,-0.529915529848114,-0.313475916028176
0.75679780772427,0.219498199354245,-0.529915529847514,-0.313475916029306
0.756797807724282,0.219498199354041,-0.529915529846908,-0.313475916030443
0.756797807724296,0.219498199353836,-0.529915529846297,-0.313475916031586
0.756797807724311,0.219498199353632,-0.52991552984568,-0.313475916032737
0.756797807724326,0.219498199353427,-0.529915529845058,-0.313475916033894
0.756797807724342,0.219498199353223,-0.529915529844431,-0.313475916035059
0.756797807724359,0.219498199353018,-0.529915529843798,-0.313475916036231
0.756797807724377,0.219498199352813,-0.52991552984316,-0.31347591603741
0.756797807724396,0.219498199352609,-0.529915529842517,-0.313475916038595
0.756797807724415,0.219498199352404,-0.529915529841868,-0.313475916039788
0.756797807724435,0.219498199352199,-0.529915529841214,-0.313475916040987
0.756797807724457,0.219498199351994,-0.529915529840555,-0.313475916042194
0.756797807724479,0.219498199351789,-0.529915529839891,-0.313475916043407
0.756797807724502,0.219498199351584,-0.529915529839221,-0.313475916044628
0.756797807724525,0.219498199351379,-0.529915529838546,-0.313475916045855
0.75679780772455,0.219498199351173,-0.529915529837865,-0.31347591604709
0.756797807724576,0.219498199350968,-0.529915529837179,-0.313475916048331
0.756797807724602,0.219498199350763,-0.529915529836488,-0.31347591604958
0.756797807724629,0.219498199350557,-0.529915529835792,-0.313475916050835
0.756797807724657,0.219498199350352,-0.52991552983509,-0.313475916052097
0.756797807724686,0.219498199350146,-0.529915529834383,-0.313475916053367
0.756797807724716,0.219498199349941,-0.529915529833671,-0.313475916054644
0.756797807724746,0.219498199349735,-0.529915529832953,-0.313475916055927
0.756797807724778,0.219498199349529,-0.52991552983223,-0.313475916057217
0.75679780772481,0.219498199349323,-0.529915529831502,-0.313475916058515
0.756797807724843,0.219498199349117,-0.529915529830768,-0.313475916059819
0.756797807724877,0.219498199348912,-0.529915529830029,-0.313475916061131
0.756797807724912,0.219498199348706,-0.529915529829285,-0.313475916062449
0.756797807724948,0.2194981993485,-0.529915529828535,-0.313475916063774
0.756797807724984,0.219498199348294,-0.52991552982778,-0.313475916065106
0.756797807725021,0.219498199348088,-0.52991552982702,-0.313475916066446
0.75679780772506,0.219498199347881,-0.529915529826255,-0.313475916067792
0.756797807725099,0.219498199347675,-0.529915529825484,-0.313475916069145
0.756797807725138,0.219498199347469,-0.529915529824707,-0.313475916070505
0.756797807725179,0.219498199347262,-0.529915529823926,-0.313475916071873
0.756797807725221,0.219498199347056,-0.529915529823139,-0.313475916073247
0.756797807725263,0.219498199346849,-0.529915529822347,-0.313475916074628
0.756797807725306,0.219498199346643,-0.52991552982155,-0.313475916076016
0.756797807725351,0.219498199346436,-0.529915529820747,-0.313475916077411
0.756797807725396,0.219498199346229,-0.529915529819939,-0.313475916078813
0.756797807725441,0.219498199346022,-0.529915529819126,-0.313475916080223
0.756797807725488,0.219498199345816,-0.529915529818307,-0.313475916081639
0.756797807725536,0.219498199345609,-0.529915529817483,-0.313475916083062
0.756797807725584,0.219498199345402,-0.529915529816654,-0.313475916084492
0.756797807725633,0.219498199345195,-0.529915529815819,-0.313475916085929
0.756797807725683,0.219498199344988,-0.529915529814979,-0.313475916087373
0.756797807725734,0.219498199344781,-0.529915529814134,-0.313475916088824
0.756797807725786,0.219498199344573,-0.529915529813283,-0.313475916090282
0.756797807725838,0.219498199344366,-0.529915529812427,-0.313475916091747
0.756797807725892,0.219498199344159,-0.529915529811566,-0.313475916093219
0.756797807725946,0.219498199343951,-0.5299155298107,-0.313475916094698
0.756797807726001,0.219498199343744,-0.529915529809828,-0.313475916096184
0.756797807726057,0.219498199343536,-0.52991552980895,-0.313475916097677
0.756797807726114,0.219498199343329,-0.529915529808068,-0.313475916099177
0.756797807726172,0.219498199343121,-0.529915529807181,-0.313475916100684
0.75679780772623,0.219498199342913,-0.529915529806287,-0.313475916102198
0.75679780772629,0.219498199342706,-0.529915529805389,-0.313475916103719
0.75679780772635,0.219498199342498,-0.529915529804485,-0.313475916105247
0.756797807726411,0.21949819934229,-0.529915529803576,-0.313475916106782
0.756797807726473,0.219498199342082,-0.529915529802662,-0.313475916108323
0.756797807726536,0.219498199341874,-0.529915529801742,-0.313475916109872
0.756797807726599,0.219498199341666,-0.529915529800817,-0.313475916111428
0.756797807726664,0.219498199341458,-0.529915529799887,-0.313475916112991
0.756797807726729,0.219498199341249,-0.529915529798951,-0.31347591611456
0.756797807726795,0.219498199341041,-0.52991552979801,-0.313475916116137
0.756797807726862,0.219498199340833,-0.529915529797064,-0.313475916117721
0.75679780772693,0.219498199340624,-0.529915529796112,-0.313475916119312
0.756797807726999,0.219498199340416,-0.529915529795155,-0.31347591612091
0.756797807727068,0.219498199340207,-0.529915529794193,-0.313475916122514
0.756797807727139,0.219498199339999,-0.529915529793225,-0.313475916124126
0.75679780772721,0.21949819933979,-0.529915529792253,-0.313475916125745
0.756797807727282,0.219498199339581,-0.529915529791274,-0.31347591612737
0.756797807727355,0.219498199339373,-0.529915529790291,-0.313475916129003
0.756797807727429,0.219498199339164,-0.529915529789302,-0.313475916130643
0.756797807727503,0.219498199338955,-0.529915529788308,-0.313475916132289
0.756797807727579,0.219498199338746,-0.529915529787308,-0.313475916133943
0.756797807727655,0.219498199338537,-0.529915529786304,-0.313475916135603
0.756797807727732,0.219498199338328,-0.529915529785294,-0.313475916137271
0.75679780772781,0.219498199338119,-0.529915529784278,-0.313475916138946
0.756797807727889,0.21949819933791,-0.529915529783258,-0.313475916140627
0.756797807727969,0.2194981993377,-0.529915529782232,-0.313475916142316
0.756797807728049,0.219498199337491,-0.5299155297812,-0.313475916144011
0.756797807728131,0.219498199337282,-0.529915529780164,-0.313475916145714
0.756797807728213,0.219498199337072,-0.529915529779122,-0.313475916147423
0.756797807728296,0.219498199336863,-0.529915529778075,-0.31347591614914
0.75679780772838,0.219498199336653,-0.529915529777022,-0.313475916150863
0.756797807728465,0.219498199336443,-0.529915529775964,-0.313475916152594
0.756797807728551,0.219498199336234,-0.529915529774901,-0.313475916154331
0.756797807728637,0.219498199336024,-0.529915529773832,-0.313475916156075
0.756797807728725,0.219498199335814,-0.529915529772758,-0.313475916157827
0.756797807728813,0.219498199335604,-0.529915529771679,-0.313475916159585
0.756797807728902,0.219498199335394,-0.529915529770595,-0.31347591616135
0.756797807728992,0.219498199335184,-0.529915529769505,-0.313475916163123
0.756797807729082,0.219498199334974,-0.52991552976841,-0.313475916164902
0.756797807729174,0.219498199334764,-0.529915529767309,-0.313475916166688
0.756797807729266,0.219498199334554,-0.529915529766203,-0.313475916168481
0.75679780772936,0.219498199334343,-0.529915529765092,-0.313475916170282
0.756797807729454,0.219498199334133,-0.529915529763976,-0.313475916172089
0.756797807729549,0.219498199333923,-0.529915529762854,-0.313475916173903
0.756797807729645,0.219498199333712,-0.529915529761727,-0.313475916175724
0.756797807729741,0.219498199333502,-0.529915529760595,-0.313475916177553
0.756797807729839,0.219498199333291,-0.529915529759457,-0.313475916179388
0.756797807729937,0.21949819933308,-0.529915529758314,-0.31347591618123
0.756797807730036,0.219498199332869,-0.529915529757166,-0.313475916183079
0.756797807730136,0.219498199332659,-0.529915529756012,-0.313475916184936
0.756797807730237,0.219498199332448,-0.529915529754853,-0.313475916186799
0.756797807730339,0.219498199332237,-0.529915529753689,-0.313475916188669
0.756797807730442,0.219498199332026,-0.52991552975252,-0.313475916190546
0.756797807730545,0.219498199331815,-0.529915529751345,-0.31347591619243
0.756797807730649,0.219498199331604,-0.529915529750165,-0.313475916194321
0.756797807730755,0.219498199331393,-0.529915529748979,-0.313475916196219
0.756797807730861,0.219498199331181,-0.529915529747788,-0.313475916198124
0.756797807730967,0.21949819933097,-0.529915529746592,-0.313475916200036
0.756797807731075,0.219498199330759,-0.529915529745391,-0.313475916201955
0.756797807731184,0.219498199330547,-0.529915529744184,-0.313475916203881
0.756797807731293,0.219498199330336,-0.529915529742972,-0.313475916205814
0.756797807731403,0.219498199330124,-0.529915529741755,-0.313475916207754
0.756797807731514,0.219498199329912,-0.529915529740532,-0.313475916209701
0.756797807731626,0.219498199329701,-0.529915529739304,-0.313475916211655
0.756797807731739,0.219498199329489,-0.529915529738071,-0.313475916213616
0.756797807731853,0.219498199329277,-0.529915529736832,-0.313475916215584
0.756797807731967,0.219498199329065,-0.529915529735588,-0.313475916217558
0.756797807732082,0.219498199328854,-0.529915529734339,-0.313475916219541
0.756797807732199,0.219498199328641,-0.529915529733084,-0.313475916221529
0.756797807732316,0.21949819932843,-0.529915529731824,-0.313475916223525
0.756797807732433,0.219498199328217,-0.529915529730559,-0.313475916225528
0.756797807732552,0.219498199328005,-0.529915529729288,-0.313475916227538
0.756797807732672,0.219498199327793,-0.529915529728012,-0.313475916229555
0.756797807732792,0.219498199327581,-0.529915529726731,-0.313475916231578
0.756797807732913,0.219498199327368,-0.529915529725445,-0.313475916233609
0.756797807733035,0.219498199327156,-0.529915529724153,-0.313475916235647
0.756797807733158,0.219498199326943,-0.529915529722856,-0.313475916237691
0.756797807733282,0.219498199326731,-0.529915529721553,-0.313475916239743
0.756797807733407,0.219498199326518,-0.529915529720245,-0.313475916241802
0.756797807733532,0.219498199326305,-0.529915529718932,-0.313475916243868
0.756797807733659,0.219498199326092,-0.529915529717614,-0.31347591624594
0.756797807733786,0.219498199325879,-0.52991552971629,-0.31347591624802
0.756797807733914,0.219498199325667,-0.529915529714961,-0.313475916250106
0.756797807734043,0.219498199325454,-0.529915529713627,-0.3134759162522
0.756797807734173,0.219498199325241,-0.529915529712287,-0.313475916254301
0.756797807734303,0.219498199325028,-0.529915529710942,-0.313475916256408
0.756797807734435,0.219498199324814,-0.529915529709592,-0.313475916258523
0.756797807734567,0.219498199324601,-0.529915529708237,-0.313475916260644
0.7567978077347,0.219498199324388,-0.529915529706875,-0.313475916262773
0.756797807734834,0.219498199324175,-0.529915529705509,-0.313475916264908
0.756797807734969,0.219498199323961,-0.529915529704138,-0.313475916267051
0.756797807735104,0.219498199323748,-0.529915529702761,-0.3134759162692
0.756797807735241,0.219498199323534,-0.529915529701379,-0.313475916271357
0.756797807735378,0.21949819932332,-0.529915529699991,-0.31347591627352
0.756797807735517,0.219498199323107,-0.529915529698598,-0.313475916275691
0.756797807735656,0.219498199322893,-0.5299155296972,-0.313475916277868
0.756797807735795,0.219498199322679,-0.529915529695797,-0.313475916280053
0.756797807735936,0.219498199322466,-0.529915529694388,-0.313475916282244
0.756797807736078,0.219498199322252,-0.529915529692974,-0.313475916284442
0.75679780773622,0.219498199322038,-0.529915529691555,-0.313475916286648
0.756797807736364,0.219498199321824,-0.52991552969013,-0.31347591628886
0.756797807736508,0.219498199321609,-0.529915529688699,-0.313475916291079
0.756797807736653,0.219498199321395,-0.529915529687265,-0.313475916293306
0.756797807736799,0.219498199321181,-0.529915529685824,-0.313475916295539
0.756797807736945,0.219498199320967,-0.529915529684378,-0.313475916297779
0.756797807737093,0.219498199320752,-0.529915529682926,-0.313475916300026
0.756797807737241,0.219498199320538,-0.52991552968147,-0.313475916302281
0.75679780773739,0.219498199320323,-0.529915529680008,-0.313475916304542
0.756797807737541,0.219498199320109,-0.52991552967854,-0.31347591630681
0.756797807737692,0.219498199319894,-0.529915529677068,-0.313475916309085
0.756797807737843,0.219498199319679,-0.52991552967559,-0.313475916311368
0.756797807737996,0.219498199319464,-0.529915529674107,-0.313475916313656
0.756797807738149,0.21949819931925,-0.529915529672619,-0.313475916315953
0.756797807738304,0.219498199319035,-0.529915529671125,-0.313475916318256
0.756797807738459,0.21949819931882,-0.529915529669626,-0.313475916320566
0.756797807738615,0.219498199318605,-0.529915529668121,-0.313475916322883
0.756797807738772,0.21949819931839,-0.529915529666611,-0.313475916325207
0.75679780773893,0.219498199318174,-0.529915529665096,-0.313475916327538
0.756797807739088,0.219498199317959,-0.529915529663576,-0.313475916329876
0.756797807739247,0.219498199317744,-0.52991552966205,-0.313475916332221
0.756797807739408,0.219498199317528,-0.529915529660519,-0.313475916334573
0.756797807739569,0.219498199317313,-0.529915529658983,-0.313475916336932
0.756797807739731,0.219498199317098,-0.529915529657441,-0.313475916339298
0.756797807739894,0.219498199316882,-0.529915529655894,-0.313475916341671
0.756797807740057,0.219498199316666,-0.529915529654342,-0.313475916344051
0.756797807740222,0.219498199316451,-0.529915529652784,-0.313475916346438
0.756797807740387,0.219498199316235,-0.529915529651221,-0.313475916348832
0.756797807740553,0.219498199316019,-0.529915529649653,-0.313475916351233
0.75679780774072,0.219498199315803,-0.52991552964808,-0.313475916353641
0.756797807740888,0.219498199315588,-0.529915529646501,-0.313475916356056
0.756797807741057,0.219498199315371,-0.529915529644916,-0.313475916358477
0.756797807741227,0.219498199315155,-0.529915529643327,-0.313475916360906
0.756797807741397,0.219498199314939,-0.529915529641732,-0.313475916363342
0.756797807741568,0.219498199314723,-0.529915529640132,-0.313475916365785
0.75679780774174,0.219498199314507,-0.529915529638527,-0.313475916368235
0.756797807741913,0.21949819931429,-0.529915529636916,-0.313475916370691
0.756797807742087,0.219498199314074,-0.5299155296353,-0.313475916373155
0.756797807742262,0.219498199313857,-0.529915529633678,-0.313475916375626
0.756797807742438,0.219498199313641,-0.529915529632052,-0.313475916378104
0.756797807742614,0.219498199313424,-0.52991552963042,-0.313475916380588
0.756797807742791,0.219498199313208,-0.529915529628782,-0.31347591638308
0.756797807742969,0.219498199312991,-0.52991552962714,-0.313475916385579
0.756797807743148,0.219498199312774,-0.529915529625492,-0.313475916388084
0.756797807743328,0.219498199312557,-0.529915529623838,-0.313475916390597
0.756797807743509,0.21949819931234,-0.52991552962218,-0.313475916393117
0.75679780774369,0.219498199312123,-0.529915529620516,-0.313475916395643
0.756797807743873,0.219498199311906,-0.529915529618847,-0.313475916398177
0.756797807744055,0.219498199311689,-0.529915529617172,-0.313475916400717
0.75679780774424,0.219498199311472,-0.529915529615492,-0.313475916403265
0.756797807744425,0.219498199311255,-0.529915529613807,-0.313475916405819
0.75679780774461,0.219498199311038,-0.529915529612117,-0.313475916408381
0.756797807744797,0.21949819931082,-0.529915529610421,-0.313475916410949
0.756797807744984,0.219498199310603,-0.529915529608719,-0.313475916413525
0.756797807745172,0.219498199310385,-0.529915529607013,-0.313475916416107
0.756797807745362,0.219498199310167,-0.529915529605301,-0.313475916418697
0.756797807745551,0.21949819930995,-0.529915529603584,-0.313475916421293
0.756797807745742,0.219498199309732,-0.529915529601862,-0.313475916423896
0.756797807745934,0.219498199309514,-0.529915529600134,-0.313475916426507
0.756797807746127,0.219498199309297,-0.529915529598401,-0.313475916429124
0.75679780774632,0.219498199309079,-0.529915529596663,-0.313475916431749
0.756797807746514,0.219498199308861,-0.529915529594919,-0.31347591643438
0.756797807746709,0.219498199308643,-0.52991552959317,-0.313475916437018
0.756797807746905,0.219498199308425,-0.529915529591416,-0.313475916439664
0.756797807747102,0.219498199308207,-0.529915529589656,-0.313475916442316
0.756797807747299,0.219498199307988,-0.529915529587891,-0.313475916444975
0.756797807747498,0.21949819930777,-0.529915529586121,-0.313475916447641
0.756797807747697,0.219498199307552,-0.529915529584346,-0.313475916450315
0.756797807747897,0.219498199307333,-0.529915529582565,-0.313475916452995
0.756797807748098,0.219498199307115,-0.529915529580778,-0.313475916455682
0.7567978077483,0.219498199306896,-0.529915529578987,-0.313475916458376
0.756797807748503,0.219498199306677,-0.52991552957719,-0.313475916461077
0.756797807748706,0.219498199306459,-0.529915529575388,-0.313475916463786
0.756797807748911,0.21949819930624,-0.529915529573581,-0.313475916466501
0.756797807749116,0.219498199306021,-0.529915529571768,-0.313475916469223
0.756797807749322,0.219498199305802,-0.52991552956995,-0.313475916471952
0.756797807749529,0.219498199305583,-0.529915529568126,-0.313475916474688
0.756797807749737,0.219498199305364,-0.529915529566298,-0.313475916477431
0.756797807749945,0.219498199305145,-0.529915529564464,-0.313475916480181
0.756797807750155,0.219498199304926,-0.529915529562625,-0.313475916482938
0.756797807750365,0.219498199304706,-0.52991552956078,-0.313475916485702
0.756797807750576,0.219498199304487,-0.52991552955893,-0.313475916488473
0.756797807750788,0.219498199304268,-0.529915529557074,-0.313475916491251
0.756797807751001,0.219498199304049,-0.529915529555214,-0.313475916494036
0.756797807751215,0.219498199303829,-0.529915529553348,-0.313475916496828
0.756797807751429,0.21949819930361,-0.529915529551477,-0.313475916499627
0.756797807751645,0.21949819930339,-0.529915529549601,-0.313475916502433
0.756797807751861,0.21949819930317,-0.529915529547718,-0.313475916505246
0.756797807752078,0.219498199302951,-0.529915529545831,-0.313475916508066
0.756797807752296,0.219498199302731,-0.529915529543939,-0.313475916510893
0.756797807752515,0.219498199302511,-0.529915529542041,-0.313475916513726
0.756797807752735,0.219498199302291,-0.529915529540138,-0.313475916516568
0.756797807752955,0.219498199302071,-0.52991552953823,-0.313475916519415
0.756797807753176,0.219498199301851,-0.529915529536316,-0.31347591652227
0.756797807753399,0.219498199301631,-0.529915529534397,-0.313475916525132
0.756797807753622,0.21949819930141,-0.529915529532472,-0.313475916528
0.756797807753846,0.21949819930119,-0.529915529530542,-0.313475916530876
0.75679780775407,0.21949819930097,-0.529915529528607,-0.313475916533759
0.756797807754296,0.219498199300749,-0.529915529526667,-0.313475916536649
0.756797807754522,0.219498199300529,-0.529915529524722,-0.313475916539546
0.75679780775475,0.219498199300308,-0.529915529522771,-0.313475916542449
0.756797807754978,0.219498199300088,-0.529915529520815,-0.31347591654536
0.756797807755207,0.219498199299867,-0.529915529518853,-0.313475916548277
0.756797807755437,0.219498199299646,-0.529915529516886,-0.313475916551202
0.756797807755667,0.219498199299425,-0.529915529514914,-0.313475916554134
0.756797807755899,0.219498199299204,-0.529915529512936,-0.313475916557072
0.756797807756131,0.219498199298983,-0.529915529510953,-0.313475916560018
0.756797807756365,0.219498199298762,-0.529915529508965,-0.31347591656297
0.756797807756599,0.219498199298541,-0.529915529506972,-0.31347591656593
0.756797807756834,0.21949819929832,-0.529915529504973,-0.313475916568897
0.756797807757069,0.219498199298099,-0.529915529502969,-0.31347591657187
0.756797807757306,0.219498199297878,-0.52991552950096,-0.313475916574851
0.756797807757543,0.219498199297656,-0.529915529498945,-0.313475916577838
0.756797807757782,0.219498199297435,-0.529915529496925,-0.313475916580832
0.756797807758021,0.219498199297213,-0.529915529494899,-0.313475916583834
0.756797807758261,0.219498199296992,-0.529915529492869,-0.313475916586842
0.756797807758502,0.21949819929677,-0.529915529490833,-0.313475916589858
0.756797807758744,0.219498199296549,-0.529915529488791,-0.31347591659288
0.756797807758986,0.219498199296327,-0.529915529486745,-0.31347591659591
0.75679780775923,0.219498199296105,-0.529915529484693,-0.313475916598946
0.756797807759474,0.219498199295883,-0.529915529482635,-0.313475916601989
0.756797807759719,0.219498199295661,-0.529915529480573,-0.313475916605039
0.756797807759965,0.219498199295439,-0.529915529478505,-0.313475916608097
0.756797807760212,0.219498199295217,-0.529915529476432,-0.313475916611161
0.756797807760459,0.219498199294995,-0.529915529474353,-0.313475916614232
0.756797807760708,0.219498199294773,-0.52991552947227,-0.313475916617311
0.756797807760957,0.21949819929455,-0.529915529470181,-0.313475916620396
0.756797807761208,0.219498199294328,-0.529915529468086,-0.313475916623488
0.756797807761459,0.219498199294106,-0.529915529465986,-0.313475916626587
0.75679780776171,0.219498199293883,-0.529915529463881,-0.313475916629693
0.756797807761963,0.219498199293661,-0.529915529461771,-0.313475916632807
0.756797807762217,0.219498199293438,-0.529915529459655,-0.313475916635927
0.756797807762471,0.219498199293215,-0.529915529457534,-0.313475916639054
0.756797807762727,0.219498199292993,-0.529915529455407,-0.313475916642188
0.756797807762983,0.21949819929277,-0.529915529453276,-0.313475916645329
0.75679780776324,0.219498199292547,-0.529915529451139,-0.313475916648477
0.756797807763498,0.219498199292324,-0.529915529448996,-0.313475916651632
0.756797807763756,0.219498199292101,-0.529915529446849,-0.313475916654794
0.756797807764016,0.219498199291878,-0.529915529444696,-0.313475916657963
0.756797807764276,0.219498199291654,-0.529915529442538,-0.313475916661139
0.756797807764538,0.219498199291431,-0.529915529440374,-0.313475916664322
0.7567978077648,0.219498199291208,-0.529915529438205,-0.313475916667512
0.756797807765063,0.219498199290985,-0.529915529436031,-0.313475916670709
0.756797807765326,0.219498199290761,-0.529915529433852,-0.313475916673913
0.756797807765591,0.219498199290538,-0.529915529431667,-0.313475916677124
0.756797807765857,0.219498199290314,-0.529915529429476,-0.313475916680342
0.756797807766123,0.21949819929009,-0.529915529427281,-0.313475916683567
0.75679780776639,0.219498199289867,-0.52991552942508,-0.313475916686799
0.756797807766658,0.219498199289643,-0.529915529422874,-0.313475916690037
0.756797807766927,0.219498199289419,-0.529915529420663,-0.313475916693283
0.756797807767197,0.219498199289195,-0.529915529418446,-0.313475916696536
0.756797807767468,0.219498199288971,-0.529915529416224,-0.313475916699796
0.756797807767739,0.219498199288747,-0.529915529413997,-0.313475916703063
0.756797807768011,0.219498199288523,-0.529915529411764,-0.313475916706336
0.756797807768284,0.219498199288299,-0.529915529409526,-0.313475916709617
0.756797807768558,0.219498199288075,-0.529915529407283,-0.313475916712905
0.756797807768833,0.21949819928785,-0.529915529405034,-0.313475916716199
0.756797807769109,0.219498199287626,-0.52991552940278,-0.313475916719501
0.756797807769385,0.219498199287401,-0.529915529400521,-0.31347591672281
0.756797807769663,0.219498199287177,-0.529915529398257,-0.313475916726126
0.756797807769941,0.219498199286952,-0.529915529395987,-0.313475916729448
0.75679780777022,0.219498199286728,-0.529915529393712,-0.313475916732778
0.7567978077705,0.219498199286503,-0.529915529391431,-0.313475916736114
0.756797807770781,0.219498199286278,-0.529915529389145,-0.313475916739458
0.756797807771062,0.219498199286053,-0.529915529386854,-0.313475916742808
0.756797807771345,0.219498199285828,-0.529915529384558,-0.313475916746166
0.756797807771628,0.219498199285603,-0.529915529382256,-0.313475916749531
0.756797807771913,0.219498199285378,-0.529915529379949,-0.313475916752902
0.756797807772198,0.219498199285153,-0.529915529377637,-0.313475916756281
0.756797807772483,0.219498199284928,-0.529915529375319,-0.313475916759666
0.75679780777277,0.219498199284703,-0.529915529372996,-0.313475916763058
0.756797807773058,0.219498199284477,-0.529915529370667,-0.313475916766458
0.756797807773346,0.219498199284252,-0.529915529368334,-0.313475916769864
0.756797807773635,0.219498199284027,-0.529915529365995,-0.313475916773278
0.756797807773926,0.219498199283801,-0.52991552936365,-0.313475916776698
0.756797807774216,0.219498199283575,-0.529915529361301,-0.313475916780126
0.756797807774508,0.21949819928335,-0.529915529358946,-0.31347591678356
0.756797807774801,0.219498199283124,-0.529915529356586,-0.313475916787001
0.756797807775095,0.219498199282898,-0.52991552935422,-0.31347591679045
0.756797807775389,0.219498199282672,-0.529915529351849,-0.313475916793905
0.756797807775684,0.219498199282446,-0.529915529349473,-0.313475916797367
0.75679780777598,0.21949819928222,-0.529915529347092,-0.313475916800836
0.756797807776277,0.219498199281994,-0.529915529344705,-0.313475916804313
0.756797807776575,0.219498199281768,-0.529915529342313,-0.313475916807796
0.756797807776874,0.219498199281542,-0.529915529339915,-0.313475916811286
0.756797807777173,0.219498199281315,-0.529915529337513,-0.313475916814783
0.756797807777473,0.219498199281089,-0.529915529335105,-0.313475916818287
0.756797807777774,0.219498199280862,-0.529915529332691,-0.313475916821798
0.756797807778076,0.219498199280636,-0.529915529330273,-0.313475916825317
0.756797807778379,0.21949819928041,-0.529915529327849,-0.313475916828842
0.756797807778683,0.219498199280183,-0.52991552932542,-0.313475916832374
0.756797807778988,0.219498199279956,-0.529915529322985,-0.313475916835913
0.756797807779293,0.21949819927973,-0.529915529320545,-0.313475916839459
0.756797807779599,0.219498199279503,-0.529915529318099,-0.313475916843012
0.756797807779906,0.219498199279276,-0.529915529315649,-0.313475916846572
0.756797807780214,0.219498199279049,-0.529915529313193,-0.313475916850139
0.756797807780523,0.219498199278822,-0.529915529310732,-0.313475916853713
0.756797807780833,0.219498199278595,-0.529915529308265,-0.313475916857294
0.756797807781143,0.219498199278367,-0.529915529305793,-0.313475916860882
0.756797807781455,0.21949819927814,-0.529915529303316,-0.313475916864477
0.756797807781767,0.219498199277913,-0.529915529300834,-0.313475916868079
0.75679780778208,0.219498199277685,-0.529915529298346,-0.313475916871687
0.756797807782394,0.219498199277458,-0.529915529295853,-0.313475916875304
0.756797807782709,0.219498199277231,-0.529915529293355,-0.313475916878926
0.756797807783024,0.219498199277003,-0.529915529290851,-0.313475916882556
0.756797807783341,0.219498199276775,-0.529915529288342,-0.313475916886193
0.756797807783658,0.219498199276548,-0.529915529285827,-0.313475916889837
0.756797807783976,0.21949819927632,-0.529915529283307,-0.313475916893487
0.756797807784295,0.219498199276092,-0.529915529280783,-0.313475916897145
0.756797807784615,0.219498199275864,-0.529915529278252,-0.31347591690081
0.756797807784936,0.219498199275636,-0.529915529275717,-0.313475916904482
0.756797807785257,0.219498199275408,-0.529915529273176,-0.31347591690816
0.75679780778558,0.21949819927518,-0.529915529270629,-0.313475916911846
0.756797807785903,0.219498199274952,-0.529915529268078,-0.313475916915539
0.756797807786227,0.219498199274723,-0.529915529265521,-0.313475916919238
0.756797807786552,0.219498199274495,-0.529915529262959,-0.313475916922945
0.756797807786878,0.219498199274267,-0.529915529260392,-0.313475916926659
0.756797807787205,0.219498199274038,-0.529915529257819,-0.313475916930379
0.756797807787532,0.21949819927381,-0.52991552925524,-0.313475916934107
0.75679780778786,0.219498199273581,-0.529915529252657,-0.313475916937842
0.75679780778819,0.219498199273352,-0.529915529250068,-0.313475916941583
0.75679780778852,0.219498199273124,-0.529915529247474,-0.313475916945332
0.75679780778885,0.219498199272895,-0.529915529244875,-0.313475916949087
0.756797807789182,0.219498199272666,-0.52991552924227,-0.313475916952849
0.756797807789515,0.219498199272437,-0.52991552923966,-0.313475916956619
0.756797807789848,0.219498199272208,-0.529915529237045,-0.313475916960395
0.756797807790183,0.219498199271979,-0.529915529234424,-0.313475916964179
0.756797807790518,0.21949819927175,-0.529915529231798,-0.313475916967969
0.756797807790854,0.21949819927152,-0.529915529229167,-0.313475916971767
0.756797807791191,0.219498199271291,-0.52991552922653,-0.313475916975571
0.756797807791528,0.219498199271061,-0.529915529223888,-0.313475916979382
0.756797807791867,0.219498199270832,-0.529915529221241,-0.313475916983201
0.756797807792206,0.219498199270603,-0.529915529218589,-0.313475916987026
0.756797807792546,0.219498199270373,-0.529915529215931,-0.313475916990858
0.756797807792888,0.219498199270143,-0.529915529213268,-0.313475916994698
0.756797807793229,0.219498199269913,-0.529915529210599,-0.313475916998544
0.756797807793572,0.219498199269684,-0.529915529207925,-0.313475917002397
0.756797807793916,0.219498199269454,-0.529915529205246,-0.313475917006257
0.75679780779426,0.219498199269224,-0.529915529202562,-0.313475917010125
0.756797807794606,0.219498199268994,-0.529915529199872,-0.313475917013999
0.756797807794952,0.219498199268764,-0.529915529197177,-0.31347591701788
0.756797807795299,0.219498199268534,-0.529915529194477,-0.313475917021768
0.756797807795647,0.219498199268304,-0.529915529191771,-0.313475917025663
0.756797807795996,0.219498199268073,-0.52991552918906,-0.313475917029566
0.756797807796345,0.219498199267843,-0.529915529186344,-0.313475917033475
0.756797807796696,0.219498199267612,-0.529915529183622,-0.313475917037391
0.756797807797047,0.219498199267382,-0.529915529180895,-0.313475917041314
0.756797807797399,0.219498199267151,-0.529915529178162,-0.313475917045244
0.756797807797752,0.219498199266921,-0.529915529175425,-0.313475917049181
0.756797807798106,0.21949819926669,-0.529915529172682,-0.313475917053125
0.756797807798461,0.219498199266459,-0.529915529169934,-0.313475917057076
0.756797807798816,0.219498199266228,-0.52991552916718,-0.313475917061034
0.756797807799172,0.219498199265997,-0.529915529164422,-0.313475917064999
0.75679780779953,0.219498199265766,-0.529915529161658,-0.313475917068971
0.756797807799888,0.219498199265536,-0.529915529158889,-0.31347591707295
0.756797807800247,0.219498199265304,-0.529915529156113,-0.313475917076936
0.756797807800607,0.219498199265073,-0.529915529153333,-0.313475917080928
0.756797807800967,0.219498199264842,-0.529915529150548,-0.313475917084928
0.756797807801329,0.21949819926461,-0.529915529147757,-0.313475917088935
0.756797807801691,0.219498199264379,-0.529915529144961,-0.313475917092949
0.756797807802054,0.219498199264148,-0.52991552914216,-0.31347591709697
0.756797807802418,0.219498199263916,-0.529915529139353,-0.313475917100997
0.756797807802783,0.219498199263685,-0.529915529136541,-0.313475917105032
0.756797807803149,0.219498199263453,-0.529915529133724,-0.313475917109074
0.756797807803516,0.219498199263221,-0.529915529130901,-0.313475917113123
0.756797807803883,0.219498199262989,-0.529915529128073,-0.313475917117178
0.756797807804251,0.219498199262757,-0.52991552912524,-0.313475917121241
0.75679780780462,0.219498199262525,-0.529915529122402,-0.313475917125311
0.75679780780499,0.219498199262293,-0.529915529119558,-0.313475917129387
0.756797807805361,0.219498199262061,-0.529915529116708,-0.313475917133471
0.756797807805733,0.219498199261829,-0.529915529113854,-0.313475917137562
0.756797807806106,0.219498199261597,-0.529915529110994,-0.313475917141659
0.756797807806479,0.219498199261364,-0.529915529108129,-0.313475917145764
0.756797807806853,0.219498199261132,-0.529915529105259,-0.313475917149876
0.756797807807228,0.2194981992609,-0.529915529102383,-0.313475917153994
0.756797807807604,0.219498199260667,-0.529915529099502,-0.31347591715812
0.756797807807981,0.219498199260435,-0.529915529096616,-0.313475917162252
0.756797807808358,0.219498199260202,-0.529915529093724,-0.313475917166391
0.756797807808737,0.219498199259969,-0.529915529090827,-0.313475917170538
0.756797807809116,0.219498199259737,-0.529915529087924,-0.313475917174691
0.756797807809496,0.219498199259504,-0.529915529085017,-0.313475917178852
0.756797807809878,0.219498199259271,-0.529915529082104,-0.313475917183019
0.75679780781026,0.219498199259038,-0.529915529079186,-0.313475917187194
0.756797807810642,0.219498199258805,-0.529915529076262,-0.313475917191375
0.756797807811026,0.219498199258571,-0.529915529073333,-0.313475917195563
0.75679780781141,0.219498199258338,-0.529915529070399,-0.313475917199759
0.756797807811796,0.219498199258105,-0.529915529067459,-0.313475917203961
0.756797807812182,0.219498199257872,-0.529915529064514,-0.31347591720817
0.756797807812569,0.219498199257638,-0.529915529061565,-0.313475917212387
0.756797807812957,0.219498199257405,-0.529915529058609,-0.31347591721661
0.756797807813345,0.219498199257171,-0.529915529055648,-0.31347591722084
0.756797807813735,0.219498199256937,-0.529915529052682,-0.313475917225077
0.756797807814125,0.219498199256704,-0.529915529049711,-0.313475917229321
0.756797807814516,0.21949819925647,-0.529915529046734,-0.313475917233572
0.756797807814908,0.219498199256236,-0.529915529043752,-0.313475917237831
0.756797807815301,0.219498199256002,-0.529915529040764,-0.313475917242096
0.756797807815695,0.219498199255768,-0.529915529037772,-0.313475917246368
0.75679780781609,0.219498199255534,-0.529915529034774,-0.313475917250647
0.756797807816485,0.2194981992553,-0.529915529031771,-0.313475917254933
0.756797807816882,0.219498199255066,-0.529915529028762,-0.313475917259226
0.756797807817279,0.219498199254831,-0.529915529025748,-0.313475917263526
0.756797807817677,0.219498199254597,-0.529915529022729,-0.313475917267833
0.756797807818076,0.219498199254363,-0.529915529019704,-0.313475917272147
0.756797807818476,0.219498199254128,-0.529915529016674,-0.313475917276468
0.756797807818876,0.219498199253894,-0.529915529013639,-0.313475917280796
0.756797807819278,0.219498199253659,-0.529915529010599,-0.313475917285131
0.75679780781968,0.219498199253424,-0.529915529007553,-0.313475917289473
0.756797807820083,0.21949819925319,-0.529915529004502,-0.313475917293822
0.756797807820487,0.219498199252955,-0.529915529001445,-0.313475917298178
0.756797807820892,0.21949819925272,-0.529915528998383,-0.313475917302541
0.756797807821297,0.219498199252485,-0.529915528995316,-0.31347591730691
0.756797807821704,0.21949819925225,-0.529915528992244,-0.313475917311287
0.756797807822112,0.219498199252015,-0.529915528989166,-0.313475917315671
0.75679780782252,0.219498199251779,-0.529915528986083,-0.313475917320062
0.756797807822929,0.219498199251544,-0.529915528982995,-0.31347591732446
0.756797807823339,0.219498199251309,-0.529915528979901,-0.313475917328864
0.75679780782375,0.219498199251073,-0.529915528976802,-0.313475917333276
0.756797807824161,0.219498199250838,-0.529915528973698,-0.313475917337695
0.756797807824574,0.219498199250602,-0.529915528970588,-0.313475917342121
0.756797807824987,0.219498199250367,-0.529915528967474,-0.313475917346553
0.756797807825401,0.219498199250131,-0.529915528964353,-0.313475917350993
0.756797807825816,0.219498199249895,-0.529915528961228,-0.31347591735544
0.756797807826232,0.219498199249659,-0.529915528958097,-0.313475917359893
0.756797807826649,0.219498199249424,-0.529915528954961,-0.313475917364354
0.756797807827067,0.219498199249187,-0.529915528951819,-0.313475917368822
0.756797807827485,0.219498199248951,-0.529915528948673,-0.313475917373296
0.756797807827904,0.219498199248715,-0.52991552894552,-0.313475917377777
0.756797807828324,0.219498199248479,-0.529915528942363,-0.313475917382266
0.756797807828745,0.219498199248243,-0.5299155289392,-0.313475917386761
0.756797807829167,0.219498199248006,-0.529915528936032,-0.313475917391264
0.75679780782959,0.21949819924777,-0.529915528932859,-0.313475917395773
0.756797807830013,0.219498199247533,-0.52991552892968,-0.31347591740029
0.756797807830438,0.219498199247297,-0.529915528926496,-0.313475917404813
0.756797807830863,0.21949819924706,-0.529915528923307,-0.313475917409344
0.756797807831289,0.219498199246824,-0.529915528920112,-0.313475917413881
0.756797807831716,0.219498199246587,-0.529915528916912,-0.313475917418426
0.756797807832144,0.21949819924635,-0.529915528913707,-0.313475917422977
0.756797807832573,0.219498199246113,-0.529915528910496,-0.313475917427535
0.756797807833002,0.219498199245876,-0.529915528907281,-0.3134759174321
0.756797807833432,0.219498199245639,-0.529915528904059,-0.313475917436673
0.756797807833864,0.219498199245402,-0.529915528900833,-0.313475917441252
0.756797807834296,0.219498199245165,-0.529915528897601,-0.313475917445838
0.756797807834729,0.219498199244927,-0.529915528894364,-0.313475917450431
0.756797807835162,0.21949819924469,-0.529915528891122,-0.313475917455032
0.756797807835597,0.219498199244453,-0.529915528887874,-0.313475917459639
0.756797807836032,0.219498199244215,-0.529915528884621,-0.313475917464253
0.756797807836469,0.219498199243978,-0.529915528881363,-0.313475917468874
0.756797807836906,0.21949819924374,-0.529915528878099,-0.313475917473502
0.756797807837344,0.219498199243502,-0.52991552887483,-0.313475917478137
0.756797807837783,0.219498199243265,-0.529915528871555,-0.31347591748278
0.756797807838223,0.219498199243027,-0.529915528868276,-0.313475917487428
0.756797807838663,0.219498199242789,-0.529915528864991,-0.313475917492085
0.756797807839105,0.219498199242551,-0.5299155288617,-0.313475917496748
0.756797807839547,0.219498199242313,-0.529915528858405,-0.313475917501418
0.75679780783999,0.219498199242075,-0.529915528855104,-0.313475917506095
0.756797807840434,0.219498199241836,-0.529915528851797,-0.313475917510778
0.756797807840879,0.219498199241598,-0.529915528848486,-0.31347591751547
0.756797807841324,0.21949819924136,-0.52991552884517,-0.313475917520168
0.756797807841771,0.219498199241121,-0.529915528841847,-0.313475917524872
0.756797807842218,0.219498199240883,-0.52991552883852,-0.313475917529584
0.756797807842666,0.219498199240644,-0.529915528835187,-0.313475917534303
0.756797807843115,0.219498199240406,-0.529915528831849,-0.313475917539029
0.756797807843565,0.219498199240167,-0.529915528828506,-0.313475917543762
0.756797807844016,0.219498199239928,-0.529915528825157,-0.313475917548502
0.756797807844468,0.21949819923969,-0.529915528821803,-0.313475917553249
0.75679780784492,0.21949819923945,-0.529915528818444,-0.313475917558002
0.756797807845373,0.219498199239211,-0.529915528815078,-0.313475917562763
0.756797807845828,0.219498199238972,-0.529915528811709,-0.313475917567531
0.756797807846283,0.219498199238733,-0.529915528808333,-0.313475917572305
0.756797807846739,0.219498199238494,-0.529915528804953,-0.313475917577087
0.756797807847195,0.219498199238255,-0.529915528801567,-0.313475917581876
0.756797807847653,0.219498199238015,-0.529915528798176,-0.313475917586671
0.756797807848111,0.219498199237776,-0.529915528794779,-0.313475917591474
0.75679780784857,0.219498199237537,-0.529915528791377,-0.313475917596284
0.756797807849031,0.219498199237297,-0.52991552878797,-0.3134759176011
0.756797807849491,0.219498199237057,-0.529915528784557,-0.313475917605924
0.756797807849953,0.219498199236818,-0.52991552878114,-0.313475917610755
0.756797807850416,0.219498199236578,-0.529915528777717,-0.313475917615592
0.75679780785088,0.219498199236338,-0.529915528774288,-0.313475917620436
0.756797807851344,0.219498199236098,-0.529915528770854,-0.313475917625288
0.756797807851809,0.219498199235858,-0.529915528767415,-0.313475917630147
0.756797807852275,0.219498199235618,-0.529915528763971,-0.313475917635012
0.756797807852742,0.219498199235378,-0.529915528760521,-0.313475917639884
0.75679780785321,0.219498199235138,-0.529915528757066,-0.313475917644764
0.756797807853679,0.219498199234897,-0.529915528753606,-0.31347591764965
0.756797807854148,0.219498199234657,-0.52991552875014,-0.313475917654544
0.756797807854618,0.219498199234417,-0.529915528746669,-0.313475917659444
0.756797807855089,0.219498199234176,-0.529915528743193,-0.313475917664352
0.756797807855562,0.219498199233936,-0.529915528739712,-0.313475917669266
0.756797807856034,0.219498199233695,-0.529915528736224,-0.313475917674187
0.756797807856508,0.219498199233454,-0.529915528732732,-0.313475917679115
0.756797807856983,0.219498199233213,-0.529915528729235,-0.31347591768405
0.756797807857458,0.219498199232972,-0.529915528725732,-0.313475917688993
0.756797807857934,0.219498199232732,-0.529915528722224,-0.313475917693942
0.756797807858412,0.21949819923249,-0.52991552871871,-0.313475917698898
0.75679780785889,0.219498199232249,-0.529915528715191,-0.313475917703861
0.756797807859368,0.219498199232008,-0.529915528711667,-0.313475917708832
0.756797807859848,0.219498199231767,-0.529915528708138,-0.313475917713809
0.756797807860329,0.219498199231526,-0.529915528704603,-0.313475917718793
0.75679780786081,0.219498199231284,-0.529915528701063,-0.313475917723784
0.756797807861292,0.219498199231043,-0.529915528697518,-0.313475917728782
0.756797807861775,0.219498199230801,-0.529915528693967,-0.313475917733787
0.756797807862259,0.21949819923056,-0.529915528690411,-0.313475917738799
0.756797807862744,0.219498199230318,-0.52991552868685,-0.313475917743818
0.75679780786323,0.219498199230076,-0.529915528683283,-0.313475917748844
0.756797807863716,0.219498199229834,-0.529915528679711,-0.313475917753877
0.756797807864204,0.219498199229593,-0.529915528676134,-0.313475917758917
0.756797807864692,0.219498199229351,-0.529915528672552,-0.313475917763964
0.756797807865181,0.219498199229109,-0.529915528668964,-0.313475917769018
0.756797807865671,0.219498199228866,-0.529915528665371,-0.313475917774079
0.756797807866161,0.219498199228624,-0.529915528661772,-0.313475917779147
0.756797807866653,0.219498199228382,-0.529915528658168,-0.313475917784222
0.756797807867145,0.21949819922814,-0.529915528654559,-0.313475917789304
0.756797807867639,0.219498199227897,-0.529915528650945,-0.313475917794392
0.756797807868133,0.219498199227655,-0.529915528647325,-0.313475917799488
0.756797807868628,0.219498199227412,-0.5299155286437,-0.313475917804591
0.756797807869124,0.21949819922717,-0.52991552864007,-0.3134759178097
0.75679780786962,0.219498199226927,-0.529915528636434,-0.313475917814817
0.756797807870118,0.219498199226684,-0.529915528632793,-0.313475917819941
0.756797807870616,0.219498199226441,-0.529915528629147,-0.313475917825072
0.756797807871116,0.219498199226199,-0.529915528625495,-0.313475917830209
0.756797807871616,0.219498199225956,-0.529915528621838,-0.313475917835354
0.756797807872117,0.219498199225712,-0.529915528618175,-0.313475917840505
0.756797807872619,0.21949819922547,-0.529915528614508,-0.313475917845664
0.756797807873121,0.219498199225226,-0.529915528610835,-0.31347591785083
0.756797807873625,0.219498199224983,-0.529915528607157,-0.313475917856002
0.756797807874129,0.21949819922474,-0.529915528603473,-0.313475917861182
0.756797807874634,0.219498199224496,-0.529915528599785,-0.313475917866368
0.75679780787514,0.219498199224253,-0.529915528596091,-0.313475917871562
0.756797807875647,0.219498199224009,-0.529915528592391,-0.313475917876762
0.756797807876155,0.219498199223765,-0.529915528588686,-0.31347591788197
0.756797807876664,0.219498199223522,-0.529915528584976,-0.313475917887184
0.756797807877173,0.219498199223278,-0.529915528581261,-0.313475917892406
0.756797807877683,0.219498199223034,-0.52991552857754,-0.313475917897634
0.756797807878195,0.21949819922279,-0.529915528573814,-0.31347591790287
0.756797807878707,0.219498199222546,-0.529915528570083,-0.313475917908112
0.756797807879219,0.219498199222302,-0.529915528566346,-0.313475917913361
0.756797807879733,0.219498199222058,-0.529915528562604,-0.313475917918618
0.756797807880248,0.219498199221814,-0.529915528558857,-0.313475917923881
0.756797807880763,0.219498199221569,-0.529915528555104,-0.313475917929151
0.756797807881279,0.219498199221325,-0.529915528551346,-0.313475917934428
0.756797807881797,0.219498199221081,-0.529915528547583,-0.313475917939713
0.756797807882315,0.219498199220836,-0.529915528543815,-0.313475917945004
0.756797807882833,0.219498199220592,-0.529915528540041,-0.313475917950302
0.756797807883353,0.219498199220347,-0.529915528536262,-0.313475917955607
0.756797807883874,0.219498199220102,-0.529915528532477,-0.31347591796092
0.756797807884395,0.219498199219857,-0.529915528528688,-0.313475917966239
0.756797807884917,0.219498199219612,-0.529915528524892,-0.313475917971565
0.75679780788544,0.219498199219367,-0.529915528521092,-0.313475917976898
0.756797807885964,0.219498199219122,-0.529915528517286,-0.313475917982238
0.756797807886489,0.219498199218877,-0.529915528513475,-0.313475917987585
0.756797807887015,0.219498199218632,-0.529915528509659,-0.313475917992939
0.756797807887541,0.219498199218387,-0.529915528505837,-0.3134759179983
0.756797807888068,0.219498199218141,-0.52991552850201,-0.313475918003668
0.756797807888597,0.219498199217896,-0.529915528498178,-0.313475918009043
0.756797807889126,0.219498199217651,-0.52991552849434,-0.313475918014425
0.756797807889656,0.219498199217405,-0.529915528490497,-0.313475918019814
0.756797807890186,0.219498199217159,-0.529915528486649,-0.31347591802521
0.756797807890718,0.219498199216913,-0.529915528482795,-0.313475918030612
0.75679780789125,0.219498199216668,-0.529915528478937,-0.313475918036022
0.756797807891784,0.219498199216422,-0.529915528475073,-0.313475918041439
0.756797807892318,0.219498199216176,-0.529915528471203,-0.313475918046863
0.756797807892853,0.21949819921593,-0.529915528467328,-0.313475918052294
0.756797807893389,0.219498199215684,-0.529915528463448,-0.313475918057732
0.756797807893925,0.219498199215438,-0.529915528459563,-0.313475918063177
0.756797807894463,0.219498199215192,-0.529915528455672,-0.313475918068628
0.756797807895002,0.219498199214946,-0.529915528451776,-0.313475918074087
0.756797807895541,0.219498199214699,-0.529915528447875,-0.313475918079553
0.756797807896081,0.219498199214452,-0.529915528443968,-0.313475918085026
0.756797807896622,0.219498199214206,-0.529915528440056,-0.313475918090505
0.756797807897164,0.219498199213959,-0.529915528436138,-0.313475918095992
0.756797807897706,0.219498199213713,-0.529915528432216,-0.313475918101485
0.75679780789825,0.219498199213466,-0.529915528428288,-0.313475918106986
0.756797807898794,0.219498199213219,-0.529915528424355,-0.313475918112494
0.756797807899339,0.219498199212972,-0.529915528420416,-0.313475918118008
0.756797807899885,0.219498199212725,-0.529915528416472,-0.313475918123529
0.756797807900432,0.219498199212478,-0.529915528412523,-0.313475918129058
0.75679780790098,0.219498199212231,-0.529915528408568,-0.313475918134594
0.756797807901529,0.219498199211984,-0.529915528404609,-0.313475918140136
0.756797807902078,0.219498199211737,-0.529915528400643,-0.313475918145686
0.756797807902629,0.219498199211489,-0.529915528396673,-0.313475918151242
0.75679780790318,0.219498199211242,-0.529915528392697,-0.313475918156805
0.756797807903732,0.219498199210994,-0.529915528388716,-0.313475918162376
0.756797807904285,0.219498199210747,-0.52991552838473,-0.313475918167953
0.756797807904838,0.219498199210499,-0.529915528380738,-0.313475918173537
0.756797807905393,0.219498199210251,-0.529915528376741,-0.313475918179129
0.756797807905948,0.219498199210004,-0.529915528372739,-0.313475918184727
0.756797807906505,0.219498199209756,-0.529915528368731,-0.313475918190333
0.756797807907062,0.219498199209508,-0.529915528364718,-0.313475918195945
0.75679780790762,0.21949819920926,-0.5299155283607,-0.313475918201564
0.756797807908179,0.219498199209012,-0.529915528356676,-0.31347591820719
0.756797807908738,0.219498199208764,-0.529915528352648,-0.313475918212824
0.756797807909299,0.219498199208516,-0.529915528348613,-0.313475918218464
0.75679780790986,0.219498199208267,-0.529915528344573,-0.313475918224111
0.756797807910423,0.219498199208019,-0.529915528340529,-0.313475918229765
0.756797807910986,0.21949819920777,-0.529915528336479,-0.313475918235426
0.75679780791155,0.219498199207522,-0.529915528332423,-0.313475918241094
0.756797807912114,0.219498199207273,-0.529915528328362,-0.313475918246769
0.75679780791268,0.219498199207025,-0.529915528324296,-0.313475918252451
0.756797807913247,0.219498199206776,-0.529915528320225,-0.31347591825814
0.756797807913814,0.219498199206527,-0.529915528316148,-0.313475918263836
0.756797807914382,0.219498199206278,-0.529915528312066,-0.313475918269539
0.756797807914951,0.219498199206029,-0.529915528307979,-0.313475918275249
0.756797807915521,0.21949819920578,-0.529915528303886,-0.313475918280966
0.756797807916092,0.219498199205531,-0.529915528299788,-0.31347591828669
0.756797807916663,0.219498199205282,-0.529915528295685,-0.313475918292421
0.756797807917236,0.219498199205032,-0.529915528291576,-0.313475918298159
0.756797807917809,0.219498199204783,-0.529915528287462,-0.313475918303904
0.756797807918383,0.219498199204534,-0.529915528283343,-0.313475918309656
0.756797807918958,0.219498199204284,-0.529915528279219,-0.313475918315415
0.756797807919534,0.219498199204035,-0.529915528275089,-0.31347591832118
0.756797807920111,0.219498199203785,-0.529915528270954,-0.313475918326953
0.756797807920689,0.219498199203535,-0.529915528266813,-0.313475918332733
0.756797807921267,0.219498199203285,-0.529915528262667,-0.31347591833852
0.756797807921846,0.219498199203035,-0.529915528258516,-0.313475918344313
0.756797807922427,0.219498199202786,-0.52991552825436,-0.313475918350114
0.756797807923007,0.219498199202536,-0.529915528250198,-0.313475918355922
0.756797807923589,0.219498199202285,-0.529915528246031,-0.313475918361736
0.756797807924172,0.219498199202035,-0.529915528241858,-0.313475918367558
0.756797807924755,0.219498199201785,-0.529915528237681,-0.313475918373387
0.75679780792534,0.219498199201535,-0.529915528233498,-0.313475918379222
0.756797807925925,0.219498199201284,-0.52991552822931,-0.313475918385065
0.756797807926511,0.219498199201034,-0.529915528225116,-0.313475918390914
0.756797807927098,0.219498199200783,-0.529915528220917,-0.313475918396771
0.756797807927686,0.219498199200533,-0.529915528216713,-0.313475918402634
0.756797807928275,0.219498199200282,-0.529915528212503,-0.313475918408505
0.756797807928864,0.219498199200031,-0.529915528208288,-0.313475918414382
0.756797807929454,0.21949819919978,-0.529915528204068,-0.313475918420267
0.756797807930046,0.219498199199529,-0.529915528199843,-0.313475918426158
0.756797807930638,0.219498199199278,-0.529915528195612,-0.313475918432057
0.756797807931231,0.219498199199027,-0.529915528191376,-0.313475918437962
0.756797807931824,0.219498199198776,-0.529915528187134,-0.313475918443874
0.756797807932419,0.219498199198525,-0.529915528182887,-0.313475918449794
0.756797807933014,0.219498199198274,-0.529915528178635,-0.31347591845572
0.756797807933611,0.219498199198022,-0.529915528174378,-0.313475918461653
0.756797807934208,0.219498199197771,-0.529915528170115,-0.313475918467593
0.756797807934806,0.219498199197519,-0.529915528165847,-0.313475918473541
0.756797807935405,0.219498199197268,-0.529915528161574,-0.313475918479495
0.756797807936004,0.219498199197016,-0.529915528157295,-0.313475918485456
0.756797807936605,0.219498199196764,-0.529915528153011,-0.313475918491424
0.756797807937206,0.219498199196512,-0.529915528148722,-0.313475918497399
0.756797807937809,0.21949819919626,-0.529915528144428,-0.313475918503382
0.756797807938412,0.219498199196008,-0.529915528140128,-0.313475918509371
0.756797807939016,0.219498199195756,-0.529915528135822,-0.313475918515367
0.756797807939621,0.219498199195504,-0.529915528131512,-0.31347591852137
0.756797807940226,0.219498199195252,-0.529915528127196,-0.31347591852738
0.756797807940833,0.219498199195,-0.529915528122875,-0.313475918533397
0.75679780794144,0.219498199194748,-0.529915528118548,-0.313475918539421
0.756797807942049,0.219498199194495,-0.529915528114217,-0.313475918545452
0.756797807942658,0.219498199194243,-0.52991552810988,-0.31347591855149
0.756797807943268,0.21949819919399,-0.529915528105537,-0.313475918557535
0.756797807943878,0.219498199193737,-0.529915528101189,-0.313475918563587
0.75679780794449,0.219498199193485,-0.529915528096837,-0.313475918569646
0.756797807945103,0.219498199193232,-0.529915528092478,-0.313475918575712
0.756797807945716,0.219498199192979,-0.529915528088115,-0.313475918581784
0.75679780794633,0.219498199192726,-0.529915528083746,-0.313475918587865
0.756797807946945,0.219498199192473,-0.529915528079371,-0.313475918593951
0.756797807947561,0.21949819919222,-0.529915528074992,-0.313475918600045
0.756797807948178,0.219498199191966,-0.529915528070607,-0.313475918606146
0.756797807948795,0.219498199191713,-0.529915528066217,-0.313475918612254
0.756797807949414,0.21949819919146,-0.529915528061821,-0.313475918618368
0.756797807950033,0.219498199191207,-0.52991552805742,-0.31347591862449
0.756797807950653,0.219498199190953,-0.529915528053014,-0.313475918630619
0.756797807951274,0.219498199190699,-0.529915528048603,-0.313475918636754
0.756797807951896,0.219498199190446,-0.529915528044186,-0.313475918642897
0.756797807952519,0.219498199190192,-0.529915528039764,-0.313475918649047
0.756797807953142,0.219498199189938,-0.529915528035336,-0.313475918655203
0.756797807953767,0.219498199189684,-0.529915528030904,-0.313475918661367
0.756797807954392,0.21949819918943,-0.529915528026466,-0.313475918667537
0.756797807955018,0.219498199189176,-0.529915528022022,-0.313475918673715
0.756797807955645,0.219498199188922,-0.529915528017574,-0.313475918679899
0.756797807956273,0.219498199188668,-0.52991552801312,-0.313475918686091
0.756797807956902,0.219498199188414,-0.52991552800866,-0.313475918692289
0.756797807957531,0.219498199188159,-0.529915528004196,-0.313475918698495
0.756797807958162,0.219498199187905,-0.529915527999726,-0.313475918704707
0.756797807958793,0.21949819918765,-0.529915527995251,-0.313475918710926
0.756797807959425,0.219498199187396,-0.52991552799077,-0.313475918717153
0.756797807960058,0.219498199187141,-0.529915527986284,-0.313475918723386
0.756797807960692,0.219498199186886,-0.529915527981793,-0.313475918729627
0.756797807961326,0.219498199186632,-0.529915527977297,-0.313475918735874
0.756797807961962,0.219498199186377,-0.529915527972795,-0.313475918742128
0.756797807962598,0.219498199186122,-0.529915527968287,-0.313475918748389
0.756797807963235,0.219498199185867,-0.529915527963775,-0.313475918754658
0.756797807963874,0.219498199185612,-0.529915527959257,-0.313475918760933
0.756797807964512,0.219498199185357,-0.529915527954735,-0.313475918767215
0.756797807965152,0.219498199185101,-0.529915527950206,-0.313475918773504
0.756797807965793,0.219498199184846,-0.529915527945672,-0.313475918779801
0.756797807966434,0.219498199184591,-0.529915527941134,-0.313475918786104
0.756797807967077,0.219498199184335,-0.529915527936589,-0.313475918792414
0.75679780796772,0.21949819918408,-0.52991552793204,-0.313475918798731
0.756797807968364,0.219498199183824,-0.529915527927485,-0.313475918805055
0.756797807969009,0.219498199183568,-0.529915527922924,-0.313475918811386
0.756797807969654,0.219498199183312,-0.529915527918359,-0.313475918817724
0.756797807970301,0.219498199183057,-0.529915527913788,-0.313475918824069
0.756797807970948,0.219498199182801,-0.529915527909212,-0.313475918830421
0.756797807971597,0.219498199182545,-0.52991552790463,-0.31347591883678
0.756797807972246,0.219498199182288,-0.529915527900043,-0.313475918843146
0.756797807972896,0.219498199182032,-0.529915527895451,-0.313475918849519
0.756797807973547,0.219498199181776,-0.529915527890854,-0.313475918855899
0.756797807974198,0.21949819918152,-0.529915527886251,-0.313475918862286
0.756797807974851,0.219498199181263,-0.529915527881643,-0.31347591886868
0.756797807975504,0.219498199181007,-0.52991552787703,-0.31347591887508
0.756797807976158,0.21949819918075,-0.529915527872411,-0.313475918881488
0.756797807976814,0.219498199180494,-0.529915527867787,-0.313475918887903
0.75679780797747,0.219498199180237,-0.529915527863158,-0.313475918894325
0.756797807978126,0.21949819917998,-0.529915527858523,-0.313475918900754
0.756797807978784,0.219498199179723,-0.529915527853883,-0.313475918907189
0.756797807979443,0.219498199179466,-0.529915527849238,-0.313475918913632
0.756797807980102,0.219498199179209,-0.529915527844587,-0.313475918920082
0.756797807980762,0.219498199178952,-0.529915527839931,-0.313475918926538
0.756797807981423,0.219498199178695,-0.52991552783527,-0.313475918933002
0.756797807982085,0.219498199178438,-0.529915527830604,-0.313475918939473
0.756797807982748,0.21949819917818,-0.529915527825932,-0.31347591894595
0.756797807983411,0.219498199177923,-0.529915527821255,-0.313475918952435
0.756797807984076,0.219498199177665,-0.529915527816572,-0.313475918958926
0.756797807984741,0.219498199177408,-0.529915527811885,-0.313475918965425
0.756797807985407,0.21949819917715,-0.529915527807192,-0.31347591897193
0.756797807986074,0.219498199176893,-0.529915527802493,-0.313475918978443
0.756797807986742,0.219498199176635,-0.529915527797789,-0.313475918984962
0.756797807987411,0.219498199176377,-0.52991552779308,-0.313475918991489
0.75679780798808,0.219498199176119,-0.529915527788366,-0.313475918998022
0.756797807988751,0.219498199175861,-0.529915527783646,-0.313475919004562
0.756797807989422,0.219498199175603,-0.529915527778921,-0.31347591901111
0.756797807990094,0.219498199175345,-0.529915527774191,-0.313475919017664
0.756797807990767,0.219498199175086,-0.529915527769456,-0.313475919024225
0.756797807991441,0.219498199174828,-0.529915527764715,-0.313475919030794
0.756797807992116,0.21949819917457,-0.529915527759969,-0.313475919037369
0.756797807992792,0.219498199174311,-0.529915527755217,-0.313475919043951
0.756797807993468,0.219498199174053,-0.52991552775046,-0.31347591905054
0.756797807994145,0.219498199173794,-0.529915527745698,-0.313475919057137
0.756797807994823,0.219498199173535,-0.529915527740931,-0.31347591906374
0.756797807995502,0.219498199173276,-0.529915527736158,-0.31347591907035
0.756797807996182,0.219498199173018,-0.52991552773138,-0.313475919076967
0.756797807996863,0.219498199172759,-0.529915527726596,-0.313475919083591
0.756797807997544,0.2194981991725,-0.529915527721808,-0.313475919090223
0.756797807998227,0.219498199172241,-0.529915527717014,-0.313475919096861
0.75679780799891,0.219498199171981,-0.529915527712215,-0.313475919103506
0.756797807999594,0.219498199171722,-0.52991552770741,-0.313475919110158
0.756797808000279,0.219498199171463,-0.5299155277026,-0.313475919116817
0.756797808000965,0.219498199171203,-0.529915527697785,-0.313475919123483
0.756797808001651,0.219498199170944,-0.529915527692964,-0.313475919130155
0.756797808002339,0.219498199170684,-0.529915527688138,-0.313475919136836
0.756797808003027,0.219498199170425,-0.529915527683307,-0.313475919143522
0.756797808003716,0.219498199170165,-0.52991552767847,-0.313475919150216
0.756797808004406,0.219498199169905,-0.529915527673628,-0.313475919156917
0.756797808005097,0.219498199169645,-0.529915527668781,-0.313475919163625
0.756797808005789,0.219498199169385,-0.529915527663929,-0.31347591917034
0.756797808006482,0.219498199169125,-0.529915527659071,-0.313475919177062
0.756797808007175,0.219498199168865,-0.529915527654208,-0.313475919183791
0.756797808007869,0.219498199168605,-0.52991552764934,-0.313475919190526
0.756797808008565,0.219498199168345,-0.529915527644466,-0.313475919197269
0.756797808009261,0.219498199168084,-0.529915527639587,-0.313475919204019
0.756797808009957,0.219498199167824,-0.529915527634703,-0.313475919210775
0.756797808010655,0.219498199167563,-0.529915527629813,-0.313475919217539
0.756797808011354,0.219498199167303,-0.529915527624918,-0.31347591922431
0.756797808012053,0.219498199167042,-0.529915527620018,-0.313475919231087
0.756797808012753,0.219498199166781,-0.529915527615112,-0.313475919237872
0.756797808013455,0.219498199166521,-0.529915527610201,-0.313475919244664
0.756797808014156,0.21949819916626,-0.529915527605285,-0.313475919251462
0.756797808014859,0.219498199165999,-0.529915527600363,-0.313475919258268
0.756797808015563,0.219498199165737,-0.529915527595437,-0.31347591926508
0.756797808016268,0.219498199165477,-0.529915527590505,-0.3134759192719
0.756797808016973,0.219498199165215,-0.529915527585567,-0.313475919278726
0.756797808017679,0.219498199164954,-0.529915527580625,-0.31347591928556
0.756797808018386,0.219498199164693,-0.529915527575676,-0.3134759192924
0.756797808019094,0.219498199164431,-0.529915527570723,-0.313475919299247
0.756797808019803,0.21949819916417,-0.529915527565764,-0.313475919306102
0.756797808020513,0.219498199163908,-0.5299155275608,-0.313475919312963
0.756797808021223,0.219498199163647,-0.529915527555831,-0.313475919319831
0.756797808021934,0.219498199163385,-0.529915527550856,-0.313475919326707
0.756797808022647,0.219498199163123,-0.529915527545876,-0.313475919333589
0.75679780802336,0.219498199162861,-0.529915527540891,-0.313475919340478
0.756797808024074,0.219498199162599,-0.5299155275359,-0.313475919347375
0.756797808024788,0.219498199162337,-0.529915527530905,-0.313475919354278
0.756797808025504,0.219498199162075,-0.529915527525903,-0.313475919361188
0.756797808026221,0.219498199161813,-0.529915527520897,-0.313475919368105
0.756797808026938,0.21949819916155,-0.529915527515885,-0.313475919375029
0.756797808027656,0.219498199161288,-0.529915527510868,-0.31347591938196
0.756797808028375,0.219498199161025,-0.529915527505845,-0.313475919388899
0.756797808029095,0.219498199160763,-0.529915527500817,-0.313475919395843
0.756797808029816,0.2194981991605,-0.529915527495784,-0.313475919402796
0.756797808030537,0.219498199160237,-0.529915527490746,-0.313475919409755
0.75679780803126,0.219498199159975,-0.529915527485703,-0.313475919416721
0.756797808031983,0.219498199159712,-0.529915527480653,-0.313475919423694
0.756797808032707,0.219498199159449,-0.529915527475599,-0.313475919430674
0.756797808033432,0.219498199159186,-0.529915527470539,-0.313475919437661
0.756797808034158,0.219498199158923,-0.529915527465474,-0.313475919444654
0.756797808034885,0.21949819915866,-0.529915527460404,-0.313475919451655
0.756797808035612,0.219498199158396,-0.529915527455328,-0.313475919458663
0.756797808036341,0.219498199158133,-0.529915527450248,-0.313475919465678
0.75679780803707,0.21949819915787,-0.529915527445161,-0.3134759194727
0.7567978080378,0.219498199157606,-0.52991552744007,-0.313475919479729
0.756797808038531,0.219498199157343,-0.529915527434973,-0.313475919486764
0.756797808039263,0.219498199157079,-0.529915527429871,-0.313475919493807
0.756797808039996,0.219498199156815,-0.529915527424763,-0.313475919500857
0.756797808040729,0.219498199156552,-0.529915527419651,-0.313475919507914
0.756797808041464,0.219498199156288,-0.529915527414533,-0.313475919514977
0.756797808042199,0.219498199156024,-0.529915527409409,-0.313475919522048
0.756797808042935,0.21949819915576,-0.52991552740428,-0.313475919529126
0.756797808043672,0.219498199155496,-0.529915527399146,-0.31347591953621
0.75679780804441,0.219498199155231,-0.529915527394007,-0.313475919543302
0.756797808045148,0.219498199154967,-0.529915527388863,-0.313475919550401
0.756797808045888,0.219498199154703,-0.529915527383712,-0.313475919557506
0.756797808046628,0.219498199154438,-0.529915527378557,-0.313475919564618
0.75679780804737,0.219498199154174,-0.529915527373397,-0.313475919571738
0.756797808048111,0.219498199153909,-0.529915527368231,-0.313475919578865
0.756797808048854,0.219498199153645,-0.529915527363059,-0.313475919585998
0.756797808049598,0.21949819915338,-0.529915527357883,-0.313475919593138
0.756797808050343,0.219498199153115,-0.529915527352701,-0.313475919600286
0.756797808051088,0.21949819915285,-0.529915527347514,-0.31347591960744
0.756797808051834,0.219498199152585,-0.529915527342322,-0.313475919614602
0.756797808052582,0.21949819915232,-0.529915527337124,-0.31347591962177
0.75679780805333,0.219498199152055,-0.52991552733192,-0.313475919628945
0.756797808054079,0.21949819915179,-0.529915527326712,-0.313475919636127
0.756797808054828,0.219498199151524,-0.529915527321498,-0.313475919643317
0.756797808055579,0.219498199151259,-0.52991552731628,-0.313475919650513
0.75679780805633,0.219498199150994,-0.529915527311055,-0.313475919657716
0.756797808057083,0.219498199150728,-0.529915527305825,-0.313475919664926
0.756797808057836,0.219498199150462,-0.52991552730059,-0.313475919672143
0.75679780805859,0.219498199150197,-0.52991552729535,-0.313475919679368
0.756797808059345,0.219498199149931,-0.529915527290105,-0.313475919686599
0.7567978080601,0.219498199149665,-0.529915527284853,-0.313475919693837
0.756797808060857,0.219498199149399,-0.529915527279597,-0.313475919701082
0.756797808061614,0.219498199149133,-0.529915527274336,-0.313475919708334
0.756797808062373,0.219498199148867,-0.529915527269069,-0.313475919715593
0.756797808063132,0.219498199148601,-0.529915527263797,-0.313475919722859
0.756797808063892,0.219498199148335,-0.52991552725852,-0.313475919730132
0.756797808064653,0.219498199148069,-0.529915527253237,-0.313475919737412
0.756797808065414,0.219498199147802,-0.529915527247948,-0.313475919744699
0.756797808066177,0.219498199147536,-0.529915527242655,-0.313475919751993
0.75679780806694,0.219498199147269,-0.529915527237356,-0.313475919759294
0.756797808067704,0.219498199147002,-0.529915527232052,-0.313475919766602
0.756797808068469,0.219498199146736,-0.529915527226743,-0.313475919773917
0.756797808069235,0.219498199146469,-0.529915527221428,-0.313475919781238
0.756797808070002,0.219498199146202,-0.529915527216108,-0.313475919788567
0.75679780807077,0.219498199145935,-0.529915527210783,-0.313475919795903
0.756797808071538,0.219498199145668,-0.529915527205453,-0.313475919803246
0.756797808072308,0.219498199145401,-0.529915527200117,-0.313475919810596
0.756797808073078,0.219498199145134,-0.529915527194775,-0.313475919817952
0.756797808073849,0.219498199144866,-0.529915527189429,-0.313475919825316
0.756797808074621,0.219498199144599,-0.529915527184077,-0.313475919832687
0.756797808075394,0.219498199144332,-0.52991552717872,-0.313475919840064
0.756797808076167,0.219498199144064,-0.529915527173358,-0.313475919847449
0.756797808076942,0.219498199143797,-0.52991552716799,-0.313475919854841
0.756797808077717,0.219498199143529,-0.529915527162617,-0.313475919862239
0.756797808078493,0.219498199143261,-0.529915527157238,-0.313475919869645
0.75679780807927,0.219498199142993,-0.529915527151854,-0.313475919877057
0.756797808080048,0.219498199142725,-0.529915527146465,-0.313475919884477
0.756797808080827,0.219498199142457,-0.529915527141071,-0.313475919891903
0.756797808081606,0.219498199142189,-0.529915527135671,-0.313475919899336
0.756797808082387,0.219498199141921,-0.529915527130266,-0.313475919906777
0.756797808083168,0.219498199141653,-0.529915527124856,-0.313475919914224
0.75679780808395,0.219498199141385,-0.529915527119441,-0.313475919921679
0.756797808084733,0.219498199141116,-0.52991552711402,-0.31347591992914
0.756797808085517,0.219498199140848,-0.529915527108594,-0.313475919936609
0.756797808086302,0.219498199140579,-0.529915527103162,-0.313475919944084
0.756797808087088,0.219498199140311,-0.529915527097725,-0.313475919951566
0.756797808087874,0.219498199140042,-0.529915527092283,-0.313475919959055
0.756797808088661,0.219498199139773,-0.529915527086835,-0.313475919966552
0.756797808089449,0.219498199139504,-0.529915527081383,-0.313475919974055
0.756797808090238,0.219498199139235,-0.529915527075925,-0.313475919981565
0.756797808091028,0.219498199138966,-0.529915527070461,-0.313475919989082
0.756797808091819,0.219498199138697,-0.529915527064992,-0.313475919996606
0.75679780809261,0.219498199138428,-0.529915527059518,-0.313475920004137
0.756797808093403,0.219498199138159,-0.529915527054039,-0.313475920011675
0.756797808094196,0.219498199137889,-0.529915527048554,-0.313475920019221
0.75679780809499,0.21949819913762,-0.529915527043064,-0.313475920026773
0.756797808095785,0.21949819913735,-0.529915527037569,-0.313475920034332
0.756797808096581,0.219498199137081,-0.529915527032069,-0.313475920041898
0.756797808097378,0.219498199136811,-0.529915527026563,-0.313475920049471
0.756797808098175,0.219498199136541,-0.529915527021051,-0.313475920057051
0.756797808098973,0.219498199136271,-0.529915527015535,-0.313475920064638
0.756797808099773,0.219498199136001,-0.529915527010013,-0.313475920072231
0.756797808100573,0.219498199135731,-0.529915527004486,-0.313475920079832
0.756797808101374,0.219498199135461,-0.529915526998954,-0.31347592008744
0.756797808102175,0.219498199135191,-0.529915526993416,-0.313475920095055
0.756797808102978,0.219498199134921,-0.529915526987873,-0.313475920102677
0.756797808103781,0.21949819913465,-0.529915526982324,-0.313475920110305
0.756797808104586,0.21949819913438,-0.52991552697677,-0.313475920117941
0.756797808105391,0.21949819913411,-0.529915526971212,-0.313475920125584
0.756797808106197,0.219498199133839,-0.529915526965647,-0.313475920133234
0.756797808107004,0.219498199133569,-0.529915526960078,-0.31347592014089
0.756797808107812,0.219498199133298,-0.529915526954503,-0.313475920148554
0.75679780810862,0.219498199133027,-0.529915526948922,-0.313475920156225
0.75679780810943,0.219498199132756,-0.529915526943337,-0.313475920163902
0.75679780811024,0.219498199132485,-0.529915526937746,-0.313475920171587
0.756797808111051,0.219498199132214,-0.52991552693215,-0.313475920179279
0.756797808111863,0.219498199131943,-0.529915526926548,-0.313475920186977
0.756797808112676,0.219498199131672,-0.529915526920941,-0.313475920194683
0.75679780811349,0.2194981991314,-0.529915526915329,-0.313475920202395
0.756797808114305,0.219498199131129,-0.529915526909712,-0.313475920210115
0.75679780811512,0.219498199130858,-0.529915526904089,-0.313475920217841
0.756797808115936,0.219498199130586,-0.52991552689846,-0.313475920225575
0.756797808116753,0.219498199130315,-0.529915526892827,-0.313475920233315
0.756797808117571,0.219498199130043,-0.529915526887188,-0.313475920241062
0.75679780811839,0.219498199129771,-0.529915526881544,-0.313475920248817
0.75679780811921,0.219498199129499,-0.529915526875895,-0.313475920256578
0.756797808120031,0.219498199129227,-0.529915526870241,-0.313475920264347
0.756797808120852,0.219498199128955,-0.52991552686458,-0.313475920272122
0.756797808121674,0.219498199128683,-0.529915526858915,-0.313475920279904
0.756797808122497,0.219498199128411,-0.529915526853245,-0.313475920287693
0.756797808123321,0.219498199128139,-0.529915526847569,-0.31347592029549
0.756797808124146,0.219498199127866,-0.529915526841887,-0.313475920303293
0.756797808124972,0.219498199127594,-0.529915526836201,-0.313475920311103
0.756797808125798,0.219498199127322,-0.529915526830509,-0.31347592031892
0.756797808126626,0.219498199127049,-0.529915526824812,-0.313475920326744
0.756797808127454,0.219498199126777,-0.52991552681911,-0.313475920334575
0.756797808128283,0.219498199126504,-0.529915526813402,-0.313475920342413
0.756797808129113,0.219498199126231,-0.529915526807689,-0.313475920350259
0.756797808129944,0.219498199125958,-0.52991552680197,-0.31347592035811
0.756797808130775,0.219498199125685,-0.529915526796247,-0.313475920365969
0.756797808131608,0.219498199125412,-0.529915526790518,-0.313475920373835
0.756797808132441,0.219498199125139,-0.529915526784783,-0.313475920381708
0.756797808133276,0.219498199124866,-0.529915526779044,-0.313475920389588
0.756797808134111,0.219498199124592,-0.529915526773299,-0.313475920397475
0.756797808134947,0.219498199124319,-0.529915526767549,-0.313475920405369
0.756797808135783,0.219498199124045,-0.529915526761793,-0.31347592041327
0.756797808136621,0.219498199123772,-0.529915526756032,-0.313475920421177
0.756797808137459,0.219498199123498,-0.529915526750266,-0.313475920429093
0.756797808138299,0.219498199123224,-0.529915526744494,-0.313475920437014
0.756797808139139,0.219498199122951,-0.529915526738718,-0.313475920444943
0.75679780813998,0.219498199122677,-0.529915526732936,-0.313475920452879
0.756797808140822,0.219498199122403,-0.529915526727148,-0.313475920460821
0.756797808141665,0.219498199122129,-0.529915526721355,-0.313475920468771
0.756797808142508,0.219498199121855,-0.529915526715557,-0.313475920476728
0.756797808143353,0.219498199121581,-0.529915526709754,-0.313475920484691
0.756797808144198,0.219498199121306,-0.529915526703945,-0.313475920492662
0.756797808145044,0.219498199121032,-0.529915526698131,-0.313475920500639
0.756797808145891,0.219498199120757,-0.529915526692312,-0.313475920508624
0.756797808146739,0.219498199120483,-0.529915526686487,-0.313475920516615
0.756797808147588,0.219498199120208,-0.529915526680657,-0.313475920524614
0.756797808148437,0.219498199119934,-0.529915526674822,-0.31347592053262
0.756797808149288,0.219498199119659,-0.529915526668982,-0.313475920540632
0.756797808150139,0.219498199119384,-0.529915526663135,-0.313475920548651
0.756797808150991,0.219498199119109,-0.529915526657284,-0.313475920556678
0.756797808151844,0.219498199118834,-0.529915526651428,-0.313475920564711
0.756797808152698,0.219498199118559,-0.529915526645566,-0.313475920572751
0.756797808153553,0.219498199118284,-0.529915526639699,-0.313475920580799
0.756797808154408,0.219498199118008,-0.529915526633826,-0.313475920588853
0.756797808155265,0.219498199117733,-0.529915526627949,-0.313475920596915
0.756797808156122,0.219498199117458,-0.529915526622066,-0.313475920604983
0.75679780815698,0.219498199117182,-0.529915526616177,-0.313475920613058
0.756797808157839,0.219498199116907,-0.529915526610283,-0.31347592062114
0.756797808158699,0.219498199116631,-0.529915526604385,-0.31347592062923
0.75679780815956,0.219498199116355,-0.52991552659848,-0.313475920637326
0.756797808160421,0.219498199116079,-0.52991552659257,-0.313475920645429
0.756797808161284,0.219498199115803,-0.529915526586655,-0.313475920653539
0.756797808162147,0.219498199115527,-0.529915526580735,-0.313475920661656
0.756797808163011,0.219498199115251,-0.529915526574809,-0.31347592066978
0.756797808163876,0.219498199114975,-0.529915526568879,-0.313475920677911
0.756797808164742,0.219498199114699,-0.529915526562942,-0.313475920686049
0.756797808165608,0.219498199114423,-0.529915526557001,-0.313475920694194
0.756797808166476,0.219498199114146,-0.529915526551055,-0.313475920702347
0.756797808167344,0.21949819911387,-0.529915526545102,-0.313475920710505
0.756797808168213,0.219498199113593,-0.529915526539145,-0.313475920718671
0.756797808169083,0.219498199113317,-0.529915526533182,-0.313475920726844
0.756797808169954,0.21949819911304,-0.529915526527214,-0.313475920735024
0.756797808170826,0.219498199112763,-0.52991552652124,-0.313475920743211
0.756797808171699,0.219498199112486,-0.529915526515262,-0.313475920751405
0.756797808172572,0.219498199112209,-0.529915526509278,-0.313475920759605
0.756797808173447,0.219498199111932,-0.529915526503288,-0.313475920767813
0.756797808174322,0.219498199111655,-0.529915526497294,-0.313475920776028
0.756797808175198,0.219498199111377,-0.529915526491294,-0.31347592078425
0.756797808176075,0.2194981991111,-0.529915526485289,-0.313475920792478
0.756797808176953,0.219498199110823,-0.529915526479278,-0.313475920800714
0.756797808177831,0.219498199110545,-0.529915526473262,-0.313475920808957
0.756797808178711,0.219498199110268,-0.529915526467241,-0.313475920817206
0.756797808179591,0.21949819910999,-0.529915526461215,-0.313475920825463
0.756797808180472,0.219498199109712,-0.529915526455183,-0.313475920833727
0.756797808181354,0.219498199109434,-0.529915526449146,-0.313475920841997
0.756797808182237,0.219498199109157,-0.529915526443103,-0.313475920850275
0.756797808183121,0.219498199108879,-0.529915526437055,-0.313475920858559
0.756797808184005,0.2194981991086,-0.529915526431002,-0.31347592086685
0.756797808184891,0.219498199108323,-0.529915526424944,-0.313475920875149
0.756797808185777,0.219498199108044,-0.529915526418881,-0.313475920883455
0.756797808186664,0.219498199107766,-0.529915526412811,-0.313475920891767
0.756797808187552,0.219498199107488,-0.529915526406737,-0.313475920900086
0.756797808188441,0.219498199107209,-0.529915526400658,-0.313475920908413
0.756797808189331,0.219498199106931,-0.529915526394572,-0.313475920916746
0.756797808190221,0.219498199106652,-0.529915526388482,-0.313475920925086
0.756797808191113,0.219498199106373,-0.529915526382387,-0.313475920933433
0.756797808192005,0.219498199106095,-0.529915526376286,-0.313475920941788
0.756797808192898,0.219498199105816,-0.52991552637018,-0.313475920950149
0.756797808193792,0.219498199105537,-0.529915526364068,-0.313475920958517
0.756797808194687,0.219498199105258,-0.529915526357951,-0.313475920966892
0.756797808195583,0.219498199104979,-0.52991552635183,-0.313475920975275
0.756797808196479,0.219498199104699,-0.529915526345702,-0.313475920983664
0.756797808197377,0.21949819910442,-0.529915526339569,-0.31347592099206
0.756797808198275,0.219498199104141,-0.529915526333431,-0.313475921000463
0.756797808199174,0.219498199103861,-0.529915526327288,-0.313475921008873
0.756797808200074,0.219498199103582,-0.529915526321139,-0.31347592101729
0.756797808200975,0.219498199103302,-0.529915526314985,-0.313475921025714
0.756797808201876,0.219498199103022,-0.529915526308826,-0.313475921034145
0.756797808202779,0.219498199102742,-0.529915526302661,-0.313475921042583
0.756797808203682,0.219498199102463,-0.529915526296492,-0.313475921051028
0.756797808204587,0.219498199102183,-0.529915526290316,-0.31347592105948
0.756797808205492,0.219498199101903,-0.529915526284136,-0.313475921067939
0.756797808206398,0.219498199101623,-0.52991552627795,-0.313475921076405
0.756797808207304,0.219498199101342,-0.529915526271759,-0.313475921084877
0.756797808208212,0.219498199101062,-0.529915526265562,-0.313475921093357
0.756797808209121,0.219498199100782,-0.529915526259361,-0.313475921101844
0.75679780821003,0.219498199100501,-0.529915526253154,-0.313475921110338
0.75679780821094,0.219498199100221,-0.529915526246941,-0.313475921118839
0.756797808211851,0.21949819909994,-0.529915526240723,-0.313475921127346
0.756797808212763,0.219498199099659,-0.529915526234501,-0.313475921135861
0.756797808213676,0.219498199099379,-0.529915526228272,-0.313475921144382
0.75679780821459,0.219498199099098,-0.529915526222038,-0.313475921152911
0.756797808215504,0.219498199098817,-0.529915526215799,-0.313475921161447
0.75679780821642,0.219498199098536,-0.529915526209555,-0.313475921169989
0.756797808217336,0.219498199098255,-0.529915526203306,-0.313475921178539
0.756797808218253,0.219498199097973,-0.529915526197051,-0.313475921187096
0.756797808219171,0.219498199097692,-0.52991552619079,-0.313475921195659
0.756797808220089,0.219498199097411,-0.529915526184525,-0.313475921204229
0.756797808221009,0.219498199097129,-0.529915526178254,-0.313475921212807
0.75679780822193,0.219498199096848,-0.529915526171978,-0.313475921221391
0.756797808222851,0.219498199096566,-0.529915526165697,-0.313475921229983
0.756797808223773,0.219498199096284,-0.52991552615941,-0.313475921238581
0.756797808224696,0.219498199096003,-0.529915526153118,-0.313475921247186
0.75679780822562,0.219498199095721,-0.52991552614682,-0.313475921255798
0.756797808226545,0.219498199095439,-0.529915526140518,-0.313475921264418
0.75679780822747,0.219498199095157,-0.52991552613421,-0.313475921273044
0.756797808228397,0.219498199094875,-0.529915526127896,-0.313475921281677
0.756797808229324,0.219498199094593,-0.529915526121578,-0.313475921290318
0.756797808230252,0.21949819909431,-0.529915526115254,-0.313475921298965
0.756797808231181,0.219498199094028,-0.529915526108924,-0.313475921307619
0.756797808232111,0.219498199093745,-0.52991552610259,-0.31347592131628
0.756797808233042,0.219498199093463,-0.52991552609625,-0.313475921324948
0.756797808233973,0.21949819909318,-0.529915526089905,-0.313475921333623
0.756797808234906,0.219498199092898,-0.529915526083554,-0.313475921342305
0.756797808235839,0.219498199092615,-0.529915526077199,-0.313475921350994
0.756797808236773,0.219498199092332,-0.529915526070838,-0.313475921359691
0.756797808237708,0.219498199092049,-0.529915526064471,-0.313475921368394
0.756797808238644,0.219498199091766,-0.5299155260581,-0.313475921377104
0.756797808239581,0.219498199091483,-0.529915526051722,-0.31347592138582
0.756797808240518,0.2194981990912,-0.52991552604534,-0.313475921394544
0.756797808241457,0.219498199090916,-0.529915526038952,-0.313475921403275
0.756797808242396,0.219498199090633,-0.529915526032559,-0.313475921412013
0.756797808243336,0.21949819909035,-0.529915526026161,-0.313475921420758
0.756797808244277,0.219498199090066,-0.529915526019757,-0.31347592142951
0.756797808245219,0.219498199089782,-0.529915526013349,-0.313475921438269
0.756797808246162,0.219498199089498,-0.529915526006934,-0.313475921447034
0.756797808247105,0.219498199089215,-0.529915526000515,-0.313475921455807
0.756797808248049,0.219498199088931,-0.52991552599409,-0.313475921464587
0.756797808248995,0.219498199088647,-0.52991552598766,-0.313475921473374
0.756797808249941,0.219498199088363,-0.529915525981224,-0.313475921482167
0.756797808250888,0.219498199088079,-0.529915525974784,-0.313475921490968
0.756797808251836,0.219498199087795,-0.529915525968337,-0.313475921499775
0.756797808252784,0.21949819908751,-0.529915525961886,-0.31347592150859
0.756797808253734,0.219498199087226,-0.529915525955429,-0.313475921517411
0.756797808254684,0.219498199086942,-0.529915525948967,-0.31347592152624
0.756797808255635,0.219498199086657,-0.5299155259425,-0.313475921535075
0.756797808256587,0.219498199086372,-0.529915525936027,-0.313475921543918
0.75679780825754,0.219498199086088,-0.529915525929549,-0.313475921552767
0.756797808258494,0.219498199085803,-0.529915525923066,-0.313475921561624
0.756797808259449,0.219498199085518,-0.529915525916578,-0.313475921570487
0.756797808260404,0.219498199085233,-0.529915525910084,-0.313475921579357
0.75679780826136,0.219498199084948,-0.529915525903584,-0.313475921588235
0.756797808262318,0.219498199084663,-0.52991552589708,-0.313475921597119
0.756797808263276,0.219498199084378,-0.52991552589057,-0.31347592160601
0.756797808264235,0.219498199084092,-0.529915525884055,-0.313475921614909
0.756797808265194,0.219498199083807,-0.529915525877534,-0.313475921623814
0.756797808266155,0.219498199083522,-0.529915525871009,-0.313475921632726
0.756797808267117,0.219498199083236,-0.529915525864478,-0.313475921641645
0.756797808268079,0.21949819908295,-0.529915525857941,-0.313475921650572
0.756797808269042,0.219498199082665,-0.529915525851399,-0.313475921659505
0.756797808270006,0.219498199082379,-0.529915525844852,-0.313475921668445
0.756797808270971,0.219498199082093,-0.5299155258383,-0.313475921677392
0.756797808271937,0.219498199081807,-0.529915525831742,-0.313475921686346
0.756797808272903,0.219498199081521,-0.529915525825179,-0.313475921695307
0.756797808273871,0.219498199081235,-0.529915525818611,-0.313475921704275
0.756797808274839,0.219498199080948,-0.529915525812037,-0.31347592171325
0.756797808275808,0.219498199080662,-0.529915525805459,-0.313475921722232
0.756797808276778,0.219498199080376,-0.529915525798874,-0.313475921731221
0.756797808277749,0.219498199080089,-0.529915525792285,-0.313475921740217
0.756797808278721,0.219498199079803,-0.52991552578569,-0.31347592174922
0.756797808279694,0.219498199079516,-0.52991552577909,-0.31347592175823
0.756797808280667,0.219498199079229,-0.529915525772485,-0.313475921767247
0.756797808281641,0.219498199078943,-0.529915525765874,-0.31347592177627
0.756797808282617,0.219498199078656,-0.529915525759258,-0.313475921785301
0.756797808283593,0.219498199078369,-0.529915525752636,-0.313475921794339
0.756797808284569,0.219498199078082,-0.52991552574601,-0.313475921803384
0.756797808285547,0.219498199077794,-0.529915525739378,-0.313475921812435
0.756797808286526,0.219498199077507,-0.52991552573274,-0.313475921821494
0.756797808287505,0.21949819907722,-0.529915525726098,-0.31347592183056
0.756797808288486,0.219498199076933,-0.52991552571945,-0.313475921839632
0.756797808289467,0.219498199076645,-0.529915525712796,-0.313475921848712
0.756797808290449,0.219498199076357,-0.529915525706138,-0.313475921857798
0.756797808291432,0.21949819907607,-0.529915525699474,-0.313475921866892
0.756797808292415,0.219498199075782,-0.529915525692805,-0.313475921875992
0.7567978082934,0.219498199075494,-0.52991552568613,-0.3134759218851
0.756797808294385,0.219498199075206,-0.529915525679451,-0.313475921894215
0.756797808295371,0.219498199074918,-0.529915525672766,-0.313475921903336
0.756797808296359,0.21949819907463,-0.529915525666075,-0.313475921912465
0.756797808297346,0.219498199074342,-0.529915525659379,-0.3134759219216
0.756797808298335,0.219498199074054,-0.529915525652678,-0.313475921930742
0.756797808299325,0.219498199073766,-0.529915525645972,-0.313475921939892
0.756797808300316,0.219498199073477,-0.52991552563926,-0.313475921949048
0.756797808301307,0.219498199073189,-0.529915525632543,-0.313475921958211
0.756797808302299,0.2194981990729,-0.529915525625821,-0.313475921967381
0.756797808303292,0.219498199072611,-0.529915525619093,-0.313475921976558
0.756797808304286,0.219498199072322,-0.529915525612361,-0.313475921985743
0.756797808305281,0.219498199072034,-0.529915525605622,-0.313475921994934
0.756797808306277,0.219498199071745,-0.529915525598879,-0.313475922004132
0.756797808307274,0.219498199071455,-0.52991552559213,-0.313475922013337
0.756797808308271,0.219498199071166,-0.529915525585375,-0.313475922022549
0.756797808309269,0.219498199070877,-0.529915525578616,-0.313475922031769
0.756797808310268,0.219498199070588,-0.529915525571851,-0.313475922040995
0.756797808311268,0.219498199070299,-0.529915525565081,-0.313475922050228
0.756797808312269,0.219498199070009,-0.529915525558306,-0.313475922059468
0.75679780831327,0.21949819906972,-0.529915525551525,-0.313475922068715
0.756797808314273,0.21949819906943,-0.529915525544739,-0.313475922077969
0.756797808315276,0.21949819906914,-0.529915525537948,-0.31347592208723
0.756797808316281,0.219498199068851,-0.529915525531151,-0.313475922096497
0.756797808317286,0.219498199068561,-0.529915525524349,-0.313475922105772
0.756797808318292,0.219498199068271,-0.529915525517542,-0.313475922115054
0.756797808319298,0.219498199067981,-0.529915525510729,-0.313475922124343
0.756797808320306,0.219498199067691,-0.529915525503911,-0.313475922133639
0.756797808321314,0.219498199067401,-0.529915525497088,-0.313475922142942
0.756797808322324,0.21949819906711,-0.52991552549026,-0.313475922152252
0.756797808323334,0.21949819906682,-0.529915525483426,-0.313475922161568
0.756797808324345,0.219498199066529,-0.529915525476587,-0.313475922170892
0.756797808325357,0.219498199066239,-0.529915525469742,-0.313475922180222
0.75679780832637,0.219498199065948,-0.529915525462892,-0.31347592218956
0.756797808327383,0.219498199065657,-0.529915525456037,-0.313475922198905
0.756797808328398,0.219498199065366,-0.529915525449177,-0.313475922208256
0.756797808329413,0.219498199065076,-0.529915525442311,-0.313475922217615
0.75679780833043,0.219498199064785,-0.52991552543544,-0.313475922226981
0.756797808331446,0.219498199064494,-0.529915525428564,-0.313475922236353
0.756797808332464,0.219498199064202,-0.529915525421682,-0.313475922245733
0.756797808333483,0.219498199063911,-0.529915525414795,-0.313475922255119
0.756797808334503,0.21949819906362,-0.529915525407903,-0.313475922264512
0.756797808335523,0.219498199063328,-0.529915525401006,-0.313475922273913
0.756797808336545,0.219498199063037,-0.529915525394103,-0.31347592228332
0.756797808337567,0.219498199062745,-0.529915525387194,-0.313475922292734
0.75679780833859,0.219498199062454,-0.529915525380281,-0.313475922302156
0.756797808339614,0.219498199062162,-0.529915525373362,-0.313475922311584
0.756797808340639,0.21949819906187,-0.529915525366438,-0.31347592232102
0.756797808341664,0.219498199061578,-0.529915525359508,-0.313475922330462
0.756797808342691,0.219498199061286,-0.529915525352574,-0.313475922339911
0.756797808343718,0.219498199060994,-0.529915525345634,-0.313475922349367
0.756797808344746,0.219498199060702,-0.529915525338688,-0.31347592235883
0.756797808345775,0.21949819906041,-0.529915525331737,-0.3134759223683
0.756797808346805,0.219498199060117,-0.529915525324781,-0.313475922377778
0.756797808347836,0.219498199059825,-0.52991552531782,-0.313475922387262
0.756797808348867,0.219498199059532,-0.529915525310854,-0.313475922396753
0.7567978083499,0.21949819905924,-0.529915525303882,-0.313475922406251
0.756797808350933,0.219498199058947,-0.529915525296904,-0.313475922415756
0.756797808351967,0.219498199058654,-0.529915525289922,-0.313475922425268
0.756797808353002,0.219498199058361,-0.529915525282934,-0.313475922434787
0.756797808354038,0.219498199058069,-0.529915525275941,-0.313475922444313
0.756797808355075,0.219498199057775,-0.529915525268942,-0.313475922453846
0.756797808356112,0.219498199057482,-0.529915525261939,-0.313475922463386
0.756797808357151,0.219498199057189,-0.529915525254929,-0.313475922472933
0.75679780835819,0.219498199056896,-0.529915525247915,-0.313475922482486
0.75679780835923,0.219498199056602,-0.529915525240895,-0.313475922492047
0.756797808360271,0.219498199056309,-0.52991552523387,-0.313475922501615
0.756797808361313,0.219498199056015,-0.52991552522684,-0.31347592251119
0.756797808362356,0.219498199055722,-0.529915525219804,-0.313475922520771
0.756797808363399,0.219498199055428,-0.529915525212763,-0.31347592253036
0.756797808364444,0.219498199055135,-0.529915525205717,-0.313475922539956
0.756797808365489,0.21949819905484,-0.529915525198665,-0.313475922549559
0.756797808366535,0.219498199054546,-0.529915525191608,-0.313475922559168
0.756797808367582,0.219498199054252,-0.529915525184546,-0.313475922568785
0.75679780836863,0.219498199053958,-0.529915525177479,-0.313475922578408
0.756797808369679,0.219498199053664,-0.529915525170406,-0.313475922588039
0.756797808370728,0.21949819905337,-0.529915525163328,-0.313475922597677
0.756797808371779,0.219498199053075,-0.529915525156244,-0.313475922607321
0.75679780837283,0.219498199052781,-0.529915525149156,-0.313475922616973
0.756797808373882,0.219498199052486,-0.529915525142061,-0.313475922626631
0.756797808374935,0.219498199052192,-0.529915525134962,-0.313475922636296
0.756797808375989,0.219498199051897,-0.529915525127857,-0.313475922645969
0.756797808377043,0.219498199051602,-0.529915525120747,-0.313475922655648
0.756797808378099,0.219498199051307,-0.529915525113632,-0.313475922665334
0.756797808379155,0.219498199051012,-0.529915525106511,-0.313475922675027
0.756797808380213,0.219498199050717,-0.529915525099385,-0.313475922684728
0.756797808381271,0.219498199050422,-0.529915525092254,-0.313475922694435
0.75679780838233,0.219498199050126,-0.529915525085117,-0.313475922704149
0.75679780838339,0.219498199049831,-0.529915525077975,-0.313475922713871
0.75679780838445,0.219498199049536,-0.529915525070828,-0.313475922723599
0.756797808385512,0.21949819904924,-0.529915525063676,-0.313475922733334
0.756797808386574,0.219498199048944,-0.529915525056518,-0.313475922743076
0.756797808387637,0.219498199048649,-0.529915525049355,-0.313475922752825
0.756797808388702,0.219498199048353,-0.529915525042186,-0.313475922762581
0.756797808389767,0.219498199048057,-0.529915525035013,-0.313475922772344
0.756797808390832,0.219498199047761,-0.529915525027833,-0.313475922782114
0.756797808391899,0.219498199047465,-0.529915525020649,-0.313475922791891
0.756797808392967,0.219498199047169,-0.529915525013459,-0.313475922801675
0.756797808394035,0.219498199046872,-0.529915525006264,-0.313475922811466
0.756797808395104,0.219498199046576,-0.529915524999064,-0.313475922821264
0.756797808396174,0.21949819904628,-0.529915524991859,-0.313475922831069
0.756797808397245,0.219498199045983,-0.529915524984647,-0.31347592284088
0.756797808398317,0.219498199045687,-0.529915524977431,-0.313475922850699
0.75679780839939,0.21949819904539,-0.52991552497021,-0.313475922860525
0.756797808400463,0.219498199045093,-0.529915524962983,-0.313475922870358
0.756797808401537,0.219498199044797,-0.529915524955751,-0.313475922880198
0.756797808402613,0.2194981990445,-0.529915524948513,-0.313475922890044
0.756797808403689,0.219498199044203,-0.529915524941271,-0.313475922899898
0.756797808404766,0.219498199043905,-0.529915524934023,-0.313475922909759
0.756797808405843,0.219498199043608,-0.529915524926769,-0.313475922919626
0.756797808406922,0.219498199043311,-0.52991552491951,-0.313475922929501
0.756797808408002,0.219498199043014,-0.529915524912246,-0.313475922939383
0.756797808409082,0.219498199042716,-0.529915524904977,-0.313475922949271
0.756797808410163,0.219498199042419,-0.529915524897702,-0.313475922959167
0.756797808411245,0.219498199042121,-0.529915524890422,-0.313475922969069
0.756797808412328,0.219498199041823,-0.529915524883137,-0.313475922978979
0.756797808413412,0.219498199041526,-0.529915524875847,-0.313475922988895
0.756797808414497,0.219498199041228,-0.52991552486855,-0.313475922998818
0.756797808415582,0.21949819904093,-0.52991552486125,-0.313475923008749
0.756797808416668,0.219498199040632,-0.529915524853943,-0.313475923018687
0.756797808417755,0.219498199040334,-0.529915524846631,-0.313475923028631
0.756797808418844,0.219498199040035,-0.529915524839314,-0.313475923038582
0.756797808419932,0.219498199039737,-0.529915524831992,-0.31347592304854
0.756797808421022,0.219498199039439,-0.529915524824664,-0.313475923058505
0.756797808422113,0.21949819903914,-0.529915524817331,-0.313475923068478
0.756797808423204,0.219498199038842,-0.529915524809992,-0.313475923078457
0.756797808424297,0.219498199038543,-0.529915524802648,-0.313475923088443
0.75679780842539,0.219498199038244,-0.529915524795299,-0.313475923098436
0.756797808426484,0.219498199037945,-0.529915524787945,-0.313475923108436
0.756797808427579,0.219498199037646,-0.529915524780585,-0.313475923118443
0.756797808428675,0.219498199037347,-0.529915524773221,-0.313475923128458
0.756797808429771,0.219498199037048,-0.52991552476585,-0.313475923138479
0.756797808430869,0.219498199036749,-0.529915524758475,-0.313475923148507
0.756797808431967,0.21949819903645,-0.529915524751094,-0.313475923158542
0.756797808433066,0.21949819903615,-0.529915524743708,-0.313475923168584
0.756797808434166,0.219498199035851,-0.529915524736316,-0.313475923178633
0.756797808435267,0.219498199035552,-0.529915524728919,-0.313475923188688
0.756797808436369,0.219498199035252,-0.529915524721517,-0.313475923198751
0.756797808437471,0.219498199034952,-0.52991552471411,-0.313475923208821
0.756797808438575,0.219498199034652,-0.529915524706697,-0.313475923218898
0.756797808439679,0.219498199034353,-0.529915524699279,-0.313475923228982
0.756797808440784,0.219498199034052,-0.529915524691855,-0.313475923239072
0.75679780844189,0.219498199033752,-0.529915524684427,-0.31347592324917
0.756797808442997,0.219498199033452,-0.529915524676993,-0.313475923259275
0.756797808444105,0.219498199033152,-0.529915524669554,-0.313475923269387
0.756797808445213,0.219498199032852,-0.529915524662109,-0.313475923279505
0.756797808446323,0.219498199032551,-0.52991552465466,-0.313475923289631
0.756797808447433,0.219498199032251,-0.529915524647204,-0.313475923299763
0.756797808448544,0.21949819903195,-0.529915524639744,-0.313475923309903
0.756797808449656,0.219498199031649,-0.529915524632278,-0.313475923320049
0.756797808450769,0.219498199031349,-0.529915524624807,-0.313475923330203
0.756797808451883,0.219498199031048,-0.52991552461733,-0.313475923340364
0.756797808452997,0.219498199030747,-0.529915524609848,-0.313475923350531
0.756797808454113,0.219498199030446,-0.529915524602361,-0.313475923360705
0.756797808455229,0.219498199030145,-0.529915524594869,-0.313475923370887
0.756797808456346,0.219498199029844,-0.529915524587371,-0.313475923381075
0.756797808457464,0.219498199029542,-0.529915524579868,-0.313475923391271
0.756797808458583,0.219498199029241,-0.52991552457236,-0.313475923401473
0.756797808459703,0.219498199028939,-0.529915524564846,-0.313475923411682
0.756797808460824,0.219498199028638,-0.529915524557327,-0.313475923421899
0.756797808461945,0.219498199028336,-0.529915524549803,-0.313475923432122
0.756797808463067,0.219498199028034,-0.529915524542273,-0.313475923442352
0.75679780846419,0.219498199027733,-0.529915524534739,-0.313475923452589
0.756797808465314,0.219498199027431,-0.529915524527198,-0.313475923462833
0.756797808466439,0.219498199027129,-0.529915524519653,-0.313475923473084
0.756797808467565,0.219498199026827,-0.529915524512102,-0.313475923483342
0.756797808468691,0.219498199026524,-0.529915524504546,-0.313475923493608
0.756797808469819,0.219498199026222,-0.529915524496984,-0.31347592350388
0.756797808470947,0.21949819902592,-0.529915524489418,-0.313475923514159
0.756797808472076,0.219498199025617,-0.529915524481846,-0.313475923524445
0.756797808473206,0.219498199025315,-0.529915524474268,-0.313475923534738
0.756797808474337,0.219498199025012,-0.529915524466686,-0.313475923545038
0.756797808475469,0.21949819902471,-0.529915524459098,-0.313475923555345
0.756797808476601,0.219498199024407,-0.529915524451504,-0.313475923565658
0.756797808477735,0.219498199024104,-0.529915524443906,-0.313475923575979
0.756797808478869,0.219498199023801,-0.529915524436302,-0.313475923586307
0.756797808480004,0.219498199023498,-0.529915524428692,-0.313475923596642
0.75679780848114,0.219498199023195,-0.529915524421078,-0.313475923606984
0.756797808482277,0.219498199022892,-0.529915524413458,-0.313475923617332
0.756797808483415,0.219498199022588,-0.529915524405833,-0.313475923627688
0.756797808484553,0.219498199022285,-0.529915524398202,-0.313475923638051
0.756797808485693,0.219498199021981,-0.529915524390566,-0.31347592364842
0.756797808486833,0.219498199021678,-0.529915524382926,-0.313475923658797
0.756797808487974,0.219498199021374,-0.529915524375279,-0.313475923669181
0.756797808489116,0.21949819902107,-0.529915524367627,-0.313475923679571
0.756797808490259,0.219498199020766,-0.52991552435997,-0.313475923689969
0.756797808491403,0.219498199020462,-0.529915524352308,-0.313475923700373
0.756797808492547,0.219498199020158,-0.529915524344641,-0.313475923710785
0.756797808493693,0.219498199019854,-0.529915524336968,-0.313475923721203
0.756797808494839,0.21949819901955,-0.529915524329289,-0.313475923731629
0.756797808495986,0.219498199019246,-0.529915524321606,-0.313475923742061
0.756797808497134,0.219498199018941,-0.529915524313917,-0.313475923752501
0.756797808498283,0.219498199018637,-0.529915524306223,-0.313475923762947
0.756797808499432,0.219498199018332,-0.529915524298523,-0.3134759237734
0.756797808500583,0.219498199018028,-0.529915524290818,-0.313475923783861
0.756797808501734,0.219498199017723,-0.529915524283108,-0.313475923794328
0.756797808502887,0.219498199017418,-0.529915524275393,-0.313475923804802
0.75679780850404,0.219498199017113,-0.529915524267672,-0.313475923815283
0.756797808505194,0.219498199016808,-0.529915524259946,-0.313475923825771
0.756797808506348,0.219498199016503,-0.529915524252215,-0.313475923836267
0.756797808507504,0.219498199016198,-0.529915524244478,-0.313475923846769
0.756797808508661,0.219498199015893,-0.529915524236736,-0.313475923857278
0.756797808509818,0.219498199015587,-0.529915524228989,-0.313475923867794
0.756797808510976,0.219498199015282,-0.529915524221236,-0.313475923878317
0.756797808512135,0.219498199014976,-0.529915524213478,-0.313475923888847
0.756797808513295,0.219498199014671,-0.529915524205715,-0.313475923899384
0.756797808514456,0.219498199014365,-0.529915524197946,-0.313475923909928
0.756797808515618,0.219498199014059,-0.529915524190172,-0.313475923920479
0.75679780851678,0.219498199013753,-0.529915524182393,-0.313475923931037
0.756797808517944,0.219498199013447,-0.529915524174609,-0.313475923941602
0.756797808519108,0.219498199013141,-0.529915524166819,-0.313475923952173
0.756797808520273,0.219498199012835,-0.529915524159024,-0.313475923962753
0.756797808521439,0.219498199012529,-0.529915524151223,-0.313475923973338
0.756797808522606,0.219498199012222,-0.529915524143417,-0.313475923983931
0.756797808523773,0.219498199011916,-0.529915524135606,-0.313475923994531
0.756797808524942,0.219498199011609,-0.52991552412779,-0.313475924005137
0.756797808526111,0.219498199011303,-0.529915524119969,-0.313475924015751
0.756797808527281,0.219498199010996,-0.529915524112142,-0.313475924026372
0.756797808528453,0.219498199010689,-0.529915524104309,-0.313475924036999
0.756797808529624,0.219498199010382,-0.529915524096472,-0.313475924047634
0.756797808530797,0.219498199010075,-0.529915524088629,-0.313475924058276
0.756797808531971,0.219498199009768,-0.529915524080781,-0.313475924068924
0.756797808533145,0.219498199009461,-0.529915524072927,-0.31347592407958
0.756797808534321,0.219498199009154,-0.529915524065069,-0.313475924090242
0.756797808535497,0.219498199008847,-0.529915524057204,-0.313475924100912
0.756797808536674,0.219498199008539,-0.529915524049335,-0.313475924111588
0.756797808537852,0.219498199008232,-0.52991552404146,-0.313475924122272
0.756797808539031,0.219498199007924,-0.52991552403358,-0.313475924132962
0.75679780854021,0.219498199007616,-0.529915524025694,-0.313475924143659
0.756797808541391,0.219498199007309,-0.529915524017804,-0.313475924154363
0.756797808542572,0.219498199007001,-0.529915524009908,-0.313475924165075
0.756797808543754,0.219498199006693,-0.529915524002007,-0.313475924175793
0.756797808544937,0.219498199006385,-0.5299155239941,-0.313475924186518
0.756797808546121,0.219498199006077,-0.529915523986188,-0.313475924197251
0.756797808547306,0.219498199005769,-0.529915523978271,-0.31347592420799
0.756797808548492,0.21949819900546,-0.529915523970348,-0.313475924218736
0.756797808549678,0.219498199005152,-0.529915523962421,-0.313475924229489
0.756797808550866,0.219498199004843,-0.529915523954487,-0.313475924240249
0.756797808552054,0.219498199004535,-0.529915523946549,-0.313475924251016
0.756797808553243,0.219498199004226,-0.529915523938605,-0.31347592426179
0.756797808554433,0.219498199003917,-0.529915523930656,-0.313475924272571
0.756797808555624,0.219498199003609,-0.529915523922702,-0.313475924283359
0.756797808556815,0.2194981990033,-0.529915523914742,-0.313475924294154
0.756797808558008,0.21949819900299,-0.529915523906777,-0.313475924304956
0.756797808559201,0.219498199002681,-0.529915523898807,-0.313475924315765
0.756797808560395,0.219498199002372,-0.529915523890831,-0.313475924326581
0.756797808561591,0.219498199002063,-0.52991552388285,-0.313475924337404
0.756797808562786,0.219498199001753,-0.529915523874864,-0.313475924348234
0.756797808563983,0.219498199001444,-0.529915523866872,-0.31347592435907
0.756797808565181,0.219498199001134,-0.529915523858875,-0.313475924369914
0.756797808566379,0.219498199000825,-0.529915523850873,-0.313475924380765
0.756797808567579,0.219498199000515,-0.529915523842866,-0.313475924391623
0.756797808568779,0.219498199000205,-0.529915523834853,-0.313475924402487
0.75679780856998,0.219498198999895,-0.529915523826835,-0.313475924413359
0.756797808571182,0.219498198999585,-0.529915523818811,-0.313475924424237
0.756797808572385,0.219498198999275,-0.529915523810783,-0.313475924435123
0.756797808573588,0.219498198998965,-0.529915523802748,-0.313475924446016
0.756797808574793,0.219498198998655,-0.529915523794709,-0.313475924456915
0.756797808575998,0.219498198998344,-0.529915523786664,-0.313475924467822
0.756797808577204,0.219498198998034,-0.529915523778614,-0.313475924478735
0.756797808578411,0.219498198997723,-0.529915523770559,-0.313475924489656
0.756797808579619,0.219498198997413,-0.529915523762498,-0.313475924500583
0.756797808580828,0.219498198997102,-0.529915523754433,-0.313475924511517
0.756797808582038,0.219498198996791,-0.529915523746361,-0.313475924522459
0.756797808583248,0.21949819899648,-0.529915523738285,-0.313475924533407
0.756797808584459,0.219498198996169,-0.529915523730203,-0.313475924544363
0.756797808585672,0.219498198995858,-0.529915523722116,-0.313475924555325
0.756797808586885,0.219498198995547,-0.529915523714023,-0.313475924566294
0.756797808588099,0.219498198995236,-0.529915523705925,-0.31347592457727
0.756797808589313,0.219498198994924,-0.529915523697822,-0.313475924588253
0.756797808590529,0.219498198994613,-0.529915523689714,-0.313475924599244
0.756797808591746,0.219498198994301,-0.5299155236816,-0.313475924610241
0.756797808592963,0.21949819899399,-0.529915523673481,-0.313475924621245
0.756797808594181,0.219498198993678,-0.529915523665357,-0.313475924632256
0.7567978085954,0.219498198993366,-0.529915523657227,-0.313475924643274
0.75679780859662,0.219498198993054,-0.529915523649092,-0.313475924654299
0.756797808597841,0.219498198992742,-0.529915523640952,-0.313475924665331
0.756797808599062,0.21949819899243,-0.529915523632806,-0.31347592467637
0.756797808600285,0.219498198992118,-0.529915523624655,-0.313475924687416
0.756797808601508,0.219498198991806,-0.5299155236165,-0.313475924698469
0.756797808602732,0.219498198991493,-0.529915523608338,-0.313475924709529
0.756797808603957,0.219498198991181,-0.529915523600171,-0.313475924720595
0.756797808605183,0.219498198990868,-0.529915523591999,-0.313475924731669
0.75679780860641,0.219498198990556,-0.529915523583822,-0.31347592474275
0.756797808607638,0.219498198990243,-0.529915523575639,-0.313475924753838
0.756797808608866,0.21949819898993,-0.529915523567451,-0.313475924764932
0.756797808610095,0.219498198989617,-0.529915523559257,-0.313475924776034
0.756797808611326,0.219498198989305,-0.529915523551059,-0.313475924787143
0.756797808612557,0.219498198988991,-0.529915523542855,-0.313475924798258
0.756797808613789,0.219498198988678,-0.529915523534645,-0.313475924809381
0.756797808615022,0.219498198988365,-0.529915523526431,-0.313475924820511
0.756797808616255,0.219498198988051,-0.529915523518211,-0.313475924831647
0.756797808617489,0.219498198987738,-0.529915523509985,-0.313475924842791
0.756797808618725,0.219498198987424,-0.529915523501755,-0.313475924853941
0.756797808619961,0.219498198987111,-0.529915523493519,-0.313475924865099
0.756797808621198,0.219498198986797,-0.529915523485278,-0.313475924876263
0.756797808622436,0.219498198986483,-0.529915523477032,-0.313475924887434
0.756797808623675,0.219498198986169,-0.52991552346878,-0.313475924898613
0.756797808624914,0.219498198985855,-0.529915523460523,-0.313475924909798
0.756797808626155,0.219498198985541,-0.52991552345226,-0.31347592492099
0.756797808627396,0.219498198985227,-0.529915523443993,-0.31347592493219
0.756797808628638,0.219498198984913,-0.52991552343572,-0.313475924943396
0.756797808629881,0.219498198984599,-0.529915523427441,-0.313475924954609
0.756797808631125,0.219498198984284,-0.529915523419158,-0.31347592496583
0.75679780863237,0.21949819898397,-0.529915523410869,-0.313475924977057
0.756797808633616,0.219498198983655,-0.529915523402575,-0.313475924988291
0.756797808634862,0.21949819898334,-0.529915523394275,-0.313475924999532
0.756797808636109,0.219498198983026,-0.52991552338597,-0.31347592501078
0.756797808637358,0.219498198982711,-0.52991552337766,-0.313475925022035
0.756797808638607,0.219498198982396,-0.529915523369344,-0.313475925033297
0.756797808639857,0.21949819898208,-0.529915523361023,-0.313475925044566
0.756797808641107,0.219498198981765,-0.529915523352697,-0.313475925055842
0.756797808642359,0.21949819898145,-0.529915523344366,-0.313475925067125
0.756797808643611,0.219498198981135,-0.529915523336029,-0.313475925078415
0.756797808644865,0.219498198980819,-0.529915523327687,-0.313475925089712
0.756797808646119,0.219498198980504,-0.52991552331934,-0.313475925101016
0.756797808647374,0.219498198980188,-0.529915523310987,-0.313475925112327
0.75679780864863,0.219498198979872,-0.529915523302629,-0.313475925123645
0.756797808649887,0.219498198979557,-0.529915523294266,-0.31347592513497
0.756797808651144,0.219498198979241,-0.529915523285898,-0.313475925146301
0.756797808652403,0.219498198978925,-0.529915523277524,-0.31347592515764
0.756797808653662,0.219498198978609,-0.529915523269144,-0.313475925168985
0.756797808654922,0.219498198978293,-0.52991552326076,-0.313475925180338
0.756797808656183,0.219498198977976,-0.52991552325237,-0.313475925191698
0.756797808657445,0.21949819897766,-0.529915523243975,-0.313475925203064
0.756797808658708,0.219498198977343,-0.529915523235575,-0.313475925214438
0.756797808659971,0.219498198977027,-0.529915523227169,-0.313475925225818
0.756797808661236,0.21949819897671,-0.529915523218757,-0.313475925237206
0.756797808662501,0.219498198976394,-0.529915523210341,-0.3134759252486
0.756797808663767,0.219498198976077,-0.52991552320192,-0.313475925260002
0.756797808665034,0.21949819897576,-0.529915523193493,-0.31347592527141
0.756797808666302,0.219498198975443,-0.52991552318506,-0.313475925282826
0.756797808667571,0.219498198975126,-0.529915523176623,-0.313475925294248
0.756797808668841,0.219498198974809,-0.52991552316818,-0.313475925305677
0.756797808670111,0.219498198974491,-0.529915523159731,-0.313475925317114
0.756797808671382,0.219498198974174,-0.529915523151278,-0.313475925328557
0.756797808672655,0.219498198973857,-0.529915523142819,-0.313475925340007
0.756797808673928,0.219498198973539,-0.529915523134355,-0.313475925351465
0.756797808675201,0.219498198973221,-0.529915523125885,-0.313475925362929
0.756797808676476,0.219498198972904,-0.529915523117411,-0.3134759253744
0.756797808677752,0.219498198972586,-0.52991552310893,-0.313475925385878
0.756797808679028,0.219498198972268,-0.529915523100445,-0.313475925397363
0.756797808680306,0.21949819897195,-0.529915523091954,-0.313475925408855
0.756797808681584,0.219498198971632,-0.529915523083458,-0.313475925420355
0.756797808682863,0.219498198971314,-0.529915523074957,-0.31347592543186
0.756797808684143,0.219498198970995,-0.52991552306645,-0.313475925443373
0.756797808685423,0.219498198970677,-0.529915523057938,-0.313475925454893
0.756797808686705,0.219498198970358,-0.529915523049421,-0.31347592546642
0.756797808687988,0.21949819897004,-0.529915523040899,-0.313475925477954
0.756797808689271,0.219498198969721,-0.529915523032371,-0.313475925489495
0.756797808690555,0.219498198969403,-0.529915523023838,-0.313475925501043
0.75679780869184,0.219498198969084,-0.529915523015299,-0.313475925512598
0.756797808693126,0.219498198968765,-0.529915523006755,-0.313475925524159
0.756797808694413,0.219498198968446,-0.529915522998206,-0.313475925535728
0.7567978086957,0.219498198968127,-0.529915522989651,-0.313475925547304
0.756797808696989,0.219498198967808,-0.529915522981092,-0.313475925558887
0.756797808698278,0.219498198967488,-0.529915522972527,-0.313475925570476
0.756797808699568,0.219498198967169,-0.529915522963956,-0.313475925582073
0.756797808700859,0.219498198966849,-0.529915522955381,-0.313475925593677
0.756797808702151,0.21949819896653,-0.5299155229468,-0.313475925605287
0.756797808703444,0.21949819896621,-0.529915522938214,-0.313475925616905
0.756797808704738,0.21949819896589,-0.529915522929622,-0.313475925628529
0.756797808706032,0.21949819896557,-0.529915522921025,-0.313475925640161
0.756797808707327,0.219498198965251,-0.529915522912423,-0.313475925651799
0.756797808708624,0.219498198964931,-0.529915522903815,-0.313475925663445
0.756797808709921,0.21949819896461,-0.529915522895202,-0.313475925675097
0.756797808711219,0.21949819896429,-0.529915522886584,-0.313475925686756
0.756797808712517,0.21949819896397,-0.529915522877961,-0.313475925698423
0.756797808713817,0.219498198963649,-0.529915522869332,-0.313475925710096
0.756797808715117,0.219498198963329,-0.529915522860698,-0.313475925721776
0.756797808716419,0.219498198963008,-0.529915522852058,-0.313475925733464
0.756797808717721,0.219498198962688,-0.529915522843414,-0.313475925745158
0.756797808719024,0.219498198962367,-0.529915522834764,-0.313475925756859
0.756797808720328,0.219498198962046,-0.529915522826108,-0.313475925768567
0.756797808721633,0.219498198961725,-0.529915522817448,-0.313475925780282
0.756797808722938,0.219498198961404,-0.529915522808782,-0.313475925792005
0.756797808724245,0.219498198961083,-0.52991552280011,-0.313475925803734
0.756797808725552,0.219498198960762,-0.529915522791434,-0.313475925815469
0.75679780872686,0.21949819896044,-0.529915522782752,-0.313475925827213
0.756797808728169,0.219498198960119,-0.529915522774065,-0.313475925838963
0.756797808729479,0.219498198959797,-0.529915522765373,-0.31347592585072
0.75679780873079,0.219498198959476,-0.529915522756675,-0.313475925862484
0.756797808732102,0.219498198959154,-0.529915522747972,-0.313475925874254
0.756797808733414,0.219498198958832,-0.529915522739263,-0.313475925886032
0.756797808734727,0.219498198958511,-0.52991552273055,-0.313475925897817
0.756797808736042,0.219498198958189,-0.52991552272183,-0.313475925909609
0.756797808737357,0.219498198957866,-0.529915522713106,-0.313475925921408
0.756797808738673,0.219498198957544,-0.529915522704376,-0.313475925933213
0.756797808739989,0.219498198957222,-0.529915522695642,-0.313475925945026
0.756797808741307,0.2194981989569,-0.529915522686901,-0.313475925956846
0.756797808742625,0.219498198956577,-0.529915522678156,-0.313475925968672
0.756797808743945,0.219498198956255,-0.529915522669405,-0.313475925980506
0.756797808745265,0.219498198955932,-0.529915522660648,-0.313475925992347
0.756797808746586,0.219498198955609,-0.529915522651887,-0.313475926004194
0.756797808747908,0.219498198955287,-0.52991552264312,-0.313475926016049
0.756797808749231,0.219498198954964,-0.529915522634348,-0.313475926027911
0.756797808750554,0.219498198954641,-0.529915522625571,-0.313475926039779
0.756797808751879,0.219498198954317,-0.529915522616788,-0.313475926051654
0.756797808753204,0.219498198953994,-0.529915522608,-0.313475926063537
0.75679780875453,0.219498198953671,-0.529915522599207,-0.313475926075426
0.756797808755857,0.219498198953348,-0.529915522590408,-0.313475926087322
0.756797808757185,0.219498198953024,-0.529915522581604,-0.313475926099226
0.756797808758514,0.219498198952701,-0.529915522572795,-0.313475926111136
0.756797808759844,0.219498198952377,-0.52991552256398,-0.313475926123053
0.756797808761174,0.219498198952053,-0.52991552255516,-0.313475926134978
0.756797808762505,0.219498198951729,-0.529915522546335,-0.313475926146909
0.756797808763838,0.219498198951406,-0.529915522537504,-0.313475926158847
0.756797808765171,0.219498198951082,-0.529915522528669,-0.313475926170792
0.756797808766505,0.219498198950758,-0.529915522519827,-0.313475926182744
0.756797808767839,0.219498198950434,-0.529915522510981,-0.313475926194703
0.756797808769175,0.219498198950109,-0.529915522502129,-0.31347592620667
0.756797808770512,0.219498198949785,-0.529915522493272,-0.313475926218642
0.756797808771849,0.21949819894946,-0.52991552248441,-0.313475926230622
0.756797808773187,0.219498198949136,-0.529915522475542,-0.313475926242609
0.756797808774526,0.219498198948811,-0.529915522466668,-0.313475926254603
0.756797808775866,0.219498198948486,-0.52991552245779,-0.313475926266604
0.756797808777207,0.219498198948161,-0.529915522448906,-0.313475926278612
0.756797808778548,0.219498198947836,-0.529915522440018,-0.313475926290627
0.756797808779891,0.219498198947511,-0.529915522431123,-0.313475926302649
0.756797808781234,0.219498198947186,-0.529915522422224,-0.313475926314678
0.756797808782579,0.219498198946861,-0.529915522413319,-0.313475926326713
0.756797808783924,0.219498198946536,-0.529915522404409,-0.313475926338756
0.756797808785269,0.219498198946211,-0.529915522395493,-0.313475926350806
0.756797808786616,0.219498198945885,-0.529915522386573,-0.313475926362862
0.756797808787964,0.219498198945559,-0.529915522377647,-0.313475926374926
0.756797808789312,0.219498198945234,-0.529915522368715,-0.313475926386997
0.756797808790662,0.219498198944908,-0.529915522359778,-0.313475926399074
0.756797808792012,0.219498198944582,-0.529915522350836,-0.313475926411159
0.756797808793363,0.219498198944256,-0.529915522341889,-0.313475926423251
0.756797808794715,0.21949819894393,-0.529915522332936,-0.313475926435349
0.756797808796068,0.219498198943604,-0.529915522323978,-0.313475926447454
0.756797808797421,0.219498198943278,-0.529915522315015,-0.313475926459567
0.756797808798776,0.219498198942951,-0.529915522306047,-0.313475926471686
0.756797808800131,0.219498198942625,-0.529915522297073,-0.313475926483813
0.756797808801487,0.219498198942298,-0.529915522288094,-0.313475926495946
0.756797808802844,0.219498198941972,-0.529915522279109,-0.313475926508086
0.756797808804202,0.219498198941645,-0.529915522270119,-0.313475926520233
0.756797808805561,0.219498198941318,-0.529915522261124,-0.313475926532388
0.756797808806921,0.219498198940991,-0.529915522252124,-0.313475926544549
0.756797808808281,0.219498198940664,-0.529915522243118,-0.313475926556717
0.756797808809643,0.219498198940337,-0.529915522234107,-0.313475926568892
0.756797808811005,0.21949819894001,-0.52991552222509,-0.313475926581074
0.756797808812368,0.219498198939683,-0.529915522216069,-0.313475926593264
0.756797808813732,0.219498198939355,-0.529915522207042,-0.31347592660546
0.756797808815097,0.219498198939028,-0.529915522198009,-0.313475926617663
0.756797808816462,0.2194981989387,-0.529915522188972,-0.313475926629873
0.756797808817829,0.219498198938372,-0.529915522179929,-0.31347592664209
0.756797808819196,0.219498198938045,-0.529915522170881,-0.313475926654314
0.756797808820564,0.219498198937717,-0.529915522161827,-0.313475926666545
0.756797808821934,0.219498198937389,-0.529915522152768,-0.313475926678782
0.756797808823303,0.219498198937061,-0.529915522143704,-0.313475926691027
0.756797808824674,0.219498198936733,-0.529915522134635,-0.313475926703279
0.756797808826046,0.219498198936405,-0.52991552212556,-0.313475926715538
0.756797808827418,0.219498198936076,-0.52991552211648,-0.313475926727804
0.756797808828792,0.219498198935748,-0.529915522107395,-0.313475926740076
0.756797808830166,0.219498198935419,-0.529915522098304,-0.313475926752356
0.756797808831541,0.219498198935091,-0.529915522089208,-0.313475926764643
0.756797808832917,0.219498198934762,-0.529915522080107,-0.313475926776936
0.756797808834294,0.219498198934433,-0.529915522071,-0.313475926789237
0.756797808835672,0.219498198934104,-0.529915522061888,-0.313475926801545
0.75679780883705,0.219498198933776,-0.529915522052771,-0.313475926813859
0.75679780883843,0.219498198933446,-0.529915522043648,-0.313475926826181
0.75679780883981,0.219498198933117,-0.52991552203452,-0.313475926838509
0.756797808841191,0.219498198932788,-0.529915522025387,-0.313475926850845
0.756797808842573,0.219498198932459,-0.529915522016249,-0.313475926863187
0.756797808843956,0.219498198932129,-0.529915522007105,-0.313475926875537
0.756797808845339,0.2194981989318,-0.529915521997956,-0.313475926887893
0.756797808846724,0.21949819893147,-0.529915521988801,-0.313475926900256
0.756797808848109,0.21949819893114,-0.529915521979642,-0.313475926912627
0.756797808849495,0.21949819893081,-0.529915521970477,-0.313475926925004
0.756797808850882,0.21949819893048,-0.529915521961307,-0.313475926937388
0.75679780885227,0.219498198930151,-0.529915521952131,-0.313475926949779
0.756797808853659,0.21949819892982,-0.52991552194295,-0.313475926962178
0.756797808855049,0.21949819892949,-0.529915521933763,-0.313475926974583
0.756797808856439,0.21949819892916,-0.529915521924572,-0.313475926986995
0.756797808857831,0.21949819892883,-0.529915521915375,-0.313475926999414
0.756797808859223,0.219498198928499,-0.529915521906173,-0.31347592701184
0.756797808860616,0.219498198928169,-0.529915521896965,-0.313475927024273
0.75679780886201,0.219498198927838,-0.529915521887752,-0.313475927036713
0.756797808863405,0.219498198927507,-0.529915521878534,-0.31347592704916
0.756797808864801,0.219498198927176,-0.529915521869311,-0.313475927061614
0.756797808866197,0.219498198926845,-0.529915521860082,-0.313475927074075
0.756797808867595,0.219498198926514,-0.529915521850848,-0.313475927086543
0.756797808868993,0.219498198926183,-0.529915521841609,-0.313475927099018
0.756797808870392,0.219498198925852,-0.529915521832364,-0.3134759271115
0.756797808871792,0.219498198925521,-0.529915521823114,-0.313475927123988
0.756797808873193,0.219498198925189,-0.529915521813859,-0.313475927136484
0.756797808874595,0.219498198924857,-0.529915521804598,-0.313475927148987
0.756797808875997,0.219498198924526,-0.529915521795332,-0.313475927161496
0.7567978088774,0.219498198924194,-0.529915521786061,-0.313475927174013
0.756797808878805,0.219498198923862,-0.529915521776784,-0.313475927186537
0.75679780888021,0.219498198923531,-0.529915521767503,-0.313475927199067
0.756797808881616,0.219498198923198,-0.529915521758215,-0.313475927211605
0.756797808883023,0.219498198922867,-0.529915521748923,-0.313475927224149
0.75679780888443,0.219498198922534,-0.529915521739626,-0.313475927236701
0.756797808885839,0.219498198922202,-0.529915521730323,-0.31347592724926
0.756797808887248,0.21949819892187,-0.529915521721014,-0.313475927261825
0.756797808888659,0.219498198921537,-0.5299155217117,-0.313475927274397
0.75679780889007,0.219498198921204,-0.529915521702381,-0.313475927286977
0.756797808891482,0.219498198920872,-0.529915521693057,-0.313475927299563
0.756797808892894,0.219498198920539,-0.529915521683728,-0.313475927312157
0.756797808894308,0.219498198920206,-0.529915521674393,-0.313475927324757
0.756797808895723,0.219498198919873,-0.529915521665052,-0.313475927337364
0.756797808897138,0.21949819891954,-0.529915521655707,-0.313475927349978
0.756797808898555,0.219498198919207,-0.529915521646356,-0.3134759273626
0.756797808899972,0.219498198918874,-0.529915521637,-0.313475927375228
0.75679780890139,0.21949819891854,-0.529915521627638,-0.313475927387863
0.756797808902808,0.219498198918207,-0.529915521618271,-0.313475927400505
0.756797808904228,0.219498198917874,-0.5299155216089,-0.313475927413154
0.756797808905649,0.21949819891754,-0.529915521599522,-0.31347592742581
0.75679780890707,0.219498198917207,-0.529915521590139,-0.313475927438473
0.756797808908492,0.219498198916873,-0.529915521580752,-0.313475927451143
0.756797808909916,0.219498198916539,-0.529915521571358,-0.31347592746382
0.75679780891134,0.219498198916205,-0.529915521561959,-0.313475927476504
0.756797808912764,0.219498198915871,-0.529915521552556,-0.313475927489195
0.75679780891419,0.219498198915536,-0.529915521543146,-0.313475927501893
0.756797808915617,0.219498198915202,-0.529915521533731,-0.313475927514597
0.756797808917044,0.219498198914868,-0.529915521524312,-0.313475927527309
0.756797808918472,0.219498198914533,-0.529915521514887,-0.313475927540028
0.756797808919902,0.219498198914199,-0.529915521505456,-0.313475927552754
0.756797808921332,0.219498198913864,-0.52991552149602,-0.313475927565486
0.756797808922762,0.219498198913529,-0.529915521486579,-0.313475927578226
0.756797808924194,0.219498198913195,-0.529915521477133,-0.313475927590973
0.756797808925627,0.219498198912859,-0.529915521467681,-0.313475927603726
0.75679780892706,0.219498198912524,-0.529915521458224,-0.313475927616487
0.756797808928495,0.219498198912189,-0.529915521448762,-0.313475927629255
0.75679780892993,0.219498198911854,-0.529915521439294,-0.313475927642029
0.756797808931366,0.219498198911519,-0.529915521429821,-0.31347592765481
0.756797808932803,0.219498198911183,-0.529915521420343,-0.313475927667599
0.75679780893424,0.219498198910848,-0.529915521410859,-0.313475927680394
0.756797808935679,0.219498198910512,-0.529915521401371,-0.313475927693197
0.756797808937118,0.219498198910177,-0.529915521391876,-0.313475927706006
0.756797808938559,0.219498198909841,-0.529915521382377,-0.313475927718823
0.75679780894,0.219498198909505,-0.529915521372872,-0.313475927731646
0.756797808941442,0.219498198909169,-0.529915521363362,-0.313475927744476
0.756797808942885,0.219498198908833,-0.529915521353846,-0.313475927757314
0.756797808944329,0.219498198908497,-0.529915521344326,-0.313475927770158
0.756797808945773,0.21949819890816,-0.529915521334799,-0.313475927783009
0.756797808947219,0.219498198907824,-0.529915521325268,-0.313475927795867
0.756797808948665,0.219498198907488,-0.529915521315731,-0.313475927808732
0.756797808950112,0.219498198907151,-0.529915521306189,-0.313475927821604
0.75679780895156,0.219498198906814,-0.529915521296642,-0.313475927834483
0.756797808953009,0.219498198906477,-0.52991552128709,-0.313475927847369
0.756797808954459,0.219498198906141,-0.529915521277532,-0.313475927860262
0.756797808955909,0.219498198905804,-0.529915521267969,-0.313475927873162
0.756797808957361,0.219498198905467,-0.5299155212584,-0.313475927886069
0.756797808958813,0.219498198905129,-0.529915521248826,-0.313475927898983
0.756797808960266,0.219498198904792,-0.529915521239247,-0.313475927911904
0.756797808961721,0.219498198904455,-0.529915521229663,-0.313475927924832
0.756797808963176,0.219498198904117,-0.529915521220073,-0.313475927937767
0.756797808964631,0.21949819890378,-0.529915521210478,-0.313475927950708
0.756797808966088,0.219498198903442,-0.529915521200878,-0.313475927963657
0.756797808967545,0.219498198903105,-0.529915521191272,-0.313475927976613
0.756797808969004,0.219498198902767,-0.529915521181661,-0.313475927989575
0.756797808970463,0.219498198902429,-0.529915521172045,-0.313475928002545
0.756797808971923,0.219498198902091,-0.529915521162423,-0.313475928015522
0.756797808973384,0.219498198901753,-0.529915521152796,-0.313475928028506
0.756797808974845,0.219498198901415,-0.529915521143164,-0.313475928041496
0.756797808976308,0.219498198901076,-0.529915521133526,-0.313475928054493
0.756797808977772,0.219498198900738,-0.529915521123884,-0.313475928067498
0.756797808979236,0.219498198900399,-0.529915521114236,-0.31347592808051
0.756797808980701,0.219498198900061,-0.529915521104582,-0.313475928093528
0.756797808982167,0.219498198899722,-0.529915521094923,-0.313475928106553
0.756797808983634,0.219498198899383,-0.529915521085259,-0.313475928119585
0.756797808985102,0.219498198899044,-0.52991552107559,-0.313475928132625
0.756797808986571,0.219498198898706,-0.529915521065915,-0.313475928145671
0.75679780898804,0.219498198898366,-0.529915521056235,-0.313475928158724
0.756797808989511,0.219498198898027,-0.52991552104655,-0.313475928171785
0.756797808990982,0.219498198897688,-0.529915521036859,-0.313475928184852
0.756797808992454,0.219498198897349,-0.529915521027163,-0.313475928197926
0.756797808993927,0.219498198897009,-0.529915521017462,-0.313475928211007
0.756797808995401,0.21949819889667,-0.529915521007756,-0.313475928224096
0.756797808996875,0.21949819889633,-0.529915520998044,-0.313475928237191
0.756797808998351,0.21949819889599,-0.529915520988327,-0.313475928250293
0.756797808999827,0.219498198895651,-0.529915520978604,-0.313475928263402
0.756797809001304,0.21949819889531,-0.529915520968876,-0.313475928276517
0.756797809002782,0.21949819889497,-0.529915520959143,-0.31347592828964
0.756797809004261,0.21949819889463,-0.529915520949405,-0.31347592830277
0.756797809005741,0.21949819889429,-0.529915520939661,-0.313475928315907
0.756797809007222,0.21949819889395,-0.529915520929912,-0.313475928329051
0.756797809008703,0.219498198893609,-0.529915520920158,-0.313475928342202
0.756797809010186,0.219498198893269,-0.529915520910398,-0.31347592835536
0.756797809011669,0.219498198892928,-0.529915520900633,-0.313475928368525
0.756797809013153,0.219498198892588,-0.529915520890863,-0.313475928381696
0.756797809014638,0.219498198892247,-0.529915520881087,-0.313475928394875
0.756797809016124,0.219498198891906,-0.529915520871306,-0.313475928408061
0.756797809017611,0.219498198891565,-0.529915520861521,-0.313475928421253
0.756797809019098,0.219498198891224,-0.529915520851729,-0.313475928434453
0.756797809020586,0.219498198890882,-0.529915520841932,-0.313475928447659
0.756797809022076,0.219498198890541,-0.52991552083213,-0.313475928460873
0.756797809023566,0.2194981988902,-0.529915520822323,-0.313475928474094
0.756797809025057,0.219498198889858,-0.52991552081251,-0.313475928487321
0.756797809026549,0.219498198889517,-0.529915520802692,-0.313475928500556
0.756797809028041,0.219498198889175,-0.529915520792869,-0.313475928513797
0.756797809029535,0.219498198888833,-0.52991552078304,-0.313475928527045
0.756797809031029,0.219498198888491,-0.529915520773206,-0.313475928540301
0.756797809032525,0.21949819888815,-0.529915520763367,-0.313475928553563
0.756797809034021,0.219498198887808,-0.529915520753522,-0.313475928566832
0.756797809035518,0.219498198887466,-0.529915520743672,-0.313475928580109
0.756797809037016,0.219498198887123,-0.529915520733817,-0.313475928593392
0.756797809038514,0.219498198886781,-0.529915520723956,-0.313475928606682
0.756797809040014,0.219498198886438,-0.52991552071409,-0.313475928619979
0.756797809041514,0.219498198886096,-0.52991552070422,-0.313475928633284
0.756797809043016,0.219498198885753,-0.529915520694343,-0.313475928646594
0.756797809044518,0.219498198885411,-0.529915520684461,-0.313475928659912
0.756797809046021,0.219498198885067,-0.529915520674574,-0.313475928673237
0.756797809047525,0.219498198884725,-0.529915520664682,-0.31347592868657
0.756797809049029,0.219498198884382,-0.529915520654784,-0.313475928699908
0.756797809050535,0.219498198884039,-0.529915520644881,-0.313475928713255
0.756797809052041,0.219498198883695,-0.529915520634973,-0.313475928726607
0.756797809053549,0.219498198883352,-0.52991552062506,-0.313475928739967
0.756797809055057,0.219498198883008,-0.529915520615141,-0.313475928753334
0.756797809056566,0.219498198882665,-0.529915520605217,-0.313475928766708
0.756797809058076,0.219498198882321,-0.529915520595287,-0.313475928780089
0.756797809059586,0.219498198881978,-0.529915520585352,-0.313475928793476
0.756797809061098,0.219498198881634,-0.529915520575412,-0.313475928806871
0.75679780906261,0.21949819888129,-0.529915520565467,-0.313475928820273
0.756797809064124,0.219498198880946,-0.529915520555516,-0.313475928833681
0.756797809065638,0.219498198880602,-0.52991552054556,-0.313475928847097
0.756797809067153,0.219498198880257,-0.529915520535598,-0.31347592886052
0.756797809068669,0.219498198879913,-0.529915520525632,-0.313475928873949
0.756797809070186,0.219498198879569,-0.52991552051566,-0.313475928887386
0.756797809071703,0.219498198879225,-0.529915520505682,-0.313475928900829
0.756797809073222,0.21949819887888,-0.5299155204957,-0.31347592891428
0.756797809074741,0.219498198878535,-0.529915520485712,-0.313475928927737
0.756797809076261,0.21949819887819,-0.529915520475719,-0.313475928941202
0.756797809077782,0.219498198877846,-0.52991552046572,-0.313475928954673
0.756797809079304,0.219498198877501,-0.529915520455716,-0.313475928968151
0.756797809080827,0.219498198877155,-0.529915520445707,-0.313475928981637
0.75679780908235,0.21949819887681,-0.529915520435693,-0.313475928995129
0.756797809083875,0.219498198876465,-0.529915520425673,-0.313475929008628
0.7567978090854,0.21949819887612,-0.529915520415648,-0.313475929022134
0.756797809086926,0.219498198875774,-0.529915520405618,-0.313475929035648
0.756797809088454,0.219498198875429,-0.529915520395582,-0.313475929049168
0.756797809089981,0.219498198875083,-0.529915520385541,-0.313475929062695
0.75679780909151,0.219498198874737,-0.529915520375494,-0.313475929076229
0.75679780909304,0.219498198874391,-0.529915520365443,-0.31347592908977
0.75679780909457,0.219498198874045,-0.529915520355386,-0.313475929103318
0.756797809096102,0.219498198873699,-0.529915520345324,-0.313475929116873
0.756797809097634,0.219498198873353,-0.529915520335256,-0.313475929130435
0.756797809099167,0.219498198873007,-0.529915520325183,-0.313475929144004
0.756797809100701,0.219498198872661,-0.529915520315106,-0.31347592915758
0.756797809102236,0.219498198872314,-0.529915520305022,-0.313475929171163
0.756797809103771,0.219498198871968,-0.529915520294933,-0.313475929184752
0.756797809105308,0.219498198871621,-0.529915520284839,-0.313475929198349
0.756797809106845,0.219498198871274,-0.52991552027474,-0.313475929211953
0.756797809108383,0.219498198870927,-0.529915520264635,-0.313475929225564
0.756797809109923,0.21949819887058,-0.529915520254525,-0.313475929239181
0.756797809111462,0.219498198870233,-0.52991552024441,-0.313475929252806
0.756797809113003,0.219498198869886,-0.529915520234289,-0.313475929266438
0.756797809114545,0.219498198869539,-0.529915520224164,-0.313475929280076
0.756797809116087,0.219498198869192,-0.529915520214032,-0.313475929293722
0.756797809117631,0.219498198868844,-0.529915520203896,-0.313475929307374
0.756797809119175,0.219498198868497,-0.529915520193754,-0.313475929321034
0.75679780912072,0.219498198868149,-0.529915520183606,-0.3134759293347
0.756797809122266,0.219498198867801,-0.529915520173454,-0.313475929348374
0.756797809123813,0.219498198867454,-0.529915520163296,-0.313475929362054
0.756797809125361,0.219498198867106,-0.529915520153133,-0.313475929375742
0.756797809126909,0.219498198866758,-0.529915520142965,-0.313475929389436
0.756797809128459,0.21949819886641,-0.529915520132791,-0.313475929403137
0.756797809130009,0.219498198866061,-0.529915520122612,-0.313475929416846
0.75679780913156,0.219498198865713,-0.529915520112428,-0.313475929430561
0.756797809133112,0.219498198865365,-0.529915520102238,-0.313475929444283
0.756797809134665,0.219498198865016,-0.529915520092043,-0.313475929458012
0.756797809136219,0.219498198864668,-0.529915520081843,-0.313475929471748
0.756797809137773,0.219498198864319,-0.529915520071637,-0.313475929485491
0.756797809139328,0.21949819886397,-0.529915520061427,-0.313475929499242
0.756797809140885,0.219498198863621,-0.529915520051211,-0.313475929512999
0.756797809142442,0.219498198863272,-0.529915520040989,-0.313475929526762
0.756797809144,0.219498198862923,-0.529915520030762,-0.313475929540533
0.756797809145559,0.219498198862574,-0.52991552002053,-0.313475929554311
0.756797809147118,0.219498198862225,-0.529915520010293,-0.313475929568096
0.756797809148679,0.219498198861875,-0.52991552000005,-0.313475929581888
0.75679780915024,0.219498198861526,-0.529915519989802,-0.313475929595687
0.756797809151803,0.219498198861176,-0.529915519979549,-0.313475929609493
0.756797809153366,0.219498198860826,-0.52991551996929,-0.313475929623306
0.75679780915493,0.219498198860477,-0.529915519959026,-0.313475929637125
0.756797809156495,0.219498198860127,-0.529915519948757,-0.313475929650952
0.75679780915806,0.219498198859777,-0.529915519938482,-0.313475929664786
0.756797809159627,0.219498198859427,-0.529915519928203,-0.313475929678626
0.756797809161194,0.219498198859077,-0.529915519917917,-0.313475929692474
0.756797809162763,0.219498198858726,-0.529915519907627,-0.313475929706329
0.756797809164332,0.219498198858376,-0.529915519897332,-0.31347592972019
0.756797809165902,0.219498198858025,-0.52991551988703,-0.313475929734059
0.756797809167473,0.219498198857675,-0.529915519876724,-0.313475929747934
0.756797809169044,0.219498198857324,-0.529915519866412,-0.313475929761817
0.756797809170617,0.219498198856973,-0.529915519856095,-0.313475929775706
0.75679780917219,0.219498198856622,-0.529915519845773,-0.313475929789603
0.756797809173765,0.219498198856271,-0.529915519835445,-0.313475929803506
0.75679780917534,0.21949819885592,-0.529915519825112,-0.313475929817416
0.756797809176916,0.219498198855569,-0.529915519814774,-0.313475929831334
0.756797809178493,0.219498198855218,-0.529915519804431,-0.313475929845258
0.756797809180071,0.219498198854866,-0.529915519794081,-0.313475929859189
0.756797809181649,0.219498198854515,-0.529915519783727,-0.313475929873127
0.756797809183229,0.219498198854164,-0.529915519773368,-0.313475929887072
0.756797809184809,0.219498198853812,-0.529915519763003,-0.313475929901024
0.75679780918639,0.21949819885346,-0.529915519752632,-0.313475929914983
0.756797809187972,0.219498198853108,-0.529915519742257,-0.31347592992895
0.756797809189555,0.219498198852756,-0.529915519731877,-0.313475929942923
0.756797809191139,0.219498198852404,-0.52991551972149,-0.313475929956903
0.756797809192724,0.219498198852052,-0.529915519711099,-0.31347592997089
0.756797809194309,0.2194981988517,-0.529915519700703,-0.313475929984883
0.756797809195896,0.219498198851348,-0.529915519690301,-0.313475929998884
0.756797809197483,0.219498198850995,-0.529915519679893,-0.313475930012892
0.756797809199071,0.219498198850643,-0.529915519669481,-0.313475930026907
0.75679780920066,0.21949819885029,-0.529915519659063,-0.313475930040929
0.75679780920225,0.219498198849937,-0.52991551964864,-0.313475930054958
0.75679780920384,0.219498198849584,-0.529915519638211,-0.313475930068993
0.756797809205432,0.219498198849231,-0.529915519627778,-0.313475930083036
0.756797809207024,0.219498198848878,-0.529915519617338,-0.313475930097086
0.756797809208617,0.219498198848525,-0.529915519606894,-0.313475930111142
0.756797809210211,0.219498198848172,-0.529915519596444,-0.313475930125206
0.756797809211807,0.219498198847819,-0.529915519585989,-0.313475930139277
0.756797809213402,0.219498198847465,-0.529915519575529,-0.313475930153354
0.756797809214999,0.219498198847111,-0.529915519565063,-0.313475930167439
0.756797809216596,0.219498198846758,-0.529915519554592,-0.31347593018153
0.756797809218195,0.219498198846404,-0.529915519544116,-0.313475930195629
0.756797809219794,0.21949819884605,-0.529915519533634,-0.313475930209734
0.756797809221394,0.219498198845696,-0.529915519523148,-0.313475930223847
0.756797809222995,0.219498198845342,-0.529915519512655,-0.313475930237966
0.756797809224597,0.219498198844988,-0.529915519502158,-0.313475930252092
0.7567978092262,0.219498198844634,-0.529915519491655,-0.313475930266226
0.756797809227803,0.21949819884428,-0.529915519481147,-0.313475930280366
0.756797809229408,0.219498198843925,-0.529915519470634,-0.313475930294513
0.756797809231013,0.219498198843571,-0.529915519460115,-0.313475930308667
0.756797809232619,0.219498198843216,-0.52991551944959,-0.313475930322828
0.756797809234226,0.219498198842861,-0.529915519439061,-0.313475930336996
0.756797809235834,0.219498198842507,-0.529915519428527,-0.313475930351172
0.756797809237443,0.219498198842152,-0.529915519417987,-0.313475930365354
0.756797809239052,0.219498198841796,-0.529915519407442,-0.313475930379542
0.756797809240663,0.219498198841441,-0.529915519396891,-0.313475930393738
0.756797809242274,0.219498198841086,-0.529915519386335,-0.313475930407941
0.756797809243886,0.219498198840731,-0.529915519375774,-0.313475930422151
0.756797809245499,0.219498198840375,-0.529915519365207,-0.313475930436368
0.756797809247113,0.21949819884002,-0.529915519354636,-0.313475930450592
0.756797809248728,0.219498198839664,-0.529915519344059,-0.313475930464823
0.756797809250343,0.219498198839308,-0.529915519333476,-0.313475930479061
0.75679780925196,0.219498198838953,-0.529915519322888,-0.313475930493305
0.756797809253577,0.219498198838597,-0.529915519312295,-0.313475930507557
0.756797809255195,0.219498198838241,-0.529915519301697,-0.313475930521816
0.756797809256814,0.219498198837884,-0.529915519291093,-0.313475930536082
0.756797809258434,0.219498198837528,-0.529915519280484,-0.313475930550354
0.756797809260055,0.219498198837172,-0.52991551926987,-0.313475930564634
0.756797809261676,0.219498198836815,-0.52991551925925,-0.31347593057892
0.756797809263299,0.219498198836459,-0.529915519248626,-0.313475930593214
0.756797809264922,0.219498198836102,-0.529915519237995,-0.313475930607514
0.756797809266546,0.219498198835746,-0.52991551922736,-0.313475930621822
0.756797809268171,0.219498198835389,-0.529915519216719,-0.313475930636136
0.756797809269797,0.219498198835032,-0.529915519206073,-0.313475930650458
0.756797809271424,0.219498198834675,-0.529915519195421,-0.313475930664786
0.756797809273052,0.219498198834318,-0.529915519184765,-0.313475930679121
0.75679780927468,0.21949819883396,-0.529915519174103,-0.313475930693463
0.75679780927631,0.219498198833603,-0.529915519163435,-0.313475930707813
0.75679780927794,0.219498198833246,-0.529915519152763,-0.313475930722169
0.756797809279571,0.219498198832888,-0.529915519142085,-0.313475930736532
0.756797809281203,0.219498198832531,-0.529915519131401,-0.313475930750902
0.756797809282835,0.219498198832173,-0.529915519120713,-0.313475930765279
0.756797809284469,0.219498198831815,-0.529915519110019,-0.313475930779663
0.756797809286104,0.219498198831457,-0.52991551909932,-0.313475930794055
0.756797809287739,0.219498198831099,-0.529915519088615,-0.313475930808453
0.756797809289375,0.219498198830741,-0.529915519077906,-0.313475930822858
0.756797809291012,0.219498198830383,-0.52991551906719,-0.31347593083727
0.75679780929265,0.219498198830024,-0.52991551905647,-0.313475930851688
0.756797809294289,0.219498198829666,-0.529915519045744,-0.313475930866114
0.756797809295929,0.219498198829307,-0.529915519035013,-0.313475930880547
0.756797809297569,0.219498198828949,-0.529915519024276,-0.313475930894987
0.756797809299211,0.21949819882859,-0.529915519013535,-0.313475930909434
0.756797809300853,0.219498198828231,-0.529915519002788,-0.313475930923887
0.756797809302496,0.219498198827872,-0.529915518992035,-0.313475930938348
0.75679780930414,0.219498198827513,-0.529915518981278,-0.313475930952816
0.756797809305785,0.219498198827154,-0.529915518970515,-0.313475930967291
0.756797809307431,0.219498198826795,-0.529915518959747,-0.313475930981772
0.756797809309077,0.219498198826436,-0.529915518948974,-0.313475930996261
0.756797809310724,0.219498198826076,-0.529915518938195,-0.313475931010756
0.756797809312373,0.219498198825717,-0.529915518927411,-0.313475931025259
0.756797809314022,0.219498198825357,-0.529915518916621,-0.313475931039768
0.756797809315672,0.219498198824997,-0.529915518905827,-0.313475931054285
0.756797809317323,0.219498198824637,-0.529915518895027,-0.313475931068808
0.756797809318974,0.219498198824277,-0.529915518884221,-0.313475931083338
0.756797809320627,0.219498198823917,-0.52991551887341,-0.313475931097876
0.75679780932228,0.219498198823557,-0.529915518862595,-0.31347593111242
0.756797809323935,0.219498198823197,-0.529915518851773,-0.313475931126971
0.75679780932559,0.219498198822837,-0.529915518840947,-0.31347593114153
0.756797809327246,0.219498198822476,-0.529915518830114,-0.313475931156095
0.756797809328903,0.219498198822115,-0.529915518819277,-0.313475931170667
0.756797809330561,0.219498198821755,-0.529915518808435,-0.313475931185246
0.756797809332219,0.219498198821394,-0.529915518797587,-0.313475931199832
0.756797809333879,0.219498198821033,-0.529915518786734,-0.313475931214426
0.756797809335539,0.219498198820672,-0.529915518775875,-0.313475931229026
0.7567978093372,0.219498198820311,-0.529915518765011,-0.313475931243632
0.756797809338862,0.21949819881995,-0.529915518754143,-0.313475931258246
0.756797809340525,0.219498198819589,-0.529915518743268,-0.313475931272867
0.756797809342189,0.219498198819227,-0.529915518732389,-0.313475931287495
0.756797809343853,0.219498198818866,-0.529915518721503,-0.31347593130213
0.756797809345519,0.219498198818504,-0.529915518710613,-0.313475931316772
0.756797809347185,0.219498198818143,-0.529915518699718,-0.313475931331421
0.756797809348852,0.219498198817781,-0.529915518688817,-0.313475931346077
0.75679780935052,0.219498198817419,-0.529915518677911,-0.313475931360739
0.756797809352189,0.219498198817057,-0.529915518666999,-0.313475931375409
0.756797809353859,0.219498198816695,-0.529915518656082,-0.313475931390086
0.75679780935553,0.219498198816333,-0.52991551864516,-0.313475931404769
0.756797809357201,0.219498198815971,-0.529915518634233,-0.31347593141946
0.756797809358874,0.219498198815609,-0.5299155186233,-0.313475931434158
0.756797809360547,0.219498198815246,-0.529915518612362,-0.313475931448862
0.756797809362221,0.219498198814883,-0.529915518601419,-0.313475931463574
0.756797809363896,0.219498198814521,-0.52991551859047,-0.313475931478292
0.756797809365572,0.219498198814158,-0.529915518579516,-0.313475931493018
0.756797809367248,0.219498198813795,-0.529915518568557,-0.31347593150775
0.756797809368926,0.219498198813432,-0.529915518557592,-0.313475931522489
0.756797809370604,0.219498198813069,-0.529915518546622,-0.313475931537236
0.756797809372283,0.219498198812706,-0.529915518535647,-0.313475931551989
0.756797809373963,0.219498198812343,-0.529915518524667,-0.313475931566749
0.756797809375644,0.219498198811979,-0.52991551851368,-0.313475931581516
0.756797809377326,0.219498198811616,-0.529915518502689,-0.313475931596291
0.756797809379009,0.219498198811252,-0.529915518491693,-0.313475931611072
0.756797809380693,0.219498198810889,-0.529915518480691,-0.31347593162586
0.756797809382377,0.219498198810525,-0.529915518469684,-0.313475931640655
0.756797809384062,0.219498198810161,-0.529915518458672,-0.313475931655457
0.756797809385748,0.219498198809797,-0.529915518447654,-0.313475931670266
0.756797809387435,0.219498198809433,-0.529915518436631,-0.313475931685082
0.756797809389123,0.219498198809069,-0.529915518425603,-0.313475931699905
0.756797809390812,0.219498198808705,-0.52991551841457,-0.313475931714735
0.756797809392501,0.21949819880834,-0.52991551840353,-0.313475931729572
0.756797809394192,0.219498198807975,-0.529915518392486,-0.313475931744416
0.756797809395883,0.219498198807611,-0.529915518381437,-0.313475931759267
0.756797809397575,0.219498198807246,-0.529915518370382,-0.313475931774124
0.756797809399268,0.219498198806881,-0.529915518359322,-0.313475931788989
0.756797809400962,0.219498198806516,-0.529915518348256,-0.313475931803861
0.756797809402657,0.219498198806151,-0.529915518337186,-0.31347593181874
0.756797809404352,0.219498198805786,-0.52991551832611,-0.313475931833625
0.756797809406049,0.219498198805421,-0.529915518315028,-0.313475931848518
0.756797809407746,0.219498198805056,-0.529915518303941,-0.313475931863417
0.756797809409444,0.21949819880469,-0.52991551829285,-0.313475931878324
0.756797809411143,0.219498198804325,-0.529915518281752,-0.313475931893238
0.756797809412843,0.219498198803959,-0.52991551827065,-0.313475931908158
0.756797809414544,0.219498198803594,-0.529915518259542,-0.313475931923086
0.756797809416246,0.219498198803228,-0.529915518248429,-0.31347593193802
0.756797809417948,0.219498198802862,-0.52991551823731,-0.313475931952961
0.756797809419651,0.219498198802496,-0.529915518226186,-0.31347593196791
0.756797809421356,0.21949819880213,-0.529915518215057,-0.313475931982865
0.756797809423061,0.219498198801764,-0.529915518203923,-0.313475931997827
0.756797809424766,0.219498198801397,-0.529915518192783,-0.313475932012797
0.756797809426473,0.219498198801031,-0.529915518181638,-0.313475932027773
0.756797809428181,0.219498198800664,-0.529915518170487,-0.313475932042756
0.756797809429889,0.219498198800298,-0.529915518159332,-0.313475932057746
0.756797809431599,0.219498198799931,-0.529915518148171,-0.313475932072743
0.756797809433309,0.219498198799564,-0.529915518137005,-0.313475932087747
0.75679780943502,0.219498198799197,-0.529915518125833,-0.313475932102758
0.756797809436732,0.21949819879883,-0.529915518114656,-0.313475932117776
0.756797809438445,0.219498198798463,-0.529915518103474,-0.313475932132801
0.756797809440158,0.219498198798096,-0.529915518092286,-0.313475932147833
0.756797809441873,0.219498198797728,-0.529915518081093,-0.313475932162872
0.756797809443588,0.219498198797361,-0.529915518069895,-0.313475932177918
0.756797809445305,0.219498198796993,-0.529915518058692,-0.313475932192971
0.756797809447022,0.219498198796626,-0.529915518047483,-0.313475932208031
0.75679780944874,0.219498198796258,-0.529915518036269,-0.313475932223098
0.756797809450458,0.21949819879589,-0.52991551802505,-0.313475932238171
0.756797809452178,0.219498198795522,-0.529915518013825,-0.313475932253252
0.756797809453899,0.219498198795154,-0.529915518002595,-0.31347593226834
0.75679780945562,0.219498198794786,-0.52991551799136,-0.313475932283434
0.756797809457342,0.219498198794418,-0.529915517980119,-0.313475932298536
0.756797809459065,0.219498198794049,-0.529915517968873,-0.313475932313644
0.756797809460789,0.219498198793681,-0.529915517957622,-0.31347593232876
0.756797809462514,0.219498198793312,-0.529915517946366,-0.313475932343883
0.75679780946424,0.219498198792944,-0.529915517935104,-0.313475932359012
0.756797809465967,0.219498198792575,-0.529915517923837,-0.313475932374149
0.756797809467694,0.219498198792206,-0.529915517912564,-0.313475932389292
0.756797809469422,0.219498198791837,-0.529915517901287,-0.313475932404442
0.756797809471151,0.219498198791468,-0.529915517890004,-0.313475932419599
0.756797809472881,0.219498198791099,-0.529915517878715,-0.313475932434764
0.756797809474613,0.219498198790729,-0.529915517867421,-0.313475932449935
0.756797809476344,0.21949819879036,-0.529915517856123,-0.313475932465113
0.756797809478077,0.21949819878999,-0.529915517844818,-0.313475932480298
0.75679780947981,0.219498198789621,-0.529915517833509,-0.31347593249549
0.756797809481545,0.219498198789251,-0.529915517822194,-0.31347593251069
0.75679780948328,0.219498198788881,-0.529915517810873,-0.313475932525896
0.756797809485016,0.219498198788511,-0.529915517799548,-0.313475932541109
0.756797809486753,0.219498198788141,-0.529915517788217,-0.313475932556329
0.756797809488491,0.219498198787771,-0.529915517776881,-0.313475932571556
0.756797809490229,0.219498198787401,-0.52991551776554,-0.31347593258679
0.756797809491969,0.219498198787031,-0.529915517754193,-0.313475932602031
0.756797809493709,0.21949819878666,-0.529915517742841,-0.313475932617278
0.75679780949545,0.21949819878629,-0.529915517731484,-0.313475932632533
0.756797809497192,0.219498198785919,-0.529915517720121,-0.313475932647795
0.756797809498935,0.219498198785549,-0.529915517708753,-0.313475932663064
0.756797809500679,0.219498198785178,-0.52991551769738,-0.31347593267834
0.756797809502423,0.219498198784807,-0.529915517686001,-0.313475932693622
0.756797809504169,0.219498198784436,-0.529915517674617,-0.313475932708912
0.756797809505915,0.219498198784065,-0.529915517663228,-0.313475932724208
0.756797809507663,0.219498198783694,-0.529915517651833,-0.313475932739512
0.756797809509411,0.219498198783322,-0.529915517640434,-0.313475932754823
0.75679780951116,0.219498198782951,-0.529915517629029,-0.31347593277014
0.756797809512909,0.219498198782579,-0.529915517617618,-0.313475932785465
0.75679780951466,0.219498198782208,-0.529915517606202,-0.313475932800796
0.756797809516412,0.219498198781836,-0.529915517594782,-0.313475932816135
0.756797809518164,0.219498198781464,-0.529915517583355,-0.31347593283148
0.756797809519917,0.219498198781092,-0.529915517571923,-0.313475932846832
0.756797809521671,0.21949819878072,-0.529915517560487,-0.313475932862192
0.756797809523426,0.219498198780348,-0.529915517549044,-0.313475932877558
0.756797809525182,0.219498198779976,-0.529915517537597,-0.313475932892931
0.756797809526939,0.219498198779603,-0.529915517526144,-0.313475932908311
0.756797809528696,0.219498198779231,-0.529915517514686,-0.313475932923699
0.756797809530455,0.219498198778858,-0.529915517503222,-0.313475932939093
0.756797809532214,0.219498198778486,-0.529915517491753,-0.313475932954494
0.756797809533974,0.219498198778113,-0.529915517480279,-0.313475932969902
0.756797809535735,0.21949819877774,-0.5299155174688,-0.313475932985317
0.756797809537497,0.219498198777367,-0.529915517457315,-0.313475933000739
0.75679780953926,0.219498198776994,-0.529915517445825,-0.313475933016168
0.756797809541023,0.219498198776621,-0.52991551743433,-0.313475933031604
0.756797809542788,0.219498198776247,-0.529915517422829,-0.313475933047047
0.756797809544553,0.219498198775874,-0.529915517411323,-0.313475933062497
0.756797809546319,0.2194981987755,-0.529915517399812,-0.313475933077954
0.756797809548086,0.219498198775127,-0.529915517388295,-0.313475933093417
0.756797809549854,0.219498198774753,-0.529915517376773,-0.313475933108888
0.756797809551623,0.219498198774379,-0.529915517365246,-0.313475933124366
0.756797809553393,0.219498198774005,-0.529915517353714,-0.31347593313985
0.756797809555163,0.219498198773631,-0.529915517342176,-0.313475933155342
0.756797809556935,0.219498198773257,-0.529915517330633,-0.313475933170841
0.756797809558707,0.219498198772883,-0.529915517319084,-0.313475933186346
0.75679780956048,0.219498198772509,-0.529915517307531,-0.313475933201859
0.756797809562254,0.219498198772134,-0.529915517295972,-0.313475933217379
0.756797809564029,0.219498198771759,-0.529915517284407,-0.313475933232905
0.756797809565804,0.219498198771385,-0.529915517272837,-0.313475933248438
0.756797809567581,0.21949819877101,-0.529915517261263,-0.313475933263979
0.756797809569358,0.219498198770635,-0.529915517249682,-0.313475933279526
0.756797809571136,0.21949819877026,-0.529915517238097,-0.313475933295081
0.756797809572915,0.219498198769885,-0.529915517226506,-0.313475933310642
0.756797809574695,0.21949819876951,-0.52991551721491,-0.31347593332621
0.756797809576476,0.219498198769135,-0.529915517203309,-0.313475933341786
0.756797809578258,0.219498198768759,-0.529915517191702,-0.313475933357368
0.75679780958004,0.219498198768384,-0.529915517180089,-0.313475933372957
0.756797809581824,0.219498198768008,-0.529915517168472,-0.313475933388553
0.756797809583608,0.219498198767633,-0.529915517156849,-0.313475933404156
0.756797809585393,0.219498198767257,-0.529915517145221,-0.313475933419766
0.756797809587179,0.219498198766881,-0.529915517133588,-0.313475933435383
0.756797809588966,0.219498198766505,-0.529915517121949,-0.313475933451007
0.756797809590754,0.219498198766129,-0.529915517110305,-0.313475933466638
0.756797809592542,0.219498198765753,-0.529915517098656,-0.313475933482276
0.756797809594332,0.219498198765376,-0.529915517087001,-0.313475933497921
0.756797809596122,0.219498198765,-0.529915517075341,-0.313475933513573
0.756797809597913,0.219498198764623,-0.529915517063676,-0.313475933529232
0.756797809599705,0.219498198764247,-0.529915517052006,-0.313475933544897
0.756797809601498,0.21949819876387,-0.52991551704033,-0.31347593356057
0.756797809603292,0.219498198763493,-0.529915517028649,-0.31347593357625
0.756797809605086,0.219498198763116,-0.529915517016963,-0.313475933591937
0.756797809606882,0.219498198762739,-0.529915517005271,-0.31347593360763
0.756797809608678,0.219498198762362,-0.529915516993574,-0.313475933623331
0.756797809610475,0.219498198761985,-0.529915516981871,-0.313475933639038
0.756797809612273,0.219498198761608,-0.529915516970164,-0.313475933654753
0.756797809614072,0.21949819876123,-0.529915516958451,-0.313475933670475
0.756797809615872,0.219498198760852,-0.529915516946733,-0.313475933686203
0.756797809617673,0.219498198760475,-0.529915516935009,-0.313475933701938
0.756797809619474,0.219498198760097,-0.52991551692328,-0.313475933717681
0.756797809621276,0.219498198759719,-0.529915516911546,-0.31347593373343
0.75679780962308,0.219498198759341,-0.529915516899807,-0.313475933749187
0.756797809624884,0.219498198758963,-0.529915516888062,-0.31347593376495
0.756797809626689,0.219498198758585,-0.529915516876312,-0.31347593378072
0.756797809628494,0.219498198758207,-0.529915516864557,-0.313475933796497
0.756797809630301,0.219498198757828,-0.529915516852796,-0.313475933812281
0.756797809632109,0.21949819875745,-0.52991551684103,-0.313475933828073
0.756797809633917,0.219498198757071,-0.529915516829258,-0.313475933843871
0.756797809635726,0.219498198756693,-0.529915516817482,-0.313475933859676
0.756797809637536,0.219498198756314,-0.5299155168057,-0.313475933875488
0.756797809639347,0.219498198755935,-0.529915516793913,-0.313475933891307
0.756797809641159,0.219498198755556,-0.52991551678212,-0.313475933907133
0.756797809642972,0.219498198755177,-0.529915516770322,-0.313475933922966
0.756797809644785,0.219498198754797,-0.529915516758519,-0.313475933938806
0.7567978096466,0.219498198754418,-0.529915516746711,-0.313475933954652
0.756797809648415,0.219498198754039,-0.529915516734897,-0.313475933970506
0.756797809650231,0.219498198753659,-0.529915516723078,-0.313475933986367
0.756797809652048,0.219498198753279,-0.529915516711254,-0.313475934002235
0.756797809653866,0.2194981987529,-0.529915516699424,-0.31347593401811
0.756797809655685,0.21949819875252,-0.529915516687589,-0.313475934033991
0.756797809657504,0.21949819875214,-0.529915516675749,-0.31347593404988
0.756797809659325,0.21949819875176,-0.529915516663903,-0.313475934065776
0.756797809661146,0.21949819875138,-0.529915516652052,-0.313475934081678
0.756797809662968,0.219498198750999,-0.529915516640196,-0.313475934097588
0.756797809664791,0.219498198750619,-0.529915516628334,-0.313475934113504
0.756797809666615,0.219498198750239,-0.529915516616468,-0.313475934129428
0.75679780966844,0.219498198749858,-0.529915516604595,-0.313475934145358
0.756797809670265,0.219498198749477,-0.529915516592718,-0.313475934161296
0.756797809672092,0.219498198749096,-0.529915516580835,-0.31347593417724
0.756797809673919,0.219498198748716,-0.529915516568947,-0.313475934193191
0.756797809675747,0.219498198748334,-0.529915516557053,-0.31347593420915
0.756797809677576,0.219498198747953,-0.529915516545155,-0.313475934225115
0.756797809679406,0.219498198747572,-0.529915516533251,-0.313475934241087
0.756797809681237,0.219498198747191,-0.529915516521342,-0.313475934257066
0.756797809683069,0.21949819874681,-0.529915516509427,-0.313475934273053
0.756797809684901,0.219498198746428,-0.529915516497507,-0.313475934289046
0.756797809686734,0.219498198746046,-0.529915516485582,-0.313475934305046
0.756797809688569,0.219498198745664,-0.529915516473651,-0.313475934321053
0.756797809690404,0.219498198745283,-0.529915516461715,-0.313475934337067
0.75679780969224,0.219498198744901,-0.529915516449775,-0.313475934353088
0.756797809694077,0.219498198744519,-0.529915516437828,-0.313475934369116
0.756797809695914,0.219498198744136,-0.529915516425876,-0.313475934385151
0.756797809697753,0.219498198743754,-0.529915516413919,-0.313475934401193
0.756797809699592,0.219498198743372,-0.529915516401957,-0.313475934417241
0.756797809701432,0.219498198742989,-0.529915516389989,-0.313475934433297
0.756797809703274,0.219498198742607,-0.529915516378016,-0.31347593444936
0.756797809705115,0.219498198742224,-0.529915516366038,-0.31347593446543
0.756797809706958,0.219498198741841,-0.529915516354055,-0.313475934481507
0.756797809708802,0.219498198741458,-0.529915516342065,-0.31347593449759
0.756797809710647,0.219498198741075,-0.529915516330071,-0.313475934513681
0.756797809712492,0.219498198740692,-0.529915516318072,-0.313475934529778
0.756797809714338,0.219498198740309,-0.529915516306067,-0.313475934545883
0.756797809716185,0.219498198739926,-0.529915516294057,-0.313475934561994
0.756797809718033,0.219498198739542,-0.529915516282041,-0.313475934578113
0.756797809719882,0.219498198739159,-0.52991551627002,-0.313475934594238
0.756797809721732,0.219498198738775,-0.529915516257994,-0.313475934610371
0.756797809723583,0.219498198738391,-0.529915516245963,-0.31347593462651
0.756797809725434,0.219498198738007,-0.529915516233927,-0.313475934642657
0.756797809727286,0.219498198737623,-0.529915516221885,-0.31347593465881
0.75679780972914,0.219498198737239,-0.529915516209837,-0.31347593467497
0.756797809730994,0.219498198736855,-0.529915516197785,-0.313475934691137
0.756797809732849,0.219498198736471,-0.529915516185727,-0.313475934707311
0.756797809734704,0.219498198736087,-0.529915516173664,-0.313475934723493
0.756797809736561,0.219498198735702,-0.529915516161595,-0.313475934739681
0.756797809738418,0.219498198735318,-0.529915516149521,-0.313475934755876
0.756797809740277,0.219498198734933,-0.529915516137442,-0.313475934772078
0.756797809742136,0.219498198734548,-0.529915516125358,-0.313475934788287
0.756797809743996,0.219498198734163,-0.529915516113268,-0.313475934804503
0.756797809745857,0.219498198733778,-0.529915516101173,-0.313475934820726
0.756797809747719,0.219498198733393,-0.529915516089073,-0.313475934836956
0.756797809749581,0.219498198733008,-0.529915516076967,-0.313475934853193
0.756797809751445,0.219498198732623,-0.529915516064856,-0.313475934869436
0.756797809753309,0.219498198732237,-0.52991551605274,-0.313475934885687
0.756797809755174,0.219498198731852,-0.529915516040618,-0.313475934901945
0.756797809757041,0.219498198731466,-0.529915516028491,-0.31347593491821
0.756797809758908,0.21949819873108,-0.529915516016359,-0.313475934934481
0.756797809760775,0.219498198730695,-0.529915516004222,-0.31347593495076
0.756797809762644,0.219498198730309,-0.529915515992079,-0.313475934967046
0.756797809764513,0.219498198729922,-0.529915515979931,-0.313475934983338
0.756797809766384,0.219498198729537,-0.529915515967778,-0.313475934999638
0.756797809768255,0.21949819872915,-0.529915515955618,-0.313475935015944
0.756797809770127,0.219498198728764,-0.529915515943455,-0.313475935032258
0.756797809772001,0.219498198728377,-0.529915515931286,-0.313475935048578
0.756797809773874,0.219498198727991,-0.529915515919111,-0.313475935064906
0.756797809775749,0.219498198727604,-0.529915515906931,-0.31347593508124
0.756797809777625,0.219498198727217,-0.529915515894746,-0.313475935097581
0.756797809779501,0.21949819872683,-0.529915515882555,-0.313475935113929
0.756797809781378,0.219498198726443,-0.529915515870359,-0.313475935130285
0.756797809783256,0.219498198726056,-0.529915515858158,-0.313475935146647
0.756797809785136,0.219498198725669,-0.529915515845952,-0.313475935163016
0.756797809787015,0.219498198725282,-0.52991551583374,-0.313475935179392
0.756797809788896,0.219498198724894,-0.529915515821523,-0.313475935195775
0.756797809790778,0.219498198724507,-0.529915515809301,-0.313475935212166
0.75679780979266,0.219498198724119,-0.529915515797073,-0.313475935228563
0.756797809794544,0.219498198723731,-0.52991551578484,-0.313475935244966
0.756797809796428,0.219498198723343,-0.529915515772601,-0.313475935261378
0.756797809798313,0.219498198722955,-0.529915515760358,-0.313475935277795
0.756797809800199,0.219498198722568,-0.529915515748109,-0.31347593529422
0.756797809802086,0.219498198722179,-0.529915515735854,-0.313475935310652
0.756797809803973,0.219498198721791,-0.529915515723595,-0.313475935327091
0.756797809805862,0.219498198721402,-0.52991551571133,-0.313475935343537
0.756797809807751,0.219498198721014,-0.52991551569906,-0.31347593535999
0.756797809809641,0.219498198720625,-0.529915515686785,-0.313475935376449
0.756797809811532,0.219498198720237,-0.529915515674504,-0.313475935392916
0.756797809813424,0.219498198719848,-0.529915515662218,-0.31347593540939
0.756797809815317,0.219498198719459,-0.529915515649926,-0.31347593542587
0.756797809817211,0.21949819871907,-0.52991551563763,-0.313475935442358
0.756797809819105,0.219498198718681,-0.529915515625328,-0.313475935458852
0.756797809821001,0.219498198718292,-0.529915515613021,-0.313475935475354
0.756797809822897,0.219498198717902,-0.529915515600708,-0.313475935491862
0.756797809824794,0.219498198717513,-0.52991551558839,-0.313475935508378
0.756797809826692,0.219498198717123,-0.529915515576066,-0.3134759355249
0.756797809828591,0.219498198716733,-0.529915515563738,-0.313475935541429
0.756797809830491,0.219498198716344,-0.529915515551404,-0.313475935557966
0.756797809832392,0.219498198715954,-0.529915515539065,-0.313475935574509
0.756797809834293,0.219498198715564,-0.529915515526721,-0.313475935591059
0.756797809836195,0.219498198715174,-0.529915515514371,-0.313475935607616
0.756797809838098,0.219498198714784,-0.529915515502016,-0.313475935624181
0.756797809840003,0.219498198714393,-0.529915515489656,-0.313475935640752
0.756797809841907,0.219498198714003,-0.52991551547729,-0.31347593565733
0.756797809843813,0.219498198713612,-0.529915515464919,-0.313475935673915
0.75679780984572,0.219498198713222,-0.529915515452543,-0.313475935690507
0.756797809847627,0.219498198712831,-0.529915515440161,-0.313475935707106
0.756797809849536,0.21949819871244,-0.529915515427774,-0.313475935723712
0.756797809851445,0.219498198712049,-0.529915515415382,-0.313475935740325
0.756797809853355,0.219498198711658,-0.529915515402985,-0.313475935756945
0.756797809855266,0.219498198711267,-0.529915515390582,-0.313475935773572
0.756797809857177,0.219498198710876,-0.529915515378173,-0.313475935790205
0.75679780985909,0.219498198710484,-0.52991551536576,-0.313475935806846
0.756797809861004,0.219498198710093,-0.529915515353341,-0.313475935823494
0.756797809862918,0.219498198709701,-0.529915515340917,-0.313475935840149
0.756797809864833,0.219498198709309,-0.529915515328488,-0.31347593585681
0.756797809866749,0.219498198708918,-0.529915515316053,-0.313475935873479
0.756797809868667,0.219498198708526,-0.529915515303613,-0.313475935890154
0.756797809870584,0.219498198708134,-0.529915515291168,-0.313475935906837
0.756797809872503,0.219498198707742,-0.529915515278718,-0.313475935923527
0.756797809874423,0.219498198707349,-0.529915515266262,-0.313475935940223
0.756797809876343,0.219498198706957,-0.529915515253801,-0.313475935956926
0.756797809878264,0.219498198706565,-0.529915515241334,-0.313475935973637
0.756797809880186,0.219498198706172,-0.529915515228862,-0.313475935990354
0.756797809882109,0.21949819870578,-0.529915515216385,-0.313475936007079
0.756797809884033,0.219498198705387,-0.529915515203902,-0.31347593602381
0.756797809885958,0.219498198704994,-0.529915515191415,-0.313475936040548
0.756797809887884,0.219498198704601,-0.529915515178922,-0.313475936057293
0.75679780988981,0.219498198704208,-0.529915515166424,-0.313475936074045
0.756797809891737,0.219498198703815,-0.52991551515392,-0.313475936090805
0.756797809893666,0.219498198703421,-0.529915515141411,-0.313475936107571
0.756797809895594,0.219498198703028,-0.529915515128897,-0.313475936124344
0.756797809897524,0.219498198702635,-0.529915515116378,-0.313475936141124
0.756797809899455,0.219498198702241,-0.529915515103852,-0.313475936157911
0.756797809901387,0.219498198701847,-0.529915515091322,-0.313475936174704
0.756797809903319,0.219498198701453,-0.529915515078787,-0.313475936191506
0.756797809905253,0.219498198701059,-0.529915515066246,-0.313475936208313
0.756797809907187,0.219498198700665,-0.5299155150537,-0.313475936225128
0.756797809909122,0.219498198700271,-0.529915515041148,-0.31347593624195
0.756797809911058,0.219498198699877,-0.529915515028592,-0.313475936258779
0.756797809912995,0.219498198699483,-0.52991551501603,-0.313475936275615
0.756797809914932,0.219498198699088,-0.529915515003463,-0.313475936292458
0.756797809916871,0.219498198698693,-0.52991551499089,-0.313475936309307
0.75679780991881,0.219498198698299,-0.529915514978312,-0.313475936326164
0.756797809920751,0.219498198697904,-0.529915514965729,-0.313475936343027
0.756797809922692,0.219498198697509,-0.52991551495314,-0.313475936359898
0.756797809924634,0.219498198697114,-0.529915514940546,-0.313475936376776
0.756797809926576,0.219498198696719,-0.529915514927947,-0.31347593639366
0.75679780992852,0.219498198696324,-0.529915514915343,-0.313475936410551
0.756797809930465,0.219498198695928,-0.529915514902733,-0.31347593642745
0.75679780993241,0.219498198695533,-0.529915514890118,-0.313475936444355
0.756797809934356,0.219498198695137,-0.529915514877498,-0.313475936461267
0.756797809936304,0.219498198694741,-0.529915514864872,-0.313475936478187
0.756797809938252,0.219498198694346,-0.529915514852241,-0.313475936495113
0.756797809940201,0.21949819869395,-0.529915514839604,-0.313475936512046
0.75679780994215,0.219498198693554,-0.529915514826963,-0.313475936528986
0.756797809944101,0.219498198693158,-0.529915514814316,-0.313475936545933
0.756797809946052,0.219498198692762,-0.529915514801664,-0.313475936562888
0.756797809948004,0.219498198692365,-0.529915514789007,-0.313475936579849
0.756797809949958,0.219498198691969,-0.529915514776343,-0.313475936596817
0.756797809951912,0.219498198691572,-0.529915514763675,-0.313475936613792
0.756797809953867,0.219498198691176,-0.529915514751002,-0.313475936630774
0.756797809955822,0.219498198690779,-0.529915514738323,-0.313475936647763
0.756797809957779,0.219498198690382,-0.529915514725639,-0.313475936664759
0.756797809959737,0.219498198689985,-0.52991551471295,-0.313475936681761
0.756797809961695,0.219498198689588,-0.529915514700255,-0.313475936698771
0.756797809963654,0.219498198689191,-0.529915514687555,-0.313475936715788
0.756797809965614,0.219498198688794,-0.52991551467485,-0.313475936732812
0.756797809967575,0.219498198688397,-0.529915514662139,-0.313475936749843
0.756797809969537,0.219498198687999,-0.529915514649423,-0.31347593676688
0.7567978099715,0.219498198687601,-0.529915514636702,-0.313475936783925
0.756797809973463,0.219498198687204,-0.529915514623976,-0.313475936800977
0.756797809975428,0.219498198686806,-0.529915514611244,-0.313475936818035
0.756797809977393,0.219498198686408,-0.529915514598507,-0.3134759368351
0.756797809979359,0.21949819868601,-0.529915514585764,-0.313475936852173
0.756797809981326,0.219498198685612,-0.529915514573017,-0.313475936869252
0.756797809983294,0.219498198685213,-0.529915514560264,-0.313475936886339
0.756797809985263,0.219498198684815,-0.529915514547505,-0.313475936903432
0.756797809987232,0.219498198684416,-0.529915514534742,-0.313475936920532
0.756797809989203,0.219498198684018,-0.529915514521973,-0.31347593693764
0.756797809991174,0.219498198683619,-0.529915514509198,-0.313475936954754
0.756797809993146,0.21949819868322,-0.529915514496419,-0.313475936971875
0.756797809995119,0.219498198682821,-0.529915514483634,-0.313475936989003
0.756797809997093,0.219498198682422,-0.529915514470844,-0.313475937006139
0.756797809999068,0.219498198682023,-0.529915514458048,-0.313475937023281
0.756797810001043,0.219498198681624,-0.529915514445248,-0.31347593704043
0.75679781000302,0.219498198681225,-0.529915514432441,-0.313475937057586
0.756797810004997,0.219498198680825,-0.52991551441963,-0.313475937074749
0.756797810006975,0.219498198680426,-0.529915514406813,-0.313475937091919
0.756797810008955,0.219498198680026,-0.529915514393991,-0.313475937109096
0.756797810010934,0.219498198679627,-0.529915514381164,-0.31347593712628
0.756797810012915,0.219498198679226,-0.529915514368331,-0.31347593714347
0.756797810014897,0.219498198678827,-0.529915514355494,-0.313475937160668
0.756797810016879,0.219498198678427,-0.52991551434265,-0.313475937177873
0.756797810018863,0.219498198678026,-0.529915514329802,-0.313475937195085
0.756797810020847,0.219498198677626,-0.529915514316948,-0.313475937212303
0.756797810022832,0.219498198677226,-0.529915514304089,-0.313475937229529
0.756797810024818,0.219498198676825,-0.529915514291224,-0.313475937246762
0.756797810026805,0.219498198676424,-0.529915514278354,-0.313475937264001
0.756797810028793,0.219498198676024,-0.52991551426548,-0.313475937281248
0.756797810030781,0.219498198675623,-0.529915514252599,-0.313475937298501
0.756797810032771,0.219498198675222,-0.529915514239713,-0.313475937315762
0.756797810034761,0.219498198674821,-0.529915514226822,-0.313475937333029
0.756797810036752,0.21949819867442,-0.529915514213926,-0.313475937350304
0.756797810038744,0.219498198674018,-0.529915514201024,-0.313475937367585
0.756797810040737,0.219498198673617,-0.529915514188118,-0.313475937384873
0.756797810042731,0.219498198673215,-0.529915514175205,-0.313475937402169
0.756797810044725,0.219498198672814,-0.529915514162288,-0.313475937419471
0.756797810046721,0.219498198672412,-0.529915514149365,-0.31347593743678
0.756797810048717,0.21949819867201,-0.529915514136437,-0.313475937454096
0.756797810050714,0.219498198671608,-0.529915514123503,-0.313475937471419
0.756797810052712,0.219498198671206,-0.529915514110565,-0.31347593748875
0.756797810054711,0.219498198670804,-0.529915514097621,-0.313475937506087
0.756797810056711,0.219498198670402,-0.529915514084671,-0.313475937523431
0.756797810058711,0.219498198669999,-0.529915514071717,-0.313475937540782
0.756797810060713,0.219498198669597,-0.529915514058756,-0.313475937558139
0.756797810062716,0.219498198669194,-0.529915514045791,-0.313475937575504
0.756797810064719,0.219498198668792,-0.529915514032821,-0.313475937592876
0.756797810066723,0.219498198668389,-0.529915514019845,-0.313475937610255
0.756797810068728,0.219498198667986,-0.529915514006864,-0.313475937627641
0.756797810070734,0.219498198667583,-0.529915513993877,-0.313475937645034
0.75679781007274,0.21949819866718,-0.529915513980885,-0.313475937662433
0.756797810074748,0.219498198666777,-0.529915513967889,-0.31347593767984
0.756797810076756,0.219498198666373,-0.529915513954886,-0.313475937697254
0.756797810078766,0.21949819866597,-0.529915513941878,-0.313475937714675
0.756797810080776,0.219498198665566,-0.529915513928865,-0.313475937732102
0.756797810082787,0.219498198665162,-0.529915513915847,-0.313475937749537
0.756797810084798,0.219498198664759,-0.529915513902823,-0.313475937766978
0.756797810086811,0.219498198664355,-0.529915513889794,-0.313475937784427
0.756797810088825,0.219498198663951,-0.52991551387676,-0.313475937801882
0.756797810090839,0.219498198663546,-0.52991551386372,-0.313475937819345
0.756797810092855,0.219498198663142,-0.529915513850676,-0.313475937836814
0.756797810094871,0.219498198662738,-0.529915513837625,-0.31347593785429
0.756797810096888,0.219498198662333,-0.52991551382457,-0.313475937871773
0.756797810098906,0.219498198661929,-0.529915513811509,-0.313475937889263
0.756797810100924,0.219498198661524,-0.529915513798443,-0.313475937906761
0.756797810102944,0.219498198661119,-0.529915513785371,-0.313475937924265
0.756797810104964,0.219498198660715,-0.529915513772295,-0.313475937941776
0.756797810106986,0.21949819866031,-0.529915513759213,-0.313475937959294
0.756797810109008,0.219498198659905,-0.529915513746126,-0.313475937976819
0.756797810111031,0.219498198659499,-0.529915513733033,-0.313475937994351
0.756797810113055,0.219498198659094,-0.529915513719935,-0.31347593801189
0.75679781011508,0.219498198658689,-0.529915513706832,-0.313475938029436
0.756797810117105,0.219498198658283,-0.529915513693723,-0.313475938046989
0.756797810119132,0.219498198657877,-0.52991551368061,-0.313475938064549
0.75679781012116,0.219498198657472,-0.52991551366749,-0.313475938082116
0.756797810123188,0.219498198657066,-0.529915513654366,-0.31347593809969
0.756797810125217,0.21949819865666,-0.529915513641236,-0.31347593811727
0.756797810127247,0.219498198656253,-0.529915513628101,-0.313475938134858
0.756797810129278,0.219498198655847,-0.52991551361496,-0.313475938152453
0.756797810131309,0.219498198655441,-0.529915513601815,-0.313475938170054
0.756797810133342,0.219498198655035,-0.529915513588664,-0.313475938187663
0.756797810135375,0.219498198654628,-0.529915513575508,-0.313475938205279
0.75679781013741,0.219498198654221,-0.529915513562347,-0.313475938222901
0.756797810139445,0.219498198653815,-0.529915513549179,-0.31347593824053
0.756797810141481,0.219498198653408,-0.529915513536007,-0.313475938258167
0.756797810143518,0.219498198653001,-0.52991551352283,-0.31347593827581
0.756797810145555,0.219498198652594,-0.529915513509647,-0.313475938293461
0.756797810147594,0.219498198652187,-0.529915513496459,-0.313475938311118
0.756797810149634,0.21949819865178,-0.529915513483265,-0.313475938328782
0.756797810151674,0.219498198651372,-0.529915513470067,-0.313475938346454
0.756797810153715,0.219498198650965,-0.529915513456862,-0.313475938364132
0.756797810155757,0.219498198650557,-0.529915513443653,-0.313475938381817
0.7567978101578,0.219498198650149,-0.529915513430438,-0.313475938399509
0.756797810159844,0.219498198649741,-0.529915513417219,-0.313475938417208
0.756797810161889,0.219498198649333,-0.529915513403993,-0.313475938434914
0.756797810163934,0.219498198648925,-0.529915513390762,-0.313475938452627
0.756797810165981,0.219498198648517,-0.529915513377527,-0.313475938470347
0.756797810168028,0.219498198648109,-0.529915513364286,-0.313475938488074
0.756797810170076,0.2194981986477,-0.529915513351039,-0.313475938505808
0.756797810172125,0.219498198647292,-0.529915513337787,-0.313475938523549
0.756797810174175,0.219498198646883,-0.52991551332453,-0.313475938541297
0.756797810176225,0.219498198646475,-0.529915513311268,-0.313475938559052
0.756797810178277,0.219498198646066,-0.529915513298,-0.313475938576813
0.756797810180329,0.219498198645657,-0.529915513284727,-0.313475938594582
0.756797810182383,0.219498198645248,-0.529915513271449,-0.313475938612358
0.756797810184437,0.219498198644839,-0.529915513258165,-0.313475938630141
0.756797810186492,0.219498198644429,-0.529915513244876,-0.31347593864793
0.756797810188548,0.21949819864402,-0.529915513231582,-0.313475938665727
0.756797810190604,0.21949819864361,-0.529915513218283,-0.31347593868353
0.756797810192662,0.219498198643201,-0.529915513204977,-0.313475938701341
0.75679781019472,0.219498198642791,-0.529915513191668,-0.313475938719158
0.75679781019678,0.219498198642381,-0.529915513178352,-0.313475938736983
0.75679781019884,0.219498198641971,-0.529915513165031,-0.313475938754814
0.756797810200901,0.219498198641561,-0.529915513151705,-0.313475938772652
0.756797810202963,0.219498198641151,-0.529915513138374,-0.313475938790498
0.756797810205026,0.219498198640741,-0.529915513125037,-0.31347593880835
0.75679781020709,0.21949819864033,-0.529915513111695,-0.313475938826209
0.756797810209154,0.21949819863992,-0.529915513098348,-0.313475938844075
0.756797810211219,0.219498198639509,-0.529915513084995,-0.313475938861948
0.756797810213286,0.219498198639099,-0.529915513071637,-0.313475938879828
0.756797810215353,0.219498198638688,-0.529915513058274,-0.313475938897716
0.756797810217421,0.219498198638277,-0.529915513044905,-0.31347593891561
0.756797810219489,0.219498198637866,-0.529915513031532,-0.313475938933511
0.756797810221559,0.219498198637455,-0.529915513018152,-0.313475938951419
0.75679781022363,0.219498198637044,-0.529915513004768,-0.313475938969333
0.756797810225701,0.219498198636632,-0.529915512991378,-0.313475938987255
0.756797810227773,0.219498198636221,-0.529915512977983,-0.313475939005184
0.756797810229847,0.219498198635809,-0.529915512964583,-0.31347593902312
0.756797810231921,0.219498198635397,-0.529915512951177,-0.313475939041063
0.756797810233996,0.219498198634985,-0.529915512937766,-0.313475939059012
0.756797810236071,0.219498198634573,-0.52991551292435,-0.313475939076969
0.756797810238148,0.219498198634162,-0.529915512910929,-0.313475939094933
0.756797810240225,0.219498198633749,-0.529915512897501,-0.313475939112903
0.756797810242304,0.219498198633337,-0.529915512884069,-0.313475939130881
0.756797810244383,0.219498198632925,-0.529915512870632,-0.313475939148866
0.756797810246463,0.219498198632512,-0.529915512857189,-0.313475939166857
0.756797810248544,0.2194981986321,-0.529915512843741,-0.313475939184856
0.756797810250626,0.219498198631687,-0.529915512830288,-0.313475939202861
0.756797810252708,0.219498198631274,-0.529915512816829,-0.313475939220873
0.756797810254792,0.219498198630861,-0.529915512803365,-0.313475939238893
0.756797810256876,0.219498198630448,-0.529915512789896,-0.313475939256919
0.756797810258961,0.219498198630035,-0.529915512776421,-0.313475939274952
0.756797810261048,0.219498198629622,-0.529915512762941,-0.313475939292993
0.756797810263135,0.219498198629208,-0.529915512749456,-0.31347593931104
0.756797810265222,0.219498198628795,-0.529915512735965,-0.313475939329094
0.756797810267311,0.219498198628381,-0.529915512722469,-0.313475939347155
0.756797810269401,0.219498198627968,-0.529915512708968,-0.313475939365223
0.756797810271491,0.219498198627554,-0.529915512695462,-0.313475939383298
0.756797810273582,0.21949819862714,-0.52991551268195,-0.31347593940138
0.756797810275674,0.219498198626726,-0.529915512668433,-0.313475939419469
0.756797810277767,0.219498198626312,-0.529915512654911,-0.313475939437565
0.756797810279861,0.219498198625897,-0.529915512641383,-0.313475939455668
0.756797810281956,0.219498198625483,-0.52991551262785,-0.313475939473778
0.756797810284052,0.219498198625069,-0.529915512614312,-0.313475939491895
0.756797810286148,0.219498198624654,-0.529915512600768,-0.313475939510018
0.756797810288245,0.219498198624239,-0.529915512587219,-0.313475939528149
0.756797810290344,0.219498198623824,-0.529915512573665,-0.313475939546286
0.756797810292443,0.219498198623409,-0.529915512560105,-0.313475939564431
0.756797810294543,0.219498198622994,-0.529915512546541,-0.313475939582583
0.756797810296643,0.219498198622579,-0.52991551253297,-0.313475939600741
0.756797810298745,0.219498198622164,-0.529915512519395,-0.313475939618907
0.756797810300848,0.219498198621749,-0.529915512505814,-0.313475939637079
0.756797810302951,0.219498198621333,-0.529915512492228,-0.313475939655259
0.756797810305055,0.219498198620918,-0.529915512478637,-0.313475939673445
0.75679781030716,0.219498198620502,-0.52991551246504,-0.313475939691639
0.756797810309266,0.219498198620086,-0.529915512451438,-0.313475939709839
0.756797810311373,0.21949819861967,-0.529915512437831,-0.313475939728046
0.756797810313481,0.219498198619254,-0.529915512424218,-0.313475939746261
0.756797810315589,0.219498198618838,-0.5299155124106,-0.313475939764482
0.756797810317699,0.219498198618422,-0.529915512396977,-0.31347593978271
0.756797810319809,0.219498198618005,-0.529915512383349,-0.313475939800945
0.75679781032192,0.219498198617589,-0.529915512369715,-0.313475939819187
0.756797810324032,0.219498198617172,-0.529915512356076,-0.313475939837436
0.756797810326145,0.219498198616756,-0.529915512342432,-0.313475939855692
0.756797810328259,0.219498198616339,-0.529915512328782,-0.313475939873955
0.756797810330374,0.219498198615922,-0.529915512315127,-0.313475939892225
0.756797810332489,0.219498198615505,-0.529915512301466,-0.313475939910502
0.756797810334605,0.219498198615088,-0.529915512287801,-0.313475939928786
0.756797810336722,0.21949819861467,-0.52991551227413,-0.313475939947077
0.756797810338841,0.219498198614253,-0.529915512260454,-0.313475939965375
0.756797810340959,0.219498198613836,-0.529915512246772,-0.31347593998368
0.756797810343079,0.219498198613418,-0.529915512233085,-0.313475940001991
0.7567978103452,0.219498198613,-0.529915512219393,-0.31347594002031
0.756797810347322,0.219498198612582,-0.529915512205696,-0.313475940038636
0.756797810349444,0.219498198612164,-0.529915512191993,-0.313475940056968
0.756797810351567,0.219498198611746,-0.529915512178285,-0.313475940075308
0.756797810353691,0.219498198611328,-0.529915512164571,-0.313475940093654
0.756797810355816,0.21949819861091,-0.529915512150853,-0.313475940112008
0.756797810357942,0.219498198610492,-0.529915512137129,-0.313475940130368
0.756797810360069,0.219498198610073,-0.529915512123399,-0.313475940148735
0.756797810362196,0.219498198609655,-0.529915512109665,-0.31347594016711
0.756797810364325,0.219498198609236,-0.529915512095925,-0.313475940185491
0.756797810366454,0.219498198608817,-0.52991551208218,-0.31347594020388
0.756797810368584,0.219498198608398,-0.529915512068429,-0.313475940222275
0.756797810370715,0.219498198607979,-0.529915512054673,-0.313475940240677
0.756797810372847,0.21949819860756,-0.529915512040912,-0.313475940259086
0.75679781037498,0.219498198607141,-0.529915512027146,-0.313475940277502
0.756797810377113,0.219498198606721,-0.529915512013374,-0.313475940295926
0.756797810379248,0.219498198606302,-0.529915511999597,-0.313475940314355
0.756797810381383,0.219498198605882,-0.529915511985815,-0.313475940332793
0.756797810383519,0.219498198605462,-0.529915511972027,-0.313475940351236
0.756797810385656,0.219498198605042,-0.529915511958234,-0.313475940369688
0.756797810387794,0.219498198604622,-0.529915511944436,-0.313475940388145
0.756797810389933,0.219498198604202,-0.529915511930632,-0.31347594040661
0.756797810392073,0.219498198603782,-0.529915511916824,-0.313475940425082
0.756797810394213,0.219498198603362,-0.529915511903009,-0.313475940443561
0.756797810396355,0.219498198602942,-0.52991551188919,-0.313475940462047
0.756797810398497,0.219498198602521,-0.529915511875365,-0.313475940480539
0.75679781040064,0.2194981986021,-0.529915511861535,-0.313475940499039
0.756797810402784,0.219498198601679,-0.5299155118477,-0.313475940517545
0.756797810404929,0.219498198601259,-0.529915511833859,-0.313475940536059
0.756797810407075,0.219498198600838,-0.529915511820013,-0.31347594055458
0.756797810409221,0.219498198600417,-0.529915511806162,-0.313475940573107
0.756797810411369,0.219498198599996,-0.529915511792305,-0.313475940591642
0.756797810413517,0.219498198599574,-0.529915511778443,-0.313475940610183
0.756797810415666,0.219498198599153,-0.529915511764576,-0.313475940628732
0.756797810417816,0.219498198598731,-0.529915511750703,-0.313475940647287
0.756797810419967,0.21949819859831,-0.529915511736826,-0.313475940665849
0.756797810422119,0.219498198597888,-0.529915511722942,-0.313475940684419
0.756797810424271,0.219498198597466,-0.529915511709054,-0.313475940702995
0.756797810426425,0.219498198597044,-0.52991551169516,-0.313475940721578
0.756797810428579,0.219498198596622,-0.529915511681261,-0.313475940740168
0.756797810430734,0.2194981985962,-0.529915511667357,-0.313475940758765
0.756797810432891,0.219498198595778,-0.529915511653447,-0.313475940777369
0.756797810435047,0.219498198595355,-0.529915511639532,-0.31347594079598
0.756797810437205,0.219498198594933,-0.529915511625611,-0.313475940814598
0.756797810439364,0.21949819859451,-0.529915511611686,-0.313475940833223
0.756797810441523,0.219498198594087,-0.529915511597755,-0.313475940851855
0.756797810443684,0.219498198593664,-0.529915511583819,-0.313475940870494
0.756797810445845,0.219498198593241,-0.529915511569877,-0.31347594088914
0.756797810448007,0.219498198592818,-0.529915511555931,-0.313475940907793
0.75679781045017,0.219498198592395,-0.529915511541979,-0.313475940926452
0.756797810452334,0.219498198591972,-0.529915511528021,-0.313475940945119
0.756797810454499,0.219498198591548,-0.529915511514058,-0.313475940963793
0.756797810456664,0.219498198591125,-0.529915511500091,-0.313475940982474
0.756797810458831,0.219498198590701,-0.529915511486117,-0.313475941001161
0.756797810460998,0.219498198590277,-0.529915511472139,-0.313475941019856
0.756797810463166,0.219498198589853,-0.529915511458155,-0.313475941038557
0.756797810465335,0.219498198589429,-0.529915511444165,-0.313475941057266
0.756797810467505,0.219498198589005,-0.529915511430171,-0.313475941075981
0.756797810469676,0.219498198588581,-0.529915511416171,-0.313475941094703
0.756797810471848,0.219498198588157,-0.529915511402166,-0.313475941113433
0.75679781047402,0.219498198587732,-0.529915511388155,-0.313475941132169
0.756797810476194,0.219498198587308,-0.52991551137414,-0.313475941150913
0.756797810478368,0.219498198586883,-0.529915511360118,-0.313475941169663
0.756797810480543,0.219498198586458,-0.529915511346092,-0.31347594118842
0.756797810482719,0.219498198586033,-0.52991551133206,-0.313475941207184
0.756797810484896,0.219498198585608,-0.529915511318023,-0.313475941225955
0.756797810487073,0.219498198585183,-0.529915511303981,-0.313475941244733
0.756797810489252,0.219498198584758,-0.529915511289934,-0.313475941263519
0.756797810491431,0.219498198584333,-0.529915511275881,-0.313475941282311
0.756797810493612,0.219498198583907,-0.529915511261822,-0.313475941301109
0.756797810495793,0.219498198583482,-0.529915511247759,-0.313475941319915
0.756797810497975,0.219498198583056,-0.52991551123369,-0.313475941338728
0.756797810500158,0.21949819858263,-0.529915511219616,-0.313475941357548
0.756797810502341,0.219498198582204,-0.529915511205537,-0.313475941376375
0.756797810504526,0.219498198581778,-0.529915511191452,-0.313475941395209
0.756797810506712,0.219498198581352,-0.529915511177362,-0.313475941414049
0.756797810508898,0.219498198580926,-0.529915511163266,-0.313475941432897
0.756797810511085,0.219498198580499,-0.529915511149166,-0.313475941451752
0.756797810513273,0.219498198580073,-0.52991551113506,-0.313475941470613
0.756797810515462,0.219498198579646,-0.529915511120948,-0.313475941489482
0.756797810517652,0.219498198579219,-0.529915511106832,-0.313475941508357
0.756797810519842,0.219498198578792,-0.52991551109271,-0.31347594152724
0.756797810522034,0.219498198578366,-0.529915511078583,-0.313475941546129
0.756797810524226,0.219498198577938,-0.52991551106445,-0.313475941565026
0.75679781052642,0.219498198577511,-0.529915511050313,-0.313475941583929
0.756797810528614,0.219498198577084,-0.52991551103617,-0.31347594160284
0.756797810530809,0.219498198576657,-0.529915511022021,-0.313475941621757
0.756797810533004,0.219498198576229,-0.529915511007867,-0.313475941640681
0.756797810535201,0.219498198575801,-0.529915510993708,-0.313475941659612
0.756797810537399,0.219498198575374,-0.529915510979544,-0.313475941678551
0.756797810539597,0.219498198574946,-0.529915510965374,-0.313475941697496
0.756797810541796,0.219498198574518,-0.5299155109512,-0.313475941716448
0.756797810543997,0.21949819857409,-0.529915510937019,-0.313475941735407
0.756797810546198,0.219498198573662,-0.529915510922834,-0.313475941754373
0.7567978105484,0.219498198573234,-0.529915510908643,-0.313475941773346
0.756797810550602,0.219498198572805,-0.529915510894447,-0.313475941792326
0.756797810552806,0.219498198572376,-0.529915510880245,-0.313475941811313
0.75679781055501,0.219498198571948,-0.529915510866039,-0.313475941830307
0.756797810557216,0.219498198571519,-0.529915510851826,-0.313475941849307
0.756797810559422,0.21949819857109,-0.529915510837609,-0.313475941868315
0.756797810561629,0.219498198570661,-0.529915510823387,-0.31347594188733
0.756797810563837,0.219498198570232,-0.529915510809158,-0.313475941906352
0.756797810566046,0.219498198569803,-0.529915510794925,-0.31347594192538
0.756797810568255,0.219498198569373,-0.529915510780687,-0.313475941944416
0.756797810570466,0.219498198568944,-0.529915510766443,-0.313475941963458
0.756797810572677,0.219498198568514,-0.529915510752194,-0.313475941982508
0.75679781057489,0.219498198568085,-0.529915510737939,-0.313475942001565
0.756797810577103,0.219498198567655,-0.529915510723679,-0.313475942020628
0.756797810579317,0.219498198567225,-0.529915510709414,-0.313475942039699
0.756797810581532,0.219498198566795,-0.529915510695144,-0.313475942058776
0.756797810583747,0.219498198566365,-0.529915510680868,-0.31347594207786
0.756797810585964,0.219498198565935,-0.529915510666587,-0.313475942096952
0.756797810588181,0.219498198565504,-0.529915510652301,-0.31347594211605
0.7567978105904,0.219498198565074,-0.529915510638009,-0.313475942135155
0.756797810592619,0.219498198564643,-0.529915510623712,-0.313475942154267
0.756797810594839,0.219498198564213,-0.52991551060941,-0.313475942173386
0.75679781059706,0.219498198563782,-0.529915510595103,-0.313475942192513
0.756797810599282,0.219498198563351,-0.529915510580789,-0.313475942211646
0.756797810601504,0.21949819856292,-0.529915510566471,-0.313475942230785
0.756797810603728,0.219498198562489,-0.529915510552148,-0.313475942249932
0.756797810605952,0.219498198562057,-0.529915510537819,-0.313475942269086
0.756797810608177,0.219498198561626,-0.529915510523485,-0.313475942288247
0.756797810610404,0.219498198561195,-0.529915510509146,-0.313475942307415
0.75679781061263,0.219498198560763,-0.529915510494801,-0.31347594232659
0.756797810614858,0.219498198560331,-0.529915510480451,-0.313475942345772
0.756797810617087,0.219498198559899,-0.529915510466096,-0.313475942364961
0.756797810619317,0.219498198559467,-0.529915510451735,-0.313475942384156
0.756797810621547,0.219498198559035,-0.529915510437369,-0.313475942403359
0.756797810623778,0.219498198558603,-0.529915510422998,-0.313475942422568
0.75679781062601,0.219498198558171,-0.529915510408621,-0.313475942441785
0.756797810628243,0.219498198557738,-0.52991551039424,-0.313475942461009
0.756797810630477,0.219498198557306,-0.529915510379852,-0.313475942480239
0.756797810632712,0.219498198556873,-0.52991551036546,-0.313475942499477
0.756797810634948,0.219498198556441,-0.529915510351062,-0.313475942518721
0.756797810637184,0.219498198556008,-0.529915510336659,-0.313475942537973
0.756797810639421,0.219498198555575,-0.529915510322251,-0.313475942557231
0.75679781064166,0.219498198555141,-0.529915510307837,-0.313475942576496
0.756797810643899,0.219498198554708,-0.529915510293419,-0.313475942595768
0.756797810646139,0.219498198554275,-0.529915510278994,-0.313475942615048
0.756797810648379,0.219498198553842,-0.529915510264565,-0.313475942634334
0.756797810650621,0.219498198553408,-0.52991551025013,-0.313475942653627
0.756797810652864,0.219498198552974,-0.52991551023569,-0.313475942672927
0.756797810655107,0.219498198552541,-0.529915510221244,-0.313475942692234
0.756797810657351,0.219498198552107,-0.529915510206793,-0.313475942711548
0.756797810659596,0.219498198551673,-0.529915510192337,-0.313475942730869
0.756797810661842,0.219498198551238,-0.529915510177876,-0.313475942750197
0.756797810664089,0.219498198550804,-0.529915510163409,-0.313475942769532
0.756797810666337,0.21949819855037,-0.529915510148937,-0.313475942788874
0.756797810668586,0.219498198549935,-0.52991551013446,-0.313475942808223
0.756797810670835,0.219498198549501,-0.529915510119977,-0.313475942827578
0.756797810673085,0.219498198549066,-0.529915510105489,-0.313475942846941
0.756797810675337,0.219498198548631,-0.529915510090996,-0.313475942866311
0.756797810677589,0.219498198548197,-0.529915510076497,-0.313475942885687
0.756797810679842,0.219498198547761,-0.529915510061994,-0.313475942905071
0.756797810682095,0.219498198547326,-0.529915510047484,-0.313475942924462
0.75679781068435,0.219498198546891,-0.52991551003297,-0.313475942943859
0.756797810686605,0.219498198546455,-0.52991551001845,-0.313475942963264
0.756797810688862,0.21949819854602,-0.529915510003925,-0.313475942982675
0.756797810691119,0.219498198545584,-0.529915509989395,-0.313475943002093
0.756797810693377,0.219498198545149,-0.529915509974859,-0.313475943021519
0.756797810695636,0.219498198544713,-0.529915509960318,-0.313475943040951
0.756797810697896,0.219498198544277,-0.529915509945772,-0.31347594306039
0.756797810700157,0.219498198543841,-0.529915509931221,-0.313475943079837
0.756797810702418,0.219498198543404,-0.529915509916664,-0.31347594309929
0.756797810704681,0.219498198542968,-0.529915509902102,-0.31347594311875
0.756797810706944,0.219498198542532,-0.529915509887534,-0.313475943138217
0.756797810709208,0.219498198542095,-0.529915509872961,-0.313475943157691
0.756797810711473,0.219498198541658,-0.529915509858383,-0.313475943177172
0.756797810713739,0.219498198541222,-0.5299155098438,-0.31347594319666
0.756797810716006,0.219498198540785,-0.529915509829211,-0.313475943216155
0.756797810718273,0.219498198540348,-0.529915509814618,-0.313475943235658
0.756797810720542,0.219498198539911,-0.529915509800018,-0.313475943255166
0.756797810722811,0.219498198539474,-0.529915509785413,-0.313475943274682
0.756797810725081,0.219498198539036,-0.529915509770803,-0.313475943294205
0.756797810727352,0.219498198538599,-0.529915509756188,-0.313475943313735
0.756797810729624,0.219498198538161,-0.529915509741567,-0.313475943333271
0.756797810731897,0.219498198537723,-0.529915509726942,-0.313475943352815
0.756797810734171,0.219498198537286,-0.52991550971231,-0.313475943372366
0.756797810736445,0.219498198536848,-0.529915509697674,-0.313475943391923
0.756797810738721,0.21949819853641,-0.529915509683033,-0.313475943411488
0.756797810740997,0.219498198535971,-0.529915509668385,-0.313475943431059
0.756797810743274,0.219498198535533,-0.529915509653733,-0.313475943450638
0.756797810745552,0.219498198535095,-0.529915509639075,-0.313475943470223
0.756797810747831,0.219498198534656,-0.529915509624413,-0.313475943489816
0.756797810750111,0.219498198534218,-0.529915509609744,-0.313475943509415
0.756797810752391,0.219498198533779,-0.529915509595071,-0.313475943529021
0.756797810754673,0.21949819853334,-0.529915509580392,-0.313475943548635
0.756797810756955,0.219498198532901,-0.529915509565708,-0.313475943568255
0.756797810759238,0.219498198532462,-0.529915509551018,-0.313475943587882
0.756797810761522,0.219498198532023,-0.529915509536323,-0.313475943607516
0.756797810763807,0.219498198531584,-0.529915509521623,-0.313475943627157
0.756797810766093,0.219498198531144,-0.529915509506918,-0.313475943646805
0.75679781076838,0.219498198530705,-0.529915509492207,-0.31347594366646
0.756797810770667,0.219498198530265,-0.529915509477491,-0.313475943686122
0.756797810772956,0.219498198529825,-0.52991550946277,-0.313475943705791
0.756797810775245,0.219498198529385,-0.529915509448043,-0.313475943725467
0.756797810777535,0.219498198528945,-0.529915509433311,-0.31347594374515
0.756797810779826,0.219498198528505,-0.529915509418574,-0.31347594376484
0.756797810782118,0.219498198528065,-0.529915509403831,-0.313475943784537
0.75679781078441,0.219498198527625,-0.529915509389083,-0.31347594380424
0.756797810786704,0.219498198527184,-0.52991550937433,-0.313475943823951
0.756797810788998,0.219498198526744,-0.529915509359572,-0.313475943843669
0.756797810791294,0.219498198526303,-0.529915509344808,-0.313475943863394
0.75679781079359,0.219498198525862,-0.529915509330039,-0.313475943883125
0.756797810795887,0.219498198525421,-0.529915509315265,-0.313475943902864
0.756797810798185,0.21949819852498,-0.529915509300485,-0.313475943922609
0.756797810800484,0.219498198524539,-0.5299155092857,-0.313475943942361
0.756797810802783,0.219498198524098,-0.52991550927091,-0.313475943962121
0.756797810805083,0.219498198523656,-0.529915509256114,-0.313475943981887
0.756797810807385,0.219498198523215,-0.529915509241313,-0.313475944001661
0.756797810809687,0.219498198522773,-0.529915509226507,-0.313475944021441
0.75679781081199,0.219498198522331,-0.529915509211696,-0.313475944041228
0.756797810814294,0.21949819852189,-0.529915509196879,-0.313475944061023
0.756797810816599,0.219498198521447,-0.529915509182057,-0.313475944080824
0.756797810818905,0.219498198521005,-0.52991550916723,-0.313475944100632
0.756797810821211,0.219498198520563,-0.529915509152397,-0.313475944120447
0.756797810823519,0.219498198520121,-0.529915509137559,-0.313475944140269
0.756797810825827,0.219498198519678,-0.529915509122715,-0.313475944160098
0.756797810828136,0.219498198519236,-0.529915509107867,-0.313475944179934
0.756797810830446,0.219498198518793,-0.529915509093013,-0.313475944199777
0.756797810832757,0.21949819851835,-0.529915509078154,-0.313475944219627
0.756797810835069,0.219498198517907,-0.529915509063289,-0.313475944239484
0.756797810837381,0.219498198517464,-0.529915509048419,-0.313475944259347
0.756797810839695,0.219498198517021,-0.529915509033544,-0.313475944279218
0.756797810842009,0.219498198516578,-0.529915509018664,-0.313475944299096
0.756797810844324,0.219498198516135,-0.529915509003778,-0.313475944318981
0.75679781084664,0.219498198515691,-0.529915508988887,-0.313475944338872
0.756797810848957,0.219498198515248,-0.529915508973991,-0.313475944358771
0.756797810851275,0.219498198514804,-0.529915508959089,-0.313475944378676
0.756797810853594,0.21949819851436,-0.529915508944182,-0.313475944398589
0.756797810855913,0.219498198513916,-0.52991550892927,-0.313475944418508
0.756797810858234,0.219498198513472,-0.529915508914352,-0.313475944438435
0.756797810860555,0.219498198513028,-0.529915508899429,-0.313475944458368
0.756797810862877,0.219498198512584,-0.529915508884501,-0.313475944478309
0.7567978108652,0.219498198512139,-0.529915508869568,-0.313475944498256
0.756797810867524,0.219498198511694,-0.529915508854629,-0.31347594451821
0.756797810869849,0.21949819851125,-0.529915508839685,-0.313475944538172
0.756797810872174,0.219498198510805,-0.529915508824735,-0.31347594455814
0.756797810874501,0.21949819851036,-0.529915508809781,-0.313475944578115
0.756797810876828,0.219498198509915,-0.529915508794821,-0.313475944598097
0.756797810879156,0.21949819850947,-0.529915508779855,-0.313475944618086
0.756797810881485,0.219498198509025,-0.529915508764884,-0.313475944638082
0.756797810883815,0.21949819850858,-0.529915508749909,-0.313475944658085
0.756797810886146,0.219498198508134,-0.529915508734927,-0.313475944678095
0.756797810888478,0.219498198507689,-0.529915508719941,-0.313475944698112
0.75679781089081,0.219498198507243,-0.529915508704949,-0.313475944718136
0.756797810893144,0.219498198506797,-0.529915508689952,-0.313475944738167
0.756797810895478,0.219498198506351,-0.529915508674949,-0.313475944758204
0.756797810897813,0.219498198505905,-0.529915508659942,-0.313475944778249
0.756797810900149,0.219498198505459,-0.529915508644929,-0.313475944798301
0.756797810902486,0.219498198505012,-0.52991550862991,-0.313475944818359
0.756797810904823,0.219498198504566,-0.529915508614887,-0.313475944838425
0.756797810907162,0.219498198504119,-0.529915508599857,-0.313475944858497
0.756797810909501,0.219498198503673,-0.529915508584823,-0.313475944878577
0.756797810911842,0.219498198503226,-0.529915508569784,-0.313475944898664
0.756797810914183,0.219498198502779,-0.529915508554739,-0.313475944918757
0.756797810916525,0.219498198502332,-0.529915508539689,-0.313475944938857
0.756797810918868,0.219498198501885,-0.529915508524633,-0.313475944958965
0.756797810921212,0.219498198501438,-0.529915508509572,-0.313475944979079
0.756797810923556,0.219498198500991,-0.529915508494506,-0.3134759449992
0.756797810925902,0.219498198500543,-0.529915508479435,-0.313475945019329
0.756797810928248,0.219498198500096,-0.529915508464358,-0.313475945039464
0.756797810930595,0.219498198499648,-0.529915508449276,-0.313475945059606
0.756797810932943,0.2194981984992,-0.529915508434189,-0.313475945079755
0.756797810935292,0.219498198498752,-0.529915508419097,-0.313475945099911
0.756797810937642,0.219498198498304,-0.529915508403998,-0.313475945120074
0.756797810939993,0.219498198497856,-0.529915508388895,-0.313475945140244
0.756797810942345,0.219498198497408,-0.529915508373787,-0.313475945160421
0.756797810944697,0.219498198496959,-0.529915508358673,-0.313475945180605
0.75679781094705,0.219498198496511,-0.529915508343554,-0.313475945200796
0.756797810949404,0.219498198496062,-0.529915508328429,-0.313475945220994
0.756797810951759,0.219498198495613,-0.5299155083133,-0.313475945241199
0.756797810954115,0.219498198495165,-0.529915508298165,-0.31347594526141
0.756797810956472,0.219498198494715,-0.529915508283024,-0.313475945281629
0.75679781095883,0.219498198494266,-0.529915508267878,-0.313475945301855
0.756797810961188,0.219498198493817,-0.529915508252727,-0.313475945322087
0.756797810963547,0.219498198493368,-0.529915508237571,-0.313475945342327
0.756797810965908,0.219498198492918,-0.52991550822241,-0.313475945362573
0.756797810968269,0.219498198492469,-0.529915508207243,-0.313475945382827
0.756797810970631,0.219498198492019,-0.52991550819207,-0.313475945403087
0.756797810972994,0.219498198491569,-0.529915508176893,-0.313475945423355
0.756797810975357,0.21949819849112,-0.52991550816171,-0.313475945443629
0.756797810977722,0.219498198490669,-0.529915508146522,-0.31347594546391
0.756797810980087,0.219498198490219,-0.529915508131329,-0.313475945484199
0.756797810982453,0.219498198489769,-0.52991550811613,-0.313475945504494
0.756797810984821,0.219498198489318,-0.529915508100926,-0.313475945524796
0.756797810987189,0.219498198488868,-0.529915508085717,-0.313475945545105
0.756797810989557,0.219498198488417,-0.529915508070502,-0.313475945565421
0.756797810991927,0.219498198487967,-0.529915508055282,-0.313475945585744
0.756797810994298,0.219498198487516,-0.529915508040057,-0.313475945606075
0.756797810996669,0.219498198487065,-0.529915508024826,-0.313475945626411
0.756797810999042,0.219498198486614,-0.529915508009591,-0.313475945646755
0.756797811001415,0.219498198486162,-0.529915507994349,-0.313475945667106
0.756797811003789,0.219498198485711,-0.529915507979103,-0.313475945687464
0.756797811006164,0.21949819848526,-0.529915507963851,-0.313475945707829
0.756797811008539,0.219498198484808,-0.529915507948594,-0.313475945728201
0.756797811010916,0.219498198484357,-0.529915507933332,-0.31347594574858
0.756797811013294,0.219498198483905,-0.529915507918064,-0.313475945768965
0.756797811015672,0.219498198483453,-0.529915507902791,-0.313475945789358
0.756797811018051,0.219498198483001,-0.529915507887513,-0.313475945809757
0.756797811020432,0.219498198482549,-0.52991550787223,-0.313475945830164
0.756797811022813,0.219498198482096,-0.529915507856941,-0.313475945850577
0.756797811025194,0.219498198481644,-0.529915507841646,-0.313475945870998
0.756797811027577,0.219498198481191,-0.529915507826347,-0.313475945891425
0.756797811029961,0.219498198480739,-0.529915507811042,-0.31347594591186
0.756797811032345,0.219498198480286,-0.529915507795732,-0.313475945932301
0.756797811034731,0.219498198479833,-0.529915507780417,-0.31347594595275
0.756797811037117,0.21949819847938,-0.529915507765096,-0.313475945973205
0.756797811039504,0.219498198478927,-0.52991550774977,-0.313475945993667
0.756797811041892,0.219498198478474,-0.529915507734439,-0.313475946014136
0.75679781104428,0.219498198478021,-0.529915507719102,-0.313475946034612
0.75679781104667,0.219498198477567,-0.52991550770376,-0.313475946055095
0.756797811049061,0.219498198477113,-0.529915507688413,-0.313475946075586
0.756797811051452,0.21949819847666,-0.529915507673061,-0.313475946096083
0.756797811053844,0.219498198476206,-0.529915507657703,-0.313475946116587
0.756797811056237,0.219498198475752,-0.52991550764234,-0.313475946137098
0.756797811058631,0.219498198475298,-0.529915507626971,-0.313475946157616
0.756797811061026,0.219498198474844,-0.529915507611598,-0.31347594617814
0.756797811063422,0.21949819847439,-0.529915507596219,-0.313475946198672
0.756797811065819,0.219498198473935,-0.529915507580834,-0.313475946219211
0.756797811068216,0.219498198473481,-0.529915507565444,-0.313475946239757
0.756797811070614,0.219498198473026,-0.529915507550049,-0.313475946260309
0.756797811073013,0.219498198472571,-0.529915507534649,-0.313475946280869
0.756797811075413,0.219498198472117,-0.529915507519244,-0.313475946301435
0.756797811077814,0.219498198471662,-0.529915507503833,-0.313475946322009
0.756797811080216,0.219498198471206,-0.529915507488416,-0.31347594634259
0.756797811082619,0.219498198470751,-0.529915507472995,-0.313475946363177
0.756797811085022,0.219498198470296,-0.529915507457568,-0.313475946383772
0.756797811087427,0.219498198469841,-0.529915507442136,-0.313475946404373
0.756797811089832,0.219498198469385,-0.529915507426699,-0.313475946424982
0.756797811092238,0.219498198468929,-0.529915507411256,-0.313475946445597
0.756797811094645,0.219498198468473,-0.529915507395808,-0.313475946466219
0.756797811097053,0.219498198468017,-0.529915507380355,-0.313475946486848
0.756797811099462,0.219498198467561,-0.529915507364896,-0.313475946507484
0.756797811101871,0.219498198467105,-0.529915507349432,-0.313475946528127
0.756797811104282,0.219498198466649,-0.529915507333963,-0.313475946548778
0.756797811106693,0.219498198466192,-0.529915507318489,-0.313475946569435
0.756797811109105,0.219498198465736,-0.529915507303009,-0.313475946590099
0.756797811111518,0.219498198465279,-0.529915507287524,-0.313475946610769
0.756797811113932,0.219498198464822,-0.529915507272034,-0.313475946631448
0.756797811116347,0.219498198464365,-0.529915507256538,-0.313475946652133
0.756797811118763,0.219498198463909,-0.529915507241037,-0.313475946672825
0.756797811121179,0.219498198463451,-0.52991550722553,-0.313475946693523
0.756797811123596,0.219498198462994,-0.529915507210019,-0.313475946714229
0.756797811126015,0.219498198462537,-0.529915507194502,-0.313475946734942
0.756797811128434,0.219498198462079,-0.52991550717898,-0.313475946755661
0.756797811130854,0.219498198461622,-0.529915507163452,-0.313475946776388
0.756797811133274,0.219498198461164,-0.529915507147919,-0.313475946797122
0.756797811135696,0.219498198460706,-0.529915507132381,-0.313475946817862
0.756797811138119,0.219498198460248,-0.529915507116838,-0.31347594683861
0.756797811140542,0.21949819845979,-0.529915507101289,-0.313475946859364
0.756797811142966,0.219498198459332,-0.529915507085735,-0.313475946880125
0.756797811145392,0.219498198458874,-0.529915507070176,-0.313475946900894
0.756797811147818,0.219498198458415,-0.529915507054611,-0.313475946921669
0.756797811150245,0.219498198457957,-0.529915507039041,-0.313475946942452
0.756797811152672,0.219498198457498,-0.529915507023465,-0.313475946963241
0.756797811155101,0.219498198457039,-0.529915507007885,-0.313475946984037
0.75679781115753,0.21949819845658,-0.529915506992299,-0.31347594700484
0.756797811159961,0.219498198456121,-0.529915506976708,-0.31347594702565
0.756797811162392,0.219498198455662,-0.529915506961111,-0.313475947046468
0.756797811164824,0.219498198455203,-0.529915506945509,-0.313475947067292
0.756797811167257,0.219498198454744,-0.529915506929902,-0.313475947088123
0.756797811169691,0.219498198454284,-0.52991550691429,-0.31347594710896
0.756797811172126,0.219498198453824,-0.529915506898672,-0.313475947129805
0.756797811174561,0.219498198453365,-0.529915506883049,-0.313475947150657
0.756797811176998,0.219498198452905,-0.529915506867421,-0.313475947171516
0.756797811179435,0.219498198452445,-0.529915506851787,-0.313475947192382
0.756797811181873,0.219498198451985,-0.529915506836149,-0.313475947213255
0.756797811184312,0.219498198451524,-0.529915506820504,-0.313475947234134
0.756797811186752,0.219498198451064,-0.529915506804854,-0.313475947255021
0.756797811189193,0.219498198450604,-0.529915506789199,-0.313475947275914
0.756797811191634,0.219498198450143,-0.52991550677354,-0.313475947296815
0.756797811194077,0.219498198449682,-0.529915506757874,-0.313475947317723
0.75679781119652,0.219498198449221,-0.529915506742203,-0.313475947338637
0.756797811198964,0.21949819844876,-0.529915506726527,-0.313475947359558
0.75679781120141,0.219498198448299,-0.529915506710846,-0.313475947380487
0.756797811203856,0.219498198447838,-0.529915506695159,-0.313475947401422
0.756797811206302,0.219498198447377,-0.529915506679467,-0.313475947422365
0.75679781120875,0.219498198446916,-0.52991550666377,-0.313475947443314
0.756797811211199,0.219498198446454,-0.529915506648068,-0.31347594746427
0.756797811213648,0.219498198445992,-0.52991550663236,-0.313475947485233
0.756797811216098,0.219498198445531,-0.529915506616646,-0.313475947506204
0.756797811218549,0.219498198445069,-0.529915506600928,-0.313475947527181
0.756797811221002,0.219498198444607,-0.529915506585204,-0.313475947548165
0.756797811223454,0.219498198444145,-0.529915506569475,-0.313475947569156
0.756797811225908,0.219498198443682,-0.529915506553741,-0.313475947590154
0.756797811228363,0.21949819844322,-0.529915506538001,-0.313475947611159
0.756797811230818,0.219498198442758,-0.529915506522256,-0.313475947632171
0.756797811233275,0.219498198442295,-0.529915506506506,-0.31347594765319
0.756797811235732,0.219498198441832,-0.52991550649075,-0.313475947674215
0.75679781123819,0.219498198441369,-0.529915506474989,-0.313475947695248
0.756797811240649,0.219498198440906,-0.529915506459223,-0.313475947716288
0.756797811243109,0.219498198440443,-0.529915506443451,-0.313475947737334
0.756797811245569,0.21949819843998,-0.529915506427675,-0.313475947758388
0.756797811248031,0.219498198439517,-0.529915506411893,-0.313475947779449
0.756797811250493,0.219498198439053,-0.529915506396105,-0.313475947800516
0.756797811252957,0.21949819843859,-0.529915506380312,-0.313475947821591
0.756797811255421,0.219498198438126,-0.529915506364514,-0.313475947842672
0.756797811257886,0.219498198437662,-0.529915506348711,-0.313475947863761
0.756797811260352,0.219498198437198,-0.529915506332903,-0.313475947884856
0.756797811262819,0.219498198436734,-0.529915506317089,-0.313475947905958
0.756797811265286,0.21949819843627,-0.529915506301269,-0.313475947927068
0.756797811267755,0.219498198435806,-0.529915506285445,-0.313475947948184
0.756797811270224,0.219498198435341,-0.529915506269615,-0.313475947969307
0.756797811272694,0.219498198434877,-0.52991550625378,-0.313475947990437
0.756797811275165,0.219498198434412,-0.529915506237939,-0.313475948011574
0.756797811277637,0.219498198433947,-0.529915506222093,-0.313475948032719
0.75679781128011,0.219498198433483,-0.529915506206242,-0.31347594805387
0.756797811282584,0.219498198433018,-0.529915506190386,-0.313475948075028
0.756797811285058,0.219498198432552,-0.529915506174524,-0.313475948096192
0.756797811287534,0.219498198432087,-0.529915506158657,-0.313475948117365
0.75679781129001,0.219498198431622,-0.529915506142785,-0.313475948138543
0.756797811292487,0.219498198431156,-0.529915506126908,-0.313475948159729
0.756797811294965,0.219498198430691,-0.529915506111024,-0.313475948180922
0.756797811297444,0.219498198430225,-0.529915506095136,-0.313475948202122
0.756797811299924,0.219498198429759,-0.529915506079243,-0.313475948223328
0.756797811302405,0.219498198429293,-0.529915506063344,-0.313475948244542
0.756797811304886,0.219498198428827,-0.52991550604744,-0.313475948265763
0.756797811307368,0.219498198428361,-0.52991550603153,-0.31347594828699
0.756797811309852,0.219498198427895,-0.529915506015616,-0.313475948308225
0.756797811312336,0.219498198427428,-0.529915505999696,-0.313475948329466
0.756797811314821,0.219498198426961,-0.52991550598377,-0.313475948350715
0.756797811317306,0.219498198426495,-0.52991550596784,-0.31347594837197
0.756797811319793,0.219498198426028,-0.529915505951904,-0.313475948393232
0.756797811322281,0.219498198425561,-0.529915505935962,-0.313475948414502
0.756797811324769,0.219498198425094,-0.529915505920016,-0.313475948435778
0.756797811327258,0.219498198424627,-0.529915505904064,-0.313475948457061
0.756797811329749,0.21949819842416,-0.529915505888107,-0.313475948478351
0.75679781133224,0.219498198423692,-0.529915505872145,-0.313475948499649
0.756797811334731,0.219498198423225,-0.529915505856177,-0.313475948520953
0.756797811337224,0.219498198422757,-0.529915505840204,-0.313475948542264
0.756797811339718,0.219498198422289,-0.529915505824226,-0.313475948563582
0.756797811342212,0.219498198421822,-0.529915505808242,-0.313475948584907
0.756797811344708,0.219498198421353,-0.529915505792253,-0.313475948606239
0.756797811347204,0.219498198420885,-0.529915505776259,-0.313475948627578
0.756797811349701,0.219498198420417,-0.529915505760259,-0.313475948648923
0.756797811352199,0.219498198419949,-0.529915505744254,-0.313475948670276
0.756797811354698,0.21949819841948,-0.529915505728244,-0.313475948691636
0.756797811357197,0.219498198419011,-0.529915505712229,-0.313475948713003
0.756797811359698,0.219498198418543,-0.529915505696208,-0.313475948734376
0.756797811362199,0.219498198418074,-0.529915505680182,-0.313475948755757
0.756797811364702,0.219498198417605,-0.52991550566415,-0.313475948777144
0.756797811367205,0.219498198417136,-0.529915505648113,-0.313475948798539
0.756797811369709,0.219498198416667,-0.529915505632072,-0.313475948819941
0.756797811372214,0.219498198416197,-0.529915505616024,-0.313475948841349
0.75679781137472,0.219498198415728,-0.529915505599972,-0.313475948862765
0.756797811377226,0.219498198415258,-0.529915505583914,-0.313475948884187
0.756797811379734,0.219498198414789,-0.529915505567851,-0.313475948905616
0.756797811382242,0.219498198414319,-0.529915505551782,-0.313475948927052
0.756797811384751,0.219498198413849,-0.529915505535708,-0.313475948948496
0.756797811387261,0.219498198413379,-0.529915505519629,-0.313475948969946
0.756797811389773,0.219498198412908,-0.529915505503545,-0.313475948991403
0.756797811392284,0.219498198412438,-0.529915505487455,-0.313475949012867
0.756797811394797,0.219498198411968,-0.52991550547136,-0.313475949034338
0.75679781139731,0.219498198411497,-0.52991550545526,-0.313475949055816
0.756797811399825,0.219498198411026,-0.529915505439154,-0.313475949077301
0.75679781140234,0.219498198410556,-0.529915505423043,-0.313475949098793
0.756797811404856,0.219498198410085,-0.529915505406927,-0.313475949120292
0.756797811407373,0.219498198409614,-0.529915505390805,-0.313475949141798
0.756797811409891,0.219498198409143,-0.529915505374679,-0.31347594916331
0.75679781141241,0.219498198408671,-0.529915505358546,-0.31347594918483
0.75679781141493,0.2194981984082,-0.529915505342409,-0.313475949206357
0.75679781141745,0.219498198407728,-0.529915505326266,-0.31347594922789
0.756797811419972,0.219498198407257,-0.529915505310118,-0.313475949249431
0.756797811422494,0.219498198406785,-0.529915505293965,-0.313475949270979
0.756797811425017,0.219498198406313,-0.529915505277806,-0.313475949292533
0.756797811427541,0.219498198405841,-0.529915505261642,-0.313475949314095
0.756797811430066,0.219498198405369,-0.529915505245473,-0.313475949335663
0.756797811432592,0.219498198404897,-0.529915505229298,-0.313475949357239
0.756797811435118,0.219498198404424,-0.529915505213118,-0.313475949378821
0.756797811437645,0.219498198403952,-0.529915505196933,-0.31347594940041
0.756797811440174,0.219498198403479,-0.529915505180743,-0.313475949422007
0.756797811442703,0.219498198403006,-0.529915505164547,-0.31347594944361
0.756797811445233,0.219498198402534,-0.529915505148346,-0.31347594946522
0.756797811447764,0.219498198402061,-0.529915505132139,-0.313475949486837
0.756797811450296,0.219498198401588,-0.529915505115928,-0.313475949508461
0.756797811452828,0.219498198401114,-0.529915505099711,-0.313475949530093
0.756797811455362,0.219498198400641,-0.529915505083488,-0.31347594955173
0.756797811457896,0.219498198400167,-0.529915505067261,-0.313475949573375
0.756797811460431,0.219498198399694,-0.529915505051028,-0.313475949595027
0.756797811462967,0.21949819839922,-0.52991550503479,-0.313475949616686
0.756797811465504,0.219498198398746,-0.529915505018546,-0.313475949638352
0.756797811468042,0.219498198398272,-0.529915505002297,-0.313475949660025
0.756797811470581,0.219498198397798,-0.529915504986043,-0.313475949681705
0.756797811473121,0.219498198397324,-0.529915504969783,-0.313475949703391
0.756797811475661,0.21949819839685,-0.529915504953519,-0.313475949725085
0.756797811478202,0.219498198396375,-0.529915504937249,-0.313475949746785
0.756797811480745,0.219498198395901,-0.529915504920974,-0.313475949768493
0.756797811483288,0.219498198395426,-0.529915504904693,-0.313475949790208
0.756797811485831,0.219498198394952,-0.529915504888407,-0.313475949811929
0.756797811488376,0.219498198394477,-0.529915504872116,-0.313475949833658
0.756797811490922,0.219498198394001,-0.529915504855819,-0.313475949855393
0.756797811493468,0.219498198393526,-0.529915504839517,-0.313475949877135
0.756797811496016,0.219498198393051,-0.52991550482321,-0.313475949898885
0.756797811498564,0.219498198392576,-0.529915504806898,-0.313475949920641
0.756797811501113,0.2194981983921,-0.52991550479058,-0.313475949942404
0.756797811503663,0.219498198391624,-0.529915504774257,-0.313475949964174
0.756797811506214,0.219498198391149,-0.529915504757928,-0.313475949985952
0.756797811508766,0.219498198390673,-0.529915504741595,-0.313475950007736
0.756797811511318,0.219498198390197,-0.529915504725256,-0.313475950029527
0.756797811513872,0.219498198389721,-0.529915504708911,-0.313475950051325
0.756797811516426,0.219498198389244,-0.529915504692562,-0.31347595007313
0.756797811518981,0.219498198388768,-0.529915504676207,-0.313475950094942
0.756797811521537,0.219498198388292,-0.529915504659847,-0.313475950116761
0.756797811524094,0.219498198387815,-0.529915504643481,-0.313475950138586
0.756797811526652,0.219498198387338,-0.52991550462711,-0.313475950160419
0.756797811529211,0.219498198386861,-0.529915504610735,-0.313475950182259
0.75679781153177,0.219498198386384,-0.529915504594353,-0.313475950204106
0.756797811534331,0.219498198385907,-0.529915504577966,-0.313475950225959
0.756797811536892,0.21949819838543,-0.529915504561574,-0.31347595024782
0.756797811539454,0.219498198384953,-0.529915504545177,-0.313475950269688
0.756797811542017,0.219498198384475,-0.529915504528775,-0.313475950291562
0.756797811544581,0.219498198383997,-0.529915504512367,-0.313475950313444
0.756797811547146,0.21949819838352,-0.529915504495953,-0.313475950335332
0.756797811549711,0.219498198383042,-0.529915504479535,-0.313475950357227
0.756797811552278,0.219498198382564,-0.529915504463111,-0.31347595037913
0.756797811554845,0.219498198382086,-0.529915504446682,-0.313475950401039
0.756797811557413,0.219498198381608,-0.529915504430247,-0.313475950422955
0.756797811559982,0.219498198381129,-0.529915504413808,-0.313475950444878
0.756797811562552,0.219498198380651,-0.529915504397363,-0.313475950466809
0.756797811565123,0.219498198380172,-0.529915504380912,-0.313475950488746
0.756797811567695,0.219498198379694,-0.529915504364457,-0.31347595051069
0.756797811570267,0.219498198379215,-0.529915504347996,-0.313475950532641
0.756797811572841,0.219498198378736,-0.529915504331529,-0.313475950554599
0.756797811575415,0.219498198378257,-0.529915504315058,-0.313475950576564
0.75679781157799,0.219498198377777,-0.529915504298581,-0.313475950598536
0.756797811580566,0.219498198377298,-0.529915504282099,-0.313475950620515
0.756797811583143,0.219498198376819,-0.529915504265611,-0.313475950642501
0.756797811585721,0.219498198376339,-0.529915504249119,-0.313475950664493
0.756797811588299,0.21949819837586,-0.529915504232621,-0.313475950686493
0.756797811590879,0.21949819837538,-0.529915504216117,-0.3134759507085
0.756797811593459,0.2194981983749,-0.529915504199608,-0.313475950730513
0.75679781159604,0.219498198374419,-0.529915504183094,-0.313475950752534
0.756797811598622,0.21949819837394,-0.529915504166576,-0.313475950774562
0.756797811601205,0.219498198373459,-0.529915504150051,-0.313475950796596
0.756797811603789,0.219498198372979,-0.529915504133521,-0.313475950818637
0.756797811606374,0.219498198372498,-0.529915504116986,-0.313475950840686
0.756797811608959,0.219498198372018,-0.529915504100445,-0.313475950862741
0.756797811611546,0.219498198371537,-0.529915504083899,-0.313475950884804
0.756797811614133,0.219498198371056,-0.529915504067348,-0.313475950906873
0.756797811616721,0.219498198370575,-0.529915504050792,-0.313475950928949
0.75679781161931,0.219498198370093,-0.52991550403423,-0.313475950951032
0.7567978116219,0.219498198369612,-0.529915504017663,-0.313475950973123
0.756797811624491,0.219498198369131,-0.529915504001091,-0.31347595099522
0.756797811627082,0.219498198368649,-0.529915503984513,-0.313475951017324
0.756797811629675,0.219498198368168,-0.52991550396793,-0.313475951039435
0.756797811632268,0.219498198367686,-0.529915503951342,-0.313475951061553
0.756797811634862,0.219498198367204,-0.529915503934748,-0.313475951083678
0.756797811637458,0.219498198366722,-0.52991550391815,-0.31347595110581
0.756797811640054,0.21949819836624,-0.529915503901546,-0.313475951127949
0.75679781164265,0.219498198365758,-0.529915503884936,-0.313475951150094
0.756797811645248,0.219498198365275,-0.529915503868321,-0.313475951172247
0.756797811647847,0.219498198364793,-0.529915503851701,-0.313475951194407
0.756797811650446,0.21949819836431,-0.529915503835076,-0.313475951216573
0.756797811653046,0.219498198363827,-0.529915503818445,-0.313475951238747
0.756797811655648,0.219498198363344,-0.529915503801809,-0.313475951260928
0.75679781165825,0.219498198362862,-0.529915503785168,-0.313475951283115
0.756797811660852,0.219498198362378,-0.529915503768521,-0.31347595130531
0.756797811663456,0.219498198361895,-0.52991550375187,-0.313475951327511
0.756797811666061,0.219498198361412,-0.529915503735212,-0.313475951349719
0.756797811668666,0.219498198360928,-0.52991550371855,-0.313475951371935
0.756797811671273,0.219498198360445,-0.529915503701882,-0.313475951394157
0.75679781167388,0.219498198359961,-0.529915503685209,-0.313475951416387
0.756797811676488,0.219498198359477,-0.529915503668531,-0.313475951438623
0.756797811679097,0.219498198358993,-0.529915503651847,-0.313475951460866
0.756797811681707,0.219498198358509,-0.529915503635158,-0.313475951483116
0.756797811684318,0.219498198358025,-0.529915503618464,-0.313475951505373
0.756797811686929,0.21949819835754,-0.529915503601764,-0.313475951527637
0.756797811689542,0.219498198357056,-0.529915503585059,-0.313475951549908
0.756797811692155,0.219498198356572,-0.529915503568349,-0.313475951572186
0.756797811694769,0.219498198356087,-0.529915503551634,-0.313475951594471
0.756797811697384,0.219498198355602,-0.529915503534913,-0.313475951616763
0.7567978117,0.219498198355117,-0.529915503518187,-0.313475951639062
0.756797811702617,0.219498198354632,-0.529915503501456,-0.313475951661368
0.756797811705235,0.219498198354147,-0.529915503484719,-0.31347595168368
0.756797811707853,0.219498198353661,-0.529915503467977,-0.313475951706
0.756797811710472,0.219498198353176,-0.52991550345123,-0.313475951728327
0.756797811713093,0.21949819835269,-0.529915503434477,-0.31347595175066
0.756797811715714,0.219498198352204,-0.529915503417719,-0.313475951773001
0.756797811718336,0.219498198351718,-0.529915503400956,-0.313475951795348
0.756797811720959,0.219498198351233,-0.529915503384187,-0.313475951817703
0.756797811723582,0.219498198350746,-0.529915503367414,-0.313475951840064
0.756797811726207,0.21949819835026,-0.529915503350634,-0.313475951862433
0.756797811728832,0.219498198349774,-0.52991550333385,-0.313475951884808
0.756797811731459,0.219498198349287,-0.52991550331706,-0.31347595190719
0.756797811734086,0.219498198348801,-0.529915503300265,-0.31347595192958
0.756797811736714,0.219498198348314,-0.529915503283465,-0.313475951951976
0.756797811739343,0.219498198347827,-0.529915503266659,-0.313475951974379
0.756797811741973,0.21949819834734,-0.529915503249848,-0.313475951996789
0.756797811744603,0.219498198346853,-0.529915503233032,-0.313475952019206
0.756797811747235,0.219498198346366,-0.52991550321621,-0.31347595204163
0.756797811749867,0.219498198345879,-0.529915503199384,-0.313475952064061
0.756797811752501,0.219498198345391,-0.529915503182551,-0.313475952086499
0.756797811755135,0.219498198344904,-0.529915503165714,-0.313475952108944
0.75679781175777,0.219498198344416,-0.529915503148871,-0.313475952131396
0.756797811760406,0.219498198343928,-0.529915503132023,-0.313475952153855
0.756797811763042,0.21949819834344,-0.52991550311517,-0.313475952176321
0.75679781176568,0.219498198342952,-0.529915503098311,-0.313475952198793
0.756797811768319,0.219498198342464,-0.529915503081447,-0.313475952221273
0.756797811770958,0.219498198341976,-0.529915503064578,-0.313475952243759
0.756797811773598,0.219498198341487,-0.529915503047703,-0.313475952266253
0.756797811776239,0.219498198340999,-0.529915503030824,-0.313475952288754
0.756797811778881,0.21949819834051,-0.529915503013938,-0.313475952311261
0.756797811781524,0.219498198340021,-0.529915502997048,-0.313475952333776
0.756797811784168,0.219498198339532,-0.529915502980152,-0.313475952356297
0.756797811786812,0.219498198339043,-0.529915502963251,-0.313475952378825
0.756797811789458,0.219498198338554,-0.529915502946345,-0.313475952401361
0.756797811792104,0.219498198338065,-0.529915502929433,-0.313475952423903
0.756797811794751,0.219498198337576,-0.529915502912516,-0.313475952446452
0.756797811797399,0.219498198337086,-0.529915502895593,-0.313475952469008
0.756797811800048,0.219498198336596,-0.529915502878666,-0.313475952491572
0.756797811802698,0.219498198336107,-0.529915502861733,-0.313475952514142
0.756797811805348,0.219498198335617,-0.529915502844795,-0.313475952536719
0.756797811808,0.219498198335126,-0.529915502827851,-0.313475952559303
0.756797811810652,0.219498198334636,-0.529915502810902,-0.313475952581893
0.756797811813306,0.219498198334146,-0.529915502793948,-0.313475952604491
0.75679781181596,0.219498198333655,-0.529915502776989,-0.313475952627096
0.756797811818614,0.219498198333165,-0.529915502760024,-0.313475952649708
0.75679781182127,0.219498198332674,-0.529915502743055,-0.313475952672327
0.756797811823927,0.219498198332184,-0.529915502726079,-0.313475952694953
0.756797811826585,0.219498198331693,-0.529915502709098,-0.313475952717585
0.756797811829243,0.219498198331201,-0.529915502692112,-0.313475952740225
0.756797811831902,0.21949819833071,-0.529915502675121,-0.313475952762872
0.756797811834563,0.219498198330219,-0.529915502658125,-0.313475952785525
0.756797811837224,0.219498198329728,-0.529915502641123,-0.313475952808186
0.756797811839886,0.219498198329236,-0.529915502624116,-0.313475952830853
0.756797811842548,0.219498198328744,-0.529915502607104,-0.313475952853527
0.756797811845212,0.219498198328252,-0.529915502590085,-0.313475952876209
0.756797811847877,0.219498198327761,-0.529915502573063,-0.313475952898897
0.756797811850542,0.219498198327268,-0.529915502556034,-0.313475952921592
0.756797811853208,0.219498198326777,-0.529915502539001,-0.313475952944295
0.756797811855875,0.219498198326284,-0.529915502521962,-0.313475952967004
0.756797811858543,0.219498198325792,-0.529915502504917,-0.31347595298972
0.756797811861212,0.219498198325299,-0.529915502487868,-0.313475953012443
0.756797811863882,0.219498198324807,-0.529915502470813,-0.313475953035173
0.756797811866552,0.219498198324314,-0.529915502453753,-0.31347595305791
0.756797811869224,0.219498198323821,-0.529915502436687,-0.313475953080654
0.756797811871896,0.219498198323328,-0.529915502419616,-0.313475953103405
0.756797811874569,0.219498198322835,-0.52991550240254,-0.313475953126163
0.756797811877244,0.219498198322342,-0.529915502385459,-0.313475953148928
0.756797811879918,0.219498198321848,-0.529915502368373,-0.3134759531717
0.756797811882594,0.219498198321354,-0.52991550235128,-0.313475953194478
0.756797811885271,0.219498198320861,-0.529915502334183,-0.313475953217264
0.756797811887948,0.219498198320367,-0.52991550231708,-0.313475953240057
0.756797811890627,0.219498198319873,-0.529915502299973,-0.313475953262856
0.756797811893306,0.219498198319379,-0.52991550228286,-0.313475953285663
0.756797811895986,0.219498198318885,-0.529915502265741,-0.313475953308476
0.756797811898667,0.219498198318391,-0.529915502248617,-0.313475953331297
0.756797811901349,0.219498198317896,-0.529915502231488,-0.313475953354124
0.756797811904032,0.219498198317402,-0.529915502214354,-0.313475953376958
0.756797811906716,0.219498198316907,-0.529915502197214,-0.3134759533998
0.7567978119094,0.219498198316412,-0.529915502180069,-0.313475953422648
0.756797811912086,0.219498198315917,-0.529915502162919,-0.313475953445503
0.756797811914772,0.219498198315422,-0.529915502145763,-0.313475953468366
0.756797811917459,0.219498198314927,-0.529915502128602,-0.313475953491235
0.756797811920147,0.219498198314432,-0.529915502111436,-0.313475953514111
0.756797811922836,0.219498198313936,-0.529915502094265,-0.313475953536994
0.756797811925525,0.219498198313441,-0.529915502077088,-0.313475953559884
0.756797811928216,0.219498198312945,-0.529915502059906,-0.313475953582781
0.756797811930907,0.21949819831245,-0.529915502042718,-0.313475953605685
0.7567978119336,0.219498198311954,-0.529915502025526,-0.313475953628596
0.756797811936293,0.219498198311458,-0.529915502008328,-0.313475953651514
0.756797811938987,0.219498198310961,-0.529915501991124,-0.313475953674438
0.756797811941682,0.219498198310465,-0.529915501973915,-0.31347595369737
0.756797811944378,0.219498198309969,-0.529915501956701,-0.313475953720309
0.756797811947074,0.219498198309472,-0.529915501939482,-0.313475953743255
0.756797811949772,0.219498198308975,-0.529915501922258,-0.313475953766207
0.75679781195247,0.219498198308479,-0.529915501905028,-0.313475953789167
0.756797811955169,0.219498198307982,-0.529915501887793,-0.313475953812133
0.756797811957869,0.219498198307485,-0.529915501870552,-0.313475953835107
0.75679781196057,0.219498198306987,-0.529915501853307,-0.313475953858087
0.756797811963272,0.21949819830649,-0.529915501836056,-0.313475953881074
0.756797811965975,0.219498198305993,-0.529915501818799,-0.313475953904069
0.756797811968679,0.219498198305495,-0.529915501801537,-0.31347595392707
0.756797811971383,0.219498198304997,-0.52991550178427,-0.313475953950078
0.756797811974088,0.2194981983045,-0.529915501766999,-0.313475953973094
0.756797811976795,0.219498198304002,-0.529915501749721,-0.313475953996116
0.756797811979502,0.219498198303504,-0.529915501732438,-0.313475954019145
0.75679781198221,0.219498198303006,-0.52991550171515,-0.313475954042181
0.756797811984918,0.219498198302508,-0.529915501697856,-0.313475954065224
0.756797811987628,0.219498198302009,-0.529915501680557,-0.313475954088274
0.756797811990339,0.219498198301511,-0.529915501663254,-0.313475954111331
0.75679781199305,0.219498198301012,-0.529915501645944,-0.313475954134395
0.756797811995762,0.219498198300513,-0.529915501628629,-0.313475954157465
0.756797811998476,0.219498198300014,-0.52991550161131,-0.313475954180543
0.75679781200119,0.219498198299515,-0.529915501593984,-0.313475954203628
0.756797812003904,0.219498198299016,-0.529915501576653,-0.313475954226719
0.75679781200662,0.219498198298517,-0.529915501559318,-0.313475954249818
0.756797812009337,0.219498198298017,-0.529915501541976,-0.313475954272924
0.756797812012054,0.219498198297517,-0.52991550152463,-0.313475954296036
0.756797812014773,0.219498198297018,-0.529915501507278,-0.313475954319156
0.756797812017492,0.219498198296518,-0.529915501489921,-0.313475954342282
0.756797812020212,0.219498198296018,-0.529915501472559,-0.313475954365416
0.756797812022933,0.219498198295518,-0.529915501455191,-0.313475954388556
0.756797812025655,0.219498198295018,-0.529915501437818,-0.313475954411704
0.756797812028378,0.219498198294517,-0.52991550142044,-0.313475954434858
0.756797812031101,0.219498198294017,-0.529915501403056,-0.313475954458019
0.756797812033826,0.219498198293516,-0.529915501385667,-0.313475954481187
0.756797812036551,0.219498198293016,-0.529915501368273,-0.313475954504363
0.756797812039277,0.219498198292515,-0.529915501350874,-0.313475954527545
0.756797812042004,0.219498198292014,-0.529915501333469,-0.313475954550734
0.756797812044732,0.219498198291513,-0.529915501316059,-0.31347595457393
0.756797812047461,0.219498198291012,-0.529915501298643,-0.313475954597133
0.75679781205019,0.219498198290511,-0.529915501281223,-0.313475954620343
0.756797812052921,0.219498198290009,-0.529915501263796,-0.313475954643559
0.756797812055652,0.219498198289507,-0.529915501246365,-0.313475954666783
0.756797812058385,0.219498198289006,-0.529915501228929,-0.313475954690014
0.756797812061118,0.219498198288504,-0.529915501211487,-0.313475954713252
0.756797812063852,0.219498198288002,-0.529915501194039,-0.313475954736496
0.756797812066587,0.2194981982875,-0.529915501176587,-0.313475954759748
0.756797812069322,0.219498198286997,-0.529915501159129,-0.313475954783007
0.756797812072059,0.219498198286495,-0.529915501141666,-0.313475954806272
0.756797812074796,0.219498198285993,-0.529915501124198,-0.313475954829545
0.756797812077535,0.21949819828549,-0.529915501106723,-0.313475954852824
0.756797812080274,0.219498198284988,-0.529915501089245,-0.313475954876111
0.756797812083014,0.219498198284485,-0.52991550107176,-0.313475954899404
0.756797812085755,0.219498198283982,-0.529915501054271,-0.313475954922704
0.756797812088497,0.219498198283479,-0.529915501036776,-0.313475954946012
0.75679781209124,0.219498198282976,-0.529915501019276,-0.313475954969326
0.756797812093983,0.219498198282472,-0.52991550100177,-0.313475954992647
0.756797812096728,0.219498198281969,-0.529915500984259,-0.313475955015975
0.756797812099473,0.219498198281465,-0.529915500966743,-0.31347595503931
0.756797812102219,0.219498198280961,-0.529915500949221,-0.313475955062652
0.756797812104966,0.219498198280458,-0.529915500931694,-0.313475955086001
0.756797812107714,0.219498198279954,-0.529915500914163,-0.313475955109357
0.756797812110463,0.21949819827945,-0.529915500896625,-0.31347595513272
0.756797812113212,0.219498198278945,-0.529915500879083,-0.31347595515609
0.756797812115963,0.219498198278441,-0.529915500861534,-0.313475955179467
0.756797812118714,0.219498198277937,-0.529915500843981,-0.313475955202851
0.756797812121466,0.219498198277432,-0.529915500826423,-0.313475955226241
0.756797812124219,0.219498198276927,-0.529915500808859,-0.313475955249639
0.756797812126974,0.219498198276422,-0.52991550079129,-0.313475955273044
0.756797812129728,0.219498198275917,-0.529915500773715,-0.313475955296455
0.756797812132484,0.219498198275412,-0.529915500756135,-0.313475955319874
0.756797812135241,0.219498198274907,-0.52991550073855,-0.313475955343299
0.756797812137998,0.219498198274402,-0.52991550072096,-0.313475955366732
0.756797812140756,0.219498198273896,-0.529915500703364,-0.313475955390171
0.756797812143516,0.219498198273391,-0.529915500685763,-0.313475955413618
0.756797812146276,0.219498198272885,-0.529915500668157,-0.313475955437071
0.756797812149037,0.219498198272379,-0.529915500650545,-0.313475955460531
0.756797812151798,0.219498198271873,-0.529915500632928,-0.313475955483998
0.756797812154561,0.219498198271367,-0.529915500615306,-0.313475955507472
0.756797812157325,0.219498198270861,-0.529915500597679,-0.313475955530954
0.756797812160089,0.219498198270354,-0.529915500580046,-0.313475955554441
0.756797812162854,0.219498198269848,-0.529915500562408,-0.313475955577937
0.75679781216562,0.219498198269341,-0.529915500544764,-0.313475955601439
0.756797812168387,0.219498198268834,-0.529915500527116,-0.313475955624948
0.756797812171155,0.219498198268327,-0.529915500509462,-0.313475955648464
0.756797812173924,0.21949819826782,-0.529915500491802,-0.313475955671986
0.756797812176694,0.219498198267313,-0.529915500474138,-0.313475955695516
0.756797812179464,0.219498198266806,-0.529915500456468,-0.313475955719053
0.756797812182236,0.219498198266298,-0.529915500438793,-0.313475955742596
0.756797812185008,0.219498198265791,-0.529915500421112,-0.313475955766147
0.756797812187781,0.219498198265283,-0.529915500403426,-0.313475955789705
0.756797812190555,0.219498198264776,-0.529915500385735,-0.313475955813269
0.75679781219333,0.219498198264268,-0.529915500368039,-0.313475955836841
0.756797812196105,0.21949819826376,-0.529915500350337,-0.313475955860419
0.756797812198882,0.219498198263252,-0.52991550033263,-0.313475955884005
0.75679781220166,0.219498198262743,-0.529915500314918,-0.313475955907597
0.756797812204438,0.219498198262235,-0.5299155002972,-0.313475955931197
0.756797812207217,0.219498198261726,-0.529915500279477,-0.313475955954803
0.756797812209997,0.219498198261217,-0.529915500261748,-0.313475955978416
0.756797812212778,0.219498198260709,-0.529915500244015,-0.313475956002036
0.75679781221556,0.2194981982602,-0.529915500226276,-0.313475956025663
0.756797812218342,0.219498198259691,-0.529915500208532,-0.313475956049298
0.756797812221126,0.219498198259182,-0.529915500190783,-0.313475956072939
0.75679781222391,0.219498198258672,-0.529915500173028,-0.313475956096587
0.756797812226696,0.219498198258163,-0.529915500155268,-0.313475956120241
0.756797812229482,0.219498198257653,-0.529915500137503,-0.313475956143904
0.756797812232269,0.219498198257144,-0.529915500119732,-0.313475956167572
0.756797812235057,0.219498198256634,-0.529915500101956,-0.313475956191248
0.756797812237845,0.219498198256124,-0.529915500084174,-0.313475956214931
0.756797812240635,0.219498198255614,-0.529915500066388,-0.313475956238621
0.756797812243425,0.219498198255104,-0.529915500048596,-0.313475956262318
0.756797812246217,0.219498198254594,-0.529915500030799,-0.313475956286021
0.756797812249009,0.219498198254083,-0.529915500012996,-0.313475956309732
0.756797812251802,0.219498198253572,-0.529915499995188,-0.313475956333449
0.756797812254596,0.219498198253062,-0.529915499977376,-0.313475956357174
0.756797812257391,0.219498198252551,-0.529915499959558,-0.313475956380905
0.756797812260187,0.21949819825204,-0.529915499941734,-0.313475956404644
0.756797812262983,0.219498198251529,-0.529915499923905,-0.313475956428389
0.75679781226578,0.219498198251018,-0.52991549990607,-0.313475956452141
0.756797812268579,0.219498198250506,-0.529915499888231,-0.313475956475901
0.756797812271378,0.219498198249995,-0.529915499870386,-0.313475956499667
0.756797812274178,0.219498198249483,-0.529915499852536,-0.31347595652344
0.756797812276979,0.219498198248972,-0.52991549983468,-0.31347595654722
0.756797812279781,0.21949819824846,-0.529915499816819,-0.313475956571007
0.756797812282583,0.219498198247948,-0.529915499798954,-0.313475956594801
0.756797812285387,0.219498198247436,-0.529915499781082,-0.313475956618602
0.756797812288191,0.219498198246923,-0.529915499763205,-0.31347595664241
0.756797812290997,0.219498198246411,-0.529915499745324,-0.313475956666225
0.756797812293803,0.219498198245898,-0.529915499727436,-0.313475956690047
0.75679781229661,0.219498198245386,-0.529915499709544,-0.313475956713876
0.756797812299418,0.219498198244873,-0.529915499691645,-0.313475956737711
0.756797812302226,0.21949819824436,-0.529915499673743,-0.313475956761554
0.756797812305036,0.219498198243847,-0.529915499655834,-0.313475956785404
0.756797812307846,0.219498198243334,-0.52991549963792,-0.31347595680926
0.756797812310658,0.219498198242821,-0.529915499620001,-0.313475956833124
0.75679781231347,0.219498198242307,-0.529915499602077,-0.313475956856995
0.756797812316283,0.219498198241794,-0.529915499584147,-0.313475956880872
0.756797812319097,0.21949819824128,-0.529915499566212,-0.313475956904756
0.756797812321912,0.219498198240766,-0.529915499548271,-0.313475956928648
0.756797812324728,0.219498198240252,-0.529915499530326,-0.313475956952546
0.756797812327544,0.219498198239738,-0.529915499512375,-0.313475956976452
0.756797812330361,0.219498198239224,-0.529915499494419,-0.313475957000364
0.75679781233318,0.21949819823871,-0.529915499476457,-0.313475957024283
0.756797812335999,0.219498198238196,-0.52991549945849,-0.313475957048209
0.756797812338819,0.219498198237681,-0.529915499440518,-0.313475957072142
0.75679781234164,0.219498198237166,-0.529915499422541,-0.313475957096082
0.756797812344462,0.219498198236652,-0.529915499404558,-0.313475957120029
0.756797812347284,0.219498198236137,-0.52991549938657,-0.313475957143983
0.756797812350108,0.219498198235622,-0.529915499368577,-0.313475957167944
0.756797812352932,0.219498198235106,-0.529915499350578,-0.313475957191912
0.756797812355757,0.219498198234591,-0.529915499332574,-0.313475957215887
0.756797812358584,0.219498198234076,-0.529915499314565,-0.313475957239869
0.756797812361411,0.21949819823356,-0.52991549929655,-0.313475957263857
0.756797812364238,0.219498198233044,-0.52991549927853,-0.313475957287853
0.756797812367067,0.219498198232529,-0.529915499260505,-0.313475957311856
0.756797812369897,0.219498198232013,-0.529915499242475,-0.313475957335865
0.756797812372727,0.219498198231497,-0.529915499224439,-0.313475957359882
0.756797812375559,0.21949819823098,-0.529915499206398,-0.313475957383905
0.756797812378391,0.219498198230464,-0.529915499188352,-0.313475957407936
0.756797812381224,0.219498198229947,-0.5299154991703,-0.313475957431973
0.756797812384058,0.219498198229431,-0.529915499152243,-0.313475957456018
0.756797812386893,0.219498198228914,-0.529915499134181,-0.313475957480069
0.756797812389728,0.219498198228397,-0.529915499116113,-0.313475957504127
0.756797812392565,0.219498198227881,-0.52991549909804,-0.313475957528192
0.756797812395402,0.219498198227363,-0.529915499079962,-0.313475957552265
0.756797812398241,0.219498198226846,-0.529915499061879,-0.313475957576344
0.75679781240108,0.219498198226329,-0.52991549904379,-0.31347595760043
0.75679781240392,0.219498198225811,-0.529915499025696,-0.313475957624523
0.756797812406761,0.219498198225294,-0.529915499007597,-0.313475957648623
0.756797812409602,0.219498198224776,-0.529915498989492,-0.31347595767273
0.756797812412445,0.219498198224258,-0.529915498971382,-0.313475957696843
0.756797812415289,0.21949819822374,-0.529915498953267,-0.313475957720964
0.756797812418133,0.219498198223222,-0.529915498935146,-0.313475957745092
0.756797812420978,0.219498198222704,-0.52991549891702,-0.313475957769227
0.756797812423824,0.219498198222185,-0.529915498898889,-0.313475957793368
0.756797812426671,0.219498198221666,-0.529915498880752,-0.313475957817517
0.756797812429519,0.219498198221148,-0.529915498862611,-0.313475957841673
0.756797812432368,0.219498198220629,-0.529915498844464,-0.313475957865835
0.756797812435217,0.21949819822011,-0.529915498826311,-0.313475957890005
0.756797812438068,0.219498198219591,-0.529915498808154,-0.313475957914181
0.756797812440919,0.219498198219072,-0.529915498789991,-0.313475957938365
0.756797812443772,0.219498198218552,-0.529915498771822,-0.313475957962555
0.756797812446625,0.219498198218033,-0.529915498753649,-0.313475957986752
0.756797812449479,0.219498198217513,-0.52991549873547,-0.313475958010957
0.756797812452333,0.219498198216994,-0.529915498717286,-0.313475958035168
0.756797812455189,0.219498198216474,-0.529915498699096,-0.313475958059386
0.756797812458046,0.219498198215954,-0.529915498680902,-0.313475958083611
0.756797812460903,0.219498198215434,-0.529915498662701,-0.313475958107843
0.756797812463761,0.219498198214914,-0.529915498644496,-0.313475958132082
0.75679781246662,0.219498198214393,-0.529915498626285,-0.313475958156328
0.756797812469481,0.219498198213873,-0.529915498608069,-0.313475958180581
0.756797812472342,0.219498198213352,-0.529915498589848,-0.313475958204841
0.756797812475203,0.219498198212832,-0.529915498571621,-0.313475958229108
0.756797812478066,0.219498198212311,-0.529915498553389,-0.313475958253382
0.75679781248093,0.21949819821179,-0.529915498535152,-0.313475958277663
0.756797812483794,0.219498198211269,-0.52991549851691,-0.31347595830195
0.756797812486659,0.219498198210748,-0.529915498498662,-0.313475958326245
0.756797812489525,0.219498198210226,-0.529915498480409,-0.313475958350547
0.756797812492392,0.219498198209705,-0.52991549846215,-0.313475958374855
0.75679781249526,0.219498198209183,-0.529915498443887,-0.313475958399171
0.756797812498129,0.219498198208661,-0.529915498425618,-0.313475958423493
0.756797812500998,0.21949819820814,-0.529915498407344,-0.313475958447823
0.756797812503869,0.219498198207618,-0.529915498389064,-0.313475958472159
0.75679781250674,0.219498198207095,-0.529915498370779,-0.313475958496502
0.756797812509612,0.219498198206573,-0.529915498352489,-0.313475958520853
0.756797812512485,0.219498198206051,-0.529915498334193,-0.31347595854521
0.756797812515359,0.219498198205528,-0.529915498315893,-0.313475958569574
0.756797812518234,0.219498198205006,-0.529915498297586,-0.313475958593945
0.75679781252111,0.219498198204483,-0.529915498279275,-0.313475958618323
0.756797812523986,0.21949819820396,-0.529915498260958,-0.313475958642708
0.756797812526864,0.219498198203437,-0.529915498242636,-0.3134759586671
0.756797812529742,0.219498198202914,-0.529915498224309,-0.313475958691499
0.756797812532621,0.21949819820239,-0.529915498205976,-0.313475958715905
0.756797812535501,0.219498198201867,-0.529915498187638,-0.313475958740318
0.756797812538382,0.219498198201343,-0.529915498169295,-0.313475958764738
0.756797812541264,0.219498198200819,-0.529915498150946,-0.313475958789164
0.756797812544147,0.219498198200296,-0.529915498132592,-0.313475958813598
0.75679781254703,0.219498198199772,-0.529915498114233,-0.313475958838039
0.756797812549915,0.219498198199248,-0.529915498095869,-0.313475958862487
0.7567978125528,0.219498198198723,-0.529915498077499,-0.313475958886941
0.756797812555686,0.219498198198199,-0.529915498059124,-0.313475958911402
0.756797812558573,0.219498198197674,-0.529915498040744,-0.313475958935871
0.756797812561461,0.21949819819715,-0.529915498022358,-0.313475958960346
0.75679781256435,0.219498198196625,-0.529915498003967,-0.313475958984829
0.756797812567239,0.2194981981961,-0.529915497985571,-0.313475959009318
0.75679781257013,0.219498198195575,-0.529915497967169,-0.313475959033814
0.756797812573021,0.21949819819505,-0.529915497948762,-0.313475959058318
0.756797812575913,0.219498198194525,-0.52991549793035,-0.313475959082828
0.756797812578806,0.219498198193999,-0.529915497911933,-0.313475959107345
0.7567978125817,0.219498198193474,-0.52991549789351,-0.313475959131869
0.756797812584595,0.219498198192948,-0.529915497875082,-0.3134759591564
0.756797812587491,0.219498198192422,-0.529915497856648,-0.313475959180938
0.756797812590387,0.219498198191897,-0.52991549783821,-0.313475959205483
0.756797812593285,0.219498198191371,-0.529915497819766,-0.313475959230035
0.756797812596183,0.219498198190844,-0.529915497801317,-0.313475959254594
0.756797812599083,0.219498198190318,-0.529915497782862,-0.313475959279159
0.756797812601983,0.219498198189792,-0.529915497764402,-0.313475959303732
0.756797812604883,0.219498198189265,-0.529915497745937,-0.313475959328312
0.756797812607785,0.219498198188738,-0.529915497727467,-0.313475959352899
0.756797812610688,0.219498198188212,-0.529915497708991,-0.313475959377492
0.756797812613591,0.219498198187685,-0.52991549769051,-0.313475959402093
0.756797812616496,0.219498198187157,-0.529915497672023,-0.3134759594267
0.756797812619401,0.219498198186631,-0.529915497653532,-0.313475959451315
0.756797812622307,0.219498198186103,-0.529915497635035,-0.313475959475936
0.756797812625214,0.219498198185576,-0.529915497616532,-0.313475959500565
0.756797812628122,0.219498198185048,-0.529915497598025,-0.3134759595252
0.756797812631031,0.21949819818452,-0.529915497579512,-0.313475959549842
0.756797812633941,0.219498198183992,-0.529915497560994,-0.313475959574491
0.756797812636851,0.219498198183464,-0.52991549754247,-0.313475959599148
0.756797812639762,0.219498198182936,-0.529915497523941,-0.313475959623811
0.756797812642675,0.219498198182408,-0.529915497505407,-0.313475959648481
0.756797812645588,0.21949819818188,-0.529915497486868,-0.313475959673158
0.756797812648502,0.219498198181351,-0.529915497468323,-0.313475959697842
0.756797812651416,0.219498198180823,-0.529915497449773,-0.313475959722533
0.756797812654332,0.219498198180294,-0.529915497431218,-0.313475959747231
0.756797812657249,0.219498198179765,-0.529915497412658,-0.313475959771936
0.756797812660166,0.219498198179236,-0.529915497394092,-0.313475959796647
0.756797812663085,0.219498198178707,-0.52991549737552,-0.313475959821366
0.756797812666004,0.219498198178178,-0.529915497356944,-0.313475959846092
0.756797812668924,0.219498198177648,-0.529915497338362,-0.313475959870825
0.756797812671845,0.219498198177118,-0.529915497319775,-0.313475959895564
0.756797812674767,0.219498198176589,-0.529915497301182,-0.313475959920311
0.756797812677689,0.219498198176059,-0.529915497282585,-0.313475959945064
0.756797812680613,0.219498198175529,-0.529915497263982,-0.313475959969825
0.756797812683537,0.219498198174999,-0.529915497245374,-0.313475959994592
0.756797812686462,0.219498198174469,-0.52991549722676,-0.313475960019367
0.756797812689389,0.219498198173938,-0.529915497208141,-0.313475960044148
0.756797812692316,0.219498198173408,-0.529915497189517,-0.313475960068936
0.756797812695243,0.219498198172877,-0.529915497170887,-0.313475960093731
0.756797812698172,0.219498198172347,-0.529915497152253,-0.313475960118534
0.756797812701102,0.219498198171816,-0.529915497133613,-0.313475960143343
0.756797812704032,0.219498198171285,-0.529915497114967,-0.313475960168159
0.756797812706964,0.219498198170754,-0.529915497096317,-0.313475960192982
0.756797812709896,0.219498198170222,-0.529915497077661,-0.313475960217812
0.756797812712829,0.219498198169691,-0.529915497058999,-0.313475960242649
0.756797812715763,0.219498198169159,-0.529915497040333,-0.313475960267493
0.756797812718698,0.219498198168628,-0.529915497021661,-0.313475960292343
0.756797812721633,0.219498198168096,-0.529915497002983,-0.313475960317201
0.75679781272457,0.219498198167564,-0.529915496984301,-0.313475960342066
0.756797812727508,0.219498198167032,-0.529915496965613,-0.313475960366938
0.756797812730446,0.2194981981665,-0.52991549694692,-0.313475960391816
0.756797812733385,0.219498198165968,-0.529915496928222,-0.313475960416702
0.756797812736325,0.219498198165435,-0.529915496909518,-0.313475960441595
0.756797812739266,0.219498198164902,-0.529915496890809,-0.313475960466494
0.756797812742208,0.21949819816437,-0.529915496872094,-0.3134759604914
0.756797812745151,0.219498198163837,-0.529915496853375,-0.313475960516314
0.756797812748094,0.219498198163304,-0.52991549683465,-0.313475960541234
0.756797812751039,0.219498198162771,-0.52991549681592,-0.313475960566162
0.756797812753984,0.219498198162238,-0.529915496797184,-0.313475960591096
0.75679781275693,0.219498198161704,-0.529915496778443,-0.313475960616037
0.756797812759877,0.219498198161171,-0.529915496759697,-0.313475960640985
0.756797812762825,0.219498198160637,-0.529915496740946,-0.313475960665941
0.756797812765774,0.219498198160103,-0.529915496722189,-0.313475960690903
0.756797812768723,0.21949819815957,-0.529915496703427,-0.313475960715871
0.756797812771674,0.219498198159036,-0.52991549668466,-0.313475960740847
0.756797812774625,0.219498198158502,-0.529915496665887,-0.313475960765831
0.756797812777578,0.219498198157967,-0.529915496647109,-0.31347596079082
0.756797812780531,0.219498198157433,-0.529915496628326,-0.313475960815817
0.756797812783485,0.219498198156898,-0.529915496609538,-0.313475960840821
0.75679781278644,0.219498198156364,-0.529915496590744,-0.313475960865832
0.756797812789396,0.219498198155829,-0.529915496571944,-0.313475960890849
0.756797812792352,0.219498198155294,-0.52991549655314,-0.313475960915874
0.756797812795309,0.219498198154759,-0.52991549653433,-0.313475960940905
0.756797812798268,0.219498198154224,-0.529915496515515,-0.313475960965944
0.756797812801227,0.219498198153688,-0.529915496496695,-0.31347596099099
0.756797812804187,0.219498198153153,-0.529915496477869,-0.313475961016042
0.756797812807148,0.219498198152617,-0.529915496459038,-0.313475961041102
0.75679781281011,0.219498198152081,-0.529915496440202,-0.313475961066168
0.756797812813073,0.219498198151546,-0.52991549642136,-0.313475961091241
0.756797812816036,0.21949819815101,-0.529915496402514,-0.313475961116321
0.756797812819001,0.219498198150474,-0.529915496383662,-0.313475961141409
0.756797812821966,0.219498198149937,-0.529915496364804,-0.313475961166503
0.756797812824932,0.219498198149401,-0.529915496345941,-0.313475961191604
0.756797812827899,0.219498198148865,-0.529915496327073,-0.313475961216712
0.756797812830867,0.219498198148328,-0.5299154963082,-0.313475961241827
0.756797812833836,0.219498198147791,-0.529915496289321,-0.313475961266949
0.756797812836806,0.219498198147254,-0.529915496270437,-0.313475961292078
0.756797812839776,0.219498198146717,-0.529915496251548,-0.313475961317214
0.756797812842748,0.21949819814618,-0.529915496232653,-0.313475961342356
0.75679781284572,0.219498198145643,-0.529915496213754,-0.313475961367506
0.756797812848693,0.219498198145105,-0.529915496194848,-0.313475961392663
0.756797812851667,0.219498198144568,-0.529915496175938,-0.313475961417827
0.756797812854642,0.21949819814403,-0.529915496157022,-0.313475961442997
0.756797812857618,0.219498198143492,-0.529915496138101,-0.313475961468175
0.756797812860595,0.219498198142954,-0.529915496119175,-0.313475961493359
0.756797812863572,0.219498198142416,-0.529915496100243,-0.313475961518551
0.75679781286655,0.219498198141878,-0.529915496081306,-0.313475961543749
0.75679781286953,0.219498198141339,-0.529915496062364,-0.313475961568955
0.75679781287251,0.219498198140801,-0.529915496043416,-0.313475961594167
0.756797812875491,0.219498198140262,-0.529915496024464,-0.313475961619386
0.756797812878472,0.219498198139724,-0.529915496005505,-0.313475961644612
0.756797812881455,0.219498198139185,-0.529915495986542,-0.313475961669846
0.756797812884439,0.219498198138646,-0.529915495967573,-0.313475961695086
0.756797812887423,0.219498198138107,-0.529915495948599,-0.313475961720333
0.756797812890409,0.219498198137567,-0.529915495929619,-0.313475961745587
0.756797812893395,0.219498198137028,-0.529915495910635,-0.313475961770848
0.756797812896382,0.219498198136488,-0.529915495891645,-0.313475961796116
0.75679781289937,0.219498198135948,-0.52991549587265,-0.313475961821391
0.756797812902359,0.219498198135409,-0.529915495853649,-0.313475961846673
0.756797812905348,0.219498198134869,-0.529915495834643,-0.313475961871961
0.756797812908339,0.219498198134329,-0.529915495815632,-0.313475961897257
0.75679781291133,0.219498198133789,-0.529915495796616,-0.31347596192256
0.756797812914323,0.219498198133248,-0.529915495777594,-0.313475961947869
0.756797812917316,0.219498198132708,-0.529915495758567,-0.313475961973186
0.75679781292031,0.219498198132167,-0.529915495739535,-0.31347596199851
0.756797812923305,0.219498198131626,-0.529915495720497,-0.31347596202384
0.756797812926301,0.219498198131085,-0.529915495701454,-0.313475962049177
0.756797812929297,0.219498198130545,-0.529915495682405,-0.313475962074522
0.756797812932295,0.219498198130003,-0.529915495663352,-0.313475962099873
0.756797812935293,0.219498198129462,-0.529915495644293,-0.313475962125232
0.756797812938293,0.219498198128921,-0.529915495625229,-0.313475962150597
0.756797812941293,0.219498198128379,-0.529915495606159,-0.313475962175969
0.756797812944294,0.219498198127837,-0.529915495587085,-0.313475962201348
0.756797812947296,0.219498198127296,-0.529915495568004,-0.313475962226734
0.756797812950298,0.219498198126754,-0.529915495548919,-0.313475962252127
0.756797812953302,0.219498198126212,-0.529915495529828,-0.313475962277528
0.756797812956306,0.21949819812567,-0.529915495510732,-0.313475962302934
0.756797812959312,0.219498198125127,-0.529915495491631,-0.313475962328348
0.756797812962318,0.219498198124585,-0.529915495472524,-0.313475962353769
0.756797812965325,0.219498198124043,-0.529915495453413,-0.313475962379197
0.756797812968333,0.2194981981235,-0.529915495434295,-0.313475962404632
0.756797812971342,0.219498198122957,-0.529915495415173,-0.313475962430074
0.756797812974352,0.219498198122414,-0.529915495396045,-0.313475962455522
0.756797812977362,0.219498198121871,-0.529915495376912,-0.313475962480978
0.756797812980374,0.219498198121327,-0.529915495357773,-0.31347596250644
0.756797812983386,0.219498198120784,-0.52991549533863,-0.31347596253191
0.756797812986399,0.219498198120241,-0.529915495319481,-0.313475962557386
0.756797812989413,0.219498198119697,-0.529915495300327,-0.31347596258287
0.756797812992428,0.219498198119153,-0.529915495281167,-0.31347596260836
0.756797812995444,0.219498198118609,-0.529915495262002,-0.313475962633858
0.756797812998461,0.219498198118065,-0.529915495242832,-0.313475962659362
0.756797813001478,0.219498198117521,-0.529915495223656,-0.313475962684873
0.756797813004497,0.219498198116977,-0.529915495204476,-0.313475962710391
0.756797813007516,0.219498198116432,-0.52991549518529,-0.313475962735916
0.756797813010536,0.219498198115888,-0.529915495166098,-0.313475962761448
0.756797813013557,0.219498198115343,-0.529915495146902,-0.313475962786988
0.756797813016579,0.219498198114798,-0.529915495127699,-0.313475962812533
0.756797813019602,0.219498198114253,-0.529915495108492,-0.313475962838086
0.756797813022626,0.219498198113708,-0.529915495089279,-0.313475962863646
0.75679781302565,0.219498198113163,-0.529915495070061,-0.313475962889213
0.756797813028676,0.219498198112617,-0.529915495050838,-0.313475962914787
0.756797813031702,0.219498198112072,-0.52991549503161,-0.313475962940368
0.756797813034729,0.219498198111526,-0.529915495012376,-0.313475962965955
0.756797813037757,0.21949819811098,-0.529915494993137,-0.31347596299155
0.756797813040786,0.219498198110435,-0.529915494973892,-0.313475963017151
0.756797813043816,0.219498198109888,-0.529915494954643,-0.31347596304276
0.756797813046846,0.219498198109342,-0.529915494935388,-0.313475963068376
0.756797813049878,0.219498198108796,-0.529915494916127,-0.313475963093998
0.75679781305291,0.21949819810825,-0.529915494896862,-0.313475963119627
0.756797813055944,0.219498198107703,-0.529915494877591,-0.313475963145264
0.756797813058978,0.219498198107156,-0.529915494858314,-0.313475963170907
0.756797813062013,0.219498198106609,-0.529915494839033,-0.313475963196557
0.756797813065049,0.219498198106062,-0.529915494819746,-0.313475963222214
0.756797813068085,0.219498198105515,-0.529915494800454,-0.313475963247879
0.756797813071123,0.219498198104968,-0.529915494781157,-0.31347596327355
0.756797813074161,0.219498198104421,-0.529915494761854,-0.313475963299228
0.756797813077201,0.219498198103873,-0.529915494742546,-0.313475963324913
0.756797813080241,0.219498198103325,-0.529915494723233,-0.313475963350605
0.756797813083282,0.219498198102778,-0.529915494703914,-0.313475963376303
0.756797813086324,0.21949819810223,-0.52991549468459,-0.313475963402009
0.756797813089367,0.219498198101682,-0.529915494665261,-0.313475963427722
0.756797813092411,0.219498198101134,-0.529915494645926,-0.313475963453442
0.756797813095455,0.219498198100585,-0.529915494626586,-0.313475963479168
0.756797813098501,0.219498198100037,-0.529915494607241,-0.313475963504902
0.756797813101547,0.219498198099488,-0.529915494587891,-0.313475963530643
0.756797813104594,0.21949819809894,-0.529915494568535,-0.313475963556391
0.756797813107642,0.219498198098391,-0.529915494549174,-0.313475963582145
0.756797813110691,0.219498198097842,-0.529915494529808,-0.313475963607906
0.756797813113741,0.219498198097293,-0.529915494510436,-0.313475963633675
0.756797813116792,0.219498198096743,-0.529915494491059,-0.31347596365945
0.756797813119843,0.219498198096194,-0.529915494471677,-0.313475963685233
0.756797813122895,0.219498198095645,-0.52991549445229,-0.313475963711022
0.756797813125949,0.219498198095095,-0.529915494432896,-0.313475963736818
0.756797813129003,0.219498198094545,-0.529915494413499,-0.313475963762621
0.756797813132058,0.219498198093995,-0.529915494394095,-0.313475963788431
0.756797813135114,0.219498198093445,-0.529915494374686,-0.313475963814248
0.756797813138171,0.219498198092895,-0.529915494355272,-0.313475963840072
0.756797813141228,0.219498198092345,-0.529915494335853,-0.313475963865903
0.756797813144287,0.219498198091794,-0.529915494316428,-0.313475963891741
0.756797813147346,0.219498198091243,-0.529915494296998,-0.313475963917586
0.756797813150406,0.219498198090693,-0.529915494277563,-0.313475963943438
0.756797813153467,0.219498198090142,-0.529915494258123,-0.313475963969297
0.756797813156529,0.219498198089591,-0.529915494238677,-0.313475963995162
0.756797813159592,0.21949819808904,-0.529915494219225,-0.313475964021035
0.756797813162656,0.219498198088489,-0.529915494199769,-0.313475964046915
0.75679781316572,0.219498198087937,-0.529915494180307,-0.313475964072801
0.756797813168786,0.219498198087386,-0.52991549416084,-0.313475964098695
0.756797813171852,0.219498198086834,-0.529915494141368,-0.313475964124595
0.75679781317492,0.219498198086283,-0.529915494121891,-0.313475964150503
0.756797813177988,0.219498198085731,-0.529915494102407,-0.313475964176417
0.756797813181057,0.219498198085179,-0.529915494082919,-0.313475964202338
0.756797813184127,0.219498198084626,-0.529915494063426,-0.313475964228267
0.756797813187197,0.219498198084074,-0.529915494043927,-0.313475964254202
0.756797813190269,0.219498198083522,-0.529915494024423,-0.313475964280144
0.756797813193341,0.219498198082969,-0.529915494004914,-0.313475964306093
0.756797813196415,0.219498198082416,-0.529915493985399,-0.313475964332049
0.756797813199489,0.219498198081864,-0.529915493965879,-0.313475964358012
0.756797813202564,0.21949819808131,-0.529915493946353,-0.313475964383982
0.75679781320564,0.219498198080757,-0.529915493926822,-0.313475964409959
0.756797813208717,0.219498198080204,-0.529915493907287,-0.313475964435943
0.756797813211794,0.219498198079651,-0.529915493887745,-0.313475964461934
0.756797813214873,0.219498198079097,-0.529915493868199,-0.313475964487931
0.756797813217952,0.219498198078543,-0.529915493848647,-0.313475964513936
0.756797813221032,0.21949819807799,-0.52991549382909,-0.313475964539948
0.756797813224114,0.219498198077436,-0.529915493809528,-0.313475964565967
0.756797813227196,0.219498198076882,-0.52991549378996,-0.313475964591992
0.756797813230279,0.219498198076328,-0.529915493770387,-0.313475964618025
0.756797813233362,0.219498198075773,-0.529915493750808,-0.313475964644064
0.756797813236447,0.219498198075218,-0.529915493731224,-0.31347596467011
0.756797813239532,0.219498198074664,-0.529915493711636,-0.313475964696164
0.756797813242619,0.219498198074109,-0.529915493692041,-0.313475964722224
0.756797813245706,0.219498198073554,-0.529915493672442,-0.313475964748292
0.756797813248794,0.219498198072999,-0.529915493652837,-0.313475964774366
0.756797813251883,0.219498198072444,-0.529915493633227,-0.313475964800447
0.756797813254973,0.219498198071889,-0.529915493613611,-0.313475964826535
0.756797813258064,0.219498198071334,-0.52991549359399,-0.31347596485263
0.756797813261156,0.219498198070778,-0.529915493574365,-0.313475964878732
0.756797813264248,0.219498198070222,-0.529915493554733,-0.313475964904841
0.756797813267342,0.219498198069666,-0.529915493535096,-0.313475964930957
0.756797813270436,0.219498198069111,-0.529915493515455,-0.31347596495708
0.756797813273531,0.219498198068554,-0.529915493495807,-0.31347596498321
0.756797813275169,0.219498198072379,-0.529915493475366,-0.313475965011132
0.756797813261174,0.219498198104867,-0.529915493463131,-0.313475965042853
0.756797813227403,0.219498198174096,-0.52991549346101,-0.313475965079496
0.756797813176567,0.219498198280094,-0.529915493463468,-0.313475965123848
0.756797813115023,0.219498198419761,-0.529915493460172,-0.313475965180203
0.756797813052861,0.219498198586034,-0.529915493436538,-0.313475965253803
0.756797813001862,0.219498198770715,-0.529915493375597,-0.313475965350629
0.756797812975088,0.219498198964976,-0.529915493258417,-0.31347596547733
0.756797812986948,0.219498199159243,-0.52991549306407,-0.313475965641205
0.756797813053232,0.219498199343088,-0.529915492769635,-0.313475965850179
0.756797813191083,0.219498199505251,-0.529915492350246,-0.313475966112785
0.756797813418959,0.219498199633661,-0.529915491779145,-0.313475966438147
0.75679781375661,0.219498199715454,-0.529915491027718,-0.313475966835965
0.756797814225049,0.219498199736986,-0.529915490065531,-0.313475967316505
0.756797814846537,0.21949819968385,-0.52991548886036,-0.31347596789059
0.75679781564456,0.219498199540885,-0.529915487378216,-0.313475968569587
0.756797816643816,0.219498199292188,-0.52991548558337,-0.313475969365406
0.7567978178702,0.219498198921123,-0.529915483438373,-0.313475970290486
0.756797819350787,0.219498198410331,-0.529915480904077,-0.313475971357794
0.756797821113826,0.219498197741735,-0.529915477939651,-0.313475972580814
0.756797823188722,0.219498196896548,-0.529915474502597,-0.313475973973546
0.756797825606031,0.219498195855284,-0.529915470548767,-0.313475975550499
0.756797828397447,0.219498194597757,-0.529915466032378,-0.313475977326686
0.756797831595792,0.219498193103095,-0.529915460906023,-0.313475979317619
0.756797835235009,0.219498191349744,-0.529915455120685,-0.313475981539308
0.756797839228355,0.219498189458074,-0.529915448822216,-0.313475983870329
0.756797843479277,0.219498187559964,-0.529915442172297,-0.313475986178122
0.756797848008392,0.219498185650404,-0.529915435143692,-0.313475988462463
0.756797852837054,0.219498183724091,-0.529915427708157,-0.313475990723262
0.756797857987357,0.219498181775421,-0.529915419836431,-0.313475992960565
0.756797863482136,0.219498179798491,-0.529915411498231,-0.313475995174565
0.756797869344975,0.219498177787088,-0.529915402662253,-0.313475997365598
0.756797875600201,0.219498175734687,-0.529915393296163,-0.313475999534158
0.756797882272893,0.219498173634449,-0.529915383366594,-0.313476001680896
0.756797889388882,0.219498171479212,-0.529915372839141,-0.313476003806624
0.756797896974665,0.219498169261513,-0.529915361678472,-0.313476005912323
0.756797905057165,0.219498166973632,-0.529915349848646,-0.313476007999161
0.756797913663935,0.21949816460755,-0.529915337312839,-0.313476010068476
0.756797922823237,0.219498162154932,-0.529915324033249,-0.313476012121786
0.756797932564031,0.219498159607116,-0.529915309971096,-0.313476014160789
0.756797942915983,0.219498156955119,-0.529915295086623,-0.313476016187362
0.756797953909461,0.219498154189633,-0.529915279339096,-0.313476018203572
0.756797965575534,0.219498151301015,-0.529915262686802,-0.313476020211672
0.756797977945972,0.219498148279298,-0.529915245087049,-0.313476022214108
0.756797991053249,0.219498145114175,-0.529915226496169,-0.313476024213521
0.756798004930537,0.219498141795009,-0.529915206869514,-0.31347602621275
0.756798019611708,0.219498138310822,-0.529915186161459,-0.313476028214832
0.756798035131333,0.219498134650298,-0.5299151643254,-0.31347603022301
0.756798051524683,0.219498130801777,-0.529915141313755,-0.313476032240731
0.756798068827726,0.21949812675326,-0.529915117077965,-0.31347603427165
0.756798087153679,0.219498122480121,-0.529915091469792,-0.313476036310266
0.756798106620608,0.219498117954722,-0.529915064334031,-0.313476038353264
0.756798127272855,0.219498113159951,-0.529915035610117,-0.313476040407955
0.756798149155525,0.219498108078263,-0.529915005236396,-0.31347604248195
0.756798172314491,0.219498102691677,-0.529914973150124,-0.313476044583161
0.756798196796381,0.219498096981778,-0.529914939287475,-0.313476046719802
0.756798222648585,0.219498090929719,-0.529914903583543,-0.313476048900384
0.756798249919244,0.219498084516216,-0.529914865972345,-0.313476051133724
0.756798278657253,0.219498077721557,-0.529914826386825,-0.313476053428937
0.756798308912256,0.219498070525596,-0.529914784758858,-0.313476055795438
0.756798340734641,0.219498062907757,-0.529914741019254,-0.313476058242945
0.756798374175543,0.219498054847035,-0.52991469509776,-0.313476060781474
0.756798409286835,0.219498046321994,-0.529914646923068,-0.313476063421346
0.756798446121131,0.21949803731077,-0.529914596422811,-0.313476066173179
0.756798484731777,0.219498027791072,-0.529914543523574,-0.313476069047892
0.756798525172853,0.219498017740181,-0.529914488150894,-0.313476072056705
0.75679856749917,0.219498007134953,-0.529914430229266,-0.313476075211141
0.756798611766265,0.219497995951816,-0.529914369682141,-0.313476078523018
0.756798658030399,0.219497984166778,-0.529914306431939,-0.313476082004457
0.756798706348555,0.21949797175542,-0.529914240400043,-0.31347608566788
0.756798756778435,0.219497958692899,-0.52991417150681,-0.313476089526006
0.756798809378458,0.219497944953955,-0.529914099671569,-0.313476093591856
0.756798864207755,0.219497930512901,-0.529914024812629,-0.313476097878748
0.756798921326168,0.219497915343634,-0.529913946847281,-0.3134761024003
0.756798980794249,0.21949789941963,-0.529913865691802,-0.31347610717043
0.75679904283875,0.219497882896619,-0.529913781114715,-0.313476111923954
0.756799107690772,0.219497865933754,-0.52991369288025,-0.313476116390059
0.756799175418446,0.219497848509022,-0.529913600896721,-0.313476120574663
0.756799246090604,0.219497830599998,-0.529913505071436,-0.313476124483976
0.756799319776776,0.21949781218384,-0.529913405310702,-0.313476128124506
0.756799396547189,0.219497793237295,-0.529913301519832,-0.313476131503054
0.756799476472761,0.219497773736697,-0.529913193603141,-0.313476134626718
0.7567995596251,0.219497753657966,-0.529913081463961,-0.31347613750289
0.756799646076499,0.219497732976614,-0.529912965004635,-0.313476140139261
0.756799735899934,0.219497711667737,-0.529912844126528,-0.313476142543816
0.756799829169061,0.219497689706025,-0.529912718730027,-0.313476144724839
0.756799925958214,0.219497667065756,-0.529912588714548,-0.313476146690908
0.756800026342396,0.219497643720799,-0.529912453978536,-0.313476148450902
0.756800130397285,0.219497619644614,-0.529912314419475,-0.313476150013995
0.756800238199223,0.219497594810254,-0.529912169933887,-0.313476151389658
0.756800349825218,0.219497569190363,-0.529912020417338,-0.313476152587663
0.756800465352939,0.219497542757181,-0.529911865764441,-0.313476153618076
0.75680058486071,0.21949751548254,-0.529911705868863,-0.313476154491264
0.756800708427513,0.219497487337867,-0.529911540623325,-0.313476155217891
0.756800836132981,0.219497458294184,-0.529911369919608,-0.313476155808919
0.756800968057395,0.219497428322113,-0.529911193648558,-0.313476156275608
0.756801104281681,0.219497397391867,-0.529911011700089,-0.313476156629516
0.75680124488741,0.219497365473262,-0.529910823963185,-0.313476156882501
0.756801389956789,0.219497332535709,-0.529910630325908,-0.313476157046718
0.756801539572664,0.219497298548221,-0.529910430675401,-0.313476157134621
0.756801693715151,0.219497262960873,-0.529910224860884,-0.313476157834135
0.756801852362409,0.219497225213488,-0.529910012730732,-0.313476159846521
0.756802015595299,0.219497185259096,-0.52990979416944,-0.313476163204683
0.756802183495306,0.219497143050326,-0.529909569060598,-0.313476167941829
0.756802356144543,0.219497098539407,-0.529909337286887,-0.313476174091464
0.756802533625746,0.219497051678174,-0.529909098730089,-0.313476181687391
0.756802716022271,0.219497002418067,-0.529908853271082,-0.313476190763707
0.756802903418094,0.219496950710135,-0.529908600789852,-0.313476201354802
0.756803095897808,0.219496896505035,-0.529908341165494,-0.313476213495356
0.756803293546618,0.219496839753042,-0.529908074276211,-0.313476227220337
0.756803496450343,0.219496780404042,-0.529907799999325,-0.313476242564999
0.756803704695411,0.219496718407541,-0.529907518211275,-0.313476259564883
0.756803918368856,0.219496653712664,-0.529907228787622,-0.313476278255806
0.756804137558318,0.219496586268159,-0.529906931603056,-0.313476298673871
0.75680436235204,0.219496516022396,-0.529906626531391,-0.313476320855454
0.756804592838866,0.219496442923375,-0.529906313445581,-0.31347634483721
0.756804829108235,0.219496366918723,-0.52990599221771,-0.313476370656066
0.756805071250185,0.219496287955697,-0.529905662719009,-0.313476398349223
0.756805319355344,0.219496205981189,-0.529905324819847,-0.313476427954148
0.756805573514932,0.219496120941726,-0.529904978389744,-0.313476459508578
0.75680583382076,0.219496032783471,-0.529904623297372,-0.313476493050518
0.75680610036522,0.219495941452229,-0.529904259410556,-0.313476528618233
0.756806373241292,0.219495846893446,-0.529903886596279,-0.313476566250254
0.756806652542534,0.219495749052209,-0.529903504720688,-0.313476605985368
0.756806938363085,0.219495647873257,-0.529903113649095,-0.313476647862624
0.756807230597784,0.219495543494746,-0.529902713554707,-0.313476691746318
0.756807529139557,0.219495436058634,-0.529902304614304,-0.313476737496673
0.756807834080528,0.219495325514828,-0.529901886697319,-0.313476785147005
0.756808145513392,0.219495211812881,-0.529901459672361,-0.313476834730893
0.756808463531411,0.219495094901995,-0.529901023407223,-0.313476886282173
0.756808788228409,0.219494974731018,-0.529900577768883,-0.313476939834942
0.756809119698774,0.219494851248454,-0.529900122623507,-0.313476995423555
0.756809458037449,0.219494724402454,-0.529899657836452,-0.313477053082621
0.756809803340656,0.219494594140469,-0.529899183271271,-0.31347711284722
0.756810155708666,0.219494460407869,-0.529898698785823,-0.313477174753723
0.756810515243647,0.219494323149,-0.529898204235288,-0.313477238839162
0.75681088204851,0.219494182307767,-0.529897699473782,-0.313477305140891
0.756811256226875,0.219494037827645,-0.529897184354396,-0.313477373696571
0.756811637883071,0.219493889651676,-0.529896658729205,-0.313477444544174
0.756812027122137,0.219493737722478,-0.529896122449263,-0.313477517721979
0.756812424049817,0.219493581982236,-0.529895575364606,-0.313477593268578
0.756812828772565,0.219493422372709,-0.529895017324254,-0.313477671222869
0.756813241397539,0.219493258835228,-0.529894448176207,-0.313477751624059
0.756813662032604,0.219493091310696,-0.529893867767455,-0.313477834511664
0.75681409078633,0.219492919739588,-0.529893275943968,-0.313477919925505
0.756814527767991,0.219492744061955,-0.529892672550706,-0.313478007905715
0.756814973087537,0.219492564217433,-0.529892057431657,-0.313478098492723
0.756815426855283,0.219492380145402,-0.529891430430264,-0.31347819172716
0.756815889182031,0.21949219178493,-0.529890791389268,-0.313478287649901
0.756816360179264,0.219491999074667,-0.529890140150426,-0.313478386302116
0.756816840370845,0.219491802363122,-0.52988947617465,-0.313478487086172
0.756817330285987,0.21949160200201,-0.529888798917241,-0.313478589398744
0.756817830045214,0.219491397934168,-0.529888108210077,-0.313478693272931
0.756818339769697,0.219491190102011,-0.529887403884095,-0.313478798742141
0.756818859581255,0.21949097844754,-0.529886685769293,-0.313478905840096
0.756819389602351,0.21949076291234,-0.529885953694731,-0.313479014600833
0.756819929956091,0.219490543437577,-0.529885207488535,-0.313479125058697
0.756820480766223,0.219490319964006,-0.529884446977899,-0.313479237248349
0.756821042157136,0.219490092431966,-0.529883671989085,-0.313479351204758
0.756821614253858,0.219489860781382,-0.529882882347427,-0.313479466963207
0.756822197182053,0.219489624951766,-0.529882077877332,-0.313479584559288
0.756822791068022,0.219489384882219,-0.529881258402283,-0.313479704028902
0.756823396038699,0.219489140511429,-0.529880423744839,-0.313479825408263
0.756824012221653,0.219488891777673,-0.52987957372664,-0.313479948733891
0.756824639745081,0.21948863861882,-0.529878708168408,-0.313480074042616
0.756825278737813,0.219488380972326,-0.529877826889947,-0.313480201371579
0.756825929329303,0.219488118775242,-0.529876929710149,-0.313480330758226
0.756826591649637,0.219487851964207,-0.529876016446992,-0.313480462240312
0.75682726582952,0.219487580475454,-0.529875086917545,-0.313480595855898
0.756827952000285,0.219487304244812,-0.529874140937967,-0.313480731643352
0.756828650293884,0.219487023207699,-0.529873178323516,-0.313480869641349
0.756829360842891,0.219486737299133,-0.529872198888541,-0.31348100988887
0.756830083780498,0.219486446453723,-0.529871202446491,-0.313481152425199
0.756830819240515,0.219486150605677,-0.529870188809918,-0.313481297289927
0.756831567357366,0.2194858496888,-0.529869157790472,-0.313481444522947
0.756832328635225,0.219485543295784,-0.529868108632629,-0.313481594468987
0.756833103581494,0.219485231015654,-0.529867040575672,-0.31348174747629
0.756833892336369,0.219484912776117,-0.529865953422126,-0.313481903590468
0.756834695040665,0.219484588504497,-0.529864846973617,-0.313482062857415
0.756835511835816,0.219484258127733,-0.529863721030877,-0.313482225323302
0.756836342863872,0.21948392157238,-0.529862575393744,-0.313482391034582
0.756837188267496,0.219483578764611,-0.529861409861165,-0.313482560037984
0.756838048189969,0.21948322963022,-0.529860224231197,-0.313482732380514
0.75683892277518,0.219482874094615,-0.529859018301011,-0.313482908109456
0.756839812167631,0.219482512082828,-0.529857791866892,-0.313483087272372
0.756840716512434,0.21948214351951,-0.529856544724241,-0.313483269917097
0.756841635955306,0.219481768328935,-0.529855276667578,-0.313483456091743
0.756842570642573,0.219481386434997,-0.529853987490545,-0.313483645844697
0.756843520721164,0.219480997761214,-0.529852676985904,-0.31348383922462
0.756844486338612,0.219480602230728,-0.529851344945543,-0.313484036280444
0.756845467643053,0.219480199766306,-0.529849991160476,-0.313484237061377
0.756846464783222,0.21947979029034,-0.529848615420847,-0.313484441616899
0.756847477908454,0.219479373724846,-0.529847217515927,-0.31348464999676
0.756848507168679,0.219478949991471,-0.529845797234125,-0.313484862250983
0.756849552714426,0.219478519011487,-0.529844354362979,-0.31348507842986
0.756850614696816,0.219478080705794,-0.529842888689168,-0.313485298583954
0.756851693267565,0.219477634994923,-0.529841399998505,-0.313485522764097
0.756852788578978,0.219477181799036,-0.529839888075949,-0.313485751021391
0.75685390078395,0.219476721037921,-0.529838352705596,-0.313485983407203
0.756855030035968,0.219476252631003,-0.529836793670692,-0.313486219973171
0.756856176346622,0.219475777181468,-0.529835211148484,-0.313486459968853
0.756857339726511,0.219475295296825,-0.529833605318835,-0.313486702638764
0.756858520328503,0.219474806902417,-0.529831975967629,-0.313486948027401
0.756859718306053,0.219474311923197,-0.529830322879889,-0.313487196179546
0.756860933813203,0.219473810283737,-0.529828645839783,-0.313487447140276
0.756862167004572,0.219473301908219,-0.529826944630625,-0.313487700954956
0.756863418035366,0.219472786720442,-0.529825219034876,-0.313487957669241
0.756864687061365,0.219472264643821,-0.529823468834151,-0.313488217329075
0.756865974238931,0.21947173560139,-0.529821693809214,-0.313488479980689
0.756867279724998,0.219471199515799,-0.529819893739986,-0.313488745670603
0.756868603677078,0.219470656309316,-0.529818068405542,-0.313489014445624
0.756869946253253,0.219470105903831,-0.529816217584121,-0.313489286352844
0.756871307612175,0.219469548220852,-0.52981434105312,-0.313489561439642
0.756872687913069,0.219468983181511,-0.529812438589103,-0.31348983975368
0.756874087315723,0.219468410706562,-0.529810509967797,-0.313490121342908
0.756875505980492,0.219467830716378,-0.5298085549641,-0.313490406255556
0.756876944068297,0.219467243130962,-0.52980657335208,-0.313490694540139
0.756878401740618,0.219466647869938,-0.529804564904978,-0.313490986245453
0.756879879159498,0.219466044852556,-0.529802529395212,-0.313491281420579
0.756881376487535,0.219465433997694,-0.529800466594374,-0.313491580114876
0.756882893887887,0.219464815223857,-0.529798376273242,-0.313491882377983
0.756884431524267,0.219464188449179,-0.529796258201773,-0.313492188259822
0.756885989560938,0.219463553591422,-0.529794112149108,-0.313492497810591
0.756887568162717,0.219462910567979,-0.529791937883579,-0.313492811080768
0.75688916749497,0.219462259295875,-0.529789735172703,-0.313493128121108
0.756890785925165,0.219461599469268,-0.52978750594151,-0.313493449833088
0.756892421811836,0.21946093078085,-0.529785252125652,-0.313493777122889
0.756894075307801,0.219460253144907,-0.52978297350735,-0.313494110048711
0.756895746566466,0.219459566475371,-0.529780669867971,-0.313494448668998
0.756897435741828,0.219458870685825,-0.529778340988027,-0.31349479304244
0.756899142988471,0.219458165689503,-0.529775986647182,-0.313495143227962
0.756900868461566,0.219457451399293,-0.529773606624253,-0.313495499284737
0.756902612316865,0.219456727727732,-0.529771200697209,-0.313495861272171
0.756904374710703,0.219455994587012,-0.529768768643177,-0.313496229249917
0.756906155799999,0.219455251888982,-0.529766310238443,-0.313496603277862
0.756907955742245,0.219454499545141,-0.529763825258456,-0.313496983416133
0.756909774695513,0.219453737466649,-0.529761313477828,-0.313497369725096
0.756911612818449,0.219452965564321,-0.529758774670337,-0.313497762265352
0.756913470270272,0.219452183748628,-0.529756208608929,-0.31349816109774
0.756915347210773,0.219451391929703,-0.529753615065725,-0.313498566283335
0.756917243800311,0.219450590017336,-0.529750993812015,-0.313498977883447
0.756919160199813,0.21944977792098,-0.529748344618268,-0.313499395959621
0.756921096570772,0.219448955549748,-0.529745667254131,-0.313499820573633
0.756923053075244,0.219448122812415,-0.529742961488431,-0.313500251787498
0.756925029875848,0.219447279617419,-0.52974022708918,-0.31350068966346
0.756927027135761,0.219446425872864,-0.529737463823575,-0.313501134263994
0.75692904501872,0.219445561486516,-0.529734671458003,-0.313501585651808
0.756931083689016,0.21944468636581,-0.529731849758039,-0.313502043889842
0.756933143311496,0.219443800417847,-0.529728998488456,-0.313502509041264
0.756935224051558,0.219442903549394,-0.529726117413219,-0.313502981169471
0.756937325139352,0.219441995238101,-0.529723207319238,-0.313503461167853
0.75693944580129,0.219441074959474,-0.529720268997385,-0.313503949933658
0.756941586197967,0.219440142616582,-0.529717302216398,-0.313504447536396
0.756943746490499,0.21943919811219,-0.529714306744262,-0.313504954045788
0.756945926840516,0.21943824134876,-0.529711282348214,-0.313505469531758
0.756948127410161,0.219437272228448,-0.529708228794739,-0.313505994064435
0.756950348362092,0.219436290653108,-0.529705145849581,-0.313506527714154
0.756952589859475,0.219435296524297,-0.529702033277743,-0.313507070551451
0.756954852065982,0.219434289743266,-0.529698890843487,-0.313507622647066
0.756957135145934,0.219433270210886,-0.529695718310138,-0.313508184072001
0.756959439265856,0.219432237826692,-0.529692515437845,-0.313508754898198
0.756961764593908,0.219431192489235,-0.529689281984404,-0.313509335198293
0.756964111298851,0.219430134096707,-0.529686017706735,-0.313509925045162
0.756966479549988,0.219429062546978,-0.529682722360965,-0.313510524511903
0.756968869517165,0.219427977737598,-0.529679395702437,-0.313511133671828
0.756971281370764,0.219426879565794,-0.529676037485707,-0.313511752598465
0.756973715281703,0.219425767928479,-0.529672647464553,-0.313512381365561
0.756976171421435,0.219424642722243,-0.529669225391968,-0.313513020047072
0.756978649961944,0.219423503843362,-0.529665771020173,-0.313513668717172
0.756981151075747,0.219422351187795,-0.529662284100612,-0.313514327450245
0.756983674935885,0.219421184651187,-0.529658764383961,-0.313514996320891
0.756986221715928,0.219420004128869,-0.529655211620122,-0.313515675403917
0.756988791589969,0.219418809515858,-0.529651625558237,-0.313516364774343
0.756991384732623,0.219417600706861,-0.52964800594668,-0.313517064507398
0.756994001319025,0.219416377596272,-0.529644352533066,-0.313517774678521
0.756996638617278,0.219415140835916,-0.529640668911577,-0.313518495353936
0.756999293884049,0.219413891080344,-0.529636958691551,-0.313519226600217
0.757001967278131,0.219412628227558,-0.52963322164216,-0.313519968493654
0.757004658958887,0.21941135217523,-0.529629457531742,-0.313520721110756
0.757007369086254,0.219410062820699,-0.529625666127809,-0.313521484528254
0.757010097820734,0.219408760060971,-0.529621847197047,-0.313522258823099
0.757012845323399,0.219407443792722,-0.52961800050532,-0.313523044072462
0.757015611755883,0.219406113912301,-0.529614125817671,-0.313523840353732
0.757018397280387,0.219404770315726,-0.529610222898326,-0.313524647744515
0.757021202059669,0.21940341289869,-0.529606291510697,-0.313525466322637
0.757024026257048,0.219402041556557,-0.529602331417382,-0.313526296166136
0.7570268700364,0.21940065618437,-0.52959834238017,-0.313527137353269
0.757029733562156,0.219399256676845,-0.529594324160042,-0.313527989962504
0.757032616999299,0.219397842928375,-0.529590276517175,-0.313528854072525
0.757035520513365,0.219396414833033,-0.529586199210945,-0.313529729762228
0.757038444270438,0.219394972284569,-0.529582091999927,-0.31353061711072
0.757041388437149,0.219393515176416,-0.529577954641901,-0.31353151619732
0.757044353180674,0.219392043401686,-0.529573786893851,-0.313532427101556
0.757047338668733,0.219390556853174,-0.529569588511973,-0.313533349903166
0.757050345069586,0.219389055423361,-0.529565359251672,-0.313534284682095
0.757053372552033,0.219387539004408,-0.529561098867567,-0.313535231518497
0.757056421285408,0.219386007488165,-0.529556807113495,-0.313536190492731
0.757059491439584,0.21938446076617,-0.529552483742511,-0.313537161685362
0.757062583184963,0.219382898729646,-0.529548128506895,-0.31353814517716
0.75706569669248,0.219381321269507,-0.52954374115815,-0.313539141049098
0.757068831791459,0.219379726734416,-0.529539321378588,-0.3135401514029
0.757071988309124,0.219378113467907,-0.529534868851432,-0.313541178347323
0.757075166414039,0.219376481352762,-0.529530383328412,-0.313542221974174
0.757078366275262,0.219374830271488,-0.529525864560536,-0.313543282375421
0.757081588062351,0.219373160106327,-0.529521312298091,-0.313544359643194
0.757084831945358,0.21937147073925,-0.529516726290642,-0.313545453869784
0.757088098094826,0.219369762051963,-0.529512106287041,-0.313546565147643
0.757091386681791,0.219368033925905,-0.529507452035425,-0.31354769356938
0.757094697877776,0.219366286242251,-0.529502763283219,-0.313548839227763
0.757098031854791,0.219364518881911,-0.52949803977714,-0.313550002215717
0.75710138878533,0.219362731725533,-0.529493281263199,-0.313551182626324
0.757104768842372,0.219360924653506,-0.529488487486704,-0.31355238055282
0.757108172199375,0.219359097545955,-0.52948365819226,-0.313553596088593
0.757111599030273,0.219357250282748,-0.529478793123778,-0.313554829327189
0.757115049509481,0.219355382743495,-0.52947389202447,-0.313556080362302
0.757118523811886,0.219353494807549,-0.529468954636859,-0.313557349287777
0.757122022112846,0.219351586354009,-0.529463980702775,-0.313558636197613
0.757125544588191,0.219349657261716,-0.529458969963362,-0.313559941185954
0.757129091414218,0.219347707409262,-0.52945392215908,-0.313561264347093
0.757132662767691,0.219345736674985,-0.529448837029707,-0.313562605775472
0.757136258825838,0.219343744936972,-0.529443714314343,-0.313563965565675
0.757139879766346,0.21934173207306,-0.529438553751409,-0.313565343812434
0.757143525767363,0.21933969796084,-0.529433355078656,-0.313566740610625
0.757147197007496,0.219337642477655,-0.529428118033164,-0.313568156055264
0.757150893665806,0.2193355655006,-0.529422842351343,-0.313569590241511
0.757154615806614,0.219333467559792,-0.52941752812025,-0.313571042492736
0.757158363494838,0.219331349186096,-0.529412175426456,-0.31357251213117
0.757162136911105,0.219329210257358,-0.529406784004655,-0.313573999250483
0.757165936236481,0.219327050651166,-0.529401353588884,-0.313575503944506
0.757169761652477,0.21932487024485,-0.529395883912527,-0.313577026307231
0.757173613341035,0.219322668915489,-0.529390374708319,-0.313578566432805
0.757177491484539,0.219320446539904,-0.529384825708349,-0.313580124415529
0.757181396265801,0.219318202994667,-0.529379236644063,-0.313581700349864
0.757185327868065,0.219315938156098,-0.529373607246265,-0.31358329433042
0.757189286475005,0.219313651900267,-0.529367937245123,-0.313584906451961
0.757193272270718,0.219311344102999,-0.529362226370171,-0.313586536809402
0.757197285439725,0.219309014639869,-0.529356474350312,-0.313588185497809
0.757201326166971,0.219306663386209,-0.529350680913821,-0.313589852612395
0.757205394637815,0.219304290217108,-0.529344845788347,-0.313591538248519
0.757209491038036,0.219301895007411,-0.52933896870092,-0.31359324250169
0.757213615553825,0.219299477631724,-0.52933304937795,-0.313594965467557
0.757217768371784,0.219297037964414,-0.529327087545232,-0.313596707241916
0.757221949678925,0.219294575879609,-0.529321082927951,-0.313598467920703
0.757226159662665,0.219292091251202,-0.52931503525068,-0.313600247599995
0.757230398510827,0.219289583952852,-0.529308944237388,-0.31360204637601
0.757234666411634,0.219287053857982,-0.529302809611443,-0.313603864345102
0.757238963553707,0.219284500839786,-0.529296631095613,-0.313605701603763
0.757243290126066,0.219281924771227,-0.52929040841207,-0.31360755824862
0.757247646318122,0.219279325525039,-0.529284141282393,-0.313609434376435
0.757252032319681,0.219276702973731,-0.529277829427574,-0.313611330084102
0.757256447760058,0.219274055616658,-0.529271472821381,-0.313613247355286
0.757260892267805,0.219271381949709,-0.529265071437357,-0.313615188178191
0.757265366032155,0.219268681839874,-0.529258624995288,-0.313617152656687
0.757269869242718,0.219265955153952,-0.529252133214398,-0.313619140894733
0.757274402089481,0.219263201758561,-0.529245595813353,-0.313621152996369
0.757278964762806,0.21926042152013,-0.52923901251026,-0.313623189065721
0.757283557453423,0.21925761430491,-0.529232383022676,-0.313625249206992
0.75728818035243,0.219254779978966,-0.529225707067609,-0.31362733352447
0.757292833651292,0.219251918408189,-0.529218984361523,-0.31362944212252
0.757297517541836,0.219249029458289,-0.529212214620338,-0.313631575105582
0.757302232216247,0.2192461129948,-0.529205397559438,-0.313633732578175
0.757306977867069,0.219243168883083,-0.529198532893671,-0.31363591464489
0.757311754687199,0.219240196988325,-0.529191620337356,-0.313638121410393
0.757316562869885,0.219237197175543,-0.529184659604282,-0.313640352979419
0.757321402608726,0.219234169309583,-0.529177650407718,-0.313642609456775
0.757326274097665,0.219231113255126,-0.529170592460409,-0.313644890947336
0.757331177530986,0.219228028876683,-0.529163485474587,-0.313647197556044
0.757336113103318,0.219224916038604,-0.52915632916197,-0.313649529387905
0.757341081009624,0.219221774605074,-0.529149123233765,-0.313651886547992
0.757346081445201,0.219218604440119,-0.529141867400676,-0.313654269141439
0.75735111460568,0.219215405407604,-0.529134561372906,-0.31365667727344
0.757356180687021,0.219212177371237,-0.529127204860158,-0.313659111049251
0.757361279885506,0.21920892019457,-0.529119797571641,-0.313661570574184
0.757366412397745,0.219205633741001,-0.529112339216074,-0.313664055953608
0.757371578420665,0.219202317873775,-0.52910482950169,-0.313666567292949
0.757376777637512,0.219198972035548,-0.529097268640297,-0.313669105382336
0.757382009729409,0.219195595667638,-0.529089656845869,-0.313671671014249
0.757387274890567,0.219192188631073,-0.529081993829176,-0.313674264297702
0.757392573315496,0.219188750786746,-0.529074279300532,-0.313676885341748
0.757397905199005,0.219185281995419,-0.529066512969794,-0.313679534255475
0.757403270736197,0.219181782117722,-0.52905869454637,-0.313682211148005
0.757408670122468,0.219178251014158,-0.529050823739221,-0.313684916128495
0.757414103553502,0.219174688545103,-0.529042900256866,-0.313687649306129
0.75741957122527,0.219171094570806,-0.529034923807385,-0.313690410790124
0.757425073334025,0.219167468951397,-0.529026894098421,-0.313693200689723
0.7574306100763,0.219163811546881,-0.52901881083719,-0.313696019114195
0.757436181648904,0.219160122217147,-0.529010673730476,-0.313698866172833
0.757441788249462,0.219156400821479,-0.52900248248382,-0.313701741975382
0.757447430077141,0.2191526472179,-0.528994236800387,-0.313704646632621
0.757453107331496,0.219148861264217,-0.528985936382752,-0.313707580255437
0.757458820212363,0.219145042818113,-0.528977580933051,-0.313710542954744
0.757464568919862,0.219141191737146,-0.528969170152979,-0.313713534841483
0.757470353654391,0.219137307878754,-0.528960703743804,-0.313716556026621
0.757476174616623,0.219133391100252,-0.528952181406358,-0.313719606621146
0.757482032007503,0.219129441258841,-0.528943602841054,-0.313722686736069
0.757487926028248,0.219125458211603,-0.528934967747881,-0.313725796482418
0.757493856880337,0.219121441815508,-0.528926275826411,-0.313728935971243
0.757499824765517,0.219117391927412,-0.528917526775804,-0.313732105313606
0.75750582988579,0.219113308404063,-0.528908720294811,-0.313735304620586
0.757511872443419,0.2191091911021,-0.528899856081779,-0.313738534003273
0.757517956254344,0.21910504106655,-0.528890929732022,-0.313741790934305
0.757524085143406,0.219100859343386,-0.528881936829883,-0.31374507288196
0.75753025932652,0.219096645790518,-0.528872877056748,-0.313748379950809
0.757536479019712,0.219092400265776,-0.528863750093777,-0.313751712245441
0.757542744439118,0.219088122626914,-0.528854555621911,-0.313755069870456
0.757549055800979,0.21908381273161,-0.528845293321878,-0.313758452930472
0.757555413321639,0.219079470437471,-0.528835962874194,-0.313761861530114
0.757561817217538,0.219075095602031,-0.528826563959173,-0.313765295774017
0.757568267705214,0.219070688082758,-0.528817096256927,-0.313768755766824
0.757574765001292,0.219066247737053,-0.528807559447372,-0.31377224161318
0.757581309322486,0.219061774422254,-0.528797953210234,-0.313775753417737
0.757587900885593,0.219057267995637,-0.528788277225054,-0.313779291285146
0.757594539907488,0.21905272831442,-0.528778531171191,-0.313782855320057
0.757601226605125,0.219048155235761,-0.52876871472783,-0.313786445627118
0.757607961195525,0.219043548616767,-0.528758827573981,-0.31379006231097
0.757614743895782,0.219038908314491,-0.528748869388492,-0.31379370547625
0.757621574923051,0.219034234185936,-0.528738839850048,-0.313797375227586
0.757628454494548,0.219029526088057,-0.528728738637175,-0.313801071669593
0.757635382827547,0.219024783877765,-0.528718565428252,-0.313804794906876
0.757642360139373,0.219020007411925,-0.528708319901507,-0.313808545044022
0.757649386647402,0.219015196547364,-0.528698001735029,-0.313812322185606
0.757656462569053,0.21901035114087,-0.528687610606769,-0.31381612643618
0.757663588121787,0.219005471049191,-0.528677146194545,-0.313819957900278
0.757670763523104,0.219000556129047,-0.528666608176051,-0.313823816682409
0.757677988990535,0.218995606237122,-0.528655996228857,-0.313827702887061
0.757685265263003,0.218990619911747,-0.528645308959023,-0.313831618084635
0.757692593082707,0.218985595689327,-0.528634544967673,-0.313835563846762
0.757699972672109,0.218980533423648,-0.528623703924835,-0.313839540279693
0.757707404253649,0.218975432968536,-0.528612785500501,-0.313843547489575
0.757714888049743,0.218970294177862,-0.528601789364632,-0.313847585582454
0.757722424282776,0.218965116905542,-0.528590715187162,-0.313851654664269
0.757730013175101,0.218959901005538,-0.528579562638004,-0.313855754840853
0.757737654949032,0.218954646331865,-0.528568331387057,-0.31385988621793
0.75774534982684,0.218949352738589,-0.528557021104207,-0.313864048901111
0.75775309803075,0.218944020079831,-0.528545631459339,-0.313868242995896
0.757760899782937,0.218938648209768,-0.528534162122338,-0.313872468607669
0.757768755305518,0.218933236982639,-0.528522612763093,-0.313876725841696
0.757776664820555,0.218927786252744,-0.528510983051507,-0.313881014803125
0.75778462855004,0.218922295874448,-0.528499272657501,-0.313885335596983
0.757792646715903,0.218916765702182,-0.528487481251017,-0.313889688328175
0.757800719539999,0.218911195590446,-0.528475608502026,-0.313894073101478
0.757808847244104,0.218905585393812,-0.528463654080532,-0.313898490021546
0.757817030049917,0.218899934966927,-0.528451617656581,-0.313902939192901
0.757825268179049,0.218894244164512,-0.528439498900259,-0.313907420719936
0.757833561853021,0.21888851284137,-0.528427297481707,-0.313911934706911
0.757841911293263,0.218882740852383,-0.528415013071118,-0.31391648125795
0.757850316721103,0.218876928052516,-0.528402645338748,-0.313921060477041
0.757858778357769,0.218871074296823,-0.528390193954919,-0.313925672468034
0.75786729642438,0.218865179440442,-0.528377658590026,-0.313930317334637
0.757875871141945,0.218859243338605,-0.528365038914539,-0.313934995180417
0.757884503801999,0.218853265151331,-0.528352333044972,-0.313939706624273
0.757893195698081,0.21884724403667,-0.528339539094412,-0.31394445228672
0.757901947054012,0.218841179847053,-0.528326656728349,-0.313949232273521
0.757910758093464,0.218835072435015,-0.52831368561239,-0.313954046690284
0.757919629039959,0.2188289216532,-0.528300625412268,-0.313958895642463
0.757928560116858,0.218822727354362,-0.528287475793851,-0.313963779235354
0.757937551547364,0.218816489391367,-0.52827423642314,-0.313968697574095
0.757946603554511,0.218810207617199,-0.528260906966283,-0.313973650763658
0.757955716361164,0.218803881884958,-0.528247487089574,-0.313978638908856
0.757964890190015,0.218797512047864,-0.528233976459462,-0.313983662114334
0.757974125263572,0.218791097959261,-0.528220374742557,-0.313988720484567
0.757983421804164,0.218784639472619,-0.528206681605632,-0.313993814123866
0.75799278003393,0.218778136441535,-0.528192896715633,-0.313998943136362
0.758002200174814,0.218771588719735,-0.528179019739682,-0.314004107626019
0.758011682448568,0.21876499616108,-0.528165050345082,-0.314009307696621
0.758021227076737,0.218758358619567,-0.528150988199327,-0.314014543451773
0.758030834280663,0.218751675949328,-0.528136832970101,-0.314019814994904
0.758040504281479,0.218744948004637,-0.528122584325288,-0.314025122429254
0.758050237300099,0.218738174639912,-0.528108241932979,-0.314030465857886
0.758060033557221,0.218731355709713,-0.528093805461472,-0.314035845383671
0.758069893273317,0.218724491068751,-0.528079274579284,-0.314041261109293
0.758079816668633,0.218717580571886,-0.528064648955149,-0.314046713137245
0.758089803963181,0.218710624074131,-0.528049928258033,-0.314052201569829
0.758099855376735,0.218703621430653,-0.528035112157132,-0.31405772650915
0.75810997112883,0.218696572496779,-0.52802020032188,-0.314063288057117
0.75812015172486,0.21868947708436,-0.528005192052508,-0.314068886276305
0.758130397672275,0.21868233500402,-0.527990086646138,-0.314074521230028
0.758140709193292,0.218675146109492,-0.527974883767952,-0.31408019302099
0.758151086509832,0.218667910254704,-0.527959583083438,-0.314085901751677
0.758161529843516,0.218660627293771,-0.527944184258406,-0.31409164752435
0.75817203941566,0.218653297081005,-0.527928686958986,-0.314097430441043
0.758182615447273,0.218645919470915,-0.527913090851635,-0.314103250603563
0.758193258159046,0.218638494318207,-0.527897395603149,-0.314109108113487
0.758203967771356,0.218631021477793,-0.527881600880659,-0.314115003072159
0.758214744504253,0.218623500804785,-0.527865706351646,-0.31412093558069
0.758225588577462,0.218615932154506,-0.527849711683941,-0.314126905739955
0.758236500210374,0.218608315382486,-0.527833616545732,-0.314132913650588
0.758247479622045,0.218600650344469,-0.527817420605571,-0.314138959412986
0.758258527031188,0.218592936896412,-0.52780112353238,-0.3141450431273
0.758269642656169,0.218585174894491,-0.527784724995453,-0.314151164893439
0.758280826715006,0.218577364195101,-0.527768224664468,-0.314157324811065
0.758292079425359,0.218569504654859,-0.527751622209489,-0.31416352297959
0.758303401004532,0.218561596130606,-0.527734917300969,-0.314169759498177
0.758314791669459,0.218553638479413,-0.527718109609762,-0.314176034465734
0.758326251636711,0.218545631558579,-0.527701198807124,-0.314182347980916
0.758337781122482,0.218537575225635,-0.527684184564722,-0.31418870014212
0.758349380342588,0.218529469338349,-0.527667066554637,-0.314195091047484
0.758361049512465,0.218521313754722,-0.52764984444937,-0.314201520794886
0.758372788847158,0.218513108333,-0.52763251792185,-0.314207989481941
0.758384598561324,0.218504852931669,-0.527615086645437,-0.314214497205996
0.758396478090605,0.218496549730118,-0.527597552018538,-0.314221041433967
0.758408426869375,0.218488200910325,-0.527579915442333,-0.314227619630023
0.758420445109821,0.21847980633499,-0.52756217659496,-0.314234231887033
0.758432533023778,0.218471365867001,-0.527544335154928,-0.314240878297664
0.758444690822723,0.218462879369431,-0.527526390801122,-0.314247558954375
0.75845691871777,0.218454346705545,-0.527508343212808,-0.314254273949422
0.758469216919669,0.2184457677388,-0.527490192069638,-0.314261023374849
0.758481585638798,0.218437142332846,-0.527471937051658,-0.314267807322489
0.758494025085163,0.218428470351534,-0.527453577839312,-0.314274625883965
0.758506535468385,0.218419751658911,-0.527435114113448,-0.314281479150681
0.758519116997709,0.218410986119229,-0.527416545555322,-0.314288367213828
0.758531769881985,0.218402173596941,-0.527397871846603,-0.314295290164375
0.758544494329676,0.21839331395671,-0.527379092669383,-0.314302248093074
0.758557290548845,0.218384407063408,-0.527360207706178,-0.314309241090451
0.758570158747155,0.218375452782116,-0.527341216639936,-0.314316269246811
0.758583099131864,0.218366450978131,-0.52732211915404,-0.314323332652229
0.75859611190982,0.218357401516967,-0.527302914932316,-0.314330431396555
0.758609197287456,0.218348304264355,-0.527283603659037,-0.314337565569407
0.758622355470788,0.218339159086247,-0.52726418501893,-0.314344735260172
0.758635586665408,0.21832996584882,-0.527244658697178,-0.314351940558003
0.758648891076482,0.218320724418475,-0.527225024379429,-0.314359181551815
0.758662268908743,0.218311434661843,-0.527205281751801,-0.31436645833029
0.75867572036649,0.218302096445785,-0.527185430500885,-0.314373770981865
0.758689245653581,0.218292709637394,-0.527165470313755,-0.31438111959474
0.75870284497343,0.218283274103998,-0.527145400877965,-0.31438850425687
0.758716521290924,0.218273788610813,-0.527125218085372,-0.314395925520881
0.758730277565318,0.218264251928167,-0.527104917835647,-0.314403383934347
0.758744113990959,0.218254663931375,-0.527084499828729,-0.314410879577306
0.758758030761844,0.218245024495917,-0.527063963764883,-0.314418412529602
0.758772028071615,0.218235333497435,-0.527043309344713,-0.314425982870888
0.758786106113556,0.218225590811746,-0.527022536269166,-0.314433590680621
0.758800265080586,0.218215796314831,-0.527001644239535,-0.314441236038061
0.758814505165262,0.218205949882848,-0.526980632957465,-0.314448919022268
0.758828826559765,0.218196051392129,-0.526959502124959,-0.314456639712106
0.758843229455903,0.218186100719184,-0.526938251444385,-0.314464398186231
0.758857714045105,0.218176097740702,-0.526916880618475,-0.314472194523098
0.758872280518415,0.218166042333554,-0.526895389350337,-0.314480028800956
0.75888692906649,0.218155934374797,-0.526873777343458,-0.314487901097845
0.758901659879594,0.21814577374167,-0.526852044301707,-0.314495811491595
0.758916473147595,0.218135560311606,-0.526830189929344,-0.314503760059827
0.758931369059961,0.218125293962225,-0.526808213931022,-0.314511746879944
0.758946347805753,0.218114974571342,-0.526786116011793,-0.314519772029138
0.758961409573626,0.218104602016968,-0.526763895877118,-0.314527835584382
0.758976554551819,0.21809417617731,-0.526741553232862,-0.314535937622431
0.758991782928155,0.218083696930777,-0.526719087785312,-0.314544078219818
0.759007094887576,0.218073164157683,-0.526696499244782,-0.314552257451554
0.759022490604983,0.21806257774524,-0.52667378733616,-0.314560475387318
0.759037970252647,0.218051937582409,-0.526650951787995,-0.314568732095383
0.759053534002698,0.218041243558182,-0.526627992328864,-0.314577027643924
0.759069182027112,0.21803049556159,-0.526604908687368,-0.314585362101015
0.759084911231168,0.218019692522499,-0.52658170434273,-0.31459373780333
0.759100718545217,0.218008833352254,-0.526558382737221,-0.314602157102724
0.759116604178729,0.217997917912124,-0.526534943543909,-0.31461062008989
0.759132568340409,0.217986946063885,-0.526511386436814,-0.314619126855027
0.759148611238846,0.217975917669352,-0.52648771108993,-0.314627677488202
0.759164733112757,0.217964832569425,-0.52646391713277,-0.314636272095318
0.759180934224567,0.217953690588599,-0.526440004159802,-0.314644910794614
0.75919721483667,0.217942491551427,-0.526415971765371,-0.314653593704123
0.759213575209759,0.217931235283675,-0.526391819546147,-0.314662320940789
0.759230015602825,0.217919921612324,-0.526367547101125,-0.314671092620466
0.75924653627315,0.21790855036557,-0.526343154031641,-0.314679908857913
0.759263137476303,0.217897121372831,-0.526318639941368,-0.314688769766802
0.759279819466132,0.217885634464742,-0.526294004436331,-0.314697675459711
0.759296582494765,0.217874089473158,-0.526269247124908,-0.314706626048128
0.759313426812598,0.217862486231159,-0.526244367617836,-0.314715621642447
0.759330352668298,0.217850824573049,-0.526219365528217,-0.314724662351971
0.759347360308792,0.217839104334354,-0.526194240471525,-0.314733748284911
0.759364449977887,0.217827325352789,-0.526168992067647,-0.314742879547653
0.759381621907836,0.217815487474101,-0.526143619953282,-0.314752056240306
0.75939887632431,0.217803590548606,-0.526118123774635,-0.314761278459356
0.759416213451232,0.217791634427832,-0.526092503180292,-0.314770546300224
0.759433633511012,0.217779618964346,-0.526066757820872,-0.314779859857398
0.759451136724547,0.21776754401176,-0.526040887349025,-0.314789219224436
0.759468723311213,0.217755409424732,-0.526014891419449,-0.314798624493959
0.759486393488866,0.217743215058962,-0.525988769688881,-0.314808075757656
0.7595041453028,0.217730958945944,-0.525962523915323,-0.314817576099184
0.759521976813182,0.217718639105154,-0.525936155834176,-0.314827128612457
0.759539888257698,0.217706255376067,-0.525909665071669,-0.314836733402917
0.759557879872149,0.217693807599623,-0.525883051256655,-0.314846390574665
0.759575951890456,0.217681295618224,-0.525856314020614,-0.314856100230459
0.759594104544653,0.217668719275735,-0.525829452997653,-0.314865862471715
0.759612338064883,0.217656078417485,-0.525802467824516,-0.314875677398512
0.759630652679399,0.217643372890266,-0.525775358140581,-0.314885545109589
0.759649048616291,0.217630602541117,-0.525748123585306,-0.314895465703277
0.759667526108588,0.217617767213778,-0.525720763790712,-0.314905439280205
0.75968608538902,0.217604866752342,-0.525693278389098,-0.314915465940505
0.759704726688277,0.217591901002483,-0.525665667015622,-0.314925545782869
0.759723450235002,0.217578869811453,-0.525637929308304,-0.314935678904557
0.759742256255791,0.21756577302808,-0.525610064908025,-0.314945865401398
0.759761144970282,0.217552610506213,-0.525582073465786,-0.314956105365149
0.759780116576711,0.21753938211482,-0.525553954664032,-0.314966398875783
0.759799171266708,0.217526087727592,-0.525525708194793,-0.314976746009469
0.759818309230238,0.217512727219465,-0.525497333752387,-0.314987146841241
0.759837530655601,0.217499300466623,-0.52546883103342,-0.314997601444996
0.759856835729425,0.217485807346498,-0.525440199736788,-0.315008109893494
0.759876224636672,0.217472247737767,-0.525411439563679,-0.315018672258368
0.759895697560629,0.217458621520349,-0.525382550217572,-0.315029288610115
0.759915254680964,0.217444928576785,-0.525353531407126,-0.315039959017049
0.759934896161827,0.217431168800599,-0.525324382863769,-0.315050683538886
0.75995462215883,0.217417342091361,-0.525295104331371,-0.315061462230548
0.759974429987065,0.217403446589582,-0.525265698507166,-0.315072298288163
0.759994316961694,0.217389480437141,-0.525236168088816,-0.315083194906639
0.760014283236079,0.217375443537425,-0.525206512824066,-0.315094152137486
0.76003432896229,0.21736133579487,-0.52517673246243,-0.315105170031208
0.760054454291105,0.21734715711496,-0.525146826755187,-0.315116248637314
0.760074659372011,0.217332907404225,-0.525116795455381,-0.315127388004312
0.760094944353198,0.217318586570238,-0.52508663831783,-0.315138588179714
0.760115309381562,0.217304194521622,-0.525056355099118,-0.315149849210039
0.760135754602704,0.217289731168038,-0.5250259455576,-0.315161171140811
0.760156280156811,0.217275196423128,-0.524995409459508,-0.315172554014296
0.760176886166522,0.217260590213108,-0.524964746596941,-0.315183997862888
0.760197572749318,0.21724591246793,-0.524933956769482,-0.315195502715945
0.760218340021662,0.217231163118322,-0.524903039778062,-0.315207068602085
0.760239188098995,0.21721634209579,-0.524871995424959,-0.31521869554918
0.760260117095739,0.217201449332616,-0.524840823513796,-0.315230383584362
0.760281127125294,0.217186484761857,-0.524809523849546,-0.315242132734019
0.76030221830004,0.217171448317343,-0.524778096238526,-0.315253943023802
0.760323390731334,0.21715633993368,-0.524746540488402,-0.315265814478623
0.760344644529511,0.217141159546245,-0.524714856408189,-0.315277747122656
0.760365979803887,0.217125907091185,-0.524683043808247,-0.31528974097934
0.76038739666275,0.217110582505422,-0.524651102500285,-0.315301796071378
0.760408895213371,0.217095185726642,-0.524619032297362,-0.315313912420742
0.760430475561994,0.217079716693306,-0.524586833013879,-0.31532609004867
0.760452137813844,0.217064175344636,-0.524554504465589,-0.315338328975669
0.760473882073119,0.217048561620626,-0.524522046469591,-0.315350629221521
0.760495709576325,0.21703287451396,-0.52448945711119,-0.315362991607162
0.760517621519558,0.217017113040726,-0.524456734533129,-0.315375416937576
0.760539617945183,0.217001277176907,-0.524423878640225,-0.315387905207745
0.760561698895097,0.216985366898777,-0.524390889337802,-0.315400456412345
0.76058386441073,0.216969382182901,-0.524357766531698,-0.315413070545753
0.760606114533045,0.21695332300613,-0.524324510128256,-0.315425747602041
0.76062844930254,0.216937189345604,-0.524291120034331,-0.31543848757498
0.760650868759246,0.216920981178752,-0.524257596157281,-0.315451290458037
0.76067337294273,0.21690469848329,-0.524223938404975,-0.315464156244383
0.760695961892094,0.216888341237218,-0.524190146685787,-0.315477084926884
0.760718635645974,0.216871909418823,-0.524156220908595,-0.315490076498108
0.760741394242544,0.21685540300668,-0.524122160982784,-0.315503130950323
0.760764237719514,0.216838821979645,-0.524087966818242,-0.3155162482755
0.760787166114131,0.21682216631686,-0.524053638325362,-0.315529428465309
0.760810179463177,0.216805435997751,-0.524019175415038,-0.315542671511124
0.760833277802975,0.216788631002025,-0.523984577998669,-0.315555977404021
0.760856461169384,0.216771751309672,-0.523949845988152,-0.315569346134778
0.760879729597802,0.216754796900966,-0.523914979295889,-0.31558277769388
0.760903083123167,0.21673776775646,-0.523879977834779,-0.315596272071515
0.760926521779955,0.216720663856988,-0.523844841518222,-0.315609829257573
0.760950045602184,0.216703485183663,-0.523809570260118,-0.315623449241653
0.760973654623411,0.21668623171788,-0.523774163974863,-0.315637132013059
0.760997348876733,0.21666890344131,-0.523738622577351,-0.3156508775608
0.76102112839479,0.216651500335904,-0.523702945982975,-0.315664685873595
0.761044993209764,0.216634022383891,-0.523667134107621,-0.315678556939868
0.761068943019794,0.216616471559518,-0.523631187960015,-0.31569248837345
0.761092977525123,0.216598849832318,-0.52359510854526,-0.315706477793435
0.761117096760395,0.216581157177859,-0.523558895774561,-0.315720525195702
0.761141300759793,0.216563393571996,-0.523522549559626,-0.315734630575837
0.76116558955704,0.216545558990858,-0.523486069812671,-0.315748793929136
0.7611899631854,0.216527653410858,-0.523449456446412,-0.315763015250602
0.761214421677678,0.216509676808685,-0.52341270937407,-0.315777294534951
0.761238965066218,0.216491629161307,-0.523375828509365,-0.315791631776607
0.761263593382909,0.216473510445971,-0.52333881376652,-0.315806026969706
0.76128830665918,0.216455320640198,-0.523301665060258,-0.315820480108098
0.761313104926005,0.216437059721787,-0.523264382305799,-0.31583499118534
0.761337988213899,0.216418727668811,-0.523226965418865,-0.315849560194708
0.761362956552925,0.216400324459619,-0.523189414315672,-0.315864187129189
0.761388009972687,0.216381850072833,-0.523151728912936,-0.315878871981483
0.761413148502337,0.21636330448735,-0.523113909127866,-0.315893614744008
0.76143837217057,0.216344687682337,-0.523075954878168,-0.315908415408894
0.761463681005629,0.216325999637235,-0.52303786608204,-0.315923273967992
0.761489075035304,0.216307240331756,-0.522999642658177,-0.315938190412865
0.761514554286934,0.216288409745881,-0.522961284525764,-0.315953164734796
0.761540118787402,0.216269507859864,-0.522922791604478,-0.315968196924787
0.761565768563144,0.216250534654227,-0.522884163814488,-0.315983286973556
0.761591503640142,0.216231490109758,-0.522845401076451,-0.315998434871543
0.761617324043931,0.216212374207517,-0.522806503311516,-0.316013640608908
0.761643229799594,0.216193186928828,-0.522767470441318,-0.316028904175529
0.761669220931766,0.216173928255285,-0.522728302387979,-0.316044225561008
0.761695296785087,0.216154600536939,-0.522689000734511,-0.31605960202682
0.761721456704792,0.216135206122647,-0.522649567063715,-0.316075030835974
0.761747700715742,0.216115744992592,-0.52261000129812,-0.316090511979966
0.761774028842363,0.216096217127198,-0.522570303360727,-0.316106045450046
0.761800441108646,0.216076622507139,-0.522530473175013,-0.316121631237213
0.761826937538149,0.216056961113326,-0.52249051066492,-0.316137269332217
0.761853518154078,0.216037232926853,-0.522450415754736,-0.316152959725614
0.761880182979539,0.216017437928799,-0.522410188368718,-0.316168702407911
0.761906932037281,0.215997576100429,-0.522369828431471,-0.31618449736942
0.76193376534962,0.215977647423248,-0.522329335868074,-0.3162003446002
0.761960682938436,0.215957651879006,-0.522288710604077,-0.316216244090067
0.761987684825178,0.215937589449691,-0.522247952565496,-0.316232195828587
0.762014771030861,0.215917460117537,-0.522207061678818,-0.316248199805078
0.762041941576067,0.215897263865013,-0.522166037870997,-0.316264256008615
0.762069196480949,0.215877000674832,-0.522124881069455,-0.316280364428027
0.762096535765228,0.215856670529945,-0.52208359120208,-0.316296525051898
0.762123959448193,0.21583627341354,-0.522042168197222,-0.316312737868566
0.762151467548706,0.215815809309044,-0.522000611983699,-0.316329002866129
0.7621790600852,0.215795278200123,-0.521958922490791,-0.316345320032438
0.762206737075678,0.215774680070675,-0.521917099648239,-0.316361689355104
0.762234498537717,0.215754014904839,-0.52187514338625,-0.316378110821496
0.762262344488467,0.215733282686986,-0.521833053635485,-0.316394584418742
0.762290274944649,0.215712483401723,-0.521790830327071,-0.316411110133729
0.762318289922563,0.215691617033891,-0.52174847339259,-0.316427687953104
0.76234638943808,0.215670683568564,-0.521705982764084,-0.316444317863274
0.762374574504615,0.215649681270424,-0.52166335652989,-0.316461001658722
0.762402846132069,0.215628608410295,-0.521620592783652,-0.316477741126911
0.762431204330413,0.215607464982803,-0.521577691466054,-0.316494536243372
0.762459649109192,0.215586250982791,-0.52153465251823,-0.316511386983411
0.762488180477525,0.21556496640532,-0.521491475881762,-0.316528293322112
0.762516798444109,0.21554361124567,-0.52144816149868,-0.316545255234332
0.762545503017218,0.215522185499336,-0.521404709311461,-0.316562272694707
0.762574294204702,0.215500689162032,-0.521361119263031,-0.316579345677651
0.762603172013991,0.215479122229684,-0.521317391296758,-0.316596474157353
0.762632136446992,0.215457484702426,-0.521273525364227,-0.316613658104559
0.762661187496527,0.215435776587383,-0.521229521430679,-0.316630897484316
0.76269032515448,0.215413997892296,-0.521185379462592,-0.316648192261135
0.762719549412347,0.215392148625093,-0.521141099426851,-0.316665542399336
0.762748860261231,0.21537022879389,-0.521096681290748,-0.316682947863047
0.762778257691851,0.215348238406987,-0.521052125021979,-0.316700408616206
0.762807741694535,0.215326177472873,-0.521007430588646,-0.31671792462256
0.762837312259226,0.21530404600022,-0.520962597959252,-0.316735495845669
0.762866969375482,0.215281843997884,-0.520917627102702,-0.316753122248903
0.762896713032474,0.215259571474907,-0.520872517988303,-0.316770803795443
0.762926543218991,0.215237228440513,-0.52082727058576,-0.316788540448286
0.762956459923439,0.215214814904106,-0.520781884865176,-0.316806332170239
0.762986463133842,0.215192330875275,-0.520736360797053,-0.316824178923924
0.763016552837842,0.215169776363788,-0.520690698352287,-0.316842080671779
0.763046729022702,0.215147151379595,-0.52064489750217,-0.316860037376056
0.763076991675307,0.215124455932824,-0.520598958218386,-0.316878048998823
0.76310734279696,0.215101690549198,-0.520552878128443,-0.316896114151679
0.763137784385364,0.215078855751316,-0.52050665486256,-0.316914231450546
0.76316831642143,0.215055951544888,-0.520460288397085,-0.316932400863696
0.763198938885683,0.215032977935816,-0.520413778708764,-0.316950622359206
0.763229651758265,0.215009934930186,-0.52036712577474,-0.316968895904963
0.763260455018932,0.214986822534271,-0.520320329572552,-0.31698722146866
0.763291348647061,0.214963640754528,-0.520273390080135,-0.317005599017799
0.763322332621643,0.214940389597602,-0.520226307275815,-0.317024028519693
0.763353406921291,0.214917069070317,-0.520179081138313,-0.317042509941463
0.763384571524239,0.214893679179685,-0.520131711646739,-0.317061043250043
0.76341582640834,0.214870219932897,-0.520084198780596,-0.317079628412179
0.763447171551071,0.214846691337327,-0.520036542519771,-0.317098265394427
0.763478606929531,0.214823093400531,-0.519988742844545,-0.317116954163159
0.763510132520446,0.214799426130242,-0.519940799735579,-0.317135694684556
0.763541748300163,0.214775689534376,-0.519892713173924,-0.31715448692462
0.76357345424466,0.214751883621027,-0.519844483141013,-0.317173330849163
0.763605250329538,0.214728008398466,-0.519796109618662,-0.317192226423815
0.763637136530028,0.214704063875142,-0.51974759258907,-0.317211173614021
0.763669112820991,0.214680050059683,-0.519698932034814,-0.317230172385045
0.763701179176918,0.214655966960888,-0.519650127938854,-0.317249222701969
0.763733335571931,0.214631814587738,-0.519601180284524,-0.317268324529691
0.763765581979782,0.214607592949382,-0.519552089055539,-0.317287477832932
0.76379791837386,0.214583302055147,-0.519502854235987,-0.317306682576228
0.763830344727185,0.214558941914532,-0.519453475810332,-0.317325938723941
0.763862861012415,0.21453451253721,-0.519403953763412,-0.317345246240251
0.763895466398296,0.214510015531884,-0.519354289654137,-0.317364603367305
0.763928160057729,0.214485452505043,-0.519304485036373,-0.317384008348919
0.763960941969047,0.21446082346328,-0.519254539887956,-0.317403461151522
0.76399381211021,0.214436128413357,-0.519204454187107,-0.317422961741377
0.764026770458809,0.214411367362199,-0.519154227912431,-0.317442510084585
0.764059816992067,0.214386540316895,-0.519103861042913,-0.317462106147082
0.764092951686837,0.214361647284697,-0.519053353557919,-0.317481749894644
0.764126174519606,0.21433668827302,-0.519002705437196,-0.317501441292883
0.764159485466494,0.21431166328944,-0.518951916660865,-0.317521180307253
0.764192884503257,0.214286572341694,-0.518900987209429,-0.317540966903043
0.764226371605286,0.214261415437679,-0.518849917063762,-0.317560801045388
0.76425994674761,0.214236192585452,-0.518798706205115,-0.31758068269926
0.764293609904896,0.21421090379323,-0.518747354615111,-0.317600611829472
0.764327361051449,0.214185549069386,-0.518695862275744,-0.317620588400683
0.764361200161216,0.214160128422453,-0.518644229169379,-0.31764061237739
0.764395127207784,0.214134641861121,-0.518592455278753,-0.317660683723939
0.764429142164382,0.214109089394233,-0.518540540586966,-0.317680802404515
0.764463245003884,0.214083471030791,-0.518488485077488,-0.317700968383151
0.764497435698807,0.21405778677995,-0.518436288734155,-0.317721181623723
0.764531714221313,0.214032036651021,-0.518383951541165,-0.317741442089955
0.764566080543211,0.214006220653467,-0.518331473483081,-0.317761749745417
0.76460053463596,0.213980338796905,-0.518278854544827,-0.317782104553526
0.764635076470662,0.213954391091103,-0.518226094711689,-0.317802506477547
0.764669706018075,0.213928377545982,-0.518173193969309,-0.317822955480594
0.764704423248602,0.213902298171614,-0.518120152303691,-0.317843451525629
0.764739226617458,0.213876151914127,-0.518066971223773,-0.317863996454401
0.76477411458144,0.213849937723745,-0.518013652237975,-0.317884592103485
0.764809087112812,0.213823655616899,-0.517960195332051,-0.317905238427864
0.764844144183508,0.213797305610157,-0.517906600492089,-0.317925935382381
0.764879285765126,0.213770887720226,-0.517852867704524,-0.31794668292174
0.764914511828935,0.213744401963951,-0.517798996956124,-0.317967481000507
0.764949822345871,0.213717848358312,-0.517744988233995,-0.317988329573105
0.764985217286544,0.21369122692043,-0.517690841525579,-0.318009228593824
0.765020696621232,0.213664537667557,-0.517636556818651,-0.318030178016812
0.765056260319887,0.213637780617085,-0.517582134101323,-0.318051177796083
0.765091908352134,0.213610955786536,-0.517527573362036,-0.318072227885514
0.765127640687274,0.21358406319357,-0.517472874589562,-0.318093328238846
0.765163457294282,0.213557102855977,-0.517418037773005,-0.318114478809684
0.765199358141809,0.213530074791682,-0.517363062901796,-0.318135679551501
0.765235343198185,0.213502979018742,-0.517307949965694,-0.318156930417632
0.765271412431418,0.213475815555345,-0.517252698954785,-0.318178231361283
0.765307565809195,0.213448584419809,-0.517197309859479,-0.318199582335525
0.765343803298885,0.213421285630585,-0.517141782670511,-0.318220983293297
0.765380124867536,0.213393919206251,-0.51708611737894,-0.318242434187406
0.76541653048188,0.213366485165515,-0.517030313976144,-0.318263934970529
0.765453020108334,0.213338983527214,-0.516974372453824,-0.318285485595213
0.765489593712997,0.213311414310312,-0.516918292804,-0.318307086013873
0.765526251261654,0.213283777533902,-0.51686207501901,-0.318328736178798
0.765562992719779,0.2132560732172,-0.51680571909151,-0.318350436042146
0.76559981805253,0.213228301379552,-0.516749225014469,-0.318372185555946
0.765636725998701,0.213200461301824,-0.516692594056014,-0.318393986046135
0.76567371529768,0.213172552265354,-0.516635827483758,-0.318415838838295
0.765710785915061,0.213144574290387,-0.516578925290364,-0.318437743883733
0.765747937816138,0.213116527397297,-0.516521887468804,-0.318459701133618
0.765785170965908,0.213088411606592,-0.51646471401235,-0.318481710538983
0.765822485329073,0.213060226938908,-0.516407404914574,-0.318503772050722
0.765859880870039,0.21303197341501,-0.516349960169351,-0.318525885619593
0.765897357552918,0.213003651055794,-0.516292379770854,-0.318548051196218
0.765934915341527,0.212975259882282,-0.516234663713554,-0.318570268731085
0.765972554199394,0.212946799915625,-0.51617681199222,-0.318592538174546
0.766010274089752,0.212918271177101,-0.516118824601915,-0.318614859476821
0.766048074975547,0.212889673688113,-0.516060701537998,-0.318637232587997
0.766085956819431,0.212861007470191,-0.516002442796122,-0.318659657458026
0.766123919583772,0.21283227254499,-0.515944048372232,-0.318682134036731
0.766161963230649,0.212803468934288,-0.515885518262564,-0.3187046622738
0.766200087721853,0.212774596659988,-0.515826852463645,-0.318727242118795
0.766238293018891,0.212745655744116,-0.515768050972291,-0.318749873521144
0.766276579082986,0.212716646208821,-0.515709113785607,-0.318772556430148
0.766314945875075,0.212687568076371,-0.515650040900982,-0.318795290794979
0.766353393355814,0.21265842136916,-0.515590832316095,-0.31881807656468
0.766391921485576,0.212629206109699,-0.515531488028908,-0.318840913688167
0.766430530224457,0.212599922320619,-0.515472008037665,-0.318863802114229
0.766469219532267,0.212570570024673,-0.515412392340896,-0.318886741791529
0.766507989368543,0.212541149244731,-0.51535264093741,-0.318909732668603
0.766546839692541,0.21251166000378,-0.515292753826296,-0.318932774693865
0.766585769217112,0.212482100797782,-0.515232732015762,-0.318955870198283
0.766624776655636,0.212452470125183,-0.515172576513894,-0.318979021509943
0.766663861967749,0.212422768012874,-0.515112287320026,-0.319002228572741
0.766703025112826,0.21239299448787,-0.515051864433757,-0.319025491330438
0.766742266049974,0.212363149577307,-0.514991307854957,-0.31904880972666
0.766781584738036,0.212333233308442,-0.514930617583763,-0.3190721837049
0.766820981135593,0.212303245708653,-0.514869793620579,-0.319095613208519
0.766860455200963,0.212273186805437,-0.514808835966073,-0.319119098180744
0.766900006892206,0.212243056626411,-0.51474774462118,-0.319142638564673
0.766939636167116,0.21221285519931,-0.514686519587095,-0.319166234303272
0.766979342983234,0.212182582551987,-0.514625160865278,-0.319189885339375
0.767019127297837,0.212152238712411,-0.514563668457449,-0.31921359161569
0.76705898906795,0.21212182370867,-0.514502042365589,-0.319237353074793
0.767098928250337,0.212091337568965,-0.514440282591938,-0.319261169659135
0.767138944801509,0.212060780321614,-0.514378389138992,-0.319285041311037
0.767179038677722,0.21203015199505,-0.514316362009508,-0.319308967972694
0.767219209834978,0.211999452617819,-0.514254201206495,-0.319332949586176
0.767259458229026,0.21196868221858,-0.514191906733219,-0.319356986093424
0.767299783815365,0.211937840826106,-0.514129478593201,-0.319381077436259
0.76734018654924,0.21190692846928,-0.514066916790213,-0.319405223556375
0.767380666385649,0.211875945177098,-0.514004221328278,-0.319429424395342
0.767421223279339,0.211844890978667,-0.513941392211673,-0.319453679894609
0.76746185718481,0.211813765903203,-0.513878429444922,-0.319477989995501
0.767502568056316,0.211782569980032,-0.513815333032798,-0.319502354639223
0.767543355847862,0.211751303238589,-0.513752102980324,-0.319526773766858
0.767584218461988,0.211719966137179,-0.51368874204174,-0.319551247543404
0.767625153803897,0.211688559132559,-0.513625252968596,-0.319575776135913
0.767666161831225,0.211657082252009,-0.513561635762244,-0.319600359488362
0.767707242501381,0.211625535522922,-0.513497890424271,-0.319624997544601
0.767748395771544,0.211593918972807,-0.513434016956498,-0.319649690248348
0.767789621598664,0.211562232629282,-0.513370015360981,-0.319674437543196
0.767830919939466,0.211530476520081,-0.51330588564001,-0.319699239372611
0.767872290750444,0.211498650673046,-0.513241627796105,-0.319724095679933
0.767913733987871,0.211466755116131,-0.513177241832018,-0.319749006408373
0.767955249607792,0.2114347898774,-0.513112727750732,-0.319773971501022
0.767996837566029,0.211402754985028,-0.513048085555458,-0.319798990900843
0.768038497818182,0.211370650467297,-0.512983315249635,-0.319824064550678
0.768080230319626,0.211338476352596,-0.51291841683693,-0.319849192393244
0.768122035025518,0.211306232669425,-0.512853390321235,-0.319874374371137
0.768163911890792,0.211273919446388,-0.512788235706669,-0.31989961042683
0.768205860870164,0.211241536712196,-0.512722952997573,-0.319924900502679
0.76824788191813,0.211209084495666,-0.512657542198512,-0.319950244540914
0.768289974988969,0.211176562825718,-0.512592003314273,-0.31997564248365
0.768332140036743,0.211143971731381,-0.512526336349865,-0.320001094272882
0.768374377015297,0.211111311241782,-0.512460541310517,-0.320026599850486
0.768416685878261,0.211078581386153,-0.512394618201676,-0.320052159158221
0.76845906657905,0.211045782193831,-0.512328567029008,-0.320077772137729
0.768501519070869,0.211012913694251,-0.512262387798397,-0.320103438730536
0.768544043306705,0.210979975916951,-0.512196080515944,-0.320129158878052
0.768586639239336,0.21094696889157,-0.512129645187962,-0.320154932521574
0.768629307269335,0.210913892253629,-0.512063081105297,-0.320180759931068
0.768672047793895,0.210880745639918,-0.511996387562954,-0.32020664137581
0.768714860760419,0.210847529082124,-0.511929564573797,-0.320232576795891
0.768757746116108,0.210814242612028,-0.511862612150889,-0.320258566131286
0.768800703807967,0.210780886261511,-0.511795530307495,-0.32028460932186
0.768843733782801,0.210747460062549,-0.51172831905708,-0.320310706307362
0.768886835987219,0.210713964047211,-0.511660978413303,-0.320336857027434
0.768930010367634,0.210680398247666,-0.511593508390025,-0.320363061421602
0.768973256870261,0.210646762696171,-0.511525909001299,-0.320389319429286
0.769016575441124,0.210613057425082,-0.511458180261375,-0.320415630989794
0.76905996602605,0.210579282466844,-0.511390322184698,-0.320441996042326
0.769103428570676,0.210545437853998,-0.511322334785905,-0.320468414525973
0.769146963020443,0.210511523619172,-0.511254218079827,-0.320494886379719
0.769190569320605,0.210477539795088,-0.511185972081484,-0.320521411542441
0.769234247416223,0.21044348641456,-0.511117596806088,-0.320547989952909
0.769277997252169,0.210409363510488,-0.511049092269043,-0.320574621549789
0.769321818773126,0.210375171115865,-0.510980458485938,-0.32060130627164
0.769365711923588,0.210340909263769,-0.510911695472551,-0.320628044056917
0.769409676647864,0.210306577987369,-0.510842803244849,-0.320654834843974
0.769453712890076,0.21027217731992,-0.510773781818983,-0.320681678571057
0.769497820594159,0.210237707294764,-0.510704631211289,-0.320708575176315
0.769541999703865,0.21020316794533,-0.510635351438289,-0.320735524597791
0.769586250162761,0.210168559305131,-0.510565942516685,-0.320762526773429
0.769630571914233,0.210133881407766,-0.510496404463365,-0.320789581641073
0.769674964901481,0.210099134286918,-0.510426737295397,-0.320816689138465
0.769719427657603,0.210064316936827,-0.51035694241599,-0.320843851061724
0.769763958718451,0.210029428353516,-0.510287021225567,-0.320871069204331
0.769808558031093,0.209994468573476,-0.51021697373729,-0.320898343499922
0.76985322554242,0.209959437633278,-0.510146799964497,-0.320925673882026
0.769897961199145,0.209924335569584,-0.510076499920705,-0.320953060284074
0.769942764947805,0.209889162419136,-0.510006073619607,-0.320980502639389
0.769987636734765,0.209853918218761,-0.50993552107507,-0.321008000881196
0.770032576506214,0.209818603005367,-0.509864842301138,-0.321035554942616
0.770077584208166,0.209783216815948,-0.509794037312028,-0.321063164756673
0.770122659786465,0.209747759687575,-0.509723106122131,-0.321090830256287
0.770167803186782,0.209712231657404,-0.509652048746006,-0.32111855137428
0.770213014354617,0.209676632762669,-0.509580865198389,-0.321146328043378
0.770258293235301,0.209640963040685,-0.509509555494181,-0.321174160196205
0.770303639773993,0.209605222528846,-0.509438119648455,-0.321202047765292
0.770349053915687,0.209569411264623,-0.509366557676454,-0.321229990683069
0.770394535605206,0.209533529285568,-0.509294869593585,-0.321257988881873
0.770440084787208,0.209497576629308,-0.509223055415424,-0.321286042293945
0.770485701406184,0.209461553333547,-0.509151115157713,-0.321314150851431
0.770531385406459,0.209425459436066,-0.509079048836358,-0.321342314486383
0.770577136732194,0.209389294974721,-0.509006856467429,-0.32137053313076
0.770622955327387,0.209353059987443,-0.508934538067161,-0.321398806716429
0.770668841135871,0.209316754512238,-0.50886209365195,-0.321427135175163
0.770714794101318,0.209280378587185,-0.508789523238352,-0.321455518438645
0.770760814167238,0.209243932250436,-0.508716826843088,-0.321483956438467
0.770806901276981,0.209207415540216,-0.508644004483036,-0.321512449106132
0.77085305521982,0.209170829047315,-0.508571056586388,-0.321540995732322
0.770899275784077,0.209134173360791,-0.508497983582287,-0.321569595610393
0.770945562911445,0.209097448516385,-0.508424785489264,-0.321598248675719
0.770991916543462,0.209060654549909,-0.508351462326001,-0.321626954863581
0.77103833662152,0.209023791497249,-0.508278014111327,-0.32165571410917
0.77108482308686,0.208986859394364,-0.508204440864221,-0.321684526347585
0.771131375880574,0.208949858277285,-0.508130742603811,-0.321713391513836
0.771177994943608,0.208912788182115,-0.508056919349368,-0.321742309542842
0.771224680216758,0.208875649145025,-0.50798297112031,-0.321771280369434
0.771271431640677,0.20883844120226,-0.507908897936203,-0.321800303928356
0.77131824915587,0.20880116439013,-0.507834699816753,-0.321829380154263
0.7713651327027,0.208763818745019,-0.50776037678181,-0.321858508981722
0.771412082221382,0.208726404303375,-0.50768592885137,-0.321887690345216
0.771459097651991,0.208688921101717,-0.507611356045566,-0.32191692417914
0.771506178934459,0.20865136917663,-0.507536658384674,-0.321946210417807
0.771553326008575,0.208613748564765,-0.507461835889109,-0.321975548995443
0.771600538813988,0.20857605930284,-0.507386888579428,-0.322004939846191
0.771647817290206,0.208538301427638,-0.507311816476322,-0.32203438290411
0.771695161376597,0.208500474976008,-0.507236619600623,-0.322063878103179
0.771742571012392,0.208462579984861,-0.507161297973298,-0.322093425377293
0.771790046136682,0.208424616491175,-0.50708585161545,-0.322123024660266
0.771837586688423,0.208386584531989,-0.507010280548316,-0.322152675885832
0.77188519260643,0.208348484144405,-0.50693458479327,-0.322182378987644
0.771932863829387,0.208310315365587,-0.506858764371818,-0.322212133899277
0.77198060029584,0.20827207823276,-0.506782819305596,-0.322241940554225
0.772028403739293,0.208233773891263,-0.506706747775123,-0.322271796764655
0.772076275889918,0.208195403484643,-0.506630547964099,-0.322301700345218
0.772124216681063,0.208156967047529,-0.506554219899136,-0.322331651233023
0.772172226045939,0.208118464614603,-0.506477763606974,-0.322361649365115
0.772220303917622,0.208079896220603,-0.506401179114489,-0.322391694678468
0.77226845022905,0.208041261900323,-0.506324466448681,-0.322421787109991
0.772316664913029,0.208002561688608,-0.506247625636684,-0.322451926596528
0.772364947902229,0.207963795620356,-0.506170656705757,-0.322482113074857
0.772413299129187,0.207924963730519,-0.506093559683287,-0.32251234648169
0.77246171852631,0.207886066054101,-0.506016334596789,-0.322542626753676
0.77251020602587,0.207847102626155,-0.505938981473901,-0.322572953827399
0.772558761560009,0.207808073481788,-0.505861500342387,-0.322603327639383
0.772607385060739,0.207768978656154,-0.505783891230137,-0.322633748126084
0.772656076459945,0.207729818184461,-0.505706154165161,-0.322664215223902
0.772704835689378,0.207690592101964,-0.505628289175595,-0.322694728869172
0.772753662680665,0.207651300443966,-0.505550296289693,-0.322725288998168
0.772802557365304,0.20761194324582,-0.505472175535831,-0.322755895547105
0.772851519674668,0.207572520542926,-0.505393926942507,-0.322786548452138
0.772900549540002,0.207533032370731,-0.505315550538337,-0.322817247649362
0.772949646892428,0.20749347876473,-0.505237046352052,-0.322847993074815
0.772998811662942,0.207453859760462,-0.505158414412507,-0.322878784664475
0.773048043782417,0.207414175393515,-0.505079654748667,-0.322909622354263
0.773097343181604,0.207374425699519,-0.505000767389619,-0.322940506080045
0.773146709791131,0.20733461071415,-0.504921752364561,-0.322971435777627
0.773196143541503,0.207294730473129,-0.504842609702807,-0.323002411382763
0.773245643158865,0.20725478432623,-0.504763340689837,-0.323033434191194
0.773295207372863,0.207214771625676,-0.504683946607835,-0.32306450549483
0.773344836119073,0.207174692410927,-0.504604427481349,-0.323095625223589
0.773394529332949,0.207134546721481,-0.504524783335039,-0.323126793307341
0.773444286949825,0.207094334596873,-0.504445014193682,-0.323158009675903
0.773494108904915,0.207054056076678,-0.504365120082167,-0.323189274259046
0.773543995133312,0.207013711200506,-0.504285101025499,-0.323220586986489
0.773593945569993,0.206973300008004,-0.504204957048792,-0.323251947787904
0.773643960149815,0.206932822538855,-0.504124688177274,-0.323283356592913
0.773694038807519,0.206892278832779,-0.504044294436282,-0.323314813331094
0.773744181477728,0.20685166892953,-0.503963775851264,-0.323346317931976
0.773794388094951,0.206810992868896,-0.503883132447776,-0.323377870325042
0.77384465859358,0.206770250690701,-0.503802364251485,-0.323409470439728
0.773894992907894,0.2067294424348,-0.503721471288162,-0.323441118205426
0.773945390972059,0.206688568141083,-0.503640453583687,-0.323472813551485
0.773995852720125,0.206647627849473,-0.503559311164047,-0.323504556407207
0.774046378086032,0.206606621599924,-0.503478044055331,-0.323536346701851
0.774096967003608,0.206565549432422,-0.503396652283734,-0.323568184364634
0.77414761940657,0.206524411386983,-0.503315135875557,-0.323600069324729
0.774198335228525,0.206483207503655,-0.503233494857201,-0.323632001511269
0.77424911440297,0.206441937822516,-0.503151729255169,-0.323663980853344
0.774299956863293,0.206400602383673,-0.503069839096068,-0.323696007280003
0.774350862542775,0.206359201227264,-0.502987824406602,-0.323728080720255
0.774401831374587,0.206317734393452,-0.502905685213578,-0.323760201103069
0.774452863291797,0.206276201922432,-0.5028234215439,-0.323792368357375
0.774503957906036,0.206234603885678,-0.502741033847302,-0.3238245825044
0.774555114828301,0.206192940354286,-0.502658522574362,-0.323856843566305
0.774606333990548,0.206151211367929,-0.502575887753404,-0.323889151473364
0.774657615324635,0.206109416966309,-0.502493129412841,-0.323921506155808
0.774708958762322,0.206067557189156,-0.502410247581176,-0.323953907543826
0.774760364235272,0.206025632076228,-0.502327242287001,-0.323986355567569
0.774811831675052,0.205983641667312,-0.502244113558999,-0.324018850157145
0.774863361013132,0.20594158600222,-0.50216086142594,-0.324051391242624
0.774914952180889,0.205899465120793,-0.502077485916681,-0.324083978754037
0.774966605109604,0.205857279062896,-0.501993987060165,-0.324116612621374
0.775018319730465,0.205815027868423,-0.501910364885424,-0.324149292774592
0.775070095974566,0.205772711577289,-0.501826619421572,-0.324182019143604
0.775121933772909,0.205730330229438,-0.501742750697808,-0.324214791658292
0.775173833056406,0.205687883864836,-0.501658758743415,-0.324247610248497
0.775225793755874,0.205645372523473,-0.501574643587761,-0.324280474844027
0.775277815802044,0.205602796245363,-0.501490405260292,-0.324313385374654
0.775329899125553,0.205560155070542,-0.50140604379054,-0.324346341770112
0.775382043656951,0.20551744903907,-0.501321559208114,-0.324379343960105
0.775434249326701,0.205474678191027,-0.501236951542705,-0.324412391874302
0.775486516065174,0.205431842566516,-0.501152220824084,-0.324445485442335
0.775538843802658,0.205388942205661,-0.501067367082098,-0.324478624593808
0.775591232469351,0.205345977148606,-0.500982390346675,-0.324511809258291
0.775643681995367,0.205302947435514,-0.500897290647817,-0.324545039365319
0.775696192310734,0.20525985310657,-0.500812068015605,-0.324578314844401
0.775748763345395,0.205216694201975,-0.500726722480194,-0.32461163562501
0.775801394121898,0.205173471179633,-0.500641255406339,-0.324645001482826
0.775854083664386,0.205130184497087,-0.500555668157544,-0.324678412194037
0.775906831905077,0.205086834194034,-0.500469960762202,-0.32471186768884
0.775959638776111,0.205043420310183,-0.500384133248775,-0.324745367897404
0.776012504209551,0.204999942885264,-0.500298185645792,-0.32477891274987
0.776065428137384,0.20495640195902,-0.50021211798185,-0.324812502176353
0.77611841049152,0.204912797571206,-0.500125930285614,-0.324846136106939
0.776171451203796,0.204869129761597,-0.500039622585811,-0.324879814471689
0.776224550205973,0.204825398569977,-0.499953194911238,-0.324913537200638
0.77627770742974,0.204781604036146,-0.499866647290752,-0.324947304223797
0.776330922806709,0.204737746199917,-0.499779979753279,-0.32498111547115
0.776384196268424,0.204693825101116,-0.499693192327805,-0.325014970872658
0.776437527746353,0.204649840779579,-0.499606285043378,-0.325048870358257
0.776490917171895,0.204605793275156,-0.49951925792911,-0.325082813857862
0.776544364476377,0.204561682627708,-0.499432111014172,-0.325116801301362
0.776597869591055,0.204517508877105,-0.499344844327798,-0.325150832618626
0.776651432447117,0.204473272063229,-0.49925745789928,-0.325184907739499
0.776705052975681,0.204428972225973,-0.499169951757969,-0.325219026593808
0.776758731107796,0.204384609405236,-0.499082325933277,-0.325253189111354
0.776812466774444,0.204340183640931,-0.49899458045467,-0.325287395221922
0.776866259906538,0.204295694972975,-0.498906715351674,-0.325321644855274
0.776920110434926,0.204251143441296,-0.49881873065387,-0.325355937941154
0.776974018290388,0.204206529085829,-0.498730626390896,-0.325390274409287
0.77702798340364,0.204161851946516,-0.498642402592445,-0.325424654189377
0.777082005705332,0.204117112063306,-0.498554059288262,-0.325459077211113
0.77713608378273,0.204072309562657,-0.49846559826512,-0.325493543866542
0.77719021622479,0.204027444571839,-0.498377021308964,-0.325528054546999
0.777244402964606,0.203982517132025,-0.498288328448381,-0.325562609181082
0.777298643935219,0.203937527284395,-0.498199519712004,-0.325597207697371
0.777352939069615,0.203892475070131,-0.498110595128508,-0.325631850024428
0.777407288300727,0.203847360530416,-0.49802155472661,-0.325666536090804
0.777461691561436,0.203802183706437,-0.497932398535072,-0.325701265825032
0.77751614878457,0.203756944639381,-0.497843126582697,-0.325736039155631
0.777570659902905,0.203711643370439,-0.497753738898328,-0.325770856011108
0.777625224849168,0.203666279940801,-0.49766423551085,-0.325805716319953
0.777679843556032,0.203620854391658,-0.497574616449186,-0.325840620010646
0.777734515956123,0.2035753667642,-0.497484881742301,-0.325875567011652
0.777789241982015,0.203529817099618,-0.497395031419197,-0.325910557251426
0.777844021566234,0.203484205439102,-0.497305065508914,-0.325945590658411
0.777898854641258,0.203438531823841,-0.49721498404053,-0.325980667161036
0.777953741139516,0.203392796295021,-0.497124787043161,-0.326015786687723
0.778008680993391,0.203346998893828,-0.497034474545956,-0.32605094916688
0.778063674135216,0.203301139661443,-0.496944046578102,-0.326086154526909
0.778118720497281,0.203255218639048,-0.496853503168821,-0.326121402696199
0.778173820011828,0.203209235867817,-0.496762844347369,-0.326156693603132
0.778228972611055,0.203163191388924,-0.496672070143036,-0.326192027176081
0.778284178227112,0.203117085243538,-0.496581180585143,-0.326227403343409
0.778339436792108,0.203070917472823,-0.496490175703047,-0.326262822033476
0.778394748238107,0.203024688117938,-0.496399055526134,-0.326298283174629
0.778450112497128,0.202978397220037,-0.496307820083824,-0.326333786695212
0.778505531439405,0.20293204348113,-0.496216466336652,-0.326369333398817
0.778561006929476,0.202885625605037,-0.496124991250573,-0.326404924087293
0.778616538890755,0.20283914363562,-0.496033394863176,-0.32644055868636
0.778672127246614,0.202792597616735,-0.495941677212079,-0.326476237121724
0.77872777192038,0.202745987592236,-0.495849838334934,-0.326511959319086
0.778783472835339,0.202699313605975,-0.495757878269424,-0.326547725204135
0.77883922991473,0.202652575701798,-0.495665797053258,-0.326583534702555
0.778895043081756,0.202605773923547,-0.495573594724179,-0.32661938774002
0.778950912259573,0.202558908315058,-0.495481271319956,-0.326655284242197
0.779006837371301,0.202511978920165,-0.495388826878384,-0.326691224134747
0.779062818340016,0.202464985782692,-0.495296261437291,-0.326727207343325
0.779118855088757,0.202417928946459,-0.495203575034526,-0.326763233793577
0.77917494754052,0.20237080845528,-0.495110767707968,-0.326799303411147
0.779231095618266,0.202323624352962,-0.495017839495518,-0.326835416121673
0.779287299244917,0.202276376683302,-0.494924790435106,-0.326871571850788
0.779343558343356,0.202229065490092,-0.494831620564683,-0.32690777052412
0.779399872836429,0.202181690817115,-0.494738329922224,-0.326944012067295
0.779456242646947,0.202134252708145,-0.494644918545729,-0.326980296405934
0.779512667697683,0.202086751206948,-0.49455138647322,-0.327016623465657
0.779569147911376,0.202039186357279,-0.494457733742738,-0.327052993172079
0.779625683210729,0.201991558202885,-0.494363960392348,-0.327089405450816
0.77968227351841,0.201943866787501,-0.494270066460135,-0.327125860227481
0.779738918757054,0.201896112154852,-0.494176051984205,-0.327162357427685
0.779795618849262,0.201848294348655,-0.494081917002681,-0.32719889697704
0.779852373717602,0.20180041341261,-0.493987661553707,-0.327235478801156
0.779909182026907,0.201752471400846,-0.49389328818308,-0.32727210079913
0.779966042446704,0.201704470363875,-0.493798799431831,-0.327308760874097
0.780022954906552,0.201656410339954,-0.493704195330978,-0.32734545895773
0.780079919335979,0.201608291367325,-0.493609475911555,-0.327382194981707
0.780136935664481,0.201560113484217,-0.493514641204616,-0.327418968877711
0.78019400382152,0.201511876728842,-0.49341969124123,-0.327455780577432
0.780251123736528,0.201463581139398,-0.493324626052486,-0.327492630012567
0.780308295338909,0.201415226754067,-0.493229445669485,-0.327529517114818
0.780365518558032,0.201366813611015,-0.493134150123345,-0.327566441815896
0.78042279332324,0.201318341748389,-0.493038739445196,-0.327603404047519
0.780480119563844,0.201269811204323,-0.492943213666187,-0.327640403741413
0.780537497209128,0.20122122201693,-0.492847572817476,-0.327677440829311
0.780594926188347,0.201172574224307,-0.492751816930236,-0.327714515242958
0.780652406430727,0.201123867864534,-0.492655946035651,-0.327751626914104
0.780709937865469,0.201075102975671,-0.492559960164918,-0.327788775774512
0.780767520421745,0.201026279595759,-0.492463859349244,-0.327825961755952
0.780825154028701,0.200977397762822,-0.492367643619849,-0.327863184790206
0.780882838615456,0.200928457514863,-0.49227131300796,-0.327900444809067
0.780940574111105,0.200879458889865,-0.492174867544815,-0.327937741744338
0.780998360444717,0.200830401925792,-0.49207830726166,-0.327975075527833
0.781056197545336,0.200781286660587,-0.491981632189752,-0.328012446091377
0.781114085341981,0.200732113132171,-0.491884842360351,-0.32804985336681
0.78117202376365,0.200682881378446,-0.49178793780473,-0.328087297285982
0.781230012739314,0.200633591437291,-0.491690918554163,-0.328124777780755
0.781288052197923,0.200584243346564,-0.491593784639934,-0.328162294783006
0.781346141658191,0.200534836397433,-0.491496536284308,-0.328199849371449
0.781404280638375,0.200485369883696,-0.491399173710868,-0.328237442621796
0.781462469066714,0.20043584384711,-0.491301696952884,-0.328275074461447
0.78152070687143,0.200386258329408,-0.491204106043619,-0.328312744817817
0.781578993980732,0.200336613372297,-0.491106401016335,-0.328350453618338
0.781637330322813,0.200286909017455,-0.491008581904293,-0.328388200790458
0.781695715825854,0.200237145306531,-0.490910648740749,-0.328425986261644
0.78175415041802,0.200187322281149,-0.490812601558957,-0.328463809959382
0.781812634027463,0.200137439982903,-0.490714440392163,-0.328501671811173
0.781871166582326,0.200087498453358,-0.490616165273613,-0.328539571744539
0.781929748010735,0.200037497734051,-0.490517776236544,-0.32857750968702
0.781988378240806,0.199987437866488,-0.490419273314189,-0.328615485566177
0.782047057200645,0.199937318892148,-0.490320656539772,-0.328653499309587
0.782105784818345,0.199887140852477,-0.490221925946514,-0.328691550844851
0.782164561021988,0.199836903788892,-0.490123081567626,-0.328729640099588
0.782223385739648,0.199786607742779,-0.49002412343631,-0.328767767001438
0.782282258899386,0.199736252755494,-0.489925051585762,-0.328805931478062
0.782341180429257,0.19968583886836,-0.489825866049168,-0.328844133457143
0.782400150257304,0.19963536612267,-0.489726566859703,-0.328882372866385
0.782459168311564,0.199584834559683,-0.489627154050535,-0.328920649633515
0.782518234520063,0.199534244220627,-0.489527627654819,-0.328958963686282
0.78257734881082,0.199483595146697,-0.489427987705699,-0.328997314952457
0.782636511111849,0.199432887379055,-0.489328234236309,-0.329035703359835
0.782695721351153,0.199382120958831,-0.489228367279771,-0.329074128836234
0.782754979456732,0.199331295927118,-0.48912838686919,-0.329112591309495
0.782814284689513,0.199280412086724,-0.489028293788717,-0.329151091322342
0.782873636311475,0.199229469240311,-0.488928088821341,-0.329189629417731
0.782933034252181,0.199178467428713,-0.48882777199842,-0.329228205523893
0.782992478441191,0.19912740669273,-0.488727343351294,-0.329266819569076
0.783051968808065,0.199076287073129,-0.488626802911285,-0.329305471481551
0.783111505282359,0.199025108610644,-0.488526150709695,-0.329344161189609
0.783171087793628,0.198973871345975,-0.488425386777811,-0.329382888621565
0.783230716271428,0.198922575319787,-0.488324511146898,-0.329421653705752
0.783290390645312,0.198871220572713,-0.488223523848202,-0.329460456370528
0.783350110844834,0.198819807145349,-0.488122424912952,-0.329499296544275
0.783409876799548,0.198768335078257,-0.488021214372351,-0.329538174155394
0.783469688439007,0.198716804411964,-0.487919892257586,-0.329577089132312
0.783529545692768,0.198665215186961,-0.48781845859982,-0.329616041403478
0.783589448490385,0.198613567443703,-0.487716913430194,-0.329655030897368
0.783649396761416,0.198561861222609,-0.487615256779829,-0.329694057542479
0.783709390435422,0.198510096564061,-0.487513488679819,-0.329733121267333
0.783769429441963,0.198458273508405,-0.48741160916124,-0.32977222200048
0.783829513710604,0.198406392095949,-0.487309618255139,-0.32981135967049
0.783889643170912,0.198354452366964,-0.487207515992542,-0.329850534205963
0.783949817752457,0.198302454361682,-0.48710530240445,-0.329889745535523
0.784010037384813,0.1982503981203,-0.487002977521837,-0.329928993587821
0.784070301997558,0.198198283682973,-0.486900541375652,-0.329968278291534
0.784130611520274,0.19814611108982,-0.486797993996821,-0.330007599575364
0.784190965882547,0.19809388038092,-0.486695335416238,-0.330046957368045
0.784251365013969,0.198041591596311,-0.486592565664774,-0.330086351598333
0.784311808083473,0.197989245359398,-0.486489686031222,-0.330125781798532
0.784372294261235,0.197936842292842,-0.486386697803645,-0.330165247502172
0.784432823478724,0.197884382435509,-0.486283601011775,-0.330204748639891
0.784493395667421,0.197831865826223,-0.486180395685313,-0.330244285142359
0.784554010758816,0.197779292503766,-0.486077081853921,-0.330283856940271
0.784614668684414,0.197726662506881,-0.485973659547229,-0.330323463964356
0.784675369375729,0.197673975874265,-0.485870128794832,-0.330363106145372
0.784736112764288,0.197621232644574,-0.485766489626287,-0.330402783414105
0.784796898781633,0.197568432856422,-0.485662742071117,-0.330442495701374
0.784857727359315,0.19751557654838,-0.485558886158809,-0.330482242938028
0.784918598428901,0.197462663758972,-0.485454921918809,-0.330522025054948
0.784979511921971,0.197409694526683,-0.48535084938053,-0.330561841983044
0.785040467770118,0.197356668889952,-0.485246668573346,-0.330601693653262
0.785101465904949,0.197303586887173,-0.485142379526591,-0.330641579996576
0.785162506258087,0.197250448556697,-0.485037982269563,-0.330681500943995
0.785223588761167,0.197197253936828,-0.484933476831518,-0.330721456426558
0.78528471334584,0.197144003065829,-0.484828863241675,-0.33076144637534
0.785345879943775,0.197090695981912,-0.484724141529211,-0.330801470721448
0.785407088486651,0.197037332723249,-0.484619311723265,-0.33084152939602
0.785468338906169,0.196983913327961,-0.484514373852933,-0.330881622330232
0.785529631134041,0.196930437834128,-0.484409327947271,-0.330921749455291
0.785590965101997,0.196876906279779,-0.484304174035292,-0.330961910702439
0.785652340741786,0.196823318702899,-0.484198912145969,-0.331002106002954
0.785713757985169,0.196769675141424,-0.484093542308232,-0.331042335288146
0.78577521676393,0.196715975633246,-0.483988064550967,-0.331082598489363
0.78583671665175,0.196662221924106,-0.48388248018671,-0.331122893497611
0.785898257223146,0.196608415757899,-0.483776790528218,-0.331163218206685
0.78595983841118,0.196554557169667,-0.483670995604643,-0.331203572552172
0.786021460148938,0.196500646194399,-0.483565095445084,-0.331243956469703
0.786083122369529,0.196446682867031,-0.48345909007859,-0.331284369894951
0.786144825006084,0.196392667222445,-0.483352979534158,-0.331324812763637
0.786206567991762,0.196338599295467,-0.483246763840733,-0.331365285011524
0.786268351259741,0.196284479120874,-0.483140443027207,-0.331405786574421
0.786330174743226,0.196230306733384,-0.48303401712242,-0.331446317388181
0.786392038375448,0.196176082167663,-0.482927486155158,-0.331486877388704
0.786453942089661,0.196121805458319,-0.482820850154155,-0.331527466511933
0.786515885819142,0.19606747663991,-0.482714109148089,-0.33156808469386
0.786577869497199,0.196013095746935,-0.482607263165585,-0.331608731870521
0.78663989305716,0.195958662813838,-0.482500312235213,-0.331649407977997
0.786701956432381,0.195904177875008,-0.482393256385486,-0.331690112952418
0.786764059556245,0.195849640964779,-0.482286095644866,-0.331730846729959
0.786826202362161,0.195795052117426,-0.482178830041754,-0.331771609246842
0.786888384783563,0.195740411367171,-0.482071459604498,-0.331812400439337
0.786950606753912,0.195685718748177,-0.48196398436139,-0.331853220243759
0.787012868206698,0.195630974294551,-0.481856404340661,-0.331894068596474
0.787075169075436,0.195576178040343,-0.481748719570488,-0.331934945433892
0.78713750929367,0.195521330019545,-0.48164093007899,-0.331975850692473
0.78719988879497,0.195466430266094,-0.481533035894227,-0.332016784308725
0.787262307512935,0.195411478813865,-0.481425037044201,-0.332057746219203
0.787324765381193,0.195356475696679,-0.481316933556855,-0.332098736360512
0.787387261905656,0.195301420559347,-0.481208725824766,-0.332139755383664
0.787449796592542,0.195246313048623,-0.481100414240984,-0.332180803937308
0.78751236937598,0.195191153201154,-0.480991998834066,-0.332221881954581
0.787574980190131,0.195135941053521,-0.480883479632505,-0.33226298936867
0.787637628969188,0.195080676642247,-0.480774856664735,-0.332304126112816
0.787700315647376,0.195025360003791,-0.480666129959122,-0.332345292120313
0.787763040158956,0.194969991174546,-0.480557299543971,-0.332386487324505
0.787825802438218,0.194914570190846,-0.480448365447521,-0.332427711658793
0.787888602419488,0.19485909708896,-0.480339327697948,-0.332468965056628
0.787951440037124,0.194803571905094,-0.480230186323362,-0.332510247451516
0.788014315225521,0.194747994675389,-0.480120941351808,-0.332551558777015
0.788077227919103,0.194692365435923,-0.480011592811265,-0.33259289896674
0.788140178052331,0.194636684222711,-0.479902140729647,-0.332634267954357
0.788203165559701,0.194580951071702,-0.479792585134801,-0.332675665673586
0.788266190375741,0.19452516601878,-0.479682926054508,-0.332717092058205
0.788329252435016,0.194469329099767,-0.479573163516481,-0.332758547042042
0.788392351672124,0.194413440350417,-0.479463297548366,-0.332800030558982
0.788455488021701,0.19435749980642,-0.479353328177742,-0.332841542542966
0.788518661418414,0.194301507503402,-0.479243255432119,-0.332883082927989
0.78858187179697,0.194245463476922,-0.47913307933894,-0.332924651648101
0.788645119092107,0.194189367762473,-0.479022799925577,-0.332966248637407
0.788708403238603,0.194133220395483,-0.478912417219337,-0.33300787383007
0.78877172417127,0.194077021411313,-0.478801931247453,-0.333049527160307
0.788835081824956,0.194020770845259,-0.478691342037092,-0.333091208562391
0.788898476134546,0.193964468732549,-0.478580649615349,-0.333132917970653
0.788961908136561,0.19390811479635,-0.478469852420392,-0.333174655174205
0.789025378864796,0.193851708759715,-0.4783589488926,-0.333216419962419
0.7890888882501,0.1937952506576,-0.478247939062281,-0.333258212270097
0.789152436223357,0.193738740524897,-0.478136822959674,-0.333300032032098
0.789216022715487,0.193682178396431,-0.478025600614949,-0.333341879183337
0.789279647657446,0.193625564306964,-0.477914272058207,-0.333383753658785
0.789343310980226,0.19356889829119,-0.477802837319479,-0.33342565539347
0.789407012614854,0.193512180383739,-0.477691296428724,-0.333467584322476
0.789470752492394,0.193455410619175,-0.477579649415834,-0.333509540380945
0.789534530543946,0.193398589031993,-0.477467896310628,-0.333551523504074
0.789598346700647,0.193341715656626,-0.477356037142854,-0.333593533627119
0.789662200893671,0.193284790527437,-0.477244071942188,-0.333635570685394
0.789726093054229,0.193227813678724,-0.477132000738235,-0.333677634614268
0.789790023113568,0.193170785144717,-0.477019823560529,-0.33371972534917
0.789853991002974,0.193113704959579,-0.476907540438529,-0.333761842825586
0.789917996653771,0.193056573157408,-0.476795151401622,-0.333803986979059
0.789982039997317,0.192999389772231,-0.476682656479124,-0.333846157745194
0.790046120965013,0.19294215483801,-0.476570055700274,-0.33388835505965
0.790110239488295,0.192884868388636,-0.476457349094241,-0.333930578858146
0.790174395498638,0.192827530457937,-0.476344536690115,-0.333972829076461
0.790238588927555,0.192770141079667,-0.476231618516917,-0.334015105650432
0.790302819706599,0.192712700287516,-0.476118594603589,-0.334057408515955
0.790367087767361,0.192655208115104,-0.476005464979001,-0.334099737608984
0.79043139304147,0.192597664595981,-0.475892229671944,-0.334142092865536
0.790495735460597,0.19254006976363,-0.475778888711137,-0.334184474221683
0.790560115204661,0.192482422889316,-0.475665441412476,-0.334226882479739
0.790624532453443,0.192424723245075,-0.475551887091313,-0.33426931844057
0.790688987138453,0.192366970865435,-0.475438225775433,-0.334311782038165
0.790753479191238,0.192309165784862,-0.475324457492551,-0.334354273206572
0.790818008543382,0.192251308037751,-0.475210582270309,-0.334396791879896
0.790882575126504,0.192193397658429,-0.475096600136278,-0.3344393379923
0.790947178872259,0.192135434681155,-0.474982511117955,-0.334481911478006
0.791011819712337,0.192077419140121,-0.474868315242765,-0.334524512271292
0.791076497578468,0.192019351069449,-0.474754012538057,-0.334567140306496
0.791141212402415,0.191961230503191,-0.474639603031111,-0.334609795518015
0.791205964116211,0.19190305747513,-0.474525086748723,-0.334652477840447
0.791270752652188,0.191844832018746,-0.474410463717154,-0.334695187208619
0.791335577942733,0.191786554167437,-0.474295733962562,-0.334737923557426
0.791400439920265,0.191728223954529,-0.474180897511029,-0.334780686821818
0.791465338517243,0.191669841413284,-0.474065954388565,-0.334823476936805
0.791530273666161,0.191611406576892,-0.473950904621105,-0.334866293837457
0.791595245299551,0.191552919478474,-0.473835748234506,-0.334909137458898
0.791660253349979,0.191494380151083,-0.473720485254555,-0.334952007736315
0.791725297750052,0.1914357886277,-0.473605115706959,-0.33499490460495
0.791790378432411,0.19137714494124,-0.473489639617352,-0.335037828000108
0.791855495329735,0.191318449124544,-0.473374057011291,-0.335080777857147
0.791920648374742,0.191259701210386,-0.473258367914255,-0.335123754111491
0.791985837500185,0.191200901231469,-0.473142572351648,-0.335166756698617
0.792051062638858,0.191142049220425,-0.473026670348797,-0.335209785554066
0.792116323723591,0.191083145209815,-0.472910661930951,-0.335252840613437
0.792181620729122,0.191024190868683,-0.472794547922342,-0.335295919654347
0.79224695363129,0.190965187863036,-0.4726783291462,-0.335339020458302
0.792312322364628,0.190906136220771,-0.472562005626151,-0.33538214296682
0.792377726863707,0.190847035969715,-0.472445577385741,-0.335425287121488
0.792443167063137,0.190787887137622,-0.472329044448436,-0.335468452863953
0.792508642897565,0.190728689752172,-0.472212406837621,-0.335511640135929
0.792574154301673,0.190669443840975,-0.472095664576602,-0.335554848879192
0.792639701210186,0.190610149431566,-0.471978817688601,-0.335598079035583
0.792705283557863,0.190550806551409,-0.471861866196761,-0.335641330547008
0.792770901279503,0.190491415227892,-0.471744810124142,-0.335684603355437
0.792836554309943,0.190431975488333,-0.471627649493721,-0.335727897402904
0.79290224258406,0.190372487359974,-0.471510384328396,-0.33577121263151
0.792967966036766,0.190312950869985,-0.471393014650978,-0.335814548983416
0.793033724603016,0.190253366045463,-0.4712755404842,-0.335857906400854
0.7930995182178,0.190193732913429,-0.471157961850708,-0.335901284826117
0.79316534681615,0.190134051500831,-0.471040278773065,-0.335944684201563
0.793231210333136,0.190074321834546,-0.470922491273753,-0.335988104469618
0.793297108703868,0.190014543941372,-0.470804599375167,-0.33603154557277
0.793363041863493,0.189954717848035,-0.47068660309962,-0.336075007453574
0.7934290097472,0.189894843581188,-0.470568502469338,-0.336118490054652
0.793495012290216,0.189834921167407,-0.470450297506465,-0.336161993318688
0.793561049427809,0.189774950633195,-0.470331988233058,-0.336205517188433
0.793627121095286,0.18971493200498,-0.47021357467109,-0.336249061606706
0.793693227227994,0.189654865309114,-0.470095056842446,-0.336292626516388
0.793759367761321,0.189594750571876,-0.469976434768928,-0.33633621186043
0.7938255417181,0.189534587640133,-0.469857709570397,-0.33637981830263
0.793891748122775,0.189474376362518,-0.469738882366124,-0.336423446504586
0.793957986913207,0.189414116767843,-0.469619953176899,-0.336467096406042
0.794024258027305,0.189353808884838,-0.469500922023416,-0.336510767946813
0.794090561403021,0.189293452742152,-0.469381788926282,-0.336554461066783
0.79415689697835,0.189233048368355,-0.469262553906012,-0.336598175705906
0.794223264691336,0.189172595791937,-0.469143216983029,-0.336641911804207
0.794289664480062,0.189112095041307,-0.469023778177664,-0.336685669301779
0.794356096282661,0.189051546144793,-0.468904237510158,-0.336729448138787
0.794422560037309,0.188990949130643,-0.468784595000657,-0.336773248255464
0.794489055682226,0.188930304027024,-0.468664850669219,-0.336817069592115
0.794555583155679,0.188869610862021,-0.468545004535805,-0.336860912089115
0.794622142395978,0.18880886966364,-0.468425056620286,-0.336904775686908
0.794688733341482,0.188748080459804,-0.468305006942439,-0.336948660326011
0.794755355930591,0.188687243278354,-0.468184855521947,-0.336992565947008
0.794822010101753,0.188626358147054,-0.468064602378401,-0.337036492490558
0.794888695793461,0.188565425093581,-0.467944247531297,-0.337080439897386
0.794955412944254,0.188504444145534,-0.467823791000038,-0.337124408108291
0.795022161492716,0.188443415330428,-0.467703232803933,-0.337168397064142
0.795088941377477,0.188382338675699,-0.467582572962194,-0.33721240670588
0.795155752537213,0.188321214208699,-0.467461811493941,-0.337256436974513
0.795222594910645,0.188260041956696,-0.467340948418199,-0.337300487811125
0.79528946843654,0.188198821946881,-0.467219983753895,-0.337344559156867
0.795356373053713,0.18813755420636,-0.467098917519865,-0.337388650952966
0.795423308701024,0.188076238762154,-0.466977749734845,-0.337432763140714
0.79549027522604,0.18801487468022,-0.466856480014057,-0.337476896970245
0.795557272475232,0.187953461027913,-0.466735107973749,-0.337521053690183
0.795624300385882,0.187891997834239,-0.466613633634059,-0.337565233239672
0.795691358895321,0.18783048512812,-0.466492057015029,-0.337609435557924
0.795758447940929,0.187768922938399,-0.466370378136602,-0.337653660584214
0.795825567460138,0.187707311293838,-0.466248597018623,-0.33769790825789
0.795892717390425,0.187645650223118,-0.466126713680839,-0.337742178518363
0.79595989766932,0.187583939754838,-0.4660047281429,-0.337786471305115
0.796027108234401,0.187522179917517,-0.465882640424357,-0.337830786557692
0.796094349023295,0.187460370739593,-0.465760450544662,-0.337875124215712
0.796161619973682,0.187398512249422,-0.465638158523168,-0.337919484218858
0.796228921023286,0.187336604475278,-0.465515764379129,-0.337963866506882
0.796296252109887,0.187274647445353,-0.465393268131701,-0.338008271019604
0.796363613171309,0.187212641187759,-0.465270669799937,-0.338052697696911
0.79643100414543,0.187150585730526,-0.465147969402795,-0.33809714647876
0.796498424970176,0.1870884811016,-0.465025166959128,-0.338141617305176
0.796565875583524,0.187026327328847,-0.464902262487694,-0.33818611011625
0.796633355923499,0.18696412444005,-0.464779256007147,-0.338230624852145
0.796700865928179,0.186901872462909,-0.46465614753604,-0.33827516145309
0.79676840553569,0.186839571425043,-0.464532937092829,-0.338319719859382
0.796835974684207,0.186777221353988,-0.464409624695865,-0.33836430001139
0.79690357331196,0.186714822277198,-0.4642862103634,-0.338408901849548
0.796971201357223,0.186652374222042,-0.464162694113584,-0.338453525314362
0.797038858758325,0.18658987721581,-0.464039075964464,-0.338498170346403
0.797106545453643,0.186527331285705,-0.463915355933988,-0.338542836886315
0.79717426193398,0.186464736608478,-0.463791533398046,-0.338587524371225
0.797242008689221,0.18640209335966,-0.463667607732768,-0.338632232239763
0.797309785656438,0.186339401564498,-0.463543578956318,-0.338676960434924
0.797377592772751,0.186276661248161,-0.463419447086752,-0.338721708899769
0.797445429975331,0.186213872435735,-0.46329521214203,-0.338766477577429
0.797513297201394,0.186151035152229,-0.46317087414001,-0.338811266411101
0.797581194388206,0.186088149422566,-0.463046433098448,-0.33885607534405
0.797649121473081,0.186025215271593,-0.462921889035,-0.338900904319607
0.797717078393381,0.185962232724074,-0.46279724196722,-0.338945753281172
0.797785065086517,0.18589920180469,-0.46267249191256,-0.338990622172212
0.797853081489949,0.185836122538045,-0.46254763888837,-0.339035510936262
0.797921127541184,0.185772994948658,-0.462422682911898,-0.339080419516925
0.797989203177779,0.185709819060967,-0.462297624000291,-0.33912534785787
0.798057308337339,0.185646594899332,-0.462172462170591,-0.339170295902837
0.798125442957519,0.185583322488026,-0.46204719743974,-0.33921526359563
0.798193606976019,0.185520001851246,-0.461921829824574,-0.339260250880123
0.798261800330591,0.185456633013103,-0.461796359341829,-0.339305257700259
0.798330022959036,0.185393215997627,-0.461670786008136,-0.339350284000047
0.798398274799201,0.185329750828769,-0.461545109840022,-0.339395329723565
0.798466555788985,0.185266237530393,-0.461419330853913,-0.339440394814959
0.798534865866333,0.185202676126286,-0.461293449066127,-0.339485479218443
0.798603204969241,0.185139066640149,-0.461167464492882,-0.339530582878299
0.798671573035752,0.185075409095604,-0.461041377150289,-0.339575705738878
0.79873997000396,0.185011703516187,-0.460915187054356,-0.339620847744597
0.798808395812006,0.184947949925354,-0.460788894220986,-0.339666008839946
0.798876849977609,0.184884148682082,-0.460662499409681,-0.339711188767136
0.798945332020004,0.184820300144963,-0.460536003378578,-0.339756387268668
0.799013841879686,0.184756404336752,-0.460409406141379,-0.339801604289564
0.799082379497198,0.18469246128012,-0.460282707711676,-0.339846839774913
0.799150944813128,0.184628470997654,-0.46015590810296,-0.339892093669877
0.799219537768119,0.184564433511857,-0.460029007328612,-0.339937365919685
0.799288158302856,0.184500348845146,-0.459902005401908,-0.339982656469638
0.799356806358077,0.184436217019855,-0.459774902336016,-0.340027965265104
0.799425481874566,0.184372038058234,-0.459647698144001,-0.340073292251525
0.799494184793158,0.184307811982447,-0.459520392838818,-0.340118637374409
0.799562915054734,0.184243538814575,-0.459392986433315,-0.340164000579336
0.799631672600225,0.184179218576611,-0.459265478940234,-0.340209381811955
0.799700457370611,0.184114851290467,-0.459137870372209,-0.340254781017986
0.799769269307144,0.184050436980373,-0.459010160742853,-0.340300198139924
0.79983810835173,0.183985975676899,-0.458882350068573,-0.340345633111532
0.7999069744464,0.183921467411324,-0.458754438366039,-0.340391085865554
0.799975867533235,0.18385691221482,-0.458626425651813,-0.340436556334835
0.800044787554365,0.183792310118452,-0.458498311942347,-0.340482044452319
0.800113734451969,0.183727661153177,-0.458370097253989,-0.340527550151049
0.800182708168276,0.183662965349845,-0.458241781602976,-0.340573073364169
0.800251708645563,0.1835982227392,-0.458113365005438,-0.34061861402492
0.800320735826159,0.183533433351877,-0.457984847477397,-0.340664172066646
0.800389789652439,0.183468597218406,-0.457856229034765,-0.340709747422787
0.80045887006683,0.183403714369209,-0.457727509693349,-0.340755340026884
0.800527977011806,0.183338784834598,-0.457598689468843,-0.340800949812579
0.800597110167007,0.183273809381019,-0.457469769150709,-0.340846575896551
0.800666269214811,0.183208788774475,-0.457340749525853,-0.340892217395112
0.800735454101868,0.183143723044455,-0.457211630605973,-0.340937874241507
0.800804664774873,0.183078612220337,-0.457082412402665,-0.340983546369086
0.80087390118056,0.183013456331386,-0.456953094927422,-0.341029233711306
0.800943163265709,0.182948255406756,-0.45682367819163,-0.341074936201731
0.801012450977139,0.182883009475487,-0.456694162206572,-0.34112065377403
0.801081764261713,0.18281771856651,-0.45656454698343,-0.341166386361982
0.801151103066334,0.182752382708641,-0.456434832533277,-0.34121213389947
0.801220467337949,0.182687001930584,-0.456305018867084,-0.341257896320485
0.801289857023547,0.182621576260933,-0.456175105995716,-0.341303673559124
0.801359272070158,0.182556105728168,-0.456045093929934,-0.34134946554959
0.801428712424853,0.182490590360658,-0.455914982680393,-0.341395272226195
0.801498178034748,0.182425030186659,-0.455784772257645,-0.341441093523354
0.801567668846997,0.182359425234316,-0.455654462672133,-0.341486929375591
0.801637184808801,0.182293775531659,-0.4555240539342,-0.341532779717536
0.801706725867396,0.182228081106609,-0.455393546054077,-0.341578644483925
0.801776291970067,0.182162341986974,-0.455262939041895,-0.341624523609601
0.801845883064134,0.182096558200449,-0.455132232907677,-0.341670417029513
0.801915499096965,0.182030729774617,-0.455001427661339,-0.341716324678716
0.801985140015964,0.18196485673695,-0.454870523312694,-0.341762246492372
0.80205480576858,0.181898939114805,-0.454739519871445,-0.34180818240575
0.802124496302303,0.18183297693543,-0.454608417347191,-0.341854132354223
0.802194211564664,0.181766970225959,-0.454477215749425,-0.341900096273273
0.802263951503236,0.181700919013415,-0.454345915087533,-0.341946074098486
0.802333715880766,0.181634823442396,-0.454214515684578,-0.341992065720004
0.802403504458933,0.181568683658454,-0.454083017865962,-0.342038071027628
0.80247331718377,0.181502499689869,-0.453951421644406,-0.34208408995659
0.802543154001367,0.181436271564805,-0.453819727032513,-0.342130122442231
0.802613014857862,0.181369999311312,-0.45368793404277,-0.342176168419999
0.802682899699447,0.18130368295732,-0.453556042687542,-0.342222227825453
0.802752808472364,0.181237322530649,-0.453424052979078,-0.342268300594255
0.80282274112291,0.181170918058999,-0.453291964929506,-0.342314386662181
0.802892697597429,0.181104469569955,-0.453159778550835,-0.342360485965109
0.802962677842321,0.181037977090989,-0.453027493854958,-0.342406598439031
0.803032681804033,0.180971440649456,-0.452895110853646,-0.342452724020041
0.803102709429067,0.180904860272593,-0.452762629558552,-0.342498862644345
0.803172760663976,0.180838235987524,-0.452630049981208,-0.342545014248256
0.803242835455361,0.180771567821257,-0.452497372133029,-0.342591178768192
0.803312933749878,0.180704855800684,-0.452364596025309,-0.342637356140683
0.803383055494232,0.180638099952581,-0.452231721669223,-0.342683546302363
0.80345320063518,0.18057130030361,-0.452098749075825,-0.342729749189974
0.803523369119529,0.180504456880315,-0.451965678256052,-0.342775964740369
0.803593560894138,0.180437569709127,-0.451832509220718,-0.342822192890504
0.803663775905915,0.18037063881636,-0.451699241980519,-0.342868433577445
0.803734014101821,0.180303664228212,-0.45156587654603,-0.342914686738364
0.803804275428865,0.180236645970766,-0.451432412927707,-0.342960952310543
0.80387455983411,0.180169584069992,-0.451298851135884,-0.343007230231366
0.803944867264666,0.18010247855174,-0.451165191180776,-0.34305352043833
0.804015197667696,0.180035329441747,-0.451031433072478,-0.343099822869036
0.804085550797388,0.179968137567135,-0.450897577562198,-0.34314613651915
0.804155926408302,0.179900903755288,-0.450763625402204,-0.343192460384398
0.804226324448234,0.179833628032164,-0.450629576603999,-0.343238794402634
0.804296744865033,0.179766310423596,-0.450495431178957,-0.343285138511828
0.804367187606604,0.179698950955296,-0.450361189138326,-0.343331492650064
0.804437652620904,0.179631549652855,-0.450226850493229,-0.343377856755545
0.804508139855943,0.179564106541741,-0.450092415254661,-0.343424230766588
0.804578649259786,0.179496621647302,-0.449957883433492,-0.343470614621623
0.804649180780551,0.179429094994763,-0.449823255040463,-0.343517008259199
0.80471973436641,0.179361526609227,-0.44968853008619,-0.343563411617979
0.804790309965585,0.179293916515675,-0.449553708581161,-0.34360982463674
0.804860907526356,0.17922626473897,-0.449418790535739,-0.343656247254376
0.804931526997052,0.179158571303849,-0.449283775960158,-0.343702679409894
0.805002168326056,0.179090836234929,-0.449148664864526,-0.343749121042419
0.805072831461806,0.179023059556707,-0.449013457258823,-0.343795572091186
0.805143516352789,0.178955241293557,-0.448878153152903,-0.34384203249555
0.805214222947547,0.178887381469732,-0.448742752556492,-0.343888502194977
0.805284951194674,0.178819480109364,-0.448607255479188,-0.343934981129048
0.805355701042817,0.178751537236463,-0.448471661930465,-0.34398146923746
0.805426472440674,0.178683552874919,-0.448335971919664,-0.344027966460023
0.805497265336996,0.1786155270485,-0.448200185456005,-0.344074472736661
0.805568079680585,0.178547459780853,-0.448064302548574,-0.344120988007415
0.805638915420297,0.178479351095503,-0.447928323206335,-0.344167512212436
0.805709772505038,0.178411201015857,-0.44779224743812,-0.344214045291991
0.805780650883768,0.178343009565197,-0.447656075252636,-0.344260587186461
0.80585155037588,0.178274775857607,-0.447519806266549,-0.344307139119799
0.80592247080135,0.178206499007313,-0.447383440094604,-0.344353702315108
0.805993412110072,0.178138179037638,-0.447246976742439,-0.344400276711657
0.806064374251991,0.178069815971795,-0.447110416215573,-0.344446862248816
0.806135357177091,0.178001409832878,-0.44697375851941,-0.344493458866064
0.806206360835405,0.177932960643872,-0.446837003659233,-0.344540066502981
0.806277385177008,0.177864468427645,-0.44670015164021,-0.344586685099252
0.806348430152022,0.177795933206953,-0.44656320246739,-0.344633314594667
0.806419495710613,0.177727355004438,-0.446426156145703,-0.344679954929119
0.806490581802988,0.177658733842629,-0.446289012679964,-0.344726606042606
0.806561688379404,0.17759006974394,-0.446151772074866,-0.344773267875229
0.806632815390158,0.177521362730674,-0.446014434334986,-0.344819940367193
0.806703962785592,0.177452612825017,-0.445876999464784,-0.344866623458807
0.806775130516092,0.177383820049045,-0.445739467468599,-0.344913317090484
0.806846318532089,0.177314984424719,-0.445601838350653,-0.34496002120274
0.806917526784058,0.177246105973887,-0.445464112115049,-0.345006735736194
0.806988755222514,0.177177184718283,-0.445326288765774,-0.34505346063157
0.807060003798021,0.177108220679529,-0.445188368306694,-0.345100195829694
0.807131272461182,0.177039213879131,-0.445050350741556,-0.345146941271497
0.807202561162646,0.176970164338487,-0.44491223607399,-0.345193696898011
0.807273869853104,0.176901072078876,-0.444774024307508,-0.345240462650372
0.80734519848329,0.176831937121468,-0.4446357154455,-0.345287238469819
0.807416547003983,0.176762759487317,-0.444497309491241,-0.345334024297696
0.807487915366002,0.176693539197367,-0.444358806447885,-0.345380820075446
0.807559303520212,0.176624276272447,-0.444220206318468,-0.345427625744617
0.807630711682285,0.176554970881588,-0.444081508848837,-0.345474440882545
0.80770214006753,0.176485623193094,-0.44394271378486,-0.345521265067452
0.807773588626319,0.176416233226535,-0.443803821129417,-0.345568098242368
0.807845057309072,0.176346801001371,-0.443664830885271,-0.345614940350428
0.807916546066246,0.176277326536943,-0.443525743055061,-0.34566179133487
0.807988054848343,0.176207809852486,-0.443386557641311,-0.345708651139035
0.808059583605905,0.176138250967115,-0.443247274646418,-0.345755519706366
0.808131132289519,0.176068649899838,-0.443107894072663,-0.345802396980411
0.80820270084981,0.175999006669546,-0.442968415922206,-0.345849282904818
0.808274289237446,0.175929321295019,-0.442828840197085,-0.34589617742334
0.808345897403138,0.175859593794925,-0.442689166899218,-0.345943080479832
0.808417525297636,0.175789824187817,-0.442549396030403,-0.34598999201825
0.808489172871732,0.175720012492136,-0.442409527592315,-0.346036911982654
0.808560840076259,0.175650158726213,-0.442269561586512,-0.346083840317207
0.808632526862091,0.175580262908262,-0.442129498014427,-0.346130776966172
0.808704233180145,0.175510325056388,-0.441989336877375,-0.346177721873914
0.808775958981374,0.175440345188582,-0.44184907817655,-0.346224674984903
0.808847704216777,0.175370323322724,-0.441708721913025,-0.346271636243709
0.808919468837389,0.175300259476579,-0.441568268087749,-0.346318605595002
0.808991252794289,0.175230153667802,-0.441427716701555,-0.346365582983555
0.809063056038593,0.175160005913936,-0.441287067755151,-0.346412568354244
0.80913487852146,0.17508981623241,-0.441146321249125,-0.346459561652045
0.809206720194086,0.175019584640543,-0.441005477183946,-0.346506562822035
0.809278581007711,0.17494931115554,-0.44086453555996,-0.346553571809393
0.809350460913612,0.174878995794495,-0.44072349637739,-0.346600588559399
0.809422360698583,0.17480863895562,-0.440582358773942,-0.346647611970435
0.809494281148259,0.174738241036206,-0.440441121888079,-0.346694640941862
0.809566222212231,0.174667802051796,-0.440299785720985,-0.346741675420574
0.809638183840129,0.174597322017824,-0.440158350273722,-0.346788715353568
0.80971016598162,0.174526800949609,-0.440016815547232,-0.346835760687945
0.80978216858641,0.17445623886236,-0.439875181542339,-0.346882811370908
0.809854191604238,0.174385635771174,-0.439733448259743,-0.346929867349765
0.809926234984884,0.174314991691036,-0.439591615700024,-0.346976928571924
0.809998298678163,0.174244306636819,-0.439449683863644,-0.347023994984899
0.810070382633927,0.174173580623284,-0.439307652750942,-0.347071066536301
0.810142486802065,0.174102813665082,-0.439165522362135,-0.34711814317385
0.810214611132501,0.174032005776751,-0.439023292697323,-0.347165224845363
0.810286755575199,0.173961156972719,-0.438880963756482,-0.347212311498761
0.810358920080155,0.173890267267302,-0.438738535539468,-0.347259403082067
0.810431104597404,0.173819336674704,-0.438596008046018,-0.347306499543407
0.810503309077017,0.17374836520902,-0.438453381275745,-0.347353600831005
0.810575533469099,0.173677352884232,-0.438310655228142,-0.34740070689319
0.810647777723792,0.173606299714212,-0.438167829902583,-0.347447817678392
0.810720041791276,0.173535205712719,-0.438024905298319,-0.34749493313514
0.810792325621761,0.173464070893406,-0.43788188141448,-0.347542053212066
0.810864629165499,0.173392895269809,-0.437738758250075,-0.347589177857903
0.810936952372772,0.173321678855359,-0.437595535803994,-0.347636307021484
0.811009295193901,0.173250421663372,-0.437452214075001,-0.347683440651743
0.811081657579241,0.173179123707056,-0.437308793061744,-0.347730578697715
0.81115403947918,0.173107784999509,-0.437165272762747,-0.347777721108535
0.81122644190607,0.173036406022334,-0.437021652074755,-0.347824866507763
0.811298865871172,0.172964987255999,-0.436877929894949,-0.347872013519896
0.811371311323287,0.172893528711727,-0.436734106222328,-0.347919162095624
0.811443778211248,0.17282203040063,-0.436590181055775,-0.347966312185739
0.811516266483918,0.17275049233371,-0.436446154394052,-0.348013463741141
0.81158877609019,0.172678914521858,-0.436302026235802,-0.348060616712828
0.811661306978986,0.172607296975856,-0.43615779657955,-0.348107771051903
0.81173385909926,0.172535639706374,-0.436013465423703,-0.348154926709573
0.811806432399995,0.172463942723972,-0.435869032766547,-0.348202083637146
0.811879026830203,0.172392206039102,-0.435724498606249,-0.348249241786033
0.811951642338928,0.172320429662103,-0.43557986294086,-0.348296401107746
0.81202427887524,0.172248613603205,-0.435435125768308,-0.348343561553901
0.812096936388243,0.172176757872531,-0.435290287086405,-0.348390723076216
0.812169614827066,0.17210486248009,-0.435145346892841,-0.348437885626509
0.812242314140871,0.172032927435783,-0.43500030518519,-0.348485049156702
0.812315034278846,0.171960952749403,-0.434855161960903,-0.348532213618815
0.812387775190209,0.171888938430632,-0.434709917217316,-0.348579378964974
0.812460536824209,0.171816884489043,-0.434564570951642,-0.348626545147401
0.812533319130121,0.171744790934099,-0.434419123160976,-0.348673712118424
0.812606122057249,0.171672657775154,-0.434273573842293,-0.348720879830468
0.812678945554929,0.171600485021456,-0.434127922992451,-0.348768048236061
0.812751789572521,0.171528272682138,-0.433982170608185,-0.348815217287829
0.812824654059415,0.17145602076623,-0.433836316686113,-0.348862386938502
0.812897538965031,0.17138372928265,-0.433690361222732,-0.348909557140907
0.812970444238814,0.171311398240209,-0.433544304214421,-0.348956727847972
0.813043369361141,0.171239027588761,-0.4333981462421,-0.349003899408373
0.813116313814545,0.171166617278416,-0.433251887884335,-0.349051072169632
0.813189277551745,0.171094167318197,-0.433105529133798,-0.349098246083099
0.813262260525484,0.171021677717017,-0.432959069983049,-0.34914542110022
0.813335262688525,0.170949148483683,-0.43281251042453,-0.349192597172546
0.813408283993655,0.170876579626889,-0.432665850450571,-0.349239774251727
0.813481324393683,0.170803971155223,-0.432519090053387,-0.34928695228951
0.813554383841441,0.170731323077161,-0.43237222922508,-0.349334131237746
0.81362746228978,0.170658635401074,-0.432225267957634,-0.349381311048384
0.813700559691575,0.17058590813522,-0.432078206242924,-0.349428491673472
0.813773675999722,0.170513141287751,-0.431931044072706,-0.349475673065158
0.813846811167139,0.170440334866711,-0.431783781438623,-0.34952285517569
0.813919965146765,0.170367488880032,-0.431636418332204,-0.349570037957412
0.813993137891561,0.170294603335541,-0.431488954744864,-0.349617221362772
0.814066329354508,0.170221678240956,-0.431341390667902,-0.349664405344312
0.814139539488607,0.170148713603885,-0.431193726092504,-0.349711589854675
0.814212768246884,0.170075709431831,-0.431045961009739,-0.349758774846601
0.814286015582383,0.170002665732185,-0.430898095410565,-0.349805960272929
0.814359281448167,0.169929582512235,-0.430750129285822,-0.349853146086597
0.814432565797324,0.169856459779157,-0.430602062626237,-0.349900332240639
0.814505868582958,0.169783297540021,-0.430453895422423,-0.349947518688189
0.814579189758196,0.16971009580179,-0.430305627664877,-0.349994705382474
0.814652529276184,0.169636854571319,-0.430157259343982,-0.350041892276824
0.814725887090089,0.169563573855355,-0.430008790450005,-0.350089079324663
0.814799263153098,0.16949025366054,-0.429860220973101,-0.350136266479513
0.814872658517705,0.16941689489983,-0.429711550065009,-0.350183451727113
0.81494607423591,0.169343498484439,-0.429562776877379,-0.35023063305474
0.815019510260179,0.169270064418227,-0.429413901400061,-0.350277810418368
0.81509296654299,0.169196592704945,-0.429264923622792,-0.350324983774073
0.815166443036835,0.169123083348236,-0.429115843535195,-0.350372153078035
0.81523993969422,0.169049536351635,-0.428966661126786,-0.350419318286533
0.815313456467663,0.16897595171857,-0.428817376386967,-0.350466479355949
0.815386993309695,0.16890232945236,-0.428667989305028,-0.350513636242767
0.815460550172859,0.168828669556217,-0.428518499870148,-0.350560788903571
0.815534127009712,0.168754972033244,-0.428368908071396,-0.350607937295045
0.815607723772823,0.168681236886438,-0.428219213897725,-0.350655081373976
0.815681340414773,0.168607464118688,-0.428069417337981,-0.350702221097251
0.815754976888156,0.168533653732777,-0.427919518380896,-0.350749356421857
0.815828633145577,0.168459805731378,-0.427769517015089,-0.350796487304879
0.815902309139655,0.168385920117061,-0.427619413229071,-0.350843613703506
0.815976004823019,0.168311996892285,-0.427469207011236,-0.350890735575024
0.81604972014831,0.168238036059405,-0.427318898349871,-0.350937852876818
0.816123455068182,0.168164037620669,-0.427168487233149,-0.350984965566376
0.816197209535301,0.168090001578218,-0.42701797364913,-0.35103207360128
0.816270983502341,0.168015927934087,-0.426867357585763,-0.351079176939215
0.816344776921992,0.167941816690205,-0.426716639030886,-0.351126275537963
0.816418589746952,0.167867667848394,-0.426565817972225,-0.351173369355403
0.816492421929931,0.167793481410371,-0.426414894397392,-0.351220458349516
0.816566273423651,0.167719257377747,-0.426263868293888,-0.351267542478378
0.816640144180844,0.167644995752026,-0.426112739649103,-0.351314621700164
0.816714034935864,0.167570697091747,-0.425961507801235,-0.351361694677529
0.816787946422303,0.167496361954841,-0.425810172089251,-0.351408760073583
0.816861878591764,0.16742199034175,-0.425658732501524,-0.351455817847332
0.81693583139586,0.167347582252808,-0.425507189026314,-0.351502867957886
0.817009804786216,0.167273137688239,-0.425355541651764,-0.351549910364454
0.817083798714465,0.167198656648163,-0.425203790365903,-0.351596945026346
0.81715781313225,0.167124139132589,-0.425051935156647,-0.351643971902973
0.817231847991226,0.16704958514142,-0.424899976011796,-0.351690990953848
0.817305903243056,0.166974994674453,-0.424747912919036,-0.351738002138583
0.817379978839412,0.166900367731376,-0.424595745865936,-0.351785005416892
0.817454074731978,0.166825704311771,-0.424443474839954,-0.351832000748586
0.817528190872444,0.166751004415114,-0.424291099828431,-0.351878988093578
0.817602327212511,0.166676268040772,-0.424138620818593,-0.351925967411881
0.817676483703891,0.166601495188008,-0.423986037797552,-0.351972938663605
0.817750660298301,0.166526685855978,-0.423833350752306,-0.35201990180896
0.81782485694747,0.166451840043731,-0.423680559669736,-0.352066856808256
0.817899073603135,0.16637695775021,-0.42352766453661,-0.352113803621901
0.817973310217041,0.166302038974254,-0.423374665339581,-0.3521607422104
0.818047566740942,0.166227083714593,-0.423221562065186,-0.352207672534359
0.818121843126601,0.166152091969853,-0.423068354699847,-0.352254594554478
0.818196139325787,0.166077063738557,-0.422915043229874,-0.352301508231558
0.818270455290281,0.166001999019117,-0.422761627641458,-0.352348413526496
0.818344790971869,0.165926897809846,-0.422608107920677,-0.352395310400288
0.818419146322345,0.165851760108946,-0.422454484053495,-0.352442198814023
0.818493521293513,0.16577658591452,-0.422300756025759,-0.352489078728891
0.81856791619394,0.165701375701954,-0.422146923691635,-0.352535949210971
0.818642331332591,0.165626129946138,-0.421992986904851,-0.352582809326443
0.818716766661882,0.16555084864426,-0.421838945650434,-0.352629659036798
0.81879122213423,0.165475531793405,-0.421684799913297,-0.352676498303625
0.818865697702055,0.165400179390548,-0.42153054967824,-0.352723327088615
0.818940193317783,0.165324791432562,-0.421376194929949,-0.352770145353558
0.819014708933842,0.16524936791621,-0.421221735652997,-0.352816953060343
0.819089244502664,0.165173908838152,-0.421067171831844,-0.352863750170958
0.819163799976686,0.16509841419494,-0.420912503450837,-0.352910536647492
0.819238375308345,0.165022883983023,-0.42075773049421,-0.352957312452131
0.819312970450083,0.164947318198741,-0.420602852946082,-0.353004077547159
0.819387585354346,0.164871716838333,-0.420447870790461,-0.35305083189496
0.819462219973581,0.164796079897929,-0.420292784011239,-0.353097575458014
0.819536874260239,0.164720407373556,-0.420137592592197,-0.353144308198901
0.819611548166773,0.164644699261136,-0.419982296517002,-0.353191030080295
0.819686241645639,0.164568955556487,-0.419826895769208,-0.353237741064973
0.819760954649295,0.164493176255321,-0.419671390332254,-0.353284441115804
0.819835687130201,0.164417361353245,-0.419515780189468,-0.353331130195755
0.819910439040822,0.164341510845765,-0.419360065324061,-0.35337780826789
0.819985210333621,0.16426562472828,-0.419204245719134,-0.353424475295371
0.820060000961065,0.164189702996086,-0.419048321357673,-0.353471131241452
0.820134810875623,0.164113745644375,-0.418892292222551,-0.353517776069487
0.820209640029766,0.164037752668237,-0.418736158296528,-0.353564409742923
0.820284488375965,0.163961724062656,-0.418579919562248,-0.353611032225303
0.820359355866694,0.163885659822515,-0.418423576002245,-0.353657643480266
0.820434241642573,0.163809559714859,-0.418267128516153,-0.353704244375513
0.820509144844458,0.163733423507997,-0.418110578004579,-0.353750835778015
0.820584065425189,0.163657251198545,-0.417953924451338,-0.353797417650455
0.820659003337617,0.163581042783014,-0.417797167840121,-0.353843989955607
0.820733958534601,0.163504798257812,-0.417640308154499,-0.353890552656341
0.820808930969011,0.163428517619241,-0.417483345377919,-0.353937105715617
0.820883920593724,0.1633522008635,-0.417326279493708,-0.35398364909649
0.820958927361628,0.163275847986683,-0.417169110485071,-0.354030182762105
0.821033951225621,0.163199458984779,-0.417011838335089,-0.3540767066757
0.821108992138608,0.163123033853674,-0.416854463026723,-0.354123220800605
0.821184050053505,0.163046572589151,-0.416696984542812,-0.354169725100243
0.821259124923234,0.162970075186887,-0.416539402866072,-0.354216219538125
0.821334216700727,0.162893541642459,-0.416381717979098,-0.354262704077855
0.821409325338926,0.162816971951338,-0.416223929864363,-0.354309178683129
0.821484450790779,0.162740366108892,-0.416066038504218,-0.354355643317732
0.821559593009241,0.162663724110386,-0.415908043880892,-0.35440209794554
0.821634751947279,0.162587045950983,-0.415749945976493,-0.354448542530518
0.821709927557865,0.162510331625744,-0.415591744773007,-0.354494977036724
0.821785119793978,0.162433581129625,-0.415433440252296,-0.354541401428303
0.821860328608606,0.162356794457481,-0.415275032396104,-0.354587815669489
0.821935553954745,0.162279971604064,-0.415116521186051,-0.354634219724608
0.822010795785397,0.162203112564025,-0.414957906603635,-0.354680613558072
0.82208605405357,0.162126217331913,-0.414799188630232,-0.354726997134384
0.822161328712281,0.162049285902173,-0.4146403672471,-0.354773370418134
0.822236619714553,0.161972318269151,-0.414481442435369,-0.354819733374002
0.822311927188444,0.16189531441533,-0.414322413932962,-0.354866085850355
0.822387251260888,0.161818274323038,-0.414163281478949,-0.354912427696276
0.822462591883232,0.161741197986231,-0.414004045056009,-0.354958758877644
0.822537949006832,0.161664085398764,-0.413844704646697,-0.355005079360428
0.822613322583053,0.161586936554394,-0.413685260233443,-0.355051389110682
0.822688712563269,0.161509751446774,-0.413525711798554,-0.355097688094545
0.822764118898862,0.161432530069462,-0.413366059324213,-0.355143976278244
0.822839541541223,0.161355272415914,-0.413206302792479,-0.355190253628089
0.82291498044175,0.161277978479485,-0.413046442185286,-0.355236520110479
0.822990435551849,0.161200648253434,-0.412886477484445,-0.355282775691895
0.823065906822935,0.161123281730917,-0.412726408671644,-0.355329020338905
0.823141394206431,0.161045878904994,-0.412566235728446,-0.355375254018159
0.823216897653765,0.160968439768624,-0.412405958636291,-0.355421476696396
0.823292417116376,0.160890964314669,-0.412245577376495,-0.355467688340434
0.823367952545707,0.16081345253589,-0.412085091930248,-0.355513888917179
0.82344350389321,0.160735904424952,-0.41192450227862,-0.355560078393619
0.823519071110344,0.160658319974419,-0.411763808402555,-0.355606256736826
0.823594654148574,0.16058069917676,-0.411603010282874,-0.355652423913954
0.823670252959371,0.160503042024342,-0.411442107900272,-0.355698579892242
0.823745867494216,0.160425348509437,-0.411281101235326,-0.355744724639011
0.823821497704591,0.160347618624219,-0.411119990268481,-0.355790858121664
0.823897143541989,0.160269852360764,-0.410958774980067,-0.355836980307687
0.823972804957907,0.160192049711049,-0.410797455350283,-0.355883091164647
0.824048481903847,0.160114210666955,-0.41063603135921,-0.355929190660194
0.824124174331319,0.160036335220267,-0.410474502986801,-0.35597527876206
0.824199882625419,0.159958422361075,-0.410312868859318,-0.356021356444297
0.824275607169729,0.159880471079553,-0.410151127602749,-0.356067424680423
0.824351347913492,0.159802481367465,-0.40998927919646,-0.356113483437481
0.824427104805955,0.159724453216484,-0.409827323619699,-0.35615953268259
0.824502877796367,0.15964638661819,-0.409665260851595,-0.356205572382941
0.82457866683398,0.159568281564075,-0.409503090871162,-0.356251602505799
0.824654471868045,0.159490138045536,-0.409340813657294,-0.356297623018504
0.82473029284782,0.159411956053883,-0.409178429188766,-0.356343633888467
0.82480612972256,0.159333735580332,-0.409015937444239,-0.356389635083176
0.824881982441525,0.159255476616011,-0.408853338402251,-0.356435626570187
0.824957850953974,0.159177179151955,-0.408690632041228,-0.356481608317131
0.825033735209171,0.15909884317911,-0.408527818339472,-0.356527580291712
0.825109635156378,0.159020468688331,-0.408364897275173,-0.356573542461706
0.825185550744859,0.158942055670384,-0.408201868826398,-0.356619494794959
0.825261481923881,0.158863604115943,-0.408038732971099,-0.356665437259391
0.825337428642709,0.158785114015594,-0.407875489687111,-0.356711369822994
0.825413390850609,0.158706585359831,-0.407712138952148,-0.356757292453828
0.825489368496851,0.158628018139061,-0.407548680743808,-0.356803205120028
0.825565361530703,0.1585494123436,-0.407385115039572,-0.356849107789797
0.825641369901432,0.158470767963674,-0.407221441816801,-0.35689500043141
0.825717393558307,0.158392084989421,-0.40705766105274,-0.356940883013213
0.825793432450598,0.158313363410888,-0.406893772724515,-0.356986755503621
0.825869486527574,0.158234603218035,-0.406729776809134,-0.35703261787112
0.825945555738501,0.158155804400732,-0.406565673283488,-0.357078470084265
0.82602164003265,0.158076966948761,-0.406401462124351,-0.35712431211168
0.826097738957278,0.157998090342945,-0.406237143445671,-0.357170144920816
0.826173852060005,0.157919174064333,-0.406072717360464,-0.357215969478773
0.826249979290648,0.157840218102905,-0.405908183843923,-0.357261785753752
0.826326120599016,0.157761222448556,-0.405743542871124,-0.357307593714023
0.826402275934924,0.157682187091094,-0.405578794417026,-0.357353393327919
0.82647844524818,0.157603112020241,-0.405413938456472,-0.357399184563841
0.826554628488593,0.157523997225631,-0.405248974964188,-0.357444967390252
0.826630825605969,0.157444842696812,-0.405083903914785,-0.357490741775681
0.826707036550115,0.157365648423248,-0.404918725282755,-0.357536507688722
0.826783261270832,0.157286414394313,-0.404753439042474,-0.357582265098031
0.826859499717922,0.157207140599298,-0.404588045168201,-0.357628013972332
0.826935751841183,0.157127827027406,-0.404422543634081,-0.35767375428041
0.827012017590411,0.157048473667757,-0.40425693441414,-0.357719485991114
0.827088296915401,0.156969080509382,-0.404091217482287,-0.357765209073358
0.827164589765942,0.156889647541228,-0.403925392812317,-0.357810923496118
0.827240896091824,0.156810174752158,-0.403759460377905,-0.357856629228434
0.827317215842831,0.156730662130946,-0.403593420152612,-0.357902326239408
0.827393548968745,0.156651109666285,-0.403427272109881,-0.357948014498204
0.827469895419345,0.15657151734678,-0.40326101622304,-0.357993693974051
0.827546255144406,0.156491885160951,-0.4030946524653,-0.358039364636237
0.8276226280937,0.156412213097236,-0.402928180809753,-0.358085026454116
0.827699014216994,0.156332501143984,-0.402761601229378,-0.358130679397101
0.827775413464054,0.156252749289463,-0.402594913697036,-0.358176323434666
0.827851825784638,0.156172957521856,-0.402428118185471,-0.358221958536349
0.827928251128504,0.156093125829259,-0.402261214667311,-0.358267584671748
0.828004689475353,0.156013253090484,-0.402094202180531,-0.35831320327299
0.828081140803485,0.15593333818478,-0.401927079763082,-0.358358815771666
0.828157605060538,0.15585338110078,-0.401759847387385,-0.358404422136662
0.828234082194148,0.155773381827035,-0.401592505025747,-0.35845002233691
0.828310572151946,0.155693340352019,-0.401425052650361,-0.358495616341402
0.828387074881559,0.155613256664125,-0.401257490233305,-0.358541204119176
0.828463590330608,0.155533130751669,-0.401089817746545,-0.358586785639329
0.828540118446712,0.155452962602887,-0.40092203516193,-0.358632360871004
0.828616659177482,0.155372752205935,-0.400754142451197,-0.358677929783402
0.828693212470527,0.155292499548893,-0.400586139585968,-0.358723492345772
0.828769778273447,0.155212204619759,-0.400418026537751,-0.358769048527416
0.828846356533841,0.155131867406455,-0.400249803277941,-0.358814598297689
0.8289229471993,0.155051487896825,-0.400081469777816,-0.358860141625995
0.82899955021741,0.15497106607863,-0.399913026008543,-0.358905678481791
0.829076165535751,0.154890601939558,-0.399744471941174,-0.358951208834586
0.829152793101896,0.154810095467217,-0.399575807546645,-0.358996732653936
0.829229432863416,0.154729546649136,-0.399407032795781,-0.359042249909452
0.82930608476787,0.154648955472767,-0.39923814765929,-0.359087760570793
0.829382748762817,0.154568321925483,-0.399069152107767,-0.359133264607669
0.829459424795804,0.15448764599458,-0.398900046111695,-0.359178761989841
0.829536112814375,0.154406927667277,-0.398730829641439,-0.35922425268712
0.829612812766065,0.154326166930713,-0.398561502667251,-0.359269736669364
0.829689524598404,0.154245363771953,-0.398392065159272,-0.359315213906484
0.829766248258914,0.154164518177981,-0.398222517087525,-0.35936068436844
0.829842983695109,0.154083630135705,-0.398052858421921,-0.359406148025239
0.829919730624744,0.154002699611054,-0.397883089423187,-0.359451605064326
0.829996488765756,0.153921726569752,-0.397713210351767,-0.359497055673609
0.830073258065924,0.153840710998293,-0.397543221176979,-0.359542499823864
0.83015003847302,0.153759652883093,-0.397373121868024,-0.359587937485916
0.83022682993481,0.153678552210491,-0.397202912393987,-0.359633368630635
0.830303632399052,0.153597408966749,-0.397032592723838,-0.359678793228942
0.830380445813499,0.153516223138052,-0.39686216282643,-0.359724211251801
0.830457270125893,0.153434994710512,-0.396691622670504,-0.359769622670228
0.830534105283971,0.15335372367016,-0.396520972224682,-0.35981502745528
0.830610951235462,0.153272410002953,-0.396350211457471,-0.359860425578065
0.830687807928087,0.153191053694772,-0.396179340337265,-0.359905817009735
0.830764675309559,0.153109654731423,-0.39600835883234,-0.35995120172149
0.830841553327583,0.153028213098633,-0.395837266910856,-0.359996579684575
0.830918441929855,0.152946728782055,-0.395666064540861,-0.360041950870281
0.830995341064064,0.152865201767266,-0.395494751690284,-0.360087315249945
0.83107225067789,0.152783632039769,-0.39532332832694,-0.360132672794949
0.831149170719003,0.152702019584988,-0.395151794418528,-0.360178023476721
0.831226101135066,0.152620364388275,-0.394980149932632,-0.360223367266733
0.831303041873731,0.152538666434903,-0.394808394836722,-0.360268704136503
0.831379992882643,0.152456925710072,-0.394636529098148,-0.360314034057594
0.831456954109436,0.152375142198908,-0.394464552684151,-0.360359357001612
0.831533925501735,0.152293315886459,-0.39429246556185,-0.360404672940209
0.831610907007157,0.1522114467577,-0.394120267698253,-0.360449981845081
0.831687898573306,0.152129534797529,-0.393947959060252,-0.360495283687967
0.831764900147779,0.152047579990772,-0.393775539614622,-0.36054057844065
0.831841911720681,0.151965582100556,-0.393603009084251,-0.36058586633636
0.831918933281176,0.151883540890172,-0.393430367192873,-0.360631147608544
0.831995964775428,0.151801456344578,-0.393257613908348,-0.360676422229375
0.832073006149599,0.151719328448658,-0.393084749198421,-0.360721690171068
0.832150057349842,0.151637157187224,-0.392911773030717,-0.360766951405877
0.832227118322302,0.151554942545011,-0.392738685372743,-0.3608122059061
0.832304189013117,0.151472684506684,-0.392565486191884,-0.360857453644073
0.83238126936842,0.151390383056831,-0.392392175455412,-0.360902694592175
0.832458359334334,0.15130803817997,-0.392218753130473,-0.360947928722821
0.832535458856974,0.151225649860542,-0.3920452191841,-0.36099315600847
0.832612567882448,0.151143218082918,-0.391871573583204,-0.361038376421621
0.832689686356855,0.151060742831393,-0.391697816294577,-0.361083589934809
0.832766814226289,0.150978224090191,-0.391523947284895,-0.361128796520612
0.83284395143683,0.150895661843461,-0.391349966520711,-0.361173996151646
0.832921097934554,0.150813056075281,-0.391175873968464,-0.361219188800566
0.832998253665528,0.150730406769655,-0.39100166959447,-0.361264374440067
0.833075418575806,0.150647713910514,-0.390827353364928,-0.361309553042882
0.833152592611438,0.150564977481717,-0.390652925245918,-0.361354724581782
0.833229775718463,0.15048219746705,-0.390478385203401,-0.361399889029579
0.833306967842909,0.150399373850226,-0.390303733203221,-0.36144504635912
0.833384168930796,0.150316506614887,-0.3901289692111,-0.361490196543293
0.833461378928134,0.150233595744602,-0.389954093192643,-0.361535339555021
0.833538597780924,0.150150641222866,-0.389779105113337,-0.361580475367268
0.833615825435156,0.150067643033105,-0.389604004938548,-0.361625603953032
0.833693061836811,0.149984601158669,-0.389428792633526,-0.361670725285353
0.833770306982995,0.149901515532938,-0.389253468051809,-0.361715839360194
0.833847560870562,0.149818386089159,-0.38907803104694,-0.361760946173699
0.833924823445096,0.149735212810378,-0.388902481583991,-0.361806045699225
0.834002094652168,0.149651995679575,-0.388726819627917,-0.361851137910166
0.83407937443734,0.149568734679653,-0.388551045143554,-0.36189622277995
0.834156662746163,0.149485429793448,-0.388375158095617,-0.361941300282045
0.834233959524176,0.149402081003721,-0.388199158448705,-0.361986370389951
0.834311264716907,0.149318688293166,-0.388023046167298,-0.362031433077205
0.834388578269873,0.149235251644403,-0.387846821215755,-0.36207648831738
0.83446590012858,0.149151771039981,-0.387670483558318,-0.362121536084084
0.834543230238519,0.149068246462381,-0.38749403315911,-0.362166576350959
0.834620568545173,0.14898467789401,-0.387317469982136,-0.362211609091684
0.834697914994011,0.148901065317206,-0.387140793991279,-0.362256634279972
0.83477526953049,0.148817408714236,-0.386964005150307,-0.362301651889568
0.834852632100055,0.148733708067297,-0.386787103422869,-0.362346661894255
0.834930002648137,0.148649963358513,-0.386610088772491,-0.362391664267849
0.835007381120155,0.148566174569942,-0.386432961162586,-0.362436658984199
0.835084767461517,0.148482341683569,-0.386255720556444,-0.362481646017189
0.835162161617615,0.148398464681308,-0.386078366917238,-0.362526625340736
0.83523956353383,0.148314543545004,-0.385900900208021,-0.36257159692879
0.835316973155529,0.148230578256433,-0.38572332039173,-0.362616560755336
0.835394390428064,0.1481465687973,-0.385545627431179,-0.362661516794392
0.835471815296775,0.148062515149239,-0.385367821289068,-0.362706465020006
0.835549247706989,0.147978417293815,-0.385189901927975,-0.362751405406263
0.835626687604017,0.147894275212526,-0.385011869310359,-0.362796337927277
0.835704134512731,0.147810089049371,-0.38483372410573,-0.362841262709274
0.835781587958811,0.147725858948565,-0.384655466983388,-0.362886179878415
0.835859047888765,0.147641584891819,-0.384477097905305,-0.362931089408766
0.835936514249087,0.147557266860773,-0.384298616833332,-0.362975991274427
0.836013986986256,0.147472904836995,-0.3841200237292,-0.363020885449531
0.836091466046739,0.147388498801984,-0.38394131855452,-0.363065771908243
0.836168951376989,0.147304048737169,-0.383762501270785,-0.363110650624758
0.836246442923443,0.147219554623907,-0.383583571839366,-0.363155521573308
0.836323940632524,0.147135016443487,-0.383404530221517,-0.363200384728154
0.836401444450643,0.147050434177127,-0.38322537637837,-0.363245240063588
0.836478954324194,0.146965807805975,-0.383046110270937,-0.363290087553936
0.836556470199556,0.146881137311109,-0.382866731860113,-0.363334927173554
0.836633992023094,0.146796422673538,-0.38268724110667,-0.36337975889683
0.836711519741159,0.1467116638742,-0.382507637971264,-0.363424582698183
0.836789053300084,0.146626860893966,-0.382327922414428,-0.363469398552063
0.836866592646189,0.146542013713633,-0.382148094396576,-0.36351420643295
0.836944137725776,0.146457122313932,-0.381968153878004,-0.363559006315356
0.837021688485133,0.146372186675525,-0.381788100818887,-0.363603798173821
0.837099244870533,0.146287206779001,-0.381607935179281,-0.363648581982918
0.837176806828229,0.146202182604884,-0.381427656919121,-0.363693357717249
0.837254374304462,0.146117114133626,-0.381247265998224,-0.363738125351446
0.837331947245454,0.146032001345611,-0.381066762376287,-0.363782884860169
0.83740952559741,0.145946844221154,-0.380886146012886,-0.36382763621811
0.837487109306521,0.1458616427405,-0.380705416867479,-0.363872379399989
0.837564698318958,0.145776396883827,-0.380524574899403,-0.363917114380556
0.837642293066811,0.145691106235953,-0.380343619060403,-0.363961841227283
0.837719893980594,0.14560577038155,-0.380162548302776,-0.364006560007752
0.837797501004089,0.14552038930047,-0.379981362586507,-0.364051270696924
0.83787511408106,0.1454349629725,-0.379800061871462,-0.364095973269784
0.837952733155258,0.145349491377358,-0.379618646117386,-0.364140667701343
0.838030358170411,0.145263974494697,-0.379437115283905,-0.364185353966637
0.838107989070235,0.145178412304103,-0.379255469330523,-0.36423003204073
0.838185625798426,0.145092804785095,-0.379073708216624,-0.364274701898708
0.838263268298663,0.145007151917125,-0.378891831901473,-0.364319363515685
0.838340916514606,0.14492145367958,-0.378709840344215,-0.364364016866797
0.838418570389898,0.14483571005178,-0.378527733503872,-0.364408661927207
0.838496229868165,0.144749921012977,-0.378345511339348,-0.364453298672103
0.838573894893013,0.144664086542358,-0.378163173809427,-0.364497927076695
0.838651565408031,0.144578206619046,-0.377980720872771,-0.364542547116219
0.838729241356787,0.144492281222093,-0.377798152487923,-0.364587158765935
0.838806922682832,0.14440631033049,-0.377615468613304,-0.364631762001126
0.838884609329699,0.144320293923157,-0.377432669207218,-0.364676356797101
0.8389623012409,0.144234231978953,-0.377249754227844,-0.364720943129189
0.83903999835993,0.144148124476667,-0.377066723633245,-0.364765520972746
0.839117700630261,0.144061971395024,-0.37688357738136,-0.364810090303149
0.839195407995348,0.143975772712684,-0.37670031543001,-0.364854651095799
0.839273120398627,0.14388952840824,-0.376516937736894,-0.36489920332612
0.839350837783512,0.143803238460219,-0.376333444259593,-0.364943746969557
0.839428560093399,0.143716902847084,-0.376149834955565,-0.364988282001581
0.839506287271661,0.14363052154723,-0.375966109782148,-0.365032808397682
0.83958402064201,0.143544093881921,-0.375782266241647,-0.365077325744159
0.839661761525986,0.143457619171238,-0.375598301835264,-0.365121833627165
0.839739509863675,0.143371097391714,-0.37541421651851,-0.365166332022003
0.839817265595131,0.143284528519818,-0.375230010246782,-0.365210820903996
0.839895028660381,0.14319791253196,-0.375045682975363,-0.365255300248484
0.83997279899942,0.143111249404488,-0.374861234659426,-0.36529977003083
0.840050576552215,0.143024539113686,-0.374676665254028,-0.365344230226412
0.840128361258703,0.14293778163578,-0.374491974714115,-0.365388680810628
0.840206153058791,0.142850976946932,-0.374307162994517,-0.365433121758895
0.840283951892354,0.142764125023245,-0.374122230049955,-0.365477553046646
0.840361757699239,0.142677225840758,-0.373937175835033,-0.365521974649335
0.840439570419263,0.142590279375453,-0.373752000304244,-0.365566386542433
0.84051738999221,0.142503285603246,-0.373566703411966,-0.365610788701427
0.840595216357834,0.142416244499994,-0.373381285112465,-0.365655181101824
0.840673049455861,0.142329156041495,-0.373195745359891,-0.365699563719147
0.840750889225983,0.142242020203482,-0.373010084108283,-0.365743936528936
0.840828735607861,0.14215483696163,-0.372824301311566,-0.365788299506751
0.840906588541127,0.142067606291553,-0.37263839692355,-0.365832652628163
0.840984447965381,0.141980328168801,-0.372452370897931,-0.365876995868767
0.841062313820188,0.141893002568867,-0.372266223188294,-0.365921329204168
0.841140186045088,0.141805629467181,-0.372079953748107,-0.365965652609994
0.841218064579583,0.141718208839113,-0.371893562530725,-0.366009966061882
0.841295949363146,0.141630740659972,-0.37170704948939,-0.366054269535491
0.841373840335219,0.141543224905006,-0.371520414577229,-0.366098563006494
0.841451737435211,0.141455661549404,-0.371333657747254,-0.366142846450578
0.841529640724584,0.141368051545327,-0.371146779707533,-0.366187118420294
0.841607550266604,0.141280395843559,-0.370959781164425,-0.366231377469183
0.841685466003585,0.14119269441692,-0.370772662067675,-0.36627562357447
0.841763387877834,0.141104947238148,-0.370585422366855,-0.366319856713405
0.841841315831618,0.141017154279917,-0.370398062011423,-0.366364076863257
0.841919249807167,0.140929315514839,-0.370210580950723,-0.36640828400131
0.841997189746673,0.140841430915463,-0.370022979133984,-0.366452478104871
0.842075135592292,0.140753500454278,-0.369835256510322,-0.36649665915126
0.84215308728614,0.140665524103706,-0.369647413028737,-0.366540827117818
0.842231044770297,0.140577501836112,-0.369459448638114,-0.366584981981904
0.842309007986802,0.140489433623795,-0.369271363287224,-0.366629123720893
0.842386976877658,0.140401319438993,-0.369083156924724,-0.366673252312177
0.842464951384829,0.140313159253882,-0.368894829499155,-0.366717367733166
0.842542931450239,0.140224953040576,-0.368706380958943,-0.366761469961287
0.842620917015775,0.140136700771127,-0.368517811252402,-0.366805558973984
0.842698908023285,0.140048402417524,-0.368329120327726,-0.366849634748716
0.842776904414576,0.139960057951696,-0.368140308132998,-0.366893697262959
0.842854906131418,0.139871667345508,-0.367951374616185,-0.366937746494206
0.84293291311554,0.139783230570766,-0.367762319725138,-0.366981782419966
0.843010925308633,0.139694747599211,-0.367573143407594,-0.367025805017762
0.843088942652346,0.139606218402525,-0.367383845611173,-0.367069814265136
0.843166965088292,0.139517642952326,-0.367194426283381,-0.367113810139641
0.843244992558041,0.139429021220174,-0.367004885371608,-0.367157792618849
0.843323025003124,0.139340353177563,-0.366815222823131,-0.367201761680346
0.843401062365031,0.13925163879593,-0.366625438585107,-0.367245717301732
0.843479105160959,0.139162878492964,-0.366435532262989,-0.367289658310113
0.843557153907962,0.139074072685731,-0.366245503462181,-0.367333583532783
0.843635208547252,0.138985221344633,-0.366055352129598,-0.367377492947641
0.843713269019998,0.13889632444001,-0.36586507821204,-0.367421386532604
0.843791335267326,0.138807381942139,-0.365674681656195,-0.367465264265607
0.843869407230318,0.138718393821237,-0.365484162408634,-0.367509126124599
0.843947484850013,0.138629360047458,-0.365293520415813,-0.367552972087549
0.844025568067406,0.138540280590895,-0.365102755624075,-0.36759680213244
0.844103656823447,0.138451155421576,-0.364911867979647,-0.36764061623727
0.844181751059044,0.138361984509473,-0.36472085742864,-0.367684414380056
0.844259850715059,0.138272767824491,-0.364529723917052,-0.367728196538828
0.844337955732311,0.138183505336476,-0.364338467390763,-0.367771962691632
0.844416066051574,0.138094197015213,-0.364147087795543,-0.36781571281653
0.844494181613577,0.138004842830423,-0.363955585077041,-0.367859446891599
0.844572302359005,0.137915442751768,-0.363763959180794,-0.367903164894931
0.844650428228498,0.137825996748847,-0.363572210052221,-0.367946866804631
0.844728559162651,0.137736504791199,-0.363380337636629,-0.367990552598821
0.844806695102012,0.137646966848301,-0.363188341879208,-0.368034222255636
0.844884835987088,0.137557382889569,-0.362996222725029,-0.368077875753224
0.844962981758336,0.137467752884357,-0.362803980119052,-0.36812151306975
0.845041132356171,0.137378076801959,-0.36261161400612,-0.368165134183389
0.84511928772096,0.137288354611607,-0.362419124330958,-0.368208739072333
0.845197447793025,0.137198586282472,-0.362226511038176,-0.368252327714785
0.845275612512643,0.137108771783666,-0.362033774072271,-0.368295900088963
0.845353781820043,0.137018911084237,-0.361840913377618,-0.368339456173096
0.84543195586188,0.136929003534894,-0.361647928014948,-0.368382996568779
0.845510134783867,0.136839048486656,-0.361454817044763,-0.36842652187671
0.845588318524759,0.136749045908949,-0.361261580410928,-0.368470032073792
0.845666507023259,0.136658995771136,-0.361068218057191,-0.368513527136942
0.845744700218026,0.136568898042521,-0.360874729927183,-0.368557007043083
0.84582289804767,0.136478752692349,-0.360681115964421,-0.368600471769152
0.845901100450754,0.136388559689802,-0.360487376112303,-0.368643921292093
0.845979307365794,0.136298319004003,-0.360293510314114,-0.368687355588863
0.846057518731256,0.136208030604015,-0.360099518513018,-0.368730774636426
0.84613573448556,0.136117694458841,-0.359905400652066,-0.368774178411758
0.846213954567079,0.136027310537422,-0.359711156674191,-0.368817566891841
0.846292178914134,0.135936878808641,-0.359516786522208,-0.36886094005367
0.846370407465001,0.13584639924132,-0.359322290138817,-0.368904297874247
0.846448640157907,0.135755871804221,-0.3591276674666,-0.368947640330583
0.846526876931028,0.135665296466046,-0.358932918448022,-0.368990967399698
0.846605117722494,0.135574673195437,-0.358738043025431,-0.369034279058622
0.846683362470385,0.135484001960975,-0.358543041141057,-0.369077575284389
0.846761611112732,0.135393282731183,-0.358347912737013,-0.369120856054045
0.846839863587516,0.135302515474522,-0.358152657755294,-0.369164121344644
0.84691811983267,0.135211700159395,-0.357957276137779,-0.369207371133245
0.846996379786077,0.135120836754145,-0.357761767826229,-0.369250605396918
0.84707464338557,0.135029925227053,-0.357566132762285,-0.369293824112738
0.847152910568933,0.134938965546342,-0.357370370887472,-0.369337027257788
0.847231181273898,0.134847957680176,-0.357174482143196,-0.369380214809158
0.847309455438151,0.134756901596657,-0.356978466470747,-0.369423386743946
0.847387732737356,0.134665796707477,-0.356782323602215,-0.369466544044774
0.847466012846662,0.134574642424741,-0.356586053269574,-0.369509687693925
0.847544295702906,0.134483438717087,-0.35638965541376,-0.369552817667993
0.847622581242873,0.134392185553091,-0.35619312997559,-0.369595933943576
0.847700869403301,0.134300882901273,-0.355996476895758,-0.369639036497276
0.847779160120876,0.134209530730093,-0.355799696114842,-0.369682125305695
0.847857453332239,0.134118129007952,-0.355602787573298,-0.369725200345442
0.847935748973977,0.134026677703191,-0.35540575121146,-0.369768261593127
0.848014046982631,0.133935176784093,-0.355208586969546,-0.369811309025364
0.84809234729469,0.133843626218884,-0.355011294787649,-0.369854342618766
0.848170649846594,0.133752025975728,-0.354813874605745,-0.369897362349953
0.848248954574734,0.133660376022733,-0.354616326363688,-0.369940368195545
0.848327261415448,0.133568676327945,-0.354418650001211,-0.369983360132163
0.848405570305026,0.133476926859355,-0.354220845457927,-0.370026338136432
0.848483881179707,0.133385127584892,-0.354022912673328,-0.370069302184977
0.848562193975679,0.133293278472427,-0.353824851586785,-0.370112252254427
0.848640508629078,0.133201379489775,-0.353626662137548,-0.370155188321409
0.848718825075992,0.133109430604688,-0.353428344264744,-0.370198110362554
0.848797143252455,0.133017431784862,-0.353229897907382,-0.370241018354493
0.848875463094451,0.132925382997934,-0.353031323004348,-0.370283912273857
0.848953784537913,0.132833284211482,-0.352832619494405,-0.370326792097281
0.849032107518722,0.132741135393024,-0.352633787316196,-0.370369657801397
0.849110431972706,0.132648936510023,-0.352434826408244,-0.370412509362839
0.849188757835643,0.13255668752988,-0.352235736708946,-0.370455346758242
0.849267085043259,0.132464388419938,-0.352036518156581,-0.370498169964239
0.84934541346882,0.132372038797862,-0.351837170413513,-0.370540979487275
0.849423742985493,0.132279638281328,-0.35163769314132,-0.370583775833383
0.849502073528772,0.132187186837611,-0.351438086276909,-0.370626558978575
0.849580405034094,0.132094684433928,-0.351238349757074,-0.370669328898863
0.849658737436841,0.132002131037438,-0.351038483518485,-0.370712085570258
0.84973707067234,0.131909526615244,-0.350838487497697,-0.370754828968769
0.849815404675862,0.131816871134389,-0.350638361631142,-0.370797559070404
0.849893739382621,0.131724164561861,-0.350438105855135,-0.370840275851167
0.849972074727777,0.13163140686459,-0.350237720105873,-0.370882979287062
0.850050410646432,0.131538598009447,-0.350037204319429,-0.37092566935409
0.850128747073632,0.131445737963247,-0.34983655843176,-0.370968346028249
0.850207083944368,0.131352826692747,-0.349635782378702,-0.371011009285537
0.850285421193572,0.131259864164647,-0.34943487609597,-0.371053659101945
0.850363758756121,0.131166850345588,-0.349233839519161,-0.371096295453464
0.850442096566834,0.131073785202156,-0.349032672583749,-0.371138918316083
0.850520434560474,0.130980668700876,-0.348831375225091,-0.371181527665785
0.850598772671746,0.130887500808219,-0.34862994737842,-0.371224123478551
0.850677110835297,0.130794281490598,-0.34842838897885,-0.37126670573036
0.850755448985718,0.130701010714365,-0.348226699961375,-0.371309274397184
0.850833787057542,0.130607688445819,-0.348024880260868,-0.371351829454994
0.850912124985242,0.130514314651199,-0.347822929812078,-0.371394370879756
0.850990462703237,0.130420889296687,-0.347620848549636,-0.371436898647432
0.851068800145885,0.130327412348407,-0.34741863640805,-0.371479412733981
0.851147137247485,0.130233883772428,-0.347216293321709,-0.371521913115355
0.851225473942281,0.130140303534758,-0.347013819224876,-0.371564399767503
0.851303810191807,0.130046670998381,-0.346811213382461,-0.371606873439304
0.85138214595643,0.129952985526515,-0.346608475059483,-0.371649334879412
0.851460481168551,0.129859247085436,-0.346405604190189,-0.371691784063428
0.851538815760514,0.129765455641363,-0.346202600708701,-0.371734220966947
0.851617149664606,0.129671611160457,-0.345999464549018,-0.371776645565554
0.851695482813058,0.129577713608823,-0.345796195645013,-0.371819057834825
0.851773815138042,0.12948376295251,-0.345592793930435,-0.371861457750328
0.851852146571672,0.129389759157507,-0.345389259338906,-0.371903845287621
0.851930477046005,0.129295702189751,-0.345185591803924,-0.371946220422254
0.85200880649304,0.129201592015117,-0.344981791258861,-0.371988583129767
0.852087134844718,0.129107428599427,-0.344777857636964,-0.37203093338569
0.852165462032921,0.129013211908444,-0.344573790871355,-0.372073271165545
0.852243787989472,0.128918941907875,-0.344369590895028,-0.372115596444843
0.852322112646136,0.12882461856337,-0.344165257640852,-0.372157909199086
0.852400435934621,0.12873024184052,-0.34396079104157,-0.372200209403765
0.852478757786573,0.128635811704863,-0.343756191029799,-0.372242497034361
0.852557078133581,0.128541328121876,-0.34355145753803,-0.372284772066345
0.852635396907173,0.128446791056982,-0.343346590498624,-0.372327034475178
0.852713714038819,0.128352200475545,-0.343141589843822,-0.372369284236311
0.852792029459929,0.128257556342872,-0.342936455505731,-0.372411521325181
0.852870343101853,0.128162858624215,-0.342731187416336,-0.372453745717218
0.852948654895879,0.128068107284767,-0.342525785507492,-0.372495957387839
0.85302696477324,0.127973302289663,-0.342320249710929,-0.372538156312451
0.853105272665103,0.127878443603983,-0.342114579958246,-0.372580342466447
0.853183578502579,0.12778353119275,-0.341908776180919,-0.372622515825213
0.853261881632534,0.127688565088869,-0.34170283915841,-0.372664676900742
0.853340181402622,0.127593545325589,-0.341496769670071,-0.372706826205119
0.853418477745041,0.127498471868363,-0.341290567647019,-0.372748963713843
0.853496770591931,0.127403344682586,-0.341084233020245,-0.372791089402398
0.853575059875369,0.127308163733597,-0.340877765720609,-0.372833203246259
0.853653345527375,0.127212928986675,-0.340671165678843,-0.372875305220888
0.853731627479907,0.127117640407043,-0.340464432825551,-0.372917395301734
0.853809905664866,0.127022297959868,-0.340257567091209,-0.372959473464234
0.853888180014088,0.126926901610257,-0.340050568406164,-0.373001539683811
0.853966450459352,0.126831451323261,-0.339843436700631,-0.373043593935876
0.854044716932374,0.126735947063873,-0.3396361719047,-0.373085636195829
0.854122979364809,0.126640388797029,-0.339428773948329,-0.373127666439053
0.854201237688254,0.126544776487608,-0.339221242761348,-0.373169684640921
0.85427949183424,0.126449110100429,-0.339013578273455,-0.373211690776791
0.85435774173424,0.126353389600256,-0.338805780414221,-0.373253684822007
0.854435987319664,0.126257614951794,-0.338597849113087,-0.373295666751902
0.85451422852186,0.126161786119692,-0.338389784299362,-0.373337636541793
0.854592465272114,0.126065903068538,-0.338181585902226,-0.373379594166981
0.854670697501651,0.125969965762866,-0.337973253850728,-0.373421539602759
0.854748925141633,0.12587397416715,-0.337764788073787,-0.373463472824399
0.854827148123158,0.125777928245808,-0.337556188500192,-0.373505393807163
0.854905366377263,0.125681827963198,-0.3373474550586,-0.373547302526297
0.854983579834921,0.125585673283622,-0.337138587677538,-0.373589198957033
0.855061788427044,0.125489464171323,-0.3369295862854,-0.373631083074587
0.855139992084477,0.125393200590487,-0.336720450810452,-0.373672954854162
0.855218190858768,0.125296882578731,-0.336511181101597,-0.373714814041291
0.855296384801234,0.125200510173454,-0.336301777007739,-0.373756660381702
0.855374573842287,0.125104083338439,-0.336092238456947,-0.373798493850864
0.855452757912273,0.125007602037405,-0.335882565377155,-0.373840314424228
0.855530936941474,0.124911066234017,-0.335672757696168,-0.373882122077231
0.855609110860109,0.124814475891882,-0.335462815341658,-0.373923916785295
0.855687279598331,0.12471783097455,-0.335252738241165,-0.373965698523824
0.855765443086229,0.12462113144551,-0.335042526322096,-0.374007467268207
0.855843601253826,0.124524377268197,-0.334832179511727,-0.374049222993816
0.85592175403108,0.124427568405986,-0.334621697737199,-0.374090965676007
0.855999901347885,0.124330704822196,-0.334411080925523,-0.374132695290119
0.856078043134069,0.124233786480086,-0.334200329003576,-0.374174411811476
0.856156179319394,0.124136813342859,-0.333989441898102,-0.374216115215383
0.856234309833555,0.124039785373659,-0.33377841953571,-0.374257805477129
0.856312434606182,0.123942702535573,-0.333567261842879,-0.374299482571985
0.85639055356684,0.123845564791629,-0.333355968745951,-0.374341146475207
0.856468666645026,0.123748372104798,-0.333144540171136,-0.37438279716203
0.856546773770171,0.123651124437992,-0.332932976044511,-0.374424434607674
0.85662487487164,0.123553821754065,-0.332721276292015,-0.374466058787342
0.856702969878728,0.123456464015814,-0.332509440839458,-0.374507669676216
0.856781058720667,0.123359051185977,-0.332297469612511,-0.374549267249464
0.85685914132662,0.123261583227234,-0.332085362536714,-0.374590851482231
0.856937217625681,0.123164060102206,-0.331873119537468,-0.37463242234965
0.857015287546878,0.123066481773457,-0.331660740540044,-0.374673979826829
0.857093351019172,0.122968848203493,-0.331448225469574,-0.374715523888861
0.857171407624776,0.122871159076319,-0.331235574396314,-0.374757055266671
0.85724945694571,0.122773414076467,-0.331022787390754,-0.374798574690926
0.85732749891054,0.122675613167138,-0.330809864378179,-0.374840082136309
0.857405533447767,0.122577756311473,-0.330596805283736,-0.374881577577484
0.857483560485823,0.122479843472556,-0.330383610032433,-0.374923060989092
0.857561579953078,0.122381874613413,-0.330170278549139,-0.374964532345756
0.857639591777831,0.122283849697007,-0.329956810758587,-0.375005991622077
0.857717595888317,0.122185768686247,-0.32974320658537,-0.375047438792636
0.857795592212702,0.122087631543978,-0.329529465953941,-0.375088873831992
0.857873580679087,0.121989438232991,-0.329315588788617,-0.375130296714685
0.857951561215504,0.121891188716014,-0.329101575013574,-0.375171707415233
0.858029533749918,0.121792882955717,-0.328887424552849,-0.375213105908132
0.858107498210226,0.121694520914712,-0.328673137330339,-0.375254492167858
0.858185454524258,0.121596102555549,-0.328458713269804,-0.375295866168864
0.858263402619774,0.121497627840722,-0.328244152294862,-0.375337227885582
0.858341342424466,0.121399096732664,-0.328029454328991,-0.375378577292424
0.858419273865958,0.121300509193747,-0.32781461929553,-0.375419914363777
0.858497196871806,0.121201865186286,-0.327599647117678,-0.375461239074008
0.858575111369496,0.121103164672536,-0.327384537718492,-0.375502551397462
0.858653017286444,0.121004407614691,-0.327169291020889,-0.375543851308461
0.858730914549999,0.120905593974888,-0.326953906947647,-0.375585138781304
0.858808803087438,0.120806723715202,-0.326738385421401,-0.375626413790268
0.858886682825968,0.12070779679765,-0.326522726364645,-0.375667676309609
0.858964553692729,0.120608813184187,-0.326306929699733,-0.375708926313558
0.859042415614788,0.120509772836711,-0.326090995348876,-0.375750163776323
0.859120268551785,0.120410675412394,-0.325874922842079,-0.375791389035073
0.859198112462535,0.120311520568431,-0.325658711709424,-0.375832602427048
0.859275947272766,0.120212308266663,-0.325442361873023,-0.37587380392653
0.859353772908135,0.120113038468869,-0.325225873254847,-0.375914993507776
0.859431589294229,0.120013711136773,-0.325009245776721,-0.375956171145017
0.859509396356566,0.119914326232036,-0.324792479360327,-0.375997336812457
0.859587194020591,0.11981488371626,-0.324575573927204,-0.376038490484276
0.859664982211681,0.119715383550989,-0.324358529398744,-0.376079632134625
0.85974276085514,0.119615825697706,-0.324141345696197,-0.376120761737632
0.859820529876202,0.119516210117836,-0.323924022740668,-0.376161879267396
0.859898289200031,0.119416536772742,-0.323706560453115,-0.376202984697992
0.859976038751717,0.119316805623729,-0.323488958754353,-0.376244078003466
0.86005377845628,0.119217016632041,-0.323271217565052,-0.376285159157839
0.860131508238667,0.119117169758865,-0.323053336805736,-0.376326228135103
0.860209228023753,0.119017264965324,-0.322835316396783,-0.376367284909226
0.860286937736341,0.118917302212483,-0.322617156258425,-0.376408329454146
0.860364637301162,0.118817281461348,-0.32239885631075,-0.376449361743775
0.860442326642873,0.118717202672863,-0.322180416473697,-0.376490381751998
0.860520005686059,0.118617065807913,-0.321961836667062,-0.376531389452671
0.86059767435523,0.118516870827322,-0.321743116810493,-0.376572384819624
0.860675332574826,0.118416617691856,-0.321524256823489,-0.376613367826658
0.860752980269209,0.118316306362217,-0.321305256625406,-0.376654338447547
0.86083061736267,0.118215936799049,-0.321086116135451,-0.376695296656036
0.860908243779426,0.118115508962936,-0.320866835272685,-0.376736242425842
0.860985859443619,0.1180150228144,-0.320647413956018,-0.376777175730654
0.861063464188015,0.117914478347149,-0.320427852262746,-0.376818096607554
0.861141057845655,0.117813875554816,-0.320208150269705,-0.376859005093516
0.861218640340979,0.117713214397721,-0.31998830789491,-0.376899901162025
0.86129621159835,0.117612494836122,-0.319768325056225,-0.376940784786536
0.861373771542054,0.117511716830216,-0.319548201671371,-0.376981655940478
0.861451320096301,0.117410880340139,-0.319327937657919,-0.377022514597251
0.861528857185222,0.117309985325968,-0.319107532933294,-0.377063360730226
0.861606382732875,0.117209031747717,-0.318886987414773,-0.377104194312745
0.861683896663235,0.117108019565339,-0.318666301019486,-0.377145015318121
0.861761398900204,0.117006948738728,-0.318445473664414,-0.37718582371964
0.861838889367603,0.116905819227714,-0.318224505266391,-0.377226619490557
0.861916367989178,0.116804630992067,-0.318003395742102,-0.377267402604099
0.861993834688593,0.116703383991497,-0.317782145008085,-0.377308173033462
0.862071289389436,0.116602078185649,-0.317560752980727,-0.377348930751813
0.862148732015215,0.116500713534112,-0.317339219576268,-0.377389675732292
0.862226162489361,0.116399289996407,-0.317117544710797,-0.377430407948005
0.862303580735223,0.116297807532,-0.316895728300257,-0.377471127372032
0.862380986676072,0.116196266100289,-0.316673770260437,-0.37751183397742
0.8624583802351,0.116094665660616,-0.31645167050698,-0.377552527737188
0.862535761335416,0.115993006172257,-0.316229428955378,-0.377593208624323
0.862613129900054,0.115891287594428,-0.316007045520972,-0.377633876611783
0.862690485851964,0.115789509886283,-0.315784520118954,-0.377674531672496
0.862767829114015,0.115687673006914,-0.315561852664364,-0.377715173779356
0.862845159608998,0.11558577691535,-0.315339043072093,-0.377755802905229
0.862922477259621,0.115483821570559,-0.315116091256879,-0.37779641902295
0.862999781715585,0.115381807075804,-0.314892997662045,-0.377837022243964
0.863077072627013,0.115279733534532,-0.314669762731027,-0.377877612679809
0.863154349917125,0.11517760090589,-0.31444638637851,-0.377918190303411
0.86323161350906,0.115075409148967,-0.314222868519027,-0.377958755087663
0.863308863325876,0.114973158222786,-0.313999209066961,-0.37799930700543
0.863386099290549,0.114870848086309,-0.313775407936538,-0.378039846029544
0.863463321325975,0.114768478698435,-0.313551465041836,-0.378080372132805
0.863540529354969,0.114666050017998,-0.313327380296778,-0.378120885287982
0.863617723300264,0.114563562003774,-0.313103153615133,-0.378161385467813
0.863694903084508,0.11446101461447,-0.312878784910518,-0.378201872645001
0.863772068630272,0.114358407808734,-0.312654274096398,-0.378242346792222
0.86384921986004,0.11425574154515,-0.312429621086081,-0.378282807882115
0.863926356696215,0.114153015782237,-0.312204825792724,-0.378323255887289
0.864003479061119,0.114050230478454,-0.311979888129329,-0.37836369078032
0.864080586876987,0.113947385592194,-0.311754808008743,-0.378404112533754
0.864157680065973,0.113844481081787,-0.311529585343659,-0.378444521120099
0.864234758550148,0.1137415169055,-0.311304220046616,-0.378484916511835
0.864311822251498,0.113638493021536,-0.311078712029998,-0.378525298681406
0.864388871091923,0.113535409388035,-0.310853061206031,-0.378565667601225
0.864465904993242,0.113432265963073,-0.310627267486791,-0.37860602324367
0.864542923877189,0.113329062704662,-0.310401330784193,-0.378646365581088
0.864619927665409,0.11322579957075,-0.31017525101,-0.378686694585789
0.864696916279468,0.11312247651922,-0.309949028075816,-0.378727010230052
0.864773889640842,0.113019093507894,-0.309722661893093,-0.378767312486121
0.864850847670924,0.112915650494526,-0.309496152373122,-0.378807601326209
0.864927789970809,0.112812147196961,-0.309269499549006,-0.3788478774254
0.865004716141614,0.112708583333457,-0.309042703453682,-0.37888814145836
0.865081626104632,0.1126049588623,-0.308815763997963,-0.378928393396616
0.865158519781069,0.11250127374171,-0.308588681092503,-0.378968633211659
0.865235397092045,0.112397527929843,-0.308361454647798,-0.379008860874948
0.865312257958594,0.112293721384789,-0.308134084574188,-0.379049076357907
0.865389102301662,0.112189854064572,-0.307906570781853,-0.379089279631926
0.865465930042109,0.112085925927151,-0.307678913180817,-0.379129470668362
0.865542741100705,0.111981936930421,-0.307451111680943,-0.379169649438535
0.865619535398136,0.111877887032208,-0.307223166191937,-0.379209815913731
0.865696312854996,0.111773776190276,-0.306995076623344,-0.379249970065203
0.865773073391794,0.111669604362321,-0.306766842884554,-0.379290111864168
0.865849816928949,0.111565371505974,-0.306538464884792,-0.379330241281807
0.865926543386792,0.1114610775788,-0.306309942533128,-0.379370358289267
0.866003252685564,0.111356722538297,-0.306081275738469,-0.37941046285766
0.866079944745417,0.111252306341898,-0.305852464409565,-0.379450554958061
0.866156619486414,0.11114782894697,-0.305623508455002,-0.379490634561511
0.866233276828528,0.111043290310812,-0.305394407783208,-0.379530701639016
0.866309916691642,0.110938690390659,-0.30516516230245,-0.379570756161543
0.866386538995549,0.110834029143677,-0.304935771920833,-0.379610798100026
0.86646314365995,0.110729306526969,-0.304706236546302,-0.379650827425363
0.866539730604458,0.110624522497568,-0.304476556086638,-0.379690844108413
0.866616299748592,0.110519677012441,-0.304246730449464,-0.379730848120002
0.866692851011781,0.11041477002849,-0.304016759542238,-0.379770839430916
0.866769384313363,0.110309801502547,-0.303786643272258,-0.379810818011909
0.866845899982211,0.110204771425318,-0.30355638106049,-0.379850783277569
0.866922398346489,0.110099679786932,-0.303325972327707,-0.379890734642789
0.866998879324336,0.109994526543259,-0.303095416980667,-0.379930672078717
0.867075342833798,0.109889311650104,-0.302864714925964,-0.379970595556461
0.86715178879283,0.109784035063205,-0.302633866070027,-0.380010505047092
0.867228217119288,0.109678696738235,-0.302402870319125,-0.380050400521638
0.867304627730941,0.109573296630798,-0.302171727579358,-0.380090281951091
0.867381020545459,0.109467834696434,-0.301940437756663,-0.380130149306401
0.86745739548042,0.109362310890616,-0.301709000756814,-0.380170002558481
0.867533752453308,0.109256725168749,-0.301477416485417,-0.380209841678199
0.86761009138151,0.109151077486171,-0.301245684847915,-0.38024966663639
0.867686412182321,0.109045367798156,-0.301013805749585,-0.380289477403841
0.867762714772939,0.108939596059907,-0.300781779095536,-0.380329273951306
0.867838999070465,0.108833762226564,-0.300549604790715,-0.380369056249494
0.867915264991907,0.108727866253195,-0.300317282739899,-0.380408824269073
0.867991512454176,0.108621908094806,-0.3000848128477,-0.380448577980673
0.868067741374086,0.108515887706333,-0.299852195018564,-0.380488317354881
0.868143951668354,0.108409805042643,-0.299619429156768,-0.380528042362245
0.868220143253602,0.108303660058539,-0.299386515166425,-0.380567752973269
0.868296316046352,0.108197452708754,-0.299153452951478,-0.380607449158419
0.868372469963031,0.108091182947953,-0.298920242415702,-0.380647130888116
0.868448604919968,0.107984850730736,-0.298686883462706,-0.380686798132741
0.868524720833391,0.107878456011632,-0.29845337599593,-0.380726450862635
0.868600817619434,0.107771998745103,-0.298219719918645,-0.380766089048094
0.868676895194129,0.107665478885544,-0.297985915133954,-0.380805712659374
0.868752953492488,0.1075588967865,-0.29775196203067,-0.380845321130557
0.868828992450073,0.107452252801286,-0.297517860997591,-0.380884913895967
0.8689050119836,0.10734554688385,-0.297283611937547,-0.380924490926159
0.868981012009684,0.107238778988071,-0.297049214753198,-0.380964052191648
0.869056992444842,0.107131949067763,-0.296814669347036,-0.381003597662906
0.869132953205489,0.107025057076666,-0.296579975621383,-0.381043127310363
0.86920889420794,0.106918102968457,-0.296345133478391,-0.381082641104409
0.869284815368409,0.106811086696739,-0.296110142820045,-0.381122139015389
0.869360716603009,0.106704008215051,-0.295875003548158,-0.381161621013609
0.869436597827753,0.106596867476861,-0.295639715564374,-0.381201087069329
0.869512458958551,0.106489664435566,-0.295404278770165,-0.381240537152771
0.869588299911211,0.106382399044498,-0.295168693066833,-0.38127997123411
0.86966412060144,0.106275071256917,-0.294932958355512,-0.38131938928348
0.869739920944842,0.106167681026016,-0.29469707453716,-0.381358791270973
0.869815700856917,0.106060228304915,-0.294461041512568,-0.381398177166636
0.869891460253064,0.105952713046668,-0.294224859182353,-0.381437546940475
0.869967199048577,0.105845135204259,-0.293988527446961,-0.381476900562449
0.870042917158648,0.105737494730601,-0.293752046206666,-0.381516238002477
0.870118614498363,0.105629791578539,-0.29351541536157,-0.381555559230433
0.870194290982706,0.105522025700847,-0.293278634811601,-0.381594864216147
0.870269946526554,0.10541419705023,-0.293041704456515,-0.381634152929404
0.870345581044683,0.105306305579321,-0.292804624195897,-0.381673425339947
0.870421194451758,0.105198351240687,-0.292567393929155,-0.381712681417473
0.870496786662346,0.10509033398682,-0.292330013555527,-0.381751921131636
0.870572357590901,0.104982253770146,-0.292092482974075,-0.381791144452043
0.870647907230974,0.104874111231388,-0.29185480288209,-0.381830350368339
0.87072343557701,0.104765907010942,-0.291616973977154,-0.381869537870661
0.870798942544649,0.104657641060637,-0.29137899615851,-0.381908706929291
0.870874428049428,0.104549313332232,-0.291140869325222,-0.38194785751447
0.870949892006776,0.104440923777414,-0.290902593376185,-0.381986989596393
0.871025334332017,0.1043324723478,-0.290664168210114,-0.382026103145212
0.871100754940366,0.104223958994936,-0.290425593725554,-0.382065198131034
0.871176153746932,0.104115383670297,-0.29018686982087,-0.382104274523923
0.871251530666719,0.104006746325287,-0.289947996394255,-0.382143332293897
0.871326885614618,0.103898046911239,-0.289708973343727,-0.382182371410932
0.871402218505418,0.103789285379416,-0.289469800567124,-0.382221391844955
0.871477529253796,0.103680461681006,-0.289230477962112,-0.382260393565852
0.871552817774321,0.103571575767131,-0.288991005426179,-0.382299376543463
0.871628083981454,0.103462627588837,-0.288751382856635,-0.382338340747581
0.871703327789546,0.103353617097102,-0.288511610150616,-0.382377286147957
0.871778549112838,0.103244544242828,-0.288271687205079,-0.382416212714292
0.871853747865463,0.10313540897685,-0.288031613916803,-0.382455120416246
0.871928923961443,0.103026211249928,-0.287791390182391,-0.382494009223429
0.872004077314688,0.102916951012752,-0.287551015898267,-0.382532879105408
0.872079207839001,0.102807628215938,-0.287310490960677,-0.382571730031702
0.872154315448069,0.102698242810032,-0.287069815265689,-0.382610561971784
0.872229400055473,0.102588794745507,-0.286828988709192,-0.382649374895082
0.872304461574677,0.102479283972763,-0.286588011186897,-0.382688168770975
0.872379499919037,0.102369710442128,-0.286346882594334,-0.382726943568796
0.872454515001795,0.102260074103859,-0.286105602826855,-0.382765699257833
0.872529506212627,0.102150375275026,-0.285864172931386,-0.382804436042446
0.872604472942397,0.102040614273208,-0.285622593955256,-0.382843154127037
0.872679415105964,0.101930791049313,-0.285380865794147,-0.382881853480883
0.872754332618075,0.10182090555417,-0.285138988343563,-0.382920534073215
0.872829225393365,0.10171095773854,-0.284896961498824,-0.382959195873223
0.872904093346355,0.101600947553104,-0.284654785155075,-0.382997838850048
0.872978936391456,0.101490874948471,-0.284412459207274,-0.383036462972791
0.873053754442965,0.101380739875177,-0.284169983550201,-0.383075068210504
0.873128547415066,0.101270542283682,-0.283927358078454,-0.383113654532197
0.873203315221828,0.101160282124369,-0.283684582686448,-0.383152221906833
0.873278057777207,0.10104995934755,-0.283441657268418,-0.383190770303331
0.873352774995046,0.100939573903459,-0.283198581718414,-0.383229299690563
0.873427466789071,0.100829125742258,-0.282955355930306,-0.383267810037357
0.873502133072895,0.100718614814031,-0.282711979797779,-0.383306301312494
0.873576773760016,0.100608041068788,-0.282468453214337,-0.383344773484709
0.873651388763814,0.100497404456465,-0.282224776073298,-0.383383226522692
0.873725977997556,0.10038670492692,-0.281980948267798,-0.383421660395085
0.87380054137439,0.100275942429937,-0.28173696969079,-0.383460075070485
0.87387507880735,0.100165116915225,-0.281492840235042,-0.383498470517441
0.873949590209352,0.100054228332417,-0.281248559793136,-0.383536846704457
0.874024075493194,0.099943276631068,-0.281004128257471,-0.383575203599988
0.874098534571558,0.0998322617606606,-0.280759545520261,-0.383613541172443
0.874172967357007,0.0997211836705993,-0.280514811473535,-0.383651859390185
0.874247373761987,0.0996100423102131,-0.280269926009136,-0.383690158221527
0.874321753698823,0.099498837628755,-0.280024889018721,-0.383728437634735
0.874396106937742,0.0993875694515735,-0.279779700402939,-0.383766697946906
0.874470433248827,0.0992762376041568,-0.279534360062251,-0.383804939474937
0.874544732544011,0.0991648420358507,-0.27928886788776,-0.383843162186723
0.874619004735107,0.0990533826959243,-0.279043223770376,-0.383881366050113
0.87469324973381,0.0989418595335686,-0.278797427600823,-0.383919551032908
0.874767467451693,0.0988302724978969,-0.278551479269637,-0.38395771710286
0.874841657800209,0.0987186215379453,-0.278305378667164,-0.383995864227672
0.87491582069069,0.098606906602671,-0.27805912568356,-0.384033992375002
0.874989956034348,0.0984951276409541,-0.277812720208792,-0.384072101512456
0.875064063742271,0.0983832846015962,-0.277566162132638,-0.384110191607593
0.875138143725429,0.0982713774333209,-0.277319451344685,-0.384148262627923
0.875212195894665,0.0981594060847731,-0.277072587734331,-0.384186314540907
0.875286220160704,0.0980473705045199,-0.276825571190781,-0.384224347313956
0.875360216434144,0.0979352706410495,-0.276578401603051,-0.384262360914434
0.875434184625462,0.0978231064427718,-0.276331078859967,-0.384300355309653
0.875508124645012,0.0977108778580174,-0.27608360285016,-0.384338330466875
0.875582036403022,0.0975985848350395,-0.275835973462072,-0.384376286353316
0.875655919809596,0.0974862273220103,-0.275588190583953,-0.384414222936137
0.875729774774715,0.097373805267025,-0.27534025410386,-0.384452140182453
0.875803601208232,0.0972613186180986,-0.275092163909659,-0.384490038059326
0.875877399019878,0.0971487673231675,-0.27484391988902,-0.384527916533768
0.875951168119255,0.0970361513300884,-0.274595521929424,-0.384565775572741
0.87602490841584,0.0969234705866388,-0.274346969918158,-0.384603615143157
0.876098619818984,0.0968107250405168,-0.274098263742312,-0.384641435211874
0.876172302237911,0.0966979146393407,-0.273849403288787,-0.384679235745701
0.876245955322746,0.0965850394865784,-0.27360038898351,-0.384717016878609
0.876319578724011,0.096472099685883,-0.27335122125256,-0.384754778744726
0.876393172351333,0.0963590951850311,-0.273101899982771,-0.384792521311017
0.876466736114212,0.0962460259317203,-0.272852425060779,-0.3848302445444
0.876540269922021,0.0961328918735672,-0.272602796373029,-0.384867948411738
0.876613773684004,0.0960196929581097,-0.27235301380577,-0.384905632879844
0.876687247309279,0.0959064291328039,-0.272103077245056,-0.384943297915478
0.876760690706833,0.0957931003450273,-0.271852986576745,-0.384980943485347
0.876834103785526,0.0956797065420765,-0.2716027416865,-0.385018569556108
0.876907486454087,0.0955662476711672,-0.271352342459787,-0.385056176094364
0.876980838621117,0.0954527236794355,-0.271101788781877,-0.385093763066666
0.877054160195086,0.0953391345139359,-0.270851080537844,-0.385131330439512
0.877127451084333,0.0952254801216436,-0.270600217612566,-0.385168878179346
0.877200711197067,0.0951117604494515,-0.270349199890723,-0.38520640625256
0.877273940441365,0.0949979754441726,-0.270098027256799,-0.385243914625493
0.877347138725174,0.0948841250525385,-0.269846699595079,-0.385281403264429
0.877420305956308,0.0947702092211999,-0.269595216789651,-0.385318872135599
0.877493442042448,0.0946562278967261,-0.269343578724406,-0.38535632120518
0.877566546891143,0.0945421810256054,-0.269091785283035,-0.385393750439297
0.877639620409808,0.0944280685542446,-0.268839836349033,-0.385431159804016
0.877712662505725,0.0943138904289689,-0.268587731805693,-0.385468549265353
0.877785673086044,0.0941996465960223,-0.268335471536111,-0.385505918789268
0.877858652057777,0.0940853370015667,-0.268083055423184,-0.385543268341666
0.877931599327804,0.0939709615916824,-0.267830483349609,-0.385580597888398
0.878004514802868,0.0938565203123679,-0.267577755197882,-0.385617907395257
0.878077399338906,0.093742013029418,-0.267324869567772,-0.385655195574998
0.878150253790492,0.0936274396074612,-0.267071825058171,-0.385692461140146
0.878223078062122,0.0935127999906251,-0.266818621549965,-0.385729704056067
0.878295872058153,0.0933980941229549,-0.266565258923834,-0.385766924288071
0.878368635682799,0.0932833219484145,-0.266311737060259,-0.385804121801405
0.87844136884014,0.093168483410886,-0.266058055839518,-0.385841296561258
0.878514071434111,0.0930535784541697,-0.265804215141683,-0.38587844853276
0.878586743368507,0.0929386070219833,-0.265550214846626,-0.385915577680982
0.878659384546984,0.0928235690579627,-0.265296054834014,-0.385952683970932
0.878731994873053,0.0927084645056617,-0.26504173498331,-0.38598976736756
0.878804574250087,0.0925932933085519,-0.264787255173776,-0.386026827835757
0.878877122581314,0.0924780554100219,-0.264532615284465,-0.386063865340351
0.878949639769819,0.0923627507533784,-0.264277815194229,-0.38610087984611
0.879022125718544,0.0922473792818453,-0.264022854781715,-0.386137871317742
0.87909458033029,0.0921319409385639,-0.263767733925363,-0.386174839719892
0.879167003507709,0.0920164356665923,-0.263512452503409,-0.386211785017146
0.879239395153313,0.0919008634089066,-0.263257010393886,-0.386248707174027
0.879311755169467,0.0917852241083989,-0.263001407474616,-0.386285606154997
0.87938408345839,0.091669517707879,-0.26274564362322,-0.386322481924456
0.879456379922158,0.0915537441500731,-0.262489718717109,-0.386359334446741
0.879528644462698,0.0914379033776246,-0.262233632633491,-0.386396163686129
0.87960087698179,0.0913219953330931,-0.261977385249365,-0.386432969606831
0.87967307738107,0.0912060199589551,-0.261720976441524,-0.386469752172999
0.879745245562025,0.0910899771976038,-0.261464406086553,-0.386506511348721
0.879817381425992,0.0909738669913479,-0.261207674060831,-0.386543247098021
0.879889484637566,0.0908576893522688,-0.260950780630187,-0.386579959643928
0.879961554861619,0.0907414442926549,-0.260693726060459,-0.386616649209419
0.880033591999683,0.0906251317550018,-0.260436510227727,-0.386653315758351
0.880105595953142,0.0905087516817205,-0.260179133007863,-0.386689959254514
0.880177566623229,0.0903923040151382,-0.259921594276532,-0.386726579661641
0.880249503911027,0.0902757886974982,-0.259663893909193,-0.386763176943399
0.880321407717466,0.0901592056709591,-0.259406031781099,-0.386799751063395
0.880393277943327,0.0900425548775959,-0.259148007767293,-0.386836301985172
0.880465114489236,0.0899258362593987,-0.258889821742611,-0.38687282967221
0.880536917255671,0.089809049758273,-0.258631473581682,-0.386909334087928
0.880608686142952,0.0896921953160402,-0.258372963158927,-0.386945815195679
0.880680421051249,0.0895752728744371,-0.258114290348558,-0.386982272958755
0.880752121880578,0.0894582823751153,-0.257855455024578,-0.387018707340384
0.880823788530799,0.0893412237596419,-0.257596457060782,-0.387055118303729
0.880895420901618,0.0892240969694991,-0.257337296330756,-0.387091505811889
0.880967018892587,0.0891069019460842,-0.257077972707876,-0.3871278698279
0.881038582403101,0.0889896386307094,-0.25681848606531,-0.387164210314734
0.881110111332401,0.0888723069646016,-0.256558836276013,-0.387200527235297
0.881181605579568,0.0887549068889028,-0.256299023212734,-0.38723682055243
0.88125306504353,0.0886374383446696,-0.25603904674801,-0.38727309022891
0.881324489623054,0.0885199012728729,-0.255778906754167,-0.38730933622745
0.881395879216751,0.0884022956143985,-0.255518603103322,-0.387345558510694
0.881467233723074,0.0882846213100467,-0.255258135667379,-0.387381757041225
0.881538553040317,0.0881668783005318,-0.254997504318034,-0.387417931781555
0.881609837066613,0.0880490665264829,-0.254736708926768,-0.387454082694135
0.881681086054797,0.0879311865252545,-0.254475749824269,-0.38749020849677
0.881752300258248,0.087813238833639,-0.254214627341392,-0.387526307907619
0.881823479575681,0.0876952233912938,-0.253953341349556,-0.387562380889562
0.881894623905648,0.0875771401377905,-0.253691891719968,-0.387598427405409
0.881965733146543,0.0874589890126153,-0.253430278323621,-0.387634447417904
0.8820368071966,0.0873407699551684,-0.253168501031298,-0.387670440889722
0.882107845953891,0.0872224829047647,-0.252906559713567,-0.387706407783471
0.882178849316325,0.0871041278006327,-0.252644454240784,-0.387742348061691
0.88224981718165,0.0869857045819155,-0.25238218448309,-0.387778261686852
0.882320749447452,0.0868672131876695,-0.252119750310413,-0.387814148621358
0.882391646011154,0.0867486535568656,-0.251857151592469,-0.387850008827543
0.882462506770014,0.0866300256283885,-0.251594388198759,-0.387885842267671
0.882533331621127,0.0865113293410361,-0.251331459998567,-0.387921648903938
0.882604120461423,0.0863925646335207,-0.251068366860967,-0.387957428698469
0.882674873187668,0.0862737314444677,-0.250805108654815,-0.387993181613323
0.882745589696461,0.0861548297124163,-0.250541685248754,-0.388028907610483
0.882816269884238,0.0860358593758187,-0.250278096511211,-0.38806460665187
0.882886913647264,0.0859168203730411,-0.250014342310398,-0.388100278699326
0.88295752088164,0.0857977126423625,-0.249750422514312,-0.38813592371463
0.883028091483301,0.0856785361219758,-0.249486336990732,-0.388171541659485
0.88309862534801,0.0855592907499861,-0.249222085607225,-0.388207132495526
0.883169122371366,0.085439976464412,-0.248957668231138,-0.388242696184316
0.883239582448795,0.0853205932031855,-0.248693084729605,-0.388278232687346
0.883310005475556,0.0852011409041509,-0.24842833496954,-0.388313741966037
0.883380391346738,0.0850816195050659,-0.248163418817644,-0.388349223981737
0.883450740136626,0.0849620288708104,-0.247898335816964,-0.388384678510086
0.883521051919034,0.0848423688659961,-0.247633085510131,-0.388420105326465
0.883591326588088,0.0847226394278473,-0.24736766776289,-0.388455504391726
0.88366156403774,0.0846028404934997,-0.247102082440772,-0.38849087566665
0.88373176416177,0.0844829720000014,-0.246836329409086,-0.388526219111944
0.883801926853782,0.084363033884312,-0.246570408532922,-0.388561534688244
0.883872052007208,0.0842430260833029,-0.246304319677155,-0.388596822356114
0.883942139515302,0.0841229485337569,-0.246038062706437,-0.388632082076043
0.884012189271145,0.0840028011723687,-0.245771637485202,-0.388667313808448
0.88408220116764,0.0838825839357441,-0.245505043877666,-0.388702517513676
0.884152175097513,0.0837622967604006,-0.245238281747823,-0.388737693151994
0.884222110953316,0.0836419395827669,-0.244971350959449,-0.388772840683601
0.884292008627419,0.0835215123391836,-0.2447042513761,-0.388807960068621
0.884361868012017,0.0834010149659016,-0.244436982861111,-0.388843051267102
0.884431688999125,0.0832804473990834,-0.244169545277596,-0.388878114239018
0.884501471480579,0.0831598095748033,-0.243901938488452,-0.38891314894427
0.884571215348035,0.0830391014290452,-0.24363416235635,-0.388948155342683
0.884640920492969,0.0829183228977055,-0.243366216743745,-0.388983133394009
0.884710586806675,0.0827974739165904,-0.243098101512867,-0.389018083057921
0.884780214180268,0.0826765544214177,-0.242829816525728,-0.38905300429402
0.884849802504678,0.0825555643478158,-0.242561361644117,-0.389087897061829
0.884919351670656,0.0824345036313238,-0.242292736729602,-0.389122761320798
0.884988861568767,0.0823133722073915,-0.242023941643529,-0.389157597030297
0.885058332089394,0.0821921700113794,-0.241754976247021,-0.389192404149622
0.885127763122736,0.0820708969785584,-0.24148584040098,-0.389227182637993
0.885197154793297,0.0819495531390588,-0.241216533838514,-0.389261931980374
0.885266507225376,0.0818281385226143,-0.240947056292366,-0.389296651661622
0.885335820308583,0.0817066530637676,-0.240677407622562,-0.389331341640676
0.88540509393234,0.081585096696972,-0.240407587688903,-0.3893660018764
0.885474327985883,0.0814634693565912,-0.240137596350969,-0.389400632327577
0.885543522358259,0.081341770976899,-0.239867433468115,-0.389435232952913
0.885612676938327,0.0812200014920795,-0.239597098899474,-0.389469803711035
0.885681791614758,0.0810981608362273,-0.239326592503957,-0.389504344560493
0.885750866276031,0.0809762489433468,-0.239055914140247,-0.389538855459755
0.885819900810437,0.0808542657473528,-0.238785063666809,-0.389573336367212
0.885888895106076,0.0807322111820702,-0.238514040941879,-0.389607787241176
0.885957849050854,0.0806100851812334,-0.238242845823472,-0.389642208039878
0.886026762532489,0.0804878876784876,-0.237971478169378,-0.389676598721468
0.886095635438505,0.0803656186073871,-0.237699937837164,-0.389710959244018
0.886164467656231,0.080243277901397,-0.23742822468417,-0.38974528956552
0.886233259072806,0.0801208654938915,-0.237156338567513,-0.389779589643883
0.886302009575172,0.0799983813181545,-0.236884279344085,-0.389813859436937
0.886370719050079,0.0798758253073805,-0.236612046870553,-0.38984809890243
0.886439387384078,0.0797531973946728,-0.236339641003359,-0.389882307998029
0.886508014463528,0.0796304975130448,-0.23606706159872,-0.389916486681319
0.88657660017459,0.0795077255954195,-0.235794308512628,-0.389950634909805
0.886645144403228,0.0793848815746293,-0.235521381600849,-0.389984752640906
0.886713647035207,0.0792619653834164,-0.235248280718923,-0.390018839831964
0.886782107956097,0.0791389769544323,-0.234975005722165,-0.390052896440233
0.886850527051267,0.079015916220238,-0.234701556465665,-0.390086922422889
0.88691890437773,0.078892783041553,-0.234427932492732,-0.390120917548071
0.886987239992003,0.0787695772787916,-0.234154133346204,-0.390154881583683
0.887055533778409,0.0786462988639219,-0.233880158880116,-0.390188814486424
0.887123785621068,0.0785229477288202,-0.233606008948279,-0.390222716212907
0.887191995403898,0.0783995238052735,-0.233331683404278,-0.390256586719663
0.887260163010614,0.0782760270249766,-0.233057182101469,-0.390290425963136
0.887328288324726,0.0781524573195345,-0.232782504892984,-0.390324233899688
0.88739637122954,0.07802881462046,-0.232507651631725,-0.390358010485594
0.887464411608155,0.077905098859176,-0.232232622170371,-0.390391755677046
0.887532409343468,0.0777813099670143,-0.231957416361369,-0.390425469430148
0.887600364318167,0.0776574478752152,-0.231682034056944,-0.390459151700921
0.887668276414732,0.0775335125149285,-0.231406475109088,-0.390492802445298
0.887736145515438,0.0774095038172125,-0.231130739369571,-0.390526421619128
0.88780397150235,0.0772854217130345,-0.230854826689932,-0.390560009178173
0.887871754257324,0.0771612661332712,-0.230578736921485,-0.390593565078107
0.887939493662008,0.0770370370087074,-0.230302469915312,-0.390627089274518
0.888007189597839,0.0769127342700371,-0.230026025522271,-0.390660581722908
0.888074841946044,0.0767883578478633,-0.229749403592992,-0.390694042378691
0.888142450587637,0.0766639076726975,-0.229472603977874,-0.390727471197192
0.888210015403422,0.07653938367496,-0.229195626527091,-0.39076086813365
0.88827753627399,0.0764147857849799,-0.228918471090587,-0.390794233143216
0.888345013079718,0.0762901139329951,-0.228641137518078,-0.39082756618095
0.888412445700771,0.0761653680491522,-0.228363625659052,-0.390860867201827
0.888479834017097,0.0760405480635063,-0.228085935362769,-0.390894136160731
0.888547177908431,0.0759156539060214,-0.227808066478258,-0.390927373012458
0.888614476547073,0.0757906850774987,-0.227530018963936,-0.390960579338538
0.888681729104783,0.0756656410796155,-0.227251792778327,-0.390993756720463
0.888748935460161,0.0755405218435137,-0.226973387770281,-0.391026905112834
0.888816095491593,0.0754153273002444,-0.226694803788426,-0.391060024470163
0.888883209077244,0.0752900573807681,-0.226416040681157,-0.391093114746871
0.888950276095064,0.0751647120159541,-0.226137098296648,-0.391126175897293
0.889017296422782,0.0750392911365812,-0.225857976482843,-0.391159207875671
0.889084269937908,0.0749137946733379,-0.225578675087459,-0.391192210636159
0.889151196517731,0.0747882225568215,-0.225299193957987,-0.39122518413282
0.889218076039322,0.0746625747175385,-0.22501953294169,-0.391258128319627
0.889284908379527,0.0745368510859048,-0.224739691885604,-0.391291043150462
0.889351693414973,0.0744110515922456,-0.224459670636538,-0.391323928579116
0.889418431022062,0.0742851761667954,-0.224179469041073,-0.391356784559288
0.889485121076973,0.0741592247396975,-0.223899086945564,-0.391389611044586
0.889551763455662,0.0740331972410051,-0.223618524196138,-0.391422407988528
0.88961835803386,0.0739070936006802,-0.223337780638694,-0.391455175344536
0.889684904687073,0.0737809137485941,-0.223056856118905,-0.391487913065943
0.889751403290579,0.0736546576145276,-0.222775750482214,-0.391520621105989
0.889817853719431,0.0735283251281705,-0.222494463573839,-0.391553299417819
0.889884255848456,0.0734019162191217,-0.22221299523877,-0.391585947954488
0.889950609552251,0.07327543081689,-0.221931345321768,-0.391618566668954
0.890016914705185,0.0731488688508929,-0.221649513667367,-0.391651155514085
0.890083171181398,0.0730222302504574,-0.221367500119875,-0.391683714442652
0.890149378854799,0.07289551494482,-0.22108530452337,-0.391716243407334
0.890215537599068,0.0727687228631263,-0.220802926721703,-0.391748742360715
0.890281647050386,0.0726418544543271,-0.220520367678309,-0.391781211067749
0.890347706845963,0.0725149101677561,-0.220237628357589,-0.391813649293796
0.890413716860681,0.0723878899329981,-0.219954708604502,-0.391846056991906
0.890479676969191,0.0722607936795478,-0.219671608263784,-0.391878434115032
0.890545587045916,0.0721336213368108,-0.219388327179942,-0.391910780616033
0.890611446965051,0.0720063728341029,-0.219104865197256,-0.391943096447669
0.890677256600557,0.07187904810065,-0.21882122215978,-0.391975381562604
0.890743015826168,0.0717516470655887,-0.218537397911342,-0.392007635913406
0.890808724515384,0.071624169657966,-0.218253392295543,-0.392039859452543
0.890874382541473,0.0714966158067392,-0.217969205155756,-0.392072052132387
0.890939989777469,0.0713689854407762,-0.217684836335129,-0.392104213905213
0.891005546096176,0.0712412784888551,-0.217400285676582,-0.392136344723196
0.891071051370159,0.0711134948796651,-0.217115553022809,-0.392168444538414
0.891136505471752,0.0709856345418052,-0.216830638216277,-0.392200513302844
0.891201908273049,0.0708576974037851,-0.216545541099226,-0.392232550968366
0.891267259645913,0.0707296833940253,-0.216260261513671,-0.392264557486761
0.891332559461965,0.0706015924408567,-0.215974799301397,-0.392296532809708
0.891397807592591,0.0704734244725209,-0.215689154303966,-0.392328476888789
0.891463003908938,0.07034517941717,-0.215403326362711,-0.392360389675485
0.891528148281913,0.070216857202867,-0.215117315318739,-0.392392271121175
0.891593240582185,0.070088457757585,-0.21483112101293,-0.392424121177138
0.89165828068018,0.0699599810092086,-0.214544743285939,-0.392455939794555
0.891723268446085,0.0698314268855327,-0.214258181978192,-0.392487726924501
0.891788203749845,0.0697027953142626,-0.21397143692989,-0.392519482517953
0.89185308646116,0.0695740862230156,-0.213684507981007,-0.392551206525785
0.891917916196581,0.0694452991101915,-0.213397394526588,-0.392582899790996
0.89198269257167,0.0693164334744054,-0.213110095961145,-0.392614563156302
0.892047415454279,0.0691874892434608,-0.212822612123513,-0.392646196571993
0.892112084712015,0.0690584663450721,-0.212534942852301,-0.392677799988258
0.892176700212239,0.0689293647068641,-0.212247087985891,-0.392709373355181
0.892241261822062,0.0688001842563735,-0.211959047362438,-0.392740916622743
0.892305769408347,0.0686709249210472,-0.211670820819871,-0.39277242974082
0.89237022283771,0.068541586628243,-0.211382408195892,-0.392803912659184
0.892434621976514,0.0684121693052303,-0.211093809327977,-0.392835365327504
0.892498966690872,0.0682826728791894,-0.210805024053375,-0.39286678769534
0.892563256846647,0.0681530972772114,-0.210516052209108,-0.392898179712151
0.892627492309448,0.0680234424262989,-0.210226893631973,-0.392929541327288
0.892691672944633,0.0678937082533656,-0.209937548158541,-0.392960872489997
0.892755798617305,0.0677638946852368,-0.209648015625155,-0.392992173149417
0.892819869192313,0.0676340016486488,-0.209358295867933,-0.393023443254581
0.892883884534252,0.0675040290702493,-0.209068388722767,-0.393054682754415
0.89294784450746,0.0673739768765975,-0.208778294025323,-0.393085891597738
0.893011748976019,0.0672438449941647,-0.208488011611042,-0.393117069733263
0.893075597803753,0.0671136333493328,-0.208197541315136,-0.393148217109594
0.89313939085423,0.066983341868396,-0.207906882972596,-0.393179333675227
0.893203127990758,0.0668529704775598,-0.207616036418184,-0.39321041937855
0.893266809076385,0.0667225191029421,-0.207325001486438,-0.393241474167843
0.893330433973901,0.0665919876705717,-0.207033778011669,-0.393272497991277
0.893394002545833,0.0664613761063901,-0.206742365827965,-0.393303490796913
0.893457514654447,0.0663306843362502,-0.206450764769187,-0.393334452532704
0.893520969737512,0.0661999123755567,-0.206158975275062,-0.3933653837774
0.89358436723307,0.0660690602402693,-0.205866997785773,-0.393396285109955
0.893647707003404,0.065938127856944,-0.205574832135529,-0.393427156478463
0.893710988910532,0.0658071151520496,-0.205282478158316,-0.393457997830906
0.893774212816212,0.0656760220519674,-0.204989935687894,-0.393488809115155
0.893837378581939,0.0655448484829924,-0.204697204557804,-0.393519590278972
0.893900486068941,0.0654135943713323,-0.204404284601361,-0.393550341270006
0.893963535138186,0.0652822596431088,-0.204111175651658,-0.393581062035796
0.894026525650371,0.0651508442243559,-0.203817877541565,-0.393611752523769
0.89408945746593,0.0650193480410218,-0.203524390103728,-0.393642412681237
0.894152330445029,0.0648877710189679,-0.203230713170573,-0.393673042455404
0.894215144447566,0.064756113083969,-0.202936846574302,-0.393703641793358
0.894277899333171,0.0646243741617136,-0.202642790146895,-0.393734210642076
0.894340594961205,0.0644925541778043,-0.202348543720109,-0.39376474894842
0.894403231190757,0.0643606530577572,-0.20205410712548,-0.39379525665914
0.894465807880646,0.0642286707270022,-0.201759480194321,-0.393825733720871
0.894528324889421,0.0640966071108833,-0.201464662757726,-0.393856180080134
0.894590782075357,0.0639644621346586,-0.201169654646564,-0.393886595683335
0.894653179296456,0.0638322357235006,-0.200874455691484,-0.393916980476766
0.894715516410446,0.0636999278024957,-0.200579065722914,-0.393947334406604
0.894777793274782,0.0635675382966446,-0.20028348457106,-0.393977657418908
0.89484000974664,0.0634350671308628,-0.199987712065909,-0.394007949459625
0.894902165682924,0.0633025142299802,-0.199691748037225,-0.394038210474583
0.894964260940259,0.0631698795187414,-0.199395592314553,-0.394068440409496
0.895026295374991,0.0630371629218055,-0.199099244727217,-0.394098639209958
0.895088268575102,0.0629043652452281,-0.198802706922408,-0.394128806372542
0.895150180130546,0.0627714872955826,-0.198505980548868,-0.394158941394564
0.895212029900223,0.0626385289981779,-0.19820906543792,-0.394189044222558
0.895273817742755,0.0625054902782369,-0.197911961420662,-0.394219114802944
0.895335543516493,0.062372371060898,-0.197614668327974,-0.394249153082023
0.895397207079512,0.0622391712712142,-0.197317185990515,-0.394279159005984
0.895458808289612,0.0621058908341537,-0.197019514238725,-0.394309132520895
0.895520347004314,0.0619725296745995,-0.196721652902824,-0.394339073572711
0.895581823080865,0.06183908771735,-0.196423601812812,-0.394368982107268
0.895643236376231,0.0617055648871189,-0.196125360798468,-0.394398858070283
0.895704586747101,0.0615719611085353,-0.195826929689356,-0.394428701407357
0.895765874049885,0.0614382763061437,-0.195528308314815,-0.394458512063972
0.895827098140709,0.0613045104044046,-0.195229496503972,-0.394488289985493
0.895888258875422,0.0611706633276938,-0.194930494085728,-0.394518035117164
0.895949356109589,0.0610367350003031,-0.194631300888773,-0.394547747404112
0.896010389698493,0.0609027253464405,-0.194331916741572,-0.394577426791342
0.896071359497133,0.0607686342902297,-0.194032341472377,-0.394607073223742
0.896132265360223,0.060634461755711,-0.193732574909218,-0.394636686646078
0.896193107142192,0.0605002076668408,-0.193432616879912,-0.394666267002997
0.896253884697186,0.0603658719474916,-0.193132467212055,-0.394695814239025
0.896314597879061,0.0602314545214529,-0.192832125733026,-0.394725328298565
0.896375246541387,0.0600969553124312,-0.19253159226999,-0.394754809125901
0.896435830537444,0.0599623742440487,-0.192230866649891,-0.394784256665195
0.896496349720227,0.0598277112398454,-0.191929948699461,-0.394813670860488
0.896556803942436,0.0596929662232783,-0.191628838245212,-0.394843051655694
0.896617192844883,0.0595581392206715,-0.191327535511211,-0.394872399266826
0.896677516068458,0.0594232302586793,-0.1910260407219,-0.39490171390998
0.896737773465549,0.0592882392611294,-0.190724353704034,-0.394930995529021
0.896797964888252,0.0591531661517673,-0.190422474284151,-0.394960244067694
0.896858090188375,0.0590180108542558,-0.190120402288572,-0.394989459469616
0.896918149217429,0.058882773292175,-0.189818137543405,-0.395018641678284
0.896978141826636,0.0587474533890236,-0.189515679874543,-0.39504779063707
0.897038067866922,0.0586120510682181,-0.189213029107663,-0.395076906289218
0.897097927188918,0.0584765662530929,-0.188910185068228,-0.395105988577852
0.897157719642962,0.0583409988669011,-0.188607147581487,-0.395135037445969
0.897217445079094,0.0582053488328137,-0.188303916472475,-0.39516405283644
0.897277103347057,0.0580696160739208,-0.188000491566014,-0.39519303469201
0.897336694296295,0.0579338005132308,-0.187696872686711,-0.3952219829553
0.897396217775956,0.0577979020736713,-0.187393059658962,-0.395250897568802
0.897455673634887,0.0576619206780886,-0.187089052306949,-0.395279778474882
0.897515061721635,0.0575258562492484,-0.186784850454641,-0.395308625615781
0.897574381884445,0.0573897087098358,-0.186480453925796,-0.395337438933609
0.897633633971262,0.0572534779824549,-0.186175862543959,-0.395366218370351
0.897692817829725,0.0571171639896301,-0.185871076132464,-0.395394963867864
0.897751933307174,0.056980766653805,-0.185566094514434,-0.395423675367873
0.89781098025064,0.0568442858973434,-0.185260917512781,-0.395452352811978
0.897869958506851,0.0567077216425294,-0.184955544950205,-0.395480996141649
0.897928867922231,0.056571073811567,-0.184649976649196,-0.395509605298226
0.897987708342893,0.0564343423265807,-0.184344212432035,-0.395538180222919
0.898046479614645,0.0562975271096159,-0.184038252120793,-0.395566720856809
0.898105181920519,0.0561606281796074,-0.183732095380609,-0.395595226433578
0.898163815443265,0.056023645555009,-0.183425741876285,-0.395623696186488
0.898222380027798,0.0558865791570259,-0.183119191429066,-0.395652130055797
0.898280875518724,0.0557494289067835,-0.182812443859991,-0.395680527981628
0.898339301760336,0.0556121947253287,-0.18250549898989,-0.395708889903973
0.898397658596616,0.0554748765336297,-0.182198356639383,-0.39573721576269
0.898455945871228,0.0553374742525758,-0.181891016628883,-0.395765505497503
0.898514163427526,0.0551999878029783,-0.181583478778594,-0.395793759048003
0.898572311108545,0.05506241710557,-0.181275742908515,-0.395821976353646
0.898630388757006,0.054924762081006,-0.180967808838436,-0.395850157353754
0.898688396215312,0.0547870226498635,-0.180659676387939,-0.395878301987516
0.898746333325548,0.0546491987326418,-0.180351345376404,-0.395906410193981
0.898804199929479,0.0545112902497629,-0.180042815623,-0.395934481912067
0.898861995868553,0.0543732971215714,-0.179734086946694,-0.395962517080555
0.898919720983895,0.0542352192683352,-0.179425159166246,-0.395990515638087
0.89897737511631,0.0540970566102446,-0.179116032100213,-0.396018477523173
0.89903495810628,0.0539588090674144,-0.178806705566944,-0.396046402674183
0.899092469793965,0.0538204765598815,-0.178497179384587,-0.39607429102935
0.899149910019198,0.0536820590076075,-0.178187453371087,-0.396102142526771
0.899207278621492,0.0535435563304771,-0.177877527344181,-0.396129957104403
0.89926457544003,0.0534049684483,-0.177567401121409,-0.396157734700066
0.899321800313671,0.0532662952808095,-0.177257074520105,-0.396185475251441
0.899378953080945,0.0531275367476635,-0.1769465473574,-0.39621317869607
0.899436033580056,0.0529886927684451,-0.176635819450227,-0.396240844971356
0.899493041648877,0.0528497632626615,-0.176324890615315,-0.396268474014562
0.899549976896727,0.052710748701766,-0.176013761906067,-0.396296065658078
0.899606838934102,0.052571649557576,-0.175702434376841,-0.396323619734985
0.899663627600148,0.0524324657500323,-0.1753909078455,-0.396351136183366
0.899720342733684,0.0522931971990012,-0.175079182129703,-0.396378614941172
0.8997769841732,0.0521538438242738,-0.174767257046913,-0.396406055946213
0.899833551756855,0.0520144055455675,-0.174455132414389,-0.396433459136162
0.899890045322477,0.0518748822825246,-0.174142808049192,-0.396460824448554
0.899946464707565,0.0517352739547132,-0.173830283768184,-0.396488151820781
0.900002809749283,0.0515955804816281,-0.17351755938803,-0.396515441190101
0.900059080284464,0.0514558017826898,-0.173204634725194,-0.39654269249363
0.900115276149605,0.0513159377772458,-0.172891509595943,-0.396569905668342
0.900171397180869,0.0511759883845702,-0.172578183816349,-0.396597080651074
0.900227443214083,0.0510359535238638,-0.172264657202283,-0.39662421737852
0.900283414084738,0.050895833114255,-0.171950929569423,-0.396651315787235
0.900339309627986,0.0507556270747995,-0.171637000733251,-0.39667837581363
0.900395129678642,0.0506153353244806,-0.171322870509051,-0.396705397393975
0.900450874071179,0.0504749577822097,-0.171008538711913,-0.3967323804644
0.900506542639734,0.0503344943668257,-0.170694005156735,-0.396759324960889
0.9005621352181,0.0501939449970973,-0.170379269658218,-0.396786230819287
0.900617651639729,0.05005330959172,-0.170064332030869,-0.396813097975292
0.90067309173773,0.0499125880693197,-0.169749192089004,-0.396839926364462
0.900728455344868,0.0497717803484505,-0.169433849646746,-0.396866715922208
0.900783742293563,0.0496308863475962,-0.169118304518024,-0.396893466583799
0.900838952415891,0.04948990598517,-0.168802556516579,-0.396920178284358
0.900894085543581,0.0493488391795151,-0.168486605455956,-0.396946850958864
0.900949141781489,0.0492076865013714,-0.168170452123719,-0.396973483427906
0.901004121235714,0.0490664485210867,-0.167854097307809,-0.397000074512295
0.901059023739328,0.0489251251563104,-0.167537540822061,-0.397026624147127
0.901113849125059,0.0487837163246203,-0.167220782480114,-0.397053132267355
0.901168597225284,0.048642221943523,-0.166903822095415,-0.397079598807786
0.901223267872035,0.0485006419304543,-0.166586659481219,-0.397106023703082
0.901277860896991,0.0483589762027791,-0.166269294450589,-0.397132406887761
0.901332376131485,0.0482172246777919,-0.165951726816396,-0.397158748296193
0.901386813406496,0.0480753872727174,-0.165633956391321,-0.397185047862605
0.901441172552652,0.0479334639047096,-0.165315982987854,-0.397211305521074
0.901495453400228,0.0477914544908534,-0.164997806418297,-0.397237521205534
0.901549655779145,0.0476493589481646,-0.164679426494761,-0.397263694849769
0.901603779518971,0.0475071771935891,-0.16436084302917,-0.397289826387417
0.901657824448917,0.0473649091440046,-0.164042055833258,-0.397315915751968
0.901711790397837,0.0472225547162195,-0.163723064718572,-0.397341962876764
0.901765677194229,0.0470801138269748,-0.163403869496474,-0.397367967694998
0.901819484666232,0.0469375863929429,-0.163084469978137,-0.397393930139714
0.901873212641626,0.0467949723307284,-0.16276486597455,-0.397419850143807
0.901926860947831,0.0466522715568686,-0.162445057296514,-0.397445727640024
0.901980429411907,0.0465094839878336,-0.16212504375465,-0.39747156256096
0.90203391786055,0.0463666095400268,-0.161804825159389,-0.397497354839059
0.902087326120095,0.0462236481297843,-0.161484401320984,-0.397523104406619
0.902140654016512,0.0460805996733764,-0.1611637720495,-0.397548811195781
0.902193901375408,0.0459374640870075,-0.160842937154823,-0.397574475138539
0.902247068022024,0.0457942412868153,-0.160521896446656,-0.397600096166733
0.902300154159327,0.0456509310804261,-0.160200649191983,-0.39762567358511
0.902353159989331,0.0455075332750224,-0.159879194657486,-0.397651206697735
0.902406085335294,0.0453640477859813,-0.159557532652152,-0.397676695435198
0.902458930020099,0.0452204745286159,-0.159235662984789,-0.397702139727937
0.902511693866262,0.0450768134181759,-0.158913585464026,-0.397727539506233
0.902564376695922,0.0449330643698475,-0.15859129989832,-0.397752894700213
0.902616978330848,0.0447892272987543,-0.158268806095947,-0.397778205239848
0.902669498592432,0.0446453021199566,-0.157946103865011,-0.397803471054953
0.902721937301691,0.0445012887484532,-0.157623193013442,-0.397828692075188
0.902774294279268,0.0443571870991803,-0.157300073348995,-0.397853868230056
0.902826569345425,0.0442129970870125,-0.156976744679251,-0.397878999448902
0.902878762320048,0.0440687186267632,-0.15665320681162,-0.397904085660915
0.902930873022645,0.0439243516331847,-0.156329459553339,-0.397929126795124
0.90298290127234,0.0437798960209685,-0.156005502711475,-0.397954122780403
0.90303484688788,0.0436353517047455,-0.155681336092923,-0.397979073545467
0.903086709687628,0.0434907185990871,-0.15535695950441,-0.398003979018871
0.903138489489565,0.0433459966185047,-0.155032372752492,-0.398028839129012
0.903190186111287,0.0432011856774501,-0.154707575643557,-0.398053653804127
0.903241799370006,0.0430562856903163,-0.154382567983826,-0.398078422972292
0.90329332908255,0.0429112965714375,-0.154057349579352,-0.398103146561426
0.903344775065357,0.0427662182350894,-0.153731920236024,-0.398127824499285
0.903396137134481,0.0426210505954903,-0.153406279759561,-0.398152456713464
0.903447415105585,0.0424757935667998,-0.15308042795552,-0.398177043131398
0.903498608793943,0.042330447063121,-0.152754364629294,-0.39820158368036
0.90354971801444,0.0421850109984997,-0.152428089586111,-0.39822607828746
0.903600742535569,0.0420394852535127,-0.152101602605145,-0.398250526997435
0.903651682125285,0.0418938697088269,-0.151774903465634,-0.398274929854945
0.903702536597077,0.0417481642785407,-0.151447991972663,-0.398299286786745
0.903753305764041,0.0416023688766973,-0.151120867931159,-0.398323597719427
0.90380398943888,0.0414564834172849,-0.150793531145887,-0.398347862579419
0.903854587433898,0.041310507814238,-0.150465981421458,-0.398372081292985
0.903905099561005,0.041164441981437,-0.150138218562324,-0.398396253786226
0.90395552563171,0.0410182858327089,-0.149810242372779,-0.398420379985078
0.904005865457127,0.0408720392818278,-0.149482052656965,-0.398444459815313
0.904056118847967,0.0407257022425147,-0.149153649218866,-0.398468493202536
0.904106285614544,0.0405792746284386,-0.148825031862314,-0.398492480072189
0.904156365566767,0.0404327563532164,-0.148496200390987,-0.398516420349545
0.904206358514146,0.0402861473304135,-0.148167154608411,-0.398540313959715
0.904256264265784,0.0401394474735442,-0.147837894317958,-0.398564160827638
0.904306082630383,0.0399926566960714,-0.147508419322854,-0.398587960878091
0.904355813416238,0.0398457749114085,-0.147178729426169,-0.39861171403568
0.904405456431238,0.0396988020329182,-0.146848824430828,-0.398635420224845
0.904455011482865,0.0395517379739136,-0.146518704139607,-0.398659079369859
0.904504478378193,0.0394045826476591,-0.146188368355133,-0.398682691394824
0.904553856923888,0.0392573359673696,-0.145857816879886,-0.398706256223673
0.904603146926203,0.0391099978462123,-0.145527049516202,-0.398729773780174
0.904652348190983,0.0389625681973056,-0.14519606606627,-0.398753243987921
0.90470146052366,0.0388150469337209,-0.144864866332136,-0.398776666770339
0.904750483729253,0.0386674339684819,-0.144533450115701,-0.398800042050684
0.904799417612369,0.0385197292145658,-0.144201817218726,-0.398823369752039
0.904848261558419,0.0383719327479492,-0.143869968104474,-0.398846650493032
0.9048970149531,0.0382240446448188,-0.143537903235921,-0.398869884893051
0.904945677600816,0.038076064818398,-0.143205622414173,-0.39889307287607
0.904994249305558,0.0379279931818633,-0.142873125440195,-0.398916214365894
0.905042729870896,0.0377798296483447,-0.142540412114809,-0.39893930928616
0.905091119099985,0.0376315741309265,-0.142207482238694,-0.39896235756033
0.905139416795559,0.0374832265426473,-0.14187433561239,-0.398985359111699
0.905187622759931,0.0373347867965007,-0.141540972036296,-0.39900831386339
0.905235736794995,0.0371862548054359,-0.141207391310671,-0.399031221738353
0.905283758702222,0.0370376304823576,-0.140873593235637,-0.399054082659368
0.905331688282659,0.0368889137401269,-0.140539577611179,-0.399076896549042
0.905379525336931,0.0367401044915614,-0.140205344237144,-0.39909966332981
0.905427269665235,0.036591202649436,-0.139870892913245,-0.399122382923931
0.905474921067345,0.036442208126483,-0.139536223439059,-0.399145055253496
0.905522479342607,0.0362931208353927,-0.139201335614031,-0.399167680240416
0.905569944289938,0.0361439406888143,-0.138866229237472,-0.399190257806434
0.905617315707829,0.0359946675993551,-0.138530904108561,-0.399212787873113
0.905664593394337,0.0358453014795823,-0.138195360026347,-0.399235270361845
0.905711777147093,0.0356958422420227,-0.137859596789749,-0.399257705193844
0.905758866763293,0.0355462897991633,-0.137523614197556,-0.399280092290151
0.9058058620397,0.0353966440634522,-0.137187412048429,-0.399302431571628
0.905852762772647,0.0352469049472982,-0.136850990140903,-0.399324722958964
0.905899568758028,0.0350970723630719,-0.136514348273387,-0.399346966372667
0.905946279791305,0.0349471462231064,-0.136177486244162,-0.399369161733072
0.9059928956675,0.0347971264396964,-0.135840403851388,-0.399391308960334
0.906039416278314,0.0346470130838303,-0.135503101137053,-0.399413407657608
0.906085841515528,0.0344968062263142,-0.135165578143031,-0.399435457427783
0.906132171173636,0.0343465057791161,-0.134827834667125,-0.399457458190346
0.906178405046693,0.0341961116541676,-0.134489870507014,-0.399479409864605
0.906224542928313,0.0340456237633643,-0.13415168546026,-0.399501312369691
0.906270584611668,0.0338950420185661,-0.133813279324301,-0.399523165624551
0.906316529889488,0.033744366331598,-0.133474651896459,-0.399544969547954
0.906362378554059,0.0335935966142507,-0.133135802973937,-0.399566724058488
0.906408130397225,0.0334427327782804,-0.132796732353822,-0.399588429074559
0.906453785210383,0.0332917747354102,-0.132457439833085,-0.399610084514392
0.906499342784484,0.0331407223973298,-0.132117925208581,-0.39963169029603
0.90654480291003,0.0329895756756968,-0.131778188277053,-0.399653246337334
0.906590165377079,0.0328383344821362,-0.131438228835131,-0.399674752555981
0.906635429975235,0.032686998728242,-0.131098046679333,-0.399696208869466
0.906680596493656,0.0325355683255768,-0.130757641606066,-0.399717615195101
0.906725664721047,0.0323840431856727,-0.130417013411629,-0.399738971450013
0.906770634445661,0.0322324232200321,-0.13007616189221,-0.399760277551146
0.906815505455298,0.0320807083401275,-0.129735086843894,-0.399781533415259
0.906860277537304,0.0319288984574026,-0.129393788062656,-0.399802738958925
0.90690495047857,0.0317769934832729,-0.129052265344366,-0.399823894098532
0.906949524065531,0.0316249933291255,-0.128710518484792,-0.399844998750285
0.906993998084167,0.0314728979063204,-0.128368547279597,-0.399866052830198
0.907038372319996,0.0313207071261907,-0.128026351524344,-0.399887056254103
0.907082646558082,0.0311684209000428,-0.127683931014494,-0.399908008937643
0.907126820583024,0.031016039139158,-0.127341285545408,-0.399928910796275
0.907170894262479,0.030863561514474,-0.126998414362017,-0.399949761749135
0.90721486746286,0.0307109876968519,-0.126655316708989,-0.399970561714703
0.907258739966216,0.0305583175974217,-0.126311992381147,-0.399991310607161
0.907302511554129,0.0304055511272909,-0.125968441173221,-0.400012008340506
0.907346182007715,0.0302526881975452,-0.12562466287985,-0.400032654828538
0.907389751107625,0.0300997287192493,-0.125280657295584,-0.40005324998487
0.907433218634038,0.0299466726034473,-0.124936424214884,-0.400073793722922
0.907476584366666,0.0297935197611627,-0.124591963432123,-0.400094285955921
0.907519848084752,0.0296402701034002,-0.124247274741587,-0.400114726596904
0.907563009567064,0.0294869235411447,-0.123902357937479,-0.400135115558712
0.907606068591902,0.0293334799853638,-0.123557212813916,-0.400155452753996
0.907649024937091,0.0291799393470062,-0.123211839164933,-0.400175738095211
0.907691878379982,0.0290263015370041,-0.122866236784483,-0.40019597149462
0.90773462869745,0.0288725664662726,-0.12252040546644,-0.400216152864289
0.907777275665897,0.0287187340457111,-0.122174345004596,-0.400236282116093
0.907819819061244,0.0285648041862033,-0.121828055192668,-0.400256359161709
0.907862258658937,0.028410776798618,-0.121481535824296,-0.400276383912619
0.907904594233943,0.0282566517938095,-0.121134786693042,-0.400296356280111
0.907946825560749,0.0281024290826189,-0.120787807592396,-0.400316276175274
0.907988952413358,0.0279481085758736,-0.120440598315775,-0.400336143509003
0.908030974565297,0.0277936901843888,-0.120093158656525,-0.400355958191995
0.908072891789605,0.0276391738189679,-0.119745488407918,-0.400375720134749
0.90811470385884,0.0274845593904022,-0.119397587363161,-0.400395429247567
0.908156410545075,0.0273298468094735,-0.119049455315391,-0.400415085440553
0.908198011619896,0.0271750359869525,-0.118701092057679,-0.400434688623611
0.908239507022072,0.0270201259632147,-0.118352495469834,-0.400454238950342
0.908280896687067,0.0268651157780393,-0.118003663429911,-0.400473736572937
0.908322180380774,0.0267100053412912,-0.117654595728258,-0.40049318139889
0.90836335786859,0.026554794562831,-0.117305292155165,-0.400512573335491
0.908404428915411,0.0263994833525143,-0.116955752500872,-0.400531912289822
0.908445393285632,0.0262440716201946,-0.116605976555561,-0.400551198168764
0.908486250743147,0.0260885592757217,-0.116255964109366,-0.400570430878989
0.908527001051348,0.0259329462289434,-0.115905714952371,-0.400589610326966
0.908567643973123,0.0257772323897062,-0.11555522887461,-0.400608736418956
0.908608179270855,0.0256214176678557,-0.11520450566607,-0.400627809061013
0.908648606706423,0.0254655019732375,-0.114853545116692,-0.400646828158986
0.908688926041198,0.025309485215697,-0.114502347016373,-0.400665793618513
0.908729137036045,0.025153367305082,-0.114150911154966,-0.400684705345028
0.90876923945132,0.0249971481512408,-0.113799237322284,-0.400703563243753
0.90880923304687,0.024840827664025,-0.113447325308097,-0.400722367219705
0.908849117582032,0.0246844057532893,-0.11309517490214,-0.40074111717769
0.908888892815631,0.024527882328892,-0.112742785894107,-0.400759813022305
0.90892855850598,0.024371257300696,-0.112390158073657,-0.400778454657936
0.908968114410879,0.0242145305785699,-0.112037291230416,-0.400797041988762
0.909007560287615,0.0240577020723871,-0.111684185153974,-0.400815574918749
0.909046895892958,0.0239007716920285,-0.111330839633893,-0.400834053351653
0.909086120983164,0.023743739347382,-0.110977254459701,-0.400852477191017
0.90912523531397,0.0235866049483436,-0.1106234294209,-0.400870846340175
0.909164238640598,0.0234293684048177,-0.110269364306964,-0.400889160702247
0.909203130717747,0.0232720296267182,-0.10991505890734,-0.400907420180142
0.909241910793212,0.0231145881960572,-0.109560512644292,-0.400925625944209
0.909280578113303,0.0229570436955878,-0.109205724940072,-0.400943779164871
0.909319132429718,0.0227993960363547,-0.108850695584081,-0.400961879744826
0.909357573493627,0.0226416451294173,-0.108495424365707,-0.400979927586558
0.909395901055681,0.0224837908858497,-0.10813991107432,-0.400997922592333
0.909434114866002,0.0223258332167434,-0.10778415549928,-0.401015864664201
0.909472214674189,0.022167772033206,-0.107428157429935,-0.401033753703997
0.909510200229315,0.0220096072463634,-0.107071916655621,-0.401051589613337
0.909548071279921,0.0218513387673594,-0.106715432965669,-0.401069372293622
0.909585827574023,0.0216929665073574,-0.106358706149402,-0.401087101646033
0.909623468859108,0.0215344903775403,-0.106001735996136,-0.401104777571533
0.909660994882129,0.0213759102891118,-0.105644522295187,-0.401122399970867
0.909698405389511,0.0212172261532975,-0.105287064835866,-0.401139968744562
0.909735700127146,0.021058437881344,-0.104929363407485,-0.401157483792924
0.90977287884039,0.0208995453845221,-0.104571417799358,-0.401174945016039
0.909809941274067,0.020740548574125,-0.104213227800799,-0.401192352313776
0.909846887172468,0.0205814473614712,-0.10385479320113,-0.40120970558578
0.909883716279343,0.0204222416579038,-0.103496113789676,-0.401227004731476
0.90992042833791,0.0202629313747921,-0.103137189355771,-0.401244249650069
0.909957023090845,0.0201035164235321,-0.10277801968876,-0.401261440240541
0.909993500280288,0.019943996715547,-0.102418604577995,-0.401278576401653
0.910029859647837,0.0197843721622882,-0.102058943812843,-0.401295658031943
0.910066100934551,0.0196246426752366,-0.101699037182687,-0.401312685029726
0.910102223880947,0.019464808165902,-0.101338884476921,-0.401329657293094
0.910138228227,0.019304868545826,-0.100978485484962,-0.401346574719917
0.910174113702256,0.019144823744694,-0.100617840040424,-0.401363437218311
0.910209880035937,0.0189846736924176,-0.100256947977255,-0.401380244695779
0.910245526966711,0.0188244183009229,-0.0998958090854002,-0.401396997048932
0.910281054232702,0.0186640574821702,-0.0995344231548282,-0.401413694174152
0.910316461571488,0.0185035911481542,-0.0991727899755359,-0.401430335967595
0.910351748720102,0.0183430192109048,-0.0988109093375481,-0.401446922325191
0.910386915415028,0.0181823415824885,-0.0984487810309207,-0.401463453142642
0.910421961392203,0.018021558175008,-0.098086404845741,-0.401479928315423
0.910456886387013,0.0178606689006044,-0.097723780572131,-0.401496347738779
0.910491690134297,0.0176996736714571,-0.097360908000248,-0.401512711307728
0.91052637236834,0.0175385723997849,-0.096997786920286,-0.401529018917059
0.910560932822876,0.0173773649978467,-0.0966344171224793,-0.401545270461331
0.910595371231088,0.0172160513779427,-0.0962707983971023,-0.401561465834876
0.910629687325602,0.0170546314524144,-0.0959069305344722,-0.401577604931792
0.910663880838494,0.0168931051336467,-0.0955428133249503,-0.401593687645948
0.91069795150128,0.0167314723340672,-0.0951784465589446,-0.401609713870984
0.910731899044922,0.0165697329661482,-0.0948138300269107,-0.401625683500308
0.910765723199824,0.0164078869424074,-0.0944489635193542,-0.401641596427096
0.910799423695834,0.016245934175408,-0.0940838468268319,-0.401657452544292
0.910833000262238,0.0160838745777604,-0.0937184797399541,-0.401673251744609
0.910866452627764,0.0159217080621224,-0.0933528620493866,-0.401688993920527
0.91089978052058,0.0157594345412005,-0.0929869935458517,-0.401704678964293
0.910932983668289,0.0155970539277511,-0.0926208740201306,-0.401720306767919
0.910966061797935,0.0154345661345793,-0.0922545032630658,-0.401735877223187
0.910999014635997,0.0152719710745429,-0.0918878810655615,-0.401751390221642
0.911031841873524,0.0151092692079683,-0.0915210084124579,-0.401766845441113
0.911064543202797,0.0149464609950149,-0.0911538862886142,-0.401782242560427
0.911097118351302,0.0147835463483647,-0.0907865144850558,-0.401797581472281
0.911129567045959,0.0146205251807512,-0.0904188927928678,-0.40181286206914
0.911161889013125,0.0144573974049582,-0.0900510210031985,-0.401828084243238
0.911194083978588,0.0142941629338226,-0.0896828989072598,-0.401843247886576
0.911226151667573,0.0141308216802337,-0.0893145262963293,-0.401858352890928
0.911258091804733,0.0139673735571351,-0.0889459029617527,-0.40187339914783
0.911289904114155,0.013803818477525,-0.0885770286949454,-0.40188838654859
0.911321588319356,0.0136401563544578,-0.0882079032873944,-0.401903314984281
0.911353144143282,0.0134763871010436,-0.08783852653066,-0.401918184345743
0.91138457130831,0.0133125106304507,-0.0874688982163777,-0.401932994523585
0.911415869536241,0.0131485268559052,-0.0870990181362606,-0.401947745408178
0.911447038548306,0.0129844356906931,-0.086728886082101,-0.401962436889661
0.911478078065162,0.0128202370481599,-0.086358501845772,-0.40197706885794
0.911508987806891,0.0126559308417125,-0.08598786521923,-0.401991641202683
0.911539767492998,0.0124915169848196,-0.0856169759945159,-0.402006153813326
0.911570416842414,0.0123269953910129,-0.0852458339637579,-0.402020606579066
0.911600935573492,0.0121623659738877,-0.0848744389191728,-0.402034999388868
0.911631323404006,0.011997628647104,-0.0845027906530685,-0.402049332131457
0.911661580051152,0.0118327833243873,-0.0841308889578453,-0.402063604695323
0.911691705231547,0.0116678299195299,-0.0837587336259981,-0.402077816968721
0.911721698661225,0.0115027683463911,-0.0833863244501191,-0.402091968839666
0.911751560055642,0.0113375985188989,-0.0830136612228988,-0.402106060195936
0.911781289129668,0.0111723203510505,-0.0826407437371283,-0.402120090925072
0.911810885517083,0.0110069332297866,-0.0822675706795547,-0.402134061337648
0.911840348849289,0.0108414365420528,-0.0818941407362027,-0.402147971743227
0.911869678836711,0.0106758302019622,-0.0815204536989416,-0.402161822027466
0.911898875189187,0.0105101141237048,-0.081146509359756,-0.402175612075782
0.911927937615962,0.0103442882215476,-0.0807723075107479,-0.402189341773345
0.911956865825692,0.0101783524098351,-0.0803978479441385,-0.402203011005081
0.911985659526437,0.0100123066029921,-0.0800231304522714,-0.402216619655674
0.912014318425665,0.009846150715523,-0.0796481548276131,-0.402230167609558
0.912042842230252,0.00967988466201331,-0.0792729208627557,-0.402243654750925
0.912071230646475,0.00951350835713056,-0.07889742835042,-0.40225708096372
0.91209948338002,0.00934702171562599,-0.078521677083456,-0.402270446131642
0.912127600135971,0.0091804246523343,-0.0781456668548459,-0.402283750138143
0.91215558061882,0.00901371708217517,-0.0777693974577067,-0.402296992866428
0.912183424532458,0.00884689892015488,-0.0773928686852913,-0.402310174199455
0.912211131580177,0.00867997008136619,-0.0770160803309913,-0.402323294019934
0.912238701464669,0.00851293048099057,-0.0766390321883388,-0.40233635221033
0.912266133888028,0.00834578003429793,-0.0762617240510088,-0.402349348652855
0.912293428551745,0.00817851865664851,-0.0758841557128215,-0.402362283229477
0.912320585156708,0.00801114626349359,-0.0755063269677442,-0.402375155821911
0.912347603403204,0.00784366277037654,-0.0751282376098937,-0.402387966311626
0.912374482990915,0.007676068092934,-0.0747498874335379,-0.40240071457984
0.912401223618921,0.00750836214689618,-0.0743712762330993,-0.402413400507522
0.912427824985693,0.00734054484808911,-0.0739924038031555,-0.40242602397539
0.9124542867891,0.00717261611243447,-0.0736132699384431,-0.402438584863913
0.912480608726402,0.00700457585595128,-0.0732338744338585,-0.402451083053306
0.912506790536789,0.00683642394811093,-0.0728542169645313,-0.402463518349596
0.912532831958783,0.00666816025886,-0.0724742972066262,-0.402475890557996
0.912558732687732,0.00649978470508073,-0.0720941149568432,-0.402488199557126
0.912584492418381,0.00633129720375802,-0.0717136700120555,-0.402500445225352
0.912610110844861,0.00616269767198001,-0.0713329621693123,-0.402512627440788
0.912635587660697,0.00599398602693974,-0.0709519912258399,-0.402524746081295
0.912660922558806,0.00582516218593604,-0.0705707569790453,-0.402536801024479
0.912686115231493,0.00565622606637369,-0.0701892592265182,-0.402548792147691
0.912711165370451,0.00548717758576608,-0.0698074977660327,-0.40256071932803
0.912736072666763,0.00531801666173523,-0.0694254723955499,-0.402572582442338
0.9127608368109,0.00514874321201254,-0.0690431829132205,-0.402584381367203
0.912785457492719,0.00497935715444091,-0.068660629117387,-0.402596115978956
0.912809934401462,0.00480985840697535,-0.0682778108065857,-0.402607786153675
0.912834267225759,0.00464024688768341,-0.0678947277795495,-0.40261939176718
0.912858455653623,0.00447052251474743,-0.0675113798352098,-0.402630932695035
0.912882499372452,0.00430068520646462,-0.0671277667726996,-0.402642408812548
0.912906398069026,0.00413073488124894,-0.0667438883913545,-0.40265381999477
0.91293015142951,0.00396067145763134,-0.0663597444907168,-0.402665166116493
0.91295375913945,0.00379049485426157,-0.0659753348705367,-0.402676447052255
0.912977220883772,0.00362020498990926,-0.0655906593307747,-0.402687662676334
0.913000536346785,0.00344980178346444,-0.0652057176716046,-0.40269881286275
0.913023705212177,0.00327928515393907,-0.0648205096934157,-0.402709897485265
0.913046727163015,0.0031086550204681,-0.0644350351968149,-0.402720916417382
0.913069601881744,0.00293791130231076,-0.0640492939826295,-0.402731869532347
0.913092329050189,0.00276705391885119,-0.0636632858519095,-0.402742756703145
0.913114908122743,0.00259608330255645,-0.0632770118209107,-0.402753578122526
0.913137338555049,0.00242499988652431,-0.0628904729068869,-0.402764333984156
0.913159620029882,0.00225380359127368,-0.0625036689127206,-0.402775024162004
0.913181752229397,0.00208249433745123,-0.0621165996415194,-0.402785648529784
0.91320373483513,0.00191107204583066,-0.0617292648966192,-0.40279620696095
0.913225567527998,0.00173953663731538,-0.0613416644815864,-0.402806699328699
0.913247249988299,0.00156788803293873,-0.0609537982002199,-0.402817125505971
0.913268781895706,0.00139612615386552,-0.0605656658565538,-0.402827485365445
0.913290162929275,0.00122425092139306,-0.0601772672548603,-0.402837778779544
0.913311392767438,0.00105226225695224,-0.0597886021996518,-0.402848005620429
0.913332471088003,0.000880160082108894,-0.059399670495683,-0.402858165760006
0.913353397568157,0.000707944318564423,-0.0590104719479543,-0.402868259069916
0.913374171884463,0.000535614888157486,-0.0586210063617138,-0.402878285421545
0.913394793712856,0.000363171712864986,-0.0582312735424592,-0.402888244686016
0.913415262728651,0.000190614714803465,-0.057841273295942,-0.402898136734193
0.913435578606533,1.79438162289919e-05,-0.0574510054281678,-0.40290796143668
0.913455741020562,-0.000154841060459397,-0.0570604697454009,-0.402917718663818
0.913475749644173,-0.000327739992720652,-0.0566696660541657,-0.402927408285689
0.913495604150171,-0.000500753057869339,-0.0562785941612491,-0.402937030172114
0.913515304210733,-0.000673880333075169,-0.0558872538737037,-0.40294658419265
0.91353484949741,-0.000847121895361089,-0.0554956449988505,-0.402956070216594
0.913554239681121,-0.00102047782160293,-0.0551037673442807,-0.402965488112981
0.913573474432155,-0.00119394818852727,-0.0547116207178587,-0.402974837750582
0.913592553420174,-0.00136753307271126,-0.0543192049277248,-0.402984118997909
0.913611476314206,-0.00154123255058075,-0.0539265197822976,-0.402993331723208
0.913630242780276,-0.00171504788828211,-0.0535335624397878,-0.40300247614686
0.913648852479311,-0.0018889803524551,-0.0531403300564846,-0.403011552486964
0.913667305071741,-0.00206303002003031,-0.05274682243836,-0.403020560607937
0.913685600217343,-0.00223719696777608,-0.0523530393916894,-0.403029500373923
0.91370373757525,-0.00241148127229691,-0.0519589807230536,-0.403038371648796
0.913721716803947,-0.0025858830100318,-0.0515646462393419,-0.403047174296157
0.913739537561269,-0.00276040225725391,-0.0511700357477556,-0.403055908179336
0.913757199504403,-0.00293503909006851,-0.050775149055809,-0.403064573161387
0.913774702289884,-0.00310979358441252,-0.0503799859713343,-0.403073169105094
0.913792045573601,-0.00328466581605222,-0.0499845463024821,-0.403081695872966
0.913809229010787,-0.0034596558605825,-0.0495888298577264,-0.403090153327241
0.913826252256029,-0.00363476379342623,-0.0491928364458653,-0.40309854132988
0.913843114963259,-0.00380998968983205,-0.0487965658760255,-0.403106859742572
0.913859816785758,-0.00398533362487337,-0.0484000179576641,-0.403115108426734
0.913876357376154,-0.00416079567344737,-0.0480031925005717,-0.403123287243504
0.913892736386423,-0.00433637591027343,-0.0476060893148751,-0.40313139605375
0.913908953467885,-0.00451207440989178,-0.0472087082110404,-0.403139434718062
0.91392500827121,-0.00468789124666288,-0.0468110489998755,-0.403147403096758
0.913940900446409,-0.00486382649476509,-0.0464131114925333,-0.403155301049878
0.913956629642841,-0.00503988022819389,-0.0460148955005137,-0.403163128437189
0.913972195509209,-0.00521605252076093,-0.0456164008356679,-0.403170885118181
0.913987597693559,-0.0053923434460926,-0.0452176273101997,-0.403178570952069
0.914002835843282,-0.00556875307762789,-0.0448185747366697,-0.403186185797792
0.914017909605113,-0.00574528148861807,-0.0444192429279973,-0.403193729514014
0.914032818625128,-0.00592192875212489,-0.0440196316974635,-0.403201201959119
0.914047562473474,-0.00609869458522366,-0.0436197416737254,-0.403208603079069
0.914062140721286,-0.00627557870349021,-0.0432195734886166,-0.4032159328194
0.914076553015141,-0.00645258117744944,-0.0428191269607383,-0.403223191037453
0.914090799000973,-0.00662970207743109,-0.0424184019090695,-0.403230377590291
0.914104878324065,-0.00680694147356875,-0.0420173981529682,-0.4032374923347
0.914118790629054,-0.00698429943579836,-0.0416161155121764,-0.40324453512719
0.914132535559929,-0.00716177603385696,-0.0412145538068209,-0.403251505823996
0.914146112760031,-0.00733937133728153,-0.0408127128574185,-0.403258404281072
0.91415952187205,-0.00751708541540728,-0.0404105924848765,-0.403265230354098
0.91417276253803,-0.00769491833736654,-0.0400081925104978,-0.403271983898474
0.914185834399363,-0.00787287017208723,-0.0396055127559825,-0.403278664769325
0.914198737096793,-0.0080509409882921,-0.0392025530434313,-0.403285272821497
0.914211470270412,-0.00822913085449675,-0.038799313195349,-0.403291807909558
0.914224033559664,-0.0084074398390085,-0.0383957930346466,-0.403298269887799
0.914236426603341,-0.00858586800992507,-0.0379919923846444,-0.403304658610231
0.914248649039584,-0.0087644154351334,-0.0375879110690758,-0.403310973930588
0.914260700505882,-0.00894308218230768,-0.0371835489120897,-0.403317215702325
0.914272580639075,-0.00912186831890881,-0.0367789057382531,-0.403323383778619
0.914284289075348,-0.00930077391218247,-0.0363739813725556,-0.403329478012368
0.914295825450235,-0.00947979902915801,-0.0359687756404106,-0.403335498256191
0.914307189398619,-0.0096589437366468,-0.0355632883676595,-0.403341444362427
0.914318380554728,-0.00983820810124122,-0.0351575193805749,-0.403347316183138
0.91432939855214,-0.0100175921893131,-0.0347514685058624,-0.403353113570104
0.914340243023776,-0.010197096067012,-0.0343451355706655,-0.403358836374829
0.914350913601906,-0.0103767198002649,-0.033938520402567,-0.403364484448533
0.914361409567857,-0.0105564632146324,-0.0335316234277864,-0.403370058392757
0.914371730203203,-0.0107363261349209,-0.0331244450730579,-0.403375558809563
0.91438187513961,-0.0109163086255876,-0.0327169851674019,-0.403380985550532
0.914391844008089,-0.0110964107508614,-0.0323092435402862,-0.40338633846697
0.914401636439006,-0.0112766325747432,-0.0319012200216295,-0.403391617409899
0.91441125206207,-0.0114569741610036,-0.0314929144418048,-0.403396822230062
0.914420690506343,-0.0116374355731817,-0.0310843266316416,-0.403401952777921
0.914429951400233,-0.0118180168745838,-0.0306754564224301,-0.403407008903658
0.914439034371496,-0.0119987181282813,-0.0302663036459238,-0.403411990457171
0.914447939047238,-0.0121795393971105,-0.029856868134342,-0.40341689728808
0.914456665053911,-0.0123604807436702,-0.0294471497203746,-0.403421729245724
0.914465212017315,-0.012541542230321,-0.0290371482371836,-0.403426486179159
0.914473579562599,-0.0127227239191829,-0.0286268635184075,-0.403431167937161
0.914481767314257,-0.0129040258721351,-0.0282162953981634,-0.403435774368223
0.914489774896133,-0.0130854481508133,-0.0278054437110515,-0.403440305320558
0.914497601931414,-0.0132669908166093,-0.0273943082921567,-0.403444760642097
0.914505248042639,-0.0134486539306692,-0.0269828889770535,-0.403449140180489
0.914512712851691,-0.0136304375538917,-0.0265711856018078,-0.403453443783102
0.914519995979799,-0.013812341746927,-0.0261591980029815,-0.403457671297021
0.914527097047541,-0.0139943665701751,-0.0257469260176337,-0.40346182256905
0.91453401567484,-0.0141765120837844,-0.0253343694833263,-0.40346589744571
0.914540751480965,-0.0143587783476507,-0.0249215282381258,-0.403469895773241
0.914547304084534,-0.014541165421415,-0.0245084021206069,-0.403473817397601
0.914553673103508,-0.0147236733644626,-0.0240949909698559,-0.403477662164464
0.914559858155196,-0.0149063022359213,-0.0236812946254736,-0.403481429919223
0.914565858519333,-0.0150890519235185,-0.023267313346526,-0.403485121252915
0.914571673475919,-0.0152719223137438,-0.0228530473936217,-0.403488736756214
0.914577302641684,-0.0154549134634768,-0.0224384966094597,-0.403492276273544
0.914582745632711,-0.0156380254293339,-0.0220236608372687,-0.403495739649043
0.914588002064437,-0.0158212582676664,-0.0216085399208114,-0.403499126726565
0.91459307155165,-0.0160046120345588,-0.0211931337043868,-0.403502437349678
0.914597953708492,-0.0161880867858284,-0.0207774420328344,-0.403505671361662
0.914602648148459,-0.0163716825770222,-0.0203614647515368,-0.403508828605516
0.914607154484398,-0.016555399463417,-0.0199452017064236,-0.403511908923948
0.914611472328511,-0.0167392375000167,-0.0195286527439745,-0.403514912159385
0.914615601292352,-0.0169231967415515,-0.0191118177112228,-0.403517838153964
0.914619540986828,-0.0171072772424761,-0.0186946964557588,-0.40352068674954
0.914623291022199,-0.0172914790569682,-0.0182772888257327,-0.403523457787679
0.914626851008079,-0.0174758022389273,-0.0178595946698589,-0.403526151109664
0.914630220553435,-0.0176602468419729,-0.017441613837419,-0.403528766556488
0.914633399266588,-0.0178448129194429,-0.0170233461782649,-0.403531303968864
0.91463638675521,-0.0180295005243919,-0.016604791542822,-0.403533763187214
0.914639182626329,-0.018214309709591,-0.0161859497820939,-0.403536144051675
0.914641786486327,-0.0183992405275241,-0.0157668207476649,-0.403538446402101
0.914644197940937,-0.0185842930303885,-0.0153474042917033,-0.403540670078057
0.914646416595249,-0.0187694672700917,-0.0149277002669653,-0.403542814918823
0.914648442053704,-0.0189547632982992,-0.0145077085266893,-0.403544880763395
0.914650273920091,-0.0191401811674883,-0.0140874289222069,-0.403546867450535
0.914651911797544,-0.0193257209306614,-0.0136668613035934,-0.403548774818753
0.91465335528854,-0.0195113826405793,-0.0132460055214031,-0.403550602706273
0.914654604365679,-0.0196971656614455,-0.0128248629769313,-0.403552350094993
0.914655659004035,-0.0198830693562993,-0.0124034350756252,-0.40355401596712
0.914656518808829,-0.0200690937757164,-0.0119817216751637,-0.403555600160912
0.914657183384637,-0.0202552389704198,-0.0115597226328258,-0.403557102514361
0.914657652335381,-0.0204415049921799,-0.0111374378034524,-0.403558522865219
0.914657925264339,-0.020627891892703,-0.0107148670419656,-0.403559861050961
0.914658001774136,-0.0208143997234013,-0.010292010203887,-0.403561116908781
0.914657881466751,-0.0210010285353916,-0.00986886714534149,-0.403562290275588
0.914657563943517,-0.0211877783794943,-0.00944543772306272,-0.403563380988008
0.914657048805118,-0.0213746493062307,-0.00902172179439415,-0.403564388882385
0.91465633565159,-0.0215616413658225,-0.00859771921729406,-0.403565313794779
0.914655424082323,-0.0217487546081893,-0.00817342985033852,-0.403566155560969
0.914654313696061,-0.0219359890829478,-0.00774885355272543,-0.403566914016449
0.914653004090899,-0.0221233448394097,-0.00732399018427761,-0.40356758899643
0.914651494864287,-0.0223108219265804,-0.0068988396054467,-0.403568180335843
0.91464978561303,-0.0224984203931573,-0.00647340167731665,-0.403568687869333
0.914647875933285,-0.022686140287528,-0.0060476762616075,-0.403569111431264
0.914645765420563,-0.0228739816577689,-0.00562166322067871,-0.403569450855718
0.914643453669732,-0.0230619445516439,-0.005195362417533,-0.403569705976493
0.914640940275011,-0.0232500290166021,-0.00476877371581964,-0.403569876627106
0.914638224829979,-0.0234382350997768,-0.00434189697983892,-0.403569962640791
0.914635306927565,-0.0236265628479837,-0.00391473207454456,-0.4035699638505
0.914632186160058,-0.0238150123077187,-0.00348727886554855,-0.403569880088902
0.914628862119099,-0.0240035835251573,-0.00305953721912436,-0.403569711188386
0.91462533439569,-0.0241922765461526,-0.00263150700220991,-0.403569456981057
0.914621603684877,-0.024381091837084,-0.00220318717944792,-0.403569114774641
0.914617670679519,-0.0245700298666818,-0.00177457671425109,-0.403568681875349
0.914613534966348,-0.0247590906838361,-0.0013456754727208,-0.403568158112596
0.91460919613144,-0.0249482743371091,-0.000916483321637032,-0.403567543315519
0.914604653760214,-0.0251375808747332,-0.000487000128462437,-0.403566837312979
0.91459990743743,-0.0253270103446086,-5.72257613458071e-05,-0.403566039933566
0.914594956747193,-0.0255165627943032,0.000372839910874244,-0.403565151005591
0.914589801272949,-0.0257062382710495,0.00080319701866485,-0.403564170357092
0.914584440597491,-0.0258960368217435,0.00123384569179605,-0.403563097815832
0.914578874302951,-0.0260859584929428,0.00166478605933636,-0.403561933209299
0.914573101970812,-0.0262760033308653,0.00209601824964908,-0.403560676364708
0.914567123181895,-0.0264661713813872,0.002527542390389,-0.403559327108999
0.914560937516372,-0.0266564626900411,0.00295935860849787,-0.403557885268837
0.914554544553757,-0.0268468773020149,0.00339146703020107,-0.403556350670614
0.914547943872911,-0.0270374152621493,0.00382386778100368,-0.403554723140451
0.914541135052043,-0.0272280766149369,0.00425656098568655,-0.403553002504191
0.914534117668706,-0.0274188614045202,0.00468954676830256,-0.403551188587407
0.914526891299803,-0.027609769674689,0.00512282525217267,-0.403549281215399
0.914519455521583,-0.0278008014688808,0.00555639655988213,-0.403547280213192
0.914511809909645,-0.0279919568301761,0.00599026081327717,-0.403545185405541
0.914503954038935,-0.0281832358013003,0.00642441813345971,-0.403542996616926
0.914495887483749,-0.028374638424618,0.00685886864078506,-0.403540713671558
0.914487609817734,-0.0285661647421343,0.00729361245485683,-0.403538336393374
0.914479120613885,-0.0287578147954925,0.00772864969452384,-0.403535864606039
0.914470419444549,-0.0289495886259707,0.00816398047787618,-0.403533298132949
0.914461506605236,-0.0291414872501023,0.00859960704495993,-0.403530635041264
0.9144523823871,-0.0293335116846804,0.00903553163369161,-0.403527873395256
0.914443046354974,-0.029525661970815,0.00947175435779905,-0.403525013013574
0.914433498073038,-0.0297179381492357,0.00990827533021048,-0.403522053714597
0.914423737104818,-0.0299103402602895,0.0103450946630515,-0.403518995316434
0.914413763013189,-0.0301028683439395,0.01078221246764,-0.403515837636926
0.914403575360372,-0.0302955224397627,0.0112196288544822,-0.403512580493642
0.914393173707939,-0.0304883025869481,0.0116573439332699,-0.403509223703885
0.914382557616809,-0.0306812088242951,0.0120953578128748,-0.403505767084687
0.914371726647254,-0.0308742411902118,0.0125336706013453,-0.403502210452812
0.914360680358895,-0.0310673997227133,0.0129722824059026,-0.403498553624756
0.914349418310703,-0.0312606844594189,0.0134111933329358,-0.403494796416749
0.914337940061005,-0.0314540954375519,0.0138504034879989,-0.403490938644751
0.914326245167478,-0.0316476326939362,0.0142899129758057,-0.403486980124458
0.914314333187153,-0.0318412962649955,0.0147297219002266,-0.403482920671294
0.914302203676417,-0.0320350861867514,0.0151698303642836,-0.403478760100422
0.914289856191009,-0.0322290024948211,0.0156102384701469,-0.403474498226737
0.914277290286027,-0.0324230452244151,0.0160509463191305,-0.403470134864869
0.914264505515925,-0.0326172144103373,0.0164919540116879,-0.403465669829179
0.914251501434512,-0.032811510086981,0.0169332616474084,-0.40346110293377
0.914238277594957,-0.0330059322883283,0.0173748693250128,-0.403456433992473
0.91422483354979,-0.0332004810479477,0.0178167771423486,-0.40345166281886
0.914211168850898,-0.0333951563989928,0.018258985196387,-0.403446789226237
0.91419728304953,-0.0335899583741997,0.0187014935832178,-0.403441813027647
0.914183175696295,-0.0337848870058856,0.0191443023980456,-0.40343673403587
0.914168846242317,-0.033979942754486,0.0195874127212426,-0.403431552203444
0.914154294136306,-0.0341751260789133,0.0200308256301652,-0.4034262674817
0.914139518924298,-0.034370437008564,0.0204745412141426,-0.403420879681213
0.914124520151697,-0.0345658755724016,0.020918559561587,-0.403415388612297
0.91410929736328,-0.0347614417989544,0.0213628807599888,-0.403409794085001
0.914093850103192,-0.0349571357163145,0.0218075048959125,-0.403404095909114
0.914078177914952,-0.0351529573521359,0.0222524320549926,-0.40339829389416
0.91406228034145,-0.0353489067336317,0.0226976623219291,-0.403392387849405
0.914046156924953,-0.035544983887573,0.0231431957804833,-0.403386377583853
0.9140298072071,-0.035741188840287,0.0235890325134736,-0.403380262906246
0.914013230728908,-0.0359375216176545,0.0240351726027713,-0.403374043625069
0.913996427030771,-0.0361339822451088,0.0244816161292958,-0.403367719548544
0.913979395652459,-0.0363305707476332,0.0249283631730112,-0.403361290484638
0.913962136133123,-0.0365272871497591,0.0253754138129206,-0.403354756241055
0.913944648011295,-0.0367241314755646,0.0258227681270638,-0.403348116625244
0.913926930824887,-0.036921103748672,0.0262704261925108,-0.403341371444397
0.913908984111193,-0.0371182039922463,0.026718388085359,-0.403334520505445
0.913890807406893,-0.0373154322289931,0.0271666538807282,-0.403327563615067
0.913872400248049,-0.0375127884811568,0.0276152236527564,-0.403320500579683
0.913853762170111,-0.0377102727705182,0.0280640974745955,-0.403313331205458
0.913834892707915,-0.0379078851183933,0.0285132754184066,-0.403306055298303
0.913815791395686,-0.0381056255456312,0.0289627575553562,-0.403298672663874
0.913796457767037,-0.0383034940726114,0.0294125439556116,-0.403291183107572
0.913776891354973,-0.0385014907192429,0.0298626346883358,-0.403283586434545
0.913757091691891,-0.0386996155049617,0.0303130298216848,-0.40327588244969
0.913737057902911,-0.0388978691585182,0.0307637311247851,-0.403268071680788
0.913716789108945,-0.0390962524077953,0.03121474036648,-0.403260154654484
0.91369628483516,-0.0392947652702079,0.0316660576129657,-0.403252131173585
0.91367554460611,-0.0394934077626832,0.0321176829294012,-0.403244001040642
0.913654567945741,-0.0396921799016598,0.0325696163799036,-0.403235764057954
0.91363335437739,-0.039891081703085,0.0330218580275434,-0.403227420027564
0.913611903423788,-0.0400901131824132,0.0334744079343405,-0.403218968751259
0.913590214607061,-0.0402892743546037,0.0339272661612589,-0.403210410030578
0.913568287448729,-0.0404885652341189,0.0343804327682032,-0.403201743666803
0.91354612146971,-0.040687985834922,0.0348339078140134,-0.403192969460966
0.913523716190321,-0.0408875361704754,0.0352876913564605,-0.40318408721385
0.913501071130278,-0.0410872162537386,0.0357417834522425,-0.403175096725983
0.9134781858087,-0.0412870260971659,0.0361961841569786,-0.403165997797647
0.913455059744107,-0.0414869657127045,0.0366508935252063,-0.403156790228873
0.913431692454424,-0.0416870351117937,0.0371059116103755,-0.403147473819441
0.913408083456983,-0.04188723430536,0.0375612384648447,-0.403138048368887
0.913384232268522,-0.0420875633038187,0.0380168741398765,-0.403128513676498
0.913360138405187,-0.0422880221170694,0.0384728186856322,-0.403118869541313
0.913335801382536,-0.0424886107544942,0.0389290721511682,-0.403109115762127
0.913311220715537,-0.0426893292249572,0.0393856345844308,-0.403099252137486
0.913286395918573,-0.0428901775368009,0.0398425060322523,-0.403089278465697
0.91326132650544,-0.0430911556978446,0.0402996865403452,-0.403079194544816
0.913236011989353,-0.0432922637153831,0.0407571761532989,-0.403069000172663
0.913210451882942,-0.0434935015961837,0.0412149749145741,-0.403058695146808
0.913184645698259,-0.0436948693464849,0.0416730828664991,-0.403048279264583
0.913158593115659,-0.0438963671221285,0.0421315003276705,-0.40303775189509
0.913132293814121,-0.044097995079197,0.0425902276166237,-0.403027112407244
0.913105747302754,-0.0442997532234901,0.0430492647738853,-0.403016360597737
0.913078953090087,-0.0445016415602711,0.0435086118388346,-0.403005496263027
0.913051910684071,-0.0447036600942648,0.0439682688496992,-0.402994519199335
0.913024619592079,-0.044905808829656,0.0444282358435513,-0.402983429202646
0.912997079320905,-0.0451080877700866,0.0448885128563009,-0.402972226068711
0.912969289376773,-0.0453104969186542,0.0453490999226934,-0.402960909593046
0.912941249265332,-0.0455130362779096,0.0458099970763035,-0.402949479570937
0.91291295849166,-0.0457157058498553,0.0462712043495312,-0.402937935797434
0.912884416560267,-0.0459185056359425,0.0467327217735966,-0.402926278067359
0.912855622975094,-0.0461214356370702,0.047194549378536,-0.402914506175299
0.912826577239518,-0.0463244958535825,0.047656687193196,-0.402902619915616
0.912797278856351,-0.0465276862852663,0.0481191352452307,-0.402890619082439
0.912767727327845,-0.0467310069313499,0.0485818935610941,-0.402878503469671
0.912737922155688,-0.0469344577905001,0.049044962166039,-0.402866272870986
0.912707862841014,-0.0471380388608207,0.0495083410841089,-0.402853927079833
0.912677548884399,-0.0473417501398506,0.0499720303381355,-0.402841465889432
0.912646979785862,-0.0475455916245612,0.0504360299497331,-0.402828889092782
0.912616155044872,-0.0477495633113544,0.0509003399392941,-0.402816196482655
0.912585074160348,-0.0479536651960609,0.0513649603259837,-0.402803387851599
0.912553736630657,-0.0481578972739376,0.0518298911277362,-0.402790462991944
0.912522141953622,-0.0483622595396661,0.0522951323612494,-0.402777421695793
0.91249028962652,-0.04856675198735,0.0527606840419799,-0.402764263755031
0.912458179146083,-0.0487713746105132,0.0532265461841389,-0.402750988961323
0.912425810076735,-0.0489761269175121,0.0536927177012992,-0.402737597157035
0.912393181984066,-0.0491810084168316,0.0541591975074772,-0.402724088186242
0.912360294365753,-0.0493860191013156,0.054625985615679,-0.402710461842843
0.912327146718934,-0.0495911589632252,0.0550930820376627,-0.402696717920527
0.912293738540211,-0.0497964279942369,0.0555604867839349,-0.402682856212767
0.912260069325655,-0.0500018261854407,0.0560281998637453,-0.402668876512824
0.912226138570804,-0.0502073535273374,0.0564962212850814,-0.40265477861375
0.912191945770668,-0.050413010009837,0.0569645510546649,-0.402640562308385
0.912157490419727,-0.0506187956222564,0.057433189177946,-0.40262622738936
0.912122772011939,-0.0508247103533175,0.0579021356590989,-0.402611773649099
0.912087790040738,-0.0510307541911446,0.0583713905010173,-0.402597200879817
0.912052543999037,-0.0512369271232629,0.0588409537053092,-0.402582508873523
0.91201703337923,-0.0514432291365957,0.0593108252722918,-0.402567697422022
0.911981257673195,-0.0516496602174632,0.0597810052009878,-0.402552766316911
0.911945216372296,-0.0518562203515792,0.0602514934891195,-0.402537715349587
0.911908908967384,-0.0520629095240503,0.0607222901331041,-0.402522544311243
0.911872334948801,-0.0522697277193724,0.0611933951280496,-0.402507252992869
0.911835493806382,-0.0524766749214302,0.0616648084677496,-0.402491841185257
0.911798385029453,-0.0526837511134931,0.0621365301446778,-0.402476308678998
0.911761008106842,-0.0528909562782151,0.0626085601499841,-0.402460655264484
0.911723362526872,-0.0530982903976308,0.0630808984734894,-0.40244488073191
0.91168544777737,-0.053305753453155,0.0635535451036806,-0.402428984871273
0.911647263345665,-0.0535133454255791,0.0640265000277058,-0.402412967472377
0.911608808718595,-0.0537210662950701,0.0644997632313698,-0.402396828324829
0.911570083382503,-0.0539289160411674,0.0649733346991284,-0.402380567218045
0.911531086818559,-0.054136893765916,0.0654472124994502,-0.402364184381272
0.911491818511775,-0.0543449985702381,0.0659213946986644,-0.40234768004486
0.911452277953543,-0.0545532304310474,0.0663958812759897,-0.402331053999587
0.911412464634787,-0.0547615893246298,0.066870672209289,-0.402314306036041
0.911372378045964,-0.0549700752266404,0.0673457674750651,-0.402297435944621
0.911332017677066,-0.0551786881121016,0.0678211670484552,-0.402280443515542
0.911291383017625,-0.0553874279554007,0.068296870903226,-0.40226332853883
0.911250473556713,-0.0555962947302885,0.0687728790117695,-0.402246090804325
0.911209288782948,-0.0558052884098768,0.0692491913450973,-0.402228730101684
0.911167828184492,-0.0560144089666358,0.0697258078728364,-0.402211246220384
0.911126091249057,-0.0562236563723928,0.0702027285632244,-0.402193638949714
0.911084077463904,-0.0564330305983298,0.0706799533831035,-0.402175908078788
0.91104178631585,-0.0566425316149805,0.0711574822979172,-0.402158053396538
0.910999217291269,-0.0568521593922298,0.071635315271704,-0.402140074691716
0.910956369876093,-0.0570619138993105,0.0721134522670938,-0.4021219717529
0.910913243555816,-0.0572717951048015,0.0725918932453018,-0.402103744368488
0.910869837815497,-0.0574818029766255,0.0730706381661243,-0.402085392326707
0.910826152139761,-0.0576919374820473,0.0735496869879338,-0.402066915415608
0.910782186012804,-0.0579021985876709,0.0740290396676737,-0.402048313423068
0.910737938918395,-0.0581125862594383,0.0745086961608537,-0.402029586136795
0.910693410339877,-0.058323100462627,0.074988656421545,-0.402010733344326
0.910648599760171,-0.0585337411618472,0.0754689204023746,-0.401991754833027
0.910603506661782,-0.0587445083210407,0.0759494880545221,-0.4019726503901
0.910558130526794,-0.0589554019034781,0.076430359327712,-0.401953419802576
0.910512470836881,-0.0591664218717569,0.0769115341702123,-0.401934062857324
0.910466527660802,-0.0593775693525306,0.0773930147119346,-0.401914577417722
0.910420301062608,-0.0595888454729693,0.0778748030805065,-0.401894961343683
0.910373790516294,-0.0598002501954219,0.0783568992185478,-0.401875214416631
0.910326995495441,-0.0600117834815465,0.0788393030671748,-0.401855336417832
0.910279915473219,-0.0602234452923075,0.0793220145659945,-0.401835327128397
0.910232549922391,-0.0604352355879728,0.0798050336531007,-0.401815186329283
0.910184898315314,-0.0606471543281125,0.0802883602650683,-0.401794913801294
0.910136960123948,-0.060859201471596,0.0807719943369479,-0.401774509325084
0.910088734819848,-0.0610713769765902,0.081255935802262,-0.401753972681154
0.91004022187418,-0.0612836808005576,0.081740184592999,-0.40173330364986
0.909991420757714,-0.0614961129002536,0.0822247406396081,-0.401712502011407
0.909942330940832,-0.0617086732317243,0.0827096038709947,-0.401691567545857
0.90989295189353,-0.0619213617503045,0.0831947742145155,-0.401670500033127
0.90984328308542,-0.0621341784106153,0.0836802515959728,-0.40164929925299
0.909793323985735,-0.0623471231665626,0.0841660359396099,-0.401627964985076
0.909743074063332,-0.0625601959713339,0.0846521271681061,-0.401606497008878
0.909692532786694,-0.0627733967773966,0.0851385252025715,-0.401584895103748
0.909641699623934,-0.062986725536496,0.0856252299625421,-0.4015631590489
0.909590574042798,-0.0632001821996525,0.086112241365974,-0.401541288623414
0.909539155510668,-0.0634137667171602,0.0865995593292398,-0.401519283606235
0.909487443494566,-0.0636274790385841,0.0870871837671219,-0.401497143776172
0.909435437461157,-0.0638413191127575,0.087575114592809,-0.401474868911907
0.909383136876752,-0.0640552868877813,0.0880633517178897,-0.401452458791989
0.909330541207312,-0.0642693823110202,0.0885518950523481,-0.401429913194838
0.90927764991845,-0.0644836053291015,0.0890407445045586,-0.401407231898749
0.909224462875628,-0.0646979554472235,0.0895298987919414,-0.401384414111683
0.909170979945798,-0.0649124321708366,0.0900193566315308,-0.401361459043725
0.909117200596292,-0.0651270354458359,0.0905091179287105,-0.401338366476175
0.909063124294103,-0.0653417652173767,0.0909991825872572,-0.401315136190216
0.909008750505893,-0.0655566214298727,0.0914895505093351,-0.401291767966918
0.908954078697992,-0.065771604026994,0.0919802215954918,-0.40126826158724
0.908899108336401,-0.0659867129516637,0.0924711957446525,-0.401244616832031
0.908843838886801,-0.0662019481460569,0.0929624728541151,-0.401220833482032
0.90878826981455,-0.066417309551598,0.093454052819546,-0.401196911317878
0.90873240058469,-0.0666327971089586,0.0939459355349736,-0.401172850120096
0.908676230661951,-0.0668484107580553,0.0944381208927847,-0.401148649669112
0.90861975951075,-0.0670641504380469,0.0949306087837185,-0.401124309745248
0.908562986595203,-0.0672800160873337,0.0954233990968617,-0.401099830128727
0.90850591137912,-0.0674960076435541,0.0959164917196447,-0.401075210599672
0.908448533326012,-0.0677121250435819,0.0964098865378345,-0.401050450938111
0.908390851899097,-0.067928368223526,0.096903583435531,-0.401025550923972
0.908332866561299,-0.0681447371187263,0.0973975822951618,-0.401000510337094
0.908274576775257,-0.0683612316637529,0.0978918829974771,-0.400975328957219
0.908215982003324,-0.0685778517924026,0.0983864854215443,-0.400950006564003
0.908157081707572,-0.0687945974376978,0.0988813894447438,-0.400924542937008
0.908097875349797,-0.0690114685318841,0.0993765949427628,-0.400898937855713
0.908038362391523,-0.0692284650064271,0.0998721017895913,-0.400873191099509
0.907978542294005,-0.0694455867920121,0.100367909857516,-0.400847302447703
0.90791841451823,-0.0696628338185399,0.100864019017118,-0.400821271679522
0.907857978524926,-0.0698802060151258,0.101360429137262,-0.400795098574108
0.907797233931438,-0.0700977037921232,0.101857140980553,-0.40076878224329
0.907736180352274,-0.0703153275601257,0.10235415530935,-0.400742321798542
0.907674817243514,-0.07053307724742,0.102851471989569,-0.400715717018366
0.90761314406098,-0.0707509527814929,0.103349090885387,-0.400688967681191
0.907551160260241,-0.0709689540890295,0.103847011859238,-0.400662073565376
0.907488865296617,-0.0711870810959115,0.104345234771805,-0.40063503444921
0.907426258625179,-0.0714053337272134,0.104843759482017,-0.400607850110917
0.90736333970076,-0.0716237119072017,0.105342585847046,-0.400580520328653
0.907300107977952,-0.0718422155593318,0.105841713722296,-0.400553044880513
0.907236562911115,-0.0720608446062467,0.106341142961406,-0.400525423544528
0.907172703954377,-0.0722795989697738,0.106840873416237,-0.40049765609867
0.907108530561643,-0.0724984785709232,0.107340904936873,-0.400469742320854
0.907044042186596,-0.0727174833298854,0.10784123737161,-0.400441681988937
0.906979238282699,-0.0729366131660292,0.108341870566958,-0.400413474880724
0.906914118303206,-0.073155867997899,0.10884280436763,-0.400385120773965
0.906848681701158,-0.0733752477432131,0.109344038616539,-0.400356619446362
0.906782927929394,-0.0735947523188617,0.109845573154794,-0.400327970675564
0.906716856440551,-0.0738143816409038,0.110347407821694,-0.40029917423918
0.90665046668707,-0.0740341356245655,0.110849542454722,-0.400270229914767
0.9065837581212,-0.0742540141842381,0.111351976889542,-0.400241137479845
0.906516730195002,-0.0744740172334751,0.111854710959991,-0.400211896711888
0.906449382360355,-0.0746941446849911,0.112357744498078,-0.400182507388333
0.906381714068957,-0.0749143964506582,0.112861077333973,-0.400152969286582
0.906313724772333,-0.075134772441505,0.11336470929601,-0.400123282183998
0.906245413921836,-0.0753552725677138,0.113868640210673,-0.400093445857913
0.906176781258283,-0.0755758960896205,0.114372868352249,-0.400063459995421
0.906107826526272,-0.0757966422664704,0.114877391991776,-0.400033324284529
0.906038549182596,-0.0760175110055377,0.115382210948096,-0.400003038503895
0.905968948683906,-0.0762385022132494,0.115887325038197,-0.399972602432153
0.90589902448672,-0.0764596157951825,0.116392734077206,-0.399942015847916
0.905828776047423,-0.076680851656062,0.116898437878387,-0.399911278529779
0.905758202822272,-0.0769022096997584,0.117404436253135,-0.399880390256318
0.905687304267406,-0.0771236898292862,0.117910729010971,-0.399849350806096
0.905616079838842,-0.0773452919468013,0.118417315959536,-0.399818159957662
0.905544528992488,-0.0775670159535986,0.118924196904588,-0.399786817489555
0.905472651184139,-0.0777888617501106,0.119431371649995,-0.399755323180304
0.905400445869492,-0.0780108292359044,0.119938839997731,-0.39972367680843
0.90532791250414,-0.0782329183096801,0.120446601747871,-0.399691878152454
0.905255050543586,-0.0784551288692686,0.120954656698587,-0.399659926990889
0.90518185944324,-0.0786774608116291,0.121463004646141,-0.399627823102252
0.905108338658429,-0.0788999140328474,0.12197164538488,-0.399595566265058
0.905034487644401,-0.0791224884281335,0.122480578707234,-0.399563156257828
0.904960305856327,-0.0793451838918192,0.122989804403709,-0.399530592859088
0.904885792749308,-0.0795680003173568,0.123499322262879,-0.399497875847373
0.904810947778381,-0.0797909375973159,0.124009132071389,-0.399465005001227
0.904735770398521,-0.0800139956233821,0.124519233613941,-0.399431980099207
0.904660260064648,-0.0802371742863541,0.125029626673296,-0.399398800919885
0.90458441623163,-0.0804604734761428,0.125540311030264,-0.399365467241849
0.904508238354292,-0.0806838930817676,0.126051286463704,-0.399331978843706
0.904431725887416,-0.0809074329913553,0.126562552750514,-0.399298335504084
0.904354878752391,-0.0811310924051275,0.127074107901873,-0.399264536645619
0.904277696874711,-0.0813548705232613,0.127585949927465,-0.399230581692107
0.904200179715268,-0.0815787672324778,0.128098078599012,-0.399196470423959
0.90412232673494,-0.0818027824186068,0.128610493686274,-0.399162202621623
0.90404413739459,-0.0820269159665849,0.129123194957051,-0.399127778065579
0.903965611155076,-0.0822511677604534,0.129636182177175,-0.399093196536345
0.903886747477253,-0.0824755376833556,0.130149455110504,-0.399058457814483
0.903807545821979,-0.0827000256175359,0.13066301351892,-0.399023561680592
0.90372800565012,-0.0829246314443364,0.131176857162321,-0.398988507915321
0.903648126422557,-0.0831493550441956,0.13169098579862,-0.39895329629936
0.903567907600187,-0.0833741962966465,0.132205399183737,-0.398917926613454
0.903487348643933,-0.0835991550803138,0.132720097071596,-0.398882398638397
0.903406449014745,-0.0838242312729124,0.133235079214118,-0.398846712155036
0.90332520817361,-0.084049424751245,0.133750345361218,-0.398810866944275
0.903243625581551,-0.0842747353912004,0.134265895260801,-0.398774862787078
0.903161700699639,-0.0845001630677508,0.134781728658755,-0.398738699464469
0.903079432988994,-0.0847257076549507,0.135297845298948,-0.398702376757535
0.90299682191079,-0.0849513690259338,0.135814244923221,-0.398665894447429
0.902913866926264,-0.0851771470529119,0.136330927271385,-0.398629252315371
0.902830567496718,-0.0854030416071719,0.136847892081219,-0.398592450142655
0.902746923083527,-0.0856290525590747,0.137365139088456,-0.398555487710644
0.902662933148141,-0.0858551797780523,0.13788266802679,-0.398518364800779
0.902578597152096,-0.0860814231326067,0.138400478627863,-0.398481081194577
0.902493914557012,-0.0863077824903066,0.138918570621262,-0.398443636673636
0.902408884824605,-0.0865342577177866,0.139436943734517,-0.398406031019638
0.902323507947553,-0.0867608493127143,0.139955598446744,-0.398368262409509
0.902237783916553,-0.0869875577731378,0.140474535234799,-0.398330329019244
0.902151712190504,-0.0872143829648504,0.140993753819715,-0.398292230629257
0.902065292228409,-0.0874413247526977,0.141513253920438,-0.398253967020064
0.901978523489387,-0.087668383000575,0.142033035253824,-0.398215537972284
0.901891405432674,-0.0878955575714252,0.14255309753463,-0.398176943266641
0.90180393751763,-0.088122848327237,0.143073440475512,-0.398138182683968
0.901716119203745,-0.0883502551290432,0.143594063787024,-0.398099256005206
0.901627949950643,-0.0885777778369174,0.144114967177605,-0.398060163011412
0.901539429218092,-0.0888054163099739,0.144636150353581,-0.398020903483755
0.901450556466005,-0.0890331704063638,0.145157613019159,-0.397981477203526
0.901361331154449,-0.0892610399832744,0.14567935487642,-0.397941883952134
0.901271752743649,-0.0894890248969259,0.146201375625316,-0.397902123511114
0.901181820693994,-0.0897171250025708,0.146723674963666,-0.397862195662125
0.901091534466046,-0.0899453401544905,0.147246252587149,-0.397822100186957
0.901000893520541,-0.0901736702059944,0.147769108189303,-0.397781836867528
0.900909897318399,-0.0904021150094177,0.148292241461516,-0.397741405485895
0.900818545320728,-0.0906306744161182,0.148815652093024,-0.397700805824247
0.900726836988829,-0.090859348276476,0.149339339770907,-0.397660037664917
0.900634771784206,-0.091088136439891,0.149863304180083,-0.397619100790376
0.900542349168567,-0.09131703875478,0.150387545003302,-0.397577994983243
0.900449568603835,-0.091546055068576,0.150912061921146,-0.397536720026284
0.90035642955215,-0.0917751852277252,0.151436854612018,-0.397495275702415
0.900262931475877,-0.0920044290776858,0.151961922752145,-0.397453661794705
0.900169073837613,-0.0922337864629255,0.152487266015566,-0.39741187808638
0.900074856583728,-0.0924632566964521,0.153012882604347,-0.397369923954967
0.899980279664192,-0.0926928390908985,0.153538770718444,-0.397327798779672
0.899885342547367,-0.0929225334886856,0.154064930025455,-0.39728550234649
0.899790044701873,-0.0931523397312444,0.154591360190794,-0.397243034441583
0.899694385596594,-0.0933822576590142,0.155118060877686,-0.397200394851287
0.899598364700689,-0.0936122871114411,0.155645031747164,-0.397157583362117
0.89950198148359,-0.0938424279269755,0.156172272458065,-0.397114599760761
0.899405235415018,-0.0940726799430705,0.156699782667024,-0.397071443834095
0.89930812596498,-0.0943030429961799,0.157227562028471,-0.397028115369176
0.899210652603783,-0.0945335169217568,0.157755610194625,-0.396984614153248
0.899112814802036,-0.0947641015542506,0.158283926815492,-0.396940939973749
0.899014612030657,-0.0949947967271065,0.158812511538856,-0.396897092618306
0.898916043760879,-0.0952256022727624,0.159341364010282,-0.396853071874745
0.898817109464261,-0.095456518022648,0.159870483873104,-0.396808877531089
0.898717808612687,-0.0956875438071822,0.160399870768425,-0.396764509375563
0.898618140678377,-0.0959186794557716,0.160929524335113,-0.3967199671966
0.898518105133896,-0.0961499247968088,0.161459444209793,-0.396675250782836
0.898417701452154,-0.09638127965767,0.161989630026847,-0.39663035992312
0.898316929106417,-0.0966127438647141,0.162520081418407,-0.396585294406515
0.898215787570313,-0.0968443172432796,0.163050798014351,-0.3965400540223
0.898114276317838,-0.0970759996176837,0.1635817794423,-0.396494638559973
0.898012394823364,-0.0973077908112204,0.164113025327611,-0.396449047809256
0.897910142561642,-0.0975396906461584,0.164644535293377,-0.396403281560094
0.897807519007813,-0.0977716989437393,0.165176308960419,-0.396357339602664
0.897704523637415,-0.098003815524176,0.165708345947284,-0.396311221727371
0.897601155255381,-0.0982360410580959,0.166240648118095,-0.396264928090683
0.897497412662137,-0.0984683762133001,0.166773217332243,-0.396218458847311
0.897393295327071,-0.0987008208042024,0.167306053197725,-0.396171813785379
0.897288802719997,-0.0989333746441642,0.167839155320205,-0.396124992693256
0.897183934311164,-0.0991660375454935,0.168372523303016,-0.396077995359553
0.897078689571263,-0.099398809319442,0.168906156747152,-0.396030821573131
0.896973067971434,-0.0996316897762043,0.169440055251267,-0.395983471123099
0.896867068983273,-0.0998646787249155,0.169974218411665,-0.395935943798824
0.896760692078838,-0.10009777597365,0.170508645822303,-0.395888239389927
0.896653936730658,-0.10033098132942,0.171043337074782,-0.395840357686291
0.896546802411738,-0.100564294598171,0.171578291758344,-0.395792298478063
0.896439288595569,-0.100797715584785,0.172113509459868,-0.395744061555657
0.896331394756131,-0.101031244093073,0.172648989763867,-0.395695646709755
0.896223120367905,-0.10126487992578,0.17318473225248,-0.395647053731314
0.896114464905878,-0.101498622884575,0.173720736505474,-0.395598282411567
0.896005427845549,-0.101732472770058,0.174257002100233,-0.395549332542028
0.895896008662937,-0.101966429381751,0.174793528611761,-0.395500203914491
0.895786206834591,-0.102200492518101,0.175330315612672,-0.395450896321039
0.895676021837594,-0.102434661976476,0.175867362673188,-0.395401409554044
0.89556545314957,-0.102668937553164,0.176404669361137,-0.395351743406169
0.895454500248697,-0.102903319043371,0.176942235241946,-0.395301897670374
0.895343162613705,-0.10313780624122,0.177480059878637,-0.39525187213992
0.895231439723894,-0.103372398939748,0.178018142831827,-0.395201666608368
0.895119331059134,-0.103607096930908,0.178556483659719,-0.395151280869587
0.895006836099873,-0.103841900005561,0.179095081918101,-0.395100714717753
0.894893953300906,-0.104076808262376,0.179633938807993,-0.395049969441487
0.894780681115356,-0.104311821795358,0.180173055523312,-0.394999046327794
0.894667019022077,-0.104546940386731,0.180712431605533,-0.394947945168903
0.894552966500556,-0.104782163817614,0.181252066593667,-0.394896665757357
0.89443852303092,-0.105017491868021,0.181791960024256,-0.394845207886021
0.894323688093944,-0.105252924316857,0.182332111431372,-0.394793571348084
0.894208461171058,-0.105488460941919,0.182872520346609,-0.394741755937059
0.894092841744358,-0.105724101519891,0.183413186299082,-0.394689761446795
0.893976829296611,-0.105959845826348,0.183954108815423,-0.39463758767147
0.893860423311264,-0.106195693635749,0.184495287419776,-0.394585234405602
0.89374362327245,-0.106431644721438,0.185036721633794,-0.394532701444051
0.893626428664999,-0.106667698855641,0.185578410976634,-0.394479988582019
0.893508838974443,-0.106903855809469,0.186120354964956,-0.394427095615057
0.893390853687029,-0.107140115352908,0.186662553112916,-0.394374022339068
0.893272472289718,-0.107376477254827,0.187205004932165,-0.39432076855031
0.893153694270204,-0.107612941282968,0.18774770993184,-0.394267334045398
0.893034519116912,-0.107849507203953,0.188290667618571,-0.394213718621312
0.892914946319014,-0.108086174783273,0.188833877496464,-0.394159922075396
0.892794975366433,-0.108322943785296,0.189377339067108,-0.394105944205361
0.892674605749851,-0.108559813973258,0.189921051829565,-0.394051784809296
0.892553836960719,-0.108796785109266,0.19046501528037,-0.393997443685661
0.892432668491263,-0.109033856954294,0.191009228913526,-0.393942920633299
0.892311099834496,-0.109271029268186,0.191553692220499,-0.393888215451437
0.892189130484222,-0.109508301809646,0.192098404690216,-0.393833327939686
0.892066759935047,-0.109745674336246,0.192643365809064,-0.393778257898052
0.891943987502194,-0.109983146263962,0.193188574678268,-0.39372300581798
0.891820812502896,-0.110220717007409,0.193734030397221,-0.393667572191431
0.891697234435996,-0.110458386320413,0.19427973244574,-0.393611956819783
0.891573252801171,-0.110696153955665,0.194825680301097,-0.393556159504814
0.891448867098941,-0.110934019664718,0.195371873438012,-0.393500180048707
0.891324076830677,-0.111171983197989,0.195918311328653,-0.393444018254054
0.891198881498609,-0.111410044304751,0.196464993442635,-0.393387673923862
0.891073280605836,-0.111648202733141,0.197011919247007,-0.393331146861551
0.890947273656331,-0.111886458230149,0.197559088206262,-0.393274436870965
0.890820860154953,-0.112124810541624,0.19810649978232,-0.393217543756369
0.890694039607455,-0.11236325941227,0.198654153434537,-0.393160467322456
0.890566811520491,-0.112601804585642,0.199202048619692,-0.393103207374351
0.890439175401624,-0.112840445804152,0.19975018479199,-0.393045763717614
0.890311130759338,-0.113079182809059,0.200298561403056,-0.392988136158245
0.890182677103044,-0.113318015340474,0.200847177901932,-0.392930324502684
0.890053813943088,-0.113556943137355,0.201396033735074,-0.392872328557819
0.889924540790763,-0.11379596593751,0.201945128346349,-0.392814148130989
0.889794857158314,-0.114035083477592,0.202494461177032,-0.392755783029986
0.889664762558949,-0.114274295493097,0.203044031665804,-0.392697233063059
0.889534256506845,-0.114513601718368,0.203593839248743,-0.392638498038919
0.889403338517162,-0.114753001886589,0.204143883359332,-0.392579577766744
0.889272008106046,-0.114992495729785,0.204694163428443,-0.39252047205618
0.889140264790641,-0.115232082978822,0.205244678884343,-0.392461180717346
0.889008108089099,-0.115471763363404,0.20579542915269,-0.392401703560837
0.888875537520584,-0.115711536612075,0.206346413656526,-0.392342040397732
0.888742553170537,-0.115951402757551,0.206897631662293,-0.392282189749938
0.88860915512415,-0.116191361833874,0.207449082437074,-0.392222150140389
0.88847534290175,-0.116431413569828,0.208000765400948,-0.392161921382442
0.888341116024692,-0.11667155769303,0.208552679971383,-0.392101503289954
0.888206474015366,-0.116911793929928,0.20910482556323,-0.392040895677286
0.88807141639721,-0.117152122005801,0.209657201588722,-0.391980098359312
0.887935942694718,-0.117392541644761,0.210209807457472,-0.391919111151419
0.887800052433446,-0.117633052569746,0.210762642576466,-0.391857933869508
0.887663745140023,-0.117873654502521,0.211315706350066,-0.391796566330005
0.887527020342161,-0.11811434716368,0.211868998180001,-0.391735008349862
0.887389877568662,-0.118355130272641,0.212422517465371,-0.391673259746558
0.887252316349431,-0.118596003547646,0.212976263602638,-0.391611320338108
0.887114336215478,-0.118836966705764,0.213530235985627,-0.391549189943061
0.886975936698935,-0.119078019462881,0.214084434005523,-0.391486868380511
0.88683711733306,-0.119319161533708,0.214638857050866,-0.391424355470095
0.886697877652247,-0.119560392631776,0.215193504507552,-0.391361651032002
0.886558217192037,-0.119801712469434,0.215748375758827,-0.391298754886972
0.886418135489127,-0.120043120757851,0.216303470185287,-0.391235666856305
0.886277632081377,-0.120284617207012,0.216858787164873,-0.39117238676186
0.88613670650782,-0.12052620152572,0.217414326072871,-0.391108914426065
0.885995358308674,-0.120767873421591,0.217970086281907,-0.391045249671914
0.885853587025348,-0.121009632601058,0.218526067161946,-0.390981392322978
0.885711392200452,-0.121251478769367,0.21908226808029,-0.390917342203406
0.885568773377809,-0.121493411630576,0.219638688401575,-0.390853099137926
0.885425730102461,-0.121735430887556,0.220195327487769,-0.390788662951856
0.88528226179122,-0.121977535726702,0.220752184037634,-0.390724034298477
0.885138367863134,-0.122219725333445,0.221309256750078,-0.390659213833146
0.884994047868457,-0.122461999407423,0.22186654498328,-0.390594201385175
0.884849301358691,-0.122704357647087,0.222424048092754,-0.390528996784471
0.884704127886604,-0.122946799749698,0.222981765431345,-0.39046359986154
0.884558527006234,-0.123189325411328,0.223539696349228,-0.39039801044749
0.884412498272901,-0.123431934326862,0.224097840193907,-0.390332228374037
0.884266041243215,-0.123674626189991,0.224656196310209,-0.390266253473507
0.884119155475087,-0.123917400693215,0.225214764040285,-0.390200085578842
0.883971840527737,-0.124160257527843,0.225773542723607,-0.390133724523602
0.883824095961704,-0.12440319638399,0.226332531696964,-0.390067170141971
0.883675921338858,-0.124646216950577,0.226891730294466,-0.390000422268762
0.883527316222406,-0.124889318915331,0.227451137847533,-0.38993348073942
0.883378280176904,-0.125132501964783,0.228010753684901,-0.389866345390023
0.883228812768265,-0.125375765784269,0.228570577132613,-0.389799016057292
0.883078913563771,-0.125619110057928,0.229130607514025,-0.389731492578592
0.882928582132081,-0.125862534468701,0.229690844149796,-0.389663774791937
0.882777818043241,-0.126106038698332,0.230251286357891,-0.389595862535994
0.882626620868694,-0.126349622427365,0.230811933453579,-0.389527755650086
0.882474990181289,-0.126593285335145,0.231372784749428,-0.3894594539742
0.882322925555294,-0.12683702709982,0.231933839555307,-0.389390957348986
0.8821704265664,-0.127080847398332,0.232495097178382,-0.389322265615766
0.882017492791736,-0.127324745906427,0.233056556923113,-0.389253378616535
0.881864123809877,-0.127568722298647,0.233618218091255,-0.389184296193968
0.881710319200855,-0.127812776248332,0.234180079981856,-0.389115018191423
0.8815560782084,-0.128056907062089,0.234742141756478,-0.38904554541994
0.881401400079875,-0.128301114043669,0.235304402571289,-0.388975878690386
0.881246284402991,-0.128545396860316,0.235866861713173,-0.388906017846889
0.881090730766975,-0.128789755178078,0.236429518466286,-0.388835962734274
0.880934738762577,-0.129034188661795,0.236992372112058,-0.388765713198067
0.880778307982089,-0.129278696975109,0.237555421929194,-0.388695269084496
0.880621438019344,-0.129523279780456,0.238118667193666,-0.388624630240503
0.880464128469735,-0.129767936739071,0.238682107178718,-0.388553796513739
0.880306378930221,-0.130012667510984,0.239245741154862,-0.388482767752576
0.880148188999335,-0.130257471755019,0.239809568389874,-0.388411543806107
0.879989558277201,-0.130502349128798,0.240373588148797,-0.388340124524153
0.879830486365538,-0.130747299288739,0.240937799693937,-0.388268509757264
0.879670972867672,-0.130992321890051,0.241502202284864,-0.388196699356729
0.879511017388547,-0.13123741658674,0.242066795178406,-0.388124693174573
0.879350619534736,-0.131482583031605,0.242631577628656,-0.388052491063569
0.87918977891445,-0.131727820876241,0.243196548886961,-0.387980092877238
0.879028495137545,-0.131973129771034,0.243761708201928,-0.387907498469853
0.87886676781554,-0.132218509365164,0.244327054819421,-0.387834707696446
0.87870459656162,-0.132463959306604,0.244892587982559,-0.387761720412812
0.878541980990651,-0.132709479242121,0.245458306931714,-0.387688536475511
0.878378920719189,-0.132955068817273,0.246024210904514,-0.387615155741875
0.878215415365488,-0.133200727676411,0.246590299135838,-0.387541578070013
0.878051464549515,-0.133446455462679,0.247156570857815,-0.387467803318812
0.877887067892955,-0.133692251818011,0.247723025299828,-0.387393831347946
0.877722225019227,-0.133938116383135,0.248289661688507,-0.387319662017877
0.877556935150069,-0.134184048766572,0.248856479717027,-0.387245295813232
0.877391197513374,-0.134430048568866,0.249423479060303,-0.387170733218918
0.877225011744476,-0.134676115416966,0.249990658913438,-0.387095974097027
0.877058377480547,-0.134922248936616,0.250558018468765,-0.387021018310482
0.876891294360616,-0.135168448752352,0.251125556915848,-0.386945865723038
0.876723762025574,-0.135414714487506,0.251693273441479,-0.38687051619929
0.876555780118187,-0.1356610457642,0.252261167229678,-0.386794969604674
0.876387348283106,-0.135907442203354,0.252829237461696,-0.386719225805474
0.876218466166877,-0.136153903424678,0.253397483316008,-0.386643284668829
0.876049133417956,-0.136400429046679,0.25396590396832,-0.38656714606273
0.875879349686712,-0.136647018686657,0.254534498591563,-0.386490809856034
0.875709114625444,-0.136893671960704,0.255103266355895,-0.386414275918461
0.875538427888393,-0.137140388483709,0.2556722064287,-0.386337544120603
0.875367289131745,-0.137387167869356,0.256241317974589,-0.386260614333928
0.875195698013649,-0.137634009730119,0.256810600155399,-0.386183486430783
0.875023654194227,-0.137880913677273,0.25738005213019,-0.386106160284401
0.874851157335579,-0.138127879320883,0.257949673055252,-0.386028635768905
0.874678207101804,-0.138374906269812,0.258519462084096,-0.385950912759309
0.874504803159,-0.138621994131716,0.259089418367462,-0.385872991131531
0.874330945175284,-0.13886914251305,0.259659541053312,-0.385794870762389
0.874156632820795,-0.139116351019063,0.260229829286836,-0.38571655152961
0.873981865767713,-0.139363619253799,0.260800282210448,-0.385638033311836
0.873806643690262,-0.139610946820102,0.261370898963788,-0.385559315988624
0.873630966264728,-0.139858333319609,0.26194167868372,-0.385480399440457
0.873454833169464,-0.140105778352758,0.262512620504335,-0.385401283548742
0.873278243718857,-0.140353281616462,0.263083724168243,-0.385321968572475
0.873101197227353,-0.140600842806615,0.263654989416993,-0.385242454770704
0.872923693376534,-0.14084846152032,0.264226415378923,-0.38516274202632
0.872745731850089,-0.141096137353479,0.264798001179594,-0.385082830223151
0.872567312333821,-0.14134386990079,0.265369745941788,-0.38500271924597
0.872388434515664,-0.141591658755749,0.265941648785508,-0.384922408980499
0.872209098085688,-0.14183950351065,0.266513708827984,-0.384841899313414
0.872029302736116,-0.142087403756586,0.267085925183664,-0.384761190132349
0.871849048161332,-0.142335359083453,0.267658296964225,-0.384680281325902
0.871668334057891,-0.142583369079941,0.268230823278563,-0.384599172783639
0.871487160124532,-0.142831433333545,0.268803503232802,-0.384517864396099
0.87130552606219,-0.143079551430559,0.26937633593029,-0.384436356054798
0.871123431574006,-0.143327722956079,0.269949320471603,-0.384354647652235
0.870940876365336,-0.143575947494004,0.270522455954539,-0.384272739081898
0.870757860143766,-0.143824224627035,0.271095741474128,-0.384190630238265
0.870574382619122,-0.144072553936675,0.271669176122624,-0.384108321016811
0.870390443503479,-0.144320935003234,0.272242758989512,-0.384025811314016
0.870206042511176,-0.144569367405823,0.272816489161506,-0.383943101027362
0.870021179358824,-0.144817850722362,0.273390365722549,-0.383860190055346
0.869835853765319,-0.145066384529575,0.273964387753818,-0.383777078297482
0.869650065451853,-0.145314968402993,0.274538554333717,-0.383693765654302
0.869463814141923,-0.145563601916953,0.275112864537889,-0.383610252027366
0.869277099561347,-0.145812284644603,0.275687317439207,-0.383526537319266
0.869089921438272,-0.146061016157898,0.27626191210778,-0.383442621433629
0.868902279503186,-0.146309796027604,0.276836647610953,-0.383358504275121
0.868714173889703,-0.146558623406153,0.277411521936717,-0.383274185779812
0.868525604737217,-0.146807497444927,0.277986533069703,-0.383189665885834
0.868336571788425,-0.147056417711327,0.278561680068084,-0.383104944502526
0.86814707478842,-0.147305383771579,0.279136961987287,-0.383020021540291
0.867957113484697,-0.147554395190727,0.279712377879996,-0.382934896910597
0.867766687627164,-0.147803451532641,0.28028792679615,-0.382849570525988
0.867575796968157,-0.148052552360011,0.280863607782951,-0.382764042300082
0.867384441262446,-0.148301697234352,0.281439419884857,-0.38267831214758
0.867192620267251,-0.148550885716006,0.282015362143591,-0.382592379984271
0.867000333742253,-0.148800117364139,0.282591433598137,-0.382506245727033
0.866807581449602,-0.149049391736745,0.283167633284747,-0.382419909293845
0.866614363153932,-0.149298708390645,0.283743960236935,-0.382333370603784
0.86642067862237,-0.149548066881492,0.284320413485487,-0.382246629577035
0.866226527624547,-0.149797466763766,0.284896992058458,-0.382159686134894
0.866031909932615,-0.15004690759078,0.285473694981173,-0.382072540199774
0.865836825321248,-0.150296388914681,0.286050521276233,-0.381985191695208
0.865641273567665,-0.150545910286446,0.286627469963512,-0.381897640545858
0.865445254451632,-0.150795471255889,0.287204540060161,-0.381809886677513
0.86524876775548,-0.15104507137166,0.287781730580614,-0.381721930017101
0.865051813264112,-0.151294710181245,0.288359040536581,-0.38163377049269
0.864854390765018,-0.151544387230969,0.288936468937057,-0.381545408033494
0.864656500048282,-0.151794102065996,0.289514014788323,-0.381456842569878
0.864458140906598,-0.152043854230332,0.290091677093946,-0.381368074033362
0.86425931313528,-0.152293643266822,0.290669454854782,-0.381279102356628
0.864060016532272,-0.152543468717157,0.29124734706898,-0.381189927473522
0.863860251648672,-0.152793330667016,0.291825352395989,-0.38110054765656
0.863660019038183,-0.153043229204214,0.292403469494146,-0.381010961177626
0.863459318506627,-0.153293163871914,0.292981697355873,-0.380921167971381
0.863258149862486,-0.153543134212136,0.2935600349709,-0.380831167973678
0.863056512916916,-0.153793139765749,0.294138481326261,-0.380740961121558
0.862854407483754,-0.15404318007248,0.294717035406302,-0.380650547353261
0.862651833379535,-0.154293254670909,0.295295696192681,-0.380559926608234
0.8624487904235,-0.154543363098476,0.295874462664369,-0.380469098827127
0.862245278437605,-0.154793504891479,0.296453333797656,-0.380378063951806
0.862041297246541,-0.155043679585076,0.29703230856615,-0.380286821925353
0.861836846677735,-0.155293886713288,0.297611385940783,-0.380195372692074
0.86163192656137,-0.155544125808999,0.298190564889812,-0.380103716197503
0.861426536730391,-0.155794396403956,0.29876984437882,-0.380011852388406
0.86122067702052,-0.156044698028775,0.299349223370722,-0.379919781212786
0.861014347270265,-0.156295030212939,0.299928700825767,-0.379827502619891
0.860807547320934,-0.156545392484798,0.300508275701537,-0.379735016560216
0.860600277016643,-0.156795784371578,0.301087946952957,-0.379642322985507
0.860392536204331,-0.157046205399372,0.301667713532291,-0.379549421848771
0.86018432473377,-0.157296655093152,0.30224757438915,-0.379456313104275
0.859975642457576,-0.157547132976762,0.302827528470491,-0.379362996707555
0.859766489231221,-0.157797638572927,0.303407574720624,-0.379269472615419
0.859556864913046,-0.158048171403249,0.303987712081211,-0.379175740785952
0.859346769364269,-0.15829873098821,0.304567939491275,-0.379081801178524
0.859136202449002,-0.158549316847178,0.305148255887196,-0.378987653753792
0.858925164034254,-0.158799928498402,0.305728660202718,-0.378893298473704
0.858713654855827,-0.159050565800208,0.306309150588335,-0.378798733826598
0.858501675655842,-0.159301228609556,0.306889725186525,-0.378703958303233
0.858289226315201,-0.159551916440982,0.307470382915063,-0.378608971871149
0.858076306717776,-0.15980262880791,0.308051122689099,-0.378513774499222
0.857862916750419,-0.160053365222656,0.308631943421165,-0.37841836615767
0.857649056302978,-0.160304125196429,0.309212844021173,-0.378322746818054
0.857434725268302,-0.160554908239331,0.309793823396422,-0.378226916453283
0.857219923542259,-0.160805713860365,0.3103748804516,-0.378130875037622
0.857004651023743,-0.161056541567428,0.310956014088791,-0.378034622546696
0.85678890761469,-0.161307390867322,0.311537223207474,-0.377938158957493
0.856572693220084,-0.161558261265747,0.312118506704531,-0.377841484248373
0.856356007747973,-0.161809152267313,0.31269986347425,-0.377744598399068
0.856138851109478,-0.162060063375532,0.313281292408325,-0.377647501390691
0.855921223218806,-0.162310994092829,0.313862792395866,-0.377550193205739
0.85570312399326,-0.162561943920536,0.314444362323401,-0.3774526738281
0.855484553353254,-0.1628129123589,0.315026001074875,-0.377354943243056
0.855265511222319,-0.163063898907083,0.315607707531664,-0.377257001437288
0.85504599752712,-0.163314903063164,0.316189480572568,-0.377158848398884
0.854826012197463,-0.16356592432414,0.316771319073826,-0.377060484117338
0.85460555516631,-0.163816962185932,0.317353221909112,-0.376961908583563
0.854384626369788,-0.164068016143382,0.317935187949544,-0.376863121789889
0.854163225747204,-0.16431908569026,0.318517216063684,-0.376764123730072
0.85394135324105,-0.164570170319263,0.319099305117549,-0.376664914399297
0.853719008797023,-0.164821269522019,0.319681453974609,-0.376565493794185
0.853496192364029,-0.165072382789087,0.320263661495795,-0.376465861912795
0.853272904015089,-0.165323509523822,0.32084592627907,-0.376366018740413
0.853049143828587,-0.165574649126207,0.321428246915368,-0.376265964265918
0.852824911766345,-0.165825801080152,0.322010622251281,-0.37616569849495
0.852600207793465,-0.166076964868503,0.322593051130889,-0.376065221434621
0.852375031878338,-0.166328139973054,0.323175532395755,-0.375964533093518
0.852149383992659,-0.166579325874541,0.323758064884937,-0.375863633481713
0.851923264111438,-0.16683052205265,0.324340647434989,-0.375762522610764
0.851696672213008,-0.167081727986014,0.32492327887997,-0.375661200493722
0.851469608279041,-0.167332943152222,0.325505958051443,-0.375559667145133
0.851242072294556,-0.167584167027818,0.326088683778486,-0.375457922581049
0.851014064247932,-0.167835399088301,0.326671454887695,-0.375355966819025
0.850785584130919,-0.168086638808134,0.327254270203186,-0.37525379987813
0.850556631938649,-0.16833788566074,0.327837128546606,-0.375151421778951
0.850327207669651,-0.168589139118509,0.328420028737135,-0.375048832543596
0.850097311325854,-0.168840398652799,0.32900296959149,-0.3749460321957
0.849866942912609,-0.169091663733939,0.329585949923934,-0.374843020760428
0.849636102438692,-0.169342933831231,0.330168968546277,-0.374739798264486
0.849404789916319,-0.169594208412954,0.330752024267886,-0.374636364736118
0.849173005361156,-0.169845486946365,0.331335115895689,-0.374532720205117
0.848940748792334,-0.170096768897702,0.331918242234178,-0.374428864702826
0.848708020232454,-0.17034805373219,0.332501402085417,-0.374324798262145
0.848474819707604,-0.170599340914038,0.333084594249049,-0.374220520917535
0.848241147247367,-0.170850629906447,0.333667817522297,-0.374116032705026
0.848007002884834,-0.171101920171611,0.334251070699976,-0.374011333662215
0.847772386656614,-0.171353211170718,0.334834352574494,-0.373906423828278
0.847537298163243,-0.171604501840678,0.335417662004355,-0.373801304419466
0.847301737007569,-0.171855791117121,0.336000997849503,-0.373695976654288
0.847065703234965,-0.172107078457822,0.336584358900926,-0.373590440577673
0.84682919689435,-0.172358363319567,0.337167743947246,-0.373484696236132
0.846592218038201,-0.172609645158157,0.337751151774724,-0.37337874367776
0.846354766722564,-0.172860923428413,0.338334581167268,-0.373272582952245
0.846116843007066,-0.173112197584175,0.338918030906438,-0.373166214110866
0.845878446954924,-0.173363467078311,0.339501499771451,-0.373059637206505
0.845639578632956,-0.173614731362713,0.340084986539193,-0.372952852293647
0.845400238111595,-0.173865989888304,0.340668489984216,-0.372845859428387
0.845160425464898,-0.174117242105043,0.34125200887875,-0.372738658668435
0.844920140770557,-0.174368487461923,0.34183554199271,-0.372631250073116
0.844679384109911,-0.174619725406977,0.342419088093701,-0.372523633703383
0.844438155567955,-0.174870955387282,0.343002645947022,-0.372415809621815
0.844196455233353,-0.175122176848961,0.343586214315678,-0.372307777892625
0.843954283198449,-0.175373389237185,0.344169791960381,-0.372199538581663
0.843711639559278,-0.175624591996178,0.34475337763956,-0.372091091756423
0.843468524415574,-0.175875784569221,0.345336970109366,-0.371982437486043
0.843224937870785,-0.176126966398652,0.345920568123682,-0.371873575841317
0.842980880032083,-0.176378136925872,0.346504170434122,-0.371764506894694
0.842736351010371,-0.176629295591347,0.347087775790048,-0.371655230720282
0.8424913509203,-0.176880441834612,0.34767138293857,-0.37154574739386
0.842245879880277,-0.177131575094275,0.348254990624553,-0.371436056992872
0.841999938012472,-0.177382694808018,0.348838597590628,-0.371326159596443
0.841753525442837,-0.177633800412603,0.349422202577195,-0.371216055285373
0.841506642585794,-0.177884891432039,0.350005804013048,-0.371105743746141
0.841259289861445,-0.178135967389706,0.350589400322751,-0.370995224666416
0.841011467409963,-0.17838702772005,0.351172990237034,-0.370884498131327
0.840763175375354,-0.178638071856609,0.351756572484422,-0.370773564227705
0.840514413905466,-0.17888909923202,0.352340145791239,-0.370662423044089
0.840265183151998,-0.179140109278022,0.352923708881622,-0.370551074670736
0.840015483270516,-0.179391101425458,0.353507260477519,-0.370439519199616
0.839765314420456,-0.179642075104277,0.354090799298707,-0.370327756724426
0.839514676765142,-0.179893029743542,0.35467432406279,-0.370215787340588
0.839263570471793,-0.180143964771433,0.355257833485213,-0.370103611145257
0.839011995711534,-0.180394879615244,0.355841326279266,-0.369991228237323
0.838759952659407,-0.180645773701396,0.356424801156095,-0.36987863871742
0.838507441494381,-0.180896646455434,0.357008256824704,-0.369765842687925
0.838254462399363,-0.181147497302033,0.357591691991968,-0.369652840252968
0.83800101556121,-0.181398325665004,0.358175105362638,-0.369539631518429
0.837747101170737,-0.181649130967291,0.358758495639351,-0.369426216591954
0.837492719422727,-0.181899912630984,0.359341861522636,-0.369312595582946
0.837237870515946,-0.182150670077314,0.359925201710922,-0.369198768602581
0.836982554653148,-0.182401402726662,0.360508514900546,-0.369084735763807
0.83672677204109,-0.182652109998563,0.361091799785761,-0.368970497181347
0.836470522890539,-0.182902791311705,0.361675055058746,-0.368856052971709
0.836213807416284,-0.183153446083939,0.362258279409611,-0.368741403253184
0.835956625837146,-0.183404073732279,0.362841471526407,-0.368626548145857
0.835698978375989,-0.183654673672906,0.363424630095133,-0.368511487771605
0.835440865259729,-0.183905245321175,0.364007753799746,-0.368396222254106
0.835182284721656,-0.18415578798842,0.364590843997529,-0.36828075365222
0.834923234992725,-0.184406300979544,0.365173902041261,-0.368165084026561
0.834663716302473,-0.184656783699002,0.365756926605077,-0.368049213506147
0.834403728884561,-0.184907235550418,0.366339916361058,-0.367933142221811
0.834143272976778,-0.185157655936584,0.366922869979246,-0.367816870306204
0.833882348821007,-0.185408044259516,0.367505786127753,-0.367700397893778
0.833620956662946,-0.185658399920703,0.368088663473394,-0.3675837251207
0.833359096752289,-0.185908722320961,0.368671500681313,-0.367466852124904
0.8330967693429,-0.186159010860291,0.369254296414646,-0.367349779046164
0.832833974692829,-0.18640926493788,0.369837049334513,-0.367232506026092
0.832570713064322,-0.186659483952104,0.370419758100027,-0.367115033208146
0.832306984723829,-0.18690966730053,0.3710024213683,-0.366997360737637
0.83204278994202,-0.18715981437992,0.371585037794456,-0.366879488761728
0.831778128993788,-0.187409924586241,0.372167606031637,-0.366761417429442
0.831513002158266,-0.187659997314662,0.372750124731013,-0.366643146891664
0.831247409718833,-0.187910031959562,0.373332592541792,-0.366524677301149
0.830981351963126,-0.188160027914535,0.373915008111224,-0.36640600881252
0.830714829183048,-0.188409984572391,0.374497370084618,-0.366287141582279
0.83044784167478,-0.188659901325165,0.375079677105343,-0.366168075768808
0.830180389738791,-0.188909777564115,0.375661927814843,-0.366048811532372
0.829912473679847,-0.189159612679732,0.376244120852644,-0.365929349035127
0.829644093807023,-0.189409406061744,0.376826254856362,-0.36580968844112
0.829375250433709,-0.189659157099115,0.377408328461716,-0.365689829916296
0.829105943877624,-0.189908865180056,0.377990340302532,-0.365569773628502
0.828836174460824,-0.190158529692026,0.378572289010756,-0.365449519747489
0.828565941919862,-0.190408150709993,0.379154174605293,-0.365329067982595
0.828295245993612,-0.190657728307179,0.379735997098386,-0.365208418042112
0.828024087014161,-0.190907261867311,0.380317755109181,-0.365087570097099
0.827752465317995,-0.191156750773376,0.380899447254955,-0.364966524320543
0.827480381246005,-0.191406194407631,0.381481072151128,-0.364845280887365
0.827207835143501,-0.191655592151607,0.382062628411275,-0.36472383997442
0.826934827360221,-0.19190494338611,0.382644114647131,-0.364602201760507
0.826661358250336,-0.192154247491228,0.383225529468603,-0.364480366426367
0.826387428172466,-0.192403503846338,0.383806871483783,-0.364358334154691
0.826113037489685,-0.192652711830106,0.38438813929895,-0.364236105130124
0.825838186569536,-0.192901870820495,0.384969331518589,-0.364113679539266
0.825562875784033,-0.19315098019477,0.385550446745396,-0.363991057570681
0.825287105509676,-0.193400039329498,0.386131483580287,-0.363868239414895
0.825010876127461,-0.19364904760056,0.386712440622411,-0.363745225264406
0.824734188022885,-0.19389800438315,0.387293316469161,-0.363622015313682
0.824457041585959,-0.194146909051783,0.387874109716178,-0.36349860975917
0.824179437211216,-0.194395760980298,0.38845481895737,-0.363375008799299
0.823901375297722,-0.194644559541863,0.389035442784916,-0.363251212634482
0.823622856249082,-0.194893304108982,0.389615979789277,-0.363127221467119
0.823343880473453,-0.195141994053498,0.390196428559209,-0.363003035501605
0.823064448383551,-0.195390628746596,0.390776787681771,-0.362878654944332
0.822784560396659,-0.195639207558815,0.391357055742338,-0.362754080003691
0.822504216934641,-0.195887729860042,0.391937231324608,-0.362629310890078
0.822223418423946,-0.196136195019527,0.392517313010614,-0.362504347815898
0.821942165295619,-0.196384602405884,0.393097299380739,-0.362379190995567
0.821660456729153,-0.196632952130305,0.393677191317638,-0.362253840587532
0.821378291905946,-0.196881244297908,0.394256989692134,-0.362128296751682
0.821095671266867,-0.197129478267242,0.394836693064377,-0.362002559707641
0.820812595257477,-0.197377653396222,0.395416299992857,-0.361876629677084
0.820529064328034,-0.197625769042133,0.395995809034417,-0.361750506883741
0.82024507893351,-0.197873824561633,0.396575218744266,-0.361624191553398
0.819960639533593,-0.198121819310762,0.397154527675986,-0.361497683913907
0.8196757465927,-0.198369752644942,0.397733734381547,-0.36137098419518
0.819390400579983,-0.19861762391899,0.398312837411315,-0.361244092629204
0.81910460196934,-0.198865432487116,0.398891835314067,-0.361117009450034
0.818818351239424,-0.199113177702931,0.399470726636999,-0.360989734893806
0.818531648890892,-0.199360858906635,0.400049509892491,-0.360862269203562
0.818244495495343,-0.199608475388936,0.400628183464288,-0.360734612642841
0.817956891643788,-0.199856026429874,0.401206745707744,-0.360606765481037
0.817668837930415,-0.200103511310959,0.401785194981243,-0.360478727988816
0.817380334952565,-0.200350929315184,0.402363529646235,-0.360350500438113
0.817091383310722,-0.200598279727037,0.402941748067249,-0.360222083102123
0.816801983608494,-0.20084556183251,0.403519848611928,-0.360093476255291
0.816512136452591,-0.201092774919109,0.404097829651048,-0.359964680173306
0.816221842452813,-0.201339918275868,0.404675689558546,-0.359835695133095
0.815931102222029,-0.201586991193357,0.405253426711544,-0.359706521412811
0.815639916376161,-0.201833992963694,0.405831039490375,-0.359577159291829
0.815348285534165,-0.202080922880557,0.406408526278607,-0.359447609050735
0.815056210318013,-0.202327780239193,0.406985885463068,-0.359317870971321
0.814763691352674,-0.202574564336426,0.407563115433869,-0.359187945336574
0.814470729426318,-0.20282127415247,0.408140214138796,-0.35905783275354
0.814177325331433,-0.203067908669751,0.408717179530175,-0.358927533830363
0.813883479698377,-0.203314467194586,0.40929401002018,-0.358797048852195
0.813589193158163,-0.203560949036392,0.409870704028457,-0.358666378104876
0.813294466344842,-0.203807353506047,0.410447259977693,-0.358535521875482
0.812999299895566,-0.204053679915842,0.411023676293486,-0.358404480452337
0.812703694450575,-0.204299927579495,0.411599951404369,-0.358273254125006
0.812407650653173,-0.20454609581216,0.412176083741832,-0.35814184318429
0.81211116914972,-0.204792183930438,0.412752071740351,-0.358010247922212
0.81181425058961,-0.205038191252383,0.413327913837408,-0.357878468632017
0.811516895625252,-0.205284117097521,0.413903608473515,-0.357746505608159
0.811219104912059,-0.205529960786851,0.414479154092239,-0.357614359146296
0.810920879108425,-0.205775721642861,0.415054549140225,-0.357482029543281
0.810622218875711,-0.206021398989537,0.415629792067221,-0.357349517097158
0.810323124878226,-0.206266992152371,0.4162048813261,-0.357216822107147
0.810023597783209,-0.206512500458375,0.416779815372883,-0.357083944873642
0.809723638260813,-0.206757923236089,0.417354592666764,-0.356950885698204
0.809423246981976,-0.207003259816877,0.417929211673876,-0.356817644883201
0.809122424612063,-0.207248509538764,0.418503670878494,-0.356684222730811
0.80882117181744,-0.207493671742313,0.419077968771239,-0.356550619544167
0.808519489267717,-0.207738745769246,0.419652103845081,-0.356416835627736
0.808217377635745,-0.207983730962448,0.420226074595343,-0.356282871287307
0.807914837597602,-0.208228626665974,0.420799879519728,-0.356148726829994
0.807611869832576,-0.20847343222506,0.421373517118333,-0.356014402564223
0.807308475023155,-0.208718146986132,0.421946985893676,-0.355879898799729
0.807004655022839,-0.208962769003074,0.422520281917603,-0.355745216848105
0.806700411690829,-0.209207296336721,0.423093401277449,-0.355610358022382
0.80639574572287,-0.209451728345747,0.423666342502689,-0.355475322636368
0.80609065781778,-0.209696064390078,0.424239104125347,-0.355340111005123
0.805785148675282,-0.209940303831914,0.4248116846836,-0.355204723444945
0.805479218995198,-0.21018444603605,0.425384082723041,-0.355069160273433
0.80517286948043,-0.210428490368416,0.42595629679169,-0.354933421809539
0.80486610083714,-0.210672436195992,0.426528325439677,-0.354797508373565
0.804558913774741,-0.210916282886811,0.427100167219256,-0.354661420287156
0.804251309005891,-0.21116002980997,0.427671820684829,-0.354525157873298
0.803943287246476,-0.211403676335635,0.428243284392958,-0.354388721456313
0.803634849215606,-0.21164722183505,0.428814556902379,-0.354252111361856
0.803325995635597,-0.211890665680543,0.429385636774027,-0.354115327916903
0.803016727231969,-0.212134007245533,0.429956522571046,-0.353978371449758
0.802707044733427,-0.21237724590454,0.430527212858809,-0.353841242290037
0.802396948871855,-0.212620381033188,0.431097706204931,-0.35370394076867
0.802086440382303,-0.212863412008215,0.431668001179291,-0.353566467217895
0.801775520002977,-0.21310633820748,0.432238096354045,-0.353428821971251
0.801464188475229,-0.213349159009968,0.432807990303641,-0.353291005363575
0.801152446542979,-0.213591873795925,0.433377681605677,-0.35315301773117
0.800840294946977,-0.213834481947979,0.433947168849333,-0.353014859413773
0.800527734427761,-0.214076982850107,0.434516450630704,-0.352876530754097
0.800214765729754,-0.214319375886634,0.435085525546646,-0.352738032096679
0.799901389601494,-0.214561660442186,0.43565439219445,-0.352599363787821
0.79958760679563,-0.214803835901696,0.436223049171853,-0.352460526175579
0.799273418798318,-0.215045900546273,0.436791493434566,-0.352321520665276
0.798958827104463,-0.215287852658472,0.437359721942743,-0.352182348665762
0.798643832485985,-0.215529691625881,0.437927733301519,-0.352043010533008
0.798328435718898,-0.215771416836433,0.438495526116553,-0.351903506624731
0.7980126375833,-0.216013027678412,0.439063098994049,-0.351763837300385
0.797696438863374,-0.21625452354046,0.439630450540764,-0.351624002921166
0.797379840347388,-0.21649590381158,0.440197579364025,-0.351484003850009
0.797062842826673,-0.21673716787966,0.440764484072247,-0.35134384045418
0.796745447094648,-0.216978315128892,0.44133116327476,-0.351203513109314
0.796427653949742,-0.217219344942577,0.441897615579545,-0.351063022193937
0.796109464195684,-0.21746025670344,0.442463839593041,-0.350922368088898
0.795790878641512,-0.217701049793634,0.443029833920158,-0.350781551177364
0.795471898101585,-0.217941723594745,0.443595597164287,-0.350640571844835
0.795152523395591,-0.218182277487794,0.444161127927312,-0.350499430479139
0.794832755348557,-0.218422710853247,0.444726424809617,-0.350358127470443
0.794512594790859,-0.218663023071018,0.445291486410099,-0.350216663211252
0.794192042558233,-0.21890321352047,0.445856311326178,-0.350075038096416
0.793871099491782,-0.219143281580428,0.446420898153806,-0.349933252523133
0.793549766437989,-0.219383226629176,0.446985245487483,-0.349791306890951
0.793228044248722,-0.219623048044467,0.44754935192026,-0.349649201601777
0.792905933781249,-0.219862745203527,0.448113216043757,-0.349506937059877
0.792583435898242,-0.22010231748306,0.448676836448168,-0.349364513671878
0.792260551467924,-0.220341764258952,0.449240211721933,-0.349221931847107
0.791937281367007,-0.220581084900021,0.449803340444413,-0.349079192004352
0.791613626480661,-0.220820278769222,0.450366221186669,-0.348936294570313
0.791289587382455,-0.221059345254069,0.450928852955236,-0.348793240112851
0.790965164649965,-0.221298283741181,0.451491234755541,-0.348650029201747
0.790640359184464,-0.221537093589844,0.452053365151665,-0.348506662271299
0.790315171893915,-0.221775774157991,0.452615242704372,-0.348363139758756
0.789989603692981,-0.222014324802199,0.453176865971116,-0.348219462104328
0.789663655503053,-0.222252744877699,0.453738233506052,-0.348075629751195
0.789337328252262,-0.222491033738381,0.454299343860049,-0.347931643145511
0.789010622875501,-0.222729190736798,0.454860195580699,-0.347787502736417
0.788683540314442,-0.222967215224172,0.455420787212328,-0.347643208976042
0.788356081517555,-0.223205106550401,0.455981117296006,-0.347498762319517
0.788028247440128,-0.223442864064061,0.456541184369563,-0.34735416322498
0.787700039044283,-0.223680487112416,0.457100986967595,-0.347209412153584
0.787371457298997,-0.223917975041421,0.457660523621476,-0.347064509569504
0.787042503180116,-0.224155327195727,0.458219792859374,-0.346919455939944
0.786713177672029,-0.224392542916555,0.45877879320297,-0.34677425173713
0.786383481769066,-0.224629621540041,0.459337523164816,-0.346628897439827
0.786053416473076,-0.224866562400515,0.459895981253295,-0.346483393530267
0.785722982793279,-0.225103364830733,0.460454165972966,-0.34633774049395
0.785392181746296,-0.225340028161875,0.461012075824575,-0.346191938819659
0.785061014356167,-0.225576551723554,0.461569709305063,-0.346045988999462
0.784729481654375,-0.225812934843821,0.462127064907573,-0.34589989152873
0.784397584679871,-0.226049176849165,0.462684141121463,-0.345753646906138
0.784065324479091,-0.226285277064524,0.463240936432312,-0.345607255633681
0.783732702105984,-0.226521234813286,0.463797449321934,-0.345460718216681
0.783399718622034,-0.226757049417297,0.464353678268383,-0.345314035163794
0.783066375172842,-0.226992721933019,0.464909622499314,-0.345167204656889
0.782732672906732,-0.227228253423,0.465465281239992,-0.345020224872096
0.782398612900622,-0.227463643215924,0.466020652959262,-0.344873096314491
0.782064196239031,-0.227698890638959,0.466575736122224,-0.344725819492522
0.781729424014102,-0.227933995017764,0.467130529190238,-0.344578394918007
0.781394297325621,-0.228168955676492,0.467685030620943,-0.344430823106157
0.781058817281746,-0.228403771937155,0.468239238867025,-0.344283104576088
0.780722985005886,-0.228638443113358,0.468793152364229,-0.344135239855798
0.780386801634306,-0.228872968512661,0.469346769535753,-0.343987229480301
0.780050268311943,-0.229107347440485,0.469900088799695,-0.343839073988529
0.779713386192192,-0.22934157920034,0.470453108569485,-0.343690773923171
0.779376156436935,-0.229575663093832,0.471005827253897,-0.343542329830678
0.779038580216564,-0.229809598420666,0.47155824325706,-0.343393742261283
0.778700658710011,-0.230043384478654,0.472110354978469,-0.343245011769005
0.778362393104773,-0.230277020563724,0.472662160812999,-0.343096138911664
0.778023784596935,-0.230510505969919,0.473213659150915,-0.34294712425089
0.777684834391203,-0.230743839989408,0.473764848377883,-0.342797968352136
0.777345543700921,-0.230977021912492,0.474315726874987,-0.342648671784685
0.777005913748105,-0.231210051027609,0.474866293018736,-0.342499235121666
0.776665945763465,-0.231442926621342,0.475416545181081,-0.342349658940061
0.776325640986429,-0.231675647978424,0.475966481729424,-0.342199943820717
0.775985000665172,-0.231908214381743,0.476516101026634,-0.342050090348358
0.775644026058954,-0.232140625110405,0.477065401427164,-0.341900099113098
0.775302718442786,-0.232372879435869,0.477614381269318,-0.341749970713437
0.774961079101956,-0.232604976626651,0.478163038884589,-0.341599705752657
0.774619109398751,-0.232836916067915,0.47871137256386,-0.341449304653405
0.774276810703286,-0.233068697143101,0.479259380594755,-0.341298767842922
0.773934184326483,-0.233300319115078,0.479807061296406,-0.341148095937542
0.773591231588567,-0.233531781244692,0.480354412983,-0.340997289557737
0.773247953819089,-0.233763082790766,0.480901433963799,-0.340846349328127
0.772904352356958,-0.233994223010117,0.48144812254315,-0.340695275877491
0.772560428550463,-0.234225201157555,0.481994477020506,-0.340544069838776
0.772216183757298,-0.234456016485898,0.482540495690443,-0.340392731849113
0.771871619344589,-0.234686668245977,0.483086176842672,-0.34024126254982
0.77152673668892,-0.234917155686644,0.48363151876206,-0.340089662586421
0.771181537176357,-0.235147478054783,0.484176519728648,-0.339937932608647
0.770836022202469,-0.235377634595316,0.484721178017665,-0.339786073270456
0.770490193160668,-0.235607624560424,0.485265491918548,-0.339634085223026
0.770144051375539,-0.235837447261829,0.485809459842923,-0.339481969074975
0.769797598140258,-0.236067102040746,0.486353080262962,-0.339329725415123
0.769450834751727,-0.236296588240055,0.486896351654063,-0.339177354833637
0.769103762512163,-0.236525905203059,0.487439272492289,-0.33902485792298
0.768756382729094,-0.236755052273486,0.487981841254375,-0.338872235277911
0.768408696715359,-0.2369840287955,0.488524056417749,-0.338719487495486
0.768060705789105,-0.237212834113705,0.489065916460545,-0.338566615175053
0.767712411273784,-0.237441467573152,0.489607419861618,-0.338413618918253
0.767363814498152,-0.237669928519347,0.490148565100559,-0.338260499329019
0.767014916796263,-0.237898216298256,0.490689350657711,-0.338107257013574
0.766665719507474,-0.238126330256313,0.491229775014182,-0.337953892580431
0.766316223976432,-0.238354269740425,0.491769836651863,-0.337800406640389
0.765966431186647,-0.238582033420803,0.49230953425519,-0.337646800822138
0.765616342126682,-0.238809619966394,0.492848866510562,-0.337493076757615
0.765265958156708,-0.239037028722939,0.493387831904021,-0.337339235065912
0.764915280642184,-0.239264259036679,0.493926428922448,-0.337185276368401
0.764564310953859,-0.239491310254358,0.494464656053574,-0.337031201288728
0.764213050467761,-0.239718181723232,0.495002511785995,-0.336877010452811
0.763861500565201,-0.239944872791076,0.495539994609189,-0.336722704488841
0.763509662632766,-0.240171382806188,0.496077103013529,-0.336568284027279
0.763157538062317,-0.240397711117399,0.496613835490301,-0.336413749700855
0.762805128250985,-0.240623857074078,0.497150190531716,-0.336259102144566
0.762452434601168,-0.240849820026138,0.497686166630925,-0.336104341995674
0.762099458520525,-0.241075599324043,0.498221762282035,-0.335949469893703
0.761746201421978,-0.241301194318816,0.498756975980124,-0.33579448648044
0.761392664723701,-0.241526604362044,0.499291806221258,-0.335639392399934
0.761038849849124,-0.241751828805885,0.499826251502498,-0.335484188298486
0.76068475822692,-0.241976867003075,0.500360310321928,-0.33532887482466
0.760330391291011,-0.242201718306934,0.500893981178654,-0.335173452629268
0.759975750480556,-0.242426382071374,0.501427262572834,-0.335017922365379
0.759620837239949,-0.242650857650902,0.501960153005682,-0.334862284688308
0.759265653018817,-0.24287514440063,0.502492650979489,-0.33470654025562
0.758910199272015,-0.243099241676283,0.503024754997635,-0.334550689727126
0.758554477459618,-0.243323148834199,0.503556463564605,-0.33439473376488
0.758198489046921,-0.243546865231343,0.504087775186002,-0.334238673033179
0.757842235504431,-0.243770390225307,0.504618688368563,-0.334082508198557
0.757485718307867,-0.243993723174322,0.505149201620176,-0.333926239929788
0.757128938620427,-0.244216863471864,0.505679313863871,-0.333769868966081
0.756771897610969,-0.244439810511213,0.506209024021359,-0.333613396048298
0.756414596771506,-0.244662563651281,0.506738330600309,-0.333456821851038
0.756057037599259,-0.244885122251645,0.507267232109588,-0.333300147051131
0.755699221596653,-0.245107485672552,0.507795727059278,-0.333143372327639
0.755341150271307,-0.245329653274925,0.508323813960687,-0.332986498361848
0.754982825136035,-0.245551624420369,0.508851491326366,-0.332829525837272
0.754624247708835,-0.245773398471181,0.509378757670124,-0.332672455439644
0.75426541951289,-0.24599497479035,0.509905611507041,-0.33251528785692
0.753906342076554,-0.246216352741571,0.510432051353485,-0.332358023779269
0.753547016933356,-0.246437531689245,0.510958075727122,-0.332200663899079
0.753187445621985,-0.24665851099849,0.511483683146939,-0.332043208910947
0.752827629686292,-0.246879290035146,0.512008872133247,-0.331885659511678
0.752467570675279,-0.247099868165778,0.512533641207707,-0.331728016400286
0.752107270143096,-0.247320244757688,0.513057988893337,-0.331570280277986
0.751746729649033,-0.247540419178917,0.513581913714528,-0.331412451848195
0.751385950757516,-0.247760390798255,0.514105414197061,-0.331254531816528
0.751024935038099,-0.247980158985245,0.51462848886812,-0.331096520890794
0.750663684065457,-0.248199723110186,0.515151136256305,-0.330938419780993
0.750302199419384,-0.24841908254415,0.515673354891647,-0.330780229199316
0.74994048268478,-0.248638236658974,0.516195143305624,-0.33062194986014
0.749578535451652,-0.248857184827279,0.516716500031175,-0.330463582480022
0.749216359315099,-0.249075926422468,0.517237423602713,-0.330305127777702
0.748853955875314,-0.249294460818738,0.517757912556139,-0.330146586474095
0.748491326737569,-0.24951278739108,0.51827796542886,-0.329987959292289
0.748128471451487,-0.249730905021012,0.518797583170958,-0.329829248213406
0.747765389565854,-0.249948812586123,0.519316766732573,-0.32967045521951
0.747402082692309,-0.250166509456715,0.519835514653475,-0.32951158103836
0.747038552447571,-0.250383995003905,0.520353825474965,-0.32935262639987
0.746674800453438,-0.250601268599631,0.520871697739894,-0.329193592036108
0.746310828336773,-0.250818329616658,0.521389129992675,-0.329034478681292
0.745946637729503,-0.251035177428583,0.521906120779302,-0.328875287071787
0.745582230268606,-0.251251811409842,0.522422668647354,-0.328716017946101
0.745217607596108,-0.251468230935717,0.52293877214602,-0.328556672044881
0.744852771359072,-0.251684435382342,0.523454429826106,-0.328397250110911
0.744487723209593,-0.251900424126706,0.523969640240053,-0.328237752889109
0.744122464804789,-0.252116196546664,0.524484401941948,-0.328078181126521
0.743756997806795,-0.252331752020941,0.524998713487541,-0.327918535572318
0.743391323882751,-0.252547089929136,0.525512573434255,-0.327758816977793
0.7430254447048,-0.252762209651732,0.526025980341204,-0.32759902609636
0.742659361950073,-0.2529771105701,0.526538932769207,-0.327439163683543
0.742293077300689,-0.253191792066504,0.527051429280796,-0.327279230496981
0.741926592443738,-0.253406253524109,0.527563468440237,-0.327119227296418
0.741559909071281,-0.253620494326986,0.52807504881354,-0.3269591548437
0.741193028880335,-0.253834513860119,0.528586168968472,-0.326799013902775
0.740825953572868,-0.254048311509408,0.529096827474576,-0.326638805239684
0.740458684855791,-0.254261886661681,0.529607022903176,-0.326478529622562
0.740091224440947,-0.254475238704692,0.530116753827399,-0.326318187821627
0.739723574045103,-0.254688367027135,0.530626018822184,-0.326157780609185
0.739355735389943,-0.254901271018643,0.531134816464297,-0.32599730875962
0.738987711181648,-0.255113950843867,0.53164314434315,-0.32583677183564
0.738619504131774,-0.255326406673917,0.532151000052247,-0.325676169399161
0.738251115977385,-0.255538637909551,0.532658382177284,-0.325515502226476
0.737882548460392,-0.255750643952508,0.533165289305848,-0.325354771095931
0.737513803327543,-0.255962424205508,0.533671720027432,-0.325193976787924
0.737144882330413,-0.256173978072259,0.534177672933444,-0.325033120084902
0.736775787225397,-0.256385304957466,0.534683146617226,-0.324872201771351
0.736406519773698,-0.256596404266832,0.535188139674066,-0.324711222633797
0.736037081741317,-0.256807275407068,0.535692650701207,-0.3245501834608
0.735667474899045,-0.257017917785896,0.536196678297864,-0.32438908504295
0.735297701022453,-0.257228330812054,0.536700221065238,-0.32422792817286
0.73492776189188,-0.257438513895305,0.537203277606524,-0.324066713645164
0.734557659292427,-0.25764846644644,0.537705846526929,-0.323905442256512
0.734187395013943,-0.257858187877284,0.538207926433684,-0.323744114805566
0.733816970851014,-0.258067677600702,0.538709515936053,-0.323582732092992
0.733446388602961,-0.258276935030604,0.539210613645352,-0.323421294921461
0.733075650073817,-0.258485959581952,0.539711218174958,-0.32325980409564
0.732704757072328,-0.258694750670764,0.54021132814032,-0.323098260422187
0.732333711411935,-0.25890330771412,0.540710942158979,-0.32293666470975
0.731962514910769,-0.259111630130167,0.541210058850571,-0.322775017768957
0.731591169391635,-0.259319717338126,0.541708676836849,-0.322613320412418
0.731219676682004,-0.259527568758295,0.542206794741687,-0.322451573454713
0.730848038614004,-0.259735183812057,0.542704411191101,-0.322289777712389
0.730476257024404,-0.259942561921883,0.543201524813253,-0.322127934003962
0.73010433375461,-0.260149702511341,0.543698134238472,-0.3219660431499
0.729732271029561,-0.260356604343806,0.544194237489041,-0.321804106680327
0.729360071079647,-0.260563266183009,0.544689832592486,-0.321642126129499
0.728987735761347,-0.2607696874547,0.545184918190278,-0.321480102327005
0.728615266935726,-0.260975867585734,0.545679492926101,-0.321318036104367
0.728242666468413,-0.261181806004083,0.546173555445862,-0.321155928295038
0.727869936229596,-0.261387502138836,0.546667104397705,-0.320993779734394
0.72749707809401,-0.261592955420208,0.547160138432022,-0.320831591259729
0.727124093940923,-0.261798165279541,0.547652656201465,-0.320669363710253
0.726750985654125,-0.262003131149313,0.548144656360959,-0.320507097927081
0.726377755121918,-0.262207852463141,0.548636137567713,-0.320344794753234
0.726004404237102,-0.262412328655787,0.549127098481233,-0.320182455033628
0.725630934896963,-0.26261655916316,0.549617537763329,-0.320020079615072
0.725257349003263,-0.262820543422328,0.550107454078136,-0.319857669346263
0.724883648462225,-0.263024280871514,0.550596846092117,-0.319695225077777
0.724509835184524,-0.263227770950108,0.551085712474077,-0.319532747662066
0.724135911085274,-0.263431013098669,0.551574051895177,-0.319370237953455
0.72376187808401,-0.263634006758929,0.552061863028945,-0.319207696808128
0.723387738104686,-0.263836751373801,0.552549144551284,-0.319045125084134
0.723013493075652,-0.26403924638738,0.553035895140487,-0.318882523641369
0.72263914492965,-0.264241491244951,0.553522113477247,-0.318719893341583
0.722264695603795,-0.264443485392993,0.554007798244669,-0.318557235048363
0.721890147039564,-0.264645228279183,0.55449294812828,-0.318394549627133
0.721515501182786,-0.264846719352399,0.55497756181604,-0.318231837945149
0.721140759983626,-0.265047958062729,0.555461637998356,-0.31806910087149
0.720765925396572,-0.265248943861474,0.555945175368092,-0.317906339277055
0.720391000574559,-0.265449677465829,0.556428171460419,-0.317743552302305
0.720015988677792,-0.265650159598294,0.556910623811052,-0.317580739088705
0.719640891678107,-0.265850389719961,0.557392531117379,-0.317417900511369
0.719265711551608,-0.266050367293156,0.557873892079293,-0.31725503744722
0.718890450278653,-0.26625009178144,0.558354705399199,-0.317092150774982
0.718515109843838,-0.26644956264962,0.558834969782028,-0.316929241375174
0.718139692235989,-0.266648779363746,0.559314683935244,-0.316766310130105
0.717764199448141,-0.266847741391121,0.559793846568859,-0.316603357923866
0.717388633477532,-0.267046448200302,0.56027245639544,-0.316440385642324
0.717012996325582,-0.267244899261107,0.560750512130121,-0.31627739417312
0.716637289997885,-0.267443094044616,0.561228012490612,-0.316114384405656
0.716261516504191,-0.267641032023181,0.561704956197212,-0.315951357231095
0.715885677858394,-0.267838712670422,0.562181341972818,-0.315788313542349
0.715509776078516,-0.268036135461241,0.562657168542932,-0.315625254234077
0.715133813186696,-0.268233299871817,0.563132434635676,-0.315462180202678
0.714757791209173,-0.268430205379617,0.563607138981801,-0.315299092346282
0.714381712176271,-0.268626851463396,0.564081280314695,-0.315135991564747
0.714005578122389,-0.268823237603203,0.564554857370392,-0.31497287875965
0.713629391085979,-0.269019363280386,0.565027868887588,-0.314809754834281
0.713253153109541,-0.269215227977594,0.565500313607644,-0.314646620693638
0.712876866239599,-0.26941083117878,0.565972190274598,-0.314483477244418
0.712500532526693,-0.269606172369212,0.566443497635179,-0.314320325395014
0.71212415402536,-0.269801251035467,0.566914234438806,-0.314157166055502
0.711747732794122,-0.269996066665442,0.567384399437613,-0.313994000137642
0.711371270895469,-0.270190618748355,0.567853991386442,-0.313830828554866
0.710994769796963,-0.270384907828725,0.568323009911482,-0.313667651097415
0.710618230960229,-0.270578934454701,0.568791454647317,-0.313504467554296
0.710241656444728,-0.270772698122935,0.569259324365487,-0.313341278839582
0.709865048313796,-0.270966198331397,0.569726617840275,-0.313178085868987
0.709488408634626,-0.271159434579385,0.570193333848722,-0.313014889559864
0.709111739478253,-0.271352406367523,0.570659471170632,-0.312851690831192
0.708735042919539,-0.271545113197769,0.571125028588582,-0.312688490603573
0.708358321037159,-0.271737554573415,0.571590004887932,-0.312525289799227
0.707981575913583,-0.271929729999094,0.572054398856832,-0.31236208934198
0.707604809635062,-0.272121638980781,0.572518209286234,-0.312198890157261
0.707228024291612,-0.272313281025797,0.572981434969895,-0.312035693172092
0.706851221976996,-0.272504655642816,0.573444074704395,-0.311872499315085
0.706474404788715,-0.272695762341862,0.573906127289134,-0.311709309516431
0.706097574827983,-0.272886600634318,0.57436759152635,-0.311546124707895
0.705720734199717,-0.273077170032927,0.574828466221124,-0.311382945822808
0.705343885012521,-0.273267470051795,0.575288750181387,-0.311219773796062
0.704967029378668,-0.273457500206397,0.57574844221793,-0.311056609564099
0.704590169414082,-0.273647260013576,0.576207541144413,-0.310893454064906
0.704213307238326,-0.273836748991551,0.57666604577737,-0.31073030823801
0.703836444974585,-0.274025966659917,0.577123954936223,-0.310567173024466
0.703459584749646,-0.274214912539649,0.577581267443283,-0.310404049366853
0.703082728693885,-0.274403586153105,0.578037982123762,-0.310240938209266
0.70270587894125,-0.274591987024032,0.578494097805781,-0.310077840497309
0.702329037629243,-0.274780114677564,0.578949613320376,-0.309914757178087
0.701952206898906,-0.274967968640228,0.579404527501508,-0.309751689200197
0.701575386530333,-0.275155545657197,0.579858841505503,-0.309588641000926
0.701198576306435,-0.275342842463963,0.580312556489651,-0.309425617023121
0.700821778377788,-0.275529858574618,0.58076567129375,-0.309262618225942
0.700444994898506,-0.275716593504648,0.581218184760523,-0.309099645570013
0.70006822802622,-0.275903046770929,0.581670095735627,-0.308936700017419
0.699691479922069,-0.276089217891739,0.58212140306766,-0.308773782531697
0.699314752750676,-0.276275106386754,0.582572105608168,-0.308610894077823
0.698938048680136,-0.276460711777055,0.583022202211653,-0.308448035622214
0.698561369881995,-0.276646033585126,0.583471691735579,-0.308285208132711
0.698184718531237,-0.276831071334862,0.583920573040381,-0.308122412578579
0.697808096806262,-0.277015824551571,0.584368844989469,-0.307959649930492
0.697431506888872,-0.277200292761971,0.584816506449237,-0.307796921160532
0.697054950964256,-0.277384475494202,0.585263556289072,-0.30763422724218
0.696678431220965,-0.277568372277819,0.585709993381357,-0.307471569150302
0.6963019498509,-0.277751982643801,0.586155816601478,-0.30730894786115
0.695925509049296,-0.277935306124552,0.586601024827833,-0.307146364352349
0.6955491110147,-0.278118342253904,0.587045616941836,-0.306983819602889
0.695172757948956,-0.278301090567116,0.587489591827928,-0.306821314593121
0.694796452057185,-0.278483550600881,0.587932948373576,-0.306658850304745
0.69442019554777,-0.278665721893326,0.588375685469287,-0.306496427720805
0.694043990632338,-0.278847603984014,0.588817802008609,-0.306334047825678
0.693667839525738,-0.27902919641395,0.589259296888138,-0.306171711605068
0.693291744446029,-0.279210498725578,0.589700169007529,-0.306009420046
0.692915707614456,-0.279391510462785,0.590140417269492,-0.305847174136808
0.692539731255438,-0.279572231170906,0.59058004057981,-0.305684974867129
0.692163818162985,-0.279752662711531,0.591019037456732,-0.305522820580663
0.69178797113733,-0.279932806954694,0.59145740641438,-0.305360709616902
0.691412192416933,-0.280112663460592,0.591895146356955,-0.305198642961107
0.69103648424337,-0.280292231790903,0.592332256191748,-0.305036621599818
0.690660848861307,-0.280471511508784,0.592768734829143,-0.304874646520851
0.690285288518488,-0.280650502178878,0.593204581182622,-0.304712718713285
0.689909805465714,-0.280829203367314,0.59363979416877,-0.304550839167454
0.689534401956822,-0.281007614641709,0.594074372707285,-0.304389008874943
0.68915908024867,-0.281185735571169,0.594508315720977,-0.304227228828576
0.688783842601118,-0.281363565726291,0.594941622135776,-0.304065500022406
0.688408691277006,-0.28154110467917,0.595374290880739,-0.303903823451713
0.688033628542137,-0.281718352003392,0.595806320888051,-0.303742200112988
0.687658656665259,-0.281895307274042,0.596237711093034,-0.30358063100393
0.687283777918045,-0.282071970067707,0.596668460434147,-0.303419117123437
0.686908994575075,-0.282248339962471,0.597098567852997,-0.303257659471593
0.686534308913814,-0.282424416537924,0.597528032294337,-0.303096259049666
0.686159723214596,-0.282600199375158,0.597956852706077,-0.302934916860096
0.685785239760603,-0.282775688056772,0.598385028039283,-0.302773633906484
0.685410860837849,-0.282950882166875,0.598812557248183,-0.302612411193589
0.685036588735153,-0.283125781291081,0.599239439290176,-0.302451249727316
0.68466242574413,-0.283300385016519,0.599665673125828,-0.302290150514706
0.684288374159161,-0.283474692931827,0.600091257718883,-0.302129114563934
0.683914436277385,-0.283648704627158,0.600516192036264,-0.30196814288429
0.683540614398666,-0.283822419694182,0.600940475048077,-0.301807236486179
0.683166910825587,-0.283995837726082,0.601364105727616,-0.301646396381111
0.682793326892303,-0.284168960073672,0.601787084251324,-0.301485621730586
0.682419863925467,-0.284341788090634,0.602209410801323,-0.301324911694489
0.682046524220394,-0.284514321376721,0.602631084364219,-0.301164267283536
0.68167331007502,-0.284686559533188,0.603052103929817,-0.301003689509521
0.681300223789874,-0.284858502162796,0.603472468491126,-0.300843179385311
0.680927267668067,-0.285030148869807,0.603892177044366,-0.300682737924831
0.680554444015265,-0.285201499259991,0.604311228588964,-0.300522366143061
0.680181755139672,-0.285372552940625,0.604729622127563,-0.300362065056025
0.679809203352013,-0.28554330952049,0.605147356666024,-0.300201835680783
0.679436790965507,-0.28571376860988,0.605564431213427,-0.300041679035417
0.679064520295853,-0.285883929820597,0.605980844782079,-0.299881596139031
0.678692393661207,-0.286053792765952,0.606396596387513,-0.299721588011735
0.678320413382161,-0.28622335706077,0.606811685048488,-0.299561655674638
0.677948581781728,-0.286392622321387,0.607226109787003,-0.299401800149842
0.677576901185314,-0.286561588165652,0.607639869628285,-0.299242022460427
0.677205373920704,-0.286730254212928,0.608052963600804,-0.299082323630449
0.676834002318037,-0.286898620084092,0.608465390736269,-0.298922704684924
0.676462788709791,-0.287066685401537,0.608877150069632,-0.298763166649825
0.676091735430755,-0.287234449789171,0.609288240639091,-0.298603710552068
0.675720844818016,-0.28740191287242,0.609698661486092,-0.298444337419507
0.675350119210932,-0.287569074278224,0.610108411655332,-0.298285048280922
0.674979560951119,-0.287735933635045,0.610517490194757,-0.298125844166012
0.674609172382423,-0.287902490572858,0.610925896155571,-0.297966726105383
0.6742389558509,-0.288068744723161,0.611333628592232,-0.297807695130541
0.6738689137048,-0.288234695718967,0.611740686562458,-0.297648752273884
0.673499051857781,-0.288400341824959,0.612147065225545,-0.297489899858248
0.673129376249407,-0.288565681303481,0.612552759735782,-0.297331140219149
0.672759889270045,-0.288730713786322,0.612957769148279,-0.297172474409327
0.672390593312203,-0.288895438906787,0.61336209252143,-0.297013903482396
0.672021490770511,-0.2890598562997,0.613765728916914,-0.296855428492838
0.671652584041696,-0.289223965601407,0.614168677399695,-0.296697050495988
0.671283875524565,-0.28938776644977,0.614570937038025,-0.29653877054803
0.670915367619982,-0.289551258484173,0.614972506903445,-0.296380589705986
0.670547062730846,-0.289714441345517,0.615373386070785,-0.296222509027702
0.670178963262068,-0.289877314676223,0.615773573618163,-0.296064529571846
0.669811071620554,-0.290039878120229,0.616173068626989,-0.295906652397893
0.66944339021518,-0.290202131322994,0.616571870181961,-0.295748878566119
0.66907592145677,-0.290364073931493,0.616969977371072,-0.295591209137586
0.668708667758077,-0.290525705594218,0.617367389285602,-0.29543364517414
0.66834163153376,-0.290687025961179,0.617764105020125,-0.295276187738396
0.667974815200362,-0.290848034683905,0.618160123672505,-0.29511883789373
0.667608221176286,-0.291008731415438,0.618555444343901,-0.294961596704269
0.66724185188178,-0.291169115810337,0.618950066138759,-0.294804465234883
0.666875709738908,-0.291329187524678,0.619343988164818,-0.294647444551173
0.666509797171533,-0.291488946216048,0.619737209533109,-0.294490535719461
0.66614411660529,-0.291648391543552,0.620129729357953,-0.294333739806786
0.66577867046757,-0.291807523167804,0.620521546756962,-0.294177057880886
0.665413461187494,-0.291966340750936,0.620912660851035,-0.294020491010193
0.665048491195893,-0.292124843956586,0.621303070764363,-0.293864040263825
0.664683762925284,-0.292283032449907,0.621692775624425,-0.293707706711571
0.664319279619004,-0.292440905785305,0.622081773705424,-0.293551491519752
0.663955044521075,-0.292598463520899,0.622470063289243,-0.293395395855001
0.663591060067452,-0.292755705329689,0.622857643519831,-0.293239420788534
0.663227328695619,-0.292912630886197,0.623244513544465,-0.293083567392175
0.662863852844562,-0.293069239866465,0.623630672513749,-0.292927836738342
0.66250063495475,-0.293225531948056,0.62401611958161,-0.292772229900039
0.662137677468111,-0.293381506810052,0.624400853905302,-0.292616747950846
0.661774982828007,-0.293537164133053,0.624784874645397,-0.292461391964909
0.661412553479216,-0.293692503599174,0.625168180965788,-0.292306163016929
0.661050391867907,-0.293847524892048,0.625550772033689,-0.292151062182153
0.660688500441615,-0.294002227696819,0.625932647019627,-0.291996090536366
0.660326881649221,-0.294156611700147,0.626313805097448,-0.291841249155873
0.659965537940931,-0.294310676590201,0.626694245444307,-0.291686539117502
0.659604471768249,-0.29446442205666,0.627073967240674,-0.29153196149858
0.659243685583956,-0.294617847790712,0.627452969670323,-0.291377517376932
0.658883181842085,-0.294770953485052,0.62783125192034,-0.29122320783087
0.658522962997905,-0.294923738833881,0.628208813181109,-0.291069033939178
0.658163031507889,-0.295076203532902,0.628585652646322,-0.290914996781108
0.657803389829696,-0.295228347279323,0.628961769512966,-0.290761097436364
0.657444040422149,-0.29538016977185,0.629337162981326,-0.290607336985096
0.657084985745208,-0.295531670710688,0.62971183225498,-0.290453716507889
0.65672622825995,-0.295682849797541,0.630085776540799,-0.290300237085751
0.656367770428544,-0.295833706735606,0.630458995048941,-0.290146899800106
0.65600961471423,-0.295984241229575,0.630831486992849,-0.289993705732782
0.655651763581294,-0.296134452985632,0.631203251589248,-0.289840655965997
0.655294217321497,-0.29628434078941,0.631574290302029,-0.289687752550015
0.654936976214825,-0.296433903426079,0.631944604605728,-0.289534997532024
0.654580042709387,-0.296583140603349,0.632314193737954,-0.289382391990171
0.65422341925422,-0.296732052030408,0.632683056939581,-0.289229937002944
0.653867108299272,-0.296880637417922,0.63305119345475,-0.289077633649152
0.653511112295374,-0.297028896478028,0.63341860253086,-0.288925483007921
0.653155433694218,-0.297176828924338,0.633785283418567,-0.288773486158681
0.652800074948338,-0.297324434471932,0.634151235371781,-0.288621644181158
0.652445038511079,-0.297471712837354,0.634516457647658,-0.288469958155358
0.652090326836581,-0.29761866373862,0.634880949506603,-0.288318429161566
0.65173594237975,-0.297765286895205,0.63524471021226,-0.288167058280327
0.651381887596238,-0.297911582028042,0.635607739031511,-0.288015846592442
0.651028164942419,-0.298057548859528,0.635970035234473,-0.287864795178952
0.650674776875363,-0.298203187113511,0.636331598094491,-0.287713905121133
0.650321725852817,-0.298348496515294,0.636692426888134,-0.287563177500483
0.649969014333178,-0.298493476791633,0.637052520895194,-0.287412613398711
0.649616644775471,-0.298638127670728,0.63741187939868,-0.287262213897728
0.649264619639324,-0.298782448882228,0.637770501684809,-0.287111980079638
0.648912941384946,-0.298926440157225,0.638128387043008,-0.286961913026722
0.648561612473103,-0.299070101228249,0.638485534765907,-0.286812013821437
0.648210635365093,-0.299213431829271,0.638841944149333,-0.286662283546395
0.647860012522726,-0.299356431695695,0.639197614492305,-0.28651272328436
0.647509746408296,-0.299499100564358,0.639552545097032,-0.286363334118237
0.64715983948456,-0.299641438173527,0.639906735268905,-0.286214117131057
0.646810294214712,-0.299783444262895,0.640260184316493,-0.286065073405971
0.646461111929362,-0.299925116914541,0.640612892726419,-0.285916205695901
0.646112293959692,-0.300066454208727,0.640964860987806,-0.285767516753791
0.645763842770382,-0.300207455884551,0.641316088417697,-0.285619007662971
0.645415760826497,-0.300348121682527,0.641666574336258,-0.285470679506853
0.645068050593471,-0.300488451344582,0.642016318066776,-0.285322533368914
0.644720714537079,-0.300628444614053,0.64236531893565,-0.28517457033269
0.644373755123414,-0.300768101235685,0.642713576272388,-0.285026791481763
0.644027174818866,-0.300907420955624,0.643061089409597,-0.284879197899753
0.643680976090092,-0.30104640352142,0.643407857682984,-0.284731790670305
0.643335161404001,-0.301185048682016,0.64375388043134,-0.28458457087708
0.642989733227723,-0.301323356187752,0.644099156996544,-0.284437539603746
0.642644694028588,-0.301461325790359,0.644443686723551,-0.284290697933963
0.642300046274103,-0.301598957242954,0.644787468960387,-0.284144046951378
0.641955792431926,-0.301736250300038,0.645130503058143,-0.283997587739611
0.641611934969845,-0.301873204717493,0.645472788370969,-0.283851321382246
0.641268476355753,-0.302009820252579,0.645814324256066,-0.283705248962821
0.640925419057623,-0.302146096663928,0.646155110073682,-0.283559371564813
0.640582765543483,-0.302282033711544,0.6464951451871,-0.283413690271636
0.640240518281398,-0.302417631156795,0.646834428962638,-0.283268206166623
0.639898679739442,-0.302552888762414,0.647172960769639,-0.283122920333018
0.639557252385671,-0.302687806292493,0.647510739980462,-0.282977833853968
0.639216238688104,-0.302822383512479,0.647847765970479,-0.282832947812507
0.6388756411147,-0.302956620189172,0.648184038118065,-0.282688263291552
0.638535462133329,-0.303090516090718,0.648519555804591,-0.282543781373886
0.638195704211751,-0.30322407098661,0.648854318414418,-0.282399503142155
0.637856370370096,-0.303357286638394,0.649188324717364,-0.282255427711036
0.637517463635132,-0.303490164813849,0.649521573477359,-0.282111554192639
0.637178986484371,-0.303622705293836,0.649854064074387,-0.281967883665508
0.636840941395159,-0.303754907860571,0.650185795891376,-0.281824417208021
0.636503330844662,-0.303886772297619,0.650516768314195,-0.281681155898369
0.636166157309831,-0.304018298389887,0.650846980731641,-0.281538100814555
0.635829423267383,-0.304149485923629,0.651176432535436,-0.281395253034379
0.635493131193778,-0.304280334686431,0.651505123120214,-0.281252613635423
0.635157283565191,-0.304410844467216,0.651833051883516,-0.28111018369505
0.634821882857494,-0.304541015056235,0.652160218225783,-0.280967964290386
0.634486931546224,-0.304670846245065,0.652486621550345,-0.280825956498309
0.634152432106567,-0.304800337826602,0.652812261263413,-0.280684161395444
0.633818387013329,-0.304929489595064,0.653137136774073,-0.280542580058147
0.633484798740911,-0.305058301345978,0.653461247494274,-0.280401213562498
0.63315166976329,-0.305186772876182,0.653784592838822,-0.280260062984286
0.632819002553991,-0.305314903983816,0.65410717222537,-0.280119129399002
0.632486799586063,-0.305442694468325,0.654428985074411,-0.279978413881829
0.632155063332057,-0.305570144130446,0.654750030809267,-0.279837917507626
0.631823796263998,-0.30569725277221,0.655070308856082,-0.279697641350923
0.631493000853367,-0.305824020196936,0.655389818643811,-0.279557586485908
0.631162679571071,-0.305950446209223,0.655708559604212,-0.279417753986413
0.630832834887421,-0.306076530614953,0.656026531171839,-0.27927814492591
0.63050346927211,-0.306202273221278,0.656343732784026,-0.279138760377497
0.630174585194183,-0.306327673836625,0.656660163880889,-0.278999601413883
0.629846185122022,-0.30645273227068,0.656975823905303,-0.278860669107385
0.629518273514424,-0.306577449553553,0.657290710290928,-0.278721963436512
0.629190854838616,-0.306701826716769,0.657604820469343,-0.278583484384001
0.628863931574537,-0.306825863574022,0.657918153884443,-0.278445233027892
0.628537506201342,-0.306949559940249,0.658230709982879,-0.278307210445796
0.628211581197377,-0.30707291563162,0.658542488214047,-0.278169417714887
0.627886159040157,-0.307195930465538,0.658853488030079,-0.278031855911889
0.627561242206341,-0.307318604260631,0.659163708885833,-0.277894526113065
0.627236833171708,-0.307440936836748,0.659473150238879,-0.277757429394209
0.626912934411129,-0.307562928014956,0.659781811549495,-0.27762056683063
0.626589548398548,-0.307684577617532,0.660089692280653,-0.277483939497148
0.626266677606954,-0.307805885467958,0.660396791898009,-0.277347548468076
0.625944324508356,-0.307926851390921,0.660703109869892,-0.277211394817215
0.625622491573761,-0.3080474752123,0.661008645667295,-0.277075479617838
0.625301181273149,-0.308167756759169,0.661313398763864,-0.276939803942684
0.624980396075448,-0.308287695859785,0.661617368635886,-0.276804368863945
0.624660138448508,-0.308407292343588,0.661920554762281,-0.276669175453252
0.62434041085908,-0.308526546041193,0.662222956624586,-0.27653422478167
0.624021215772787,-0.308645456784387,0.662524573706951,-0.276399517919683
0.623702555654106,-0.308764024406119,0.662825405496122,-0.276265055937185
0.623384432966337,-0.308882248740501,0.663125451481434,-0.276130839903467
0.623066850171581,-0.309000129622799,0.663424711154798,-0.275996870887209
0.622749809730717,-0.309117666889429,0.663723184010689,-0.275863149956467
0.622433314103377,-0.30923486037795,0.664020869546137,-0.275729678178663
0.622117365747918,-0.309351709927061,0.664317767260714,-0.275596456620574
0.621801967121402,-0.309468215376592,0.664613876656522,-0.275463486348319
0.621487119083692,-0.309584377975511,0.664909198679917,-0.275330766964754
0.621172822480126,-0.309700198974895,0.665203734285423,-0.275198298068343
0.620859079743924,-0.309815678219428,0.665497482991202,-0.275066080717593
0.620545893306856,-0.309930815554898,0.66579044431795,-0.274934115970314
0.620233265599222,-0.310045610828198,0.66608261778888,-0.274802404883594
0.619921199049822,-0.310160063887317,0.66637400292972,-0.274670948513797
0.619609696085938,-0.310274174581335,0.66666459926869,-0.274539747916546
0.619298759133304,-0.310387942760417,0.666954406336501,-0.274408804146717
0.618988390616082,-0.31050136827581,0.66724342366634,-0.274278118258429
0.61867859295684,-0.310614450979834,0.667531650793852,-0.274147691305024
0.618369368576526,-0.310727190725879,0.667819087257141,-0.274017524339068
0.61806071989444,-0.310839587368395,0.668105732596746,-0.273887618412331
0.617752649328215,-0.310951640762894,0.668391586355635,-0.273757974575781
0.617445159293788,-0.311063350765938,0.668676648079193,-0.273628593879571
0.617138252205377,-0.311174717235134,0.668960917315211,-0.273499477373028
0.616831930475456,-0.31128574002913,0.669244393613868,-0.273370626104643
0.616526196514731,-0.311396419007609,0.669527076527728,-0.273242041122061
0.616221052732114,-0.311506754031282,0.669808965611721,-0.273113723472066
0.615916501534697,-0.311616744961884,0.670090060423133,-0.272985674200575
0.615612545327733,-0.311726391662165,0.670370360521592,-0.272857894352623
0.615309186514605,-0.311835693995888,0.670649865469061,-0.272730384972355
0.615006427496803,-0.31194465182782,0.670928574829819,-0.272603147103013
0.614704270673902,-0.312053265023729,0.671206488170454,-0.272476181786928
0.614402718443534,-0.312161533450373,0.671483605059846,-0.272349490065504
0.614101773201365,-0.312269456975501,0.671759925069157,-0.272223072979212
0.613801435903185,-0.312377036050655,0.672035449085068,-0.27209693089858
0.613501707496084,-0.312484271127489,0.672310177998082,-0.271971064191576
0.613202590359678,-0.312591162075365,0.672584111388473,-0.271845473893408
0.61290408687155,-0.312697708764596,0.672857248838734,-0.271720161038326
0.612606199407221,-0.312803911066435,0.673129589933566,-0.271595126659614
0.612308930340134,-0.312909768853065,0.673401134259863,-0.271470371789577
0.612012282041621,-0.313015281997603,0.673671881406705,-0.27134589745953
0.611716256880882,-0.313120450374086,0.673941830965339,-0.271221704699788
0.611420857225548,-0.313225273857239,0.674210982528634,-0.271097794539918
0.611126085443038,-0.313329752321935,0.67447933568982,-0.270974168009355
0.61083194389898,-0.313433885643798,0.674746890043888,-0.270850826136687
0.610538434956789,-0.313537673699341,0.67501364518794,-0.270727769949464
0.610245560977638,-0.313641116365972,0.675279600721181,-0.270605000474191
0.609953324320441,-0.313744213521979,0.675544756244898,-0.270482518736312
0.609661727341821,-0.313846965046525,0.675809111362453,-0.270360325760205
0.609370772396091,-0.313949370819647,0.676072665679266,-0.270238422569164
0.609080461835226,-0.314051430722243,0.676335418802805,-0.270116810185397
0.60879079800884,-0.314153144636069,0.676597370342571,-0.269995489630007
0.608501783264161,-0.314254512443733,0.676858519910082,-0.269874461922985
0.608213419946008,-0.314355534028685,0.677118867118866,-0.269753728083201
0.607925710396763,-0.314456209275216,0.67737841158444,-0.269633289128387
0.607638656956352,-0.314556538068449,0.677637152924304,-0.269513146075134
0.607352261962214,-0.314656520294328,0.677895090757921,-0.269393299938875
0.607066527749282,-0.314756155839621,0.678152224706707,-0.269273751733877
0.606781456649955,-0.314855444591905,0.678408554394018,-0.26915450247323
0.606497050458899,-0.314954387817519,0.678664079812975,-0.269035551834241
0.606213310972781,-0.31505298678365,0.678918800951171,-0.268916899493401
0.605930240523188,-0.315151241380342,0.679172717426503,-0.268798546460805
0.605647841439165,-0.315249151498423,0.679425828858717,-0.268680493745359
0.605366116047184,-0.315346717029499,0.6796781348694,-0.268562742354776
0.605085066671122,-0.315443937865943,0.679929635081962,-0.268445293295561
0.60480469563224,-0.315540813900894,0.680180329121622,-0.268328147572999
0.604525005249153,-0.315637345028245,0.680430216615394,-0.268211306191146
0.604245997837809,-0.315733531142642,0.680679297192074,-0.26809477015282
0.603967675711469,-0.315829372139472,0.680927570482222,-0.267978540459588
0.603690041180673,-0.315924867914862,0.681175036118156,-0.267862618111754
0.603413096553225,-0.316020018365665,0.681421693733927,-0.267747004108353
0.603136844134166,-0.316114823389461,0.681667542965314,-0.267631699447134
0.602861286225746,-0.316209282884544,0.681912583449802,-0.267516705124554
0.602586425127407,-0.316303396749922,0.682156814826574,-0.267402022135767
0.602312263135752,-0.316397164885302,0.682400236736492,-0.26728765147461
0.602038802544526,-0.316490587191089,0.682642848822084,-0.267173594133593
0.601766045644589,-0.316583663568381,0.682884650727532,-0.267059851103894
0.601493994723894,-0.316676393918954,0.683125642098651,-0.266946423375338
0.601222652067461,-0.316768778145263,0.683365822582882,-0.266833311936397
0.600952019957354,-0.316860816150434,0.683605191829272,-0.26672051777417
0.600682100672655,-0.316952507838253,0.683843749488461,-0.26660804187438
0.600412896489447,-0.317043853113163,0.684081495212667,-0.266495885221356
0.600144409680777,-0.317134851880255,0.684318428655672,-0.266384048798029
0.599876642516647,-0.317225504045265,0.684554549472808,-0.266272533585918
0.599609596413774,-0.317315806332697,0.684789858440284,-0.26616134339396
0.599343272782557,-0.317405755457471,0.68502435634157,-0.266050482035992
0.59907767387884,-0.317495351311854,0.685258042845181,-0.265939950498742
0.598812801955282,-0.317584593788677,0.685490917621154,-0.265829749767503
0.598548659261342,-0.317673482781329,0.685722980341031,-0.265719880826117
0.598285248043248,-0.317762018183749,0.685954230677839,-0.265610344656971
0.598022570543974,-0.317850199890422,0.686184668306085,-0.265501142240979
0.597760629003221,-0.317938027796365,0.686414292901733,-0.265392274557581
0.597499425657383,-0.318025501797128,0.686643104142192,-0.265283742584722
0.597238962739533,-0.318112621788777,0.686871101706304,-0.265175547298852
0.596979242479393,-0.318199387667893,0.687098285274322,-0.265067689674909
0.596720267103311,-0.318285799331564,0.687324654527904,-0.264960170686312
0.596462038834236,-0.318371856677374,0.687550209150088,-0.264852991304945
0.596204559891698,-0.318457559603399,0.687774948825288,-0.264746152501158
0.595947832491777,-0.318542908008196,0.687998873239271,-0.264639655243745
0.595691858847086,-0.318627901790798,0.688221982079143,-0.264533500499941
0.595436641166742,-0.318712540850705,0.688444275033338,-0.264427689235408
0.595182181656344,-0.318796825087877,0.688665751791598,-0.264322222414227
0.594928482517947,-0.318880754402727,0.688886412044963,-0.264217100998888
0.594675545950042,-0.318964328696111,0.689106255485752,-0.264112325950275
0.594423374147526,-0.319047547869322,0.689325281807548,-0.264007898227663
0.594171969301683,-0.319130411824081,0.689543490705185,-0.263903818788705
0.593921333600158,-0.319212920462533,0.689760881874731,-0.263800088589417
0.593671469226932,-0.319295073687232,0.689977455013475,-0.263696708584175
0.593422378362301,-0.319376871401142,0.690193209819912,-0.263593679725703
0.593174065598325,-0.31945831399655,0.690408143752602,-0.263491002806778
0.592926535531144,-0.31953940187658,0.690622254267789,-0.263388678612938
0.592679790341582,-0.319620134961086,0.690835541062181,-0.263286708083488
0.592433832206704,-0.319700513170355,0.691048003833551,-0.263185092155987
0.592188663299789,-0.31978053642511,0.691259642280723,-0.263083831766236
0.591944285790315,-0.319860204646495,0.691470456103549,-0.262982927848267
0.591700701843925,-0.319939517756073,0.691680445002899,-0.262882381334333
0.591457913622412,-0.320018475675814,0.691889608680644,-0.262782193154897
0.59121592328369,-0.320097078328093,0.692097946839636,-0.262682364238623
0.590974732981776,-0.320175325635678,0.692305459183697,-0.262582895512362
0.59073434486676,-0.320253217521725,0.692512145417601,-0.262483787901146
0.590494761084787,-0.320330753909771,0.692718005247056,-0.262385042328173
0.590255983778034,-0.320407934723725,0.69292303837869,-0.2622866597148
0.59001801508468,-0.320484759887865,0.693127244520034,-0.262188640980531
0.58978085713889,-0.320561229326825,0.693330623379506,-0.262090987043004
0.589544512070791,-0.32063734296559,0.693533174666396,-0.261993698817987
0.589308982006443,-0.320713100729491,0.693734898090847,-0.26189677721936
0.589074269067823,-0.320788502544195,0.693935793363841,-0.26180022315911
0.588840375372794,-0.3208635483357,0.694135860197183,-0.261704037547318
0.588607303035091,-0.320938238030323,0.694335098303482,-0.261608221292147
0.588375054164291,-0.321012571554701,0.69453350739614,-0.261512775299835
0.58814363086579,-0.321086548835775,0.694731087189329,-0.261417700474683
0.587913035240783,-0.321160169800787,0.694927837397979,-0.261322997719044
0.587683269386239,-0.321233434377276,0.695123757737763,-0.261228667933312
0.58745433539488,-0.321306342493062,0.695318847925077,-0.261134712015913
0.58722623431203,-0.321378893434527,0.695513108689105,-0.261041131303341
0.586998967171456,-0.321451086484212,0.695706540765235,-0.260947927131513
0.586772536042076,-0.321522921564559,0.695899143880235,-0.26085510039502
0.58654694298843,-0.321594398598232,0.696090917761579,-0.26076265198646
0.586322190070657,-0.32166551750811,0.696281862137424,-0.260670582796431
0.586098279344472,-0.321736278217278,0.696471976736598,-0.260578893713516
0.585875212861143,-0.321806680649022,0.696661261288585,-0.260487585624279
0.585652992667468,-0.321876724726818,0.696849715523509,-0.260396659413249
0.585431620805748,-0.32194641037433,0.697037339172115,-0.260306115962913
0.585211099313766,-0.322015737515395,0.697224131965757,-0.260215956153705
0.584991430224765,-0.322084706074021,0.697410093636382,-0.260126180863995
0.584772615567422,-0.322153315974378,0.697595223916514,-0.260036790970081
0.584554657365825,-0.322221567140789,0.697779522539236,-0.259947787346176
0.584337557639451,-0.322289459497726,0.697962989238178,-0.259859170864398
0.584121318403139,-0.322356992969798,0.698145623747498,-0.259770942394764
0.583905941667073,-0.322424167481747,0.698327425801873,-0.259683102805173
0.58369142943675,-0.322490982958436,0.698508395136471,-0.259595652961403
0.583477783712965,-0.322557439324849,0.698688531486949,-0.259508593727094
0.583265006491781,-0.322623536506076,0.698867834589429,-0.259421925963743
0.58305309976451,-0.322689274427309,0.699046304180485,-0.259335650530693
0.582842065517687,-0.322754653013834,0.699223939997129,-0.259249768285118
0.582631905733048,-0.322819672191022,0.699400741776791,-0.259164280082021
0.582422622387504,-0.322884331884327,0.699576709257309,-0.259079186774217
0.582214217453123,-0.322948632019269,0.699751842176909,-0.258994489212325
0.582006692897101,-0.323012572521435,0.699926140274192,-0.25891018824476
0.581800048663494,-0.3230761520859,0.70009960523335,-0.258826285528792
0.58159428468584,-0.323139369404692,0.700272238741658,-0.258742782719152
0.581389402908168,-0.323202224398896,0.700444040542888,-0.25865968065712
0.581185405269541,-0.323264716989631,0.700615010381158,-0.25857698018173
0.580982293704028,-0.323326847098042,0.700785148000925,-0.258494682129766
0.58078007014068,-0.323388614645293,0.700954453146959,-0.258412787335752
0.580578736503509,-0.323450019552561,0.701122925564339,-0.258331296631941
0.580378294711463,-0.323511061741023,0.70129056499843,-0.258250210848303
0.580178746678401,-0.323571741131854,0.701457371194875,-0.258169530812519
0.579980094313069,-0.323632057646218,0.701623343899573,-0.25808925734997
0.579782339519082,-0.323692011205257,0.701788482858673,-0.258009391283723
0.579585484194891,-0.32375160173009,0.701952787818551,-0.257929933434527
0.579389530233768,-0.323810829141797,0.7021162585258,-0.257850884620798
0.579194479523775,-0.32386969336142,0.702278894727215,-0.257772245658614
0.579000333947746,-0.323928194309948,0.702440696169779,-0.2576940173617
0.57880709538326,-0.323986331908315,0.702601662600645,-0.257616200541421
0.578614765702619,-0.32404410607739,0.702761793767128,-0.257538796006774
0.578423346772822,-0.324101516737967,0.702921089416681,-0.257461804564372
0.578232840455544,-0.324158563810764,0.703079549296892,-0.257385227018441
0.578043248607111,-0.324215247216407,0.703237173155463,-0.257309064170806
0.577854573078474,-0.324271566875431,0.703393960740192,-0.257233316820881
0.577666815715192,-0.324327522708266,0.703549911798969,-0.257157985765663
0.577479978357397,-0.324383114635232,0.703705026079754,-0.257083071799717
0.577294062839783,-0.32443834257653,0.703859303330566,-0.257008575715171
0.577109070991573,-0.324493206452237,0.704012743299468,-0.256934498301702
0.576924999979286,-0.324547706391449,0.704165349763139,-0.256860839498561
0.576741846949549,-0.324601842525807,0.704317126502944,-0.256787599234679
0.576559613693457,-0.324655614779062,0.70446807327406,-0.256714778280517
0.576378301996534,-0.324709023074885,0.704618189831741,-0.256642377404017
0.57619791363871,-0.324762067336865,0.704767475931306,-0.256570397370588
0.57601845039429,-0.324814747488498,0.704915931328118,-0.256498838943094
0.575839914031937,-0.324867063453188,0.705063555777585,-0.256427702881849
0.575662306314642,-0.324919015154231,0.705210349035135,-0.256356989944599
0.575485628999699,-0.324970602514814,0.705356310856211,-0.256286700886518
0.575309883838681,-0.325021825458009,0.705501440996258,-0.256216836460196
0.575135072577416,-0.325072683906763,0.705645739210708,-0.256147397415623
0.57496119695596,-0.325123177783895,0.705789205254972,-0.256078384500188
0.574788258708574,-0.325173307012088,0.705931838884425,-0.256009798458658
0.574616259563694,-0.325223071513881,0.706073639854395,-0.255941640033178
0.574445201243912,-0.325272471211667,0.706214607920152,-0.255873909963252
0.574275085465948,-0.325321506027681,0.706354742836897,-0.255806608985737
0.574105913940622,-0.325370175883998,0.706494044359747,-0.25573973783483
0.573937688372834,-0.325418480702526,0.706632512243727,-0.255673297242061
0.573770410461532,-0.325466420404997,0.706770146243759,-0.255607287936276
0.573604081899694,-0.325513994912963,0.706906946114648,-0.255541710643636
0.573438704374295,-0.325561204147791,0.707042911611072,-0.255476566087595
0.573274279566286,-0.325608048030652,0.707178042487571,-0.2554118549889
0.57311080915057,-0.325654526482521,0.707312338498538,-0.255347578065573
0.57294829479597,-0.325700639424165,0.707445799398203,-0.255283736032904
0.572786738165207,-0.325746386776142,0.70757842494063,-0.25522032960344
0.572626151856978,-0.325791764446273,0.707710206036156,-0.255157364582555
0.572466548540883,-0.325836768327244,0.707841133547871,-0.255094846802932
0.57230792997732,-0.325881398316379,0.707971207158097,-0.255032777014139
0.572150297921201,-0.325925654310522,0.708100426548186,-0.254971155963213
0.571993654121941,-0.325969536206021,0.708228791398495,-0.254909984394661
0.571838000323448,-0.326013043898723,0.70835630138837,-0.254849263050453
0.571683338264106,-0.326056177283959,0.708482956196112,-0.254788992670009
0.571529669676763,-0.326098936256539,0.708608755498965,-0.254729173990206
0.571376996288723,-0.326141320710737,0.708733698973086,-0.254669807745362
0.571225319821729,-0.326183330540282,0.708857786293527,-0.25461089466724
0.571074641991958,-0.326224965638349,0.708981017134207,-0.254552435485032
0.570924964510001,-0.326266225897548,0.709103391167889,-0.254494430925364
0.570776289080862,-0.32630711120991,0.709224908066159,-0.254436881712286
0.57062861740394,-0.32634762146688,0.709345567499402,-0.254379788567269
0.570481951173022,-0.326387756559306,0.709465369136776,-0.254323152209199
0.570336292076272,-0.326427516377425,0.709584312646186,-0.254266973354376
0.570191641796221,-0.326466900810856,0.709702397694265,-0.254211252716505
0.57004800200976,-0.326505909748588,0.709819623946346,-0.254155991006695
0.56990537438813,-0.326544543078963,0.709935991066435,-0.254101188933454
0.569763760596911,-0.326582800689675,0.710051498717191,-0.254046847202687
0.569623162296016,-0.32662068246775,0.710166146559896,-0.253992966517689
0.569483581139686,-0.32665818829954,0.710279934254433,-0.253939547579144
0.569345018776475,-0.326695318070707,0.710392861459257,-0.253886591085122
0.569207476849252,-0.326732071666215,0.710504927831371,-0.253834097731076
0.569070956995188,-0.326768448970316,0.710616133026301,-0.253782068209837
0.568935453448522,-0.326804455198728,0.710726482204319,-0.253730497506825
0.568800960342809,-0.326840095609217,0.710835980587941,-0.253679380551192
0.568667479154507,-0.326875370148569,0.710944627924674,-0.253628717946807
0.568535011352848,-0.326910278763565,0.711052423961683,-0.25357851029407
0.568403558399799,-0.326944821400989,0.711159368445785,-0.253528758189901
0.568273121750035,-0.326978998007624,0.711265461123446,-0.253479462227715
0.5681437028509,-0.327012808530257,0.711370701740778,-0.25343062299741
0.568015303142379,-0.327046252915686,0.711475090043531,-0.253382241085341
0.567887924057057,-0.327079331110715,0.7115786257771,-0.253334317074311
0.567761567020092,-0.327112043062165,0.711681308686512,-0.253286851543539
0.567636233449175,-0.327144388716874,0.71178313851643,-0.253239845068655
0.567511924754496,-0.327176368021703,0.711884115011149,-0.25319329822167
0.567388642338712,-0.327207980923536,0.711984237914595,-0.253147211570957
0.567266387596905,-0.327239227369291,0.712083506970321,-0.253101585681236
0.567145161916554,-0.327270107305921,0.712181921921512,-0.25305642111355
0.56702496667749,-0.327300620680417,0.71227948251098,-0.253011718425245
0.566905803251865,-0.327330767439822,0.712376188481164,-0.252967478169948
0.566787673004114,-0.327360547531226,0.712472039574133,-0.252923700897546
0.566670577290915,-0.327389960901783,0.712567035531584,-0.252880387154167
0.566554517461151,-0.327419007498707,0.712661176094844,-0.252837537482151
0.566439494855873,-0.32744768726929,0.712754461004873,-0.252795152420037
0.566325510808262,-0.327476000160902,0.712846890002264,-0.252753232502531
0.566212566643584,-0.327503946121,0.712938462827248,-0.252711778260491
0.566100663679155,-0.327531525097139,0.713029179219694,-0.252670790220896
0.5659898032243,-0.327558737036978,0.713119038919116,-0.252630268906825
0.565879982867463,-0.327585582398267,0.713208044738067,-0.252590213815998
0.565771200203655,-0.327612061613542,0.713296199476749,-0.252550624464614
0.565663456540326,-0.327638174592451,0.713383502855456,-0.252511501397969
0.565556753177304,-0.327663921244259,0.713469954593917,-0.252472845157921
0.565451091406762,-0.327689301477852,0.713555554411289,-0.252434656282882
0.56534647251318,-0.327714315201732,0.713640302026164,-0.252396935307798
0.565242897773316,-0.327738962324019,0.713724197156565,-0.252359682764139
0.565140368456167,-0.327763242752446,0.713807239519948,-0.252322899179882
0.565038885822934,-0.327787156394362,0.713889428833206,-0.252286585079496
0.564938451126991,-0.327810703156731,0.713970764812667,-0.252250740983928
0.564839065613843,-0.327833882946132,0.714051247174099,-0.252215367410587
0.564740730521092,-0.327856695668752,0.714130875632711,-0.252180464873328
0.564643447078402,-0.327879141230398,0.714209649903159,-0.252146033882439
0.564547216507457,-0.327901219536487,0.714287569699546,-0.252112074944623
0.564452040021928,-0.327922930492052,0.71436463473543,-0.252078588562982
0.56435791882743,-0.327944274001737,0.714440844723827,-0.252045575237001
0.564264854121487,-0.327965249969806,0.714516199377215,-0.252013035462533
0.564172847093488,-0.327985858300136,0.714590698407545,-0.25198096973178
0.564081898924648,-0.328006098896221,0.714664341526244,-0.25194937853328
0.56399201078797,-0.328025971661176,0.714737128444221,-0.251918262351885
0.563903183848198,-0.328045476497736,0.714809058871879,-0.251887621668746
0.563815419261779,-0.328064613308257,0.714880132519121,-0.251857456961296
0.563728718176819,-0.328083381994721,0.714950349095361,-0.251827768703231
0.563643081733035,-0.328101782458734,0.715019708309533,-0.25179855736449
0.563558511061715,-0.328119814601536,0.715088209870103,-0.251769823411243
0.563475004463798,-0.328137474758709,0.715155856444374,-0.251741569862457
0.563392560237177,-0.328154759233778,0.715222650698574,-0.251713799759422
0.56331117949608,-0.328171667878749,0.715288592338781,-0.251686513596618
0.563230863346534,-0.328188200544448,0.715353681070502,-0.251659711865442
0.563151612886328,-0.328204357080504,0.71541791659868,-0.251633395054205
0.563073429204972,-0.328220137335324,0.715481298627702,-0.251607563648138
0.56299631338366,-0.328235541156075,0.715543826861417,-0.251582218129393
0.562920266495227,-0.328250568388655,0.715605501003143,-0.25155735897705
0.562845289604112,-0.328265218877676,0.715666320755681,-0.251532986667119
0.562771383766313,-0.328279492466431,0.715726285821333,-0.251509101672549
0.562698550029343,-0.328293388996877,0.71578539590191,-0.251485704463229
0.562626789432192,-0.3283069083096,0.715843650698757,-0.251462795505999
0.562556103005281,-0.328320050243794,0.715901049912761,-0.251440375264656
0.562486491770412,-0.328332814637226,0.715957593244377,-0.251418444199962
0.56241795674073,-0.328345201326212,0.716013280393643,-0.251397002769656
0.562350498920668,-0.328357210145582,0.7160681110602,-0.251376051428459
0.562284119305905,-0.328368840928645,0.716122084943318,-0.251355590628091
0.562218818883312,-0.328380093507161,0.716175201741916,-0.251335620817278
0.562154598630907,-0.328390967711302,0.716227461154587,-0.251316142441771
0.562091459517794,-0.328401463369614,0.716278862879627,-0.251297155944355
0.562029402504119,-0.328411580308979,0.716329406615056,-0.251278661764867
0.561968428541011,-0.328421318354576,0.716379092058658,-0.251260660340217
0.561908538570525,-0.328430677329834,0.716427918908001,-0.251243152104399
0.561849733525586,-0.328439657056392,0.716475886860479,-0.251226137488516
0.561792014329927,-0.328448257354048,0.71652299561334,-0.251209616920804
0.561735375390737,-0.328456485012753,0.71656924919825,-0.251193583897262
0.561679811105952,-0.32846434691214,0.716614651627844,-0.251178031833733
0.561625322372034,-0.328471843006066,0.716659202570013,-0.251162961032117
0.561571910076807,-0.328478973249707,0.716702901691667,-0.251148371788968
0.56151957509943,-0.328485737599622,0.716745748658727,-0.251134264395421
0.561468318310367,-0.328492136013839,0.71678774313611,-0.25112063913712
0.561418140571367,-0.328498168451936,0.71682888478772,-0.25110749629413
0.561369042735433,-0.328503834875126,0.716869173276432,-0.251094836140858
0.561321025646804,-0.328509135246355,0.716908608264077,-0.251082658945964
0.561274090140932,-0.328514069530395,0.716947189411426,-0.251070964972264
0.56122823704446,-0.328518637693953,0.716984916378165,-0.25105975447664
0.561183467175209,-0.328522839705783,0.717021788822877,-0.251049027709929
0.561139781342155,-0.3285266755368,0.717057806403015,-0.25103878491682
0.561097180345425,-0.32853014516021,0.717092968774869,-0.251029026335739
0.561055664976283,-0.328533248551645,0.71712727559354,-0.251019752198728
0.561015236017126,-0.328535985689303,0.717160726512895,-0.251010962731317
0.560975894241484,-0.328538356554104,0.717193321185529,-0.251002658152392
0.560937640414021,-0.328540361129856,0.717225059262714,-0.250994838674047
0.560900475290548,-0.328541999403423,0.717255940394346,-0.250987504501439
0.56086439961804,-0.328543271364925,0.717285964228881,-0.250980655832624
0.560829414134656,-0.328544177007928,0.717315130413263,-0.250974292858383
0.560795519569781,-0.328544716329671,0.717343438592844,-0.250968415762045
0.560762716644061,-0.328544889331296,0.717370888411291,-0.250963024719288
0.560731006069469,-0.3285446960181,0.717397479510479,-0.250958119897936
0.560700388549369,-0.32854413639981,0.717423211530372,-0.250953701457732
0.56067087181092,-0.328543203187718,0.717448079409734,-0.250949776834371
0.560642463792884,-0.328541888871464,0.717472077939679,-0.250946353681289
0.560615165512928,-0.328540193125486,0.717495206528971,-0.250943432482162
0.560588977993939,-0.328538115615353,0.717517464574801,-0.250941013725883
0.560563902265125,-0.328535655997132,0.717538851461939,-0.250939097907262
0.56053993936326,-0.328532813916707,0.717559366561789,-0.250937685527797
0.560517090334064,-0.328529589009006,0.717579009231326,-0.250936777096536
0.56049535623376,-0.328525980897147,0.717597778811916,-0.250936373131042
0.560474738130827,-0.328521989191485,0.717615674627976,-0.250936474158472
0.560455237107977,-0.328517613488542,0.717632695985467,-0.250937080716789
0.560436854264405,-0.328512853369798,0.717648842170188,-0.250938193356134
0.560419590718343,-0.328507708400332,0.717664112445829,-0.250939812640378
0.560403447609993,-0.328502178127276,0.717678506051744,-0.25094193914889
0.560388426104888,-0.328496262078054,0.7176920222004,-0.250944573478554
0.560374527397776,-0.32848995975836,0.717704660074422,-0.250947716246092
0.560361752717133,-0.328483270649838,0.717716418823168,-0.250951368090741
0.560350103330435,-0.32847619420739,0.717727297558728,-0.250955529677361
0.560339580550346,-0.328468729856038,0.717737295351218,-0.250960201700074
0.560330185742046,-0.32846087698725,0.717746411223216,-0.25096538488653
0.560321920331968,-0.328452634954594,0.717754644143121,-0.250971080002979
0.560314785818293,-0.328444003068566,0.71776199301717,-0.250977287860308
0.560308783783683,-0.328434980590374,0.717768456679758,-0.250984009321328
