gps_time,gps_lat,gps_lon,gps_alt,gps_vn,gps_ve,gps_vu
0.0,42.27405,-71.81174,10.0,1.414213562373101e-10,1.0000000000000029e-10,2.3241868635225017e-26
0.001,42.2740499999999,-71.81174,10.0000000102445,-1.690665215584386e-05,9.816724433641441e-11,1.8597237523377657e-05
0.002,42.2740499999997,-71.81174,10.0000000381842,-3.38134457330436e-05,9.266894947618478e-11,3.7194475046755185e-05
0.003,42.2740499999993,-71.81174,10.000000083819,-5.0720239310242394e-05,8.350511522395274e-11,5.579171257013227e-05
0.004,42.2740499999988,-71.81174,10.0000001499429,-6.762703288744004e-05,7.067574173873357e-11,7.438895009350897e-05
0.005,42.2740499999981,-71.81174,10.0000002328306,-8.453382646459977e-05,5.418084658493381e-11,9.298618761684514e-05
0.006,42.2740499999973,-71.81174,10.0000003362074,-0.00010144062004181462,3.402038409820072e-11,0.00011158342514024337
0.007,42.2740499999963,-71.81174,10.0000004554167,-0.00011834741361898852,1.019440116268104e-11,0.00013018066266359856
0.008,42.2740499999951,-71.81174,10.0000005960464,-0.00013525420719618525,-1.7297133561666687e-11,0.00014877790018698087
0.009,42.2740499999938,-71.81174,10.0000007543713,-0.00015216100077334072,-4.8454189287748114e-11,0.00016737513771032013
0.01,42.2740499999924,-71.81174,10.0000009303913,-0.00016906779435051864,-8.327679701809574e-11,0.00018597237523368675
0.011,42.2740499999908,-71.81174,10.000001125969,-0.0001859745879277188,-1.2176495693432366e-10,0.00020456961275708098
0.012,42.2740499999891,-71.81174,10.0000013392419,-0.00020288138150487744,-1.639186381843805e-10,0.0002231668502804322
0.013,42.2740499999871,-71.81174,10.0000015730038,-0.00021978817508205576,-2.097378802606801e-10,0.00024176408780380933
0.014,42.2740499999851,-71.81174,10.0000018225983,-0.00023669496865919536,-2.5922262898358946e-10,0.0002603613253271475
0.015,42.2740499999829,-71.81174,10.0000020926818,-0.00025360176223635574,-3.12372934017148e-10,0.00027895856285051283
0.016,42.2740499999805,-71.81174,10.0000023823231,-0.00027050855581353667,-3.6918879552299585e-10,0.0002975558003739052
0.017,42.274049999978,-71.81174,10.0000026868656,-0.0002874153493906743,-4.296701820772071e-10,0.00031615303789725446
0.018,42.2740499999754,-71.81174,10.0000030128285,-0.00030432214296783233,-4.938171249119663e-10,0.00033475027542063143
0.019,42.2740499999725,-71.81174,10.0000033574179,-0.00032122893654494664,-5.616295928423207e-10,0.0003533475129439654
0.02,42.2740499999696,-71.81174,10.000003718771,-0.00033813573012208084,-6.331076175689513e-10,0.00037194475046732704
0.021,42.2740499999664,-71.81174,10.0000041015446,-0.00035504252369917107,-7.082511669527835e-10,0.0003905419879906465
0.022,42.2740499999632,-71.81174,10.0000045020133,-0.00037194931727628104,-7.870602726030234e-10,0.00040913922551399386
0.023,42.2740499999598,-71.81174,10.0000049192458,-0.0003888561108533677,-8.695348086596357e-10,0.00042773646303732193
0.024,42.2740499999562,-71.81174,10.0000053569674,-0.0004057629044304526,-9.556749963029158e-10,0.0004463337005606554
0.025,42.2740499999524,-71.81174,10.0000058123842,-0.0004226696980074931,-1.0454807088492642e-09,0.0004649309380839469
0.026,42.2740499999486,-71.81174,10.0000062873587,-0.0004395764915845527,-1.1389519780027497e-09,0.00048352817560726684
0.027,42.2740499999445,-71.81174,10.000006779097,-0.00045648328516165236,-1.2360887080076061e-09,0.0005021254131306384
0.028,42.2740499999403,-71.81174,10.0000072922558,-0.00047339007873868627,-1.3368910584711395e-09,0.0005207226506539453
0.029,42.274049999936,-71.81174,10.0000078203157,-0.0004902968723156748,-1.4413589339425342e-09,0.0005393198881772112
0.03,42.2740499999315,-71.81174,10.000008369796,-0.0005072036658927029,-1.5494922713695433e-09,0.000557917125700529
0.031,42.2740499999269,-71.81174,10.0000089369714,-0.0005241104594697283,-1.6612912590598455e-09,0.0005765143632238529
0.032,42.2740499999221,-71.81174,10.0000095227733,-0.0005410172530467288,-1.7767556775848706e-09,0.0005951116007471592
0.033,42.2740499999171,-71.81174,10.000010128133,-0.0005579240466237267,-1.8958857475181207e-09,0.0006137088382704713
0.034,42.274049999912,-71.81174,10.0000107493252,-0.0005748308402006991,-2.0186812475018495e-09,0.0006323060757937665
0.035,42.2740499999068,-71.81174,10.0000113919377,-0.0005917376337776052,-2.145142367164589e-09,0.0006509033133169973
0.036,42.2740499999014,-71.81174,10.0000120522454,-0.0006086444273545495,-2.2752689483757707e-09,0.0006695005508402815
0.037,42.2740499998958,-71.81174,10.0000127302483,-0.0006255512209314909,-2.4090611816500754e-09,0.0006880977883635725
0.038,42.2740499998901,-71.81174,10.0000134278089,-0.0006424580145084064,-2.546518843960144e-09,0.0007066950258868463
0.039,42.2740499998842,-71.81174,10.0000141439959,-0.0006593648080852537,-2.6876421276649157e-09,0.0007252922634100573
0.04,42.2740499998782,-71.81174,10.0000148788095,-0.0006762716016621406,-2.8324308717300365e-09,0.000743889500933321
0.041,42.2740499998721,-71.81174,10.0000156313181,-0.0006931783952390217,-2.980885267439554e-09,0.000762486738456593
0.042,42.2740499998658,-71.81174,10.0000164033845,-0.0007100851888158779,-3.1330050927411425e-09,0.0007810839759798484
0.043,42.2740499998593,-71.81174,10.0000171940774,-0.0007269919823926652,-3.288790539352226e-09,0.0007996812135030413
0.044,42.2740499998527,-71.81174,10.0000180033967,-0.0007438987759694895,-3.448241446578116e-09,0.0008182784510262874
0.045,42.2740499998459,-71.81174,10.0000188304111,-0.0007608055695462458,-3.6113579741351326e-09,0.0008368756885494717
0.046,42.274049999839,-71.81174,10.0000196769834,-0.0007777123631230395,-3.7781399625504226e-09,0.0008554729260727104
0.047,42.2740499998319,-71.81174,10.0000205403194,-0.0007946191566997644,-3.94858757220619e-09,0.0008740701635958868
0.048,42.2740499998247,-71.81174,10.0000214250758,-0.0008115259502765261,-4.1227006429380394e-09,0.0008926674011191183
0.049,42.2740499998173,-71.81174,10.0000223275274,-0.0008284327438532185,-4.300479333179753e-09,0.0009112646386422872
0.05,42.2740499998097,-71.81174,10.0000232476741,-0.0008453395374298831,-4.4819234545657645e-09,0.0009298618761654417
0.051,42.2740499998021,-71.81174,10.0000241873786,-0.0008622463310065427,-4.66703322597385e-09,0.0009484591136886039
0.052,42.2740499997942,-71.81174,10.0000251438469,-0.0008791531245832388,-4.855808459325525e-09,0.0009670563512118211
0.053,42.2740499997862,-71.81174,10.0000261208043,-0.0008960599181598642,-5.04824931263673e-09,0.0009856535887349783
0.054,42.2740499997781,-71.81174,10.0000271154568,-0.0009129667117364627,-5.2443555962363056e-09,0.0010042508262581198
0.055,42.2740499997698,-71.81174,10.0000281278044,-0.0009298735053129905,-5.444127500460285e-09,0.0010228480637812006
0.056,42.2740499997613,-71.81174,10.0000291606411,-0.0009467802988895541,-5.647564865647396e-09,0.001041445301304337
0.057,42.2740499997528,-71.81174,10.0000302121043,-0.000963687092466112,-5.854667881985736e-09,0.0010600425388274826
0.058,42.274049999744,-71.81174,10.0000312812626,-0.000980593886042641,-6.065436328656543e-09,0.0010786397763506137
0.059,42.2740499997351,-71.81174,10.0000323690474,-0.0009975006796190992,-6.279870395562495e-09,0.0010972370138736852
0.06,42.274049999726,-71.81174,10.0000334745273,-0.0010144074731955927,-6.497969922856459e-09,0.0011158342513968122
0.061,42.2740499997168,-71.81174,10.0000346004963,-0.0010313142667720148,-6.719735071832967e-09,0.001134431488919879
0.062,42.2740499997075,-71.81174,10.0000357450917,-0.0010482210603483873,-6.945165744884835e-09,0.0011530287264429097
0.063,42.274049999698,-71.81174,10.0000369073823,-0.0010651278539247945,-7.1742618795066146e-09,0.0011716259639659964
0.064,42.2740499996883,-71.81174,10.000038087368,-0.0010820346475011295,-7.4070236355028035e-09,0.001190223201489024
0.065,42.2740499996785,-71.81174,10.0000392869115,-0.001098941441077479,-7.643450946687085e-09,0.0012088204390120843
0.066,42.2740499996685,-71.81174,10.0000405060127,-0.001115848234653798,-7.883543687949107e-09,0.0012274176765351317
0.067,42.2740499996584,-71.81174,10.0000417428091,-0.0011327550282300455,-8.127302049710356e-09,0.0012460149140581197
0.068,42.2740499996481,-71.81174,10.0000429973006,-0.0011496618218063055,-8.374725967085958e-09,0.0012646121515811422
0.069,42.2740499996377,-71.81174,10.0000442722812,-0.0011665686153825151,-8.625815410660293e-09,0.0012832093891041283
0.07,42.2740499996271,-71.81174,10.0000455640256,-0.001183475408958737,-8.880570408954585e-09,0.0013018066266271492
0.071,42.2740499996164,-71.81174,10.0000468753278,-0.0012003822025349075,-9.138990933796228e-09,0.001320403864150134
0.072,42.2740499996055,-71.81174,10.0000482052565,-0.001217288996111047,-9.401076889142535e-09,0.0013390011016731068
0.073,42.2740499995945,-71.81174,10.0000495538116,-0.0012341957896871156,-9.666828464111526e-09,0.0013575983391960198
0.074,42.2740499995833,-71.81174,10.0000509191304,-0.001251102583263194,-9.93624559474694e-09,0.0013761955767189692
0.075,42.2740499995719,-71.81174,10.0000523058698,-0.0012680093768392211,-1.0209328251049433e-08,0.001394792814241883
0.076,42.2740499995604,-71.81174,10.0000537084416,-0.0012849161704152608,-1.0486076464304324e-08,0.0014133900517648318
0.077,42.2740499995488,-71.81174,10.0000551324338,-0.0013018229639912252,-1.076649029648422e-08,0.001431987289287723
0.078,42.274049999537,-71.81174,10.0000565731898,-0.0013187297575671599,-1.1050569560119044e-08,0.001450584526810602
0.079,42.2740499995251,-71.81174,10.0000580344349,-0.001335636551143105,-1.1338314379175996e-08,0.0014691817643335174
0.08,42.274049999513,-71.81174,10.0000595115125,-0.0013525433447189336,-1.162972469249607e-08,0.001487779001856327
0.081,42.2740499995007,-71.81174,10.0000610081479,-0.0013694501382948377,-1.1924800592983553e-08,0.0015063762393792439
0.082,42.2740499994883,-71.81174,10.0000625234097,-0.0013863569318706029,-1.2223542084650726e-08,0.0015249734769020333
0.083,42.2740499994757,-71.81174,10.000064060092,-0.0014032637254464005,-1.2525949035182917e-08,0.001543570714424881
0.084,42.274049999463,-71.81174,10.0000656116754,-0.001420170519022145,-1.283202151063628e-08,0.0015621679519476949
0.085,42.2740499994502,-71.81174,10.0000671837479,-0.0014370773125978145,-1.3141759606085333e-08,0.0015807651894704517
0.086,42.2740499994372,-71.81174,10.0000687735155,-0.0014539841061735144,-1.3455163165140799e-08,0.0015993624269932684
0.087,42.274049999424,-71.81174,10.0000703819096,-0.0014708908997491416,-1.3772232342764975e-08,0.0016179596645160281
0.088,42.2740499994107,-71.81174,10.0000720098615,-0.0014877976933247129,-1.4092967045316452e-08,0.0016365569020387557
0.089,42.2740499993972,-71.81174,10.0000736555085,-0.0015047044869003164,-1.4417367210507269e-08,0.0016551541395615412
0.09,42.2740499993836,-71.81174,10.0000753197819,-0.001521611280475845,-1.4745432994458187e-08,0.001673751377084273
0.091,42.2740499993698,-71.81174,10.0000770026818,-0.0015385180740513174,-1.507716430447419e-08,0.0016923486146069708
0.092,42.2740499993559,-71.81174,10.0000787032768,-0.0015554248676267995,-1.541256117070655e-08,0.0017109458521297044
0.093,42.2740499993418,-71.81174,10.0000804243609,-0.0015723316612021847,-1.5751623435006962e-08,0.0017295430896523598
0.094,42.2740499993276,-71.81174,10.0000821612775,-0.0015892384547775576,-1.6094351352447165e-08,0.0017481403271750306
0.095,42.2740499993132,-71.81174,10.0000839224085,-0.0016061452483529402,-1.6440744821898597e-08,0.0017667375646977371
0.096,42.2740499992987,-71.81174,10.000085696578,-0.0016230520419281821,-1.679080388526961e-08,0.0017853348022203181
0.097,42.274049999284,-71.81174,10.0000874903053,-0.0016399588355034528,-1.714452840929001e-08,0.0018039320397429618
0.098,42.2740499992691,-71.81174,10.0000893045217,-0.0016568656290786698,-1.7501918453544642e-08,0.0018225292772655714
0.099,42.2740499992541,-71.81174,10.0000911355019,-0.0016737724226538312,-1.7862974030239216e-08,0.0018411265147881511
0.1,42.274049999239,-71.81174,10.0000929869711,-0.0016906792162289992,-1.8227695159726156e-08,0.0018597237523107677
0.101,42.2740499992237,-71.81174,10.0000948561355,-0.0017075860098040277,-1.8596081877508504e-08,0.00187832098983326
0.102,42.2740499992082,-71.81174,10.0000967429951,-0.0017244928033790857,-1.89681340577607e-08,0.001896918227355814
0.103,42.2740499991926,-71.81174,10.0000986503437,-0.0017413995969541277,-1.9343851889350998e-08,0.001915515464878384
0.104,42.2740499991769,-71.81174,10.0001005744562,-0.001758306390529052,-1.9723235211552424e-08,0.0019341127024008519
0.105,42.274049999161,-71.81174,10.0001025181264,-0.0017752131841040043,-2.010628399861385e-08,0.0019527099399233817
0.106,42.2740499991449,-71.81174,10.0001044794917,-0.0017921199776788782,-2.049299840374937e-08,0.001971307177445858
0.107,42.2740499991287,-71.81174,10.0001064613461,-0.0018090267712536961,-2.088337833682996e-08,0.0019899044149683034
0.108,42.2740499991123,-71.81174,10.0001084590331,-0.0018259335648284562,-2.127742379459379e-08,0.0020085016524907183
0.109,42.2740499990958,-71.81174,10.0001104790717,-0.0018428403584032247,-2.1675134805395273e-08,0.002027098890013173
0.11,42.2740499990792,-71.81174,10.0001125130802,-0.0018597471519779343,-2.207651134477844e-08,0.002045696127535597
0.111,42.2740499990623,-71.81174,10.0001145694405,-0.0018766539455525872,-2.248155340728813e-08,0.002064293365057991
0.112,42.2740499990454,-71.81174,10.0001166416332,-0.0018935607391271842,-2.289026099677626e-08,0.0020828906025803537
0.113,42.2740499990283,-71.81174,10.000118734315,-0.0019104675327016986,-2.3302634207947544e-08,0.002101487840102665
0.114,42.274049999011,-71.81174,10.000120844692,-0.0019273743262762418,-2.371867287621184e-08,0.00212008507762504
0.115,42.2740499989935,-71.81174,10.0001229746267,-0.0019442811198507079,-2.4138377166994903e-08,0.00213868231514736
0.116,42.274049998976,-71.81174,10.0001251231879,-0.001961187913425135,-2.4561746887707857e-08,0.0021572795526696754
0.117,42.2740499989582,-71.81174,10.0001272894442,-0.001978094706999484,-2.4988782229124503e-08,0.0021758767901919373
0.118,42.2740499989403,-71.81174,10.0001294733956,-0.001995001500573774,-2.5419483094004374e-08,0.0021944740277141665
0.119,42.2740499989223,-71.81174,10.0001316787675,-0.002011908294148072,-2.585384951665233e-08,0.0022130712652364396
0.12,42.2740499989041,-71.81174,10.0001339018345,-0.0020288150877222446,-2.629188143240801e-08,0.0022316685027586143
0.121,42.2740499988858,-71.81174,10.0001361416653,-0.002045721881296422,-2.6733578904477604e-08,0.0022502657402808292
0.122,42.2740499988673,-71.81174,10.0001384010538,-0.002062628674870541,-2.7178941901871785e-08,0.002268862977803016
0.123,42.2740499988486,-71.81174,10.0001406809315,-0.0020795354684446012,-2.7627970424255534e-08,0.0022874602153251738
0.124,42.2740499988299,-71.81174,10.0001429757103,-0.002096442262018664,-2.8080664503507903e-08,0.0023060574528473736
0.125,42.2740499988109,-71.81174,10.0001452909783,-0.0021133490555925883,-2.853702417214111e-08,0.0023246546903694498
0.126,42.2740499987918,-71.81174,10.0001476248726,-0.0021302558491665324,-2.899704930278687e-08,0.002343251927891593
0.127,42.2740499987725,-71.81174,10.0001499764621,-0.002147162642740331,-2.9460740019662766e-08,0.002361849165413615
0.128,42.2740499987531,-71.81174,10.000152349472,-0.0021640694363141374,-2.9928096294727866e-08,0.002380446402935678
0.129,42.2740499987336,-71.81174,10.0001547383144,-0.0021809762298878824,-3.0399118093343915e-08,0.002399043640457714
0.13,42.2740499987139,-71.81174,10.0001571457833,-0.002197883023461567,-3.087380542057796e-08,0.0024176408779797206
0.131,42.274049998694,-71.81174,10.0001595737413,-0.0022147898170352546,-3.135215830117284e-08,0.002436238115501771
0.132,42.274049998674,-71.81174,10.0001620203257,-0.00223169661060882,-3.183417667620667e-08,0.002454835353023722
0.133,42.2740499986538,-71.81174,10.0001644836739,-0.0022486034041823886,-3.231986060633122e-08,0.0024734325905457185
0.134,42.2740499986335,-71.81174,10.0001669665799,-0.0022655101977558092,-3.2809210128916456e-08,0.0024920298280675943
0.135,42.274049998613,-71.81174,10.000169467181,-0.0022824169913292546,-3.330222510903106e-08,0.002510627065589535
0.136,42.2740499985924,-71.81174,10.0001719882712,-0.002299323784902619,-3.37989057117393e-08,0.0025292243031114258
0.137,42.2740499985716,-71.81174,10.0001745261252,-0.002316230578475921,-3.429925183812259e-08,0.0025478215406332895
0.138,42.2740499985507,-71.81174,10.000177083537,-0.0023331373720491834,-3.480326339726713e-08,0.00256641877815515
0.139,42.2740499985296,-71.81174,10.0001796595752,-0.0023500441656223612,-3.5310940573210626e-08,0.002585016015676961
0.14,42.2740499985084,-71.81174,10.0001822523773,-0.002366950959195543,-3.58222833074514e-08,0.002603613253198816
0.141,42.274049998487,-71.81174,10.0001848656684,-0.0023838577527685798,-3.6337291629467525e-08,0.002622210490720552
0.142,42.2740499984655,-71.81174,10.0001874985173,-0.0024007645463415732,-3.685596538135075e-08,0.002640807728242284
0.143,42.2740499984438,-71.81174,10.0001901481301,-0.0024176713399145684,-3.7378304691764155e-08,0.00265940496576406
0.144,42.2740499984219,-71.81174,10.0001928163692,-0.0024345781334874812,-3.790430962290493e-08,0.0026780022032857876
0.145,42.2740499984,-71.81174,10.0001955041662,-0.0024514849270602696,-3.8433980043816934e-08,0.002696599440807418
0.146,42.2740499983778,-71.81174,10.0001982105896,-0.0024683917206330557,-3.8967316023719446e-08,0.0027151966783290947
0.147,42.2740499983555,-71.81174,10.0002009337768,-0.0024852985142057816,-3.9504317530512973e-08,0.0027337939158507433
0.148,42.2740499983331,-71.81174,10.0002036783844,-0.002502205307778444,-4.004498455872511e-08,0.00275239115337237
0.149,42.2740499983104,-71.81174,10.0002064397559,-0.0025191121013510413,-4.05893171140217e-08,0.0027709883908939715
0.15,42.2740499982877,-71.81174,10.0002092206851,-0.002536018894923578,-4.113731519598511e-08,0.0027895856284155447
0.151,42.2740499982648,-71.81174,10.0002120183781,-0.0025529256884960316,-4.168897889485104e-08,0.0028081828659370727
0.152,42.2740499982417,-71.81174,10.0002148365602,-0.0025698324820684383,-4.224430802397858e-08,0.002826780103458598
0.153,42.2740499982185,-71.81174,10.0002176705748,-0.0025867392756407665,-4.2803302774251416e-08,0.0028453773409800732
0.154,42.2740499981952,-71.81174,10.0002205269411,-0.002603646069213026,-4.336596305250315e-08,0.0028639745785015267
0.155,42.2740499981716,-71.81174,10.0002234000713,-0.0026205528627852243,-4.3932288852806104e-08,0.002882571816022955
0.156,42.274049998148,-71.81174,10.0002262927592,-0.0026374596563574224,-4.450228020930097e-08,0.0029011690535444288
0.157,42.2740499981242,-71.81174,10.0002292022109,-0.0026543664499294904,-4.507593706207941e-08,0.002919766291065808
0.158,42.2740499981002,-71.81174,10.0002321302891,-0.002671273243501473,-4.565325953172553e-08,0.002938363528587142
0.159,42.2740499980761,-71.81174,10.000235080719,-0.002688180037073479,-4.623424746457122e-08,0.0029569607661085436
0.16,42.2740499980518,-71.81174,10.0002380451187,-0.0027050868306453335,-4.681890098612764e-08,0.002975558003629829
0.161,42.2740499980274,-71.81174,10.0002410300076,-0.0027219936242171864,-4.7407220065238e-08,0.002994155241151163
0.162,42.2740499980028,-71.81174,10.0002440335229,-0.0027389004177889114,-4.799920463735138e-08,0.0030127524786724
0.163,42.274049997978,-71.81174,10.0002470547333,-0.00275580721136057,-4.8594854735861215e-08,0.003031349716193615
0.164,42.2740499979531,-71.81174,10.0002500955015,-0.0027727140049322303,-4.919417038674634e-08,0.0030499469537148775
0.165,42.2740499979281,-71.81174,10.0002531567588,-0.002789620798503737,-4.979715162710998e-08,0.003068544191236024
0.166,42.2740499979029,-71.81174,10.0002562338486,-0.0028065275920752656,-5.04037983333754e-08,0.0030871414287572396
0.167,42.2740499978776,-71.81174,10.0002593295649,-0.0028234343856466436,-5.1014110626107397e-08,0.0031057386662783374
0.168,42.2740499978521,-71.81174,10.0002624457702,-0.0028403411792179553,-5.162808844184421e-08,0.003124335903799415
0.169,42.2740499978264,-71.81174,10.0002655787393,-0.0028572479727892635,-5.2245731816653396e-08,0.0031429331413205404
0.17,42.2740499978006,-71.81174,10.0002687303349,-0.0028741547663604454,-5.286704068307683e-08,0.003161530378841573
0.171,42.2740499977747,-71.81174,10.0002719014883,-0.0028910615599315364,-5.349201517487691e-08,0.0031801276163625604
0.172,42.2740499977486,-71.81174,10.0002750912681,-0.002907968353502648,-5.412065512230999e-08,0.0031987248538836166
0.173,42.2740499977223,-71.81174,10.0002782987431,-0.0029248751470736054,-5.475296065927892e-08,0.0032173220914045613
0.174,42.2740499976959,-71.81174,10.0002815248445,-0.0029417819406444994,-5.538893172597274e-08,0.0032359193289254805
0.175,42.2740499976694,-71.81174,10.0002847705036,-0.002958688734215324,-5.6028568313960246e-08,0.0032545165664463805
0.176,42.2740499976427,-71.81174,10.0002880347893,-0.0029755955277860823,-5.667187042551901e-08,0.0032731138039672585
0.177,42.2740499976158,-71.81174,10.00029131677,-0.0029925023213568385,-5.731883809827117e-08,0.0032917110414881845
0.178,42.2740499975888,-71.81174,10.0002946164459,-0.0030094091149274406,-5.796947135805804e-08,0.0033103082790089987
0.179,42.2740499975616,-71.81174,10.0002979375422,-0.0030263159084979773,-5.862377014067521e-08,0.003328905516529788
0.18,42.2740499975343,-71.81174,10.0003012763336,-0.003043222702068466,-5.928173435568963e-08,0.003347502754050582
0.181,42.2740499975068,-71.81174,10.0003046328202,-0.0030601294956388047,-5.994336415833896e-08,0.003366099991571258
0.182,42.2740499974792,-71.81174,10.0003080079332,-0.003077036289209117,-6.060865961176193e-08,0.0033846972290919636
0.183,42.2740499974514,-71.81174,10.0003114016727,-0.003093943082779379,-6.127762049871042e-08,0.0034032944666126715
0.184,42.2740499974235,-71.81174,10.0003148149699,-0.0031108498763495565,-6.195024700541914e-08,0.0034218917041333344
0.185,42.2740499973954,-71.81174,10.0003182459623,-0.00312775666991962,-6.262653890755644e-08,0.003440488941653931
0.186,42.2740499973672,-71.81174,10.0003216946498,-0.003144663463489659,-6.330649646554151e-08,0.003459086179174553
0.187,42.2740499973388,-71.81174,10.0003251638263,-0.003161570257059566,-6.399011951242203e-08,0.0034776834166950882
0.188,42.2740499973102,-71.81174,10.0003286506981,-0.0031784770506294024,-6.467740808743215e-08,0.003496280654215599
0.189,42.2740499972815,-71.81174,10.0003321580589,-0.0031953838441992157,-6.53683623142761e-08,0.003514877891736141
0.19,42.2740499972527,-71.81174,10.0003356812522,-0.003212290637768914,-6.606298193477047e-08,0.0035334751292566127
0.191,42.2740499972237,-71.81174,10.0003392230719,-0.0032291974313385227,-6.676126718264889e-08,0.0035520723667770444
0.192,42.2740499971946,-71.81174,10.0003427844495,-0.0032461042249080614,-6.74632179510268e-08,0.0035706696042974565
0.193,42.2740499971653,-71.81174,10.0003463644534,-0.003263011018477533,-6.816883424705172e-08,0.003589266841817847
0.194,42.2740499971358,-71.81174,10.0003499649465,-0.003279917812046848,-6.887811613105934e-08,0.003607864079338127
0.195,42.2740499971062,-71.81174,10.0003535812721,-0.0032968246056161825,-6.959106347590903e-08,0.003626461316858479
0.196,42.2740499970765,-71.81174,10.0003572162241,-0.0033137313991854194,-7.030767643982284e-08,0.003645058554378792
0.197,42.2740499970465,-71.81174,10.0003608698025,-0.0033306381927545245,-7.102795489917017e-08,0.003663655791899015
0.198,42.2740499970165,-71.81174,10.0003645457327,-0.0033475449863235624,-7.175189888670214e-08,0.003682253029419219
0.199,42.2740499969863,-71.81174,10.0003682356328,-0.003364451779892527,-7.247950839573688e-08,0.0037008502669394036
0.2,42.2740499969559,-71.81174,10.0003719450906,-0.0033813585734614,-7.321078352583293e-08,0.003719447504459549
0.201,42.2740499969254,-71.81174,10.0003756741062,-0.003398265367030225,-7.39457240848036e-08,0.0037380447419796997
0.202,42.2740499968947,-71.81174,10.0003794208169,-0.0034151721605989575,-7.46843302641852e-08,0.003756641979499806
0.203,42.2740499968639,-71.81174,10.0003831880167,-0.0034320789541675543,-7.542660193762307e-08,0.0037752392170198254
0.204,42.2740499968329,-71.81174,10.0003869719803,-0.0034489857477361437,-7.617253916985577e-08,0.0037938364545399006
0.205,42.2740499968018,-71.81174,10.0003907745704,-0.0034658925413045783,-7.692214198925318e-08,0.0038124336920598587
0.206,42.2740499967705,-71.8117400000001,10.0003945976496,-0.003482799334872942,-7.767541033288982e-08,0.003831030929579803
0.207,42.2740499967391,-71.81174,10.0003984365612,-0.0034997061284412494,-7.843234411056833e-08,0.0038496281670997554
0.208,42.2740499967075,-71.8117400000001,10.0004022950307,-0.0035166129220094724,-7.91929435026275e-08,0.003868225404619661
0.209,42.2740499966758,-71.8117400000001,10.0004061739892,-0.0035335197155775323,-7.995720848643888e-08,0.0038868226421394612
0.21,42.2740499966439,-71.8117400000001,10.0004100687802,-0.0035504265091456087,-8.072513893207118e-08,0.003905419879659334
0.211,42.2740499966119,-71.8117400000001,10.0004139840603,-0.003567333302713527,-8.149673496704255e-08,0.0039240171171791
0.212,42.2740499965796,-71.8117400000001,10.0004179170355,-0.003584240096281372,-8.227199652349479e-08,0.00394261435469885
0.213,42.2740499965473,-71.8117400000001,10.0004218695685,-0.003601146889849146,-8.305092360665571e-08,0.00396121159221858
0.214,42.2740499965148,-71.8117400000001,10.0004258397967,-0.003618053683416846,-8.383351621711089e-08,0.003979808829738296
0.215,42.2740499964822,-71.8117400000001,10.0004298295826,-0.003634960476984388,-8.461977441703536e-08,0.003998406067257902
0.216,42.2740499964494,-71.8117400000001,10.0004338370636,-0.003651867270551943,-8.540969807430627e-08,0.004017003304777584
0.217,42.2740499964164,-71.8117400000001,10.0004378641024,-0.00366877406411934,-8.620328732228834e-08,0.004035600542297157
0.218,42.2740499963833,-71.8117400000001,10.000441907905,-0.0036856808576866437,-8.700054219243124e-08,0.004054197779816689
0.219,42.2740499963501,-71.8117400000001,10.0004459712654,-0.0037025876512538284,-8.7801462459632e-08,0.004072795017336162
0.22,42.2740499963166,-71.8117400000001,10.0004500541836,-0.003719494444820987,-8.860604837727644e-08,0.004091392254855663
0.221,42.2740499962831,-71.8117400000001,10.0004541538656,-0.0037364012383880275,-8.94142996959585e-08,0.004109989492375102
0.222,42.2740499962494,-71.8117400000001,10.0004582740366,-0.003753308031954971,-9.022621663617401e-08,0.004128586729894505
0.223,42.2740499962155,-71.8117400000001,10.0004624128342,-0.0037702148255218193,-9.104179919196975e-08,0.00414718396741387
0.224,42.2740499961815,-71.8117400000001,10.0004665683955,-0.0037871216190886164,-9.186104718327688e-08,0.004165781204933241
0.225,42.2740499961473,-71.8117400000001,10.0004707435146,-0.0038040284126552525,-9.26839607584568e-08,0.0041843784424525025
0.226,42.274049996113,-71.8117400000001,10.0004749381915,-0.003820935206221818,-9.351053986309804e-08,0.004202975679971749
0.227,42.2740499960785,-71.8117400000001,10.0004791496322,-0.0038378419997883045,-9.434078448998484e-08,0.004221572917490983
0.228,42.2740499960439,-71.8117400000001,10.0004833806306,-0.0038547487933547186,-9.517469464194878e-08,0.0042401701550102
0.229,42.2740499960091,-71.8117400000001,10.0004876293242,-0.003871655586920971,-9.601227038565304e-08,0.004258767392529315
0.23,42.2740499959742,-71.8117400000001,10.0004918985069,-0.003888562380487149,-9.685351165094499e-08,0.0042773646300484115
0.231,42.2740499959391,-71.8117400000001,10.0004961844534,-0.0039054691740532557,-9.76984184435255e-08,0.004295961867567493
0.232,42.2740499959039,-71.8117400000001,10.0005004899576,-0.003922375967619283,-9.854699076052867e-08,0.004314559105086561
0.233,42.2740499958685,-71.8117400000001,10.0005048140883,-0.003939282761185153,-9.939922866511179e-08,0.0043331563426055215
0.234,42.2740499958329,-71.8117400000001,10.0005091559142,-0.003956189554751032,-1.0025513203255691e-07,0.00435175358012456
0.235,42.2740499957972,-71.8117400000001,10.0005135172978,-0.003973096348316727,-1.0111470108443286e-07,0.0043703508176434714
0.236,42.2740499957614,-71.8117400000001,10.0005178963766,-0.003990003141882303,-1.0197793553328088e-07,0.004388948055162322
0.237,42.2740499957254,-71.8117400000001,10.0005222950131,-0.004006909935447801,-1.0284483550785224e-07,0.004407545292681157
0.238,42.2740499956892,-71.8117400000001,10.0005267113447,-0.004023816729013275,-1.0371540113615848e-07,0.004426142530200028
0.239,42.2740499956529,-71.8117400000001,10.0005311481655,-0.004040723522578537,-1.0458963222425162e-07,0.004444739767718742
0.24,42.2740499956165,-71.8117400000001,10.0005356008187,-0.004057630316143788,-1.0546752887366987e-07,0.004463337005237518
0.241,42.2740499955799,-71.8117400000001,10.000540073961,-0.004074537109708876,-1.0634909110714124e-07,0.004481934242756186
0.242,42.2740499955431,-71.8117400000001,10.0005445657298,-0.004091443903273912,-1.0723431877209398e-07,0.004500531480274865
0.243,42.2740499955062,-71.8117400000001,10.0005490751937,-0.004108350696838848,-1.0812321205663871e-07,0.004519128717793506
0.244,42.2740499954692,-71.8117400000001,10.0005536032841,-0.004125257490403621,-1.0901577092940681e-07,0.004537725955312046
0.245,42.2740499954319,-71.8117400000001,10.0005581500009,-0.0041421642839683396,-1.0991199523618205e-07,0.00455632319283059
0.246,42.2740499953946,-71.8117400000001,10.0005627172068,-0.004159071077532958,-1.108118851591297e-07,0.004574920430349104
0.247,42.2740499953571,-71.8117400000001,10.0005672993138,-0.004175977871097437,-1.1171544057856063e-07,0.004593517667867535
0.248,42.2740499953194,-71.8117400000001,10.0005719028413,-0.004192884664661837,-1.1262266152092758e-07,0.004612114905385956
0.249,42.2740499952816,-71.8117400000001,10.0005765259266,-0.004209791458226163,-1.1353354799119122e-07,0.004630712142904356
0.25,42.2740499952436,-71.8117400000001,10.0005811648443,-0.0042266982517903205,-1.1444810004664023e-07,0.00464930938042266
0.251,42.2740499952055,-71.8117400000001,10.0005858242512,-0.0042436050453544,-1.1536631762651073e-07,0.0046679066179409505
0.252,42.2740499951672,-71.8117400000001,10.0005904994905,-0.004260511838918406,-1.162882007353997e-07,0.004686503855459229
0.253,42.2740499951287,-71.8117400000001,10.0005951961502,-0.004277418632482242,-1.1721374943161912e-07,0.004705101092977407
0.254,42.2740499950902,-71.8117400000001,10.0005999105051,-0.004294325426046069,-1.1814296368415284e-07,0.004723698330495638
0.255,42.2740499950514,-71.8117400000001,10.0006046444178,-0.00431123221960969,-1.1907584339825475e-07,0.0047422955680137165
0.256,42.2740499950125,-71.8117400000001,10.0006093950942,-0.00432813901317329,-1.200123886684758e-07,0.00476089280553186
0.257,42.2740499949735,-71.8117400000001,10.0006141643971,-0.004345045806736756,-1.209525994364546e-07,0.00477949004304992
0.258,42.2740499949343,-71.8117400000001,10.0006189532578,-0.004361952600300052,-1.2189647579155141e-07,0.0047980872805678774
0.259,42.274049994895,-71.8117400000001,10.0006237616763,-0.004378859393863332,-1.2284401770406265e-07,0.0048166845180858935
0.26,42.2740499948555,-71.8117400000001,10.0006285887212,-0.004395766187426448,-1.2379522520563713e-07,0.004835281755603807
0.261,42.2740499948158,-71.8117400000001,10.0006334315985,-0.004412672980989442,-1.2475009810286962e-07,0.004853878993121662
0.262,42.274049994776,-71.8117400000001,10.000638294965,-0.004429579774552402,-1.2570863665636616e-07,0.004872476230639556
0.263,42.2740499947361,-71.8117400000001,10.000643176958,-0.004446486568115151,-1.2667084066925371e-07,0.004891073468157296
0.264,42.274049994696,-71.8117400000001,10.0006480785087,-0.004463393361677863,-1.2763671033172658e-07,0.004909670705675077
0.265,42.2740499946557,-71.8117400000001,10.0006529968232,-0.0044803001552404355,-1.2860624549196353e-07,0.004928267943192776
0.266,42.2740499946153,-71.8117400000001,10.0006579346955,-0.004497206948802924,-1.2957944617163521e-07,0.004946865180710466
0.267,42.2740499945747,-71.8117400000001,10.0006628902629,-0.004514113742365269,-1.3055631234888974e-07,0.004965462418228075
0.268,42.274049994534,-71.8117400000001,10.0006678653881,-0.004531020535927536,-1.3153684405297774e-07,0.0049840596557456755
0.269,42.2740499944931,-71.8117400000001,10.0006728582084,-0.004547927329489694,-1.3252104137565013e-07,0.005002656893263247
0.27,42.2740499944521,-71.8117400000001,10.0006778705865,-0.004564834123051713,-1.335089041901915e-07,0.005021254130780736
0.271,42.274049994411,-71.8117400000001,10.0006828997284,-0.004581740916613563,-1.3450043259532916e-07,0.005039851368298125
0.272,42.2740499943696,-71.8117400000001,10.0006879493594,-0.004598647710175417,-1.354956264633654e-07,0.0050584486058155975
0.273,42.2740499943281,-71.8117400000001,10.0006930185482,-0.004615554503737105,-1.3649448591930068e-07,0.005077045843332972
0.274,42.2740499942865,-71.8117400000001,10.0006981045008,-0.004632461297298628,-1.3749701096568425e-07,0.005095643080850239
0.275,42.2740499942447,-71.8117400000001,10.0007032081485,-0.004649368090860092,-1.3850320143717329e-07,0.005114240318367519
0.276,42.2740499942028,-71.8117400000001,10.0007083332166,-0.004666274884421446,-1.3951305753463757e-07,0.005132837555884776
0.277,42.2740499941607,-71.8117400000001,10.0007134741172,-0.004683181677982662,-1.4052657912332035e-07,0.005151434793401948
0.278,42.2740499941185,-71.8117400000001,10.0007186355069,-0.004700088471543793,-1.4154376623531336e-07,0.005170032030919115
0.279,42.2740499940761,-71.8117400000001,10.0007238145918,-0.004716995265104758,-1.425646189429734e-07,0.005188629268436181
0.28,42.2740499940336,-71.8117400000001,10.0007290123031,-0.004733902058665636,-1.4358913717166295e-07,0.005207226505953239
0.281,42.2740499939909,-71.8117400000002,10.0007342286408,-0.004750808852226435,-1.446173209205414e-07,0.00522582374347029
0.282,42.274049993948,-71.8117400000002,10.000739463605,-0.0047677156457870675,-1.4564917026260154e-07,0.005244420980987241
0.283,42.274049993905,-71.8117400000002,10.0007447171956,-0.004784622439347552,-1.4668468510121783e-07,0.005263018218504113
0.284,42.2740499938619,-71.8117400000002,10.0007499912754,-0.004801529232907955,-1.4772386546211057e-07,0.005281615456020976
0.285,42.2740499938186,-71.8117400000002,10.0007552811876,-0.004818436026468271,-1.487667113511248e-07,0.005300212693537835
0.286,42.2740499937751,-71.8117400000002,10.0007605906576,-0.0048353428200284205,-1.4981322282289415e-07,0.005318809931054593
0.287,42.2740499937315,-71.8117400000002,10.0007659196854,-0.004852249613588488,-1.5086339982693459e-07,0.005337407168571345
0.288,42.2740499936877,-71.8117400000002,10.0007712645456,-0.004869156407148383,-1.519172424108989e-07,0.0053560044060879984
0.289,42.2740499936438,-71.8117400000002,10.0007766317576,-0.004886063200708222,-1.5297475043458616e-07,0.005374601643604666
0.29,42.2740499935998,-71.8117400000002,10.0007820148021,-0.0049029699942678895,-1.5403592404444994e-07,0.005393198881121235
0.291,42.2740499935556,-71.8117400000002,10.000787416473,-0.0049198767878274475,-1.551007632704822e-07,0.005411796118637778
0.292,42.2740499935112,-71.8117400000002,10.0007928386331,-0.004936783581386883,-1.5616926789810037e-07,0.005430393356154262
0.293,42.2740499934667,-71.8117400000002,10.0007982775569,-0.004953690374946215,-1.5724143814862924e-07,0.005448990593670716
0.294,42.274049993422,-71.8117400000002,10.0008037369698,-0.004970597168505457,-1.5831727392242458e-07,0.0054675878311871715
0.295,42.2740499933772,-71.8117400000002,10.0008092140779,-0.004987503962064532,-1.593967752818323e-07,0.005486185068703525
0.296,42.2740499933322,-71.8117400000002,10.0008147098124,-0.00500441075562346,-1.6047994213578088e-07,0.005504782306219799
0.297,42.2740499932871,-71.8117400000002,10.000820223242,-0.005021317549182301,-1.6156677451574e-07,0.0055233795437360745
0.298,42.2740499932418,-71.8117400000002,10.0008257571608,-0.0050382243427409944,-1.6265727239048916e-07,0.005541976781252271
0.299,42.2740499931963,-71.8117400000002,10.0008313078433,-0.005055131136299577,-1.6375143588485984e-07,0.005560574018768441
0.3,42.2740499931508,-71.8117400000002,10.0008368771523,-0.005072037929858016,-1.648492648731417e-07,0.005579171256284535
0.301,42.274049993105,-71.8117400000002,10.0008424650878,-0.005088944723416347,-1.6595075948661672e-07,0.005597768493800598
0.302,42.2740499930591,-71.8117400000002,10.000848072581,-0.005105851516974611,-1.670559195234609e-07,0.005616365731316683
0.303,42.2740499930131,-71.8117400000002,10.0008536977693,-0.005122758310532644,-1.681647451215676e-07,0.0056349629688325995
0.304,42.2740499929669,-71.8117400000002,10.0008593415841,-0.0051396651040906275,-1.6927723636603155e-07,0.00565356020634856
0.305,42.2740499929206,-71.8117400000002,10.0008650049567,-0.005156571897648406,-1.7039339307897212e-07,0.005672157443864371
0.306,42.2740499928741,-71.8117400000002,10.0008706869557,-0.005173478691206096,-1.7151321531237508e-07,0.0056907546813801824
0.307,42.2740499928274,-71.8117400000002,10.0008763866499,-0.0051903854847636976,-1.72636703076513e-07,0.005709351918895987
0.308,42.2740499927806,-71.8117400000002,10.0008821040392,-0.005207292278321128,-1.7376385642363763e-07,0.005727949156411697
0.309,42.2740499927336,-71.8117400000002,10.0008878419176,-0.0052241990718784725,-1.7489467529823767e-07,0.005746546393927401
0.31,42.2740499926865,-71.8117400000002,10.0008935984224,-0.005241105865435665,-1.7602915966932238e-07,0.005765143631443034
0.311,42.2740499926393,-71.8117400000002,10.0008993735537,-0.005258012658992684,-1.7716730962636432e-07,0.005783740868958569
0.312,42.2740499925919,-71.8117400000002,10.0009051654488,-0.005274919452549617,-1.7830912510835864e-07,0.0058023381064741
0.313,42.2740499925443,-71.8117400000002,10.000910977833,-0.0052918262461063995,-1.7945460608726008e-07,0.005820935343989557
0.314,42.2740499924966,-71.8117400000002,10.0009168079123,-0.005308733039663075,-1.806037526849843e-07,0.005839532581504989
0.315,42.2740499924487,-71.8117400000002,10.0009226556867,-0.0053256398332196,-1.8175656477489818e-07,0.005858129819020346
0.316,42.2740499924007,-71.8117400000002,10.000928523019,-0.005342546626776034,-1.8291304239272464e-07,0.005876727056535703
0.317,42.2740499923525,-71.8117400000002,10.0009344089776,-0.005359453420332292,-1.8407318559636368e-07,0.005895324294050966
0.318,42.2740499923042,-71.8117400000002,10.0009403144941,-0.005376360213888405,-1.8523699430045835e-07,0.005913921531566152
0.319,42.2740499922557,-71.8117400000002,10.0009462377056,-0.005393267007444431,-1.8640446852451746e-07,0.005932518769081334
0.32,42.2740499922071,-71.8117400000002,10.0009521795437,-0.0054101738010002755,-1.8757560833382042e-07,0.005951116006596425
0.321,42.2740499921583,-71.8117400000002,10.0009581409395,-0.005427080594556036,-1.8875041367320438e-07,0.005969713244111513
0.322,42.2740499921094,-71.8117400000002,10.0009641190991,-0.005443987388111623,-1.8992888460070087e-07,0.005988310481626505
0.323,42.2740499920603,-71.8117400000003,10.0009701158851,-0.005460894181667056,-1.9111102101824728e-07,0.006006907719141423
0.324,42.274049992011,-71.8117400000003,10.0009761331603,-0.005477800975222398,-1.9229682296255673e-07,0.006025504956656346
0.325,42.2740499919617,-71.8117400000003,10.0009821671993,-0.005494707768777593,-1.9348629040426874e-07,0.006044102194171192
0.326,42.2740499919121,-71.8117400000003,10.0009882198647,-0.005511614562332679,-1.9467942346922406e-07,0.0060626994316860085
0.327,42.2740499918624,-71.8117400000003,10.0009942939505,-0.005528521355887606,-1.9587622202151295e-07,0.0060812966692007624
0.328,42.2740499918126,-71.8117400000003,10.0010003848001,-0.005545428149442358,-1.9707668616651782e-07,0.006099893906715419
0.329,42.2740499917626,-71.8117400000003,10.0010064924136,-0.005562334942997023,-1.9828081583221158e-07,0.006118491144230073
0.33,42.2740499917124,-71.8117400000003,10.0010126205161,-0.005579241736551537,-1.9948861099750923e-07,0.006137088381744658
0.331,42.2740499916621,-71.8117400000003,10.0010187672451,-0.005596148530105957,-2.007000716820398e-07,0.006155685619259241
0.332,42.2740499916117,-71.8117400000003,10.0010249335319,-0.0056130553236602015,-2.0191519795614322e-07,0.006174282856773733
0.333,42.2740499915611,-71.8117400000003,10.0010311156511,-0.005629962117214271,-2.0313398982369842e-07,0.006192880094288129
0.334,42.2740499915103,-71.8117400000003,10.0010373182595,-0.005646868910768208,-2.0435644709117967e-07,0.006211477331802476
0.335,42.2740499914594,-71.8117400000003,10.0010435404256,-0.005663775704322034,-2.0558256997395935e-07,0.0062300745693168015
0.336,42.2740499914083,-71.8117400000003,10.0010497784242,-0.0056806824978757504,-2.0681235847956431e-07,0.006248671806831099
0.337,42.2740499913571,-71.8117400000003,10.0010560369119,-0.005697589291429244,-2.0804581244701083e-07,0.0062672690443452625
0.338,42.2740499913057,-71.8117400000003,10.0010623121634,-0.005714496084982657,-2.0928293194252913e-07,0.006285866281859423
0.339,42.2740499912542,-71.8117400000003,10.001068607904,-0.005731402878535901,-2.1052371692518724e-07,0.006304463519373515
0.34,42.2740499912025,-71.8117400000003,10.0010749213398,-0.0057483096720890355,-2.1176816753184528e-07,0.006323060756887585
0.341,42.2740499911507,-71.8117400000003,10.0010812534019,-0.005765216465642016,-2.1301628363284224e-07,0.006341657994401587
0.342,42.2740499910987,-71.8117400000003,10.0010876050219,-0.00578212325919482,-2.1426806532097275e-07,0.006360255231915497
0.343,42.2740499910466,-71.8117400000003,10.0010939734057,-0.005799030052747534,-2.1552351253574188e-07,0.006378852469429401
0.344,42.2740499909943,-71.8117400000003,10.0011003622785,-0.005815936846300095,-2.167826252483376e-07,0.006397449706943239
0.345,42.2740499909419,-71.8117400000003,10.0011067688465,-0.005832843639852482,-2.1804540354468903e-07,0.006416046944456983
0.346,42.2740499908893,-71.8117400000003,10.0011131949723,-0.0058497504334047625,-2.1931184736322446e-07,0.006434644181970733
0.347,42.2740499908366,-71.8117400000003,10.0011196387932,-0.0058666572269568135,-2.2058195674250708e-07,0.006453241419484318
0.348,42.2740499907837,-71.8117400000003,10.0011261021718,-0.005883564020508852,-2.2185573158564178e-07,0.006471838656998
0.349,42.2740499907306,-71.8117400000003,10.001132581383,-0.005900470814060628,-2.2313317208317967e-07,0.006490435894511496
0.35,42.2740499906774,-71.8117400000003,10.0011390820146,-0.005917377607612337,-2.2441427800430263e-07,0.006509033132025015
0.351,42.2740499906241,-71.8117400000003,10.0011456003413,-0.005934284401163861,-2.2569904951534353e-07,0.006527630369538442
0.352,42.2740499905706,-71.8117400000003,10.0011521363631,-0.005951191194715216,-2.2698748662107779e-07,0.006546227607051779
0.353,42.2740499905169,-71.8117400000003,10.0011586910114,-0.005968097988266475,-2.2827958925002726e-07,0.006564824844565118
0.354,42.2740499904631,-71.8117400000003,10.0011652661487,-0.005985004781817569,-2.2957535737112461e-07,0.006583422082078393
0.355,42.2740499904092,-71.8117400000003,10.0011718599126,-0.006001911575368513,-2.3087479098471716e-07,0.0066020193195915995
0.356,42.2740499903551,-71.8117400000003,10.0011784713715,-0.006018818368919271,-2.3217789018907573e-07,0.006620616557104717
0.357,42.2740499903008,-71.8117400000003,10.0011851005256,-0.006035725162469926,-2.334846550096045e-07,0.006639213794617803
0.358,42.2740499902464,-71.8117400000003,10.0011917483062,-0.006052631956020436,-2.347950852391868e-07,0.006657811032130853
0.359,42.2740499901918,-71.8117400000003,10.0011984165758,-0.0060695387495707685,-2.3610918104571988e-07,0.006676408269643811
0.36,42.2740499901371,-71.8117400000003,10.0012051034719,-0.006086445543120923,-2.3742694245162982e-07,0.006695005507156681
0.361,42.2740499900822,-71.8117400000004,10.0012118071318,-0.006103352336670981,-2.387483693754759e-07,0.0067136027446695525
0.362,42.2740499900272,-71.8117400000004,10.0012185284868,-0.0061202591302208795,-2.400734617928753e-07,0.00673219998218236
0.363,42.274049989972,-71.8117400000004,10.0012252703309,-0.006137165923770601,-2.4140221980698876e-07,0.006750797219695072
0.364,42.2740499899167,-71.8117400000004,10.0012320317328,-0.00615407271732023,-2.427346433413634e-07,0.006769394457207791
0.365,42.2740499898612,-71.8117400000004,10.0012388089672,-0.0061709795108696956,-2.44070732365707e-07,0.006787991694720447
0.366,42.2740499898056,-71.8117400000004,10.0012456066906,-0.006187886304418984,-2.4541048698551906e-07,0.00680658893223301
0.367,42.2740499897498,-71.8117400000004,10.0012524230406,-0.00620479309796811,-2.467539070910392e-07,0.006825186169745504
0.368,42.2740499896939,-71.8117400000004,10.0012592570856,-0.006221699891517062,-2.4810099279442347e-07,0.0068437834072579105
0.369,42.2740499896378,-71.8117400000004,10.0012661106884,-0.00623860668506591,-2.494517440181404e-07,0.0068623806447703295
0.37,42.2740499895815,-71.8117400000004,10.0012729819864,-0.006255513478614591,-2.5080616082646905e-07,0.006880977882282649
0.371,42.2740499895251,-71.8117400000004,10.0012798728421,-0.006272420272163099,-2.521642431366748e-07,0.006899575119794903
0.372,42.2740499894686,-71.8117400000004,10.001286781393,-0.006289327065711451,-2.5352599093329016e-07,0.0069181723573070964
0.373,42.2740499894119,-71.8117400000004,10.0012937095016,-0.006306233859259621,-2.5489140433273205e-07,0.006936769594819201
0.374,42.2740499893551,-71.8117400000004,10.0013006543741,-0.0063231406528076965,-2.5626048323905525e-07,0.006955366832331312
0.375,42.2740499892981,-71.8117400000004,10.0013076188043,-0.00634004744635561,-2.5763322765683844e-07,0.006973964069843352
0.376,42.2740499892409,-71.8117400000004,10.0013146018609,-0.0063569542399033434,-2.590096376524841e-07,0.0069925613073553135
0.377,42.2740499891836,-71.8117400000004,10.0013216035441,-0.006373861033450894,-2.603897132394784e-07,0.007011158544867181
0.378,42.2740499891261,-71.8117400000004,10.0013286247849,-0.0063907678269983495,-2.6177345435851313e-07,0.007029755782379053
0.379,42.2740499890685,-71.8117400000004,10.001335663721,-0.0064076746205455806,-2.6316086093283445e-07,0.0070483530198907915
0.38,42.2740499890108,-71.8117400000004,10.0013427222148,-0.006424581414092712,-2.6455193303114354e-07,0.007066950257402535
0.381,42.2740499889529,-71.8117400000004,10.001349799335,-0.006441488207639637,-2.659466708160996e-07,0.007085547494914172
0.382,42.2740499888948,-71.8117400000004,10.0013568922877,-0.0064583950011864255,-2.6734507399833256e-07,0.007104144732425765
0.383,42.2740499888366,-71.8117400000004,10.0013640057296,-0.006475301794733032,-2.6874714277301484e-07,0.007122741969937272
0.384,42.2740499887782,-71.8117400000004,10.0013711387292,-0.006492208588279539,-2.701528770693691e-07,0.00714133920744879
0.385,42.2740499887197,-71.8117400000004,10.0013782884926,-0.0065091153818258585,-2.71562276955489e-07,0.0071599364449602175
0.386,42.274049988661,-71.8117400000004,10.0013854578137,-0.006526022175371958,-2.7297534230859437e-07,0.007178533682471508
0.387,42.2740499886022,-71.8117400000004,10.0013926457614,-0.006542928968917943,-2.743920732724272e-07,0.007197130919982778
0.388,42.2740499885432,-71.8117400000004,10.0013998523355,-0.006559835762463757,-2.758124697333795e-07,0.0072157281574939955
0.389,42.2740499884841,-71.8117400000004,10.0014070766047,-0.006576742556009476,-2.7723653172821924e-07,0.007234325395005216
0.39,42.2740499884248,-71.8117400000004,10.0014143204316,-0.0065936493495549475,-2.786642592707077e-07,0.00725292263251628
0.391,42.2740499883653,-71.8117400000004,10.0014215819538,-0.006610556143100318,-2.800956523369582e-07,0.007271519870027352
0.392,42.2740499883058,-71.8117400000004,10.001428863965,-0.0066274629366454485,-2.8153071096879165e-07,0.00729011710753826
0.393,42.274049988246,-71.8117400000004,10.00143616274,-0.006644369730190471,-2.829694351231975e-07,0.007308714345049191
0.394,42.2740499881861,-71.8117400000005,10.0014434810728,-0.006661276523735316,-2.8441182486953384e-07,0.007327311582560023
0.395,42.2740499881261,-71.8117400000005,10.0014508189633,-0.006678183317279992,-2.858578801050239e-07,0.007345908820070798
0.396,42.2740499880659,-71.8117400000005,10.0014581736177,-0.006695090110824481,-2.87307600927882e-07,0.007364506057581486
0.397,42.2740499880055,-71.8117400000005,10.0014655478299,-0.006711996904368901,-2.887609871929326e-07,0.0073831032950922035
0.398,42.274049987945,-71.8117400000005,10.0014729388058,-0.006728903697913043,-2.9021803909630086e-07,0.007401700532602748
0.399,42.2740499878844,-71.8117400000005,10.0014803512022,-0.006745810491457021,-2.9167875649756983e-07,0.007420297770113231
0.4,42.2740499878236,-71.8117400000005,10.0014877803624,-0.006762717285000906,-2.9314313942954575e-07,0.00743889500762372
0.401,42.2740499877626,-71.8117400000005,10.001495228149,-0.006779624078544606,-2.9461118794210496e-07,0.007457492245134122
0.402,42.2740499877015,-71.8117400000005,10.0015026954934,-0.006796530872088136,-2.960829019568406e-07,0.007476089482644464
0.403,42.2740499876402,-71.8117400000005,10.0015101805329,-0.006813437665631498,-2.9755828145742176e-07,0.007494686720154748
0.404,42.2740499875788,-71.8117400000005,10.0015176832676,-0.00683034445917468,-2.9903732655181e-07,0.007513283957664944
0.405,42.2740499875173,-71.8117400000005,10.0015252064914,-0.006847251252717679,-3.00520037236574e-07,0.007531881195175052
0.406,42.2740499874555,-71.8117400000005,10.0015327474102,-0.006864158046260511,-3.0200641340996755e-07,0.007550478432685105
0.407,42.2740499873937,-71.8117400000005,10.0015403078869,-0.006881064839803175,-3.034964550816214e-07,0.007569075670195097
0.408,42.2740499873317,-71.8117400000005,10.0015478860587,-0.006897971633345653,-3.049901623377085e-07,0.007587672907705003
0.409,42.2740499872695,-71.8117400000005,10.0015554828569,-0.006914878426888008,-3.064875352169622e-07,0.0076062701452148974
0.41,42.2740499872071,-71.8117400000005,10.0015630982816,-0.006931785220430156,-3.079885734658111e-07,0.0076248673827246875
0.411,42.2740499871447,-71.8117400000005,10.0015707323328,-0.006948692013972159,-3.094932774298624e-07,0.007643464620234435
0.412,42.274049987082,-71.8117400000005,10.0015783850104,-0.006965598807513955,-3.1100164675608046e-07,0.00766206185774408
0.413,42.2740499870192,-71.8117400000005,10.0015860563144,-0.006982505601055627,-3.125136817058144e-07,0.007680659095253714
0.414,42.2740499869563,-71.8117400000005,10.0015937462449,-0.006999412394597052,-3.1402938221742504e-07,0.007699256332763187
0.415,42.2740499868932,-71.8117400000005,10.0016014548019,-0.007016319188138367,-3.1554874824741414e-07,0.007717853570272677
0.416,42.27404998683,-71.8117400000005,10.0016091829166,-0.007033225981679496,-3.1707177986567166e-07,0.007736450807782081
0.417,42.2740499867666,-71.8117400000005,10.0016169277951,-0.007050132775220463,-3.185984769860324e-07,0.007755048045291434
0.418,42.274049986703,-71.8117400000005,10.0016246913001,-0.007067039568761263,-3.2012883959832085e-07,0.007773645282800714
0.419,42.2740499866393,-71.8117400000005,10.0016324752942,-0.007083946362301876,-3.216628677954916e-07,0.007792242520309921
0.42,42.2740499865755,-71.8117400000005,10.0016402779147,-0.007100853155842313,-3.232005614938236e-07,0.007810839757819067
0.421,42.2740499865115,-71.8117400000005,10.0016480982304,-0.007117759949382571,-3.2474192076999986e-07,0.00782943699532813
0.422,42.2740499864473,-71.8117400000006,10.0016559371725,-0.007134666742922635,-3.2628694563612357e-07,0.007848034232837111
0.423,42.274049986383,-71.8117400000006,10.0016637938097,-0.007151573536462554,-3.2783563590562703e-07,0.007866631470346056
0.424,42.2740499863186,-71.8117400000006,10.0016716700047,-0.007168480330002264,-3.2938799185895867e-07,0.007885228707854897
0.425,42.274049986254,-71.8117400000006,10.0016795648262,-0.007185387123541831,-3.309440132097239e-07,0.007903825945363702
0.426,42.2740499861892,-71.8117400000006,10.0016874764115,-0.007202293917081182,-3.3250370025002133e-07,0.00792242318287241
0.427,42.2740499861243,-71.8117400000006,10.0016954084858,-0.007219200710620391,-3.340670526848926e-07,0.007941020420381075
0.428,42.2740499860592,-71.8117400000006,10.0017033591866,-0.007236107504159323,-3.3563407076277015e-07,0.007959617657889566
0.429,42.274049985994,-71.8117400000006,10.0017113266513,-0.007253014297698171,-3.3720475428894593e-07,0.00797821489539809
0.43,42.2740499859286,-71.8117400000006,10.0017193155363,-0.007269921091236834,-3.387791033927804e-07,0.007996812132906539
0.431,42.2740499858631,-71.8117400000006,10.0017273221165,-0.007286827884775303,-3.403571180856783e-07,0.008015409370414906
0.432,42.2740499857974,-71.8117400000006,10.0017353463918,-0.0073037346783136016,-3.419387982739411e-07,0.008034006607923217
0.433,42.2740499857316,-71.8117400000006,10.0017433892936,-0.007320641471851717,-3.435241440537891e-07,0.008052603845431446
0.434,42.2740499856656,-71.8117400000006,10.0017514517531,-0.007337548265389658,-3.4511315532755204e-07,0.008071201082939617
0.435,42.2740499855995,-71.8117400000006,10.0017595319077,-0.007354455058927422,-3.4670583209074135e-07,0.008089798320447738
0.436,42.2740499855332,-71.8117400000006,10.0017676325515,-0.007371361852465003,-3.4830217444427446e-07,0.00810839555795577
0.437,42.2740499854668,-71.8117400000006,10.0017757480964,-0.007388268646002399,-3.499021823884086e-07,0.00812699279546373
0.438,42.2740499854002,-71.8117400000006,10.0017838859931,-0.00740517543953956,-3.515058558019461e-07,0.008145590032971555
0.439,42.2740499853334,-71.8117400000006,10.0017920397222,-0.007422082233076586,-3.531131948226745e-07,0.008164187270479375
0.44,42.2740499852665,-71.8117400000006,10.0018002130091,-0.007438989026613449,-3.5472419934139147e-07,0.008182784507987135
0.441,42.2740499851995,-71.8117400000006,10.0018084049225,-0.007455895820150071,-3.5633886932990774e-07,0.008201381745494776
0.442,42.2740499851323,-71.8117400000006,10.0018166173249,-0.007472802613686569,-3.5795720492936845e-07,0.008219978983002404
0.443,42.2740499850649,-71.8117400000006,10.0018248455599,-0.007489709407222819,-3.595792061003041e-07,0.008238576220509877
0.444,42.2740499849974,-71.8117400000006,10.0018330933526,-0.007506616200758948,-3.612048727886517e-07,0.008257173458017375
0.445,42.2740499849298,-71.8117400000006,10.0018413597718,-0.007523522994294857,-3.6283420493324897e-07,0.008275770695524738
0.446,42.274049984862,-71.8117400000007,10.0018496457487,-0.007540429787830562,-3.6446720266780765e-07,0.008294367933032032
0.447,42.274049984794,-71.8117400000007,10.0018579494208,-0.007557336581366143,-3.661038660233298e-07,0.008312965170539312
0.448,42.2740499847259,-71.8117400000007,10.001866270788,-0.00757424337490149,-3.677441948439007e-07,0.008331562408046467
0.449,42.2740499846576,-71.8117400000007,10.0018746126443,-0.007591150168436664,-3.6938818916831677e-07,0.008350159645553567
0.45,42.2740499845892,-71.8117400000007,10.0018829712644,-0.007608056961971655,-3.710358490646587e-07,0.008368756883060586
0.451,42.2740499845206,-71.8117400000007,10.0018913494423,-0.007624963755506438,-3.7268717455566463e-07,0.00838735412056754
0.452,42.2740499844519,-71.8117400000007,10.0018997462466,-0.007641870549040999,-3.743421655074026e-07,0.008405951358074351
0.453,42.274049984383,-71.8117400000007,10.0019081607461,-0.0076587773425754214,-3.7600082209330623e-07,0.008424548595581163
0.454,42.274049984314,-71.8117400000007,10.001916593872,-0.007675684136109674,-3.776631441588468e-07,0.008443145833087922
0.455,42.2740499842448,-71.8117400000007,10.0019250484183,-0.0076925909296437,-3.793291316987492e-07,0.008461743070594548
0.456,42.2740499841755,-71.8117400000007,10.0019335187972,-0.0077094977231775864,-3.8099878484538893e-07,0.008480340308101174
0.457,42.274049984106,-71.8117400000007,10.0019420096651,-0.007726404516711218,-3.8267210355454943e-07,0.008498937545607654
0.458,42.2740499840364,-71.8117400000007,10.0019505163655,-0.007743311310244673,-3.843490877623153e-07,0.00851753478311408
0.459,42.2740499839666,-71.8117400000007,10.001959043555,-0.0077602181037779395,-3.860297375590365e-07,0.008536132020620429
0.46,42.2740499838967,-71.8117400000007,10.0019675893709,-0.007777124897311026,-3.877140528492442e-07,0.00855472925812672
0.461,42.2740499838266,-71.8117400000007,10.001976152882,-0.007794031690843947,-3.8940203361745255e-07,0.008573326495632961
0.462,42.2740499837563,-71.8117400000007,10.0019847368822,-0.007810938484376583,-3.9109368005726864e-07,0.008591923733139033
0.463,42.2740499836859,-71.8117400000007,10.0019933367148,-0.007827845277909138,-3.927889919152113e-07,0.008610520970645142
0.464,42.2740499836154,-71.8117400000007,10.0020019570366,-0.00784475207144141,-3.9448796942935727e-07,0.008629118208151085
0.465,42.2740499835447,-71.8117400000007,10.0020105941221,-0.007861658864973526,-3.9619061234885285e-07,0.008647715445656994
0.466,42.2740499834738,-71.8117400000007,10.0020192526281,-0.007878565658505428,-3.978969209515418e-07,0.00866631268316281
0.467,42.2740499834028,-71.8117400000007,10.0020279288292,-0.007895472452037151,-3.996068950435404e-07,0.008684909920668568
0.468,42.2740499833317,-71.8117400000008,10.0020366227254,-0.007912379245568715,-4.013205346210831e-07,0.008703507158174273
0.469,42.2740499832604,-71.8117400000008,10.0020453343168,-0.007929286039100068,-4.0303783979774943e-07,0.008722104395679907
0.47,42.2740499831889,-71.8117400000008,10.0020540673286,-0.00794619283263119,-4.0475881043819397e-07,0.008740701633185417
0.471,42.2740499831173,-71.8117400000008,10.0020628161728,-0.007963099626162116,-4.064834466730525e-07,0.008759298870690851
0.472,42.2740499830455,-71.8117400000008,10.0020715845749,-0.007980006419692844,-4.0821174848986924e-07,0.00877789610819621
0.473,42.2740499829736,-71.8117400000008,10.0020803725347,-0.0079969132132234,-4.0994371579170767e-07,0.008796493345701515
0.474,42.2740499829016,-71.8117400000008,10.0020891772583,-0.008013820006753774,-4.116793485979529e-07,0.008815090583206769
0.475,42.2740499828293,-71.8117400000008,10.0020980034024,-0.008030726800283963,-4.1341864699269627e-07,0.00883368782071195
0.476,42.274049982757,-71.8117400000008,10.0021068453789,-0.008047633593813885,-4.1516161094109647e-07,0.008852285058216988
0.477,42.2740499826844,-71.8117400000008,10.0021157078445,-0.008064540387343626,-4.169082403810017e-07,0.008870882295721971
0.478,42.2740499826117,-71.8117400000008,10.0021245870739,-0.008081447180873176,-4.1865853542146464e-07,0.008889479533226885
0.479,42.2740499825389,-71.8117400000008,10.0021334858611,-0.008098353974402554,-4.2041249594994156e-07,0.00890807677073174
0.48,42.2740499824659,-71.8117400000008,10.0021424032748,-0.008115260767931733,-4.221701220668801e-07,0.008926674008236529
0.481,42.2740499823928,-71.8117400000008,10.0021513383836,-0.008132167561460665,-4.239314136422267e-07,0.00894527124574119
0.482,42.2740499823195,-71.8117400000008,10.0021602939814,-0.008149074354989405,-4.256963708168847e-07,0.008963868483245784
0.483,42.2740499822461,-71.8117400000008,10.0021692672744,-0.008165981148517949,-4.274649935700236e-07,0.0089824657207503
0.484,42.2740499821725,-71.8117400000008,10.0021782573313,-0.008182887942046316,-4.2923728182670287e-07,0.009001062958254763
0.485,42.2740499820987,-71.8117400000008,10.0021872678772,-0.008199794735574445,-4.3101323554025453e-07,0.009019660195759109
0.486,42.2740499820249,-71.8117400000009,10.0021962979808,-0.008216701529102437,-4.32792854866958e-07,0.009038257433263456
0.487,42.2740499819508,-71.8117400000009,10.0022053448483,-0.008233608322630172,-4.345761397603564e-07,0.009056854670767655
0.488,42.2740499818766,-71.8117400000009,10.002214409411,-0.00825051511615772,-4.363630901451975e-07,0.009075451908271803
0.489,42.2740499818022,-71.8117400000009,10.0022234963253,-0.008267421909685007,-4.3815370609158066e-07,0.009094049145775813
0.49,42.2740499817277,-71.8117400000009,10.0022326000035,-0.008284328703212187,-4.399479875602489e-07,0.009112646383279832
0.491,42.2740499816531,-71.8117400000009,10.0022417213768,-0.0083012354967391,-4.4174593459043587e-07,0.009131243620783724
0.492,42.2740499815783,-71.8117400000009,10.0022508613765,-0.00831814229026584,-4.4354754710431986e-07,0.009149840858287555
0.493,42.2740499815033,-71.8117400000009,10.0022600218654,-0.008335049083792317,-4.453528251806046e-07,0.00916843809579125
0.494,42.2740499814282,-71.8117400000009,10.002269199118,-0.008351955877318653,-4.471617688855887e-07,0.00918703533329494
0.495,42.2740499813529,-71.8117400000009,10.0022783949971,-0.008368862670844756,-4.4897437804390783e-07,0.009205632570798507
0.496,42.2740499812775,-71.8117400000009,10.002287610434,-0.008385769464370649,-4.5079065279630114e-07,0.009224229808302014
0.497,42.2740499812019,-71.8117400000009,10.002296843566,-0.008402676257896305,-4.5261059300198704e-07,0.009242827045805393
0.498,42.2740499811262,-71.8117400000009,10.0023060953245,-0.008419583051421821,-4.5443419883687534e-07,0.009261424283308776
0.499,42.2740499810504,-71.8117400000009,10.0023153657094,-0.008436489844947102,-4.562614701306983e-07,0.009280021520812037
0.5,42.2740499809743,-71.8117400000009,10.0023246547207,-0.008453396638472171,-4.5809240700946834e-07,0.009298618758315225
0.501,42.2740499808981,-71.8117400000009,10.0023339632899,-0.008470303431997004,-4.5992700936589173e-07,0.009317215995818298
0.502,42.2740499808218,-71.8117400000009,10.0023432914168,-0.008487210225521628,-4.6176527738939254e-07,0.00933581323332127
0.503,42.2740499807453,-71.8117400000009,10.0023526353762,-0.008504117019046081,-4.636072108256653e-07,0.009354410470824224
0.504,42.2740499806687,-71.811740000001,10.0023619998246,-0.008521023812570331,-4.6545280984341914e-07,0.009373007708327106
0.505,42.2740499805919,-71.811740000001,10.0023713801056,-0.008537930606094321,-4.6730207441921944e-07,0.009391604945829846
0.506,42.274049980515,-71.811740000001,10.002380781807,-0.008554837399618112,-4.6915500457561943e-07,0.009410202183332515
0.507,42.2740499804379,-71.811740000001,10.0023902012035,-0.008571744193141741,-4.7101160014523207e-07,0.009428799420835163
0.508,42.2740499803606,-71.811740000001,10.0023996392265,-0.008588650986665149,-4.7287186139108337e-07,0.009447396658337713
0.509,42.2740499802832,-71.811740000001,10.0024090968072,-0.00860555778018832,-4.7473578810283085e-07,0.009465993895840144
0.51,42.2740499802057,-71.811740000001,10.0024185711518,-0.00862246457371121,-4.7660338036872175e-07,0.009484591133342447
0.511,42.274049980128,-71.811740000001,10.0024280669168,-0.008639371367233998,-4.784746381673054e-07,0.009503188370844762
0.512,42.2740499800501,-71.811740000001,10.0024375775829,-0.008656278160756512,-4.803495615135375e-07,0.00952178560834694
0.513,42.2740499799721,-71.811740000001,10.0024471087381,-0.008673184954278846,-4.822281503612712e-07,0.009540382845849075
0.514,42.274049979894,-71.811740000001,10.0024566594511,-0.008690091747800917,-4.84110404760905e-07,0.009558980083351067
0.515,42.2740499798157,-71.811740000001,10.0024662269279,-0.008706998541322845,-4.859963247889075e-07,0.009577577320853058
0.516,42.2740499797372,-71.811740000001,10.0024758148938,-0.008723905334844469,-4.878859102393942e-07,0.009596174558354863
0.517,42.2740499796586,-71.811740000001,10.0024854205549,-0.00874081212836595,-4.897791613151549e-07,0.009614771795856679
0.518,42.2740499795798,-71.811740000001,10.002495043911,-0.008757718921887186,-4.916760778525413e-07,0.009633369033358371
0.519,42.2740499795009,-71.811740000001,10.002504686825,-0.00877462571540822,-4.935766599700145e-07,0.009651966270859996
0.52,42.2740499794218,-71.811740000001,10.0025143483654,-0.008791532508928992,-4.95480907657287e-07,0.009670563508361476
0.521,42.2740499793426,-71.811740000001,10.0025240276009,-0.008808439302449641,-4.973888208699286e-07,0.009689160745862988
0.522,42.2740499792632,-71.8117400000011,10.0025337263942,-0.00882534609596996,-4.993003996036407e-07,0.009707757983364288
0.523,42.2740499791837,-71.8117400000011,10.0025434428826,-0.008842252889490166,-5.012156438714639e-07,0.00972635522086561
0.524,42.274049979104,-71.8117400000011,10.0025531779975,-0.008859159683010091,-5.03134553689496e-07,0.009744952458366806
0.525,42.2740499790242,-71.8117400000011,10.0025629345328,-0.008876066476529762,-5.050571290625023e-07,0.00976354969586785
0.526,42.2740499789442,-71.8117400000011,10.0025727059692,-0.00889297327004931,-5.069833699660741e-07,0.009782146933368919
0.527,42.2740499788641,-71.8117400000011,10.0025824978948,-0.008909880063568524,-5.08913276398592e-07,0.009800744170869794
0.528,42.2740499787838,-71.8117400000011,10.0025923084468,-0.008926786857087615,-5.108468483496349e-07,0.009819341408370682
0.529,42.2740499787033,-71.8117400000011,10.0026021357626,-0.008943693650606445,-5.127840858633068e-07,0.009837938645871435
0.53,42.2740499786228,-71.8117400000011,10.0026119835675,-0.008960600444125071,-5.147249889501986e-07,0.009856535883372125
0.531,42.274049978542,-71.8117400000011,10.0026218481362,-0.00897750723764345,-5.166695575174204e-07,0.009875133120872693
0.532,42.2740499784611,-71.8117400000011,10.002631733194,-0.008994414031161621,-5.186177916629512e-07,0.009893730358373203
0.533,42.2740499783801,-71.8117400000011,10.0026416368783,-0.009011320824679543,-5.20569691279789e-07,0.009912327595873592
0.534,42.2740499782989,-71.8117400000011,10.0026515582576,-0.00902822761819733,-5.225252565160715e-07,0.009930924833373989
0.535,42.2740499782175,-71.8117400000011,10.0026614991948,-0.009045134411714773,-5.244844872810783e-07,0.009949522070874177
0.536,42.274049978136,-71.8117400000011,10.0026714578271,-0.009062041205232105,-5.264473835613041e-07,0.009968119308374391
0.537,42.2740499780543,-71.8117400000011,10.0026814341545,-0.009078947998749106,-5.284139453758234e-07,0.009986716545874394
0.538,42.2740499779725,-71.8117400000012,10.0026914291084,-0.009095854792265975,-5.303841727003471e-07,0.010005313783374435
0.539,42.2740499778906,-71.8117400000012,10.0027014454827,-0.00911276158578259,-5.323580655977315e-07,0.01002391102087433
0.54,42.2740499778085,-71.8117400000012,10.0027114795521,-0.00912966837929899,-5.343356240821264e-07,0.010042508258374166
0.541,42.2740499777262,-71.8117400000012,10.0027215313166,-0.009146575172815141,-5.363168480326295e-07,0.010061105495873883
0.542,42.2740499776438,-71.8117400000012,10.002731599845,-0.009163481966331022,-5.383017375402892e-07,0.010079702733373467
0.543,42.2740499775612,-71.8117400000012,10.0027416879311,-0.009180388759846763,-5.402902926595113e-07,0.010098299970873059
0.544,42.2740499774785,-71.8117400000012,10.0027517974377,-0.009197295553362187,-5.422825132171893e-07,0.010116897208372463
0.545,42.2740499773956,-71.8117400000012,10.002761923708,-0.009214202346877467,-5.442783994014469e-07,0.010135494445871876
0.546,42.2740499773126,-71.8117400000012,10.0027720667422,-0.009231109140392504,-5.46277951027027e-07,0.010154091683371174
0.547,42.2740499772294,-71.8117400000012,10.0027822321281,-0.009248015933907266,-5.482811682276563e-07,0.010172688920870341
0.548,42.274049977146,-71.8117400000012,10.0027924133465,-0.009264922727421824,-5.502880510128806e-07,0.010191286158369433
0.549,42.2740499770626,-71.8117400000012,10.002802615054,-0.009281829520936195,-5.522985992974835e-07,0.010209883395868492
0.55,42.2740499769789,-71.8117400000012,10.0028128325939,-0.00929873631445029,-5.54312813130949e-07,0.01022848063336741
0.551,42.2740499768951,-71.8117400000012,10.0028230715543,-0.009315643107964181,-5.563306925593343e-07,0.010247077870866272
0.552,42.2740499768112,-71.8117400000012,10.0028333272785,-0.009332549901477827,-5.583522374496186e-07,0.010265675108365017
0.553,42.2740499767271,-71.8117400000013,10.0028436025605,-0.009349456694991185,-5.603774478793082e-07,0.010284272345863633
0.554,42.2740499766429,-71.8117400000013,10.0028538974002,-0.00936636348850443,-5.624063238600383e-07,0.010302869583362276
0.555,42.2740499765585,-71.8117400000013,10.0028642080724,-0.009383270282017327,-5.644388654535424e-07,0.010321466820860688
0.556,42.2740499764739,-71.8117400000013,10.0028745392337,-0.009400177075530113,-5.664750724812622e-07,0.01034006405835915
0.557,42.2740499763892,-71.8117400000013,10.0028848880902,-0.009417083869042536,-5.68514945120988e-07,0.01035866129585739
0.558,42.2740499763044,-71.8117400000013,10.0028952574357,-0.00943399066255478,-5.705584832598573e-07,0.010377258533355593
0.559,42.2740499762194,-71.8117400000013,10.0029056426138,-0.009450897456066813,-5.726056869836602e-07,0.010395855770853725
0.56,42.2740499761342,-71.8117400000013,10.0029160473496,-0.009467804249578595,-5.74656556181812e-07,0.010414453008351747
0.561,42.2740499760489,-71.8117400000013,10.0029264725745,-0.009484711043090167,-5.767110909578088e-07,0.010433050245849715
0.562,42.2740499759634,-71.8117400000013,10.0029369136319,-0.009501617836601493,-5.787692912052947e-07,0.010451647483347561
0.563,42.2740499758778,-71.8117400000013,10.0029473761097,-0.009518524630112579,-5.808311571244035e-07,0.01047024472084533
0.564,42.274049975792,-71.8117400000013,10.0029578553513,-0.009535431423623416,-5.828966885074598e-07,0.010488841958342984
0.565,42.2740499757061,-71.8117400000013,10.0029683532193,-0.009552338217134063,-5.849658853908296e-07,0.0105074391958406
0.566,42.27404997562,-71.8117400000013,10.0029788706452,-0.009569245010644448,-5.870387478303007e-07,0.010526036433338081
0.567,42.2740499755338,-71.8117400000013,10.0029894066975,-0.009586151804154546,-5.891152758302757e-07,0.010544633670835437
0.568,42.2740499754474,-71.8117400000014,10.0029999585822,-0.009603058597664442,-5.911954694155881e-07,0.010563230908332718
0.569,42.2740499753609,-71.8117400000014,10.0030105309561,-0.009619965391174143,-5.932793284923052e-07,0.010581828145829968
0.57,42.2740499752742,-71.8117400000014,10.0030211219564,-0.009636872184683572,-5.953668531314337e-07,0.010600425383327084
0.571,42.2740499751874,-71.8117400000014,10.0030317315832,-0.009653778978192747,-5.974580432403615e-07,0.010619022620824096
0.572,42.2740499751004,-71.8117400000014,10.0030423607677,-0.009670685771701694,-5.995528990268291e-07,0.010637619858321016
0.573,42.2740499750133,-71.8117400000014,10.0030530076474,-0.009687592565210398,-6.016514201661935e-07,0.01065621709581786
0.574,42.274049974926,-71.8117400000014,10.0030636731535,-0.009704499358718878,-6.03753607008206e-07,0.010674814333314617
0.575,42.2740499748385,-71.8117400000014,10.0030743572861,-0.009721406152227111,-6.058594593106092e-07,0.010693411570811254
0.576,42.2740499747509,-71.8117400000014,10.0030850591138,-0.00973831294573512,-6.079689772044645e-07,0.010712008808307846
0.577,42.2740499746632,-71.8117400000014,10.0030957823619,-0.009755219739242883,-6.100821605501337e-07,0.010730606045804319
0.578,42.2740499745753,-71.8117400000014,10.0031065214425,-0.00977212653275036,-6.121990094537014e-07,0.010749203283300665
0.579,42.2740499744873,-71.8117400000014,10.0031172791496,-0.009789033326257636,-6.143195239553797e-07,0.01076780052079695
0.58,42.274049974399,-71.8117400000014,10.0031280554831,-0.009805940119764699,-6.164437040413466e-07,0.010786397758293167
0.581,42.2740499743107,-71.8117400000014,10.0031388523057,-0.00982284691327144,-6.185715495640102e-07,0.01080499499578922
0.582,42.2740499742222,-71.8117400000014,10.0031496658921,-0.009839753706778035,-6.207030607042465e-07,0.010823592233285273
0.583,42.2740499741335,-71.8117400000015,10.0031604990363,-0.009856660500284312,-6.228382372609738e-07,0.010842189470781156
0.584,42.2740499740447,-71.8117400000015,10.003171350807,-0.009873567293790377,-6.249770794191333e-07,0.010860786708276969
0.585,42.2740499739558,-71.8117400000015,10.003182221204,-0.009890474087296161,-6.271195871357853e-07,0.010879383945772654
0.586,42.2740499738666,-71.8117400000015,10.0031931092963,-0.009907380880801734,-6.292657604442031e-07,0.010897981183268289
0.587,42.2740499737774,-71.8117400000015,10.0032040169463,-0.009924287674307055,-6.314155992141461e-07,0.010916578420763809
0.588,42.2740499736879,-71.8117400000015,10.0032149432227,-0.009941194467812164,-6.335691035767171e-07,0.010935175658259274
0.589,42.2740499735984,-71.8117400000015,10.0032258881256,-0.009958101261317003,-6.357262733792826e-07,0.010953772895754632
0.59,42.2740499735086,-71.8117400000015,10.0032368497923,-0.009975008054821566,-6.378871088541386e-07,0.010972370133249828
0.591,42.2740499734188,-71.8117400000015,10.0032478338107,-0.009991914848325918,-6.400516098215488e-07,0.010990967370745001
0.592,42.2740499733287,-71.8117400000015,10.0032588327304,-0.010008821641830026,-6.42219776245191e-07,0.011009564608240055
0.593,42.2740499732386,-71.8117400000015,10.0032698502764,-0.010025728435333846,-6.443916082403774e-07,0.011028161845734994
0.594,42.2740499731482,-71.8117400000015,10.0032808901742,-0.010042635228837454,-6.465671058158626e-07,0.011046759083229864
0.595,42.2740499730577,-71.8117400000015,10.0032919449732,-0.010059542022340797,-6.487462689462147e-07,0.011065356320724608
0.596,42.2740499729671,-71.8117400000016,10.0033030202612,-0.010076448815843873,-6.509290975425328e-07,0.011083953558219244
0.597,42.2740499728763,-71.8117400000016,10.0033141123131,-0.010093355609346726,-6.531155917185075e-07,0.01110255079571383
0.598,42.2740499727854,-71.8117400000016,10.0033252248541,-0.010110262402849318,-6.553057514741361e-07,0.01112114803320828
0.599,42.2740499726943,-71.8117400000016,10.0033363560215,-0.010127169196351683,-6.574995767938036e-07,0.011139745270702677
0.6,42.274049972603,-71.8117400000016,10.0033475039527,-0.010144075989853792,-6.596970675902163e-07,0.011158342508196964
0.601,42.2740499725116,-71.8117400000016,10.0033586705104,-0.01016098278335565,-6.618982238477452e-07,0.011176939745691145
0.602,42.2740499724201,-71.8117400000016,10.0033698584884,-0.010177889576857271,-6.641030457871469e-07,0.011195536983185251
0.603,42.2740499723284,-71.8117400000016,10.003381062299,-0.010194796370358626,-6.663115331920315e-07,0.011214134220679246
0.604,42.2740499722365,-71.8117400000016,10.003392284736,-0.010211703163859711,-6.685236861593793e-07,0.011232731458173119
0.605,42.2740499721445,-71.8117400000016,10.0034035285935,-0.010228609957360505,-6.70739504668166e-07,0.011251328695666868
0.606,42.2740499720524,-71.8117400000016,10.0034147882834,-0.010245516750861102,-6.729589886889898e-07,0.011269925933160577
0.607,42.27404997196,-71.8117400000016,10.0034260684624,-0.010262423544361438,-6.751821382608025e-07,0.01128852317065416
0.608,42.2740499718676,-71.8117400000016,10.0034373654053,-0.010279330337861544,-6.774089534170801e-07,0.01130712040814769
0.609,42.274049971775,-71.8117400000017,10.0034486819059,-0.010296237131361399,-6.796394340373187e-07,0.011325717645641107
0.61,42.2740499716822,-71.8117400000017,10.0034600161016,-0.010313143924860971,-6.818735802140747e-07,0.011344314883134404
0.611,42.2740499715893,-71.8117400000017,10.0034713689238,-0.010330050718360267,-6.841113919580934e-07,0.011362912120627565
0.612,42.2740499714962,-71.8117400000017,10.0034827440977,-0.010346957511859337,-6.863528692829175e-07,0.011381509358120682
0.613,42.274049971403,-71.8117400000017,10.0034941341728,-0.010363864305358144,-6.885980120627304e-07,0.011400106595613697
0.614,42.2740499713096,-71.8117400000017,10.0035055438057,-0.01038077109885668,-6.908468204123742e-07,0.011418703833106577
0.615,42.2740499712161,-71.8117400000017,10.0035169711336,-0.010397677892354932,-6.930992943130359e-07,0.011437301070599336
0.616,42.2740499711224,-71.8117400000017,10.0035284170881,-0.010414584685852999,-6.953554337046077e-07,0.01145589830809206
0.617,42.2740499710285,-71.8117400000017,10.0035398826003,-0.010431491479350779,-6.976152386675886e-07,0.011474495545584655
0.618,42.2740499709345,-71.8117400000017,10.0035513658077,-0.010448398272848328,-6.998787092133498e-07,0.011493092783077198
0.619,42.2740499708404,-71.8117400000018,10.0035628685728,-0.01046530506634557,-7.021458451880546e-07,0.011511690020569567
0.62,42.2740499707461,-71.8117400000018,10.0035743899643,-0.010482211859842558,-7.044166468467472e-07,0.011530287258061862
0.621,42.2740499706517,-71.8117400000018,10.0035859309137,-0.010499118653339353,-7.066911140016315e-07,0.011548884495554126
0.622,42.2740499705571,-71.8117400000018,10.0035974886268,-0.010516025446835827,-7.089692465928137e-07,0.011567481733046217
0.623,42.2740499704623,-71.8117400000018,10.0036090640351,-0.010532932240332067,-7.112510448591496e-07,0.011586078970538219
0.624,42.2740499703674,-71.8117400000018,10.0036206599325,-0.01054983903382805,-7.135365085931128e-07,0.011604676208030127
0.625,42.2740499702724,-71.8117400000018,10.003632273525,-0.010566745827323734,-7.158256378879166e-07,0.01162327344552191
0.626,42.2740499701772,-71.8117400000018,10.0036439076066,-0.010583652620819166,-7.181184326347751e-07,0.01164187068301359
0.627,42.2740499700818,-71.8117400000018,10.003655558452,-0.010600559414314344,-7.204148930692152e-07,0.0116604679205052
0.628,42.2740499699863,-71.8117400000018,10.0036672279239,-0.01061746620780928,-7.227150189725873e-07,0.011679065157996703
0.629,42.2740499698906,-71.8117400000018,10.0036789160222,-0.01063437300130395,-7.250188103314679e-07,0.011697662395488102
0.63,42.2740499697948,-71.8117400000019,10.0036906227469,-0.010651279794798307,-7.273262673522778e-07,0.011716259632979361
0.631,42.2740499696989,-71.8117400000019,10.0037023480982,-0.010668186588292473,-7.296373898571757e-07,0.01173485687047058
0.632,42.2740499696028,-71.8117400000019,10.0037140930071,-0.010685093381786356,-7.319521779218756e-07,0.011753454107961683
0.633,42.2740499695065,-71.8117400000019,10.0037258565426,-0.01070200017527995,-7.342706315350779e-07,0.011772051345452662
0.634,42.2740499694101,-71.8117400000019,10.0037376359105,-0.01071890696877329,-7.365927506224946e-07,0.011790648582943536
0.635,42.2740499693135,-71.8117400000019,10.0037494366989,-0.01073581376226638,-7.3891853539857e-07,0.011809245820434336
0.636,42.2740499692168,-71.8117400000019,10.0037612551823,-0.010752720555759166,-7.412479855070192e-07,0.011827843057924992
0.637,42.2740499691199,-71.8117400000019,10.0037730922922,-0.010769627349251713,-7.435811012906445e-07,0.011846440295415568
0.638,42.2740499690228,-71.8117400000019,10.0037849489599,-0.010786534142743982,-7.459178826411471e-07,0.01186503753290602
0.639,42.2740499689257,-71.8117400000019,10.0037968223915,-0.010803440936235979,-7.482583294533063e-07,0.01188363477039637
0.64,42.2740499688283,-71.8117400000019,10.0038087163121,-0.010820347729727758,-7.506024418670805e-07,0.011902232007886673
0.641,42.2740499687308,-71.8117400000019,10.0038206260651,-0.010837254523219268,-7.529502197208714e-07,0.011920829245376878
0.642,42.2740499686332,-71.811740000002,10.0038325563073,-0.010854161316710407,-7.553016631938202e-07,0.011939426482866868
0.643,42.2740499685354,-71.811740000002,10.0038445051759,-0.010871068110201354,-7.576567721755545e-07,0.011958023720356823
0.644,42.2740499684375,-71.811740000002,10.003856472671,-0.01088797490369201,-7.600155467206233e-07,0.01197662095784666
0.645,42.2740499683394,-71.811740000002,10.0038684597239,-0.010904881697182484,-7.623779867518135e-07,0.011995218195336456
0.646,42.2740499682411,-71.811740000002,10.0038804635406,-0.010921788490672574,-7.647440924098847e-07,0.01201381543282605
0.647,42.2740499681427,-71.811740000002,10.0038924859837,-0.01093869528416245,-7.671138635438249e-07,0.012032412670315618
0.648,42.2740499680442,-71.811740000002,10.0039045279846,-0.010955602077652055,-7.694873002506963e-07,0.012051009907805057
0.649,42.2740499679455,-71.811740000002,10.0039165886119,-0.010972508871141401,-7.71864402421641e-07,0.012069607145294398
0.65,42.2740499678466,-71.811740000002,10.003928668797,-0.010989415664630426,-7.74245170237342e-07,0.012088204382783596
0.651,42.2740499677476,-71.811740000002,10.0039407648146,-0.011006322458119194,-7.766296035171503e-07,0.0121068016202727
0.652,42.2740499676484,-71.811740000002,10.0039528822526,-0.011023229251607728,-7.790177023949805e-07,0.012125398857761748
0.653,42.2740499675491,-71.8117400000021,10.0039650155231,-0.011040136045095947,-7.814094666822577e-07,0.012143996095250624
0.654,42.2740499674497,-71.8117400000021,10.0039771692827,-0.011057042838583914,-7.838048966641188e-07,0.012162593332739438
0.655,42.27404996735,-71.8117400000021,10.0039893407375,-0.011073949632071612,-7.862039921139742e-07,0.012181190570228146
0.656,42.2740499672503,-71.8117400000021,10.0040015308186,-0.01109085642555904,-7.886067531232537e-07,0.012199787807716734
0.657,42.2740499671503,-71.8117400000021,10.0040137404576,-0.011107763219046168,-7.910131796860497e-07,0.012218385045205197
0.658,42.2740499670503,-71.8117400000021,10.004025968723,-0.011124670012533035,-7.934232717158077e-07,0.012236982282693574
0.659,42.27404996695,-71.8117400000021,10.0040382146835,-0.011141576806019607,-7.958370293008205e-07,0.012255579520181824
0.66,42.2740499668497,-71.8117400000021,10.0040504792705,-0.01115848359950593,-7.982544525546994e-07,0.012274176757670004
0.661,42.2740499667491,-71.8117400000021,10.0040627634153,-0.011175390392991954,-8.006755411738176e-07,0.012292773995158034
0.662,42.2740499666484,-71.8117400000021,10.0040750643238,-0.011192297186477738,-8.031002954626484e-07,0.012311371232646001
0.663,42.2740499665476,-71.8117400000022,10.0040873866528,-0.011209203979963242,-8.05528715210279e-07,0.012329968470133864
0.664,42.2740499664466,-71.8117400000022,10.0040997257456,-0.011226110773448468,-8.079608005126417e-07,0.012348565707621613
0.665,42.2740499663455,-71.8117400000022,10.0041120816022,-0.011243017566933395,-8.103965513873721e-07,0.01236716294510924
0.666,42.2740499662442,-71.8117400000022,10.0041244588792,-0.011259924360418038,-8.128359678090317e-07,0.012385760182596748
0.667,42.2740499661427,-71.8117400000022,10.0041368538514,-0.011276831153902416,-8.152790497004864e-07,0.012404357420084158
0.668,42.2740499660411,-71.8117400000022,10.0041492683813,-0.011293737947386483,-8.1772579724168e-07,0.012422954657571431
0.669,42.2740499659394,-71.8117400000022,10.0041617006063,-0.011310644740870287,-8.201762102426041e-07,0.012441551895058599
0.67,42.2740499658375,-71.8117400000022,10.0041741505265,-0.011327551534353886,-8.226302887375407e-07,0.01246014913254575
0.671,42.2740499657354,-71.8117400000022,10.0041866200045,-0.011344458327837098,-8.250880328499573e-07,0.01247874637003269
0.672,42.2740499656332,-71.8117400000022,10.0041991090402,-0.011361365121320119,-8.275494424630552e-07,0.012497343607519596
0.673,42.2740499655309,-71.8117400000022,10.0042116139084,-0.011378271914802784,-8.300145175944839e-07,0.012515940845006313
0.674,42.2740499654284,-71.8117400000023,10.0042241392657,-0.011395178708285216,-8.324832583257353e-07,0.01253453808249299
0.675,42.2740499653257,-71.8117400000023,10.0042366832495,-0.011412085501767368,-8.349556646044561e-07,0.012553135319979548
0.676,42.2740499652229,-71.8117400000023,10.0042492477223,-0.01142899229524916,-8.374317364174093e-07,0.012571732557465914
0.677,42.2740499651199,-71.8117400000023,10.0042618280277,-0.01144589908873075,-8.399114737194894e-07,0.012590329794952265
0.678,42.2740499650168,-71.8117400000023,10.0042744269595,-0.011462805882212056,-8.423948765870305e-07,0.012608927032438487
0.679,42.2740499649135,-71.8117400000023,10.004287045449,-0.011479712675693062,-8.448819450061233e-07,0.012627524269924596
0.68,42.2740499648101,-71.8117400000023,10.0042996816337,-0.011496619469173791,-8.473726788944651e-07,0.012646121507410617
0.681,42.2740499647065,-71.8117400000023,10.0043123383075,-0.01151352626265423,-8.498670784339227e-07,0.012664718744896487
0.682,42.2740499646028,-71.8117400000023,10.0043250117451,-0.011530433056134394,-8.523651434334503e-07,0.01268331598238226
0.683,42.2740499644989,-71.8117400000024,10.0043377038091,-0.011547339849614242,-8.548668739783671e-07,0.012701913219867939
0.684,42.2740499643949,-71.8117400000024,10.004350415431,-0.011564246643093825,-8.57372270091951e-07,0.012720510457353475
0.685,42.2740499642907,-71.8117400000024,10.0043631466106,-0.011581153436573111,-8.598813317657151e-07,0.012739107694838908
0.686,42.2740499641864,-71.8117400000024,10.004375894554,-0.011598060230052118,-8.623940588989261e-07,0.012757704932324246
0.687,42.2740499640819,-71.8117400000024,10.0043886611238,-0.011614967023530848,-8.649104515960877e-07,0.012776302169809468
0.688,42.2740499639772,-71.8117400000024,10.0044014472514,-0.011631873817009256,-8.674305099445158e-07,0.012794899407294547
0.689,42.2740499638725,-71.8117400000024,10.0044142501429,-0.011648780610487419,-8.699542336586449e-07,0.012813496644779558
0.69,42.2740499637675,-71.8117400000024,10.0044270735234,-0.011665687403965272,-8.724816230042722e-07,0.012832093882264424
0.691,42.2740499636624,-71.8117400000024,10.0044399145991,-0.011682594197442824,-8.750126779421111e-07,0.012850691119749177
0.692,42.2740499635572,-71.8117400000025,10.0044527743012,-0.011699500990920104,-8.775473983241639e-07,0.012869288357233846
0.693,42.2740499634518,-71.8117400000025,10.0044656526297,-0.0117164077843971,-8.800857842594978e-07,0.012887885594718396
0.694,42.2740499633462,-71.8117400000025,10.0044785514474,-0.011733314577873792,-8.826278357702169e-07,0.01290648283220283
0.695,42.2740499632405,-71.8117400000025,10.0044914670289,-0.011750221371350188,-8.85173552815887e-07,0.01292508006968715
0.696,42.2740499631346,-71.8117400000025,10.0045044012368,-0.011767128164826338,-8.877229353481393e-07,0.012943677307171369
0.697,42.2740499630286,-71.8117400000025,10.0045173531398,-0.011784034958302173,-8.902759834297272e-07,0.012962274544655481
0.698,42.2740499629225,-71.8117400000025,10.004530325532,-0.011800941751777705,-8.92832697156071e-07,0.012980871782139443
0.699,42.2740499628161,-71.8117400000025,10.0045433137566,-0.011817848545252953,-8.953930763504776e-07,0.012999469019623329
0.7,42.2740499627097,-71.8117400000025,10.0045563261956,-0.011834755338727927,-8.979571210084899e-07,0.013018066257107119
0.701,42.2740499626031,-71.8117400000025,10.0045693526044,-0.011851662132202604,-9.00524831315658e-07,0.01303666349459077
0.702,42.2740499624963,-71.8117400000026,10.0045823967084,-0.011868568925676976,-9.03096207182318e-07,0.013055260732074312
0.703,42.2740499623894,-71.8117400000026,10.0045954613015,-0.011885475719151014,-9.056712484789772e-07,0.013073857969557682
0.704,42.2740499622823,-71.8117400000026,10.0046085454524,-0.011902382512624828,-9.082499553734144e-07,0.013092455207041009
0.705,42.2740499621751,-71.8117400000026,10.0046216472983,-0.011919289306098339,-9.108323278153198e-07,0.013111052444524226
0.706,42.2740499620677,-71.8117400000026,10.0046347677708,-0.011936196099571517,-9.134183657036706e-07,0.013129649682007277
0.707,42.2740499619601,-71.8117400000026,10.0046479059383,-0.011953102893044439,-9.160080692410119e-07,0.013148246919490271
0.708,42.2740499618525,-71.8117400000026,10.004661064595,-0.011970009686517019,-9.186014382478289e-07,0.013166844156973102
0.709,42.2740499617446,-71.8117400000026,10.0046742409468,-0.011986916479989356,-9.211984729184453e-07,0.01318544139445586
0.71,42.2740499616366,-71.8117400000026,10.0046874340624,-0.012003823273461344,-9.237991730215627e-07,0.013204038631938468
0.711,42.2740499615285,-71.8117400000027,10.0047006495297,-0.012020730066933058,-9.264035386921343e-07,0.013222635869420955
0.712,42.2740499614202,-71.8117400000027,10.0047138798982,-0.012037636860404476,-9.290115698163512e-07,0.013241233106903356
0.713,42.2740499613118,-71.8117400000027,10.0047271316871,-0.012054543653875597,-9.316232666033627e-07,0.01325983034438561
0.714,42.2740499612032,-71.8117400000027,10.0047404002398,-0.012071450447346432,-9.342386288357567e-07,0.01327842758186779
0.715,42.2740499610944,-71.8117400000027,10.004753687419,-0.012088357240816944,-9.368576567502453e-07,0.013297024819349827
0.716,42.2740499609855,-71.8117400000027,10.0047669941559,-0.012105264034287185,-9.394803501006187e-07,0.013315622056831776
0.717,42.2740499608764,-71.8117400000027,10.0047803195193,-0.012122170827757071,-9.4210670898949e-07,0.013334219294313537
0.718,42.2740499607672,-71.8117400000027,10.0047936616465,-0.012139077621226744,-9.447367333707556e-07,0.013352816531795287
0.719,42.2740499606579,-71.8117400000027,10.0048070251942,-0.012155984414696038,-9.473704233692845e-07,0.013371413769276832
0.72,42.2740499605484,-71.8117400000028,10.0048204055056,-0.012172891208165126,-9.500077788666624e-07,0.013390011006758344
0.721,42.2740499604387,-71.8117400000028,10.0048338044435,-0.01218979800163382,-9.526487999920969e-07,0.013408608244239669
0.722,42.2740499603289,-71.8117400000028,10.0048472220078,-0.012206704795102245,-9.552934865553255e-07,0.0134272054817209
0.723,42.2740499602189,-71.8117400000028,10.0048606600612,-0.012223611588570384,-9.579418386956441e-07,0.01344580271920201
0.724,42.2740499601088,-71.8117400000028,10.0048741139472,-0.012240518382038205,-9.605938563902701e-07,0.013464399956683021
0.725,42.2740499599985,-71.8117400000028,10.0048875883222,-0.012257425175505696,-9.632495395130637e-07,0.013482997194163859
0.726,42.2740499598881,-71.8117400000028,10.004901079461,-0.012274331968972934,-9.65908888321632e-07,0.013501594431644644
0.727,42.2740499597775,-71.8117400000028,10.0049145920202,-0.01229123876243983,-9.685719025569073e-07,0.013520191669125266
0.728,42.2740499596668,-71.8117400000028,10.0049281204119,-0.012308145555906463,-9.712385824869566e-07,0.013538788906605833
0.729,42.2740499595559,-71.8117400000029,10.0049416674301,-0.012325052349372766,-9.739089278396748e-07,0.013557386144086239
0.73,42.2740499594449,-71.8117400000029,10.004955234006,-0.012341959142838765,-9.765829387594479e-07,0.013575983381566533
0.731,42.2740499593337,-71.8117400000029,10.0049688201398,-0.012358865936304432,-9.792606151021827e-07,0.01359458061904666
0.732,42.2740499592223,-71.8117400000029,10.0049824230373,-0.01237577272976984,-9.819419571322281e-07,0.013613177856526732
0.733,42.2740499591108,-71.8117400000029,10.0049960473552,-0.012392679523234877,-9.846269646858388e-07,0.013631775094006622
0.734,42.2740499589992,-71.8117400000029,10.005009688437,-0.012409586316699708,-9.873156377391956e-07,0.013650372331486502
0.735,42.2740499588874,-71.811740000003,10.0050233481452,-0.012426493110164182,-9.90007976303975e-07,0.01366896956896619
0.736,42.2740499587755,-71.811740000003,10.0050370255485,-0.01244339990362834,-9.927039804502089e-07,0.013687566806445785
0.737,42.2740499586634,-71.811740000003,10.0050507225096,-0.0124603066970922,-9.95403650143018e-07,0.013706164043925264
0.738,42.2740499585511,-71.811740000003,10.0050644380972,-0.012477213490555715,-9.981069853738755e-07,0.013724761281404551
0.739,42.2740499584387,-71.811740000003,10.0050781723112,-0.012494120284018981,-1.0008139861671723e-06,0.013743358518883815
0.74,42.2740499583262,-71.811740000003,10.0050919251516,-0.012511027077481923,-1.0035246524016574e-06,0.013761955756362899
0.741,42.2740499582134,-71.811740000003,10.0051056966186,-0.012527933870944525,-1.0062389842960697e-06,0.013780552993841868
0.742,42.2740499581006,-71.811740000003,10.0051194848493,-0.01254484066440686,-1.0089569816477324e-06,0.013799150231320754
0.743,42.2740499579876,-71.811740000003,10.0051332945004,-0.012561747457868824,-1.0116786445229482e-06,0.013817747468799458
0.744,42.2740499578744,-71.8117400000031,10.0051471218467,-0.01257865425133053,-1.0144039731045356e-06,0.0138363447062781
0.745,42.2740499577611,-71.8117400000031,10.0051609678194,-0.0125955610447919,-1.0171329670973912e-06,0.013854941943756577
0.746,42.2740499576476,-71.8117400000031,10.0051748305559,-0.012612467838252981,-1.0198656265381393e-06,0.01387353918123498
0.747,42.274049957534,-71.8117400000031,10.0051887147129,-0.012629374631713744,-1.0226019516639696e-06,0.013892136418713244
0.748,42.2740499574202,-71.8117400000031,10.0052026156336,-0.012646281425174145,-1.0253419422984172e-06,0.013910733656191344
0.749,42.2740499573063,-71.8117400000031,10.0052165361121,-0.012663188218634266,-1.0280855984096482e-06,0.013929330893669347
0.75,42.2740499571922,-71.8117400000031,10.0052304742858,-0.01268009501209409,-1.0308329200706545e-06,0.013947928131147235
0.751,42.274049957078,-71.8117400000031,10.0052444301546,-0.012697001805553589,-1.033583907383395e-06,0.013966525368625
0.752,42.2740499569636,-71.8117400000032,10.0052584065124,-0.012713908599012797,-1.0363385601420735e-06,0.01398512260610269
0.753,42.2740499568491,-71.8117400000032,10.0052724014968,-0.012730815392471654,-1.0390968784342975e-06,0.014003719843580195
0.754,42.2740499567344,-71.8117400000032,10.0052864141762,-0.012747722185930213,-1.0418588622995411e-06,0.014022317081057584
0.755,42.2740499566196,-71.8117400000032,10.0053004464135,-0.01276462897938848,-1.0446245116231232e-06,0.014040914318534894
0.756,42.2740499565046,-71.8117400000032,10.0053144963458,-0.01278153577284643,-1.047393826587549e-06,0.014059511556012082
0.757,42.2740499563894,-71.8117400000032,10.0053285649046,-0.012798442566304004,-1.050166807098342e-06,0.01407810879348908
0.758,42.2740499562741,-71.8117400000032,10.0053426511586,-0.01281534935976131,-1.052943453056149e-06,0.014096706030966003
0.759,42.2740499561587,-71.8117400000032,10.0053567588329,-0.012832256153218313,-1.0557237645865245e-06,0.014115303268442818
0.76,42.2740499560431,-71.8117400000033,10.0053708842024,-0.012849162946674994,-1.0585077417582158e-06,0.014133900505919492
0.761,42.2740499559273,-71.8117400000033,10.0053850263357,-0.012866069740131311,-1.0612953843519999e-06,0.014152497743396034
0.762,42.2740499558114,-71.8117400000033,10.0053991889581,-0.012882976533587347,-1.0640866925203452e-06,0.01417109498087245
0.763,42.2740499556954,-71.8117400000033,10.0054133683443,-0.01289988332704307,-1.0668816662427904e-06,0.014189692218348777
0.764,42.2740499555792,-71.8117400000033,10.0054275672883,-0.012916790120498428,-1.0696803054958227e-06,0.01420828945582491
0.765,42.2740499554628,-71.8117400000033,10.0054417848587,-0.012933696913953565,-1.072482610220732e-06,0.01422688669330104
0.766,42.2740499553463,-71.8117400000033,10.0054560219869,-0.012950603707408252,-1.075288580563149e-06,0.014245483930776903
0.767,42.2740499552296,-71.8117400000033,10.0054702749476,-0.012967510500862714,-1.0780982163804148e-06,0.014264081168252748
0.768,42.2740499551128,-71.8117400000034,10.00548455026,-0.012984417294316803,-1.0809115178115184e-06,0.014282678405728395
0.769,42.2740499549958,-71.8117400000034,10.0054988423362,-0.013001324087770605,-1.0837284847281016e-06,0.014301275643203963
0.77,42.2740499548787,-71.8117400000034,10.0055131521076,-0.013018230881224084,-1.0865491171915045e-06,0.014319872880679428
0.771,42.2740499547614,-71.8117400000034,10.0055274823681,-0.013035137674677191,-1.0893734152851358e-06,0.014338470118154695
0.772,42.274049954644,-71.8117400000034,10.0055418293923,-0.013052044468130082,-1.0922013788700536e-06,0.014357067355629943
0.773,42.2740499545264,-71.8117400000034,10.0055561969057,-0.013068951261582543,-1.0950330079439827e-06,0.014375664593104949
0.774,42.2740499544087,-71.8117400000034,10.0055705811828,-0.01308585805503477,-1.0978683025165153e-06,0.01439426183057994
0.775,42.2740499542908,-71.8117400000035,10.0055849840865,-0.013102764848486617,-1.1007072627052557e-06,0.014412859068054736
0.776,42.2740499541728,-71.8117400000035,10.0055994065478,-0.013119671641938162,-1.1035498884673295e-06,0.01443145630552942
0.777,42.2740499540546,-71.8117400000035,10.0056138467044,-0.013136578435389325,-1.1063961797357948e-06,0.01445005354300394
0.778,42.2740499539363,-71.8117400000035,10.0056283054873,-0.013153485228840219,-1.1092461364797042e-06,0.014468650780478372
0.779,42.2740499538178,-71.8117400000035,10.0056427838281,-0.013170392022290766,-1.1120997588820714e-06,0.014487248017952696
0.78,42.2740499536991,-71.8117400000035,10.0056572807953,-0.013187298815741051,-1.1149570467242565e-06,0.014505845255426919
0.781,42.2740499535803,-71.8117400000035,10.0056717954576,-0.013204205609190962,-1.1178180001111697e-06,0.014524442492900967
0.782,42.2740499534614,-71.8117400000035,10.0056863287464,-0.013221112402640494,-1.1206826190151942e-06,0.014543039730374852
0.783,42.2740499533423,-71.8117400000036,10.0057008806616,-0.01323801919608978,-1.1235509035937352e-06,0.014561636967848672
0.784,42.274049953223,-71.8117400000036,10.0057154530659,-0.0132549259895387,-1.1264228536180993e-06,0.014580234205322349
0.785,42.2740499531036,-71.8117400000036,10.0057300431654,-0.01327183278298725,-1.1292984691590497e-06,0.014598831442795853
0.786,42.2740499529841,-71.8117400000036,10.0057446518913,-0.013288739576435563,-1.132177750307335e-06,0.014617428680269322
0.787,42.2740499528643,-71.8117400000036,10.0057592764497,-0.013305646369883543,-1.1350606968873001e-06,0.01463602591774264
0.788,42.2740499527445,-71.8117400000036,10.0057739224285,-0.013322553163331108,-1.1379473090626842e-06,0.01465462315521575
0.789,42.2740499526245,-71.8117400000036,10.0057885870337,-0.013339459956778377,-1.1408375868149947e-06,0.014673220392688773
0.79,42.2740499525043,-71.8117400000037,10.0058032684028,-0.013356366750225362,-1.143731530036234e-06,0.014691817630161712
0.791,42.274049952384,-71.8117400000037,10.005817970261,-0.013373273543672008,-1.1466291389063608e-06,0.01471041486763452
0.792,42.2740499522635,-71.8117400000037,10.0058326898143,-0.013390180337118293,-1.1495304132874341e-06,0.014729012105107166
0.793,42.2740499521429,-71.8117400000037,10.005847427994,-0.013407087130564224,-1.152435353108678e-06,0.014747609342579656
0.794,42.2740499520221,-71.8117400000037,10.0058621848002,-0.013423993924009905,-1.155343958501376e-06,0.014766206580052118
0.795,42.2740499519012,-71.8117400000037,10.0058769602329,-0.013440900717455146,-1.158256229518526e-06,0.014784803817524316
0.796,42.2740499517801,-71.8117400000037,10.005891754292,-0.01345780751090015,-1.1611721660196963e-06,0.0148034010549965
0.797,42.2740499516589,-71.8117400000038,10.0059065679088,-0.013474714304344784,-1.1640917680288796e-06,0.014821998292468514
0.798,42.2740499515375,-71.8117400000038,10.0059213982895,-0.013491621097789048,-1.1670150355772957e-06,0.014840595529940357
0.799,42.2740499514159,-71.8117400000038,10.0059362500906,-0.01350852789123307,-1.1699419687237564e-06,0.01485919276741217
0.8,42.2740499512943,-71.8117400000038,10.0059511158615,-0.013525434684676658,-1.1728725673596186e-06,0.01487779000488374
0.801,42.2740499511724,-71.8117400000038,10.0059660039842,-0.013542341478120005,-1.1758068315723975e-06,0.014896387242355272
0.802,42.2740499510504,-71.8117400000038,10.005980909802,-0.013559248271562971,-1.178744761323333e-06,0.014914984479826641
0.803,42.2740499509283,-71.8117400000038,10.0059958342463,-0.013576155065005573,-1.1816863565898952e-06,0.014933581717297834
0.804,42.274049950806,-71.8117400000038,10.0060107763857,-0.013593061858447855,-1.1846316174305867e-06,0.014952178954768929
0.805,42.2740499506835,-71.8117400000039,10.0060257380828,-0.013609968651889823,-1.187580543822299e-06,0.014970776192239927
0.806,42.2740499505609,-71.8117400000039,10.0060407184064,-0.01362687544533145,-1.1905331356394096e-06,0.01498937342971077
0.807,42.2740499504382,-71.8117400000039,10.0060557173565,-0.013643782238772759,-1.1934893930953152e-06,0.015007970667181493
0.808,42.2740499503153,-71.8117400000039,10.006070734933,-0.013660689032213678,-1.1964493161118173e-06,0.01502656790465205
0.809,42.2740499501922,-71.8117400000039,10.0060857692733,-0.0136775958256543,-1.1994129045768073e-06,0.015045165142122533
0.81,42.274049950069,-71.8117400000039,10.0061008250341,-0.013694502619094552,-1.202380158644481e-06,0.01506376237959281
0.811,42.2740499499457,-71.8117400000039,10.0061158966273,-0.013711409412534493,-1.2053510782117222e-06,0.015082359617063017
0.812,42.2740499498221,-71.811740000004,10.0061309887096,-0.013728316205974114,-1.2083256633965314e-06,0.015100956854533103
0.813,42.2740499496985,-71.811740000004,10.0061461003497,-0.01374522299941333,-1.2113039140012135e-06,0.015119554092002968
0.814,42.2740499495747,-71.811740000004,10.0061612278223,-0.01376212979285227,-1.2142858301967088e-06,0.015138151329472818
0.815,42.2740499494507,-71.811740000004,10.006176375784,-0.01377903658629084,-1.2172714120139557e-06,0.015156748566942454
0.816,42.2740499493266,-71.811740000004,10.0061915414408,-0.013795943379729099,-1.2202606592856696e-06,0.015175345804412025
0.817,42.2740499492023,-71.8117400000041,10.0062067266554,-0.013812850173166996,-1.2232535720681975e-06,0.015193943041881429
0.818,42.2740499490779,-71.8117400000041,10.0062219286337,-0.013829756966604524,-1.2262501504128142e-06,0.015212540279350657
0.819,42.2740499489533,-71.8117400000041,10.0062371520326,-0.013846663760041707,-1.2292503943854892e-06,0.015231137516819765
0.82,42.2740499488285,-71.8117400000041,10.0062523921952,-0.013863570553478614,-1.2322543038158748e-06,0.015249734754288797
0.821,42.2740499487036,-71.8117400000041,10.0062676519156,-0.013880477346915127,-1.2352618787948492e-06,0.015268331991757667
0.822,42.2740499485786,-71.8117400000041,10.0062829283997,-0.01389738414035134,-1.2382731193177247e-06,0.01528692922922644
0.823,42.2740499484534,-71.8117400000041,10.0062982263044,-0.013914290933787179,-1.2412880253681666e-06,0.015305526466695035
0.824,42.2740499483281,-71.8117400000041,10.0063135400414,-0.013931197727222637,-1.2443065969491941e-06,0.015324123704163462
0.825,42.2740499482026,-71.8117400000041,10.0063288733363,-0.013948104520657782,-1.247328834089538e-06,0.015342720941631794
0.826,42.274049948077,-71.8117400000042,10.0063442252576,-0.013965011314092623,-1.2503547367667112e-06,0.015361318179100029
0.827,42.2740499479512,-71.8117400000042,10.0063595958054,-0.01398191810752708,-1.2533843050040853e-06,0.0153799154165681
0.828,42.2740499478252,-71.8117400000042,10.0063749849796,-0.01399882490096116,-1.2564175387532607e-06,0.015398512654036007
0.829,42.2740499476991,-71.8117400000042,10.0063903927803,-0.014015731694394936,-1.2594544380531205e-06,0.015417109891503801
0.83,42.2740499475729,-71.8117400000042,10.0064058201388,-0.01403263848782838,-1.2624950029165306e-06,0.015435707128971514
0.831,42.2740499474464,-71.8117400000042,10.0064212651923,-0.014049545281261474,-1.2655392333155457e-06,0.015454304366439055
0.832,42.2740499473199,-71.8117400000043,10.006436727941,-0.014066452074694168,-1.2685871292113642e-06,0.015472901603906427
0.833,42.2740499471932,-71.8117400000043,10.0064522102475,-0.014083358868126564,-1.2716386906743e-06,0.015491498841373692
0.834,42.2740499470663,-71.8117400000043,10.0064677111804,-0.014100265661558604,-1.274693917602413e-06,0.01551009607884083
0.835,42.2740499469393,-71.8117400000043,10.0064832307398,-0.014117172454990303,-1.277752810153702e-06,0.015528693316307842
0.836,42.2740499468121,-71.8117400000043,10.0064987689257,-0.014134079248421628,-1.280815368238635e-06,0.015547290553774679
0.837,42.2740499466848,-71.8117400000043,10.0065143238753,-0.014150986041852578,-1.2838815918545833e-06,0.015565887791241356
0.838,42.2740499465573,-71.8117400000044,10.0065298983827,-0.014167892835283209,-1.286951481005973e-06,0.015584485028707936
0.839,42.2740499464297,-71.8117400000044,10.0065454943106,-0.014184799628713515,-1.2900250357457024e-06,0.01560308226617443
0.84,42.2740499463019,-71.8117400000044,10.0065611060709,-0.01420170642214349,-1.2931022558908165e-06,0.015621679503640767
0.841,42.274049946174,-71.8117400000044,10.0065767364576,-0.014218613215573047,-1.2961831416856303e-06,0.015640276741106917
0.842,42.2740499460459,-71.8117400000044,10.0065923854709,-0.014235520009002297,-1.2992676930060518e-06,0.015658873978572976
0.843,42.2740499459177,-71.8117400000044,10.0066080559045,-0.014252426802431157,-1.3023559098840242e-06,0.015677471216038866
0.844,42.2740499457893,-71.8117400000044,10.0066237421706,-0.014269333595859655,-1.3054477922577047e-06,0.015696068453504585
0.845,42.2740499456608,-71.8117400000045,10.0066394479945,-0.014286240389287861,-1.308543340105914e-06,0.015714665690970242
0.846,42.2740499455321,-71.8117400000045,10.0066551705822,-0.014303147182715708,-1.3116425536111408e-06,0.015733262928435784
0.847,42.2740499454032,-71.8117400000045,10.0066709145904,-0.01432005397614312,-1.314745432621082e-06,0.015751860165901094
0.848,42.2740499452742,-71.8117400000045,10.0066866753623,-0.014336960769570225,-1.3178519771656577e-06,0.015770457403366297
0.849,42.2740499451451,-71.8117400000045,10.0067024547607,-0.014353867562997016,-1.3209621872830366e-06,0.015789054640831406
0.85,42.2740499450158,-71.8117400000045,10.0067182527855,-0.01437077435642343,-1.3240760628355202e-06,0.01580765187829638
0.851,42.2740499448864,-71.8117400000046,10.0067340694368,-0.014387681149849466,-1.3271936040125914e-06,0.01582624911576116
0.852,42.2740499447567,-71.8117400000046,10.0067499056458,-0.014404587943275171,-1.3303148107429922e-06,0.015844846353225854
0.853,42.274049944627,-71.8117400000046,10.0067657586187,-0.014421494736700501,-1.3334396829845093e-06,0.015863443590690373
0.854,42.2740499444971,-71.8117400000046,10.0067816320807,-0.014438401530125522,-1.3365682207929812e-06,0.015882040828154805
0.855,42.274049944367,-71.8117400000046,10.0067975241691,-0.014455308323550081,-1.3397004241056313e-06,0.015900638065618998
0.856,42.2740499442368,-71.8117400000046,10.0068134339526,-0.014472215116974427,-1.3428362928981146e-06,0.01591923530308319
0.857,42.2740499441064,-71.8117400000046,10.0068293623626,-0.014489121910398289,-1.345975827280028e-06,0.015937832540547137
0.858,42.2740499439759,-71.8117400000047,10.0068453093991,-0.014506028703821852,-1.3491190272219197e-06,0.01595642977801098
0.859,42.2740499438453,-71.8117400000047,10.006861275062,-0.014522935497245022,-1.3522658927051785e-06,0.01597502701547466
0.86,42.2740499437144,-71.8117400000047,10.0068772593513,-0.01453984229066788,-1.3554164237288426e-06,0.01599362425293825
0.861,42.2740499435835,-71.8117400000047,10.0068932613358,-0.014556749084090348,-1.3585706202878056e-06,0.016012221490401685
0.862,42.2740499434523,-71.8117400000047,10.006909282878,-0.01457365587751245,-1.3617284823755359e-06,0.016030818727864934
0.863,42.2740499433211,-71.8117400000047,10.0069253239781,-0.014590562670934221,-1.3648900100306654e-06,0.016049415965328117
0.864,42.2740499431896,-71.8117400000048,10.0069413827732,-0.014607469464355627,-1.3680552031873848e-06,0.016068013202791113
0.865,42.2740499430581,-71.8117400000048,10.0069574601948,-0.01462437625777665,-1.3712240618902183e-06,0.01608661044025395
0.866,42.2740499429263,-71.8117400000048,10.0069735553116,-0.014641283051197329,-1.3743965861314782e-06,0.016105207677716712
0.867,42.2740499427944,-71.8117400000048,10.0069896699861,-0.014658189844617657,-1.3775727759079913e-06,0.01612380491517929
0.868,42.2740499426624,-71.8117400000048,10.007005803287,-0.014675096638037554,-1.3807526313003466e-06,0.016142402152641698
0.869,42.2740499425302,-71.8117400000049,10.0070219552144,-0.014692003431457178,-1.383936152172951e-06,0.016160999390104035
0.87,42.2740499423979,-71.8117400000049,10.0070381257683,-0.0147089102248764,-1.3871233385689776e-06,0.01617959662756621
0.871,42.2740499422654,-71.8117400000049,10.0070543149486,-0.01472581701829525,-1.390314190484035e-06,0.016198193865028215
0.872,42.2740499421327,-71.8117400000049,10.0070705218241,-0.01474272381171378,-1.3935087079582956e-06,0.01621679110249014
0.873,42.2740499419999,-71.8117400000049,10.0070867482573,-0.014759630605131914,-1.396706891060698e-06,0.016235388339951865
0.874,42.274049941867,-71.8117400000049,10.0071029933169,-0.014776537398549672,-1.3999087395840698e-06,0.016253985577413452
0.875,42.2740499417339,-71.811740000005,10.0071192551404,-0.014793444191967044,-1.4031142536343064e-06,0.0162725828148749
0.876,42.2740499416006,-71.811740000005,10.0071355365217,-0.014810350985384085,-1.4063234333230643e-06,0.016291180052336228
0.877,42.2740499414672,-71.811740000005,10.007151838392,-0.014827257778800753,-1.4095362784740366e-06,0.016309777289797406
0.878,42.2740499413336,-71.811740000005,10.0071681570262,-0.014844164572217029,-1.4127527892275207e-06,0.016328374527258403
0.879,42.2740499411999,-71.811740000005,10.0071844952181,-0.014861071365633,-1.4159729654523748e-06,0.01634697176471933
0.88,42.2740499410661,-71.811740000005,10.0072008511052,-0.01487797815904857,-1.41919680728921e-06,0.016365569002180086
0.881,42.274049940932,-71.8117400000051,10.0072172256187,-0.014894884952463754,-1.4224243146617204e-06,0.016384166239640677
0.882,42.2740499407979,-71.8117400000051,10.0072336187586,-0.014911791745878568,-1.4256554874613847e-06,0.016402763477101127
0.883,42.2740499406636,-71.8117400000051,10.007250033319,-0.014928698539293043,-1.4288903259160377e-06,0.016421360714561465
0.884,42.2740499405291,-71.8117400000051,10.0072664627805,-0.014945605332707139,-1.4321288299005581e-06,0.01643995795202164
0.885,42.2740499403944,-71.8117400000051,10.0072829117998,-0.014962512126120847,-1.4353709994002015e-06,0.01645855518948165
0.886,42.2740499402597,-71.8117400000051,10.0072993794456,-0.014979418919534174,-1.438616834435932e-06,0.016477152426941505
0.887,42.2740499401247,-71.8117400000052,10.0073158657178,-0.014996325712947199,-1.4418663349378427e-06,0.016495749664401295
0.888,42.2740499399897,-71.8117400000052,10.0073323715478,-0.015013232506359823,-1.4451195010514243e-06,0.016514346901860898
0.889,42.2740499398544,-71.8117400000052,10.0073488950729,-0.015030139299772021,-1.4483763327862584e-06,0.016532944139320334
0.89,42.2740499397191,-71.8117400000052,10.0073654372245,-0.015047046093183932,-1.4516368299895592e-06,0.016551541376779683
0.891,42.2740499395835,-71.8117400000052,10.0073819980025,-0.015063952886595384,-1.454900992672382e-06,0.016570138614238825
0.892,42.2740499394478,-71.8117400000052,10.007398577407,-0.015080859680006529,-1.4581688209372033e-06,0.01658873585169786
0.893,42.274049939312,-71.8117400000053,10.0074151754379,-0.015097766473417271,-1.4614403147175525e-06,0.01660733308915675
0.894,42.274049939176,-71.8117400000053,10.0074317920953,-0.015114673266827696,-1.4647154741578697e-06,0.016625930326615506
0.895,42.2740499390398,-71.8117400000053,10.0074484264478,-0.015131580060237676,-1.4679942989848956e-06,0.016644527564074075
0.896,42.2740499389035,-71.8117400000053,10.0074650803581,-0.015148486853647326,-1.4712767893874947e-06,0.016663124801532554
0.897,42.2740499387671,-71.8117400000053,10.0074817528948,-0.01516539364705658,-1.4745629454011931e-06,0.01668172203899085
0.898,42.2740499386305,-71.8117400000054,10.007498444058,-0.015182300440465448,-1.4778527669228994e-06,0.016700319276448976
0.899,42.2740499384937,-71.8117400000054,10.0075151529163,-0.015199207233874005,-1.4811462539299724e-06,0.016718916513907056
0.9,42.2740499383568,-71.8117400000054,10.0075318813324,-0.015216114027282093,-1.48444340652347e-06,0.01673751375136487
0.901,42.2740499382198,-71.8117400000054,10.0075486274436,-0.01523302082068986,-1.4877442246650067e-06,0.016756110988822598
0.902,42.2740499380825,-71.8117400000054,10.0075653940439,-0.015249927614097238,-1.4910487083554932e-06,0.01677470822628018
0.903,42.2740499379452,-71.8117400000054,10.007582177408,-0.015266834407504232,-1.4943568575603158e-06,0.016793305463737595
0.904,42.2740499378076,-71.8117400000055,10.0075989803299,-0.01528374120091083,-1.4976686722916152e-06,0.016811902701194863
0.905,42.27404993767,-71.8117400000055,10.007615800947,-0.01530064799431712,-1.5009841525700034e-06,0.016830499938652023
0.906,42.2740499375322,-71.8117400000055,10.0076326420531,-0.015317554787723,-1.504303298391233e-06,0.016849097176109048
0.907,42.2740499373942,-71.8117400000055,10.007649499923,-0.015334461581128436,-1.5076261097075924e-06,0.01686769441356584
0.908,42.2740499372561,-71.8117400000055,10.0076663773507,-0.015351368374533629,-1.5109525866041267e-06,0.016886291651022595
0.909,42.2740499371178,-71.8117400000056,10.0076832734048,-0.015368275167938313,-1.5142827290674816e-06,0.016904888888479134
0.91,42.2740499369794,-71.8117400000056,10.0077001871541,-0.015385181961342661,-1.5176165369994618e-06,0.01692348612593552
0.911,42.2740499368408,-71.8117400000056,10.0077171195298,-0.015402088754746655,-1.520954010575185e-06,0.0169420833633918
0.912,42.274049936702,-71.8117400000056,10.0077340696007,-0.015418995548150198,-1.5242951496417433e-06,0.016960680600847853
0.913,42.2740499365631,-71.8117400000056,10.007751041092,-0.015435902341553428,-1.527639954171854e-06,0.016979277838303837
0.914,42.2740499364241,-71.8117400000056,10.0077680293471,-0.015452809134956258,-1.5309884243320451e-06,0.016997875075759648
0.915,42.2740499362849,-71.8117400000057,10.0077850362286,-0.015469715928358694,-1.5343405599987526e-06,0.01701647231321531
0.916,42.2740499361456,-71.8117400000057,10.0078020608053,-0.015486622721760749,-1.5376963612116629e-06,0.0170350695506708
0.917,42.2740499360061,-71.8117400000057,10.0078191068023,-0.01550352951516247,-1.5410558279674752e-06,0.01705366678812622
0.918,42.2740499358664,-71.8117400000057,10.0078361695632,-0.01552043630856374,-1.5444189602321746e-06,0.017072264025581395
0.919,42.2740499357266,-71.8117400000057,10.0078532518819,-0.015537343101964658,-1.5477857581225316e-06,0.017090861263036473
0.92,42.2740499355867,-71.8117400000058,10.0078703518957,-0.015554249895365203,-1.5511562214808172e-06,0.01710945850049143
0.921,42.2740499354466,-71.8117400000058,10.0078874705359,-0.01557115668876538,-1.5545303503404783e-06,0.017128055737946207
0.922,42.2740499353063,-71.8117400000058,10.0079046068713,-0.015588063482165135,-1.5579081448213618e-06,0.017146652975400824
0.923,42.2740499351659,-71.8117400000058,10.0079217636958,-0.015604970275564484,-1.5612896048542342e-06,0.01716525021285529
0.924,42.2740499350253,-71.8117400000058,10.0079389372841,-0.015621877068963456,-1.5646747303998009e-06,0.017183847450309583
0.925,42.2740499348846,-71.8117400000058,10.0079561304301,-0.015638783862362064,-1.568063521377209e-06,0.017202444687763753
0.926,42.2740499347438,-71.8117400000059,10.0079733431339,-0.015655690655760314,-1.571455977997457e-06,0.017221041925217825
0.927,42.2740499346027,-71.8117400000059,10.0079905744642,-0.015672597449158113,-1.574852100117897e-06,0.017239639162671665
0.928,42.2740499344616,-71.8117400000059,10.0080078206956,-0.01568950424255558,-1.5782518878045748e-06,0.017258236400125422
0.929,42.2740499343202,-71.8117400000059,10.0080250902101,-0.01570641103595264,-1.5816553410920224e-06,0.017276833637579002
0.93,42.2740499341788,-71.811740000006,10.0080423764884,-0.015723317829349326,-1.585062459845141e-06,0.017295430875032443
0.931,42.2740499340372,-71.811740000006,10.0080596804619,-0.015740224622745533,-1.5884732441400985e-06,0.017314028112485644
0.932,42.2740499338954,-71.811740000006,10.0080770049244,-0.015757131416141438,-1.5918876939272325e-06,0.017332625349938784
0.933,42.2740499337534,-71.811740000006,10.0080943461508,-0.015774038209536916,-1.5953058093423002e-06,0.017351222587391753
0.934,42.2740499336114,-71.811740000006,10.0081117069349,-0.015790945002932096,-1.598727590310928e-06,0.017369819824844628
0.935,42.2740499334691,-71.8117400000061,10.0081290863454,-0.015807851796326794,-1.6021530367674758e-06,0.01738841706229728
0.936,42.2740499333267,-71.8117400000061,10.0081464825198,-0.01582475858972112,-1.6055821487635925e-06,0.017407014299749786
0.937,42.2740499331842,-71.8117400000061,10.0081638991833,-0.015841665383115034,-1.6090149262766597e-06,0.017425611537202138
0.938,42.2740499330415,-71.8117400000061,10.0081813344732,-0.01585857217650863,-1.612451369330007e-06,0.017444208774654413
0.939,42.2740499328986,-71.8117400000061,10.0081987893209,-0.015875478969901748,-1.615891477997329e-06,0.017462806012106428
0.94,42.2740499327557,-71.8117400000061,10.0082162600011,-0.015892385763294496,-1.6193352520912736e-06,0.01748140324955832
0.941,42.2740499326125,-71.8117400000062,10.008233750239,-0.01590929255668688,-1.6227826918237712e-06,0.017500000487010114
0.942,42.2740499324692,-71.8117400000062,10.0082512600347,-0.01592619935007888,-1.626233797112694e-06,0.017518597724461748
0.943,42.2740499323257,-71.8117400000062,10.0082687875256,-0.01594310614347045,-1.6296885677572527e-06,0.017537194961913177
0.944,42.2740499321821,-71.8117400000062,10.0082863355055,-0.01596001293686167,-1.6331470040973776e-06,0.017555792199364498
0.945,42.2740499320384,-71.8117400000062,10.0083039011806,-0.0159769197302524,-1.6366091060120039e-06,0.017574389436815604
0.946,42.2740499318945,-71.8117400000063,10.0083214836195,-0.01599382652364283,-1.6400748734004545e-06,0.01759298667426662
0.947,42.2740499317504,-71.8117400000063,10.0083390846848,-0.016010733317032858,-1.643544306286941e-06,0.0176115839117175
0.948,42.2740499316062,-71.8117400000063,10.0083567071706,-0.016027640110422414,-1.6470174047762833e-06,0.017630181149168127
0.949,42.2740499314618,-71.8117400000063,10.0083743454888,-0.01604454690381166,-1.6504941687335641e-06,0.017648778386618692
0.95,42.2740499313173,-71.8117400000063,10.0083920033649,-0.016061453697200488,-1.6539745983199344e-06,0.0176673756240691
0.951,42.2740499311726,-71.8117400000064,10.0084096807986,-0.01607836049058886,-1.6574586934066395e-06,0.017685972861519274
0.952,42.2740499310278,-71.8117400000064,10.0084273759276,-0.0160952672839769,-1.6609464540343711e-06,0.017704570098969356
0.953,42.2740499308828,-71.8117400000064,10.0084450887516,-0.016112174077364545,-1.6644378801911756e-06,0.017723167336419307
0.954,42.2740499307377,-71.8117400000064,10.0084628211334,-0.016129080870751777,-1.6679329719622009e-06,0.01774176457386907
0.955,42.2740499305924,-71.8117400000064,10.0084805740044,-0.016145987664138557,-1.6714317291518135e-06,0.01776036181131865
0.956,42.274049930447,-71.8117400000065,10.0084983436391,-0.016162894457525,-1.674934151967896e-06,0.01777895904876811
0.957,42.2740499303014,-71.8117400000065,10.0085161319003,-0.016179801250910997,-1.6784402402016971e-06,0.017797556286217396
0.958,42.2740499301557,-71.8117400000065,10.0085339369252,-0.01619670804429664,-1.6819499940808987e-06,0.017816153523666566
0.959,42.2740499300098,-71.8117400000065,10.0085517633706,-0.016213614837681883,-1.6854634135046126e-06,0.017834750761115594
0.96,42.2740499298638,-71.8117400000066,10.0085696084425,-0.016230521631066662,-1.6889804985070204e-06,0.01785334799856435
0.961,42.2740499297176,-71.8117400000066,10.0085874702781,-0.016247428424451118,-1.6925012489740538e-06,0.017871945236013077
0.962,42.2740499295712,-71.8117400000066,10.0086053507403,-0.016264335217835116,-1.696025664932819e-06,0.017890542473461588
0.963,42.2740499294247,-71.8117400000066,10.0086232516915,-0.01628124201121875,-1.6995537465429843e-06,0.017909139710909978
0.964,42.2740499292781,-71.8117400000066,10.0086411694065,-0.016298148804601953,-1.7030854936544941e-06,0.017927736948358152
0.965,42.2740499291313,-71.8117400000067,10.0086591057479,-0.016315055597984796,-1.7066209063122383e-06,0.017946334185806243
0.966,42.2740499289843,-71.8117400000067,10.0086770616472,-0.0163319623913672,-1.7101599844670752e-06,0.017964931423254126
0.967,42.2740499288372,-71.8117400000067,10.0086950371042,-0.016348869184749183,-1.7137027281506998e-06,0.017983528660701863
0.968,42.2740499286899,-71.8117400000067,10.0087130302563,-0.01636577597813085,-1.7172491373868447e-06,0.01800212589814951
0.969,42.2740499285425,-71.8117400000067,10.0087310401723,-0.016382682771512034,-1.7207992122414783e-06,0.018020723135596918
0.97,42.274049928395,-71.8117400000068,10.0087490715086,-0.01639958956489284,-1.7243529525060844e-06,0.018039320373044204
0.971,42.2740499282473,-71.8117400000068,10.0087671196088,-0.01641649635827322,-1.7279103583926935e-06,0.01805791761049132
0.972,42.2740499280994,-71.8117400000068,10.0087851872668,-0.016433403151653207,-1.7314714298195352e-06,0.01807651484793828
0.973,42.2740499279514,-71.8117400000068,10.0088032726198,-0.016450309945032788,-1.7350361667649705e-06,0.018095112085385095
0.974,42.2740499278032,-71.8117400000068,10.0088213765994,-0.016467216738411974,-1.7386045693082219e-06,0.01811370932283174
0.975,42.2740499276549,-71.8117400000068,10.0088394992054,-0.016484123531790698,-1.7421766372657596e-06,0.01813230656027819
0.976,42.2740499275064,-71.8117400000069,10.0088576413691,-0.016501030325169058,-1.7457523708902927e-06,0.01815090379772455
0.977,42.2740499273578,-71.8117400000069,10.0088758021593,-0.016517937118546988,-1.7493317699918543e-06,0.018169501035170663
0.978,42.274049927209,-71.8117400000069,10.0088939797133,-0.016534843911924557,-1.7529148346718051e-06,0.01818809827261672
0.979,42.2740499270601,-71.8117400000069,10.0089121786878,-0.016551750705301675,-1.7565015648244553e-06,0.01820669551006257
0.98,42.274049926911,-71.811740000007,10.008930394426,-0.01656865749867839,-1.7600919605189933e-06,0.01822529274750824
0.981,42.2740499267617,-71.811740000007,10.0089486278594,-0.016585564292054683,-1.763686021834722e-06,0.018243889984953767
0.982,42.2740499266123,-71.811740000007,10.0089668817818,-0.016602471085430604,-1.7672837485838066e-06,0.01826248722239916
0.983,42.2740499264628,-71.811740000007,10.0089851533994,-0.0166193778788061,-1.7708851409254637e-06,0.01828108445984438
0.984,42.2740499263131,-71.811740000007,10.0090034436435,-0.016636284672181197,-1.7744901988194808e-06,0.01829968169728946
0.985,42.2740499261633,-71.8117400000071,10.0090217525139,-0.016653191465555887,-1.7780989222390495e-06,0.0183182789347344
0.986,42.2740499260133,-71.8117400000071,10.0090400800109,-0.016670098258930097,-1.7817113112528566e-06,0.018336876172179096
0.987,42.2740499258631,-71.8117400000071,10.0090584261343,-0.016687005052303947,-1.7853273657052127e-06,0.018355473409623648
0.988,42.2740499257128,-71.8117400000071,10.0090767908841,-0.016703911845677412,-1.7889470857865605e-06,0.018374070647068124
0.989,42.2740499255623,-71.8117400000072,10.0090951751918,-0.01672081863905043,-1.792570471382992e-06,0.01839266788451238
0.99,42.2740499254118,-71.8117400000072,10.0091135753319,-0.016737725432423026,-1.7961975224780956e-06,0.01841126512195649
0.991,42.274049925261,-71.8117400000072,10.0091319978237,-0.01675463222579525,-1.7998282391203799e-06,0.01842986235940045
0.992,42.2740499251101,-71.8117400000072,10.009150436148,-0.016771539019166986,-1.8034626213500014e-06,0.018448459596844165
0.993,42.274049924959,-71.8117400000072,10.0091688940302,-0.016788445812538386,-1.8071006690372593e-06,0.018467056834287843
0.994,42.2740499248078,-71.8117400000073,10.00918737147,-0.01680535260590932,-1.8107423823231374e-06,0.018485654071731278
0.995,42.2740499246564,-71.8117400000073,10.0092058656737,-0.016822259399279837,-1.814387761135358e-06,0.01850425130917456
0.996,42.2740499245049,-71.8117400000073,10.0092243794352,-0.016839166192649965,-1.8180368054748911e-06,0.01852284854661769
0.997,42.2740499243532,-71.8117400000073,10.0092429127544,-0.01685607298601966,-1.8216895154433062e-06,0.01854144578406067
0.998,42.2740499242014,-71.8117400000073,10.0092614619061,-0.016872979779388984,-1.825345890817412e-06,0.018560043021503533
0.999,42.2740499240494,-71.8117400000074,10.009280031547,-0.01688988657275781,-1.8290059317926428e-06,0.01857864025894615
