3976,0.08535009,-0.56153278,0.73762235,-0.36511399,0.06342256,-0.00432260,-0.03876730
3989,0.66386556,-0.24229238,0.66792969,0.23334305,0.06342256,-0.00432260,-0.03876730
3995,0.66351075,-0.24236145,0.66778712,0.23468451,0.06342256,-0.00432260,-0.03876730
4002,0.66359906,-0.24287290,0.66746001,0.23483633,0.06342256,-0.00432260,-0.03876730
4011,0.66136837,-0.24665858,0.66712265,0.23811795,0.06342256,-0.00432260,-0.03876730
4017,0.66274299,-0.24333424,0.66751060,0.23662559,0.06342256,-0.00432260,-0.03876730
4026,0.65837817,-0.25806994,0.66109008,0.25079452,0.06342256,-0.00432260,-0.03876730
4033,0.66296854,-0.24421057,0.66758370,0.23487827,0.06342256,-0.00432260,-0.03876730
4041,0.66192646,-0.24628806,0.66658091,0.23846819,0.06342256,-0.00432260,-0.03876730
4050,0.66464862,-0.24139235,0.66775617,0.23254187,0.06342256,-0.00432260,-0.03876730
4056,0.66200213,-0.24525752,0.66736578,0.23712046,0.06342256,-0.00432260,-0.03876730
4063,0.66200990,-0.24809877,0.66554393,0.23925385,0.06342256,-0.00432260,-0.03876730
4072,0.66225199,-0.24638268,0.66637187,0.23805019,0.06342256,-0.00432260,-0.03876730
4079,0.66059827,-0.24733343,0.66727118,0.23913674,0.06342256,-0.00432260,-0.03876730
4085,0.66565542,-0.23586490,0.67078895,0.22652969,0.06342256,-0.00432260,-0.03876730
4092,0.66261124,-0.24326238,0.66810798,0.23537864,0.06342256,-0.00432260,-0.03876730
4098,0.66418666,-0.23873398,0.66957955,0.23136112,0.06342256,-0.00432260,-0.03876730
4107,0.66128101,-0.24813446,0.66611008,0.23965702,0.06342256,-0.00432260,-0.03876730
4114,0.66214413,-0.24579958,0.66729664,0.23635649,0.06342256,-0.00432260,-0.03876730
4123,0.66355943,-0.24594097,0.66533575,0.23776478,0.06342256,-0.00432260,-0.03876730
4130,0.65917563,-0.25585141,0.66277303,0.24649457,0.06342256,-0.00432260,-0.03876730
4139,0.66196627,-0.24946751,0.66475410,0.24014520,0.06342256,-0.00432260,-0.03876730
4145,0.66284103,-0.24657063,0.66580777,0.23779454,0.06342256,-0.00432260,-0.03876730
4151,0.66530904,-0.23593204,0.67112689,0.22647643,0.06342256,-0.00432260,-0.03876730
4161,0.66281070,-0.24579448,0.66623730,0.23747940,0.06342256,-0.00432260,-0.03876730
4167,0.66162443,-0.24640574,0.66682429,0.23850429,0.06342256,-0.00432260,-0.03876730
4177,0.66070604,-0.24952309,0.66516900,0.24239840,0.06342256,-0.00432260,-0.03876730
4184,0.65914831,-0.25393280,0.66353802,0.24649384,0.06342256,-0.00432260,-0.03876730
4193,0.66216764,-0.24485981,0.66690082,0.23837485,0.06342256,-0.00432260,-0.03876730
4199,0.66680006,-0.23351755,0.67110023,0.22466590,0.06342256,-0.00432260,-0.03876730
4209,0.66224713,-0.24577183,0.66690664,0.23719646,0.06342256,-0.00432260,-0.03876730
4215,0.66191577,-0.24486157,0.66760158,0.23710765,0.06342256,-0.00432260,-0.03876730
4222,0.66877946,-0.22610764,0.67363882,0.21868767,0.06342256,-0.00432260,-0.03876730
4228,0.66076183,-0.24974393,0.66549534,0.24112014,0.06342256,-0.00432260,-0.03876730
4235,0.66460247,-0.24060482,0.66819534,0.23222842,0.06342256,-0.00432260,-0.03876730
4243,0.66282577,-0.24457967,0.66739168,0.23544178,0.06342256,-0.00432260,-0.03876730
4251,0.66326436,-0.24431695,0.66653485,0.23690254,0.06342256,-0.00432260,-0.03876730
4257,0.66214027,-0.24634797,0.66618943,0.23890609,0.06342256,-0.00432260,-0.03876730
4266,0.66358232,-0.24082400,0.66888422,0.23293485,0.06342256,-0.00432260,-0.03876730
4273,0.66361188,-0.24052174,0.66826052,0.23494429,0.06342256,-0.00432260,-0.03876730
4280,0.66329760,-0.24265270,0.66738057,0.23613765,0.06342256,-0.00432260,-0.03876730
4286,0.66045818,-0.25247001,0.66363930,0.24420723,0.06342256,-0.00432260,-0.03876730
4295,0.66529121,-0.23705537,0.66992626,0.22889730,0.06342256,-0.00432260,-0.03876730
4304,0.66179823,-0.24846806,0.66510400,0.24067485,0.06342256,-0.00432260,-0.03876730
4311,0.66210632,-0.24548392,0.66714215,0.23722503,0.06342256,-0.00432260,-0.03876730
4317,0.66112971,-0.24936497,0.66550278,0.24048223,0.06342256,-0.00432260,-0.03876730
4323,0.66344475,-0.24299697,0.66736469,0.23541448,0.06342256,-0.00432260,-0.03876730
4332,0.66403059,-0.23946781,0.66942300,0.23150334,0.06342256,-0.00432260,-0.03876730
4340,0.66080212,-0.24941296,0.66538281,0.24166224,0.06342256,-0.00432260,-0.03876730
4346,0.66123080,-0.24866654,0.66546769,0.24102439,0.06342256,-0.00432260,-0.03876730
4353,0.66614255,-0.23277344,0.67197508,0.22477397,0.06342256,-0.00432260,-0.03876730
4359,0.66123294,-0.24828395,0.66574115,0.24065768,0.06342256,-0.00432260,-0.03876730
4368,0.66369557,-0.24410746,0.66692948,0.23479082,0.06342256,-0.00432260,-0.03876730
4374,0.66175460,-0.24637088,0.66664009,0.23869347,0.06342256,-0.00432260,-0.03876730
4386,0.66316933,-0.24155020,0.66823501,0.23521010,0.06342256,-0.00432260,-0.03876730
4392,0.66355686,-0.24358670,0.66739673,0.23439574,0.06342256,-0.00432260,-0.03876730
4401,0.65996460,-0.25338554,0.66391839,0.24383530,0.06342256,-0.00432260,-0.03876730
4408,0.66492900,-0.23755686,0.66999235,0.22923574,0.06342256,-0.00432260,-0.03876730
4415,0.66232652,-0.24460749,0.66738634,0.23682882,0.06342256,-0.00432260,-0.03876730
4421,0.66016025,-0.25170979,0.66487498,0.24243090,0.06342256,-0.00432260,-0.03876730
4430,0.66036996,-0.25177593,0.66464977,0.24240846,0.06342256,-0.00432260,-0.03876730
4439,0.66340408,-0.24188721,0.66798229,0.23492014,0.06342256,-0.00432260,-0.03876730
4446,0.65919084,-0.25372364,0.66415672,0.24492452,0.06342256,-0.00432260,-0.03876730
4452,0.65971107,-0.25552024,0.66237716,0.24647011,0.06342256,-0.00432260,-0.03876730
4458,0.66453576,-0.23964328,0.66942119,0.22987194,0.06342256,-0.00432260,-0.03876730
4467,0.66661863,-0.23393814,0.67034683,0.22700390,0.06342256,-0.00432260,-0.03876730
4475,0.66206579,-0.24499075,0.66730642,0.23738636,0.06342256,-0.00432260,-0.03876730
4481,0.66572804,-0.23588128,0.67090711,0.22594890,0.06342256,-0.00432260,-0.03876730
4488,0.66369814,-0.24169468,0.66816596,0.23376221,0.06342256,-0.00432260,-0.03876730
4494,0.66032676,-0.25050652,0.66573867,0.24084820,0.06342256,-0.00432260,-0.03876730
4504,0.66378636,-0.24129829,0.66799173,0.23441810,0.06342256,-0.00432260,-0.03876730
4510,0.66018967,-0.24956588,0.66614351,0.24108166,0.06342256,-0.00432260,-0.03876730
4519,0.66144523,-0.24923942,0.66501989,0.24107983,0.06342256,-0.00432260,-0.03876730
4526,0.66257386,-0.24487524,0.66681785,0.23746054,0.06342256,-0.00432260,-0.03876730
4535,0.66091322,-0.24872472,0.66567592,0.24125983,0.06342256,-0.00432260,-0.03876730
4541,0.65990519,-0.25081350,0.66541109,0.24258320,0.06342256,-0.00432260,-0.03876730
4550,0.66195230,-0.24780473,0.66543874,0.24000909,0.06342256,-0.00432260,-0.03876730
4556,0.66403179,-0.24086778,0.66859245,0.23244507,0.06342256,-0.00432260,-0.03876730
4566,0.66371846,-0.24209942,0.66791777,0.23399426,0.06342256,-0.00432260,-0.03876730
4573,0.66304974,-0.24671735,0.66500806,0.23929355,0.06342256,-0.00432260,-0.03876730
4579,0.66247425,-0.24588820,0.66612329,0.23863794,0.06342256,-0.00432260,-0.03876730
4587,0.66116304,-0.24633610,0.66720366,0.23879418,0.06342256,-0.00432260,-0.03876730
4594,0.66122221,-0.24999501,0.66504888,0.24082918,0.06342256,-0.00432260,-0.03876730
4602,0.66479659,-0.23876838,0.66943225,0.22999582,0.06342256,-0.00432260,-0.03876730
4610,0.66477117,-0.24007387,0.66857891,0.23118913,0.06342256,-0.00432260,-0.03876730
4619,0.66420946,-0.24112215,0.66822319,0.23273572,0.06342256,-0.00432260,-0.03876730
4625,0.66693167,-0.23272845,0.67093968,0.22557244,0.06342256,-0.00432260,-0.03876730
4634,0.66096439,-0.24919624,0.66582703,0.24021430,0.06342256,-0.00432260,-0.03876730
4640,0.65954546,-0.25293519,0.66422181,0.24460878,0.06342256,-0.00432260,-0.03876730
4647,0.66233181,-0.24410614,0.66737098,0.23737413,0.06342256,-0.00432260,-0.03876730
4656,0.66267862,-0.24455335,0.66705756,0.23682661,0.06342256,-0.00432260,-0.03876730
4663,0.66451745,-0.24150307,0.66795749,0.23222353,0.06342256,-0.00432260,-0.03876730
4671,0.66496400,-0.23767406,0.66955499,0.23028769,0.06342256,-0.00432260,-0.03876730
4678,0.66640048,-0.23252916,0.67157268,0.22546412,0.06342256,-0.00432260,-0.03876730
4684,0.66231403,-0.24509148,0.66734576,0.23647749,0.06342256,-0.00432260,-0.03876730
4693,0.65962724,-0.25444502,0.66312513,0.24579479,0.06342256,-0.00432260,-0.03876730
4701,0.66264295,-0.24434397,0.66726536,0.23655650,0.06342256,-0.00432260,-0.03876730
4708,0.66518917,-0.23626329,0.67083225,0.22735445,0.06342256,-0.00432260,-0.03876730
4714,0.65922231,-0.25267031,0.66411323,0.24604454,0.06342256,-0.00432260,-0.03876730
4721,0.66509170,-0.23836107,0.66922931,0.23015587,0.06342256,-0.00432260,-0.03876730
4729,0.66348843,-0.24247276,0.66769866,0.23488423,0.06342256,-0.00432260,-0.03876730
4736,0.66345176,-0.24424197,0.66718664,0.23460924,0.06342256,-0.00432260,-0.03876730
4745,0.66252183,-0.24498603,0.66709794,0.23670399,0.06342256,-0.00432260,-0.03876730
4752,0.66340961,-0.24282555,0.66745657,0.23542981,0.06342256,-0.00432260,-0.03876730
4761,0.66484260,-0.23798313,0.66948671,0.23051824,0.06342256,-0.00432260,-0.03876730
4768,0.66253519,-0.24514458,0.66661019,0.23787324,0.06342256,-0.00432260,-0.03876730
4774,0.66235513,-0.24692454,0.66597247,0.23831946,0.06342256,-0.00432260,-0.03876730
4780,0.66334195,-0.24200954,0.66833205,0.23397297,0.06342256,-0.00432260,-0.03876730
4792,0.66305637,-0.24417333,0.66737985,0.23524858,0.06342256,-0.00432260,-0.03876730
4801,0.66176934,-0.24763870,0.66578664,0.23972063,0.06342256,-0.00432260,-0.03876730
4807,0.66417260,-0.24207482,0.66796960,0.23257949,0.06342256,-0.00432260,-0.03876730
4814,0.66561985,-0.23833398,0.66916704,0.22883477,0.06342256,-0.00432260,-0.03876730
4820,0.66409940,-0.24296829,0.66695094,0.23476998,0.06342256,-0.00432260,-0.03876730
4829,0.66162638,-0.24820888,0.66570701,0.23974671,0.06342256,-0.00432260,-0.03876730
4837,0.66067533,-0.24891195,0.66599507,0.24083719,0.06342256,-0.00432260,-0.03876730
4843,0.66510653,-0.23830823,0.66952447,0.22930803,0.06342256,-0.00432260,-0.03876730
4850,0.66389470,-0.24164507,0.66782135,0.23423943,0.06342256,-0.00432260,-0.03876730
4856,0.66294212,-0.24408252,0.66757287,0.23511619,0.06342256,-0.00432260,-0.03876730
4865,0.66090011,-0.25002708,0.66525654,0.24110670,0.06342256,-0.00432260,-0.03876730
4871,0.66441159,-0.24066762,0.66857714,0.23160974,0.06342256,-0.00432260,-0.03876730
4881,0.66397881,-0.24227466,0.66757082,0.23406496,0.06342256,-0.00432260,-0.03876730
4887,0.65928544,-0.25228242,0.66408462,0.24635009,0.06342256,-0.00432260,-0.03876730
4896,0.66128373,-0.24798476,0.66623086,0.23946852,0.06342256,-0.00432260,-0.03876730
4902,0.66110754,-0.24911308,0.66581497,0.23993947,0.06342256,-0.00432260,-0.03876730
4911,0.66476607,-0.23626294,0.67100934,0.22806835,0.06342256,-0.00432260,-0.03876730
4917,0.66162414,-0.24871015,0.66544823,0.23995141,0.06342256,-0.00432260,-0.03876730
4927,0.66314496,-0.24376997,0.66750288,0.23506743,0.06342256,-0.00432260,-0.03876730
4936,0.66615872,-0.23483314,0.67051405,0.22693610,0.06342256,-0.00432260,-0.03876730
4942,0.66270422,-0.24376516,0.66836123,0.23387367,0.06342256,-0.00432260,-0.03876730
4948,0.66036567,-0.25250492,0.66337480,0.24513876,0.06342256,-0.00432260,-0.03876730
4955,0.66482629,-0.23999216,0.66857390,0.23113059,0.06342256,-0.00432260,-0.03876730
4965,0.66526107,-0.23776779,0.66940617,0.22976508,0.06342256,-0.00432260,-0.03876730
4971,0.66659164,-0.23420724,0.67038860,0.22668190,0.06342256,-0.00432260,-0.03876730
4980,0.66241436,-0.24335863,0.66822056,0.23551442,0.06342256,-0.00432260,-0.03876730
4994,0.66312046,-0.24581656,0.66677517,0.23507027,0.06342256,-0.00432260,-0.03876730
5003,0.66021661,-0.24892017,0.66607789,0.24185509,0.06342256,-0.00432260,-0.03876730
5009,0.66445040,-0.24183790,0.66752882,0.23329730,0.06342256,-0.00432260,-0.03876730
5019,0.66492609,-0.23695638,0.67033200,0.22887279,0.06342256,-0.00432260,-0.03876730
5025,0.66308255,-0.24320647,0.66774883,0.23512909,0.06342256,-0.00432260,-0.03876730
5032,0.66433010,-0.24071333,0.66876106,0.23126480,0.06342256,-0.00432260,-0.03876730
5041,0.66468186,-0.23887059,0.66945071,0.23016767,0.06342256,-0.00432260,-0.03876730
5047,0.66404433,-0.24026544,0.66895680,0.23198473,0.06342256,-0.00432260,-0.03876730
5054,0.66223549,-0.24618237,0.66627712,0.23856766,0.06342256,-0.00432260,-0.03876730
5063,0.66260628,-0.24415578,0.66780986,0.23531374,0.06342256,-0.00432260,-0.03876730
5070,0.66129198,-0.24664359,0.66716341,0.23823120,0.06342256,-0.00432260,-0.03876730
5077,0.66407108,-0.24027664,0.66892709,0.23198180,0.06342256,-0.00432260,-0.03876730
5083,0.66073160,-0.25012354,0.66509933,0.24190101,0.06342256,-0.00432260,-0.03876730
5090,0.66103844,-0.25028905,0.66431884,0.24303286,0.06342256,-0.00432260,-0.03876730
5098,0.66459245,-0.23816814,0.66974687,0.23029234,0.06342256,-0.00432260,-0.03876730
5106,0.66424698,-0.24130096,0.66823234,0.23241684,0.06342256,-0.00432260,-0.03876730
5112,0.66254324,-0.24621727,0.66583194,0.23892047,0.06342256,-0.00432260,-0.03876730
5119,0.66368484,-0.24307272,0.66726851,0.23493115,0.06342256,-0.00432260,-0.03876730
5128,0.66119880,-0.24679493,0.66671628,0.23958086,0.06342256,-0.00432260,-0.03876730
5135,0.66213173,-0.24597258,0.66662778,0.23809268,0.06342256,-0.00432260,-0.03876730
5141,0.66403222,-0.24048497,0.66887068,0.23204009,0.06342256,-0.00432260,-0.03876730
5151,0.66364760,-0.24370169,0.66717758,0.23464303,0.06342256,-0.00432260,-0.03876730
5157,0.66132106,-0.24853138,0.66556177,0.24065611,0.06342256,-0.00432260,-0.03876730
5166,0.66121950,-0.24812486,0.66578588,0.24073469,0.06342256,-0.00432260,-0.03876730
5172,0.66635107,-0.23366181,0.67167191,0.22413928,0.06342256,-0.00432260,-0.03876730
5179,0.66249313,-0.24498229,0.66679525,0.23763856,0.06342256,-0.00432260,-0.03876730
5185,0.66111984,-0.24906888,0.66604228,0.23932039,0.06342256,-0.00432260,-0.03876730
5196,0.66398992,-0.24025516,0.66890964,0.23228697,0.06342256,-0.00432260,-0.03876730
5206,0.66381812,-0.23987123,0.66875772,0.23360772,0.06342256,-0.00432260,-0.03876730
5212,0.66077189,-0.24959719,0.66514101,0.24221923,0.06342256,-0.00432260,-0.03876730
5219,0.66250276,-0.24453063,0.66725068,0.23679730,0.06342256,-0.00432260,-0.03876730
5225,0.66418509,-0.24057786,0.66874418,0.23187038,0.06342256,-0.00432260,-0.03876730
5234,0.66122550,-0.25089678,0.66380910,0.24328982,0.06342256,-0.00432260,-0.03876730
5241,0.66495828,-0.23647282,0.67077755,0.22797191,0.06342256,-0.00432260,-0.03876730
5248,0.66159200,-0.24677274,0.66676397,0.23838303,0.06342256,-0.00432260,-0.03876730
5254,0.65724945,-0.26203248,0.65992212,0.25271353,0.06342256,-0.00432260,-0.03876730
5263,0.66327419,-0.24235424,0.66803975,0.23464188,0.06342256,-0.00432260,-0.03876730
5272,0.66485586,-0.24231276,0.66708173,0.23292758,0.06342256,-0.00432260,-0.03876730
5278,0.66233892,-0.24637224,0.66557979,0.24002671,0.06342256,-0.00432260,-0.03876730
5288,0.66267127,-0.24467458,0.66685180,0.23730044,0.06342256,-0.00432260,-0.03876730
5294,0.66288304,-0.24538168,0.66645030,0.23710670,0.06342256,-0.00432260,-0.03876730
5303,0.66271295,-0.24312195,0.66784214,0.23599145,0.06342256,-0.00432260,-0.03876730
5309,0.66063184,-0.24933454,0.66572260,0.24127252,0.06342256,-0.00432260,-0.03876730
5316,0.66557402,-0.23840367,0.66868829,0.23028984,0.06342256,-0.00432260,-0.03876730
5322,0.66212215,-0.24751243,0.66567234,0.23919377,0.06342256,-0.00432260,-0.03876730
5332,0.66238074,-0.24688808,0.66542239,0.23981776,0.06342256,-0.00432260,-0.03876730
5338,0.66302089,-0.24319050,0.66802315,0.23453893,0.06342256,-0.00432260,-0.03876730
5347,0.66405181,-0.24190354,0.66789937,0.23330326,0.06342256,-0.00432260,-0.03876730
5354,0.66103029,-0.24779884,0.66612553,0.24065032,0.06342256,-0.00432260,-0.03876730
5362,0.66224336,-0.24348337,0.66850805,0.23504993,0.06342256,-0.00432260,-0.03876730
5369,0.66420745,-0.24061720,0.66774597,0.23462600,0.06342256,-0.00432260,-0.03876730
5378,0.66399536,-0.24033615,0.66906571,0.23173694,0.06342256,-0.00432260,-0.03876730
5384,0.66302943,-0.24340381,0.66811733,0.23402473,0.06342256,-0.00432260,-0.03876730
5391,0.66134624,-0.24735095,0.66647486,0.23927240,0.06342256,-0.00432260,-0.03876730
5402,0.66491246,-0.23773179,0.67010669,0.22876787,0.06342256,-0.00432260,-0.03876730
5408,0.66596884,-0.23670742,0.66988487,0.22740359,0.06342256,-0.00432260,-0.03876730
5417,0.66454749,-0.24079980,0.66818752,0.23220667,0.06342256,-0.00432260,-0.03876730
5425,0.65995798,-0.25102255,0.66478395,0.24393892,0.06342256,-0.00432260,-0.03876730
5432,0.66403126,-0.24181354,0.66718859,0.23547840,0.06342256,-0.00432260,-0.03876730
5438,0.66602234,-0.23483381,0.67114548,0.22546429,0.06342256,-0.00432260,-0.03876730
5444,0.66158218,-0.24669301,0.66640148,0.23950343,0.06342256,-0.00432260,-0.03876730
5451,0.66247062,-0.24535348,0.66670160,0.23758153,0.06342256,-0.00432260,-0.03876730
5457,0.66280198,-0.24360861,0.66756296,0.23602924,0.06342256,-0.00432260,-0.03876730
5467,0.66034097,-0.25297021,0.66325092,0.24506080,0.06342256,-0.00432260,-0.03876730
5474,0.66304926,-0.24474017,0.66690263,0.23603069,0.06342256,-0.00432260,-0.03876730
5480,0.66262121,-0.24419395,0.66734962,0.23653478,0.06342256,-0.00432260,-0.03876730
5489,0.66257185,-0.24416866,0.66796836,0.23494737,0.06342256,-0.00432260,-0.03876730
5496,0.66028118,-0.25085282,0.66429319,0.24457538,0.06342256,-0.00432260,-0.03876730
5502,0.66150465,-0.24691286,0.66674509,0.23853330,0.06342256,-0.00432260,-0.03876730
5511,0.66083817,-0.25102198,0.66455135,0.24218428,0.06342256,-0.00432260,-0.03876730
5518,0.66070747,-0.24761962,0.66675996,0.23996350,0.06342256,-0.00432260,-0.03876730
5527,0.66357593,-0.24165382,0.66826591,0.23386578,0.06342256,-0.00432260,-0.03876730
5533,0.66353816,-0.24234797,0.66830401,0.23314466,0.06342256,-0.00432260,-0.03876730
5539,0.66239356,-0.24503986,0.66698675,0.23731961,0.06342256,-0.00432260,-0.03876730
5546,0.66208686,-0.24859712,0.66475195,0.24072101,0.06342256,-0.00432260,-0.03876730
5556,0.66274814,-0.24375050,0.66698098,0.23767297,0.06342256,-0.00432260,-0.03876730
5565,0.66579127,-0.23499941,0.67065753,0.22741768,0.06342256,-0.00432260,-0.03876730
5571,0.66420102,-0.24112501,0.66768255,0.23430330,0.06342256,-0.00432260,-0.03876730
5578,0.66193842,-0.24662485,0.66712970,0.23654458,0.06342256,-0.00432260,-0.03876730
5584,0.66317229,-0.24487648,0.66604142,0.23796734,0.06342256,-0.00432260,-0.03876730
5593,0.66438217,-0.24013791,0.66864247,0.23205537,0.06342256,-0.00432260,-0.03876730
5600,0.66350059,-0.24247012,0.66771478,0.23480622,0.06342256,-0.00432260,-0.03876730
5609,0.66788873,-0.23165874,0.67116765,0.22315053,0.06342256,-0.00432260,-0.03876730
5615,0.66204442,-0.24576997,0.66651959,0.23884577,0.06342256,-0.00432260,-0.03876730
5624,0.66336584,-0.24211862,0.66830325,0.23387424,0.06342256,-0.00432260,-0.03876730
5631,0.66245660,-0.24753410,0.66531896,0.23922791,0.06342256,-0.00432260,-0.03876730
5637,0.66367883,-0.24219899,0.66786489,0.23415489,0.06342256,-0.00432260,-0.03876730
5645,0.66554193,-0.23557395,0.67095975,0.22666006,0.06342256,-0.00432260,-0.03876730
5651,0.66230893,-0.24667332,0.66552705,0.23994646,0.06342256,-0.00432260,-0.03876730
5660,0.66173477,-0.24551272,0.66724433,0.23794384,0.06342256,-0.00432260,-0.03876730
5666,0.66061024,-0.25169005,0.66409292,0.24336714,0.06342256,-0.00432260,-0.03876730
5673,0.66232085,-0.24406223,0.66810102,0.23538780,0.06342256,-0.00432260,-0.03876730
5679,0.66204175,-0.24571886,0.66710433,0.23726840,0.06342256,-0.00432260,-0.03876730
5689,0.66343874,-0.24343941,0.66718101,0.23549439,0.06342256,-0.00432260,-0.03876730
5695,0.66202497,-0.24631242,0.66645884,0.23851063,0.06342256,-0.00432260,-0.03876730
5704,0.66434879,-0.24154937,0.66785192,0.23296055,0.06342256,-0.00432260,-0.03876730
5711,0.66257333,-0.24578032,0.66636829,0.23778862,0.06342256,-0.00432260,-0.03876730
5717,0.66351852,-0.24130089,0.66830258,0.23428802,0.06342256,-0.00432260,-0.03876730
5726,0.66407947,-0.24179596,0.66822738,0.23239550,0.06342256,-0.00432260,-0.03876730
5734,0.66443233,-0.24008793,0.66873526,0.23169612,0.06342256,-0.00432260,-0.03876730
5740,0.66571178,-0.23616483,0.67023353,0.22769303,0.06342256,-0.00432260,-0.03876730
5747,0.66393651,-0.24127521,0.66830358,0.23312501,0.06342256,-0.00432260,-0.03876730
5756,0.66148991,-0.24771695,0.66536993,0.24156036,0.06342256,-0.00432260,-0.03876730
5762,0.65937280,-0.25319890,0.66399211,0.24542376,0.06342256,-0.00432260,-0.03876730
5771,0.66537590,-0.23775472,0.66932945,0.22966959,0.06342256,-0.00432260,-0.03876730
5778,0.66388339,-0.24219858,0.66840009,0.23203897,0.06342256,-0.00432260,-0.03876730
5787,0.66185083,-0.24844787,0.66531271,0.23997368,0.06342256,-0.00432260,-0.03876730
5794,0.66319322,-0.24489288,0.66624879,0.23731131,0.06342256,-0.00432260,-0.03876730
5800,0.66229672,-0.24658741,0.66624455,0.23806984,0.06342256,-0.00432260,-0.03876730
5807,0.66150755,-0.24762537,0.66658043,0.23824625,0.06342256,-0.00432260,-0.03876730
5815,0.66391491,-0.24162883,0.66794910,0.23383471,0.06342256,-0.00432260,-0.03876730
5825,0.66190500,-0.24605841,0.66678643,0.23818979,0.06342256,-0.00432260,-0.03876730
5831,0.66402392,-0.24161114,0.66732301,0.23532612,0.06342256,-0.00432260,-0.03876730
5838,0.66089892,-0.25114436,0.66453981,0.24192295,0.06342256,-0.00432260,-0.03876730
5847,0.66139121,-0.24810972,0.66562099,0.24073452,0.06342256,-0.00432260,-0.03876730
5853,0.66260910,-0.24291725,0.66853570,0.23452589,0.06342256,-0.00432260,-0.03876730
5860,0.66527662,-0.23830053,0.66917257,0.22984862,0.06342256,-0.00432260,-0.03876730
5869,0.66043634,-0.25024638,0.66484375,0.24327847,0.06342256,-0.00432260,-0.03876730
5876,0.66413078,-0.24127492,0.66825275,0.23271689,0.06342256,-0.00432260,-0.03876730
5884,0.66163878,-0.24619112,0.66702742,0.23811743,0.06342256,-0.00432260,-0.03876730
5891,0.66459541,-0.24016871,0.66862945,0.23144981,0.06342256,-0.00432260,-0.03876730
5897,0.66336159,-0.24666745,0.66514449,0.23809828,0.06342256,-0.00432260,-0.03876730
5907,0.66373481,-0.24240493,0.66779460,0.23398399,0.06342256,-0.00432260,-0.03876730
5916,0.66246318,-0.24636936,0.66621646,0.23791117,0.06342256,-0.00432260,-0.03876730
5922,0.66112637,-0.24817273,0.66642975,0.23915438,0.06342256,-0.00432260,-0.03876730
5929,0.66368556,-0.24192590,0.66827769,0.23323876,0.06342256,-0.00432260,-0.03876730
5935,0.66616401,-0.23278911,0.67164254,0.22568604,0.06342256,-0.00432260,-0.03876730
5942,0.66531114,-0.23809342,0.66907553,0.23024563,0.06342256,-0.00432260,-0.03876730
5951,0.66244850,-0.24575107,0.66670231,0.23722989,0.06342256,-0.00432260,-0.03876730
5958,0.66419763,-0.23887441,0.67025613,0.22921562,0.06342256,-0.00432260,-0.03876730
5964,0.66273398,-0.24508812,0.66679673,0.23685266,0.06342256,-0.00432260,-0.03876730
5971,0.66414890,-0.23936464,0.66880083,0.23306362,0.06342256,-0.00432260,-0.03876730
5977,0.66324090,-0.24476008,0.66676712,0.23585433,0.06342256,-0.00432260,-0.03876730
5986,0.66278514,-0.24428822,0.66783285,0.23460636,0.06342256,-0.00432260,-0.03876730
5998,0.66317415,-0.24301977,0.66751184,0.23573570,0.06342256,-0.00432260,-0.03876730
6004,0.66177024,-0.24871377,0.66498947,0.24081511,0.06342256,-0.00432260,-0.03876730
6011,0.66209402,-0.24661304,0.66593146,0.23947868,0.06342256,-0.00432260,-0.03876730
6022,0.65967521,-0.25176832,0.66528744,0.24255857,0.06342256,-0.00432260,-0.03876730
6028,0.66071467,-0.25019061,0.66478629,0.24273638,0.06342256,-0.00432260,-0.03876730
6034,0.66271991,-0.24365847,0.66779413,0.23555405,0.06342256,-0.00432260,-0.03876730
6044,0.66262106,-0.24488425,0.66696429,0.23690767,0.06342256,-0.00432260,-0.03876730
6052,0.66216015,-0.24650228,0.66626553,0.23847892,0.06342256,-0.00432260,-0.03876730
6061,0.66174340,-0.24698848,0.66606044,0.23970201,0.06342256,-0.00432260,-0.03876730
6068,0.66436786,-0.23771412,0.66993188,0.23087029,0.06342256,-0.00432260,-0.03876730
6074,0.66301641,-0.24222784,0.66835126,0.23461360,0.06342256,-0.00432260,-0.03876730
6080,0.66453466,-0.24155976,0.66799249,0.23201475,0.06342256,-0.00432260,-0.03876730
6091,0.66028542,-0.25001893,0.66500587,0.24347832,0.06342256,-0.00432260,-0.03876730
6097,0.65988292,-0.25111522,0.66451101,0.24478867,0.06342256,-0.00432260,-0.03876730
6104,0.66583728,-0.23521735,0.67080612,0.22661800,0.06342256,-0.00432260,-0.03876730
6110,0.65730152,-0.25704665,0.66255259,0.25080990,0.06342256,-0.00432260,-0.03876730
6119,0.66152210,-0.24830994,0.66562581,0.24015471,0.06342256,-0.00432260,-0.03876730
6125,0.66288461,-0.24519031,0.66716871,0.23527245,0.06342256,-0.00432260,-0.03876730
6135,0.66485857,-0.23873012,0.66887779,0.23146500,0.06342256,-0.00432260,-0.03876730
6142,0.66312475,-0.24410772,0.66724357,0.23550980,0.06342256,-0.00432260,-0.03876730
6151,0.66390805,-0.24217426,0.66742429,0.23478586,0.06342256,-0.00432260,-0.03876730
6157,0.66221785,-0.24543719,0.66672878,0.23812222,0.06342256,-0.00432260,-0.03876730
6163,0.65810165,-0.25593056,0.66352691,0.24725320,0.06342256,-0.00432260,-0.03876730
6170,0.66252546,-0.24497334,0.66668004,0.23788135,0.06342256,-0.00432260,-0.03876730
6179,0.66228981,-0.24613263,0.66589589,0.23953096,0.06342256,-0.00432260,-0.03876730
6188,0.66379957,-0.24071741,0.66855955,0.23335685,0.06342256,-0.00432260,-0.03876730
6195,0.66046724,-0.25012845,0.66513676,0.24251348,0.06342256,-0.00432260,-0.03876730
6204,0.66073970,-0.24841420,0.66586351,0.24153735,0.06342256,-0.00432260,-0.03876730
6210,0.66394166,-0.24062547,0.66855902,0.23304913,0.06342256,-0.00432260,-0.03876730
6219,0.66284360,-0.24475111,0.66713066,0.23595256,0.06342256,-0.00432260,-0.03876730
6228,0.66289587,-0.24351167,0.66820120,0.23405196,0.06342256,-0.00432260,-0.03876730
6235,0.66551547,-0.23571860,0.67062282,0.22758247,0.06342256,-0.00432260,-0.03876730
6241,0.65731754,-0.25690720,0.66354413,0.24827735,0.06342256,-0.00432260,-0.03876730
6248,0.66170983,-0.24963078,0.66412539,0.24241096,0.06342256,-0.00432260,-0.03876730
6256,0.66151738,-0.24756088,0.66654734,0.23837862,0.06342256,-0.00432260,-0.03876730
6263,0.66323585,-0.24423232,0.66692252,0.23597633,0.06342256,-0.00432260,-0.03876730
6273,0.66259360,-0.24760966,0.66522545,0.23903074,0.06342256,-0.00432260,-0.03876730
6284,0.66223959,-0.24618320,0.66602730,0.23925173,0.06342256,-0.00432260,-0.03876730
6291,0.66287302,-0.24256479,0.66827783,0.23487939,0.06342256,-0.00432260,-0.03876730
6297,0.65922050,-0.25347480,0.66437110,0.24452073,0.06342256,-0.00432260,-0.03876730
6304,0.66284556,-0.24424128,0.66682939,0.23732330,0.06342256,-0.00432260,-0.03876730
6310,0.66422171,-0.23966746,0.66974515,0.22981085,0.06342256,-0.00432260,-0.03876730
6320,0.66421341,-0.24007482,0.66865501,0.23256678,0.06342256,-0.00432260,-0.03876730
6326,0.66277937,-0.24389128,0.66770906,0.23538687,0.06342256,-0.00432260,-0.03876730
6333,0.66181793,-0.24598412,0.66698207,0.23796055,0.06342256,-0.00432260,-0.03876730
6339,0.66402454,-0.24059941,0.66848268,0.23305943,0.06342256,-0.00432260,-0.03876730
6348,0.66297078,-0.24348185,0.66750240,0.23585665,0.06342256,-0.00432260,-0.03876730
6355,0.66432704,-0.24020566,0.66832547,0.23305397,0.06342256,-0.00432260,-0.03876730
6362,0.66211223,-0.24309136,0.66866297,0.23538417,0.06342256,-0.00432260,-0.03876730
6369,0.66246337,-0.24218378,0.66867632,0.23529424,0.06342256,-0.00432260,-0.03876730
6375,0.66364912,-0.24297897,0.66757383,0.23426074,0.06342256,-0.00432260,-0.03876730
6384,0.66180858,-0.24639670,0.66635465,0.23931357,0.06342256,-0.00432260,-0.03876730
6390,0.66663970,-0.23164296,0.67207293,0.22417531,0.06342256,-0.00432260,-0.03876730
6397,0.66560292,-0.23683094,0.67039566,0.22684030,0.06342256,-0.00432260,-0.03876730
6406,0.66372685,-0.24081387,0.66916174,0.23173305,0.06342256,-0.00432260,-0.03876730
6413,0.66203885,-0.24689311,0.66626548,0.23841152,0.06342256,-0.00432260,-0.03876730
6422,0.66144251,-0.24850747,0.66553111,0.24043166,0.06342256,-0.00432260,-0.03876730
6430,0.66502199,-0.23643598,0.67056899,0.22843787,0.06342256,-0.00432260,-0.03876730
6437,0.66270446,-0.24539999,0.66658248,0.23721520,0.06342256,-0.00432260,-0.03876730
6443,0.66218276,-0.24625513,0.66662817,0.23765673,0.06342256,-0.00432260,-0.03876730
6453,0.66442785,-0.24035272,0.66808867,0.23329353,0.06342256,-0.00432260,-0.03876730
6459,0.66386694,-0.23901815,0.66917920,0.23313651,0.06342256,-0.00432260,-0.03876730
6466,0.66238460,-0.24311709,0.66877532,0.23426911,0.06342256,-0.00432260,-0.03876730
6472,0.66413278,-0.24016289,0.66907329,0.23150081,0.06342256,-0.00432260,-0.03876730
6481,0.66321659,-0.24198977,0.66829614,0.23445031,0.06342256,-0.00432260,-0.03876730
6490,0.66193270,-0.24650459,0.66634206,0.23889358,0.06342256,-0.00432260,-0.03876730
6497,0.66205687,-0.24475181,0.66824827,0.23499650,0.06342256,-0.00432260,-0.03876730
6504,0.65982789,-0.25150883,0.66433768,0.24500312,0.06342256,-0.00432260,-0.03876730
6510,0.66258869,-0.24608790,0.66626367,0.23772108,0.06342256,-0.00432260,-0.03876730
6519,0.66393380,-0.24007945,0.66886115,0.23276758,0.06342256,-0.00432260,-0.03876730
6525,0.66179170,-0.24564604,0.66704454,0.23820765,0.06342256,-0.00432260,-0.03876730
6532,0.66628451,-0.23602263,0.66971926,0.22767815,0.06342256,-0.00432260,-0.03876730
6541,0.66377935,-0.24104745,0.66885085,0.23223676,0.06342256,-0.00432260,-0.03876730
6550,0.66150975,-0.24916450,0.66517934,0.24054017,0.06342256,-0.00432260,-0.03876730
6556,0.66394352,-0.24184060,0.66771030,0.23421664,0.06342256,-0.00432260,-0.03876730
6565,0.66226205,-0.24753041,0.66574172,0.23859329,0.06342256,-0.00432260,-0.03876730
6571,0.66119198,-0.24905145,0.66551017,0.24061515,0.06342256,-0.00432260,-0.03876730
6578,0.66319365,-0.24391655,0.66745276,0.23492093,0.06342256,-0.00432260,-0.03876730
6588,0.66538786,-0.23773243,0.66975650,0.22841014,0.06342256,-0.00432260,-0.03876730
6594,0.66544189,-0.23705046,0.66947555,0.22978076,0.06342256,-0.00432260,-0.03876730
6601,0.66105003,-0.24914608,0.66550974,0.24090878,0.06342256,-0.00432260,-0.03876730
6607,0.66039514,-0.25223355,0.66381502,0.24414496,0.06342256,-0.00432260,-0.03876730
6616,0.66640205,-0.23602824,0.66976041,0.22720654,0.06342256,-0.00432260,-0.03876730
6623,0.66475534,-0.23874905,0.66933507,0.23041758,0.06342256,-0.00432260,-0.03876730
6634,0.66326260,-0.24238128,0.66823339,0.23409435,0.06342256,-0.00432260,-0.03876730
6643,0.66325001,-0.24224486,0.66793985,0.23510665,0.06342256,-0.00432260,-0.03876730
6650,0.66080493,-0.24954175,0.66570258,0.24063875,0.06342256,-0.00432260,-0.03876730
6657,0.66156620,-0.24900360,0.66475462,0.24172194,0.06342256,-0.00432260,-0.03876730
6663,0.66326179,-0.24242668,0.66761546,0.23580603,0.06342256,-0.00432260,-0.03876730
6669,0.66253857,-0.24446516,0.66733045,0.23654012,0.06342256,-0.00432260,-0.03876730
6679,0.66189012,-0.24720721,0.66654019,0.23773033,0.06342256,-0.00432260,-0.03876730
6688,0.66002407,-0.25254309,0.66374568,0.24501521,0.06342256,-0.00432260,-0.03876730
6694,0.66527976,-0.23727393,0.66981797,0.22902069,0.06342256,-0.00432260,-0.03876730
6701,0.66060328,-0.24766845,0.66687579,0.23987836,0.06342256,-0.00432260,-0.03876730
6710,0.66636323,-0.23298001,0.67106494,0.22661712,0.06342256,-0.00432260,-0.03876730
6717,0.66144428,-0.24879534,0.66596913,0.23891134,0.06342256,-0.00432260,-0.03876730
6724,0.66340022,-0.24392137,0.66702852,0.23553574,0.06342256,-0.00432260,-0.03876730
6731,0.66205592,-0.24883971,0.66469659,0.24070849,0.06342256,-0.00432260,-0.03876730
6737,0.66515355,-0.23931965,0.66848449,0.23114433,0.06342256,-0.00432260,-0.03876730
6746,0.66352534,-0.24253549,0.66756925,0.23508281,0.06342256,-0.00432260,-0.03876730
6752,0.66408166,-0.24090523,0.66838383,0.23286373,0.06342256,-0.00432260,-0.03876730
6759,0.65888257,-0.25475144,0.66368570,0.24596199,0.06342256,-0.00432260,-0.03876730
6768,0.66151928,-0.24250240,0.66911745,0.23636510,0.06342256,-0.00432260,-0.03876730
6774,0.66161370,-0.24844834,0.66529965,0.24066240,0.06342256,-0.00432260,-0.03876730
6783,0.66512513,-0.23585202,0.67076053,0.22817897,0.06342256,-0.00432260,-0.03876730
6790,0.66506376,-0.23897762,0.66889429,0.23057117,0.06342256,-0.00432260,-0.03876730
6796,0.66297636,-0.24152421,0.66873559,0.23435645,0.06342256,-0.00432260,-0.03876730
6803,0.66092534,-0.24663259,0.66728439,0.23892018,0.06342256,-0.00432260,-0.03876730
6812,0.66174278,-0.24700341,0.66621689,0.23925335,0.06342256,-0.00432260,-0.03876730
6819,0.66149253,-0.24792401,0.66584911,0.24001560,0.06342256,-0.00432260,-0.03876730
6825,0.66108555,-0.24929974,0.66528282,0.24127860,0.06342256,-0.00432260,-0.03876730
6832,0.66399531,-0.23971517,0.66910324,0.23227133,0.06342256,-0.00432260,-0.03876730
6840,0.66167249,-0.24781718,0.66559677,0.24032974,0.06342256,-0.00432260,-0.03876730
6849,0.66470184,-0.23901257,0.66912837,0.23089907,0.06342256,-0.00432260,-0.03876730
6857,0.66404237,-0.23960933,0.66924929,0.23182499,0.06342256,-0.00432260,-0.03876730
6863,0.66387658,-0.24297952,0.66755318,0.23367457,0.06342256,-0.00432260,-0.03876730
6869,0.66456456,-0.24122698,0.66801924,0.23219838,0.06342256,-0.00432260,-0.03876730
6878,0.66487493,-0.23664083,0.67046508,0.22895784,0.06342256,-0.00432260,-0.03876730
6885,0.66137719,-0.24910800,0.66460986,0.24252934,0.06342256,-0.00432260,-0.03876730
6894,0.66589994,-0.23610773,0.67023425,0.22719917,0.06342256,-0.00432260,-0.03876730
6901,0.66284360,-0.24343402,0.66743021,0.23646786,0.06342256,-0.00432260,-0.03876730
6909,0.66016840,-0.25051617,0.66482343,0.24378283,0.06342256,-0.00432260,-0.03876730
6916,0.66209845,-0.24699451,0.66577153,0.23951797,0.06342256,-0.00432260,-0.03876730
6925,0.66411418,-0.24063572,0.66873121,0.23205065,0.06342256,-0.00432260,-0.03876730
6931,0.66261668,-0.24499781,0.66690740,0.23696265,0.06342256,-0.00432260,-0.03876730
6941,0.66413187,-0.24088697,0.66823773,0.23315861,0.06342256,-0.00432260,-0.03876730
6950,0.66328039,-0.24457392,0.66637163,0.23705120,0.06342256,-0.00432260,-0.03876730
6956,0.66330504,-0.24337944,0.66739139,0.23533706,0.06342256,-0.00432260,-0.03876730
6962,0.66539306,-0.23665099,0.67035298,0.22776756,0.06342256,-0.00432260,-0.03876730
6969,0.66425018,-0.23757009,0.67059974,0.22941384,0.06342256,-0.00432260,-0.03876730
6977,0.66329579,-0.24202904,0.66840214,0.23388307,0.06342256,-0.00432260,-0.03876730
6985,0.66439657,-0.23828034,0.66973514,0.23077487,0.06342256,-0.00432260,-0.03876730
6994,0.66309471,-0.24174282,0.66854925,0.23432812,0.06342256,-0.00432260,-0.03876730
7006,0.66322050,-0.24415032,0.66728758,0.23507068,0.06342256,-0.00432260,-0.03876730
7013,0.66316490,-0.24214081,0.66809587,0.23501105,0.06342256,-0.00432260,-0.03876730
7022,0.66079692,-0.24795870,0.66710348,0.23840799,0.06342256,-0.00432260,-0.03876730
7028,0.66524944,-0.23456242,0.67140598,0.22724592,0.06342256,-0.00432260,-0.03876730
7037,0.66202449,-0.24810774,0.66526393,0.23998181,0.06342256,-0.00432260,-0.03876730
7046,0.66409020,-0.24285337,0.66699814,0.23478024,0.06342256,-0.00432260,-0.03876730
7054,0.66235742,-0.24552373,0.66748142,0.23552279,0.06342256,-0.00432260,-0.03876730
7061,0.66152563,-0.24563410,0.66771259,0.23708441,0.06342256,-0.00432260,-0.03876730
7067,0.66566333,-0.23570609,0.67084097,0.22651784,0.06342256,-0.00432260,-0.03876730
7076,0.66329851,-0.24172930,0.66851282,0.23386917,0.06342256,-0.00432260,-0.03876730
7084,0.66161208,-0.24699766,0.66632771,0.23931233,0.06342256,-0.00432260,-0.03876730
7091,0.66358132,-0.24246745,0.66742758,0.23539710,0.06342256,-0.00432260,-0.03876730
7097,0.66357564,-0.24325652,0.66732940,0.23487644,0.06342256,-0.00432260,-0.03876730
7103,0.66453890,-0.24028010,0.66805696,0.23314340,0.06342256,-0.00432260,-0.03876730
7110,0.66544604,-0.23672523,0.67021331,0.22794673,0.06342256,-0.00432260,-0.03876730
7119,0.66249446,-0.24655809,0.66639518,0.23712680,0.06342256,-0.00432260,-0.03876730
7126,0.65985684,-0.25173788,0.66537880,0.24184455,0.06342256,-0.00432260,-0.03876730
7132,0.66130738,-0.24689588,0.66660499,0.23948688,0.06342256,-0.00432260,-0.03876730
7141,0.66645598,-0.23231427,0.67229909,0.22334740,0.06342256,-0.00432260,-0.03876730
7149,0.66179676,-0.24752407,0.66601428,0.23913028,0.06342256,-0.00432260,-0.03876730
7155,0.66176376,-0.24589941,0.66682767,0.23863043,0.06342256,-0.00432260,-0.03876730
7162,0.66349387,-0.24428858,0.66658868,0.23613607,0.06342256,-0.00432260,-0.03876730
7171,0.66488561,-0.23811984,0.67004876,0.22861146,0.06342256,-0.00432260,-0.03876730
7180,0.66016888,-0.25078444,0.66509876,0.24275197,0.06342256,-0.00432260,-0.03876730
7186,0.66302928,-0.24191215,0.66853976,0.23436560,0.06342256,-0.00432260,-0.03876730
7193,0.66352849,-0.24169044,0.66832809,0.23378458,0.06342256,-0.00432260,-0.03876730
7199,0.66422815,-0.24040145,0.66908764,0.23093762,0.06342256,-0.00432260,-0.03876730
7206,0.66309380,-0.24138991,0.66896681,0.23350164,0.06342256,-0.00432260,-0.03876730
7216,0.66415081,-0.24352259,0.66727905,0.23311216,0.06342256,-0.00432260,-0.03876730
7222,0.66087036,-0.24903874,0.66551642,0.24149343,0.06342256,-0.00432260,-0.03876730
7229,0.66307163,-0.24352512,0.66725482,0.23622939,0.06342256,-0.00432260,-0.03876730
7235,0.66199026,-0.24742562,0.66572308,0.23950674,0.06342256,-0.00432260,-0.03876730
7244,0.66343636,-0.24244699,0.66799120,0.23422510,0.06342256,-0.00432260,-0.03876730
7252,0.66242074,-0.24358956,0.66766386,0.23683264,0.06342256,-0.00432260,-0.03876730
7262,0.66556453,-0.23526270,0.67060031,0.22797682,0.06342256,-0.00432260,-0.03876730
7268,0.66205682,-0.24748322,0.66623640,0.23783049,0.06342256,-0.00432260,-0.03876730
7275,0.66173319,-0.24739248,0.66655950,0.23792004,0.06342256,-0.00432260,-0.03876730
7284,0.66505174,-0.23593761,0.67118573,0.22705104,0.06342256,-0.00432260,-0.03876730
7290,0.66094045,-0.25293636,0.66335697,0.24318501,0.06342256,-0.00432260,-0.03876730
7297,0.66412773,-0.23921937,0.66979236,0.23041090,0.06342256,-0.00432260,-0.03876730
7306,0.66416144,-0.24089195,0.66834759,0.23275365,0.06342256,-0.00432260,-0.03876730
7315,0.66398262,-0.24222011,0.66779813,0.23346138,0.06342256,-0.00432260,-0.03876730
7321,0.66123113,-0.24677634,0.66642236,0.24032742,0.06342256,-0.00432260,-0.03876730
7328,0.66550354,-0.23921320,0.66815223,0.23120818,0.06342256,-0.00432260,-0.03876730
7334,0.66494922,-0.23748729,0.67035894,0.22817487,0.06342256,-0.00432260,-0.03876730
7343,0.66224565,-0.24700899,0.66606040,0.23829076,0.06342256,-0.00432260,-0.03876730
7350,0.66069450,-0.24924366,0.66531205,0.24232468,0.06342256,-0.00432260,-0.03876730
7359,0.66253018,-0.24602601,0.66581382,0.23920378,0.06342256,-0.00432260,-0.03876730
7366,0.66177678,-0.24764342,0.66547851,0.24054911,0.06342256,-0.00432260,-0.03876730
7372,0.66149735,-0.24597077,0.66734409,0.23785114,0.06342256,-0.00432260,-0.03876730
7381,0.66342048,-0.24168307,0.66873998,0.23291952,0.06342256,-0.00432260,-0.03876730
7387,0.66294651,-0.24518480,0.66607627,0.23818154,0.06342256,-0.00432260,-0.03876730
7397,0.66278119,-0.24288821,0.66788978,0.23590602,0.06342256,-0.00432260,-0.03876730
7403,0.66362643,-0.24157936,0.66897993,0.23174889,0.06342256,-0.00432260,-0.03876730
7412,0.66126894,-0.24733262,0.66691513,0.23827643,0.06342256,-0.00432260,-0.03876730
7418,0.66463136,-0.23895807,0.66940984,0.23034131,0.06342256,-0.00432260,-0.03876730
7425,0.66511111,-0.23850133,0.66901197,0.23058595,0.06342256,-0.00432260,-0.03876730
7434,0.66211843,-0.24533882,0.66697587,0.23780856,0.06342256,-0.00432260,-0.03876730
7442,0.66291131,-0.24456696,0.66672444,0.23709890,0.06342256,-0.00432260,-0.03876730
7449,0.66106486,-0.24874691,0.66531705,0.24181098,0.06342256,-0.00432260,-0.03876730
7457,0.66471772,-0.23700098,0.67027668,0.22959203,0.06342256,-0.00432260,-0.03876730
7463,0.66144700,-0.24629921,0.66720399,0.23804388,0.06342256,-0.00432260,-0.03876730
7470,0.66426472,-0.23899483,0.66926569,0.23177506,0.06342256,-0.00432260,-0.03876730
7479,0.66107530,-0.25096707,0.66377663,0.24371356,0.06342256,-0.00432260,-0.03876730
7486,0.66200971,-0.24454755,0.66766567,0.23698916,0.06342256,-0.00432260,-0.03876730
7493,0.66382093,-0.24192943,0.66802406,0.23357625,0.06342256,-0.00432260,-0.03876730
7501,0.66352200,-0.24241449,0.66837911,0.23290593,0.06342256,-0.00432260,-0.03876730
7508,0.66422061,-0.24301941,0.66723294,0.23356974,0.06342256,-0.00432260,-0.03876730
7515,0.66011734,-0.25254926,0.66418528,0.24356260,0.06342256,-0.00432260,-0.03876730
7521,0.66126174,-0.24818589,0.66568365,0.24083855,0.06342256,-0.00432260,-0.03876730
7531,0.66310625,-0.24371674,0.66731543,0.23576314,0.06342256,-0.00432260,-0.03876730
7537,0.66342210,-0.24209861,0.66836271,0.23356504,0.06342256,-0.00432260,-0.03876730
7546,0.66489028,-0.23870489,0.66907787,0.23082079,0.06342256,-0.00432260,-0.03876730
7552,0.66297464,-0.24376904,0.66721687,0.23635730,0.06342256,-0.00432260,-0.03876730
7559,0.66148500,-0.24800858,0.66596889,0.23961646,0.06342256,-0.00432260,-0.03876730
7565,0.66428728,-0.23867628,0.66983737,0.23038330,0.06342256,-0.00432260,-0.03876730
7575,0.65990657,-0.25131826,0.66469745,0.24400949,0.06342256,-0.00432260,-0.03876730
7582,0.66020650,-0.24930472,0.66524276,0.24377775,0.06342256,-0.00432260,-0.03876730
7588,0.66194114,-0.24616076,0.66703987,0.23727221,0.06342256,-0.00432260,-0.03876730
7595,0.66223993,-0.24483208,0.66783943,0.23555879,0.06342256,-0.00432260,-0.03876730
7604,0.66307964,-0.24242436,0.66822810,0.23458290,0.06342256,-0.00432260,-0.03876730
7610,0.65803008,-0.25718240,0.66219210,0.24971060,0.06342256,-0.00432260,-0.03876730
7619,0.66267852,-0.24470007,0.66659426,0.23797628,0.06342256,-0.00432260,-0.03876730
7626,0.66105546,-0.25047545,0.66446280,0.24240005,0.06342256,-0.00432260,-0.03876730
7632,0.66269969,-0.24368505,0.66794486,0.23515620,0.06342256,-0.00432260,-0.03876730
7642,0.66556568,-0.23842511,0.66871728,0.23020775,0.06342256,-0.00432260,-0.03876730
7648,0.66463189,-0.23894045,0.66944193,0.23026504,0.06342256,-0.00432260,-0.03876730
7654,0.65971670,-0.25209558,0.66410212,0.24533743,0.06342256,-0.00432260,-0.03876730
7666,0.66492695,-0.24131724,0.66782402,0.23162775,0.06342256,-0.00432260,-0.03876730
7677,0.66249413,-0.24625251,0.66629972,0.23771321,0.06342256,-0.00432260,-0.03876730
7684,0.66550974,-0.23623158,0.67025985,0.22813651,0.06342256,-0.00432260,-0.03876730
7691,0.66334581,-0.24143812,0.66873521,0.23339908,0.06342256,-0.00432260,-0.03876730
7697,0.66539902,-0.23684530,0.66951136,0.23001253,0.06342256,-0.00432260,-0.03876730
7703,0.66548080,-0.23712213,0.67014284,0.22763979,0.06342256,-0.00432260,-0.03876730
7713,0.66310000,-0.24228463,0.66894555,0.23261661,0.06342256,-0.00432260,-0.03876730
7720,0.65979347,-0.25521812,0.66276054,0.24552998,0.06342256,-0.00432260,-0.03876730
7727,0.66120071,-0.24933159,0.66529064,0.24090812,0.06342256,-0.00432260,-0.03876730
7733,0.66086816,-0.24954557,0.66503663,0.24229655,0.06342256,-0.00432260,-0.03876730
7742,0.66116595,-0.24684317,0.66672306,0.23960301,0.06342256,-0.00432260,-0.03876730
7748,0.66562547,-0.23807213,0.66885776,0.22999186,0.06342256,-0.00432260,-0.03876730
7758,0.66447620,-0.23982346,0.66907687,0.23085646,0.06342256,-0.00432260,-0.03876730
7764,0.66335320,-0.24254033,0.66787858,0.23468515,0.06342256,-0.00432260,-0.03876730
7773,0.66186161,-0.24494206,0.66770572,0.23688271,0.06342256,-0.00432260,-0.03876730
7779,0.66161851,-0.24824056,0.66579818,0.23948214,0.06342256,-0.00432260,-0.03876730
7788,0.66113419,-0.24853711,0.66575598,0.24062607,0.06342256,-0.00432260,-0.03876730
7795,0.66359186,-0.24027512,0.66911101,0.23282237,0.06342256,-0.00432260,-0.03876730
7802,0.65521621,-0.26277608,0.66032404,0.25614807,0.06342256,-0.00432260,-0.03876730
7809,0.66201252,-0.24441323,0.66810503,0.23587896,0.06342256,-0.00432260,-0.03876730
7816,0.66357188,-0.24248037,0.66778950,0.23438191,0.06342256,-0.00432260,-0.03876730
7822,0.66305761,-0.24378039,0.66727085,0.23595983,0.06342256,-0.00432260,-0.03876730
7829,0.66207704,-0.24545328,0.66678643,0.23833613,0.06342256,-0.00432260,-0.03876730
7838,0.66195340,-0.24777166,0.66605114,0.23833622,0.06342256,-0.00432260,-0.03876730
7845,0.66507091,-0.23871712,0.66911406,0.23018219,0.06342256,-0.00432260,-0.03876730
7851,0.66403670,-0.23944849,0.66938948,0.23160254,0.06342256,-0.00432260,-0.03876730
7860,0.66157293,-0.24664869,0.66656594,0.23911721,0.06342256,-0.00432260,-0.03876730
7869,0.66156291,-0.24999752,0.66457977,0.24118587,0.06342256,-0.00432260,-0.03876730
7876,0.66241879,-0.24671185,0.66614332,0.23788504,0.06342256,-0.00432260,-0.03876730
7885,0.65915484,-0.25340292,0.66421117,0.24520559,0.06342256,-0.00432260,-0.03876730
7891,0.66046714,-0.25100207,0.66488862,0.24229147,0.06342256,-0.00432260,-0.03876730
7898,0.66418428,-0.24143393,0.66779713,0.23370513,0.06342256,-0.00432260,-0.03876730
7907,0.66424202,-0.23874082,0.66985297,0.23040211,0.06342256,-0.00432260,-0.03876730
7913,0.65842366,-0.25573787,0.66276984,0.24862143,0.06342256,-0.00432260,-0.03876730
7919,0.66081342,-0.24908235,0.66568684,0.24113419,0.06342256,-0.00432260,-0.03876730
7929,0.66142730,-0.24757325,0.66566295,0.24107162,0.06342256,-0.00432260,-0.03876730
7936,0.66264557,-0.24222989,0.66833610,0.23569917,0.06342256,-0.00432260,-0.03876730
7942,0.65823440,-0.25653374,0.66250991,0.24899492,0.06342256,-0.00432260,-0.03876730
7949,0.66180944,-0.24368777,0.66836667,0.23645763,0.06342256,-0.00432260,-0.03876730
7955,0.66260247,-0.24445946,0.66743698,0.23606572,0.06342256,-0.00432260,-0.03876730
7962,0.65921773,-0.25347132,0.66345696,0.24700071,0.06342256,-0.00432260,-0.03876730
7971,0.66259331,-0.24471757,0.66677389,0.23769233,0.06342256,-0.00432260,-0.03876730
7978,0.66459984,-0.23924460,0.66895427,0.23145565,0.06342256,-0.00432260,-0.03876730
7984,0.66404561,-0.24169597,0.66786484,0.23363480,0.06342256,-0.00432260,-0.03876730
7991,0.66204690,-0.24570486,0.66624827,0.23966178,0.06342256,-0.00432260,-0.03876730
8000,0.66641039,-0.23396768,0.67069392,0.22655940,0.06342256,-0.00432260,-0.03876730
8011,0.66252269,-0.24474565,0.66696352,0.23732814,0.06342256,-0.00432260,-0.03876730
8018,0.66349811,-0.24375801,0.66702642,0.23543534,0.06342256,-0.00432260,-0.03876730
8025,0.66716346,-0.23220446,0.67129607,0.22436351,0.06342256,-0.00432260,-0.03876730
8033,0.66152458,-0.24917051,0.66516113,0.24054334,0.06342256,-0.00432260,-0.03876730
8040,0.66028490,-0.25048284,0.66486029,0.24340071,0.06342256,-0.00432260,-0.03876730
8046,0.66645641,-0.23414924,0.67123146,0.22463636,0.06342256,-0.00432260,-0.03876730
8053,0.66350498,-0.24011819,0.66874222,0.23428664,0.06342256,-0.00432260,-0.03876730
8062,0.66687541,-0.23369960,0.67102055,0.22449107,0.06342256,-0.00432260,-0.03876730
8073,0.66424541,-0.23933176,0.66917805,0.23173615,0.06342256,-0.00432260,-0.03876730
8079,0.66471729,-0.23688130,0.67060136,0.22876760,0.06342256,-0.00432260,-0.03876730
8086,0.66149044,-0.24690279,0.66608304,0.24042508,0.06342256,-0.00432260,-0.03876730
8092,0.66023688,-0.25197606,0.66439251,0.24326629,0.06342256,-0.00432260,-0.03876730
8101,0.66147727,-0.24835233,0.66519188,0.24143302,0.06342256,-0.00432260,-0.03876730
8108,0.66365966,-0.24395508,0.66685276,0.23526797,0.06342256,-0.00432260,-0.03876730
8115,0.66182589,-0.24740629,0.66526989,0.24123430,0.06342256,-0.00432260,-0.03876730
8121,0.66357803,-0.24187245,0.66856822,0.23276724,0.06342256,-0.00432260,-0.03876730
8130,0.66393766,-0.23988916,0.66920156,0.23197338,0.06342256,-0.00432260,-0.03876730
8136,0.66251940,-0.24516806,0.66700105,0.23679552,0.06342256,-0.00432260,-0.03876730
8145,0.66249628,-0.24519040,0.66725115,0.23613119,0.06342256,-0.00432260,-0.03876730
8153,0.66332316,-0.24069542,0.66899337,0.23349137,0.06342256,-0.00432260,-0.03876730
8159,0.66070489,-0.24943397,0.66534366,0.24201405,0.06342256,-0.00432260,-0.03876730
8168,0.66028108,-0.24943528,0.66559324,0.24248204,0.06342256,-0.00432260,-0.03876730
8174,0.66221761,-0.24569261,0.66707968,0.23687384,0.06342256,-0.00432260,-0.03876730
8181,0.66198730,-0.24716088,0.66627888,0.23823986,0.06342256,-0.00432260,-0.03876730
8188,0.66647095,-0.23339560,0.67133145,0.22507860,0.06342256,-0.00432260,-0.03876730
8198,0.66065301,-0.24942309,0.66547679,0.24180037,0.06342256,-0.00432260,-0.03876730
8205,0.66219415,-0.24468305,0.66793437,0.23557283,0.06342256,-0.00432260,-0.03876730
8214,0.66640014,-0.23337278,0.67117538,0.22577567,0.06342256,-0.00432260,-0.03876730
8220,0.66591305,-0.23533608,0.67059826,0.22688686,0.06342256,-0.00432260,-0.03876730
8226,0.66217784,-0.24356248,0.66818456,0.23607003,0.06342256,-0.00432260,-0.03876730
8235,0.66284971,-0.24500451,0.66662263,0.23710527,0.06342256,-0.00432260,-0.03876730
8243,0.66275219,-0.24484422,0.66705121,0.23633692,0.06342256,-0.00432260,-0.03876730
8249,0.65998072,-0.25286910,0.66385803,0.24449057,0.06342256,-0.00432260,-0.03876730
8256,0.66163296,-0.24688916,0.66618213,0.23977129,0.06342256,-0.00432260,-0.03876730
8264,0.66458454,-0.24124457,0.66807937,0.23194947,0.06342256,-0.00432260,-0.03876730
8271,0.65857877,-0.25439441,0.66400957,0.24627003,0.06342256,-0.00432260,-0.03876730
8279,0.66230669,-0.24660143,0.66606783,0.23852171,0.06342256,-0.00432260,-0.03876730
8290,0.66015157,-0.25094316,0.66501669,0.24286017,0.06342256,-0.00432260,-0.03876730
8297,0.66223459,-0.24693520,0.66623644,0.23790516,0.06342256,-0.00432260,-0.03876730
8303,0.66397590,-0.24114341,0.66803426,0.23391916,0.06342256,-0.00432260,-0.03876730
8309,0.66363973,-0.24241144,0.66805152,0.23351345,0.06342256,-0.00432260,-0.03876730
8316,0.66370892,-0.24180049,0.66864805,0.23223915,0.06342256,-0.00432260,-0.03876730
8322,0.66459488,-0.23985803,0.66811366,0.23325605,0.06342256,-0.00432260,-0.03876730
8332,0.66188406,-0.24606223,0.66633992,0.23948998,0.06342256,-0.00432260,-0.03876730
8338,0.66378297,-0.23953673,0.66974124,0.23122150,0.06342256,-0.00432260,-0.03876730
8345,0.66231956,-0.24507861,0.66733388,0.23650891,0.06342256,-0.00432260,-0.03876730
8354,0.66225380,-0.24612660,0.66630544,0.23849556,0.06342256,-0.00432260,-0.03876730
8361,0.66273159,-0.24438960,0.66712675,0.23665215,0.06342256,-0.00432260,-0.03876730
8367,0.66278810,-0.24055488,0.66964502,0.23328759,0.06342256,-0.00432260,-0.03876730
8376,0.66276001,-0.24478335,0.66685385,0.23693447,0.06342256,-0.00432260,-0.03876730
8383,0.66078176,-0.25010766,0.66491417,0.24228842,0.06342256,-0.00432260,-0.03876730
8389,0.66620912,-0.23606088,0.66980533,0.22760598,0.06342256,-0.00432260,-0.03876730
8398,0.66059722,-0.24992632,0.66543202,0.24155650,0.06342256,-0.00432260,-0.03876730
8404,0.65738916,-0.25794208,0.66230993,0.25030126,0.06342256,-0.00432260,-0.03876730
8411,0.66500873,-0.23765454,0.67027144,0.22808506,0.06342256,-0.00432260,-0.03876730
8420,0.66262917,-0.24481828,0.66753568,0.23533897,0.06342256,-0.00432260,-0.03876730
8429,0.66024947,-0.25144691,0.66429352,0.24404947,0.06342256,-0.00432260,-0.03876730
8436,0.66112828,-0.24897053,0.66500430,0.24226748,0.06342256,-0.00432260,-0.03876730
8442,0.66240119,-0.24561305,0.66637878,0.23841056,0.06342256,-0.00432260,-0.03876730
8448,0.66385035,-0.24157927,0.66852703,0.23241295,0.06342256,-0.00432260,-0.03876730
8457,0.66740112,-0.23142313,0.67157988,0.22361352,0.06342256,-0.00432260,-0.03876730
8465,0.66258001,-0.24361543,0.66778492,0.23601772,0.06342256,-0.00432260,-0.03876730
8471,0.66053543,-0.25246505,0.66307072,0.24554405,0.06342256,-0.00432260,-0.03876730
8479,0.66232604,-0.24481012,0.66770734,0.23571345,0.06342256,-0.00432260,-0.03876730
8486,0.66102981,-0.24855611,0.66542677,0.24180080,0.06342256,-0.00432260,-0.03876730
8495,0.66112666,-0.24757308,0.66628370,0.24017968,0.06342256,-0.00432260,-0.03876730
8503,0.66059212,-0.25009539,0.66499857,0.24258656,0.06342256,-0.00432260,-0.03876730
8511,0.66351609,-0.24214289,0.66774244,0.23502230,0.06342256,-0.00432260,-0.03876730
8517,0.66278390,-0.24424538,0.66759529,0.23532979,0.06342256,-0.00432260,-0.03876730
8526,0.66275749,-0.24338722,0.66885037,0.23271517,0.06342256,-0.00432260,-0.03876730
8533,0.65871257,-0.25656673,0.66227650,0.24831631,0.06342256,-0.00432260,-0.03876730
8539,0.66237688,-0.24533333,0.66697268,0.23710205,0.06342256,-0.00432260,-0.03876730
8545,0.66531438,-0.23931212,0.66858057,0.23041057,0.06342256,-0.00432260,-0.03876730
8555,0.66174650,-0.24897048,0.66537408,0.23954873,0.06342256,-0.00432260,-0.03876730
8564,0.65953569,-0.25499663,0.66241168,0.24738764,0.06342256,-0.00432260,-0.03876730
8575,0.66425890,-0.24109859,0.66832752,0.23231921,0.06342256,-0.00432260,-0.03876730
8581,0.66424570,-0.24035367,0.66856985,0.23243188,0.06342256,-0.00432260,-0.03876730
8588,0.66599745,-0.23494310,0.67126326,0.22507276,0.06342256,-0.00432260,-0.03876730
8596,0.66449542,-0.23916022,0.66965775,0.22980241,0.06342256,-0.00432260,-0.03876730
8604,0.66225214,-0.24712421,0.66584372,0.23875799,0.06342256,-0.00432260,-0.03876730
8611,0.66404843,-0.24243185,0.66749935,0.23390848,0.06342256,-0.00432260,-0.03876730
8617,0.66476049,-0.23968596,0.66862325,0.23149361,0.06342256,-0.00432260,-0.03876730
8626,0.66408390,-0.24157328,0.66769294,0.23414359,0.06342256,-0.00432260,-0.03876730
8632,0.66281309,-0.24428706,0.66705427,0.23673405,0.06342256,-0.00432260,-0.03876730
8639,0.65716066,-0.25832338,0.66217575,0.25086236,0.06342256,-0.00432260,-0.03876730
8648,0.66151185,-0.24887094,0.66501808,0.24128274,0.06342256,-0.00432260,-0.03876730
8655,0.65917110,-0.25433559,0.66372752,0.24550585,0.06342256,-0.00432260,-0.03876730
8664,0.66550388,-0.23696575,0.66978316,0.22879061,0.06342256,-0.00432260,-0.03876730
8670,0.66461520,-0.24032495,0.66812181,0.23269250,0.06342256,-0.00432260,-0.03876730
8676,0.66112461,-0.24745283,0.66648526,0.23974962,0.06342256,-0.00432260,-0.03876730
8686,0.66341867,-0.24269559,0.66749482,0.23543014,0.06342256,-0.00432260,-0.03876730
8696,0.66082334,-0.24926693,0.66578168,0.24065394,0.06342256,-0.00432260,-0.03876730
8703,0.66380043,-0.24256505,0.66807336,0.23283348,0.06342256,-0.00432260,-0.03876730
8709,0.66386537,-0.24121756,0.66829042,0.23342471,0.06342256,-0.00432260,-0.03876730
8718,0.66179556,-0.24662182,0.66693344,0.23749861,0.06342256,-0.00432260,-0.03876730
8726,0.66141233,-0.24882740,0.66526527,0.24091889,0.06342256,-0.00432260,-0.03876730
8732,0.66316642,-0.24480988,0.66665439,0.23633096,0.06342256,-0.00432260,-0.03876730
8741,0.66129689,-0.24944164,0.66536636,0.24032077,0.06342256,-0.00432260,-0.03876730
8748,0.66412997,-0.24047639,0.66830658,0.23339028,0.06342256,-0.00432260,-0.03876730
8754,0.65840702,-0.25662848,0.66185426,0.25018129,0.06342256,-0.00432260,-0.03876730
8763,0.66225662,-0.24434714,0.66785907,0.23595900,0.06342256,-0.00432260,-0.03876730
8769,0.66061658,-0.25056016,0.66457252,0.24320673,0.06342256,-0.00432260,-0.03876730
8776,0.65981950,-0.25453624,0.66300206,0.24551651,0.06342256,-0.00432260,-0.03876730
8785,0.66126255,-0.24982790,0.66551179,0.23961038,0.06342256,-0.00432260,-0.03876730
8794,0.66219401,-0.24696650,0.66651349,0.23720824,0.06342256,-0.00432260,-0.03876730
8801,0.66081624,-0.25129411,0.66424398,0.24280431,0.06342256,-0.00432260,-0.03876730
8807,0.66333870,-0.24295728,0.66795687,0.23407049,0.06342256,-0.00432260,-0.03876730
8813,0.66344146,-0.24058821,0.66924424,0.23254480,0.06342256,-0.00432260,-0.03876730
8823,0.66250076,-0.24702162,0.66529407,0.23970479,0.06342256,-0.00432260,-0.03876730
8830,0.66441149,-0.24066183,0.66840906,0.23210110,0.06342256,-0.00432260,-0.03876730
8836,0.66323685,-0.24215342,0.66831941,0.23415770,0.06342256,-0.00432260,-0.03876730
8843,0.66140456,-0.24793143,0.66583251,0.24029586,0.06342256,-0.00432260,-0.03876730
8849,0.65761952,-0.25631790,0.66314754,0.24914443,0.06342256,-0.00432260,-0.03876730
8858,0.66114721,-0.24854700,0.66596994,0.23998713,0.06342256,-0.00432260,-0.03876730
8866,0.66409015,-0.24208176,0.66766004,0.23369419,0.06342256,-0.00432260,-0.03876730
8872,0.66625051,-0.23526139,0.67045001,0.22641165,0.06342256,-0.00432260,-0.03876730
8879,0.66546401,-0.23641455,0.66997480,0.22891540,0.06342256,-0.00432260,-0.03876730
8889,0.66202135,-0.24892544,0.66476106,0.24053626,0.06342256,-0.00432260,-0.03876730
8896,0.66496887,-0.23875119,0.66906862,0.23057308,0.06342256,-0.00432260,-0.03876730
8902,0.66245369,-0.24423961,0.66731338,0.23705801,0.06342256,-0.00432260,-0.03876730
8911,0.66126151,-0.24924092,0.66526956,0.24089357,0.06342256,-0.00432260,-0.03876730
8918,0.66043891,-0.25167295,0.66420912,0.24353256,0.06342256,-0.00432260,-0.03876730
8927,0.66134018,-0.24916703,0.66541414,0.24035391,0.06342256,-0.00432260,-0.03876730
8935,0.66265959,-0.24571034,0.66668367,0.23673453,0.06342256,-0.00432260,-0.03876730
8942,0.66446585,-0.24103274,0.66819386,0.23218038,0.06342256,-0.00432260,-0.03876730
8948,0.66205158,-0.24727365,0.66577892,0.23933982,0.06342256,-0.00432260,-0.03876730
8958,0.66400790,-0.24236395,0.66731510,0.23461856,0.06342256,-0.00432260,-0.03876730
8965,0.66538147,-0.23886334,0.66850447,0.23090264,0.06342256,-0.00432260,-0.03876730
8971,0.66415796,-0.24391736,0.66696386,0.23358030,0.06342256,-0.00432260,-0.03876730
8980,0.66373162,-0.24307498,0.66748809,0.23417243,0.06342256,-0.00432260,-0.03876730
8991,0.66327762,-0.24308211,0.66787099,0.23435919,0.06342256,-0.00432260,-0.03876730
9000,0.66307182,-0.24313526,0.66804246,0.23439788,0.06342256,-0.00432260,-0.03876730
9019,0.66304612,-0.24310438,0.66806483,0.23443875,0.06342256,-0.00432260,-0.03876730
9027,0.66292524,-0.24319181,0.66809444,0.23460557,0.06342256,-0.00432261,-0.03876731
9036,0.66286258,-0.24299855,0.66818618,0.23472187,0.06342256,-0.00432261,-0.03876732
9048,0.66287016,-0.24288465,0.66819858,0.23478264,0.06342256,-0.00432261,-0.03876733
9056,0.66271162,-0.24295153,0.66828317,0.23492057,0.06342256,-0.00432261,-0.03876733
9065,0.66261167,-0.24286625,0.66839213,0.23498039,0.06342256,-0.00432262,-0.03876734
9077,0.66249580,-0.24286315,0.66847157,0.23508419,0.06342256,-0.00432263,-0.03876735
9088,0.66254372,-0.24277453,0.66848998,0.23498854,0.06342255,-0.00432263,-0.03876735
9099,0.66247167,-0.24290416,0.66848888,0.23506085,0.06342256,-0.00432264,-0.03876734
9107,0.66246771,-0.24295983,0.66849527,0.23499593,0.06342256,-0.00432264,-0.03876733
9119,0.66242003,-0.24311599,0.66845855,0.23507332,0.06342256,-0.00432264,-0.03876733
9128,0.66251249,-0.24295496,0.66842579,0.23507275,0.06342256,-0.00432263,-0.03876734
9140,0.66249184,-0.24309978,0.66834921,0.23519876,0.06342256,-0.00432262,-0.03876733
9149,0.66242256,-0.24313876,0.66837811,0.23527135,0.06342257,-0.00432263,-0.03876734
9158,0.66239123,-0.24327323,0.66831927,0.23538749,0.06342258,-0.00432264,-0.03876733
9166,0.66232995,-0.24325916,0.66837100,0.23542783,0.06342258,-0.00432265,-0.03876735
9178,0.66230683,-0.24326417,0.66835856,0.23552277,0.06342258,-0.00432265,-0.03876736
9187,0.66222047,-0.24345843,0.66834859,0.23559327,0.06342259,-0.00432267,-0.03876734
9199,0.66226100,-0.24335498,0.66835303,0.23557381,0.06342258,-0.00432266,-0.03876736
9210,0.66224431,-0.24341828,0.66831569,0.23566086,0.06342259,-0.00432265,-0.03876736
9219,0.66219186,-0.24347069,0.66831946,0.23574354,0.06342260,-0.00432267,-0.03876737
9228,0.66215915,-0.24354717,0.66830415,0.23579959,0.06342261,-0.00432267,-0.03876736
9237,0.66210145,-0.24362206,0.66829223,0.23591816,0.06342262,-0.00432268,-0.03876738
9246,0.66206617,-0.24368448,0.66828298,0.23597898,0.06342262,-0.00432269,-0.03876738
9258,0.66210794,-0.24356741,0.66830549,0.23591866,0.06342262,-0.00432268,-0.03876739
9269,0.66212215,-0.24360847,0.66825637,0.23597559,0.06342262,-0.00432266,-0.03876739
9278,0.66206164,-0.24369909,0.66825032,0.23606870,0.06342264,-0.00432269,-0.03876740
9286,0.66205415,-0.24372856,0.66823825,0.23609337,0.06342265,-0.00432269,-0.03876739
9295,0.66205539,-0.24369566,0.66825685,0.23607118,0.06342265,-0.00432269,-0.03876741
9309,0.66200261,-0.24384138,0.66821594,0.23618471,0.06342267,-0.00432269,-0.03876738
9319,0.66198201,-0.24389247,0.66819601,0.23624615,0.06342267,-0.00432269,-0.03876739
9328,0.66199607,-0.24382433,0.66821374,0.23622717,0.06342267,-0.00432268,-0.03876741
9337,0.66199917,-0.24376163,0.66823267,0.23622975,0.06342265,-0.00432268,-0.03876745
9349,0.66203165,-0.24371247,0.66822814,0.23620188,0.06342265,-0.00432265,-0.03876745
9357,0.66203517,-0.24367060,0.66824836,0.23617813,0.06342264,-0.00432265,-0.03876746
9366,0.66210117,-0.24349436,0.66827969,0.23608591,0.06342262,-0.00432261,-0.03876751
9378,0.66208529,-0.24348983,0.66829338,0.23609664,0.06342262,-0.00432262,-0.03876751
9387,0.66207151,-0.24354555,0.66826467,0.23615894,0.06342262,-0.00432263,-0.03876751
9399,0.66208786,-0.24353406,0.66826939,0.23611202,0.06342262,-0.00432262,-0.03876749
9407,0.66215157,-0.24338665,0.66831159,0.23596551,0.06342258,-0.00432258,-0.03876750
9416,0.66212267,-0.24350783,0.66826190,0.23606214,0.06342261,-0.00432259,-0.03876748
9425,0.66210608,-0.24352760,0.66826062,0.23609206,0.06342261,-0.00432259,-0.03876749
9437,0.66213426,-0.24353742,0.66823501,0.23607506,0.06342261,-0.00432256,-0.03876747
9446,0.66214156,-0.24351661,0.66823439,0.23607854,0.06342260,-0.00432255,-0.03876749
9455,0.66215801,-0.24347882,0.66823964,0.23605613,0.06342259,-0.00432253,-0.03876750
9464,0.66218681,-0.24338362,0.66826148,0.23601195,0.06342258,-0.00432251,-0.03876754
9473,0.66214947,-0.24346458,0.66824631,0.23607606,0.06342259,-0.00432254,-0.03876752
9484,0.66217918,-0.24342186,0.66823954,0.23605623,0.06342258,-0.00432250,-0.03876755
9494,0.66217513,-0.24336597,0.66827368,0.23602833,0.06342257,-0.00432252,-0.03876760
9503,0.66215429,-0.24343228,0.66824359,0.23610367,0.06342258,-0.00432252,-0.03876758
9514,0.66216850,-0.24337925,0.66825323,0.23609101,0.06342258,-0.00432251,-0.03876761
9525,0.66214370,-0.24339582,0.66825780,0.23613042,0.06342258,-0.00432253,-0.03876765
9534,0.66214780,-0.24340844,0.66823954,0.23615791,0.06342258,-0.00432251,-0.03876766
9543,0.66217012,-0.24332611,0.66827659,0.23607528,0.06342257,-0.00432250,-0.03876766
9554,0.66217446,-0.24331781,0.66827268,0.23608300,0.06342257,-0.00432249,-0.03876769
9566,0.66218943,-0.24327957,0.66827964,0.23606047,0.06342256,-0.00432246,-0.03876769
9575,0.66220045,-0.24322805,0.66829690,0.23603329,0.06342255,-0.00432244,-0.03876772
9583,0.66219387,-0.24320478,0.66830797,0.23604466,0.06342254,-0.00432245,-0.03876777
9595,0.66220908,-0.24318175,0.66830468,0.23603525,0.06342253,-0.00432243,-0.03876777
9603,0.66222996,-0.24310178,0.66833534,0.23597214,0.06342252,-0.00432242,-0.03876779
9616,0.66220812,-0.24317255,0.66830263,0.23605308,0.06342253,-0.00432242,-0.03876778
9625,0.66219873,-0.24315962,0.66832089,0.23604118,0.06342253,-0.00432246,-0.03876779
9633,0.66218338,-0.24317793,0.66831994,0.23606815,0.06342254,-0.00432247,-0.03876780
9642,0.66219000,-0.24318821,0.66831178,0.23606176,0.06342254,-0.00432246,-0.03876777
9653,0.66219668,-0.24314036,0.66834030,0.23601150,0.06342253,-0.00432247,-0.03876778
9662,0.66219282,-0.24314615,0.66833596,0.23602917,0.06342253,-0.00432248,-0.03876780
9674,0.66219263,-0.24314553,0.66833062,0.23604502,0.06342253,-0.00432248,-0.03876781
9685,0.66219587,-0.24316720,0.66831326,0.23606274,0.06342254,-0.00432245,-0.03876780
9697,0.66217203,-0.24317581,0.66832399,0.23609032,0.06342255,-0.00432249,-0.03876784
9706,0.66217269,-0.24317178,0.66832599,0.23608717,0.06342255,-0.00432248,-0.03876783
9717,0.66218671,-0.24316637,0.66832060,0.23606846,0.06342255,-0.00432246,-0.03876780
9725,0.66219015,-0.24320087,0.66830158,0.23607738,0.06342256,-0.00432246,-0.03876775
9737,0.66218447,-0.24323468,0.66828851,0.23609528,0.06342256,-0.00432247,-0.03876772
9748,0.66217751,-0.24326009,0.66827411,0.23612947,0.06342258,-0.00432249,-0.03876773
9757,0.66218905,-0.24321553,0.66829261,0.23609039,0.06342256,-0.00432248,-0.03876775
9766,0.66220498,-0.24318876,0.66830091,0.23604993,0.06342255,-0.00432247,-0.03876773
9775,0.66221613,-0.24316973,0.66830625,0.23602368,0.06342254,-0.00432248,-0.03876772
9786,0.66223106,-0.24312300,0.66832900,0.23596467,0.06342253,-0.00432246,-0.03876772
9797,0.66225137,-0.24310545,0.66831741,0.23595907,0.06342252,-0.00432242,-0.03876773
9805,0.66227698,-0.24302718,0.66834535,0.23588879,0.06342249,-0.00432239,-0.03876779
9814,0.66225137,-0.24306850,0.66833882,0.23593654,0.06342251,-0.00432245,-0.03876780
9823,0.66223583,-0.24307787,0.66834168,0.23596222,0.06342252,-0.00432246,-0.03876786
9834,0.66222386,-0.24306786,0.66835689,0.23596260,0.06342252,-0.00432250,-0.03876791
9843,0.66222906,-0.24307875,0.66834287,0.23597676,0.06342253,-0.00432248,-0.03876788
9855,0.66220035,-0.24312205,0.66834187,0.23601598,0.06342255,-0.00432255,-0.03876788
9864,0.66219081,-0.24314565,0.66833677,0.23603317,0.06342256,-0.00432255,-0.03876788
9875,0.66221818,-0.24311547,0.66834373,0.23596706,0.06342253,-0.00432251,-0.03876786
9884,0.66222691,-0.24313395,0.66832857,0.23596649,0.06342253,-0.00432246,-0.03876780
9893,0.66222639,-0.24312884,0.66833186,0.23596415,0.06342253,-0.00432245,-0.03876780
9902,0.66222248,-0.24315848,0.66832013,0.23597772,0.06342255,-0.00432246,-0.03876774
9914,0.66221590,-0.24316427,0.66832017,0.23599007,0.06342256,-0.00432249,-0.03876774
9925,0.66220541,-0.24320170,0.66830797,0.23601534,0.06342257,-0.00432249,-0.03876772
9934,0.66220426,-0.24321765,0.66829519,0.23603801,0.06342258,-0.00432248,-0.03876775
9943,0.66220884,-0.24319286,0.66830539,0.23602266,0.06342257,-0.00432248,-0.03876781
9951,0.66219897,-0.24322063,0.66829919,0.23603882,0.06342258,-0.00432252,-0.03876779
9963,0.66221165,-0.24320297,0.66830201,0.23601360,0.06342258,-0.00432248,-0.03876776
9978,0.66218190,-0.24324896,0.66830272,0.23604774,0.06342260,-0.00432255,-0.03876780
9987,0.66221213,-0.24320785,0.66830687,0.23599343,0.06342258,-0.00432248,-0.03876775
9995,0.66220288,-0.24324626,0.66828804,0.23603308,0.06342259,-0.00432248,-0.03876770
10007,0.66220016,-0.24324166,0.66829195,0.23603444,0.06342259,-0.00432252,-0.03876777
10020,0.66221995,-0.24316446,0.66832203,0.23597319,0.06342256,-0.00432246,-0.03876783
10031,0.66218566,-0.24327514,0.66828446,0.23606166,0.06342261,-0.00432250,-0.03876771
10040,0.66219463,-0.24326281,0.66828608,0.23604488,0.06342260,-0.00432249,-0.03876769
10049,0.66218070,-0.24331924,0.66826448,0.23608675,0.06342263,-0.00432253,-0.03876760
10061,0.66216158,-0.24334287,0.66825671,0.23613781,0.06342265,-0.00432258,-0.03876767
10072,0.66216478,-0.24331259,0.66827440,0.23611032,0.06342263,-0.00432256,-0.03876771
10081,0.66217708,-0.24326884,0.66829252,0.23606953,0.06342261,-0.00432253,-0.03876776
10093,0.66217546,-0.24326083,0.66829738,0.23606874,0.06342261,-0.00432255,-0.03876780
10104,0.66215476,-0.24330048,0.66829051,0.23610503,0.06342263,-0.00432262,-0.03876780
10113,0.66215949,-0.24328765,0.66829500,0.23609194,0.06342262,-0.00432261,-0.03876783
10122,0.66216206,-0.24326448,0.66830587,0.23607828,0.06342260,-0.00432260,-0.03876788
10132,0.66217846,-0.24324724,0.66830177,0.23606178,0.06342258,-0.00432251,-0.03876786
10143,0.66219081,-0.24324779,0.66828637,0.23607017,0.06342258,-0.00432245,-0.03876785
10153,0.66220169,-0.24321620,0.66829609,0.23604431,0.06342257,-0.00432243,-0.03876789
10162,0.66220989,-0.24320549,0.66829652,0.23603155,0.06342256,-0.00432242,-0.03876789
10173,0.66219706,-0.24321861,0.66829948,0.23604574,0.06342257,-0.00432245,-0.03876787
10182,0.66218705,-0.24326019,0.66828818,0.23606264,0.06342258,-0.00432245,-0.03876780
10194,0.66217746,-0.24329469,0.66827316,0.23609678,0.06342261,-0.00432245,-0.03876773
10203,0.66217756,-0.24331331,0.66825695,0.23612279,0.06342262,-0.00432240,-0.03876769
10215,0.66218309,-0.24330623,0.66825203,0.23612842,0.06342262,-0.00432240,-0.03876770
10224,0.66218066,-0.24331657,0.66824603,0.23614211,0.06342262,-0.00432241,-0.03876774
10235,0.66218624,-0.24326083,0.66827554,0.23610010,0.06342259,-0.00432240,-0.03876781
10244,0.66217761,-0.24327533,0.66827006,0.23612506,0.06342260,-0.00432239,-0.03876785
10252,0.66220240,-0.24323215,0.66827793,0.23607730,0.06342257,-0.00432232,-0.03876786
10264,0.66219682,-0.24323873,0.66827921,0.23608317,0.06342258,-0.00432235,-0.03876789
10274,0.66219830,-0.24322893,0.66828589,0.23607008,0.06342258,-0.00432238,-0.03876787
10283,0.66219592,-0.24324927,0.66827254,0.23609359,0.06342259,-0.00432238,-0.03876784
10292,0.66219639,-0.24322195,0.66828899,0.23607332,0.06342258,-0.00432237,-0.03876786
10301,0.66219930,-0.24318614,0.66830844,0.23604776,0.06342256,-0.00432244,-0.03876796
10310,0.66219763,-0.24319646,0.66830158,0.23606128,0.06342257,-0.00432245,-0.03876796
10321,0.66218757,-0.24322471,0.66828832,0.23609728,0.06342259,-0.00432247,-0.03876796
10331,0.66217670,-0.24322381,0.66829848,0.23610005,0.06342259,-0.00432250,-0.03876804
10341,0.66217517,-0.24323635,0.66829099,0.23611297,0.06342259,-0.00432248,-0.03876805
10350,0.66216297,-0.24322781,0.66830468,0.23611705,0.06342259,-0.00432254,-0.03876815
10362,0.66216039,-0.24320573,0.66831636,0.23611366,0.06342259,-0.00432257,-0.03876816
10371,0.66214728,-0.24323887,0.66830306,0.23615405,0.06342262,-0.00432260,-0.03876814
10380,0.66216478,-0.24319143,0.66831946,0.23610773,0.06342258,-0.00432252,-0.03876817
10391,0.66215248,-0.24320528,0.66831941,0.23612794,0.06342258,-0.00432254,-0.03876824
10400,0.66214509,-0.24321231,0.66831760,0.23614621,0.06342259,-0.00432258,-0.03876828
10412,0.66214580,-0.24320812,0.66832008,0.23614187,0.06342259,-0.00432261,-0.03876830
10420,0.66214179,-0.24322063,0.66831188,0.23616352,0.06342261,-0.00432263,-0.03876831
10429,0.66213912,-0.24323031,0.66830539,0.23617954,0.06342261,-0.00432261,-0.03876832
10438,0.66213979,-0.24323248,0.66830687,0.23617131,0.06342261,-0.00432257,-0.03876828
10451,0.66214904,-0.24320702,0.66830964,0.23616342,0.06342259,-0.00432249,-0.03876832
10459,0.66214470,-0.24322412,0.66830658,0.23616669,0.06342261,-0.00432256,-0.03876830
10468,0.66215491,-0.24322130,0.66829533,0.23617289,0.06342260,-0.00432248,-0.03876827
10477,0.66214675,-0.24325275,0.66828451,0.23619413,0.06342262,-0.00432250,-0.03876824
10488,0.66215858,-0.24322910,0.66829729,0.23614854,0.06342259,-0.00432247,-0.03876823
10497,0.66216130,-0.24321088,0.66830544,0.23613700,0.06342258,-0.00432247,-0.03876833
10509,0.66214647,-0.24324741,0.66829576,0.23616824,0.06342261,-0.00432250,-0.03876826
10518,0.66214985,-0.24324605,0.66829071,0.23617472,0.06342261,-0.00432246,-0.03876828
10527,0.66214742,-0.24322834,0.66830110,0.23616991,0.06342259,-0.00432246,-0.03876833
10538,0.66214280,-0.24323492,0.66830320,0.23617012,0.06342260,-0.00432250,-0.03876830
10551,0.66213359,-0.24324145,0.66830739,0.23617739,0.06342261,-0.00432257,-0.03876832
10561,0.66213722,-0.24323692,0.66830558,0.23617744,0.06342260,-0.00432254,-0.03876835
10570,0.66213517,-0.24323363,0.66831345,0.23616430,0.06342259,-0.00432255,-0.03876832
10582,0.66211757,-0.24326059,0.66831407,0.23618392,0.06342262,-0.00432259,-0.03876830
10590,0.66211233,-0.24327349,0.66830945,0.23619821,0.06342262,-0.00432256,-0.03876829
10599,0.66212129,-0.24324457,0.66831979,0.23617334,0.06342259,-0.00432253,-0.03876833
10608,0.66211199,-0.24328329,0.66830282,0.23620743,0.06342262,-0.00432253,-0.03876824
10620,0.66212177,-0.24328091,0.66829581,0.23620259,0.06342262,-0.00432253,-0.03876826
10629,0.66212410,-0.24326508,0.66830563,0.23618481,0.06342261,-0.00432252,-0.03876828
10640,0.66212759,-0.24328649,0.66828684,0.23620562,0.06342262,-0.00432249,-0.03876819
10649,0.66211004,-0.24333615,0.66827015,0.23625164,0.06342267,-0.00432263,-0.03876815
10658,0.66210031,-0.24335980,0.66826219,0.23627700,0.06342270,-0.00432266,-0.03876815
10669,0.66210193,-0.24334640,0.66826801,0.23626992,0.06342268,-0.00432270,-0.03876820
10679,0.66210308,-0.24336705,0.66825361,0.23628592,0.06342270,-0.00432266,-0.03876814
10689,0.66210532,-0.24335451,0.66825981,0.23627521,0.06342270,-0.00432270,-0.03876815
10698,0.66207652,-0.24343264,0.66823287,0.23635175,0.06342277,-0.00432278,-0.03876810
10709,0.66207494,-0.24344501,0.66823215,0.23634524,0.06342277,-0.00432283,-0.03876814
10718,0.66208343,-0.24342992,0.66823520,0.23632833,0.06342275,-0.00432278,-0.03876810
10727,0.66209335,-0.24339797,0.66824631,0.23630230,0.06342272,-0.00432275,-0.03876813
10739,0.66208267,-0.24340252,0.66824321,0.23633630,0.06342273,-0.00432273,-0.03876809
10748,0.66208672,-0.24340417,0.66823577,0.23634412,0.06342273,-0.00432266,-0.03876811
10761,0.66209073,-0.24343347,0.66821551,0.23635981,0.06342275,-0.00432262,-0.03876802
10770,0.66209201,-0.24343297,0.66820983,0.23637259,0.06342276,-0.00432258,-0.03876798
10779,0.66210966,-0.24339189,0.66821627,0.23634765,0.06342272,-0.00432247,-0.03876802
10788,0.66209878,-0.24341423,0.66820740,0.23638005,0.06342275,-0.00432253,-0.03876804
10800,0.66212329,-0.24335041,0.66822614,0.23632371,0.06342268,-0.00432242,-0.03876812
10809,0.66213102,-0.24333088,0.66823205,0.23630583,0.06342267,-0.00432238,-0.03876810
10818,0.66213235,-0.24333348,0.66823344,0.23629498,0.06342267,-0.00432237,-0.03876799
10829,0.66214570,-0.24329218,0.66824455,0.23626890,0.06342263,-0.00432231,-0.03876804
10838,0.66213536,-0.24331016,0.66823954,0.23629379,0.06342265,-0.00432235,-0.03876806
10847,0.66213979,-0.24330668,0.66823859,0.23628787,0.06342265,-0.00432226,-0.03876796
10859,0.66213235,-0.24330348,0.66824774,0.23628573,0.06342265,-0.00432227,-0.03876795
10868,0.66212644,-0.24332690,0.66823811,0.23630547,0.06342267,-0.00432225,-0.03876792
10877,0.66212177,-0.24332807,0.66824269,0.23630473,0.06342267,-0.00432227,-0.03876790
10888,0.66212677,-0.24331998,0.66824173,0.23630168,0.06342265,-0.00432222,-0.03876789
10897,0.66211771,-0.24334530,0.66823391,0.23632311,0.06342267,-0.00432225,-0.03876787
10905,0.66211071,-0.24335873,0.66822700,0.23634865,0.06342268,-0.00432235,-0.03876791
10918,0.66211547,-0.24336187,0.66822910,0.23632583,0.06342268,-0.00432235,-0.03876780
10929,0.66211643,-0.24335660,0.66823191,0.23632094,0.06342267,-0.00432238,-0.03876785
10938,0.66211957,-0.24335558,0.66823029,0.23631753,0.06342267,-0.00432239,-0.03876789
10947,0.66210556,-0.24337213,0.66823220,0.23633410,0.06342268,-0.00432245,-0.03876793
10956,0.66209597,-0.24338052,0.66823616,0.23634157,0.06342270,-0.00432258,-0.03876798
10969,0.66207885,-0.24337706,0.66825361,0.23634319,0.06342270,-0.00432267,-0.03876808
10979,0.66205592,-0.24341793,0.66824526,0.23638901,0.06342275,-0.00432285,-0.03876811
10988,0.66205353,-0.24342677,0.66824321,0.23639235,0.06342277,-0.00432289,-0.03876805
10997,0.66206817,-0.24338388,0.66825418,0.23636457,0.06342273,-0.00432281,-0.03876812
11005,0.66208696,-0.24334356,0.66826467,0.23632397,0.06342267,-0.00432269,-0.03876815
11017,0.66209287,-0.24331548,0.66827349,0.23631117,0.06342265,-0.00432263,-0.03876821
11032,0.66210184,-0.24328856,0.66828403,0.23628399,0.06342263,-0.00432261,-0.03876827
11042,0.66210532,-0.24328584,0.66828651,0.23627028,0.06342263,-0.00432258,-0.03876818
11051,0.66210336,-0.24329946,0.66828022,0.23627917,0.06342265,-0.00432256,-0.03876815
11062,0.66209926,-0.24332640,0.66827068,0.23629019,0.06342267,-0.00432258,-0.03876813
11071,0.66210932,-0.24332168,0.66826438,0.23628480,0.06342265,-0.00432249,-0.03876811
11080,0.66210150,-0.24333300,0.66826543,0.23629164,0.06342267,-0.00432252,-0.03876809
11092,0.66210961,-0.24330782,0.66826887,0.23628578,0.06342265,-0.00432252,-0.03876816
11101,0.66210274,-0.24332168,0.66826381,0.23630468,0.06342267,-0.00432262,-0.03876815
11112,0.66210393,-0.24332902,0.66825647,0.23631446,0.06342270,-0.00432268,-0.03876811
11123,0.66210479,-0.24332225,0.66826105,0.23630633,0.06342268,-0.00432264,-0.03876816
11132,0.66210641,-0.24332902,0.66825251,0.23631880,0.06342268,-0.00432261,-0.03876814
11141,0.66211490,-0.24332756,0.66824679,0.23631308,0.06342267,-0.00432251,-0.03876810
11153,0.66209926,-0.24333355,0.66825032,0.23634059,0.06342268,-0.00432255,-0.03876810
11162,0.66209278,-0.24333512,0.66825532,0.23634254,0.06342270,-0.00432260,-0.03876817
11172,0.66209716,-0.24330956,0.66826677,0.23632440,0.06342267,-0.00432263,-0.03876823
11181,0.66209034,-0.24330382,0.66827936,0.23631398,0.06342267,-0.00432267,-0.03876829
11193,0.66209654,-0.24330754,0.66826968,0.23631999,0.06342267,-0.00432266,-0.03876828
11202,0.66209735,-0.24328174,0.66828370,0.23630497,0.06342263,-0.00432266,-0.03876837
11214,0.66208672,-0.24330224,0.66828022,0.23632309,0.06342267,-0.00432267,-0.03876833
11223,0.66207780,-0.24331772,0.66827688,0.23634147,0.06342268,-0.00432273,-0.03876831
11232,0.66207895,-0.24330112,0.66828494,0.23633263,0.06342267,-0.00432271,-0.03876839
11243,0.66208667,-0.24328305,0.66828637,0.23632571,0.06342265,-0.00432268,-0.03876841
11252,0.66207933,-0.24330923,0.66827182,0.23636033,0.06342267,-0.00432268,-0.03876839
11261,0.66207814,-0.24332885,0.66826267,0.23636982,0.06342268,-0.00432264,-0.03876828
11273,0.66209297,-0.24327721,0.66828064,0.23633022,0.06342262,-0.00432253,-0.03876838
11284,0.66209034,-0.24325366,0.66829924,0.23630893,0.06342260,-0.00432259,-0.03876847
11293,0.66209435,-0.24324223,0.66830201,0.23630201,0.06342260,-0.00432262,-0.03876848
11301,0.66210417,-0.24323115,0.66830115,0.23628835,0.06342258,-0.00432259,-0.03876853
11313,0.66211452,-0.24321622,0.66830372,0.23626723,0.06342256,-0.00432258,-0.03876856
11324,0.66212186,-0.24320111,0.66830387,0.23626217,0.06342255,-0.00432255,-0.03876860
11334,0.66211867,-0.24322404,0.66829032,0.23628587,0.06342258,-0.00432254,-0.03876858
11343,0.66211156,-0.24323730,0.66828937,0.23629443,0.06342260,-0.00432263,-0.03876860
11352,0.66209893,-0.24326598,0.66828022,0.23632638,0.06342265,-0.00432272,-0.03876855
11360,0.66210131,-0.24328026,0.66826496,0.23634800,0.06342267,-0.00432266,-0.03876850
11374,0.66210346,-0.24329783,0.66824703,0.23637459,0.06342268,-0.00432270,-0.03876848
11383,0.66209936,-0.24329209,0.66825342,0.23637390,0.06342268,-0.00432275,-0.03876852
11394,0.66209750,-0.24328508,0.66825304,0.23638770,0.06342268,-0.00432282,-0.03876857
11403,0.66209182,-0.24330172,0.66825075,0.23639285,0.06342271,-0.00432290,-0.03876853
11415,0.66209917,-0.24329636,0.66824607,0.23639094,0.06342271,-0.00432291,-0.03876853
11424,0.66210842,-0.24326858,0.66825342,0.23637280,0.06342268,-0.00432292,-0.03876856
11432,0.66210503,-0.24326560,0.66825418,0.23638362,0.06342270,-0.00432300,-0.03876867
11441,0.66210503,-0.24327251,0.66824617,0.23639879,0.06342271,-0.00432302,-0.03876869
11453,0.66210980,-0.24324626,0.66826105,0.23637039,0.06342268,-0.00432296,-0.03876863
11465,0.66211533,-0.24323563,0.66826415,0.23635692,0.06342267,-0.00432293,-0.03876868
11474,0.66209688,-0.24325273,0.66826748,0.23638203,0.06342270,-0.00432302,-0.03876869
11483,0.66207857,-0.24329469,0.66825237,0.23643293,0.06342277,-0.00432316,-0.03876862
11491,0.66208457,-0.24327347,0.66826152,0.23641159,0.06342274,-0.00432317,-0.03876874
11504,0.66208353,-0.24328286,0.66825666,0.23641912,0.06342276,-0.00432320,-0.03876871
11514,0.66208496,-0.24328145,0.66825394,0.23642399,0.06342277,-0.00432331,-0.03876870
11522,0.66209034,-0.24328236,0.66824579,0.23643090,0.06342278,-0.00432330,-0.03876860
11531,0.66208515,-0.24330363,0.66823625,0.23645064,0.06342279,-0.00432326,-0.03876853
11542,0.66209034,-0.24330000,0.66823740,0.23643634,0.06342278,-0.00432326,-0.03876860
11551,0.66208992,-0.24329078,0.66824035,0.23643848,0.06342278,-0.00432336,-0.03876866
11563,0.66209311,-0.24327194,0.66824388,0.23643937,0.06342277,-0.00432334,-0.03876873
11574,0.66210184,-0.24326515,0.66824269,0.23642494,0.06342273,-0.00432323,-0.03876873
11583,0.66209836,-0.24328212,0.66823697,0.23643360,0.06342277,-0.00432333,-0.03876869
11594,0.66210865,-0.24326496,0.66824092,0.23641090,0.06342273,-0.00432328,-0.03876868
11605,0.66211009,-0.24326875,0.66823668,0.23641510,0.06342274,-0.00432323,-0.03876857
11614,0.66211099,-0.24325931,0.66823840,0.23641767,0.06342273,-0.00432326,-0.03876866
11626,0.66211671,-0.24324183,0.66824817,0.23639183,0.06342270,-0.00432324,-0.03876870
11637,0.66212172,-0.24323060,0.66825108,0.23638153,0.06342268,-0.00432322,-0.03876877
11646,0.66211547,-0.24323232,0.66825103,0.23639698,0.06342268,-0.00432328,-0.03876889
11655,0.66211442,-0.24322929,0.66825385,0.23639502,0.06342268,-0.00432327,-0.03876888
11664,0.66212563,-0.24320378,0.66826162,0.23636765,0.06342265,-0.00432322,-0.03876895
11673,0.66212224,-0.24320573,0.66826272,0.23637287,0.06342265,-0.00432319,-0.03876893
11686,0.66212568,-0.24319252,0.66826543,0.23636853,0.06342265,-0.00432309,-0.03876882
11697,0.66212263,-0.24320650,0.66826152,0.23637418,0.06342265,-0.00432303,-0.03876867
11706,0.66211791,-0.24321725,0.66825838,0.23638525,0.06342267,-0.00432304,-0.03876861
11715,0.66212024,-0.24321827,0.66825370,0.23639044,0.06342267,-0.00432300,-0.03876858
11726,0.66214284,-0.24317283,0.66826481,0.23634238,0.06342259,-0.00432284,-0.03876869
11735,0.66213912,-0.24317262,0.66826829,0.23634364,0.06342260,-0.00432294,-0.03876867
11747,0.66213226,-0.24318504,0.66826510,0.23635931,0.06342263,-0.00432296,-0.03876858
11756,0.66213517,-0.24318966,0.66826076,0.23635826,0.06342264,-0.00432296,-0.03876856
11767,0.66212768,-0.24321289,0.66825246,0.23637914,0.06342267,-0.00432304,-0.03876853
11778,0.66212196,-0.24322197,0.66824970,0.23639366,0.06342270,-0.00432299,-0.03876831
11787,0.66211776,-0.24323098,0.66824951,0.23639655,0.06342273,-0.00432307,-0.03876831
11798,0.66211371,-0.24322428,0.66825170,0.23640859,0.06342273,-0.00432306,-0.03876829
11808,0.66210975,-0.24323267,0.66825370,0.23640546,0.06342274,-0.00432306,-0.03876820
11820,0.66210942,-0.24323475,0.66825728,0.23639390,0.06342274,-0.00432309,-0.03876821
11828,0.66209502,-0.24325962,0.66825361,0.23641870,0.06342279,-0.00432323,-0.03876817
11837,0.66209983,-0.24326467,0.66824836,0.23641526,0.06342279,-0.00432329,-0.03876822
11846,0.66210660,-0.24324593,0.66825289,0.23640234,0.06342277,-0.00432319,-0.03876817
11857,0.66210384,-0.24325795,0.66824817,0.23641126,0.06342279,-0.00432329,-0.03876811
11868,0.66211624,-0.24324796,0.66824588,0.23639349,0.06342277,-0.00432317,-0.03876803
11876,0.66212358,-0.24323437,0.66824584,0.23638722,0.06342275,-0.00432314,-0.03876795
11888,0.66212148,-0.24323527,0.66824407,0.23639717,0.06342277,-0.00432314,-0.03876793
11897,0.66212778,-0.24322347,0.66824679,0.23638370,0.06342273,-0.00432300,-0.03876796
11906,0.66213655,-0.24321022,0.66824684,0.23637301,0.06342270,-0.00432299,-0.03876803
11915,0.66214904,-0.24319407,0.66824893,0.23634788,0.06342267,-0.00432279,-0.03876794
11927,0.66214399,-0.24319601,0.66824960,0.23635859,0.06342267,-0.00432283,-0.03876790
11935,0.66214046,-0.24321691,0.66823811,0.23637926,0.06342270,-0.00432283,-0.03876786
11947,0.66215238,-0.24322059,0.66823081,0.23636295,0.06342270,-0.00432276,-0.03876780
11955,0.66214723,-0.24323039,0.66822443,0.23638508,0.06342271,-0.00432274,-0.03876775
11964,0.66214351,-0.24326047,0.66820459,0.23642084,0.06342277,-0.00432275,-0.03876760
11973,0.66213912,-0.24327375,0.66819877,0.23643586,0.06342280,-0.00432278,-0.03876753
11988,0.66214466,-0.24327540,0.66819767,0.23642177,0.06342280,-0.00432281,-0.03876752
11996,0.66213722,-0.24328870,0.66819548,0.23643531,0.06342282,-0.00432284,-0.03876754
12005,0.66213850,-0.24328169,0.66820139,0.23642232,0.06342282,-0.00432289,-0.03876754
12014,0.66213941,-0.24327521,0.66820516,0.23641598,0.06342282,-0.00432287,-0.03876750
12023,0.66212978,-0.24330084,0.66819438,0.23644645,0.06342288,-0.00432299,-0.03876743
12040,0.66213088,-0.24330456,0.66818480,0.23646669,0.06342290,-0.00432295,-0.03876738
12052,0.66212482,-0.24330506,0.66818962,0.23646981,0.06342289,-0.00432295,-0.03876745
12061,0.66213111,-0.24329617,0.66819152,0.23645577,0.06342288,-0.00432292,-0.03876744
12070,0.66213579,-0.24327733,0.66820006,0.23643784,0.06342285,-0.00432290,-0.03876752
12081,0.66213092,-0.24330003,0.66818861,0.23646039,0.06342290,-0.00432304,-0.03876747
12090,0.66213340,-0.24328637,0.66819672,0.23644490,0.06342288,-0.00432305,-0.03876753
12102,0.66213455,-0.24327726,0.66820726,0.23642113,0.06342285,-0.00432305,-0.03876755
12111,0.66212854,-0.24329216,0.66820373,0.23643274,0.06342287,-0.00432300,-0.03876745
12122,0.66212615,-0.24328436,0.66820864,0.23643333,0.06342287,-0.00432307,-0.03876753
12131,0.66212658,-0.24329485,0.66820192,0.23644075,0.06342289,-0.00432312,-0.03876747
12140,0.66211595,-0.24332609,0.66819043,0.23647084,0.06342295,-0.00432321,-0.03876739
12149,0.66211271,-0.24333565,0.66818685,0.23647999,0.06342297,-0.00432329,-0.03876745
12160,0.66209640,-0.24335877,0.66818690,0.23650197,0.06342302,-0.00432335,-0.03876734
12172,0.66209278,-0.24336824,0.66818275,0.23651392,0.06342305,-0.00432338,-0.03876722
12184,0.66208581,-0.24337577,0.66818408,0.23652148,0.06342305,-0.00432334,-0.03876723
12195,0.66208462,-0.24336929,0.66818962,0.23651628,0.06342303,-0.00432334,-0.03876729
12204,0.66208534,-0.24335479,0.66820030,0.23649849,0.06342301,-0.00432334,-0.03876731
12215,0.66207952,-0.24336769,0.66819601,0.23651392,0.06342303,-0.00432345,-0.03876736
12225,0.66209011,-0.24332702,0.66820907,0.23648920,0.06342298,-0.00432344,-0.03876739
12234,0.66208238,-0.24332549,0.66821646,0.23649168,0.06342300,-0.00432356,-0.03876748
12243,0.66209268,-0.24332518,0.66821246,0.23647453,0.06342297,-0.00432344,-0.03876739
12254,0.66209120,-0.24333336,0.66821041,0.23647639,0.06342298,-0.00432341,-0.03876728
12263,0.66209487,-0.24333686,0.66820931,0.23646512,0.06342300,-0.00432347,-0.03876722
12274,0.66209578,-0.24334135,0.66819849,0.23648855,0.06342302,-0.00432347,-0.03876720
12284,0.66208229,-0.24337401,0.66818857,0.23652091,0.06342309,-0.00432353,-0.03876708
12293,0.66207547,-0.24337785,0.66819076,0.23652994,0.06342312,-0.00432357,-0.03876707
12304,0.66207017,-0.24340353,0.66817908,0.23655145,0.06342316,-0.00432356,-0.03876707
12313,0.66207008,-0.24342021,0.66816897,0.23656303,0.06342318,-0.00432352,-0.03876697
12322,0.66207227,-0.24340801,0.66817579,0.23655014,0.06342316,-0.00432350,-0.03876704
12330,0.66208763,-0.24337127,0.66818656,0.23651444,0.06342309,-0.00432343,-0.03876716
12343,0.66208105,-0.24339716,0.66817946,0.23652634,0.06342315,-0.00432348,-0.03876691
12351,0.66208744,-0.24339070,0.66817479,0.23652811,0.06342315,-0.00432342,-0.03876690
12360,0.66209654,-0.24337344,0.66818056,0.23650393,0.06342311,-0.00432340,-0.03876690
12371,0.66209287,-0.24338016,0.66817908,0.23651170,0.06342312,-0.00432339,-0.03876691
12380,0.66209402,-0.24337732,0.66817860,0.23651275,0.06342312,-0.00432336,-0.03876684
12392,0.66209273,-0.24338803,0.66817326,0.23652029,0.06342313,-0.00432332,-0.03876684
12403,0.66209268,-0.24337091,0.66818423,0.23650722,0.06342310,-0.00432332,-0.03876697
12412,0.66210217,-0.24335284,0.66818542,0.23649587,0.06342308,-0.00432324,-0.03876699
12421,0.66210083,-0.24336304,0.66817779,0.23651077,0.06342310,-0.00432334,-0.03876698
12432,0.66211013,-0.24336769,0.66816596,0.23651311,0.06342312,-0.00432334,-0.03876682
12441,0.66211519,-0.24334361,0.66817474,0.23649914,0.06342308,-0.00432329,-0.03876691
12450,0.66211795,-0.24333357,0.66817660,0.23649616,0.06342308,-0.00432330,-0.03876691
12462,0.66213741,-0.24330856,0.66817731,0.23646574,0.06342302,-0.00432319,-0.03876693
12473,0.66213178,-0.24331240,0.66818132,0.23646585,0.06342303,-0.00432325,-0.03876693
12482,0.66213045,-0.24332180,0.66817913,0.23646607,0.06342304,-0.00432330,-0.03876685
12491,0.66213331,-0.24332027,0.66817636,0.23646767,0.06342303,-0.00432322,-0.03876683
12500,0.66213121,-0.24330809,0.66818571,0.23645982,0.06342303,-0.00432332,-0.03876687
12508,0.66213154,-0.24330730,0.66818475,0.23646216,0.06342303,-0.00432328,-0.03876691
12521,0.66213645,-0.24330289,0.66818799,0.23644416,0.06342300,-0.00432329,-0.03876684
12530,0.66212720,-0.24331314,0.66818690,0.23646214,0.06342303,-0.00432341,-0.03876691
12539,0.66211867,-0.24332232,0.66819314,0.23645935,0.06342306,-0.00432356,-0.03876695
12547,0.66211910,-0.24332013,0.66819324,0.23646023,0.06342308,-0.00432359,-0.03876692
12559,0.66210846,-0.24333806,0.66819257,0.23647344,0.06342310,-0.00432361,-0.03876689
12568,0.66210289,-0.24335567,0.66818656,0.23648791,0.06342312,-0.00432361,-0.03876688
12580,0.66209673,-0.24337258,0.66817846,0.23651020,0.06342316,-0.00432371,-0.03876684
12588,0.66210002,-0.24337632,0.66817445,0.23650856,0.06342316,-0.00432370,-0.03876677
12597,0.66209373,-0.24338004,0.66817402,0.23652372,0.06342318,-0.00432372,-0.03876688
12611,0.66209640,-0.24336965,0.66817607,0.23652124,0.06342318,-0.00432372,-0.03876690
12619,0.66209745,-0.24337067,0.66817388,0.23652300,0.06342316,-0.00432369,-0.03876682
12631,0.66209249,-0.24339141,0.66816620,0.23653750,0.06342320,-0.00432376,-0.03876675
12640,0.66209197,-0.24338953,0.66816711,0.23653798,0.06342318,-0.00432369,-0.03876681
12651,0.66208744,-0.24338791,0.66816873,0.23654816,0.06342320,-0.00432374,-0.03876689
12663,0.66209678,-0.24336245,0.66817636,0.23652658,0.06342315,-0.00432373,-0.03876705
12671,0.66209626,-0.24336805,0.66817450,0.23652772,0.06342315,-0.00432374,-0.03876706
12680,0.66209650,-0.24337146,0.66817035,0.23653550,0.06342316,-0.00432372,-0.03876699
12693,0.66211137,-0.24335532,0.66816873,0.23651432,0.06342312,-0.00432365,-0.03876704
12702,0.66211133,-0.24335229,0.66816782,0.23652067,0.06342310,-0.00432360,-0.03876706
12711,0.66210994,-0.24334785,0.66817402,0.23651144,0.06342309,-0.00432368,-0.03876718
12719,0.66210765,-0.24335005,0.66817235,0.23652024,0.06342309,-0.00432372,-0.03876724
12728,0.66210060,-0.24336705,0.66816854,0.23653316,0.06342315,-0.00432383,-0.03876712
12739,0.66210231,-0.24336359,0.66816873,0.23653171,0.06342315,-0.00432386,-0.03876704
12752,0.66211051,-0.24335997,0.66816563,0.23652114,0.06342314,-0.00432376,-0.03876693
12761,0.66211404,-0.24334948,0.66816959,0.23651061,0.06342311,-0.00432370,-0.03876695
12769,0.66211228,-0.24335908,0.66816635,0.23651478,0.06342313,-0.00432372,-0.03876698
12781,0.66211895,-0.24335021,0.66816830,0.23649978,0.06342311,-0.00432381,-0.03876695
12790,0.66212463,-0.24334030,0.66816921,0.23649199,0.06342309,-0.00432379,-0.03876693
12798,0.66211800,-0.24335188,0.66816730,0.23650341,0.06342310,-0.00432379,-0.03876699
12813,0.66211957,-0.24334518,0.66816883,0.23650197,0.06342308,-0.00432371,-0.03876704
12824,0.66211595,-0.24336056,0.66816663,0.23650243,0.06342310,-0.00432378,-0.03876708
12833,0.66210818,-0.24336462,0.66816763,0.23651711,0.06342313,-0.00432383,-0.03876713
12842,0.66211194,-0.24337646,0.66815795,0.23652172,0.06342316,-0.00432386,-0.03876700
12853,0.66210360,-0.24339232,0.66816082,0.23652052,0.06342318,-0.00432393,-0.03876696
12862,0.66210880,-0.24340126,0.66815490,0.23651411,0.06342319,-0.00432392,-0.03876684
12877,0.66211109,-0.24339640,0.66815609,0.23650877,0.06342316,-0.00432390,-0.03876691
12885,0.66211791,-0.24336876,0.66816716,0.23648676,0.06342311,-0.00432383,-0.03876691
12894,0.66211934,-0.24335570,0.66816973,0.23648915,0.06342309,-0.00432381,-0.03876698
12903,0.66211652,-0.24335949,0.66816968,0.23649308,0.06342310,-0.00432382,-0.03876702
12914,0.66212768,-0.24332783,0.66818246,0.23645851,0.06342303,-0.00432366,-0.03876707
12923,0.66213793,-0.24331052,0.66818323,0.23644552,0.06342298,-0.00432358,-0.03876718
12935,0.66214175,-0.24332513,0.66817455,0.23644421,0.06342301,-0.00432355,-0.03876699
12946,0.66214394,-0.24330949,0.66818132,0.23643522,0.06342298,-0.00432357,-0.03876705
12955,0.66214423,-0.24329783,0.66818671,0.23643093,0.06342298,-0.00432362,-0.03876715
12966,0.66215567,-0.24328746,0.66818275,0.23642115,0.06342296,-0.00432355,-0.03876715
12975,0.66215906,-0.24327971,0.66818494,0.23641276,0.06342294,-0.00432345,-0.03876712
12984,0.66215758,-0.24327919,0.66818790,0.23640930,0.06342294,-0.00432357,-0.03876726
12996,0.66216368,-0.24326825,0.66819324,0.23638889,0.06342291,-0.00432352,-0.03876730
13007,0.66215877,-0.24327611,0.66819233,0.23639678,0.06342292,-0.00432354,-0.03876729
13017,0.66216154,-0.24327588,0.66818857,0.23640003,0.06342294,-0.00432360,-0.03876729
13026,0.66215186,-0.24327778,0.66819720,0.23640027,0.06342294,-0.00432371,-0.03876745
13040,0.66215415,-0.24328160,0.66818971,0.23641109,0.06342297,-0.00432381,-0.03876742
13053,0.66214647,-0.24327707,0.66820192,0.23640317,0.06342294,-0.00432375,-0.03876753
13063,0.66214208,-0.24327650,0.66820979,0.23639373,0.06342295,-0.00432382,-0.03876745
13071,0.66214666,-0.24326732,0.66821007,0.23638961,0.06342294,-0.00432379,-0.03876745
13080,0.66214923,-0.24326128,0.66820745,0.23639626,0.06342294,-0.00432376,-0.03876743
13089,0.66215019,-0.24326629,0.66820545,0.23639395,0.06342294,-0.00432364,-0.03876726
13100,0.66215305,-0.24326522,0.66820688,0.23638281,0.06342294,-0.00432369,-0.03876723
13112,0.66215038,-0.24328162,0.66819787,0.23639855,0.06342298,-0.00432368,-0.03876715
13121,0.66215257,-0.24328203,0.66819353,0.23640446,0.06342298,-0.00432369,-0.03876718
13130,0.66216220,-0.24326410,0.66819591,0.23638958,0.06342295,-0.00432361,-0.03876711
13141,0.66216034,-0.24327058,0.66819615,0.23638710,0.06342297,-0.00432369,-0.03876711
13152,0.66215152,-0.24329402,0.66819162,0.23640098,0.06342303,-0.00432378,-0.03876699
13161,0.66215009,-0.24329836,0.66818690,0.23641362,0.06342303,-0.00432379,-0.03876708
13173,0.66214246,-0.24330954,0.66818475,0.23642938,0.06342308,-0.00432389,-0.03876704
13182,0.66213464,-0.24332187,0.66818199,0.23644640,0.06342312,-0.00432401,-0.03876703
13194,0.66213612,-0.24331514,0.66818351,0.23644497,0.06342311,-0.00432395,-0.03876707
13203,0.66212472,-0.24331905,0.66819219,0.23644812,0.06342312,-0.00432401,-0.03876717
13212,0.66212902,-0.24330799,0.66819562,0.23643827,0.06342308,-0.00432391,-0.03876724
13222,0.66212253,-0.24330189,0.66820330,0.23644089,0.06342308,-0.00432407,-0.03876737
13235,0.66213092,-0.24328315,0.66820735,0.23642449,0.06342305,-0.00432396,-0.03876739
13246,0.66212167,-0.24329571,0.66820816,0.23643598,0.06342307,-0.00432403,-0.03876745
13255,0.66212139,-0.24329960,0.66820883,0.23643045,0.06342306,-0.00432412,-0.03876751
13263,0.66212325,-0.24328320,0.66821665,0.23641993,0.06342303,-0.00432408,-0.03876760
13275,0.66211605,-0.24329519,0.66821522,0.23643224,0.06342305,-0.00432409,-0.03876752
13284,0.66212229,-0.24329943,0.66820950,0.23642621,0.06342303,-0.00432396,-0.03876745
13295,0.66211700,-0.24329755,0.66821384,0.23643093,0.06342304,-0.00432408,-0.03876748
13304,0.66211690,-0.24330301,0.66820669,0.23644559,0.06342308,-0.00432422,-0.03876747
13313,0.66211585,-0.24332292,0.66819248,0.23646810,0.06342312,-0.00432421,-0.03876739
13324,0.66211023,-0.24332909,0.66819362,0.23647484,0.06342313,-0.00432430,-0.03876744
13333,0.66212081,-0.24331603,0.66819744,0.23644781,0.06342308,-0.00432418,-0.03876745
13344,0.66211557,-0.24330592,0.66820468,0.23645191,0.06342306,-0.00432412,-0.03876762
13354,0.66211328,-0.24331552,0.66820025,0.23646109,0.06342308,-0.00432410,-0.03876748
13366,0.66210689,-0.24333379,0.66820025,0.23646025,0.06342312,-0.00432427,-0.03876751
13374,0.66210913,-0.24334385,0.66819210,0.23646671,0.06342314,-0.00432415,-0.03876738
13383,0.66210317,-0.24335165,0.66819076,0.23647890,0.06342318,-0.00432429,-0.03876743
13392,0.66210479,-0.24334979,0.66819138,0.23647453,0.06342318,-0.00432437,-0.03876747
13403,0.66210293,-0.24335684,0.66818666,0.23648591,0.06342320,-0.00432445,-0.03876745
13413,0.66210174,-0.24335086,0.66819276,0.23647842,0.06342320,-0.00432452,-0.03876745
13423,0.66210565,-0.24333322,0.66819877,0.23646841,0.06342316,-0.00432447,-0.03876753
13435,0.66211175,-0.24332551,0.66819677,0.23646495,0.06342316,-0.00432450,-0.03876748
13444,0.66210308,-0.24336125,0.66818017,0.23649964,0.06342326,-0.00432461,-0.03876730
13455,0.66210393,-0.24335079,0.66818504,0.23649427,0.06342322,-0.00432454,-0.03876737
13464,0.66210966,-0.24333276,0.66819095,0.23647992,0.06342318,-0.00432447,-0.03876738
13476,0.66211118,-0.24333205,0.66819047,0.23647782,0.06342319,-0.00432444,-0.03876723
13484,0.66210894,-0.24333975,0.66818561,0.23648986,0.06342322,-0.00432452,-0.03876723
13496,0.66211004,-0.24334428,0.66818094,0.23649518,0.06342322,-0.00432452,-0.03876719
13504,0.66211133,-0.24333686,0.66818566,0.23648581,0.06342320,-0.00432444,-0.03876720
13513,0.66211509,-0.24333260,0.66818132,0.23649215,0.06342320,-0.00432446,-0.03876729
13522,0.66210703,-0.24334263,0.66818146,0.23650338,0.06342324,-0.00432454,-0.03876720
13535,0.66210894,-0.24333570,0.66818308,0.23650090,0.06342324,-0.00432451,-0.03876717
13544,0.66210293,-0.24333117,0.66818895,0.23650631,0.06342324,-0.00432456,-0.03876725
13553,0.66210551,-0.24332058,0.66819200,0.23650097,0.06342322,-0.00432448,-0.03876717
13562,0.66210632,-0.24331734,0.66818947,0.23650913,0.06342321,-0.00432447,-0.03876722
13570,0.66210036,-0.24333188,0.66818380,0.23652682,0.06342325,-0.00432458,-0.03876722
13582,0.66209592,-0.24333884,0.66818666,0.23652420,0.06342324,-0.00432456,-0.03876722
13592,0.66209897,-0.24331936,0.66819734,0.23650543,0.06342320,-0.00432459,-0.03876729
13601,0.66210551,-0.24331543,0.66819458,0.23649871,0.06342320,-0.00432458,-0.03876726
13610,0.66211090,-0.24332091,0.66818928,0.23649289,0.06342318,-0.00432446,-0.03876717
13621,0.66211576,-0.24332909,0.66818037,0.23649682,0.06342322,-0.00432454,-0.03876708
13632,0.66211609,-0.24332442,0.66818666,0.23648273,0.06342322,-0.00432465,-0.03876710
13644,0.66210865,-0.24332888,0.66819276,0.23648138,0.06342325,-0.00432474,-0.03876712
13653,0.66210765,-0.24333271,0.66819119,0.23648493,0.06342327,-0.00432479,-0.03876708
13662,0.66211242,-0.24332287,0.66819052,0.23648316,0.06342327,-0.00432484,-0.03876711
13673,0.66211414,-0.24331626,0.66819305,0.23647885,0.06342327,-0.00432486,-0.03876709
13682,0.66212315,-0.24329433,0.66820220,0.23644990,0.06342318,-0.00432462,-0.03876707
13691,0.66212515,-0.24329013,0.66820149,0.23645043,0.06342316,-0.00432457,-0.03876707
13703,0.66212491,-0.24328496,0.66820440,0.23644807,0.06342316,-0.00432455,-0.03876700
13714,0.66212911,-0.24327239,0.66820807,0.23643903,0.06342315,-0.00432457,-0.03876717
13726,0.66213011,-0.24325628,0.66821808,0.23642511,0.06342311,-0.00432460,-0.03876728
13734,0.66213412,-0.24325857,0.66821460,0.23642075,0.06342310,-0.00432449,-0.03876715
13743,0.66213588,-0.24327797,0.66820712,0.23641715,0.06342314,-0.00432445,-0.03876691
13754,0.66213774,-0.24327483,0.66820354,0.23642532,0.06342311,-0.00432444,-0.03876705
13765,0.66212363,-0.24330179,0.66819849,0.23645133,0.06342320,-0.00432463,-0.03876693
13773,0.66212563,-0.24329252,0.66820468,0.23643746,0.06342318,-0.00432465,-0.03876694
13782,0.66212615,-0.24329612,0.66820216,0.23643975,0.06342318,-0.00432451,-0.03876690
13791,0.66212778,-0.24328806,0.66820836,0.23642599,0.06342315,-0.00432442,-0.03876685
13802,0.66212596,-0.24326815,0.66821832,0.23642351,0.06342312,-0.00432436,-0.03876688
13814,0.66212987,-0.24326322,0.66822004,0.23641266,0.06342311,-0.00432436,-0.03876678
13824,0.66212697,-0.24326725,0.66822047,0.23641533,0.06342311,-0.00432435,-0.03876677
13834,0.66212081,-0.24326834,0.66822652,0.23641443,0.06342313,-0.00432436,-0.03876682
13846,0.66212100,-0.24327490,0.66821913,0.23642828,0.06342315,-0.00432437,-0.03876674
13854,0.66211700,-0.24328403,0.66821837,0.23643212,0.06342316,-0.00432437,-0.03876670
13863,0.66211585,-0.24329197,0.66821670,0.23643178,0.06342318,-0.00432443,-0.03876668
13872,0.66211123,-0.24330787,0.66821246,0.23644039,0.06342322,-0.00432447,-0.03876661
13884,0.66210737,-0.24329564,0.66822185,0.23643739,0.06342321,-0.00432449,-0.03876658
13895,0.66211194,-0.24330172,0.66821603,0.23643434,0.06342322,-0.00432441,-0.03876643
13904,0.66211137,-0.24329676,0.66821699,0.23643808,0.06342322,-0.00432450,-0.03876647
13915,0.66210818,-0.24329969,0.66821756,0.23644263,0.06342325,-0.00432452,-0.03876641
13924,0.66210598,-0.24329371,0.66821713,0.23645668,0.06342326,-0.00432459,-0.03876645
13935,0.66211013,-0.24328346,0.66822137,0.23644318,0.06342322,-0.00432453,-0.03876647
13945,0.66211099,-0.24328861,0.66821756,0.23644628,0.06342322,-0.00432446,-0.03876644
13954,0.66210608,-0.24329402,0.66821804,0.23645341,0.06342324,-0.00432451,-0.03876653
13963,0.66210885,-0.24328837,0.66822361,0.23643546,0.06342322,-0.00432453,-0.03876649
13974,0.66210222,-0.24329371,0.66822280,0.23645112,0.06342324,-0.00432461,-0.03876645
13983,0.66210980,-0.24328658,0.66821913,0.23644769,0.06342322,-0.00432463,-0.03876648
13991,0.66211423,-0.24328203,0.66822042,0.23643615,0.06342322,-0.00432466,-0.03876640
14004,0.66211652,-0.24328327,0.66822152,0.23642508,0.06342322,-0.00432462,-0.03876635
14012,0.66211204,-0.24328849,0.66822452,0.23642380,0.06342322,-0.00432459,-0.03876624
14024,0.66211609,-0.24327435,0.66822719,0.23641939,0.06342320,-0.00432455,-0.03876629
14033,0.66211290,-0.24329187,0.66822185,0.23642542,0.06342324,-0.00432456,-0.03876614
14051,0.66211657,-0.24330332,0.66821403,0.23642542,0.06342327,-0.00432454,-0.03876608
14060,0.66211185,-0.24331007,0.66821579,0.23642702,0.06342329,-0.00432455,-0.03876595
14072,0.66211891,-0.24329483,0.66821584,0.23642268,0.06342329,-0.00432453,-0.03876585
14081,0.66211652,-0.24329476,0.66821537,0.23643066,0.06342329,-0.00432452,-0.03876592
14090,0.66211700,-0.24329934,0.66821427,0.23642792,0.06342329,-0.00432451,-0.03876592
14098,0.66210241,-0.24331560,0.66821489,0.23645012,0.06342336,-0.00432462,-0.03876589
14110,0.66210403,-0.24331707,0.66821103,0.23645493,0.06342334,-0.00432459,-0.03876590
14119,0.66209836,-0.24332413,0.66821460,0.23645341,0.06342337,-0.00432463,-0.03876584
14131,0.66210432,-0.24331340,0.66821866,0.23643641,0.06342332,-0.00432448,-0.03876584
14139,0.66210646,-0.24331173,0.66821861,0.23643217,0.06342332,-0.00432449,-0.03876590
14148,0.66210823,-0.24330875,0.66822671,0.23640766,0.06342329,-0.00432444,-0.03876584
14160,0.66211261,-0.24331548,0.66822295,0.23639912,0.06342330,-0.00432435,-0.03876576
14168,0.66211032,-0.24333062,0.66821937,0.23639979,0.06342333,-0.00432437,-0.03876567
14180,0.66211118,-0.24332542,0.66822271,0.23639342,0.06342330,-0.00432424,-0.03876564
14190,0.66210703,-0.24334323,0.66821413,0.23641097,0.06342335,-0.00432434,-0.03876549
14201,0.66210117,-0.24333994,0.66822118,0.23641114,0.06342334,-0.00432430,-0.03876554
14210,0.66210465,-0.24334414,0.66821298,0.23641996,0.06342334,-0.00432425,-0.03876547
14219,0.66211862,-0.24332025,0.66821379,0.23640301,0.06342328,-0.00432409,-0.03876548
14228,0.66211528,-0.24333000,0.66821107,0.23641011,0.06342330,-0.00432409,-0.03876543
14240,0.66210989,-0.24333097,0.66821393,0.23641588,0.06342332,-0.00432419,-0.03876547
14253,0.66210799,-0.24331026,0.66823139,0.23639361,0.06342324,-0.00432414,-0.03876569
14262,0.66210927,-0.24331297,0.66822862,0.23639485,0.06342324,-0.00432419,-0.03876572
14270,0.66210803,-0.24331841,0.66822648,0.23639907,0.06342324,-0.00432411,-0.03876572
14279,0.66210417,-0.24331727,0.66822376,0.23641858,0.06342326,-0.00432418,-0.03876579
14291,0.66210536,-0.24332616,0.66821427,0.23643262,0.06342329,-0.00432427,-0.03876577
14302,0.66211013,-0.24332468,0.66821408,0.23642177,0.06342325,-0.00432414,-0.03876578
14310,0.66211032,-0.24332702,0.66821460,0.23641679,0.06342326,-0.00432405,-0.03876564
14319,0.66210536,-0.24334025,0.66821098,0.23642735,0.06342329,-0.00432410,-0.03876556
14331,0.66210942,-0.24332311,0.66821312,0.23642785,0.06342327,-0.00432398,-0.03876562
14339,0.66210422,-0.24334101,0.66820535,0.23644585,0.06342330,-0.00432407,-0.03876564
14348,0.66210436,-0.24333422,0.66820678,0.23644795,0.06342332,-0.00432410,-0.03876563
14360,0.66210989,-0.24333727,0.66820292,0.23644108,0.06342333,-0.00432415,-0.03876554
14369,0.66211004,-0.24334142,0.66819901,0.23644728,0.06342334,-0.00432417,-0.03876547
14380,0.66210751,-0.24333798,0.66820640,0.23643646,0.06342332,-0.00432416,-0.03876546
14389,0.66211500,-0.24331822,0.66820855,0.23643045,0.06342329,-0.00432407,-0.03876541
14400,0.66211538,-0.24332242,0.66820812,0.23642554,0.06342328,-0.00432409,-0.03876541
14409,0.66211013,-0.24331567,0.66821880,0.23641695,0.06342327,-0.00432413,-0.03876552
14421,0.66211104,-0.24332051,0.66821436,0.23642268,0.06342329,-0.00432410,-0.03876534
14430,0.66211771,-0.24331762,0.66821069,0.23641719,0.06342329,-0.00432410,-0.03876530
14439,0.66211709,-0.24331827,0.66821117,0.23641672,0.06342330,-0.00432401,-0.03876524
14448,0.66211767,-0.24330968,0.66821441,0.23641490,0.06342328,-0.00432399,-0.03876527
14458,0.66211767,-0.24331915,0.66821203,0.23641183,0.06342329,-0.00432394,-0.03876530
14469,0.66211538,-0.24331743,0.66821298,0.23641715,0.06342329,-0.00432396,-0.03876537
14479,0.66211028,-0.24332571,0.66821408,0.23642001,0.06342330,-0.00432404,-0.03876541
14491,0.66211185,-0.24332962,0.66821007,0.23642277,0.06342328,-0.00432396,-0.03876528
14499,0.66211509,-0.24332003,0.66821308,0.23641533,0.06342324,-0.00432390,-0.03876533
14511,0.66210966,-0.24331898,0.66821842,0.23641629,0.06342326,-0.00432389,-0.03876528
14520,0.66210498,-0.24331603,0.66822671,0.23640916,0.06342324,-0.00432397,-0.03876538
14528,0.66210532,-0.24330904,0.66823329,0.23639664,0.06342321,-0.00432387,-0.03876542
14540,0.66210741,-0.24330406,0.66823663,0.23638679,0.06342320,-0.00432389,-0.03876556
14551,0.66210994,-0.24331669,0.66822700,0.23639388,0.06342322,-0.00432388,-0.03876550
14560,0.66211242,-0.24330115,0.66823387,0.23638336,0.06342318,-0.00432388,-0.03876561
14569,0.66211290,-0.24330143,0.66823577,0.23637640,0.06342318,-0.00432387,-0.03876559
14578,0.66211719,-0.24330649,0.66823220,0.23636922,0.06342316,-0.00432380,-0.03876555
14589,0.66212043,-0.24330852,0.66822481,0.23637888,0.06342320,-0.00432384,-0.03876547
14600,0.66211147,-0.24330110,0.66823616,0.23638021,0.06342318,-0.00432379,-0.03876556
14609,0.66211156,-0.24330654,0.66822934,0.23639299,0.06342320,-0.00432377,-0.03876550
14618,0.66211624,-0.24329819,0.66823062,0.23638505,0.06342319,-0.00432381,-0.03876557
14626,0.66211547,-0.24330456,0.66822500,0.23639647,0.06342322,-0.00432379,-0.03876548
14638,0.66211318,-0.24331009,0.66822266,0.23640375,0.06342325,-0.00432387,-0.03876549
14646,0.66211776,-0.24329988,0.66822190,0.23640389,0.06342322,-0.00432384,-0.03876554
14660,0.66211185,-0.24329640,0.66822433,0.23641657,0.06342326,-0.00432388,-0.03876557
14669,0.66211085,-0.24330441,0.66822190,0.23641829,0.06342325,-0.00432375,-0.03876552
14681,0.66210422,-0.24332180,0.66822128,0.23642048,0.06342329,-0.00432382,-0.03876550
14690,0.66210322,-0.24331393,0.66822700,0.23641543,0.06342327,-0.00432381,-0.03876548
14699,0.66210579,-0.24332783,0.66821842,0.23641831,0.06342329,-0.00432378,-0.03876543
14711,0.66209907,-0.24334993,0.66821355,0.23642785,0.06342334,-0.00432389,-0.03876526
14720,0.66209430,-0.24335694,0.66821193,0.23643848,0.06342336,-0.00432395,-0.03876533
14731,0.66208405,-0.24336295,0.66821937,0.23644042,0.06342338,-0.00432410,-0.03876541
14740,0.66207828,-0.24336681,0.66822137,0.23644676,0.06342339,-0.00432418,-0.03876547
14749,0.66207909,-0.24336943,0.66821794,0.23645119,0.06342339,-0.00432418,-0.03876551
14758,0.66207952,-0.24336621,0.66821861,0.23645169,0.06342339,-0.00432413,-0.03876543
14770,0.66207399,-0.24336578,0.66822700,0.23644404,0.06342339,-0.00432414,-0.03876535
14781,0.66207361,-0.24336447,0.66822772,0.23644413,0.06342339,-0.00432418,-0.03876533
14790,0.66207084,-0.24336829,0.66822786,0.23644769,0.06342340,-0.00432428,-0.03876527
14799,0.66207141,-0.24336450,0.66822881,0.23644766,0.06342339,-0.00432421,-0.03876523
14808,0.66208124,-0.24334642,0.66822981,0.23643572,0.06342334,-0.00432422,-0.03876539
14819,0.66207237,-0.24336633,0.66822648,0.23644950,0.06342339,-0.00432434,-0.03876541
14831,0.66207194,-0.24335811,0.66822772,0.23645565,0.06342339,-0.00432429,-0.03876544
14840,0.66207118,-0.24335987,0.66822628,0.23645977,0.06342339,-0.00432425,-0.03876542
14849,0.66207160,-0.24337081,0.66821789,0.23647127,0.06342341,-0.00432426,-0.03876536
14862,0.66208229,-0.24335823,0.66821756,0.23645484,0.06342339,-0.00432425,-0.03876535
14873,0.66208486,-0.24336614,0.66821537,0.23644595,0.06342340,-0.00432429,-0.03876520
14882,0.66208643,-0.24336621,0.66821355,0.23644611,0.06342339,-0.00432436,-0.03876526
14894,0.66208415,-0.24336771,0.66821346,0.23645155,0.06342339,-0.00432436,-0.03876523
14905,0.66207985,-0.24338288,0.66820936,0.23645982,0.06342345,-0.00432451,-0.03876517
14914,0.66207833,-0.24338095,0.66821198,0.23645927,0.06342345,-0.00432452,-0.03876524
14923,0.66207227,-0.24339048,0.66820788,0.23647704,0.06342349,-0.00432465,-0.03876531
14932,0.66207847,-0.24338104,0.66820378,0.23648121,0.06342349,-0.00432472,-0.03876540
14941,0.66207704,-0.24338858,0.66820087,0.23648591,0.06342351,-0.00432483,-0.03876541
14953,0.66207666,-0.24338822,0.66820149,0.23648538,0.06342350,-0.00432479,-0.03876543
14962,0.66208238,-0.24337794,0.66820192,0.23647844,0.06342344,-0.00432459,-0.03876550
14973,0.66207594,-0.24339964,0.66819496,0.23649408,0.06342350,-0.00432465,-0.03876535
14982,0.66206808,-0.24340136,0.66820073,0.23649814,0.06342350,-0.00432477,-0.03876547
14995,0.66206259,-0.24340627,0.66820530,0.23649549,0.06342351,-0.00432479,-0.03876546
15004,0.66207160,-0.24339613,0.66820497,0.23648209,0.06342349,-0.00432468,-0.03876544
15016,0.66206722,-0.24340910,0.66820077,0.23649232,0.06342352,-0.00432478,-0.03876539
15025,0.66206045,-0.24340894,0.66821026,0.23648471,0.06342352,-0.00432483,-0.03876536
15036,0.66205873,-0.24341492,0.66820855,0.23648817,0.06342356,-0.00432491,-0.03876529
15049,0.66206097,-0.24341061,0.66821122,0.23647854,0.06342352,-0.00432490,-0.03876536
15058,0.66207270,-0.24340288,0.66820898,0.23646028,0.06342348,-0.00432482,-0.03876533
15071,0.66206407,-0.24340384,0.66821346,0.23647060,0.06342349,-0.00432490,-0.03876534
15081,0.66207165,-0.24338953,0.66821260,0.23646671,0.06342346,-0.00432477,-0.03876533
15092,0.66207070,-0.24339737,0.66820259,0.23648948,0.06342348,-0.00432476,-0.03876546
15101,0.66206078,-0.24342153,0.66819515,0.23651332,0.06342356,-0.00432494,-0.03876545
15110,0.66206102,-0.24342451,0.66819391,0.23651270,0.06342356,-0.00432496,-0.03876535
15119,0.66205787,-0.24342665,0.66819229,0.23652443,0.06342358,-0.00432509,-0.03876543
15130,0.66206269,-0.24341301,0.66819505,0.23651707,0.06342354,-0.00432514,-0.03876551
15140,0.66205472,-0.24343297,0.66819295,0.23652460,0.06342359,-0.00432521,-0.03876547
15149,0.66205224,-0.24343352,0.66819429,0.23652734,0.06342359,-0.00432520,-0.03876545
15158,0.66205315,-0.24343264,0.66819229,0.23653163,0.06342360,-0.00432516,-0.03876542
15169,0.66204509,-0.24343898,0.66819787,0.23653182,0.06342362,-0.00432523,-0.03876538
15178,0.66204924,-0.24344251,0.66819801,0.23651604,0.06342360,-0.00432521,-0.03876538
15190,0.66203684,-0.24345579,0.66820340,0.23652172,0.06342364,-0.00432531,-0.03876544
15199,0.66203851,-0.24345684,0.66820187,0.23652024,0.06342363,-0.00432531,-0.03876555
15208,0.66204190,-0.24345734,0.66819949,0.23651742,0.06342363,-0.00432517,-0.03876543
15219,0.66204156,-0.24346885,0.66819596,0.23651645,0.06342364,-0.00432513,-0.03876537
15228,0.66204071,-0.24345796,0.66820440,0.23650605,0.06342360,-0.00432502,-0.03876548
15237,0.66204075,-0.24345040,0.66820459,0.23651301,0.06342359,-0.00432503,-0.03876552
15249,0.66203455,-0.24344835,0.66821060,0.23651533,0.06342356,-0.00432502,-0.03876553
15260,0.66203517,-0.24344346,0.66821498,0.23650648,0.06342351,-0.00432506,-0.03876573
15273,0.66203279,-0.24345998,0.66820392,0.23652725,0.06342358,-0.00432518,-0.03876568
15282,0.66203165,-0.24346053,0.66820530,0.23652603,0.06342360,-0.00432530,-0.03876574
15291,0.66203012,-0.24346473,0.66820645,0.23652279,0.06342362,-0.00432537,-0.03876571
15300,0.66203174,-0.24345817,0.66820878,0.23651850,0.06342359,-0.00432534,-0.03876577
15312,0.66202831,-0.24345705,0.66820898,0.23652875,0.06342363,-0.00432544,-0.03876572
15321,0.66202640,-0.24345390,0.66821174,0.23652923,0.06342363,-0.00432545,-0.03876573
15330,0.66203126,-0.24344637,0.66821336,0.23651933,0.06342359,-0.00432531,-0.03876574
15339,0.66203546,-0.24344053,0.66821169,0.23651783,0.06342358,-0.00432523,-0.03876587
15350,0.66203308,-0.24342212,0.66822175,0.23651521,0.06342354,-0.00432521,-0.03876590
15361,0.66203312,-0.24341351,0.66822519,0.23651432,0.06342353,-0.00432527,-0.03876586
15371,0.66203756,-0.24341187,0.66822333,0.23650920,0.06342350,-0.00432518,-0.03876594
15380,0.66203756,-0.24341697,0.66822152,0.23650882,0.06342352,-0.00432523,-0.03876585
15391,0.66204190,-0.24341912,0.66821498,0.23651285,0.06342353,-0.00432524,-0.03876591
15400,0.66204032,-0.24341635,0.66821575,0.23651771,0.06342352,-0.00432516,-0.03876584
15409,0.66204357,-0.24341006,0.66821479,0.23651800,0.06342352,-0.00432521,-0.03876580
15417,0.66204524,-0.24340984,0.66821231,0.23652057,0.06342351,-0.00432517,-0.03876590
15429,0.66204147,-0.24341616,0.66820831,0.23653616,0.06342357,-0.00432526,-0.03876580
15440,0.66203651,-0.24343850,0.66820168,0.23654527,0.06342360,-0.00432522,-0.03876571
15449,0.66204319,-0.24343118,0.66820154,0.23653430,0.06342360,-0.00432520,-0.03876568
15461,0.66204395,-0.24343135,0.66820087,0.23653442,0.06342362,-0.00432517,-0.03876564
15469,0.66204738,-0.24344491,0.66819171,0.23653612,0.06342366,-0.00432513,-0.03876548
15483,0.66205062,-0.24343392,0.66819767,0.23652222,0.06342362,-0.00432504,-0.03876560
15494,0.66204376,-0.24344990,0.66819515,0.23653218,0.06342370,-0.00432523,-0.03876548
15503,0.66203856,-0.24345467,0.66819524,0.23654153,0.06342373,-0.00432532,-0.03876544
15512,0.66203517,-0.24346020,0.66819267,0.23655254,0.06342377,-0.00432540,-0.03876532
15521,0.66204166,-0.24344048,0.66819472,0.23654837,0.06342373,-0.00432531,-0.03876544
15532,0.66203947,-0.24344675,0.66819639,0.23654367,0.06342374,-0.00432529,-0.03876540
15541,0.66204252,-0.24343707,0.66819911,0.23653740,0.06342373,-0.00432526,-0.03876540
15553,0.66202907,-0.24345223,0.66820106,0.23655395,0.06342378,-0.00432543,-0.03876534
15562,0.66202173,-0.24345729,0.66820583,0.23655562,0.06342378,-0.00432552,-0.03876552
15573,0.66202030,-0.24345278,0.66820840,0.23655695,0.06342376,-0.00432550,-0.03876553
15582,0.66201801,-0.24345169,0.66820769,0.23656713,0.06342378,-0.00432550,-0.03876553
15591,0.66202335,-0.24344725,0.66820716,0.23655769,0.06342375,-0.00432546,-0.03876553
15600,0.66202468,-0.24343638,0.66821427,0.23654489,0.06342375,-0.00432552,-0.03876557
15612,0.66203050,-0.24342322,0.66821832,0.23653097,0.06342371,-0.00432547,-0.03876562
15621,0.66202583,-0.24342296,0.66822395,0.23652811,0.06342371,-0.00432551,-0.03876571
15630,0.66202931,-0.24342594,0.66821885,0.23653001,0.06342372,-0.00432551,-0.03876560
15638,0.66201996,-0.24343140,0.66822552,0.23653137,0.06342373,-0.00432549,-0.03876561
15650,0.66201868,-0.24343397,0.66822910,0.23652265,0.06342370,-0.00432544,-0.03876564
15659,0.66202540,-0.24342746,0.66822938,0.23650953,0.06342369,-0.00432537,-0.03876556
15671,0.66202688,-0.24341330,0.66823635,0.23650021,0.06342367,-0.00432537,-0.03876564
15680,0.66202726,-0.24341282,0.66823520,0.23650300,0.06342367,-0.00432533,-0.03876565
15692,0.66202726,-0.24340560,0.66824197,0.23649148,0.06342365,-0.00432531,-0.03876568
15705,0.66203432,-0.24340035,0.66823730,0.23649010,0.06342363,-0.00432527,-0.03876570
15714,0.66202979,-0.24340400,0.66824049,0.23648998,0.06342364,-0.00432526,-0.03876562
15726,0.66203026,-0.24340405,0.66823644,0.23649990,0.06342368,-0.00432534,-0.03876564
15735,0.66203222,-0.24339005,0.66824202,0.23649289,0.06342366,-0.00432537,-0.03876565
15747,0.66203050,-0.24338738,0.66824579,0.23649003,0.06342365,-0.00432548,-0.03876573
15756,0.66203565,-0.24337718,0.66824808,0.23647975,0.06342360,-0.00432545,-0.03876592
15764,0.66203379,-0.24338130,0.66824750,0.23648233,0.06342362,-0.00432539,-0.03876587
15773,0.66203041,-0.24338231,0.66824989,0.23648436,0.06342363,-0.00432545,-0.03876581
15785,0.66202926,-0.24339251,0.66824274,0.23649690,0.06342369,-0.00432558,-0.03876576
15796,0.66204490,-0.24338686,0.66823630,0.23647766,0.06342363,-0.00432550,-0.03876580
15805,0.66204557,-0.24338819,0.66823220,0.23648562,0.06342364,-0.00432557,-0.03876580
15814,0.66203856,-0.24339122,0.66823549,0.23649246,0.06342368,-0.00432566,-0.03876577
15823,0.66204142,-0.24338159,0.66824030,0.23648116,0.06342368,-0.00432572,-0.03876573
15834,0.66204137,-0.24338777,0.66823701,0.23648409,0.06342371,-0.00432574,-0.03876560
15844,0.66204414,-0.24338884,0.66823530,0.23648002,0.06342372,-0.00432572,-0.03876551
15853,0.66203522,-0.24341576,0.66822566,0.23650474,0.06342380,-0.00432584,-0.03876540
15862,0.66203217,-0.24341316,0.66822710,0.23651149,0.06342381,-0.00432588,-0.03876541
15871,0.66203503,-0.24341130,0.66822667,0.23650681,0.06342380,-0.00432583,-0.03876547
15882,0.66203126,-0.24341354,0.66823062,0.23650395,0.06342380,-0.00432584,-0.03876552
15892,0.66202745,-0.24343595,0.66822385,0.23651070,0.06342384,-0.00432601,-0.03876543
15904,0.66202373,-0.24344696,0.66822314,0.23651216,0.06342387,-0.00432599,-0.03876540
15913,0.66201677,-0.24344902,0.66822710,0.23651816,0.06342387,-0.00432606,-0.03876543
15924,0.66201639,-0.24344801,0.66822710,0.23652009,0.06342387,-0.00432599,-0.03876540
15935,0.66201705,-0.24344649,0.66822581,0.23652341,0.06342388,-0.00432599,-0.03876540
15944,0.66201443,-0.24346044,0.66821870,0.23653669,0.06342393,-0.00432612,-0.03876542
15953,0.66201848,-0.24345910,0.66821813,0.23652820,0.06342390,-0.00432600,-0.03876541
15965,0.66202616,-0.24344091,0.66821899,0.23652307,0.06342386,-0.00432587,-0.03876545
15974,0.66202740,-0.24343791,0.66821899,0.23652262,0.06342387,-0.00432594,-0.03876545
15983,0.66202669,-0.24343276,0.66822233,0.23652071,0.06342387,-0.00432593,-0.03876546
15992,0.66202449,-0.24343197,0.66822361,0.23652372,0.06342386,-0.00432588,-0.03876553
16001,0.66202640,-0.24343152,0.66822376,0.23651876,0.06342381,-0.00432579,-0.03876558
16012,0.66202592,-0.24342088,0.66822538,0.23652617,0.06342382,-0.00432586,-0.03876566
16022,0.66202731,-0.24341077,0.66823010,0.23651928,0.06342380,-0.00432582,-0.03876563
16033,0.66202735,-0.24340274,0.66823463,0.23651447,0.06342378,-0.00432588,-0.03876568
16042,0.66202163,-0.24342241,0.66822810,0.23652935,0.06342384,-0.00432595,-0.03876559
16057,0.66201996,-0.24343354,0.66821928,0.23654725,0.06342391,-0.00432602,-0.03876551
16066,0.66202306,-0.24342970,0.66821761,0.23654727,0.06342389,-0.00432607,-0.03876566
16074,0.66202120,-0.24343419,0.66821842,0.23654553,0.06342391,-0.00432616,-0.03876556
16086,0.66202187,-0.24344649,0.66820974,0.23655591,0.06342395,-0.00432631,-0.03876555
16097,0.66201992,-0.24345998,0.66820378,0.23656401,0.06342399,-0.00432635,-0.03876544
16108,0.66201567,-0.24345877,0.66820774,0.23656597,0.06342397,-0.00432628,-0.03876542
16117,0.66201944,-0.24345607,0.66820611,0.23656282,0.06342396,-0.00432621,-0.03876536
16128,0.66201515,-0.24345240,0.66821241,0.23656065,0.06342397,-0.00432629,-0.03876529
16137,0.66202473,-0.24344766,0.66820735,0.23655321,0.06342396,-0.00432625,-0.03876521
16150,0.66202807,-0.24345769,0.66820406,0.23654265,0.06342394,-0.00432618,-0.03876504
16158,0.66202669,-0.24346067,0.66820449,0.23654217,0.06342395,-0.00432623,-0.03876504
16167,0.66202659,-0.24346187,0.66820387,0.23654282,0.06342397,-0.00432623,-0.03876499
16176,0.66202535,-0.24346420,0.66820116,0.23655164,0.06342396,-0.00432618,-0.03876505
16188,0.66203665,-0.24345140,0.66820125,0.23653316,0.06342388,-0.00432601,-0.03876505
16197,0.66203269,-0.24345836,0.66820359,0.23652992,0.06342389,-0.00432603,-0.03876507
16209,0.66203665,-0.24345808,0.66819901,0.23653249,0.06342387,-0.00432595,-0.03876509
16217,0.66203289,-0.24346230,0.66820092,0.23653364,0.06342389,-0.00432594,-0.03876500
16229,0.66202926,-0.24346911,0.66820373,0.23652880,0.06342390,-0.00432590,-0.03876498
16238,0.66203422,-0.24345026,0.66820931,0.23651862,0.06342384,-0.00432579,-0.03876510
16247,0.66203365,-0.24345293,0.66820816,0.23652026,0.06342386,-0.00432584,-0.03876515
16259,0.66203312,-0.24346282,0.66820354,0.23652453,0.06342390,-0.00432583,-0.03876503
16268,0.66203269,-0.24346654,0.66820220,0.23652575,0.06342390,-0.00432574,-0.03876502
16279,0.66203250,-0.24345216,0.66820755,0.23652606,0.06342387,-0.00432569,-0.03876511
16288,0.66203594,-0.24344112,0.66820721,0.23652880,0.06342384,-0.00432561,-0.03876522
16299,0.66203250,-0.24345324,0.66820621,0.23652882,0.06342390,-0.00432576,-0.03876514
16307,0.66202216,-0.24346313,0.66820878,0.23654026,0.06342395,-0.00432583,-0.03876508
16320,0.66201357,-0.24346613,0.66821460,0.23654434,0.06342401,-0.00432600,-0.03876507
16331,0.66200208,-0.24346060,0.66822977,0.23653960,0.06342404,-0.00432612,-0.03876503
16340,0.66200294,-0.24345388,0.66823081,0.23654129,0.06342401,-0.00432605,-0.03876512
16348,0.66199836,-0.24345393,0.66823940,0.23652946,0.06342401,-0.00432606,-0.03876514
16357,0.66199865,-0.24345374,0.66823887,0.23653097,0.06342400,-0.00432595,-0.03876506
16368,0.66200342,-0.24344284,0.66824216,0.23651947,0.06342396,-0.00432598,-0.03876517
16379,0.66201314,-0.24344451,0.66823720,0.23650426,0.06342394,-0.00432586,-0.03876509
16387,0.66200418,-0.24345951,0.66823749,0.23651340,0.06342399,-0.00432591,-0.03876504
16396,0.66200380,-0.24346358,0.66823682,0.23651149,0.06342400,-0.00432593,-0.03876501
16408,0.66199836,-0.24347426,0.66823730,0.23651494,0.06342405,-0.00432600,-0.03876491
16419,0.66199827,-0.24348764,0.66823158,0.23651738,0.06342408,-0.00432597,-0.03876478
16428,0.66199464,-0.24348628,0.66823749,0.23651227,0.06342407,-0.00432598,-0.03876471
16440,0.66199026,-0.24348366,0.66824274,0.23651220,0.06342402,-0.00432580,-0.03876476
16449,0.66197800,-0.24349055,0.66824941,0.23652060,0.06342407,-0.00432591,-0.03876473
16460,0.66197452,-0.24350380,0.66824507,0.23652954,0.06342413,-0.00432603,-0.03876464
16469,0.66197118,-0.24349226,0.66825251,0.23652908,0.06342411,-0.00432614,-0.03876483
16478,0.66197175,-0.24349365,0.66825003,0.23653337,0.06342416,-0.00432622,-0.03876474
16486,0.66197166,-0.24347939,0.66825780,0.23652575,0.06342414,-0.00432626,-0.03876481
16501,0.66197390,-0.24345772,0.66826887,0.23651120,0.06342405,-0.00432619,-0.03876495
16509,0.66197557,-0.24345543,0.66826829,0.23651061,0.06342404,-0.00432613,-0.03876503
16521,0.66197257,-0.24345729,0.66826872,0.23651568,0.06342405,-0.00432615,-0.03876509
16529,0.66196675,-0.24346232,0.66827182,0.23651795,0.06342405,-0.00432617,-0.03876505
16541,0.66196994,-0.24345688,0.66827578,0.23650372,0.06342401,-0.00432602,-0.03876497
16550,0.66197056,-0.24346373,0.66827130,0.23650724,0.06342401,-0.00432592,-0.03876491
16562,0.66197671,-0.24346027,0.66826558,0.23651022,0.06342400,-0.00432581,-0.03876483
16570,0.66197819,-0.24345290,0.66826825,0.23650569,0.06342397,-0.00432579,-0.03876496
16579,0.66197276,-0.24346604,0.66826543,0.23651516,0.06342401,-0.00432585,-0.03876495
16590,0.66197533,-0.24346370,0.66826457,0.23651340,0.06342402,-0.00432591,-0.03876492
16599,0.66197390,-0.24345417,0.66827135,0.23650815,0.06342399,-0.00432580,-0.03876492
16610,0.66197443,-0.24345383,0.66826987,0.23651061,0.06342399,-0.00432584,-0.03876501
16621,0.66197481,-0.24345259,0.66826820,0.23651564,0.06342399,-0.00432591,-0.03876498
16632,0.66198215,-0.24345278,0.66825981,0.23651843,0.06342401,-0.00432593,-0.03876492
16641,0.66197772,-0.24345896,0.66826000,0.23652467,0.06342407,-0.00432613,-0.03876492
16650,0.66198444,-0.24345848,0.66825237,0.23652791,0.06342408,-0.00432601,-0.03876491
16659,0.66198129,-0.24346301,0.66825270,0.23653042,0.06342411,-0.00432614,-0.03876495
16667,0.66197466,-0.24346354,0.66825556,0.23654046,0.06342415,-0.00432621,-0.03876495
16680,0.66198449,-0.24344828,0.66825509,0.23653039,0.06342411,-0.00432618,-0.03876496
16689,0.66198639,-0.24343743,0.66825904,0.23652498,0.06342408,-0.00432607,-0.03876488
16698,0.66198549,-0.24345042,0.66824936,0.23654150,0.06342411,-0.00432611,-0.03876482
16711,0.66199035,-0.24343292,0.66825509,0.23652927,0.06342406,-0.00432592,-0.03876471
16722,0.66199378,-0.24342851,0.66825585,0.23652169,0.06342403,-0.00432589,-0.03876473
16734,0.66199560,-0.24343252,0.66825985,0.23650171,0.06342402,-0.00432588,-0.03876471
16743,0.66198520,-0.24344027,0.66826477,0.23650910,0.06342406,-0.00432597,-0.03876466
16752,0.66198415,-0.24345376,0.66826076,0.23650920,0.06342410,-0.00432600,-0.03876455
16763,0.66199131,-0.24344179,0.66825780,0.23650994,0.06342408,-0.00432599,-0.03876454
16772,0.66199851,-0.24342660,0.66825599,0.23651089,0.06342405,-0.00432587,-0.03876456
16780,0.66200447,-0.24341523,0.66825494,0.23650875,0.06342403,-0.00432583,-0.03876461
16792,0.66200618,-0.24341108,0.66825842,0.23649783,0.06342402,-0.00432578,-0.03876454
16804,0.66200919,-0.24340164,0.66826429,0.23648307,0.06342398,-0.00432570,-0.03876447
16813,0.66201257,-0.24339318,0.66826839,0.23647074,0.06342392,-0.00432560,-0.03876445
16822,0.66200399,-0.24341795,0.66825971,0.23649404,0.06342401,-0.00432564,-0.03876425
16831,0.66200504,-0.24340717,0.66826515,0.23648638,0.06342397,-0.00432562,-0.03876429
16839,0.66200990,-0.24340000,0.66826586,0.23647813,0.06342392,-0.00432551,-0.03876430
16852,0.66200728,-0.24340534,0.66826858,0.23647279,0.06342394,-0.00432551,-0.03876426
16860,0.66201133,-0.24339840,0.66826968,0.23646478,0.06342391,-0.00432530,-0.03876416
16869,0.66199808,-0.24340732,0.66827731,0.23647134,0.06342394,-0.00432547,-0.03876423
16878,0.66198849,-0.24340248,0.66828756,0.23647406,0.06342392,-0.00432545,-0.03876419
16887,0.66198630,-0.24339783,0.66828994,0.23647811,0.06342392,-0.00432552,-0.03876428
16899,0.66197099,-0.24341466,0.66829371,0.23649313,0.06342400,-0.00432571,-0.03876426
16909,0.66197872,-0.24340794,0.66829481,0.23647532,0.06342395,-0.00432571,-0.03876431
16919,0.66197566,-0.24340951,0.66829557,0.23648025,0.06342396,-0.00432577,-0.03876435
16928,0.66197724,-0.24340071,0.66829481,0.23648726,0.06342396,-0.00432580,-0.03876439
16939,0.66197471,-0.24340848,0.66829276,0.23649220,0.06342399,-0.00432586,-0.03876432
16948,0.66196913,-0.24340147,0.66829900,0.23649709,0.06342396,-0.00432583,-0.03876441
16957,0.66197319,-0.24339547,0.66829700,0.23649785,0.06342394,-0.00432574,-0.03876438
16969,0.66196894,-0.24339048,0.66830120,0.23650283,0.06342396,-0.00432571,-0.03876435
16980,0.66196956,-0.24338445,0.66830558,0.23649508,0.06342395,-0.00432568,-0.03876428
16991,0.66196985,-0.24337291,0.66830940,0.23649530,0.06342392,-0.00432563,-0.03876433
17000,0.66197161,-0.24336919,0.66830773,0.23649885,0.06342389,-0.00432561,-0.03876450
17009,0.66197509,-0.24337694,0.66830291,0.23649473,0.06342390,-0.00432553,-0.03876431
17018,0.66197910,-0.24337544,0.66830358,0.23648314,0.06342387,-0.00432544,-0.03876430
17030,0.66199102,-0.24337577,0.66829662,0.23646891,0.06342386,-0.00432545,-0.03876430
17039,0.66199550,-0.24336900,0.66829676,0.23646306,0.06342384,-0.00432547,-0.03876429
17048,0.66199645,-0.24336993,0.66829671,0.23645956,0.06342381,-0.00432537,-0.03876419
17064,0.66199254,-0.24337053,0.66830396,0.23644957,0.06342378,-0.00432529,-0.03876414
17075,0.66199131,-0.24336960,0.66830558,0.23644974,0.06342378,-0.00432537,-0.03876418
17084,0.66198978,-0.24338219,0.66830153,0.23645191,0.06342380,-0.00432533,-0.03876409
17096,0.66198987,-0.24338655,0.66830034,0.23645069,0.06342381,-0.00432532,-0.03876398
17105,0.66198368,-0.24339857,0.66829404,0.23647353,0.06342388,-0.00432547,-0.03876398
17117,0.66198439,-0.24338581,0.66829519,0.23648192,0.06342387,-0.00432553,-0.03876403
17128,0.66197957,-0.24339814,0.66829299,0.23648862,0.06342390,-0.00432556,-0.03876399
17136,0.66197128,-0.24339671,0.66830158,0.23648877,0.06342393,-0.00432573,-0.03876408
17145,0.66196389,-0.24339632,0.66830816,0.23649134,0.06342393,-0.00432573,-0.03876409
17157,0.66196613,-0.24339962,0.66830615,0.23648722,0.06342396,-0.00432572,-0.03876380
17168,0.66196498,-0.24340767,0.66830501,0.23648538,0.06342398,-0.00432576,-0.03876386
17177,0.66195101,-0.24341592,0.66831417,0.23649013,0.06342402,-0.00432588,-0.03876382
17186,0.66194944,-0.24342257,0.66831226,0.23649358,0.06342404,-0.00432583,-0.03876380
17198,0.66195387,-0.24342203,0.66830992,0.23648808,0.06342401,-0.00432574,-0.03876385
17209,0.66194872,-0.24342532,0.66831674,0.23647968,0.06342402,-0.00432570,-0.03876373
17219,0.66195321,-0.24342741,0.66831398,0.23647305,0.06342400,-0.00432565,-0.03876371
17228,0.66195006,-0.24343650,0.66831235,0.23647694,0.06342405,-0.00432572,-0.03876365
17237,0.66194915,-0.24343786,0.66831474,0.23647141,0.06342406,-0.00432571,-0.03876359
17248,0.66195516,-0.24343113,0.66830849,0.23647880,0.06342407,-0.00432580,-0.03876375
17257,0.66195755,-0.24343805,0.66830415,0.23647723,0.06342411,-0.00432588,-0.03876363
17269,0.66196222,-0.24343333,0.66830301,0.23647265,0.06342411,-0.00432589,-0.03876352
17277,0.66196260,-0.24342665,0.66830844,0.23646302,0.06342408,-0.00432580,-0.03876341
17289,0.66195302,-0.24342827,0.66831707,0.23646326,0.06342406,-0.00432585,-0.03876342
17298,0.66195960,-0.24342465,0.66830987,0.23646917,0.06342407,-0.00432582,-0.03876342
17307,0.66196002,-0.24342489,0.66830844,0.23647217,0.06342406,-0.00432578,-0.03876340
17316,0.66195955,-0.24342484,0.66830940,0.23647065,0.06342408,-0.00432576,-0.03876331
17330,0.66197261,-0.24340901,0.66830544,0.23646154,0.06342401,-0.00432557,-0.03876337
17341,0.66197166,-0.24342057,0.66829986,0.23646810,0.06342405,-0.00432565,-0.03876335
17350,0.66197919,-0.24341921,0.66829590,0.23645904,0.06342400,-0.00432553,-0.03876331
17358,0.66196732,-0.24343295,0.66829919,0.23646912,0.06342408,-0.00432565,-0.03876314
17367,0.66196560,-0.24343035,0.66830444,0.23646206,0.06342405,-0.00432560,-0.03876311
17376,0.66196269,-0.24344682,0.66830201,0.23646001,0.06342406,-0.00432565,-0.03876304
17389,0.66195731,-0.24344553,0.66830630,0.23646407,0.06342406,-0.00432569,-0.03876307
17398,0.66195707,-0.24343991,0.66830873,0.23646371,0.06342407,-0.00432566,-0.03876301
17406,0.66196184,-0.24343621,0.66830687,0.23645937,0.06342406,-0.00432561,-0.03876291
17415,0.66197113,-0.24343988,0.66829848,0.23645327,0.06342405,-0.00432550,-0.03876276
17426,0.66197581,-0.24344425,0.66829299,0.23645172,0.06342408,-0.00432547,-0.03876263
17435,0.66197352,-0.24344272,0.66829500,0.23645389,0.06342408,-0.00432542,-0.03876259
17447,0.66197118,-0.24343993,0.66829462,0.23646445,0.06342408,-0.00432535,-0.03876250
17456,0.66197071,-0.24342749,0.66830039,0.23646192,0.06342406,-0.00432536,-0.03876245
17467,0.66196947,-0.24343302,0.66829843,0.23646557,0.06342410,-0.00432541,-0.03876234
17478,0.66196365,-0.24343168,0.66830415,0.23646664,0.06342410,-0.00432548,-0.03876246
17487,0.66195731,-0.24342937,0.66830797,0.23647644,0.06342410,-0.00432553,-0.03876262
17496,0.66195254,-0.24344437,0.66830558,0.23648104,0.06342411,-0.00432559,-0.03876251
17508,0.66195363,-0.24344134,0.66830472,0.23648328,0.06342408,-0.00432556,-0.03876257
17519,0.66194667,-0.24344353,0.66830639,0.23649570,0.06342410,-0.00432563,-0.03876266
17528,0.66193871,-0.24345185,0.66831054,0.23649778,0.06342415,-0.00432579,-0.03876269
17539,0.66194334,-0.24344413,0.66831083,0.23649241,0.06342414,-0.00432583,-0.03876273
17548,0.66194176,-0.24344630,0.66831402,0.23648509,0.06342414,-0.00432582,-0.03876280
17559,0.66194005,-0.24344041,0.66831817,0.23648436,0.06342415,-0.00432593,-0.03876292
17569,0.66194057,-0.24344782,0.66831231,0.23649213,0.06342416,-0.00432598,-0.03876303
17580,0.66193718,-0.24345841,0.66831068,0.23649499,0.06342419,-0.00432596,-0.03876292
17589,0.66194057,-0.24345514,0.66831016,0.23649027,0.06342416,-0.00432586,-0.03876289
17600,0.66193432,-0.24346694,0.66831073,0.23649368,0.06342419,-0.00432583,-0.03876276
17609,0.66193823,-0.24346458,0.66831040,0.23648617,0.06342418,-0.00432580,-0.03876274
17618,0.66194362,-0.24345376,0.66831007,0.23648335,0.06342414,-0.00432565,-0.03876277
17630,0.66194891,-0.24345867,0.66830482,0.23647847,0.06342415,-0.00432560,-0.03876274
17639,0.66194944,-0.24345865,0.66830592,0.23647389,0.06342416,-0.00432564,-0.03876276
17650,0.66194810,-0.24345300,0.66831159,0.23646762,0.06342416,-0.00432569,-0.03876280
17659,0.66194715,-0.24345464,0.66831564,0.23645701,0.06342417,-0.00432574,-0.03876273
17673,0.66193795,-0.24346547,0.66831927,0.23646106,0.06342422,-0.00432586,-0.03876268
17682,0.66194176,-0.24346361,0.66831655,0.23645997,0.06342420,-0.00432570,-0.03876262
17694,0.66194100,-0.24347493,0.66831293,0.23646080,0.06342424,-0.00432583,-0.03876260
17703,0.66194276,-0.24347171,0.66831345,0.23645803,0.06342423,-0.00432577,-0.03876259
17712,0.66193685,-0.24348769,0.66830916,0.23646993,0.06342431,-0.00432589,-0.03876246
17721,0.66193294,-0.24349842,0.66830749,0.23647470,0.06342434,-0.00432591,-0.03876234
17730,0.66194124,-0.24348745,0.66830978,0.23645596,0.06342427,-0.00432574,-0.03876232
17743,0.66194515,-0.24348065,0.66831274,0.23644378,0.06342422,-0.00432567,-0.03876235
17755,0.66195363,-0.24346504,0.66831059,0.23644261,0.06342421,-0.00432565,-0.03876239
17764,0.66195750,-0.24346539,0.66830739,0.23644063,0.06342419,-0.00432563,-0.03876238
17775,0.66196227,-0.24345915,0.66830372,0.23644387,0.06342416,-0.00432560,-0.03876242
17784,0.66195802,-0.24346766,0.66830158,0.23645303,0.06342422,-0.00432567,-0.03876234
17793,0.66196317,-0.24346537,0.66829948,0.23644714,0.06342423,-0.00432570,-0.03876230
17805,0.66197204,-0.24345445,0.66829700,0.23644022,0.06342421,-0.00432563,-0.03876232
17814,0.66197748,-0.24344854,0.66829771,0.23642952,0.06342420,-0.00432554,-0.03876229
17822,0.66197872,-0.24345178,0.66829118,0.23644070,0.06342423,-0.00432564,-0.03876229
17834,0.66198182,-0.24345014,0.66829195,0.23643181,0.06342420,-0.00432551,-0.03876227
17843,0.66197996,-0.24345862,0.66829109,0.23643031,0.06342422,-0.00432544,-0.03876215
17852,0.66197204,-0.24346382,0.66829419,0.23643860,0.06342426,-0.00432552,-0.03876215
17865,0.66197304,-0.24346656,0.66828970,0.23644516,0.06342427,-0.00432550,-0.03876207
17874,0.66196880,-0.24346618,0.66829814,0.23643391,0.06342427,-0.00432553,-0.03876212
17883,0.66196889,-0.24346473,0.66830005,0.23642973,0.06342424,-0.00432547,-0.03876219
17892,0.66196899,-0.24346833,0.66829943,0.23642730,0.06342425,-0.00432542,-0.03876222
17901,0.66197013,-0.24346687,0.66830067,0.23642239,0.06342425,-0.00432546,-0.03876217
17912,0.66197819,-0.24346263,0.66829972,0.23640675,0.06342420,-0.00432537,-0.03876220
17922,0.66197562,-0.24345562,0.66830368,0.23641002,0.06342419,-0.00432534,-0.03876231
17931,0.66197738,-0.24344334,0.66830959,0.23640100,0.06342411,-0.00432524,-0.03876237
17940,0.66197915,-0.24343912,0.66831169,0.23639442,0.06342410,-0.00432518,-0.03876227
17950,0.66198563,-0.24342617,0.66830997,0.23639452,0.06342405,-0.00432507,-0.03876235
17962,0.66197452,-0.24342584,0.66831550,0.23641018,0.06342405,-0.00432504,-0.03876231
17971,0.66196703,-0.24343450,0.66831617,0.23642063,0.06342411,-0.00432519,-0.03876225
17983,0.66196880,-0.24343161,0.66831741,0.23641488,0.06342410,-0.00432514,-0.03876219
17992,0.66197104,-0.24343235,0.66831741,0.23640770,0.06342410,-0.00432510,-0.03876219
18003,0.66197056,-0.24344048,0.66831569,0.23640558,0.06342411,-0.00432513,-0.03876205
18012,0.66197099,-0.24344594,0.66831135,0.23641138,0.06342415,-0.00432518,-0.03876210
18021,0.66196494,-0.24345784,0.66831068,0.23641767,0.06342420,-0.00432530,-0.03876204
18029,0.66196370,-0.24347290,0.66830415,0.23642439,0.06342421,-0.00432523,-0.03876197
18041,0.66196417,-0.24345991,0.66830964,0.23642108,0.06342415,-0.00432507,-0.03876206
18053,0.66196589,-0.24347593,0.66830153,0.23642241,0.06342416,-0.00432506,-0.03876197
18066,0.66196947,-0.24348006,0.66830043,0.23641135,0.06342418,-0.00432505,-0.03876197
18074,0.66197185,-0.24348828,0.66829538,0.23641018,0.06342421,-0.00432510,-0.03876202
18083,0.66196875,-0.24349124,0.66829509,0.23641681,0.06342425,-0.00432514,-0.03876199
18095,0.66196956,-0.24348628,0.66829690,0.23641445,0.06342420,-0.00432510,-0.03876209
18105,0.66197366,-0.24348247,0.66829338,0.23641700,0.06342416,-0.00432502,-0.03876224
18113,0.66197710,-0.24347796,0.66829433,0.23640918,0.06342415,-0.00432500,-0.03876228
18122,0.66199059,-0.24347012,0.66828398,0.23640866,0.06342411,-0.00432486,-0.03876219
18133,0.66199784,-0.24345421,0.66828880,0.23639132,0.06342408,-0.00432481,-0.03876222
18142,0.66200108,-0.24344868,0.66828641,0.23639478,0.06342406,-0.00432470,-0.03876225
18156,0.66200404,-0.24345705,0.66828322,0.23638646,0.06342407,-0.00432476,-0.03876238
18166,0.66199975,-0.24345684,0.66828875,0.23638329,0.06342408,-0.00432476,-0.03876243
18175,0.66200232,-0.24343693,0.66829528,0.23637845,0.06342401,-0.00432470,-0.03876261
18186,0.66201238,-0.24342279,0.66829371,0.23636891,0.06342396,-0.00432455,-0.03876263
18195,0.66201233,-0.24341471,0.66829710,0.23636832,0.06342394,-0.00432456,-0.03876264
18204,0.66201038,-0.24342873,0.66828708,0.23638715,0.06342399,-0.00432461,-0.03876259
18213,0.66201410,-0.24341683,0.66829209,0.23637480,0.06342393,-0.00432457,-0.03876270
18225,0.66200327,-0.24341561,0.66829628,0.23639466,0.06342401,-0.00432469,-0.03876260
18234,0.66201200,-0.24340739,0.66829533,0.23638155,0.06342395,-0.00432457,-0.03876261
18245,0.66201333,-0.24339494,0.66830110,0.23637423,0.06342391,-0.00432453,-0.03876266
18254,0.66201968,-0.24338948,0.66829814,0.23637049,0.06342390,-0.00432446,-0.03876254
18265,0.66202058,-0.24338388,0.66829671,0.23637750,0.06342389,-0.00432443,-0.03876258
18276,0.66201806,-0.24339315,0.66829423,0.23638236,0.06342391,-0.00432437,-0.03876242
18284,0.66201438,-0.24339227,0.66830010,0.23637685,0.06342387,-0.00432433,-0.03876253
18293,0.66201682,-0.24339287,0.66829690,0.23637874,0.06342387,-0.00432428,-0.03876241
18302,0.66202020,-0.24338135,0.66830110,0.23636882,0.06342383,-0.00432420,-0.03876244
18313,0.66200971,-0.24338207,0.66830568,0.23638498,0.06342387,-0.00432436,-0.03876246
18322,0.66201214,-0.24338107,0.66830210,0.23638877,0.06342387,-0.00432425,-0.03876248
18334,0.66201515,-0.24338076,0.66829991,0.23638672,0.06342384,-0.00432409,-0.03876260
18345,0.66201376,-0.24338181,0.66829915,0.23639197,0.06342388,-0.00432415,-0.03876250
18357,0.66201500,-0.24338884,0.66829700,0.23638739,0.06342386,-0.00432418,-0.03876262
18366,0.66201715,-0.24338626,0.66829438,0.23639152,0.06342386,-0.00432419,-0.03876268
18375,0.66201486,-0.24337453,0.66830015,0.23639359,0.06342386,-0.00432427,-0.03876289
18383,0.66201925,-0.24337062,0.66829771,0.23639202,0.06342383,-0.00432420,-0.03876295
18396,0.66200709,-0.24338877,0.66829562,0.23641319,0.06342391,-0.00432433,-0.03876288
18404,0.66200566,-0.24339809,0.66828937,0.23642523,0.06342397,-0.00432444,-0.03876289
18413,0.66199851,-0.24339728,0.66829957,0.23641788,0.06342396,-0.00432455,-0.03876301
18422,0.66199254,-0.24339737,0.66830167,0.23642816,0.06342401,-0.00432469,-0.03876306
18431,0.66199040,-0.24340472,0.66830163,0.23642678,0.06342399,-0.00432466,-0.03876308
18442,0.66199259,-0.24340615,0.66829795,0.23642964,0.06342399,-0.00432459,-0.03876305
18452,0.66200304,-0.24341149,0.66828494,0.23643198,0.06342398,-0.00432459,-0.03876310
18461,0.66200280,-0.24341473,0.66828470,0.23643019,0.06342396,-0.00432450,-0.03876314
18470,0.66200695,-0.24341158,0.66828203,0.23642914,0.06342396,-0.00432449,-0.03876307
18481,0.66200823,-0.24341032,0.66828274,0.23642449,0.06342395,-0.00432445,-0.03876306
18490,0.66200323,-0.24341697,0.66828398,0.23642845,0.06342399,-0.00432458,-0.03876302
18499,0.66200199,-0.24341216,0.66828737,0.23642721,0.06342396,-0.00432456,-0.03876302
18511,0.66201539,-0.24340984,0.66828017,0.23641250,0.06342395,-0.00432450,-0.03876301
18520,0.66201524,-0.24341514,0.66827778,0.23641417,0.06342395,-0.00432446,-0.03876292
18534,0.66200714,-0.24342951,0.66827812,0.23642125,0.06342396,-0.00432446,-0.03876292
18543,0.66200737,-0.24343035,0.66827707,0.23642251,0.06342392,-0.00432443,-0.03876301
18552,0.66200256,-0.24342551,0.66828231,0.23642606,0.06342392,-0.00432442,-0.03876307
18563,0.66200728,-0.24341259,0.66828308,0.23642413,0.06342388,-0.00432441,-0.03876319
18576,0.66200709,-0.24340381,0.66828479,0.23642930,0.06342384,-0.00432435,-0.03876316
18584,0.66201119,-0.24339296,0.66828389,0.23643105,0.06342382,-0.00432426,-0.03876324
18593,0.66201133,-0.24338772,0.66828508,0.23643298,0.06342381,-0.00432425,-0.03876327
18602,0.66200761,-0.24339609,0.66828446,0.23643586,0.06342383,-0.00432427,-0.03876325
18613,0.66201634,-0.24339714,0.66827797,0.23642897,0.06342381,-0.00432415,-0.03876318
18622,0.66201629,-0.24339442,0.66828007,0.23642625,0.06342383,-0.00432422,-0.03876314
18634,0.66201539,-0.24339337,0.66828365,0.23641941,0.06342382,-0.00432408,-0.03876304
18643,0.66201524,-0.24339714,0.66828289,0.23641779,0.06342386,-0.00432399,-0.03876279
18652,0.66201648,-0.24338488,0.66828703,0.23641552,0.06342381,-0.00432387,-0.03876290
18663,0.66202454,-0.24336411,0.66829109,0.23640284,0.06342375,-0.00432388,-0.03876302
18672,0.66201877,-0.24337122,0.66829023,0.23641405,0.06342380,-0.00432406,-0.03876312
18681,0.66201658,-0.24337453,0.66829133,0.23641386,0.06342378,-0.00432411,-0.03876314
18693,0.66200823,-0.24338057,0.66829433,0.23642265,0.06342380,-0.00432406,-0.03876307
18704,0.66201357,-0.24338860,0.66828398,0.23642878,0.06342377,-0.00432400,-0.03876302
18713,0.66201548,-0.24338774,0.66828613,0.23641765,0.06342373,-0.00432395,-0.03876307
18725,0.66201872,-0.24339447,0.66828007,0.23641915,0.06342377,-0.00432408,-0.03876306
18733,0.66201324,-0.24339308,0.66828684,0.23641643,0.06342378,-0.00432429,-0.03876316
18742,0.66201314,-0.24339418,0.66828484,0.23642132,0.06342381,-0.00432433,-0.03876313
18754,0.66201429,-0.24338951,0.66828494,0.23642287,0.06342380,-0.00432433,-0.03876308
18765,0.66201281,-0.24339661,0.66828298,0.23642523,0.06342380,-0.00432432,-0.03876306
18774,0.66201877,-0.24339089,0.66828269,0.23641519,0.06342380,-0.00432414,-0.03876301
18783,0.66201553,-0.24339919,0.66827960,0.23642416,0.06342386,-0.00432429,-0.03876299
18794,0.66202554,-0.24339616,0.66827421,0.23641471,0.06342381,-0.00432427,-0.03876307
18806,0.66202735,-0.24339601,0.66827421,0.23641023,0.06342383,-0.00432429,-0.03876300
18815,0.66202306,-0.24339485,0.66827492,0.23642103,0.06342384,-0.00432435,-0.03876307
18826,0.66203064,-0.24339118,0.66826910,0.23642017,0.06342383,-0.00432424,-0.03876295
18835,0.66202783,-0.24338464,0.66826925,0.23643407,0.06342387,-0.00432433,-0.03876298
18844,0.66203279,-0.24338128,0.66826858,0.23642554,0.06342384,-0.00432429,-0.03876294
18853,0.66202969,-0.24338181,0.66826872,0.23643341,0.06342387,-0.00432433,-0.03876301
18865,0.66203188,-0.24338319,0.66826677,0.23643124,0.06342388,-0.00432438,-0.03876297
18874,0.66203546,-0.24337098,0.66826825,0.23642935,0.06342387,-0.00432436,-0.03876300
18885,0.66204080,-0.24337189,0.66825971,0.23643808,0.06342391,-0.00432445,-0.03876309
18894,0.66204319,-0.24336764,0.66825728,0.23644282,0.06342391,-0.00432445,-0.03876305
18903,0.66203427,-0.24337449,0.66825942,0.23645462,0.06342392,-0.00432452,-0.03876313
18914,0.66203413,-0.24337449,0.66825799,0.23645882,0.06342391,-0.00432439,-0.03876313
18924,0.66203398,-0.24338064,0.66825456,0.23646311,0.06342392,-0.00432446,-0.03876301
18933,0.66203775,-0.24336698,0.66825871,0.23645439,0.06342390,-0.00432443,-0.03876314
18942,0.66203699,-0.24336762,0.66826143,0.23644783,0.06342392,-0.00432446,-0.03876308
18951,0.66203308,-0.24335904,0.66826820,0.23644874,0.06342391,-0.00432444,-0.03876307
18962,0.66203169,-0.24336271,0.66826744,0.23645100,0.06342387,-0.00432437,-0.03876309
18973,0.66202821,-0.24336633,0.66826677,0.23645908,0.06342392,-0.00432443,-0.03876293
18982,0.66202335,-0.24337532,0.66826810,0.23645975,0.06342392,-0.00432443,-0.03876293
18988,0.66201872,-0.24337217,0.66827206,0.23646476,0.06342392,-0.00432443,-0.03876293
18995,0.66201753,-0.24337692,0.66827201,0.23646304,0.06342392,-0.00432443,-0.03876293
19004,0.66202092,-0.24337394,0.66826934,0.23646428,0.06342392,-0.00432443,-0.03876293
19010,0.66202077,-0.24337725,0.66826767,0.23646593,0.06342392,-0.00432443,-0.03876293
19017,0.66202249,-0.24337933,0.66826624,0.23646354,0.06342392,-0.00432443,-0.03876293
19026,0.66202683,-0.24337868,0.66826395,0.23645861,0.06342392,-0.00432443,-0.03876293
19035,0.66202692,-0.24338033,0.66826400,0.23645606,0.06342392,-0.00432443,-0.03876293
19041,0.66202697,-0.24338250,0.66826381,0.23645470,0.06342392,-0.00432443,-0.03876293
19048,0.66202459,-0.24337813,0.66826577,0.23646001,0.06342392,-0.00432443,-0.03876293
19054,0.66202325,-0.24337754,0.66826734,0.23645954,0.06342392,-0.00432443,-0.03876293
19067,0.66202397,-0.24338166,0.66826715,0.23645412,0.06342392,-0.00432443,-0.03876293
19075,0.66201639,-0.24338505,0.66827511,0.23644938,0.06342392,-0.00432443,-0.03876293
19081,0.66201524,-0.24338622,0.66827611,0.23644847,0.06342392,-0.00432443,-0.03876293
19088,0.66201171,-0.24338707,0.66827940,0.23644814,0.06342392,-0.00432443,-0.03876293
19094,0.66201252,-0.24338419,0.66828107,0.23644444,0.06342392,-0.00432443,-0.03876293
19103,0.66201205,-0.24338836,0.66828184,0.23643925,0.06342392,-0.00432443,-0.03876293
19109,0.66201181,-0.24338710,0.66828279,0.23643879,0.06342392,-0.00432443,-0.03876293
19119,0.66201186,-0.24338591,0.66828589,0.23643066,0.06342392,-0.00432443,-0.03876293
19125,0.66200952,-0.24338784,0.66828804,0.23642897,0.06342392,-0.00432443,-0.03876293
19134,0.66201000,-0.24339132,0.66828365,0.23643670,0.06342392,-0.00432443,-0.03876293
19140,0.66201095,-0.24339182,0.66828241,0.23643667,0.06342392,-0.00432443,-0.03876293
19150,0.66200895,-0.24339234,0.66828470,0.23643562,0.06342392,-0.00432443,-0.03876293
19156,0.66201028,-0.24339201,0.66828422,0.23643348,0.06342392,-0.00432443,-0.03876293
19165,0.66200647,-0.24339461,0.66828584,0.23643710,0.06342392,-0.00432443,-0.03876293
19177,0.66199922,-0.24339146,0.66829156,0.23644421,0.06342392,-0.00432443,-0.03876293
19183,0.66199927,-0.24339048,0.66829280,0.23644161,0.06342392,-0.00432443,-0.03876293
19190,0.66199870,-0.24339194,0.66829442,0.23643748,0.06342392,-0.00432443,-0.03876293
19197,0.66199612,-0.24339032,0.66829719,0.23643856,0.06342392,-0.00432443,-0.03876293
19205,0.66199135,-0.24338788,0.66830372,0.23643543,0.06342392,-0.00432443,-0.03876293
19213,0.66199278,-0.24339225,0.66830325,0.23642845,0.06342392,-0.00432443,-0.03876293
19222,0.66198883,-0.24339129,0.66830797,0.23642716,0.06342392,-0.00432443,-0.03876293
19228,0.66199016,-0.24338917,0.66830611,0.23643066,0.06342392,-0.00432443,-0.03876293
19237,0.66199011,-0.24339346,0.66830558,0.23642830,0.06342392,-0.00432443,-0.03876293
19243,0.66199088,-0.24340169,0.66830120,0.23642969,0.06342392,-0.00432443,-0.03876293
19253,0.66198992,-0.24339635,0.66830558,0.23642580,0.06342392,-0.00432443,-0.03876293
19259,0.66199064,-0.24339797,0.66830320,0.23642926,0.06342392,-0.00432443,-0.03876293
19265,0.66199374,-0.24339213,0.66830277,0.23642706,0.06342392,-0.00432443,-0.03876293
19274,0.66199612,-0.24339709,0.66830201,0.23641781,0.06342392,-0.00432443,-0.03876293
19280,0.66199741,-0.24339420,0.66830229,0.23641643,0.06342392,-0.00432443,-0.03876293
19287,0.66199808,-0.24339451,0.66830205,0.23641483,0.06342392,-0.00432443,-0.03876293
19297,0.66199965,-0.24338569,0.66830325,0.23641617,0.06342392,-0.00432443,-0.03876293
19304,0.66199917,-0.24338979,0.66830229,0.23641598,0.06342392,-0.00432443,-0.03876293
19310,0.66199636,-0.24338793,0.66830539,0.23641691,0.06342392,-0.00432443,-0.03876293
19316,0.66199645,-0.24338886,0.66830377,0.23641972,0.06342392,-0.00432443,-0.03876293
19323,0.66200056,-0.24338598,0.66830215,0.23641598,0.06342392,-0.00432443,-0.03876293
19329,0.66199803,-0.24338576,0.66830377,0.23641884,0.06342392,-0.00432443,-0.03876293
19339,0.66200027,-0.24337539,0.66830487,0.23642024,0.06342392,-0.00432443,-0.03876293
19346,0.66199760,-0.24337289,0.66830844,0.23642044,0.06342392,-0.00432443,-0.03876293
19352,0.66199684,-0.24336972,0.66830949,0.23642256,0.06342392,-0.00432443,-0.03876293
19358,0.66200017,-0.24336833,0.66830549,0.23642606,0.06342392,-0.00432443,-0.03876293
19368,0.66200160,-0.24336953,0.66830320,0.23642752,0.06342392,-0.00432443,-0.03876293
19374,0.66200237,-0.24336612,0.66830468,0.23642475,0.06342392,-0.00432443,-0.03876293
19386,0.66200170,-0.24335563,0.66830997,0.23642222,0.06342392,-0.00432443,-0.03876293
19392,0.66200008,-0.24335863,0.66831107,0.23642053,0.06342392,-0.00432443,-0.03876293
19401,0.66200227,-0.24335298,0.66830883,0.23642656,0.06342392,-0.00432443,-0.03876293
19408,0.66200609,-0.24335193,0.66830720,0.23642187,0.06342392,-0.00432443,-0.03876293
19414,0.66200857,-0.24334840,0.66830749,0.23641757,0.06342392,-0.00432443,-0.03876293
19420,0.66200966,-0.24335076,0.66830673,0.23641440,0.06342392,-0.00432443,-0.03876293
19430,0.66201133,-0.24334924,0.66830830,0.23640685,0.06342392,-0.00432443,-0.03876293
19439,0.66201276,-0.24334928,0.66830611,0.23640873,0.06342392,-0.00432443,-0.03876293
19445,0.66201453,-0.24334869,0.66830630,0.23640391,0.06342392,-0.00432443,-0.03876293
19452,0.66201329,-0.24335174,0.66830501,0.23640761,0.06342392,-0.00432443,-0.03876293
19458,0.66201467,-0.24334967,0.66830534,0.23640568,0.06342392,-0.00432443,-0.03876293
19467,0.66201329,-0.24334855,0.66830544,0.23640971,0.06342392,-0.00432443,-0.03876293
19475,0.66201534,-0.24334568,0.66830472,0.23640916,0.06342392,-0.00432443,-0.03876293
19481,0.66201663,-0.24334921,0.66830139,0.23641142,0.06342392,-0.00432443,-0.03876293
19487,0.66201610,-0.24334809,0.66830310,0.23640913,0.06342392,-0.00432443,-0.03876293
19496,0.66201848,-0.24335625,0.66829757,0.23640971,0.06342392,-0.00432443,-0.03876293
19502,0.66201930,-0.24335961,0.66829547,0.23640971,0.06342392,-0.00432443,-0.03876293
19511,0.66202111,-0.24335324,0.66829681,0.23640797,0.06342392,-0.00432443,-0.03876293
19519,0.66202487,-0.24334881,0.66829390,0.23640992,0.06342392,-0.00432443,-0.03876293
19525,0.66202874,-0.24334182,0.66829209,0.23641176,0.06342392,-0.00432443,-0.03876293
19534,0.66203064,-0.24334039,0.66829152,0.23640916,0.06342392,-0.00432443,-0.03876293
19540,0.66202597,-0.24333946,0.66829485,0.23641347,0.06342392,-0.00432443,-0.03876293
19547,0.66202583,-0.24334337,0.66829481,0.23641059,0.06342392,-0.00432443,-0.03876293
19553,0.66202406,-0.24334306,0.66829595,0.23641209,0.06342392,-0.00432443,-0.03876293
19563,0.66201963,-0.24334552,0.66829972,0.23641111,0.06342392,-0.00432443,-0.03876293
19569,0.66201949,-0.24334650,0.66829724,0.23641755,0.06342392,-0.00432443,-0.03876293
19578,0.66202020,-0.24333076,0.66830272,0.23641645,0.06342392,-0.00432443,-0.03876293
19586,0.66201953,-0.24332816,0.66830444,0.23641602,0.06342392,-0.00432443,-0.03876293
19593,0.66202077,-0.24332556,0.66830472,0.23641438,0.06342392,-0.00432443,-0.03876293
19602,0.66202020,-0.24333014,0.66830701,0.23640480,0.06342392,-0.00432443,-0.03876293
19609,0.66201663,-0.24333052,0.66830797,0.23641190,0.06342392,-0.00432443,-0.03876293
19616,0.66201515,-0.24333026,0.66830849,0.23641510,0.06342392,-0.00432443,-0.03876293
19622,0.66201157,-0.24333450,0.66831121,0.23641307,0.06342392,-0.00432443,-0.03876293
19631,0.66201329,-0.24333302,0.66831135,0.23640913,0.06342392,-0.00432443,-0.03876293
19637,0.66201643,-0.24332804,0.66831064,0.23640744,0.06342392,-0.00432443,-0.03876293
19647,0.66201410,-0.24333021,0.66831026,0.23641302,0.06342392,-0.00432443,-0.03876293
19655,0.66201043,-0.24333901,0.66831035,0.23641388,0.06342392,-0.00432443,-0.03876293
19662,0.66201405,-0.24334273,0.66830635,0.23641088,0.06342392,-0.00432443,-0.03876293
19669,0.66201472,-0.24334037,0.66830577,0.23641347,0.06342392,-0.00432443,-0.03876293
19675,0.66201729,-0.24334266,0.66830139,0.23641631,0.06342392,-0.00432443,-0.03876293
19682,0.66201739,-0.24334237,0.66830153,0.23641586,0.06342392,-0.00432443,-0.03876293
19691,0.66201944,-0.24334607,0.66829972,0.23641135,0.06342392,-0.00432443,-0.03876293
19703,0.66202616,-0.24334146,0.66829919,0.23639907,0.06342392,-0.00432443,-0.03876293
19709,0.66202473,-0.24334313,0.66830101,0.23639614,0.06342392,-0.00432443,-0.03876293
19715,0.66202363,-0.24334044,0.66830177,0.23639974,0.06342392,-0.00432443,-0.03876293
19724,0.66201810,-0.24334275,0.66830549,0.23640220,0.06342392,-0.00432443,-0.03876293
19731,0.66201095,-0.24334826,0.66831059,0.23640213,0.06342392,-0.00432443,-0.03876293
19739,0.66200838,-0.24335103,0.66831254,0.23640122,0.06342392,-0.00432443,-0.03876293
19745,0.66201443,-0.24335255,0.66830687,0.23639843,0.06342392,-0.00432443,-0.03876293
19751,0.66201429,-0.24335231,0.66830925,0.23639237,0.06342392,-0.00432443,-0.03876293
19758,0.66201305,-0.24335596,0.66831045,0.23638892,0.06342392,-0.00432443,-0.03876293
19767,0.66201686,-0.24335298,0.66830487,0.23639717,0.06342392,-0.00432443,-0.03876293
19773,0.66201620,-0.24335179,0.66830797,0.23639128,0.06342392,-0.00432443,-0.03876293
19782,0.66201219,-0.24335262,0.66830816,0.23640105,0.06342392,-0.00432443,-0.03876293
19791,0.66200571,-0.24335062,0.66831636,0.23639836,0.06342392,-0.00432443,-0.03876293
19800,0.66200323,-0.24335403,0.66831645,0.23640122,0.06342392,-0.00432443,-0.03876293
19806,0.66200394,-0.24335503,0.66831517,0.23640191,0.06342392,-0.00432443,-0.03876293
19813,0.66200060,-0.24335927,0.66831607,0.23640422,0.06342392,-0.00432443,-0.03876293
19819,0.66199913,-0.24335889,0.66831922,0.23640024,0.06342392,-0.00432443,-0.03876293
19829,0.66199789,-0.24335768,0.66832036,0.23640141,0.06342392,-0.00432443,-0.03876293
19835,0.66200065,-0.24335145,0.66831979,0.23640158,0.06342392,-0.00432443,-0.03876293
19842,0.66200013,-0.24335076,0.66831774,0.23640987,0.06342392,-0.00432443,-0.03876293
19848,0.66200170,-0.24335341,0.66831583,0.23640828,0.06342392,-0.00432443,-0.03876293
19855,0.66200151,-0.24335517,0.66831674,0.23640484,0.06342392,-0.00432443,-0.03876293
19864,0.66200370,-0.24335694,0.66831674,0.23639605,0.06342392,-0.00432443,-0.03876293
19871,0.66200466,-0.24335381,0.66831636,0.23639771,0.06342392,-0.00432443,-0.03876293
19878,0.66200308,-0.24335889,0.66831583,0.23639826,0.06342392,-0.00432443,-0.03876293
19884,0.66200571,-0.24335930,0.66831450,0.23639390,0.06342392,-0.00432443,-0.03876293
19893,0.66200375,-0.24335610,0.66831789,0.23639416,0.06342392,-0.00432443,-0.03876293
19899,0.66200346,-0.24335696,0.66831784,0.23639326,0.06342392,-0.00432443,-0.03876293
19906,0.66199946,-0.24335851,0.66832036,0.23639609,0.06342392,-0.00432443,-0.03876293
19915,0.66199994,-0.24335722,0.66831870,0.23640093,0.06342392,-0.00432443,-0.03876293
19924,0.66199584,-0.24335632,0.66832141,0.23640577,0.06342392,-0.00432443,-0.03876293
19930,0.66199297,-0.24335920,0.66832308,0.23640604,0.06342392,-0.00432443,-0.03876293
19939,0.66199297,-0.24335870,0.66832513,0.23640027,0.06342392,-0.00432443,-0.03876293
19945,0.66199588,-0.24335637,0.66832346,0.23639981,0.06342392,-0.00432443,-0.03876293
19952,0.66199259,-0.24335556,0.66832551,0.23640339,0.06342392,-0.00432443,-0.03876293
19962,0.66198539,-0.24335303,0.66833276,0.23640599,0.06342392,-0.00432443,-0.03876293
19968,0.66198592,-0.24335198,0.66833343,0.23640394,0.06342392,-0.00432443,-0.03876293
19974,0.66198372,-0.24335422,0.66833310,0.23640885,0.06342392,-0.00432443,-0.03876293
19981,0.66198277,-0.24335222,0.66833257,0.23641510,0.06342392,-0.00432443,-0.03876293
19989,0.66197924,-0.24334690,0.66833758,0.23641636,0.06342392,-0.00432443,-0.03876293
19999,0.66197605,-0.24334163,0.66834001,0.23642368,0.06342392,-0.00432443,-0.03876293
20008,0.66197948,-0.24334342,0.66833734,0.23641967,0.06342392,-0.00432443,-0.03876293
20015,0.66197896,-0.24334259,0.66833786,0.23642048,0.06342392,-0.00432443,-0.03876293
20021,0.66198129,-0.24333772,0.66833786,0.23641862,0.06342392,-0.00432443,-0.03876293
20030,0.66198177,-0.24333307,0.66834011,0.23641591,0.06342392,-0.00432443,-0.03876293
20036,0.66198258,-0.24333245,0.66834139,0.23641085,0.06342392,-0.00432443,-0.03876293
20046,0.66198806,-0.24333117,0.66833662,0.23641009,0.06342392,-0.00432443,-0.03876293
20053,0.66198406,-0.24333355,0.66833868,0.23641312,0.06342392,-0.00432443,-0.03876293
20061,0.66198344,-0.24332704,0.66834139,0.23641412,0.06342392,-0.00432443,-0.03876293
20074,0.66198482,-0.24332771,0.66833734,0.23642120,0.06342392,-0.00432443,-0.03876293
20080,0.66198511,-0.24332664,0.66833777,0.23641965,0.06342392,-0.00432443,-0.03876293
20089,0.66199007,-0.24331986,0.66833682,0.23641562,0.06342392,-0.00432443,-0.03876293
20097,0.66198801,-0.24332420,0.66833667,0.23641750,0.06342392,-0.00432443,-0.03876293
20103,0.66198611,-0.24332003,0.66834044,0.23641660,0.06342392,-0.00432443,-0.03876293
20110,0.66198849,-0.24331243,0.66833858,0.23642268,0.06342392,-0.00432443,-0.03876293
20116,0.66198658,-0.24331207,0.66833982,0.23642525,0.06342392,-0.00432443,-0.03876293
20122,0.66198644,-0.24331178,0.66833982,0.23642568,0.06342392,-0.00432443,-0.03876293
20131,0.66199207,-0.24331398,0.66833581,0.23641943,0.06342392,-0.00432443,-0.03876293
20139,0.66198959,-0.24331431,0.66833643,0.23642394,0.06342392,-0.00432443,-0.03876293
20145,0.66198592,-0.24331302,0.66834063,0.23642370,0.06342392,-0.00432443,-0.03876293
20154,0.66198797,-0.24331574,0.66833734,0.23642475,0.06342392,-0.00432443,-0.03876293
20161,0.66198706,-0.24331684,0.66833858,0.23642210,0.06342392,-0.00432443,-0.03876293
20167,0.66198511,-0.24331924,0.66834111,0.23641817,0.06342392,-0.00432443,-0.03876293
20173,0.66198530,-0.24332087,0.66834115,0.23641593,0.06342392,-0.00432443,-0.03876293
20183,0.66198358,-0.24331655,0.66834335,0.23641836,0.06342392,-0.00432443,-0.03876293
20190,0.66198177,-0.24331822,0.66834573,0.23641560,0.06342392,-0.00432443,-0.03876293
20201,0.66198773,-0.24331240,0.66834044,0.23641996,0.06342392,-0.00432443,-0.03876293
20207,0.66198353,-0.24331448,0.66834259,0.23642346,0.06342392,-0.00432443,-0.03876293
20214,0.66198134,-0.24331612,0.66834220,0.23642859,0.06342392,-0.00432443,-0.03876293
20220,0.66197962,-0.24331378,0.66834454,0.23642945,0.06342392,-0.00432443,-0.03876293
20231,0.66197900,-0.24330818,0.66834650,0.23643112,0.06342392,-0.00432443,-0.03876293
20237,0.66198167,-0.24330546,0.66834354,0.23643488,0.06342392,-0.00432443,-0.03876293
20244,0.66198496,-0.24330372,0.66834011,0.23643705,0.06342392,-0.00432443,-0.03876293
20250,0.66198453,-0.24330539,0.66833930,0.23643918,0.06342392,-0.00432443,-0.03876293
20259,0.66198368,-0.24329888,0.66834115,0.23644316,0.06342392,-0.00432443,-0.03876293
20265,0.66198225,-0.24329814,0.66834311,0.23644223,0.06342392,-0.00432443,-0.03876293
20275,0.66197991,-0.24330327,0.66834239,0.23644545,0.06342392,-0.00432443,-0.03876293
20281,0.66197876,-0.24330263,0.66834316,0.23644716,0.06342392,-0.00432443,-0.03876293
20288,0.66197528,-0.24330260,0.66834487,0.23645205,0.06342392,-0.00432443,-0.03876293
20297,0.66197643,-0.24330658,0.66834406,0.23644735,0.06342392,-0.00432443,-0.03876293
20304,0.66197137,-0.24330835,0.66834874,0.23644635,0.06342392,-0.00432443,-0.03876293
20310,0.66196947,-0.24331090,0.66834974,0.23644630,0.06342392,-0.00432443,-0.03876293
20319,0.66196923,-0.24329690,0.66835393,0.23644933,0.06342392,-0.00432443,-0.03876293
20328,0.66196589,-0.24330263,0.66835432,0.23645169,0.06342392,-0.00432443,-0.03876293
20335,0.66196780,-0.24330399,0.66835064,0.23645503,0.06342392,-0.00432443,-0.03876293
20341,0.66196656,-0.24330272,0.66835093,0.23645901,0.06342392,-0.00432443,-0.03876293
20347,0.66196722,-0.24330375,0.66835026,0.23645827,0.06342392,-0.00432443,-0.03876293
20356,0.66196193,-0.24330446,0.66835331,0.23646359,0.06342392,-0.00432443,-0.03876293
20364,0.66195945,-0.24329774,0.66835885,0.23646197,0.06342392,-0.00432443,-0.03876293
20372,0.66195588,-0.24330096,0.66836109,0.23646247,0.06342392,-0.00432443,-0.03876293
20379,0.66195621,-0.24330081,0.66835999,0.23646464,0.06342392,-0.00432443,-0.03876293
20385,0.66195850,-0.24329690,0.66835780,0.23646841,0.06342392,-0.00432443,-0.03876293
20394,0.66195545,-0.24330084,0.66836071,0.23646488,0.06342392,-0.00432443,-0.03876293
20404,0.66196112,-0.24329612,0.66836004,0.23645529,0.06342392,-0.00432443,-0.03876293
20410,0.66195859,-0.24329636,0.66836171,0.23645784,0.06342392,-0.00432443,-0.03876293
20417,0.66195797,-0.24329564,0.66836185,0.23645973,0.06342392,-0.00432443,-0.03876293
20426,0.66195459,-0.24330451,0.66836252,0.23645832,0.06342392,-0.00432443,-0.03876293
20432,0.66195421,-0.24330041,0.66836338,0.23646085,0.06342392,-0.00432443,-0.03876293
20438,0.66195435,-0.24329497,0.66836662,0.23645732,0.06342392,-0.00432443,-0.03876293
20448,0.66195654,-0.24329268,0.66836600,0.23645501,0.06342392,-0.00432443,-0.03876293
20455,0.66195659,-0.24329452,0.66836223,0.23646390,0.06342392,-0.00432443,-0.03876293
20463,0.66195573,-0.24329714,0.66836361,0.23645927,0.06342392,-0.00432443,-0.03876293
20470,0.66195421,-0.24329714,0.66836504,0.23645937,0.06342392,-0.00432443,-0.03876293
20476,0.66195731,-0.24329063,0.66836585,0.23645563,0.06342392,-0.00432443,-0.03876293
20483,0.66195878,-0.24328503,0.66836695,0.23645398,0.06342392,-0.00432443,-0.03876293
20492,0.66196184,-0.24328532,0.66836361,0.23645422,0.06342392,-0.00432443,-0.03876293
20499,0.66196107,-0.24328455,0.66836380,0.23645660,0.06342392,-0.00432443,-0.03876293
20505,0.66196055,-0.24327988,0.66836414,0.23646202,0.06342392,-0.00432443,-0.03876293
20514,0.66195893,-0.24328181,0.66836614,0.23645935,0.06342392,-0.00432443,-0.03876293
20521,0.66196055,-0.24328029,0.66836571,0.23645720,0.06342392,-0.00432443,-0.03876293
20527,0.66196022,-0.24327583,0.66836876,0.23645386,0.06342392,-0.00432443,-0.03876293
20540,0.66196184,-0.24327278,0.66837019,0.23644876,0.06342392,-0.00432443,-0.03876293
20546,0.66196255,-0.24327828,0.66836714,0.23644993,0.06342392,-0.00432443,-0.03876293
20552,0.66196165,-0.24327497,0.66836891,0.23645069,0.06342392,-0.00432443,-0.03876293
20561,0.66196088,-0.24327609,0.66837110,0.23644568,0.06342392,-0.00432443,-0.03876293
20567,0.66196222,-0.24327983,0.66836853,0.23644518,0.06342392,-0.00432443,-0.03876293
20574,0.66196255,-0.24327323,0.66836948,0.23644862,0.06342392,-0.00432443,-0.03876293
20583,0.66196017,-0.24327042,0.66837205,0.23645076,0.06342392,-0.00432443,-0.03876293
20593,0.66196155,-0.24327800,0.66836967,0.23644611,0.06342392,-0.00432443,-0.03876293
20599,0.66196398,-0.24327363,0.66836814,0.23644766,0.06342392,-0.00432443,-0.03876293
20607,0.66196107,-0.24327912,0.66837139,0.23644137,0.06342392,-0.00432443,-0.03876293
20614,0.66196341,-0.24328539,0.66836695,0.23644084,0.06342392,-0.00432443,-0.03876293
20620,0.66196541,-0.24328587,0.66836552,0.23643860,0.06342392,-0.00432443,-0.03876293
20630,0.66196346,-0.24327754,0.66836566,0.23645207,0.06342392,-0.00432443,-0.03876293
20636,0.66196403,-0.24327416,0.66836524,0.23645513,0.06342392,-0.00432443,-0.03876293
20643,0.66196818,-0.24327383,0.66836242,0.23645191,0.06342392,-0.00432443,-0.03876293
20649,0.66196494,-0.24327256,0.66836557,0.23645322,0.06342392,-0.00432443,-0.03876293
20658,0.66196465,-0.24326710,0.66836433,0.23646342,0.06342392,-0.00432443,-0.03876293
20665,0.66196203,-0.24326744,0.66836433,0.23647024,0.06342392,-0.00432443,-0.03876293
20672,0.66195993,-0.24326875,0.66836643,0.23646886,0.06342392,-0.00432443,-0.03876293
20679,0.66195988,-0.24326667,0.66836605,0.23647220,0.06342392,-0.00432443,-0.03876293
20688,0.66196279,-0.24326379,0.66836409,0.23647289,0.06342392,-0.00432443,-0.03876293
20694,0.66196393,-0.24326133,0.66836347,0.23647420,0.06342392,-0.00432443,-0.03876293
20701,0.66196517,-0.24325346,0.66836643,0.23646972,0.06342392,-0.00432443,-0.03876293
20707,0.66196703,-0.24325547,0.66836233,0.23647410,0.06342392,-0.00432443,-0.03876293
20717,0.66196689,-0.24325652,0.66836395,0.23646924,0.06342392,-0.00432443,-0.03876293
20725,0.66196775,-0.24326155,0.66835970,0.23647372,0.06342392,-0.00432443,-0.03876293
20734,0.66197438,-0.24326317,0.66835088,0.23647806,0.06342392,-0.00432443,-0.03876293
20741,0.66196637,-0.24326772,0.66835694,0.23647873,0.06342392,-0.00432443,-0.03876293
20747,0.66196727,-0.24326863,0.66835393,0.23648414,0.06342392,-0.00432443,-0.03876293
20756,0.66196656,-0.24326815,0.66835408,0.23648610,0.06342392,-0.00432443,-0.03876293
20764,0.66196537,-0.24326894,0.66835575,0.23648371,0.06342392,-0.00432443,-0.03876293
20771,0.66196489,-0.24326648,0.66835556,0.23648838,0.06342392,-0.00432443,-0.03876293
20777,0.66196799,-0.24326736,0.66835017,0.23649368,0.06342392,-0.00432443,-0.03876293
20786,0.66196990,-0.24327664,0.66834239,0.23650124,0.06342392,-0.00432443,-0.03876293
20792,0.66197061,-0.24327368,0.66834506,0.23649470,0.06342392,-0.00432443,-0.03876293
20802,0.66197032,-0.24327208,0.66834263,0.23650369,0.06342392,-0.00432443,-0.03876293
20810,0.66197247,-0.24326109,0.66834278,0.23650887,0.06342392,-0.00432443,-0.03876293
20816,0.66197538,-0.24325704,0.66834259,0.23650531,0.06342392,-0.00432443,-0.03876293
20825,0.66197247,-0.24325654,0.66834425,0.23650925,0.06342392,-0.00432443,-0.03876293
20832,0.66197304,-0.24325630,0.66834363,0.23650946,0.06342392,-0.00432443,-0.03876293
20838,0.66197080,-0.24325749,0.66834478,0.23651156,0.06342392,-0.00432443,-0.03876293
20848,0.66197242,-0.24325888,0.66834349,0.23650937,0.06342392,-0.00432443,-0.03876293
20856,0.66196866,-0.24325819,0.66834645,0.23651173,0.06342392,-0.00432443,-0.03876293
20863,0.66197032,-0.24325933,0.66834468,0.23651103,0.06342392,-0.00432443,-0.03876293
20869,0.66197247,-0.24325525,0.66834354,0.23651266,0.06342392,-0.00432443,-0.03876293
20878,0.66197071,-0.24325215,0.66834850,0.23650667,0.06342392,-0.00432443,-0.03876293
20884,0.66197156,-0.24325435,0.66834683,0.23650660,0.06342392,-0.00432443,-0.03876293
20894,0.66197247,-0.24326019,0.66834192,0.23651213,0.06342392,-0.00432443,-0.03876293
20900,0.66197299,-0.24325945,0.66834239,0.23651008,0.06342392,-0.00432443,-0.03876293
20907,0.66197481,-0.24326353,0.66833968,0.23650836,0.06342392,-0.00432443,-0.03876293
20913,0.66197862,-0.24326386,0.66833643,0.23650672,0.06342392,-0.00432443,-0.03876293
20922,0.66198329,-0.24326512,0.66833133,0.23650677,0.06342392,-0.00432443,-0.03876293
20928,0.66198673,-0.24326457,0.66832733,0.23650882,0.06342392,-0.00432443,-0.03876293
20938,0.66198306,-0.24326004,0.66833181,0.23651108,0.06342392,-0.00432443,-0.03876293
20946,0.66198439,-0.24325878,0.66833133,0.23650987,0.06342392,-0.00432443,-0.03876293
20953,0.66198325,-0.24325749,0.66833424,0.23650648,0.06342392,-0.00432443,-0.03876293
20960,0.66198434,-0.24326255,0.66833281,0.23650190,0.06342392,-0.00432443,-0.03876293
20966,0.66198263,-0.24326217,0.66833333,0.23650572,0.06342392,-0.00432443,-0.03876293
20972,0.66198277,-0.24325938,0.66833610,0.23650023,0.06342392,-0.00432443,-0.03876293
20982,0.66198091,-0.24326000,0.66833691,0.23650281,0.06342392,-0.00432443,-0.03876293
20991,0.66198105,-0.24326488,0.66833662,0.23649833,0.06342392,-0.00432443,-0.03876293
20997,0.66198039,-0.24326317,0.66833753,0.23649909,0.06342392,-0.00432443,-0.03876293
21003,0.66197972,-0.24326028,0.66834015,0.23649630,0.06342392,-0.00432443,-0.03876293
21011,0.66198081,-0.24326386,0.66833753,0.23649740,0.06342392,-0.00432443,-0.03876293
21020,0.66197423,-0.24326710,0.66834316,0.23649649,0.06342392,-0.00432443,-0.03876293
21028,0.66197261,-0.24326558,0.66834526,0.23649666,0.06342392,-0.00432443,-0.03876293
21034,0.66197366,-0.24326467,0.66834311,0.23650071,0.06342392,-0.00432443,-0.03876293
21041,0.66197271,-0.24326679,0.66834444,0.23649756,0.06342392,-0.00432443,-0.03876293
21047,0.66197752,-0.24326663,0.66834106,0.23649377,0.06342392,-0.00432443,-0.03876293
21056,0.66197786,-0.24326291,0.66834068,0.23649749,0.06342392,-0.00432443,-0.03876293
21062,0.66197543,-0.24326884,0.66834158,0.23649594,0.06342392,-0.00432443,-0.03876293
21078,0.66197514,-0.24327392,0.66833677,0.23650507,0.06342392,-0.00432443,-0.03876293
21084,0.66197152,-0.24327907,0.66833791,0.23650662,0.06342392,-0.00432443,-0.03876293
21093,0.66197304,-0.24328258,0.66833581,0.23650457,0.06342392,-0.00432443,-0.03876293
21100,0.66196708,-0.24328701,0.66834025,0.23650364,0.06342392,-0.00432443,-0.03876293
21106,0.66196942,-0.24328134,0.66833920,0.23650608,0.06342392,-0.00432443,-0.03876293
21112,0.66196327,-0.24328689,0.66834168,0.23651070,0.06342392,-0.00432443,-0.03876293
21122,0.66196541,-0.24328327,0.66834058,0.23651208,0.06342392,-0.00432443,-0.03876293
21128,0.66196174,-0.24328472,0.66834268,0.23651459,0.06342392,-0.00432443,-0.03876293
21135,0.66196198,-0.24328198,0.66834468,0.23651130,0.06342392,-0.00432443,-0.03876293
21141,0.66196041,-0.24328372,0.66834497,0.23651244,0.06342392,-0.00432443,-0.03876293
21148,0.66196374,-0.24327630,0.66834316,0.23651609,0.06342392,-0.00432443,-0.03876293
21157,0.66196470,-0.24327607,0.66834383,0.23651216,0.06342392,-0.00432443,-0.03876293
21166,0.66196465,-0.24327089,0.66834630,0.23651025,0.06342392,-0.00432443,-0.03876293
21173,0.66196756,-0.24327204,0.66834297,0.23651051,0.06342392,-0.00432443,-0.03876293
21179,0.66196660,-0.24327173,0.66834335,0.23651223,0.06342392,-0.00432443,-0.03876293
21188,0.66196746,-0.24327230,0.66833915,0.23652110,0.06342392,-0.00432443,-0.03876293
21195,0.66196489,-0.24326958,0.66834120,0.23652529,0.06342392,-0.00432443,-0.03876293
21204,0.66196231,-0.24327342,0.66834096,0.23652939,0.06342392,-0.00432443,-0.03876293
21213,0.66196317,-0.24327161,0.66834154,0.23652756,0.06342392,-0.00432443,-0.03876293
21222,0.66196489,-0.24327187,0.66833772,0.23653318,0.06342392,-0.00432443,-0.03876293
21228,0.66196584,-0.24327025,0.66833839,0.23653016,0.06342392,-0.00432443,-0.03876293
21237,0.66196193,-0.24326450,0.66834597,0.23652539,0.06342392,-0.00432443,-0.03876293
21243,0.66196084,-0.24326298,0.66834645,0.23652858,0.06342392,-0.00432443,-0.03876293
21253,0.66196012,-0.24325842,0.66834983,0.23652596,0.06342392,-0.00432443,-0.03876293
21261,0.66195564,-0.24326045,0.66835312,0.23652718,0.06342392,-0.00432443,-0.03876293
21268,0.66195783,-0.24325947,0.66835079,0.23652844,0.06342392,-0.00432443,-0.03876293
21274,0.66195840,-0.24326131,0.66834964,0.23652820,0.06342392,-0.00432443,-0.03876293
21281,0.66195578,-0.24325981,0.66835088,0.23653352,0.06342392,-0.00432443,-0.03876293
21290,0.66195468,-0.24326434,0.66835193,0.23652930,0.06342392,-0.00432443,-0.03876293
21298,0.66194920,-0.24327139,0.66835303,0.23653433,0.06342392,-0.00432443,-0.03876293
21304,0.66195192,-0.24326891,0.66835112,0.23653457,0.06342392,-0.00432443,-0.03876293
21313,0.66195049,-0.24326307,0.66835489,0.23653395,0.06342392,-0.00432443,-0.03876293
21319,0.66195101,-0.24326393,0.66835384,0.23653457,0.06342392,-0.00432443,-0.03876293
21328,0.66194410,-0.24326610,0.66835951,0.23653559,0.06342392,-0.00432443,-0.03876293
21334,0.66194448,-0.24326651,0.66835875,0.23653585,0.06342392,-0.00432443,-0.03876293
21344,0.66193866,-0.24326288,0.66836442,0.23653998,0.06342392,-0.00432443,-0.03876293
21350,0.66193847,-0.24326300,0.66836347,0.23654344,0.06342392,-0.00432443,-0.03876293
21359,0.66194019,-0.24325637,0.66836643,0.23653659,0.06342392,-0.00432443,-0.03876293
21365,0.66193647,-0.24325683,0.66836948,0.23653848,0.06342392,-0.00432443,-0.03876293
21372,0.66193847,-0.24325218,0.66837034,0.23653492,0.06342392,-0.00432443,-0.03876293
21380,0.66193647,-0.24325151,0.66837463,0.23652908,0.06342392,-0.00432443,-0.03876293
21388,0.66193513,-0.24325551,0.66837239,0.23653497,0.06342392,-0.00432443,-0.03876293
21395,0.66193075,-0.24325010,0.66837711,0.23653986,0.06342392,-0.00432443,-0.03876293
21401,0.66192855,-0.24324693,0.66837882,0.23654403,0.06342392,-0.00432443,-0.03876293
21408,0.66193032,-0.24324395,0.66837830,0.23654363,0.06342392,-0.00432443,-0.03876293
21416,0.66193342,-0.24324038,0.66837615,0.23654489,0.06342392,-0.00432443,-0.03876293
21424,0.66193656,-0.24323878,0.66837673,0.23653583,0.06342392,-0.00432443,-0.03876293
21432,0.66193685,-0.24324011,0.66837711,0.23653304,0.06342392,-0.00432443,-0.03876293
21438,0.66193799,-0.24324157,0.66837453,0.23653562,0.06342392,-0.00432443,-0.03876293
21445,0.66193456,-0.24324076,0.66837911,0.23653304,0.06342392,-0.00432443,-0.03876293
21454,0.66192655,-0.24323744,0.66838607,0.23653898,0.06342392,-0.00432443,-0.03876293
21461,0.66192631,-0.24323661,0.66838788,0.23653542,0.06342392,-0.00432443,-0.03876293
21467,0.66192698,-0.24323914,0.66838603,0.23653600,0.06342392,-0.00432443,-0.03876293
21477,0.66192746,-0.24323902,0.66838617,0.23653490,0.06342392,-0.00432443,-0.03876293
21486,0.66192960,-0.24324035,0.66838369,0.23653430,0.06342392,-0.00432443,-0.03876293
21492,0.66193003,-0.24324176,0.66838588,0.23652591,0.06342392,-0.00432443,-0.03876293
21499,0.66192941,-0.24324138,0.66838531,0.23652906,0.06342392,-0.00432443,-0.03876293
21505,0.66192989,-0.24324071,0.66838579,0.23652739,0.06342392,-0.00432443,-0.03876293
21511,0.66192579,-0.24324433,0.66838788,0.23652884,0.06342392,-0.00432443,-0.03876293
21522,0.66192245,-0.24324278,0.66839523,0.23651936,0.06342392,-0.00432443,-0.03876293
21528,0.66192431,-0.24324281,0.66839456,0.23651597,0.06342392,-0.00432443,-0.03876293
21534,0.66192293,-0.24324359,0.66839427,0.23651976,0.06342392,-0.00432443,-0.03876293
21541,0.66192359,-0.24324350,0.66839385,0.23651914,0.06342392,-0.00432443,-0.03876293
21550,0.66192150,-0.24324760,0.66839303,0.23652322,0.06342392,-0.00432443,-0.03876293
21557,0.66192097,-0.24324333,0.66839575,0.23652126,0.06342392,-0.00432443,-0.03876293
21564,0.66191806,-0.24324109,0.66839795,0.23652572,0.06342392,-0.00432443,-0.03876293
21570,0.66192064,-0.24324030,0.66839499,0.23652746,0.06342392,-0.00432443,-0.03876293
21576,0.66192221,-0.24323563,0.66839523,0.23652722,0.06342392,-0.00432443,-0.03876293
21585,0.66191954,-0.24323835,0.66839556,0.23653094,0.06342392,-0.00432443,-0.03876293
21594,0.66191358,-0.24324111,0.66840143,0.23652811,0.06342392,-0.00432443,-0.03876293
21602,0.66191492,-0.24324145,0.66840162,0.23652353,0.06342392,-0.00432443,-0.03876293
21608,0.66191053,-0.24323906,0.66840577,0.23652663,0.06342392,-0.00432443,-0.03876293
21619,0.66191396,-0.24322640,0.66840453,0.23653359,0.06342392,-0.00432443,-0.03876293
21625,0.66191358,-0.24322609,0.66840558,0.23653175,0.06342392,-0.00432443,-0.03876293
21631,0.66191430,-0.24323253,0.66840276,0.23653135,0.06342392,-0.00432443,-0.03876293
21638,0.66191267,-0.24323096,0.66840338,0.23653583,0.06342392,-0.00432443,-0.03876293
21648,0.66191358,-0.24322714,0.66840438,0.23653407,0.06342392,-0.00432443,-0.03876293
21654,0.66191377,-0.24322183,0.66840529,0.23653664,0.06342392,-0.00432443,-0.03876293
21663,0.66191625,-0.24322335,0.66840324,0.23653390,0.06342392,-0.00432443,-0.03876293
21669,0.66191854,-0.24322512,0.66840076,0.23653280,0.06342392,-0.00432443,-0.03876293
21676,0.66192030,-0.24322600,0.66839895,0.23653247,0.06342392,-0.00432443,-0.03876293
21685,0.66192221,-0.24322428,0.66840209,0.23651947,0.06342392,-0.00432443,-0.03876293
21692,0.66192317,-0.24322531,0.66840262,0.23651444,0.06342392,-0.00432443,-0.03876293
21699,0.66192002,-0.24322345,0.66840686,0.23651337,0.06342392,-0.00432443,-0.03876293
21705,0.66192440,-0.24322528,0.66840200,0.23651251,0.06342392,-0.00432443,-0.03876293
21714,0.66192955,-0.24322886,0.66839437,0.23651626,0.06342392,-0.00432443,-0.03876293
21720,0.66193299,-0.24323174,0.66839094,0.23651361,0.06342392,-0.00432443,-0.03876293
21727,0.66193556,-0.24323103,0.66838936,0.23651161,0.06342392,-0.00432443,-0.03876293
21736,0.66194033,-0.24323234,0.66838321,0.23651418,0.06342392,-0.00432443,-0.03876293
21743,0.66194019,-0.24323167,0.66838321,0.23651494,0.06342392,-0.00432443,-0.03876293
21752,0.66194314,-0.24322721,0.66838312,0.23651175,0.06342392,-0.00432443,-0.03876293
21758,0.66193981,-0.24323143,0.66838593,0.23650827,0.06342392,-0.00432443,-0.03876293
21765,0.66193695,-0.24322812,0.66838960,0.23650946,0.06342392,-0.00432443,-0.03876293
21771,0.66193842,-0.24323434,0.66838717,0.23650624,0.06342392,-0.00432443,-0.03876293
21781,0.66193575,-0.24324073,0.66838841,0.23650350,0.06342392,-0.00432443,-0.03876293
21787,0.66193361,-0.24324071,0.66838974,0.23650588,0.06342392,-0.00432443,-0.03876293
21793,0.66193618,-0.24323954,0.66838841,0.23650326,0.06342392,-0.00432443,-0.03876293
21800,0.66193771,-0.24323551,0.66838922,0.23650100,0.06342392,-0.00432443,-0.03876293
21812,0.66193561,-0.24323441,0.66839480,0.23649253,0.06342392,-0.00432443,-0.03876293
21820,0.66193456,-0.24323418,0.66839652,0.23649053,0.06342392,-0.00432443,-0.03876293
21829,0.66193408,-0.24323527,0.66839833,0.23648588,0.06342392,-0.00432443,-0.03876293
21835,0.66193733,-0.24323394,0.66839437,0.23648903,0.06342392,-0.00432443,-0.03876293
21842,0.66193590,-0.24323973,0.66839447,0.23648676,0.06342392,-0.00432443,-0.03876293
21851,0.66193490,-0.24324612,0.66839413,0.23648400,0.06342392,-0.00432443,-0.03876293
21857,0.66193385,-0.24324891,0.66839461,0.23648283,0.06342392,-0.00432443,-0.03876293
21863,0.66193485,-0.24324705,0.66839370,0.23648426,0.06342392,-0.00432443,-0.03876293
21873,0.66193695,-0.24324638,0.66839084,0.23648691,0.06342392,-0.00432443,-0.03876293
21882,0.66193113,-0.24325215,0.66839699,0.23648045,0.06342392,-0.00432443,-0.03876293
21888,0.66193046,-0.24325311,0.66839666,0.23648259,0.06342392,-0.00432443,-0.03876293
21895,0.66193203,-0.24325416,0.66839542,0.23648047,0.06342392,-0.00432443,-0.03876293
21901,0.66193437,-0.24325218,0.66839380,0.23648014,0.06342392,-0.00432443,-0.03876293
21908,0.66193046,-0.24325792,0.66839594,0.23647925,0.06342392,-0.00432443,-0.03876293
21918,0.66193747,-0.24325945,0.66838984,0.23647494,0.06342392,-0.00432443,-0.03876293
21924,0.66193609,-0.24325983,0.66839351,0.23646841,0.06342392,-0.00432443,-0.03876293
21930,0.66193685,-0.24326095,0.66839227,0.23646848,0.06342392,-0.00432443,-0.03876293
21937,0.66194162,-0.24326195,0.66838665,0.23647015,0.06342392,-0.00432443,-0.03876293
21945,0.66194171,-0.24326248,0.66838736,0.23646752,0.06342392,-0.00432443,-0.03876293
21954,0.66194210,-0.24327011,0.66838307,0.23647050,0.06342392,-0.00432443,-0.03876293
21960,0.66194400,-0.24326725,0.66838259,0.23646945,0.06342392,-0.00432443,-0.03876293
21966,0.66194148,-0.24326801,0.66838445,0.23647091,0.06342392,-0.00432443,-0.03876293
21975,0.66193504,-0.24326851,0.66839151,0.23646826,0.06342392,-0.00432443,-0.03876293
21982,0.66193475,-0.24326565,0.66839461,0.23646287,0.06342392,-0.00432443,-0.03876293
21988,0.66193656,-0.24326558,0.66839151,0.23646674,0.06342392,-0.00432443,-0.03876293
21997,0.66193337,-0.24327101,0.66839580,0.23645777,0.06342392,-0.00432443,-0.03876293
22004,0.66194086,-0.24326591,0.66839132,0.23645501,0.06342392,-0.00432443,-0.03876293
22012,0.66194362,-0.24327042,0.66838750,0.23645312,0.06342392,-0.00432443,-0.03876293
22023,0.66194915,-0.24326808,0.66837806,0.23646676,0.06342392,-0.00432443,-0.03876293
22030,0.66195149,-0.24326679,0.66837778,0.23646237,0.06342392,-0.00432443,-0.03876293
22036,0.66195063,-0.24326987,0.66837697,0.23646388,0.06342392,-0.00432443,-0.03876293
22046,0.66195211,-0.24327120,0.66837568,0.23646230,0.06342392,-0.00432443,-0.03876293
22052,0.66195421,-0.24326965,0.66837396,0.23646299,0.06342392,-0.00432443,-0.03876293
22058,0.66195325,-0.24326953,0.66837530,0.23646209,0.06342392,-0.00432443,-0.03876293
22065,0.66195087,-0.24326477,0.66837744,0.23646738,0.06342392,-0.00432443,-0.03876293
22078,0.66194601,-0.24326775,0.66837859,0.23647501,0.06342392,-0.00432443,-0.03876293
22084,0.66194543,-0.24327037,0.66837863,0.23647313,0.06342392,-0.00432443,-0.03876293
22093,0.66194386,-0.24326918,0.66837954,0.23647668,0.06342392,-0.00432443,-0.03876293
22102,0.66194634,-0.24326117,0.66838016,0.23647646,0.06342392,-0.00432443,-0.03876293
22109,0.66194868,-0.24325773,0.66837968,0.23647432,0.06342392,-0.00432443,-0.03876293
22117,0.66194591,-0.24325397,0.66838288,0.23647708,0.06342392,-0.00432443,-0.03876293
22124,0.66194829,-0.24325261,0.66838283,0.23647167,0.06342392,-0.00432443,-0.03876293
22130,0.66194844,-0.24325249,0.66838293,0.23647110,0.06342392,-0.00432443,-0.03876293
22140,0.66194415,-0.24325208,0.66838493,0.23647813,0.06342392,-0.00432443,-0.03876293
22148,0.66194267,-0.24324343,0.66838865,0.23648028,0.06342392,-0.00432443,-0.03876293
22155,0.66193943,-0.24325306,0.66838827,0.23648087,0.06342392,-0.00432443,-0.03876293
22161,0.66194229,-0.24325423,0.66838550,0.23647964,0.06342392,-0.00432443,-0.03876293
22170,0.66193938,-0.24325547,0.66838798,0.23647937,0.06342392,-0.00432443,-0.03876293
22176,0.66193923,-0.24325404,0.66838741,0.23648250,0.06342392,-0.00432443,-0.03876293
22185,0.66193943,-0.24324977,0.66839036,0.23647835,0.06342392,-0.00432443,-0.03876293
22192,0.66193618,-0.24325122,0.66839241,0.23648021,0.06342392,-0.00432443,-0.03876293
22198,0.66193780,-0.24324922,0.66839179,0.23647909,0.06342392,-0.00432443,-0.03876293
22204,0.66193966,-0.24324438,0.66839261,0.23647692,0.06342392,-0.00432443,-0.03876293
22213,0.66194238,-0.24323234,0.66839389,0.23647813,0.06342392,-0.00432443,-0.03876293
22219,0.66194372,-0.24323110,0.66839408,0.23647518,0.06342392,-0.00432443,-0.03876293
22231,0.66194362,-0.24322710,0.66839461,0.23647763,0.06342392,-0.00432443,-0.03876293
22237,0.66193895,-0.24323120,0.66839809,0.23647711,0.06342392,-0.00432443,-0.03876293
22247,0.66193275,-0.24323437,0.66840353,0.23647594,0.06342392,-0.00432443,-0.03876293
22253,0.66192989,-0.24323620,0.66840610,0.23647434,0.06342392,-0.00432443,-0.03876293
22259,0.66192908,-0.24322967,0.66840877,0.23647611,0.06342392,-0.00432443,-0.03876293
22266,0.66193079,-0.24322738,0.66840748,0.23647716,0.06342392,-0.00432443,-0.03876293
22275,0.66193084,-0.24322226,0.66840748,0.23648207,0.06342392,-0.00432443,-0.03876293
22284,0.66192903,-0.24322555,0.66840848,0.23648097,0.06342392,-0.00432443,-0.03876293
22290,0.66193132,-0.24322373,0.66840839,0.23647637,0.06342392,-0.00432443,-0.03876293
22297,0.66193623,-0.24322459,0.66840114,0.23648300,0.06342392,-0.00432443,-0.03876293
22303,0.66193289,-0.24322555,0.66840305,0.23648593,0.06342392,-0.00432443,-0.03876293
22313,0.66193361,-0.24322912,0.66840038,0.23648760,0.06342392,-0.00432443,-0.03876293
22322,0.66193418,-0.24322838,0.66840152,0.23648366,0.06342392,-0.00432443,-0.03876293
22328,0.66193876,-0.24322402,0.66839785,0.23648531,0.06342392,-0.00432443,-0.03876293
22334,0.66194095,-0.24322736,0.66839480,0.23648450,0.06342392,-0.00432443,-0.03876293
22345,0.66194243,-0.24322524,0.66839389,0.23648514,0.06342392,-0.00432443,-0.03876293
22352,0.66194238,-0.24322721,0.66839370,0.23648352,0.06342392,-0.00432443,-0.03876293
22361,0.66194586,-0.24323170,0.66838650,0.23648986,0.06342392,-0.00432443,-0.03876293
22368,0.66194410,-0.24323246,0.66838860,0.23648805,0.06342392,-0.00432443,-0.03876293
22374,0.66194381,-0.24322838,0.66838860,0.23649294,0.06342392,-0.00432443,-0.03876293
22383,0.66194348,-0.24322757,0.66838936,0.23649232,0.06342392,-0.00432443,-0.03876293
22392,0.66194229,-0.24322035,0.66839222,0.23649544,0.06342392,-0.00432443,-0.03876293
22398,0.66193957,-0.24322667,0.66839261,0.23649544,0.06342392,-0.00432443,-0.03876293
22407,0.66193866,-0.24322147,0.66839294,0.23650214,0.06342392,-0.00432443,-0.03876293
22416,0.66193413,-0.24321835,0.66839609,0.23650872,0.06342392,-0.00432443,-0.03876293
22422,0.66193609,-0.24322090,0.66839213,0.23651247,0.06342392,-0.00432443,-0.03876293
22429,0.66193819,-0.24321863,0.66839046,0.23651347,0.06342392,-0.00432443,-0.03876293
22437,0.66194291,-0.24322428,0.66838178,0.23651881,0.06342392,-0.00432443,-0.03876293
22444,0.66194682,-0.24322230,0.66837830,0.23651981,0.06342392,-0.00432443,-0.03876293
22453,0.66194925,-0.24322004,0.66837310,0.23653006,0.06342392,-0.00432443,-0.03876293
22460,0.66194911,-0.24322571,0.66836996,0.23653366,0.06342392,-0.00432443,-0.03876293
22469,0.66194877,-0.24322249,0.66837024,0.23653695,0.06342392,-0.00432443,-0.03876293
22475,0.66194720,-0.24321751,0.66837506,0.23653299,0.06342392,-0.00432443,-0.03876293
22484,0.66194796,-0.24321599,0.66837549,0.23653154,0.06342392,-0.00432443,-0.03876293
22490,0.66194963,-0.24321968,0.66837353,0.23652813,0.06342392,-0.00432443,-0.03876293
22500,0.66195516,-0.24322311,0.66836700,0.23652770,0.06342392,-0.00432443,-0.03876293
22506,0.66195459,-0.24322450,0.66836786,0.23652539,0.06342392,-0.00432443,-0.03876293
22515,0.66195082,-0.24322903,0.66837158,0.23652081,0.06342392,-0.00432443,-0.03876293
22521,0.66194906,-0.24322934,0.66837244,0.23652303,0.06342392,-0.00432443,-0.03876293
22527,0.66194958,-0.24322910,0.66837205,0.23652331,0.06342392,-0.00432443,-0.03876293
22536,0.66195259,-0.24323062,0.66836981,0.23651883,0.06342392,-0.00432443,-0.03876293
22543,0.66195192,-0.24322566,0.66837501,0.23651165,0.06342392,-0.00432443,-0.03876293
22552,0.66195244,-0.24322857,0.66837434,0.23650896,0.06342392,-0.00432443,-0.03876293
22559,0.66194877,-0.24323110,0.66837844,0.23650467,0.06342392,-0.00432443,-0.03876293
22565,0.66194958,-0.24323236,0.66837887,0.23650038,0.06342392,-0.00432443,-0.03876293
22571,0.66194972,-0.24323575,0.66837825,0.23649816,0.06342392,-0.00432443,-0.03876293
22580,0.66195492,-0.24323506,0.66837315,0.23649818,0.06342392,-0.00432443,-0.03876293
22588,0.66195240,-0.24323465,0.66837615,0.23649771,0.06342392,-0.00432443,-0.03876293
22594,0.66195731,-0.24323580,0.66837072,0.23649842,0.06342392,-0.00432443,-0.03876293
22600,0.66196107,-0.24324176,0.66836538,0.23649666,0.06342392,-0.00432443,-0.03876293
22610,0.66196250,-0.24324016,0.66836352,0.23649921,0.06342392,-0.00432443,-0.03876293
22617,0.66196656,-0.24323754,0.66836013,0.23650023,0.06342392,-0.00432443,-0.03876293
22623,0.66196537,-0.24323656,0.66836004,0.23650481,0.06342392,-0.00432443,-0.03876293
22632,0.66196818,-0.24323325,0.66835899,0.23650376,0.06342392,-0.00432443,-0.03876293
22640,0.66196684,-0.24323248,0.66836066,0.23650329,0.06342392,-0.00432443,-0.03876293
22649,0.66196823,-0.24323854,0.66835327,0.23651413,0.06342392,-0.00432443,-0.03876293
22655,0.66196641,-0.24323711,0.66835670,0.23651084,0.06342392,-0.00432443,-0.03876293
22662,0.66196160,-0.24323480,0.66836233,0.23651072,0.06342392,-0.00432443,-0.03876293
22668,0.66195831,-0.24323596,0.66836500,0.23651132,0.06342392,-0.00432443,-0.03876293
22678,0.66196579,-0.24323711,0.66835823,0.23650815,0.06342392,-0.00432443,-0.03876293
22685,0.66196470,-0.24323916,0.66835727,0.23651218,0.06342392,-0.00432443,-0.03876293
22692,0.66196527,-0.24323639,0.66835646,0.23651554,0.06342392,-0.00432443,-0.03876293
22698,0.66196441,-0.24323945,0.66835598,0.23651587,0.06342392,-0.00432443,-0.03876293
22705,0.66196866,-0.24323673,0.66835412,0.23651230,0.06342392,-0.00432443,-0.03876293
22715,0.66196956,-0.24323656,0.66835308,0.23651306,0.06342392,-0.00432443,-0.03876293
22721,0.66196560,-0.24323625,0.66835575,0.23651652,0.06342392,-0.00432443,-0.03876293
22727,0.66196541,-0.24324057,0.66835455,0.23651642,0.06342392,-0.00432443,-0.03876293
22734,0.66196255,-0.24324138,0.66835746,0.23651490,0.06342392,-0.00432443,-0.03876293
22742,0.66196126,-0.24323718,0.66835780,0.23652224,0.06342392,-0.00432443,-0.03876293
22751,0.66196246,-0.24323799,0.66835827,0.23651669,0.06342392,-0.00432443,-0.03876293
22759,0.66196374,-0.24323573,0.66835732,0.23651771,0.06342392,-0.00432443,-0.03876293
22765,0.66196527,-0.24323291,0.66835632,0.23651955,0.06342392,-0.00432443,-0.03876293
22772,0.66196532,-0.24323377,0.66835451,0.23652384,0.06342392,-0.00432443,-0.03876293
22780,0.66196417,-0.24323101,0.66835684,0.23652312,0.06342392,-0.00432443,-0.03876293
22787,0.66196079,-0.24323759,0.66835746,0.23652377,0.06342392,-0.00432443,-0.03876293
22793,0.66195688,-0.24323692,0.66836080,0.23652606,0.06342392,-0.00432443,-0.03876293
22803,0.66195516,-0.24323320,0.66836385,0.23652579,0.06342392,-0.00432443,-0.03876293
22811,0.66195812,-0.24323120,0.66835832,0.23653528,0.06342392,-0.00432443,-0.03876293
22820,0.66196041,-0.24322929,0.66835727,0.23653438,0.06342392,-0.00432443,-0.03876293
22827,0.66196208,-0.24322717,0.66835732,0.23653154,0.06342392,-0.00432443,-0.03876293
22833,0.66196269,-0.24322662,0.66835665,0.23653230,0.06342392,-0.00432443,-0.03876293
22843,0.66196060,-0.24322454,0.66835694,0.23653969,0.06342392,-0.00432443,-0.03876293
22851,0.66196208,-0.24322822,0.66835541,0.23653576,0.06342392,-0.00432443,-0.03876293
22857,0.66196274,-0.24322850,0.66835308,0.23654041,0.06342392,-0.00432443,-0.03876293
22864,0.66196017,-0.24322714,0.66835489,0.23654379,0.06342392,-0.00432443,-0.03876293
22870,0.66196298,-0.24323139,0.66835112,0.23654243,0.06342392,-0.00432443,-0.03876293
22880,0.66196370,-0.24323024,0.66835184,0.23653919,0.06342392,-0.00432443,-0.03876293
22886,0.66196608,-0.24322690,0.66834802,0.23654680,0.06342392,-0.00432443,-0.03876293
22896,0.66196255,-0.24322478,0.66835141,0.23654932,0.06342392,-0.00432443,-0.03876293
22903,0.66196484,-0.24322283,0.66835069,0.23654677,0.06342392,-0.00432443,-0.03876293
22911,0.66196780,-0.24321863,0.66834678,0.23655409,0.06342392,-0.00432443,-0.03876293
22918,0.66196727,-0.24321801,0.66834597,0.23655810,0.06342392,-0.00432443,-0.03876293
22924,0.66196727,-0.24322602,0.66834330,0.23655786,0.06342392,-0.00432443,-0.03876293
22931,0.66196451,-0.24323015,0.66834502,0.23655626,0.06342392,-0.00432443,-0.03876293
22940,0.66196875,-0.24322848,0.66834301,0.23655176,0.06342392,-0.00432443,-0.03876293
22947,0.66197180,-0.24323341,0.66833963,0.23654797,0.06342392,-0.00432443,-0.03876293
22953,0.66197204,-0.24323425,0.66834058,0.23654375,0.06342392,-0.00432443,-0.03876293
22960,0.66197609,-0.24323217,0.66833691,0.23654496,0.06342392,-0.00432443,-0.03876293
22968,0.66197543,-0.24323351,0.66833548,0.23654928,0.06342392,-0.00432443,-0.03876293
22975,0.66197528,-0.24324033,0.66833567,0.23654227,0.06342392,-0.00432443,-0.03876293
22983,0.66197295,-0.24323091,0.66834011,0.23654568,0.06342392,-0.00432443,-0.03876293
22989,0.66197609,-0.24322879,0.66833772,0.23654594,0.06342392,-0.00432443,-0.03876293
22996,0.66198072,-0.24322490,0.66833581,0.23654243,0.06342392,-0.00432443,-0.03876293
23004,0.66198201,-0.24321742,0.66833786,0.23654077,0.06342392,-0.00432443,-0.03876293
23011,0.66198358,-0.24321284,0.66833586,0.23654670,0.06342392,-0.00432443,-0.03876293
23017,0.66198654,-0.24321310,0.66833429,0.23654222,0.06342392,-0.00432443,-0.03876293
23027,0.66198854,-0.24322049,0.66832637,0.23655173,0.06342392,-0.00432443,-0.03876293
23035,0.66198196,-0.24322316,0.66833119,0.23655366,0.06342392,-0.00432443,-0.03876293
23042,0.66197943,-0.24322252,0.66833453,0.23655228,0.06342392,-0.00432443,-0.03876293
23051,0.66197643,-0.24321761,0.66833758,0.23655705,0.06342392,-0.00432443,-0.03876293
23057,0.66197843,-0.24322037,0.66833353,0.23655974,0.06342392,-0.00432443,-0.03876293
23063,0.66198015,-0.24321603,0.66833314,0.23656065,0.06342392,-0.00432443,-0.03876293
23080,0.66198449,-0.24321088,0.66833353,0.23655335,0.06342392,-0.00432443,-0.03876293
23087,0.66198658,-0.24320628,0.66833233,0.23655536,0.06342392,-0.00432443,-0.03876293
23093,0.66198654,-0.24320664,0.66833295,0.23655283,0.06342392,-0.00432443,-0.03876293
23099,0.66198673,-0.24320597,0.66833167,0.23655698,0.06342392,-0.00432443,-0.03876293
23108,0.66198325,-0.24320948,0.66833276,0.23655991,0.06342392,-0.00432443,-0.03876293
23116,0.66198730,-0.24320757,0.66832976,0.23655924,0.06342392,-0.00432443,-0.03876293
23123,0.66199202,-0.24321067,0.66832361,0.23655991,0.06342392,-0.00432443,-0.03876293
23129,0.66199088,-0.24321401,0.66832294,0.23656148,0.06342392,-0.00432443,-0.03876293
23135,0.66199135,-0.24321613,0.66832132,0.23656244,0.06342392,-0.00432443,-0.03876293
23144,0.66199450,-0.24322013,0.66831731,0.23656094,0.06342392,-0.00432443,-0.03876293
23151,0.66199402,-0.24321818,0.66831617,0.23656749,0.06342392,-0.00432443,-0.03876293
23160,0.66199250,-0.24321417,0.66832017,0.23656456,0.06342392,-0.00432443,-0.03876293
23166,0.66199307,-0.24321458,0.66831879,0.23656666,0.06342392,-0.00432443,-0.03876293
23175,0.66199579,-0.24321227,0.66831927,0.23656001,0.06342392,-0.00432443,-0.03876293
23184,0.66199855,-0.24321229,0.66831769,0.23655693,0.06342392,-0.00432443,-0.03876293
23191,0.66200089,-0.24321463,0.66831398,0.23655827,0.06342392,-0.00432443,-0.03876293
23197,0.66199979,-0.24321532,0.66831488,0.23655798,0.06342392,-0.00432443,-0.03876293
23207,0.66200547,-0.24321606,0.66831016,0.23655483,0.06342392,-0.00432443,-0.03876293
23214,0.66200394,-0.24321775,0.66831464,0.23654475,0.06342392,-0.00432443,-0.03876293
23220,0.66200428,-0.24321708,0.66831445,0.23654470,0.06342392,-0.00432443,-0.03876293
23226,0.66200199,-0.24321272,0.66831727,0.23654768,0.06342392,-0.00432443,-0.03876293
23233,0.66199927,-0.24321341,0.66831912,0.23654968,0.06342392,-0.00432443,-0.03876293
23241,0.66199741,-0.24320964,0.66832213,0.23655035,0.06342392,-0.00432443,-0.03876293
23249,0.66199774,-0.24321417,0.66831893,0.23655340,0.06342392,-0.00432443,-0.03876293
23260,0.66199851,-0.24322412,0.66831450,0.23655369,0.06342392,-0.00432443,-0.03876293
23267,0.66199808,-0.24322412,0.66831469,0.23655440,0.06342392,-0.00432443,-0.03876293
23275,0.66199612,-0.24322347,0.66831636,0.23655550,0.06342392,-0.00432443,-0.03876293
23282,0.66199569,-0.24322447,0.66831760,0.23655238,0.06342392,-0.00432443,-0.03876293
23288,0.66199493,-0.24321963,0.66831884,0.23655595,0.06342392,-0.00432443,-0.03876293
23298,0.66199707,-0.24321804,0.66831789,0.23655426,0.06342392,-0.00432443,-0.03876293
23304,0.66199755,-0.24322006,0.66831550,0.23655776,0.06342392,-0.00432443,-0.03876293
23313,0.66199707,-0.24322369,0.66831231,0.23656425,0.06342392,-0.00432443,-0.03876293
23319,0.66199426,-0.24322097,0.66831617,0.23656406,0.06342392,-0.00432443,-0.03876293
23328,0.66198592,-0.24322977,0.66832056,0.23656601,0.06342392,-0.00432443,-0.03876293
23334,0.66198501,-0.24322559,0.66832232,0.23656804,0.06342392,-0.00432443,-0.03876293
23343,0.66198067,-0.24322023,0.66832571,0.23657591,0.06342392,-0.00432443,-0.03876293
23349,0.66198139,-0.24322149,0.66832532,0.23657350,0.06342392,-0.00432443,-0.03876293
23355,0.66198019,-0.24322166,0.66832690,0.23657231,0.06342392,-0.00432443,-0.03876293
23362,0.66197977,-0.24322266,0.66832723,0.23657188,0.06342392,-0.00432443,-0.03876293
23370,0.66197752,-0.24322054,0.66832923,0.23657469,0.06342392,-0.00432443,-0.03876293
23377,0.66197628,-0.24322285,0.66832904,0.23657596,0.06342392,-0.00432443,-0.03876293
23386,0.66197814,-0.24322333,0.66832695,0.23657622,0.06342392,-0.00432443,-0.03876293
23393,0.66198167,-0.24322240,0.66832566,0.23657088,0.06342392,-0.00432443,-0.03876293
23401,0.66198139,-0.24322147,0.66832599,0.23657169,0.06342392,-0.00432443,-0.03876293
23409,0.66198706,-0.24322557,0.66831965,0.23656942,0.06342392,-0.00432443,-0.03876293
23415,0.66198773,-0.24322385,0.66831989,0.23656888,0.06342392,-0.00432443,-0.03876293
23421,0.66198711,-0.24322547,0.66831822,0.23657333,0.06342392,-0.00432443,-0.03876293
23431,0.66198987,-0.24322595,0.66831636,0.23657064,0.06342392,-0.00432443,-0.03876293
23440,0.66198911,-0.24322292,0.66831688,0.23657460,0.06342392,-0.00432443,-0.03876293
23446,0.66198854,-0.24322299,0.66831784,0.23657314,0.06342392,-0.00432443,-0.03876293
23452,0.66198644,-0.24322500,0.66831879,0.23657417,0.06342392,-0.00432443,-0.03876293
23460,0.66198196,-0.24322807,0.66832489,0.23656687,0.06342392,-0.00432443,-0.03876293
23470,0.66197881,-0.24323456,0.66832594,0.23656568,0.06342392,-0.00432443,-0.03876293
23477,0.66197466,-0.24323763,0.66832928,0.23656468,0.06342392,-0.00432443,-0.03876293
23484,0.66197519,-0.24323832,0.66832871,0.23656425,0.06342392,-0.00432443,-0.03876293
23490,0.66197156,-0.24324314,0.66832995,0.23656585,0.06342392,-0.00432443,-0.03876293
23496,0.66197328,-0.24323792,0.66832847,0.23657064,0.06342392,-0.00432443,-0.03876293
23505,0.66196918,-0.24323909,0.66833219,0.23657007,0.06342392,-0.00432443,-0.03876293
23513,0.66196870,-0.24323825,0.66833200,0.23657314,0.06342392,-0.00432443,-0.03876293
23519,0.66196975,-0.24323894,0.66833181,0.23657002,0.06342392,-0.00432443,-0.03876293
23526,0.66196861,-0.24323518,0.66833477,0.23656864,0.06342392,-0.00432443,-0.03876293
23534,0.66196794,-0.24323408,0.66833567,0.23656949,0.06342392,-0.00432443,-0.03876293
23543,0.66197133,-0.24323098,0.66833667,0.23656036,0.06342392,-0.00432443,-0.03876293
23549,0.66197228,-0.24323039,0.66833457,0.23656358,0.06342392,-0.00432443,-0.03876293
23559,0.66197419,-0.24322743,0.66833405,0.23656294,0.06342392,-0.00432443,-0.03876293
23565,0.66197528,-0.24322495,0.66833548,0.23655881,0.06342392,-0.00432443,-0.03876293
23574,0.66197485,-0.24322745,0.66833410,0.23656125,0.06342392,-0.00432443,-0.03876293
23581,0.66197562,-0.24322893,0.66833310,0.23656029,0.06342392,-0.00432443,-0.03876293
23587,0.66197509,-0.24322953,0.66833257,0.23656284,0.06342392,-0.00432443,-0.03876293
23593,0.66197299,-0.24323108,0.66833443,0.23656179,0.06342392,-0.00432443,-0.03876293
23604,0.66197161,-0.24322488,0.66833548,0.23656888,0.06342392,-0.00432443,-0.03876293
23612,0.66197385,-0.24321432,0.66833777,0.23656733,0.06342392,-0.00432443,-0.03876293
23619,0.66197566,-0.24321315,0.66833810,0.23656191,0.06342392,-0.00432443,-0.03876293
23625,0.66198015,-0.24321131,0.66833381,0.23656370,0.06342392,-0.00432443,-0.03876293
23634,0.66197652,-0.24320588,0.66833677,0.23657124,0.06342392,-0.00432443,-0.03876293
23640,0.66197500,-0.24320657,0.66833662,0.23657498,0.06342392,-0.00432443,-0.03876293
23650,0.66198043,-0.24320616,0.66833453,0.23656625,0.06342392,-0.00432443,-0.03876293
23656,0.66198010,-0.24320504,0.66833453,0.23656809,0.06342392,-0.00432443,-0.03876293
23665,0.66197929,-0.24320173,0.66833405,0.23657498,0.06342392,-0.00432443,-0.03876293
23674,0.66198163,-0.24320216,0.66833167,0.23657500,0.06342392,-0.00432443,-0.03876293
23680,0.66197900,-0.24320206,0.66833548,0.23657176,0.06342392,-0.00432443,-0.03876293
23689,0.66198520,-0.24320235,0.66832771,0.23657624,0.06342392,-0.00432443,-0.03876293
23697,0.66198425,-0.24320602,0.66832866,0.23657217,0.06342392,-0.00432443,-0.03876293
23704,0.66198873,-0.24319665,0.66832728,0.23657321,0.06342392,-0.00432443,-0.03876293
23710,0.66199021,-0.24319913,0.66832494,0.23657312,0.06342392,-0.00432443,-0.03876293
23717,0.66199111,-0.24320421,0.66832513,0.23656475,0.06342392,-0.00432443,-0.03876293
23723,0.66199340,-0.24320144,0.66832404,0.23656435,0.06342392,-0.00432443,-0.03876293
23732,0.66199369,-0.24320869,0.66832041,0.23656611,0.06342392,-0.00432443,-0.03876293
23739,0.66199378,-0.24321272,0.66831674,0.23657207,0.06342392,-0.00432443,-0.03876293
23746,0.66199417,-0.24321446,0.66831607,0.23657140,0.06342392,-0.00432443,-0.03876293
23757,0.66199512,-0.24322035,0.66831235,0.23657321,0.06342392,-0.00432443,-0.03876293
23763,0.66199307,-0.24321815,0.66831521,0.23657279,0.06342392,-0.00432443,-0.03876293
23770,0.66198749,-0.24321181,0.66832165,0.23657705,0.06342392,-0.00432443,-0.03876293
23777,0.66198964,-0.24321637,0.66831760,0.23657815,0.06342392,-0.00432443,-0.03876293
23786,0.66199584,-0.24321520,0.66831398,0.23657195,0.06342392,-0.00432443,-0.03876293
23792,0.66199340,-0.24321439,0.66831736,0.23657016,0.06342392,-0.00432443,-0.03876293
23801,0.66199665,-0.24321029,0.66831684,0.23656697,0.06342392,-0.00432443,-0.03876293
23808,0.66199798,-0.24320778,0.66831693,0.23656520,0.06342392,-0.00432443,-0.03876293
23814,0.66199965,-0.24321265,0.66831293,0.23656697,0.06342392,-0.00432443,-0.03876293
23820,0.66199865,-0.24321694,0.66831407,0.23656225,0.06342392,-0.00432443,-0.03876293
23830,0.66199693,-0.24321005,0.66831789,0.23656334,0.06342392,-0.00432443,-0.03876293
23837,0.66200070,-0.24321150,0.66831254,0.23656575,0.06342392,-0.00432443,-0.03876293
23843,0.66199893,-0.24321036,0.66831274,0.23657164,0.06342392,-0.00432443,-0.03876293
23850,0.66199827,-0.24320735,0.66831278,0.23657639,0.06342392,-0.00432443,-0.03876293
23856,0.66199536,-0.24320182,0.66831636,0.23658037,0.06342392,-0.00432443,-0.03876293
23868,0.66199245,-0.24320878,0.66831436,0.23658666,0.06342392,-0.00432443,-0.03876293
23874,0.66199483,-0.24320917,0.66830940,0.23659346,0.06342392,-0.00432443,-0.03876293
23881,0.66199092,-0.24321305,0.66831378,0.23658814,0.06342392,-0.00432443,-0.03876293
23887,0.66199293,-0.24321646,0.66831231,0.23658342,0.06342392,-0.00432443,-0.03876293
23896,0.66198959,-0.24321866,0.66831450,0.23658449,0.06342392,-0.00432443,-0.03876293
23902,0.66198987,-0.24321761,0.66831274,0.23658969,0.06342392,-0.00432443,-0.03876293
23910,0.66198806,-0.24321384,0.66831760,0.23658478,0.06342392,-0.00432443,-0.03876293
23916,0.66198754,-0.24321601,0.66831808,0.23658251,0.06342392,-0.00432443,-0.03876293
23923,0.66199064,-0.24321472,0.66831560,0.23658242,0.06342392,-0.00432443,-0.03876293
23932,0.66199464,-0.24320933,0.66831374,0.23658215,0.06342392,-0.00432443,-0.03876293
23938,0.66199164,-0.24320497,0.66831898,0.23657972,0.06342392,-0.00432443,-0.03876293
23945,0.66198534,-0.24320406,0.66832399,0.23658447,0.06342392,-0.00432443,-0.03876293
23954,0.66198987,-0.24320306,0.66832060,0.23658237,0.06342392,-0.00432443,-0.03876293
23963,0.66198682,-0.24319920,0.66832313,0.23658733,0.06342392,-0.00432443,-0.03876293
23971,0.66198616,-0.24320080,0.66832084,0.23659439,0.06342392,-0.00432443,-0.03876293
23978,0.66198592,-0.24320113,0.66832075,0.23659474,0.06342392,-0.00432443,-0.03876293
23984,0.66198816,-0.24320199,0.66831688,0.23659877,0.06342392,-0.00432443,-0.03876293
23993,0.66198606,-0.24320061,0.66831870,0.23660101,0.06342392,-0.00432443,-0.03876293
24001,0.66198682,-0.24319281,0.66832184,0.23659822,0.06342392,-0.00432443,-0.03876293
24007,0.66198854,-0.24319078,0.66832256,0.23659334,0.06342392,-0.00432443,-0.03876293
24014,0.66198682,-0.24318928,0.66832361,0.23659648,0.06342392,-0.00432443,-0.03876293
24020,0.66198782,-0.24318721,0.66832437,0.23659353,0.06342392,-0.00432443,-0.03876293
24029,0.66198234,-0.24317438,0.66833310,0.23659751,0.06342392,-0.00432443,-0.03876293
24035,0.66198139,-0.24317214,0.66833500,0.23659684,0.06342392,-0.00432443,-0.03876293
24045,0.66198339,-0.24317207,0.66833324,0.23659667,0.06342392,-0.00432443,-0.03876293
24052,0.66198272,-0.24317283,0.66833281,0.23659884,0.06342392,-0.00432443,-0.03876293
24060,0.66198468,-0.24317154,0.66833066,0.23660097,0.06342392,-0.00432443,-0.03876293
24069,0.66198425,-0.24317178,0.66833262,0.23659601,0.06342392,-0.00432443,-0.03876293
24081,0.66198978,-0.24316363,0.66832966,0.23659734,0.06342392,-0.00432443,-0.03876293
24088,0.66199088,-0.24316670,0.66832971,0.23659129,0.06342392,-0.00432443,-0.03876293
24097,0.66199259,-0.24317507,0.66832580,0.23658871,0.06342392,-0.00432443,-0.03876293
24106,0.66198902,-0.24318375,0.66832771,0.23658463,0.06342392,-0.00432443,-0.03876293
24112,0.66198759,-0.24318051,0.66832995,0.23658580,0.06342392,-0.00432443,-0.03876293
24121,0.66199069,-0.24317936,0.66832833,0.23658263,0.06342392,-0.00432443,-0.03876293
24127,0.66199235,-0.24318239,0.66832771,0.23657624,0.06342392,-0.00432443,-0.03876293
24136,0.66199455,-0.24318101,0.66832656,0.23657507,0.06342392,-0.00432443,-0.03876293
24144,0.66199440,-0.24317674,0.66833167,0.23656551,0.06342392,-0.00432443,-0.03876293
24150,0.66199092,-0.24317600,0.66833586,0.23656413,0.06342392,-0.00432443,-0.03876293
24157,0.66199197,-0.24317839,0.66833419,0.23656358,0.06342392,-0.00432443,-0.03876293
24165,0.66199321,-0.24318270,0.66833000,0.23656735,0.06342392,-0.00432443,-0.03876293
24172,0.66199626,-0.24318401,0.66832637,0.23656771,0.06342392,-0.00432443,-0.03876293
24178,0.66199350,-0.24318490,0.66832809,0.23656942,0.06342392,-0.00432443,-0.03876293
24188,0.66199684,-0.24317955,0.66832818,0.23656570,0.06342392,-0.00432443,-0.03876293
24197,0.66199970,-0.24317853,0.66832637,0.23656373,0.06342392,-0.00432443,-0.03876293
24204,0.66199607,-0.24317865,0.66832833,0.23656809,0.06342392,-0.00432443,-0.03876293
24210,0.66199464,-0.24317140,0.66833248,0.23656795,0.06342392,-0.00432443,-0.03876293
24216,0.66199712,-0.24317061,0.66833095,0.23656589,0.06342392,-0.00432443,-0.03876293
24223,0.66199641,-0.24317381,0.66833000,0.23656737,0.06342392,-0.00432443,-0.03876293
24232,0.66199202,-0.24317696,0.66833095,0.23657400,0.06342392,-0.00432443,-0.03876293
24239,0.66199159,-0.24317810,0.66833248,0.23656926,0.06342392,-0.00432443,-0.03876293
24245,0.66199679,-0.24317572,0.66832838,0.23656919,0.06342392,-0.00432443,-0.03876293
24252,0.66199903,-0.24316980,0.66832742,0.23657181,0.06342392,-0.00432443,-0.03876293
24261,0.66200823,-0.24316265,0.66832165,0.23656969,0.06342392,-0.00432443,-0.03876293
24271,0.66200304,-0.24316792,0.66832609,0.23656635,0.06342392,-0.00432443,-0.03876293
24277,0.66200380,-0.24316759,0.66832427,0.23656969,0.06342392,-0.00432443,-0.03876293
24283,0.66200566,-0.24316999,0.66832351,0.23656373,0.06342392,-0.00432443,-0.03876293
24290,0.66201109,-0.24317498,0.66831727,0.23656139,0.06342392,-0.00432443,-0.03876293
24298,0.66201543,-0.24317011,0.66831550,0.23655931,0.06342392,-0.00432443,-0.03876293
24305,0.66201372,-0.24317197,0.66831688,0.23655817,0.06342392,-0.00432443,-0.03876293
24315,0.66201376,-0.24317536,0.66831369,0.23656342,0.06342392,-0.00432443,-0.03876293
24321,0.66201109,-0.24317758,0.66831493,0.23656489,0.06342392,-0.00432443,-0.03876293
24330,0.66201076,-0.24317557,0.66831483,0.23656868,0.06342392,-0.00432443,-0.03876293
24339,0.66200118,-0.24317841,0.66832208,0.23657164,0.06342392,-0.00432443,-0.03876293
24345,0.66199612,-0.24317493,0.66832695,0.23657565,0.06342392,-0.00432443,-0.03876293
24351,0.66199975,-0.24317486,0.66832475,0.23657188,0.06342392,-0.00432443,-0.03876293
24361,0.66200656,-0.24318847,0.66831469,0.23656759,0.06342392,-0.00432443,-0.03876293
24370,0.66200714,-0.24319419,0.66831121,0.23656990,0.06342392,-0.00432443,-0.03876293
24376,0.66200847,-0.24319491,0.66830949,0.23656988,0.06342392,-0.00432443,-0.03876293
24382,0.66201024,-0.24319458,0.66830806,0.23656942,0.06342392,-0.00432443,-0.03876293
24389,0.66200742,-0.24319791,0.66830997,0.23656852,0.06342392,-0.00432443,-0.03876293
24398,0.66201119,-0.24320104,0.66830439,0.23657040,0.06342392,-0.00432443,-0.03876293
24406,0.66200790,-0.24319801,0.66830701,0.23657555,0.06342392,-0.00432443,-0.03876293
24412,0.66200690,-0.24319543,0.66830964,0.23657350,0.06342392,-0.00432443,-0.03876293
24418,0.66200852,-0.24318921,0.66830883,0.23657729,0.06342392,-0.00432443,-0.03876293
24427,0.66200532,-0.24318976,0.66831197,0.23657701,0.06342392,-0.00432443,-0.03876293
24433,0.66200828,-0.24319148,0.66830854,0.23657650,0.06342392,-0.00432443,-0.03876293
24440,0.66200599,-0.24319121,0.66831207,0.23657376,0.06342392,-0.00432443,-0.03876293
24449,0.66200189,-0.24319443,0.66831541,0.23657238,0.06342392,-0.00432443,-0.03876293
24456,0.66199975,-0.24319102,0.66831927,0.23657047,0.06342392,-0.00432443,-0.03876293
24467,0.66199946,-0.24318768,0.66832203,0.23656744,0.06342392,-0.00432443,-0.03876293
24475,0.66199798,-0.24318339,0.66832442,0.23656914,0.06342392,-0.00432443,-0.03876293
24484,0.66200137,-0.24318015,0.66832070,0.23657298,0.06342392,-0.00432443,-0.03876293
24491,0.66200132,-0.24317853,0.66832122,0.23657355,0.06342392,-0.00432443,-0.03876293
24500,0.66200585,-0.24317643,0.66831884,0.23657014,0.06342392,-0.00432443,-0.03876293
24507,0.66200599,-0.24317958,0.66831903,0.23656568,0.06342392,-0.00432443,-0.03876293
24513,0.66201038,-0.24317796,0.66831488,0.23656723,0.06342392,-0.00432443,-0.03876293
24520,0.66200547,-0.24317586,0.66832013,0.23656818,0.06342392,-0.00432443,-0.03876293
24528,0.66200375,-0.24318220,0.66832041,0.23656532,0.06342392,-0.00432443,-0.03876293
24535,0.66200757,-0.24318151,0.66831903,0.23655941,0.06342392,-0.00432443,-0.03876293
24544,0.66201496,-0.24318675,0.66831116,0.23655576,0.06342392,-0.00432443,-0.03876293
24553,0.66200990,-0.24319181,0.66831169,0.23656332,0.06342392,-0.00432443,-0.03876293
24559,0.66201186,-0.24318900,0.66831111,0.23656210,0.06342392,-0.00432443,-0.03876293
24568,0.66201167,-0.24318461,0.66831197,0.23656442,0.06342392,-0.00432443,-0.03876293
24574,0.66201109,-0.24318594,0.66831235,0.23656365,0.06342392,-0.00432443,-0.03876293
24581,0.66200704,-0.24318418,0.66831674,0.23656458,0.06342392,-0.00432443,-0.03876293
24590,0.66201643,-0.24318218,0.66831016,0.23655865,0.06342392,-0.00432443,-0.03876293
24599,0.66201543,-0.24317722,0.66831245,0.23656060,0.06342392,-0.00432443,-0.03876293
24605,0.66201233,-0.24317717,0.66831345,0.23656616,0.06342392,-0.00432443,-0.03876293
24612,0.66201066,-0.24317903,0.66831345,0.23656888,0.06342392,-0.00432443,-0.03876293
24618,0.66201014,-0.24318220,0.66831312,0.23656806,0.06342392,-0.00432443,-0.03876293
24627,0.66201200,-0.24318222,0.66830878,0.23657538,0.06342392,-0.00432443,-0.03876293
24635,0.66201167,-0.24317364,0.66831235,0.23657455,0.06342392,-0.00432443,-0.03876293
24641,0.66201410,-0.24317319,0.66830849,0.23657922,0.06342392,-0.00432443,-0.03876293
24648,0.66201744,-0.24316811,0.66830830,0.23657553,0.06342392,-0.00432443,-0.03876293
24654,0.66201725,-0.24316592,0.66831011,0.23657402,0.06342392,-0.00432443,-0.03876293
24663,0.66201395,-0.24316124,0.66831207,0.23658213,0.06342392,-0.00432443,-0.03876293
24670,0.66201920,-0.24316632,0.66830539,0.23658063,0.06342392,-0.00432443,-0.03876293
24679,0.66201658,-0.24317302,0.66830344,0.23658659,0.06342392,-0.00432443,-0.03876293
24685,0.66201643,-0.24316902,0.66830520,0.23658666,0.06342392,-0.00432443,-0.03876293
24694,0.66201782,-0.24316613,0.66830406,0.23658890,0.06342392,-0.00432443,-0.03876293
24701,0.66201882,-0.24316790,0.66830325,0.23658611,0.06342392,-0.00432443,-0.03876293
24708,0.66201548,-0.24316868,0.66830720,0.23658390,0.06342392,-0.00432443,-0.03876293
24715,0.66201248,-0.24317209,0.66830854,0.23658499,0.06342392,-0.00432443,-0.03876293
24722,0.66201214,-0.24317140,0.66830730,0.23659014,0.06342392,-0.00432443,-0.03876293
24730,0.66200809,-0.24317338,0.66830968,0.23659291,0.06342392,-0.00432443,-0.03876293
24737,0.66200551,-0.24317278,0.66831307,0.23659057,0.06342392,-0.00432443,-0.03876293
24743,0.66200232,-0.24317283,0.66831645,0.23659005,0.06342392,-0.00432443,-0.03876293
24750,0.66200075,-0.24316773,0.66831927,0.23659176,0.06342392,-0.00432443,-0.03876293
24759,0.66200275,-0.24315981,0.66832308,0.23658413,0.06342392,-0.00432443,-0.03876293
24766,0.66200299,-0.24315650,0.66832437,0.23658316,0.06342392,-0.00432443,-0.03876293
24773,0.66199941,-0.24315629,0.66832618,0.23658776,0.06342392,-0.00432443,-0.03876293
24779,0.66200022,-0.24315671,0.66832728,0.23658201,0.06342392,-0.00432443,-0.03876293
24785,0.66200208,-0.24314889,0.66832971,0.23657808,0.06342392,-0.00432443,-0.03876293
24794,0.66200585,-0.24314391,0.66832675,0.23658151,0.06342392,-0.00432443,-0.03876293
24802,0.66199774,-0.24315268,0.66832914,0.23658821,0.06342392,-0.00432443,-0.03876293
24808,0.66199951,-0.24315073,0.66833019,0.23658225,0.06342392,-0.00432443,-0.03876293
24815,0.66199741,-0.24315102,0.66833391,0.23657684,0.06342392,-0.00432443,-0.03876293
24823,0.66199803,-0.24315574,0.66833133,0.23657767,0.06342392,-0.00432443,-0.03876293
24830,0.66199564,-0.24316332,0.66832966,0.23658165,0.06342392,-0.00432443,-0.03876293
24838,0.66199522,-0.24316272,0.66832928,0.23658378,0.06342392,-0.00432443,-0.03876293
24846,0.66200189,-0.24316637,0.66832356,0.23657805,0.06342392,-0.00432443,-0.03876293
24855,0.66200089,-0.24316623,0.66832399,0.23657979,0.06342392,-0.00432443,-0.03876293
24861,0.66200022,-0.24316093,0.66832785,0.23657629,0.06342392,-0.00432443,-0.03876293
24868,0.66200227,-0.24316177,0.66832547,0.23657624,0.06342392,-0.00432443,-0.03876293
24874,0.66200203,-0.24316110,0.66832675,0.23657412,0.06342392,-0.00432443,-0.03876293
24882,0.66199946,-0.24315590,0.66832942,0.23657882,0.06342392,-0.00432443,-0.03876293
24892,0.66199693,-0.24315972,0.66832971,0.23658134,0.06342392,-0.00432443,-0.03876293
24898,0.66199331,-0.24315834,0.66833353,0.23658237,0.06342392,-0.00432443,-0.03876293
24908,0.66199440,-0.24315421,0.66833329,0.23658378,0.06342392,-0.00432443,-0.03876293
24914,0.66199784,-0.24314682,0.66833219,0.23658468,0.06342392,-0.00432443,-0.03876293
24923,0.66200013,-0.24313905,0.66833353,0.23658301,0.06342392,-0.00432443,-0.03876293
24929,0.66199560,-0.24314026,0.66833572,0.23658814,0.06342392,-0.00432443,-0.03876293
24938,0.66199321,-0.24314265,0.66833753,0.23658754,0.06342392,-0.00432443,-0.03876293
24945,0.66199378,-0.24313595,0.66834087,0.23658301,0.06342392,-0.00432443,-0.03876293
24951,0.66199283,-0.24313445,0.66834220,0.23658342,0.06342392,-0.00432443,-0.03876293
24960,0.66199350,-0.24312849,0.66834154,0.23658964,0.06342392,-0.00432443,-0.03876293
24966,0.66199293,-0.24312672,0.66834406,0.23658599,0.06342392,-0.00432443,-0.03876293
24973,0.66199321,-0.24312379,0.66834468,0.23658638,0.06342392,-0.00432443,-0.03876293
24983,0.66199369,-0.24313390,0.66833963,0.23658909,0.06342392,-0.00432443,-0.03876293
24990,0.66199512,-0.24312922,0.66834020,0.23658809,0.06342392,-0.00432443,-0.03876293
24996,0.66199345,-0.24313223,0.66834216,0.23658447,0.06342392,-0.00432443,-0.03876293
25003,0.66199069,-0.24312911,0.66834688,0.23658154,0.06342392,-0.00432443,-0.03876293
25009,0.66199178,-0.24312856,0.66834588,0.23658225,0.06342392,-0.00432443,-0.03876293
25019,0.66199512,-0.24313263,0.66834163,0.23658058,0.06342392,-0.00432443,-0.03876293
25026,0.66199932,-0.24313144,0.66833872,0.23657836,0.06342392,-0.00432443,-0.03876293
25032,0.66200137,-0.24312930,0.66833639,0.23658130,0.06342392,-0.00432443,-0.03876293
25038,0.66200041,-0.24312958,0.66833715,0.23658134,0.06342392,-0.00432443,-0.03876293
25047,0.66199121,-0.24312911,0.66834592,0.23658318,0.06342392,-0.00432443,-0.03876293
25054,0.66198964,-0.24313025,0.66834583,0.23658678,0.06342392,-0.00432443,-0.03876293
25062,0.66199493,-0.24313564,0.66833810,0.23658790,0.06342392,-0.00432443,-0.03876293
25068,0.66199755,-0.24313304,0.66833548,0.23659052,0.06342392,-0.00432443,-0.03876293
25074,0.66199998,-0.24313261,0.66833286,0.23659203,0.06342392,-0.00432443,-0.03876293
25091,0.66199374,-0.24313991,0.66833591,0.23659272,0.06342392,-0.00432443,-0.03876293
25098,0.66199340,-0.24313902,0.66833348,0.23660216,0.06342392,-0.00432443,-0.03876293
25104,0.66199340,-0.24313838,0.66833343,0.23660273,0.06342392,-0.00432443,-0.03876293
25113,0.66199140,-0.24313480,0.66833539,0.23660616,0.06342392,-0.00432443,-0.03876293
25122,0.66198644,-0.24313943,0.66833772,0.23660917,0.06342392,-0.00432443,-0.03876293
25129,0.66198639,-0.24314124,0.66833705,0.23660893,0.06342392,-0.00432443,-0.03876293
25135,0.66198635,-0.24314272,0.66833715,0.23660731,0.06342392,-0.00432443,-0.03876293
25142,0.66198678,-0.24314360,0.66833519,0.23661038,0.06342392,-0.00432443,-0.03876293
25148,0.66198968,-0.24314353,0.66833157,0.23661260,0.06342392,-0.00432443,-0.03876293
25158,0.66198945,-0.24314401,0.66833333,0.23660764,0.06342392,-0.00432443,-0.03876293
25164,0.66198863,-0.24314844,0.66833252,0.23660821,0.06342392,-0.00432443,-0.03876293
25171,0.66199283,-0.24314584,0.66832871,0.23660957,0.06342392,-0.00432443,-0.03876293
25177,0.66199355,-0.24314541,0.66832804,0.23660974,0.06342392,-0.00432443,-0.03876293
25186,0.66199607,-0.24314236,0.66832542,0.23661401,0.06342392,-0.00432443,-0.03876293
25195,0.66199440,-0.24313955,0.66832823,0.23661341,0.06342392,-0.00432443,-0.03876293
25203,0.66198825,-0.24314537,0.66833062,0.23661789,0.06342392,-0.00432443,-0.03876293
25209,0.66198530,-0.24314405,0.66833448,0.23661630,0.06342392,-0.00432443,-0.03876293
25218,0.66198921,-0.24314870,0.66832599,0.23662476,0.06342392,-0.00432443,-0.03876293
25224,0.66198639,-0.24314565,0.66832771,0.23663094,0.06342392,-0.00432443,-0.03876293
25231,0.66198129,-0.24314818,0.66833138,0.23663210,0.06342392,-0.00432443,-0.03876293
25237,0.66198215,-0.24315209,0.66832971,0.23663041,0.06342392,-0.00432443,-0.03876293
25246,0.66197872,-0.24315099,0.66833133,0.23663702,0.06342392,-0.00432443,-0.03876293
25255,0.66198658,-0.24314358,0.66832613,0.23663706,0.06342392,-0.00432443,-0.03876293
25262,0.66198701,-0.24314167,0.66832513,0.23664090,0.06342392,-0.00432443,-0.03876293
25271,0.66199054,-0.24314520,0.66832251,0.23663475,0.06342392,-0.00432443,-0.03876293
25277,0.66198921,-0.24315299,0.66832227,0.23663051,0.06342392,-0.00432443,-0.03876293
25286,0.66199302,-0.24315228,0.66831817,0.23663277,0.06342392,-0.00432443,-0.03876293
25295,0.66199798,-0.24315013,0.66831054,0.23664238,0.06342392,-0.00432443,-0.03876293
25302,0.66199817,-0.24315009,0.66831293,0.23663573,0.06342392,-0.00432443,-0.03876293
25308,0.66199703,-0.24315536,0.66831207,0.23663547,0.06342392,-0.00432443,-0.03876293
25314,0.66200022,-0.24315309,0.66830868,0.23663828,0.06342392,-0.00432443,-0.03876293
25323,0.66200156,-0.24315352,0.66831016,0.23663005,0.06342392,-0.00432443,-0.03876293
25330,0.66199913,-0.24315302,0.66831254,0.23663058,0.06342392,-0.00432443,-0.03876293
25339,0.66199922,-0.24314508,0.66831502,0.23663148,0.06342392,-0.00432443,-0.03876293
25346,0.66200118,-0.24314160,0.66831450,0.23663086,0.06342392,-0.00432443,-0.03876293
25355,0.66199741,-0.24314012,0.66831960,0.23662881,0.06342392,-0.00432443,-0.03876293
25361,0.66199612,-0.24314196,0.66831979,0.23662970,0.06342392,-0.00432443,-0.03876293
25367,0.66199827,-0.24314143,0.66832036,0.23662290,0.06342392,-0.00432443,-0.03876293
25374,0.66200275,-0.24313836,0.66831588,0.23662595,0.06342392,-0.00432443,-0.03876293
25384,0.66200141,-0.24313697,0.66831674,0.23662905,0.06342392,-0.00432443,-0.03876293
25390,0.66199960,-0.24313845,0.66831727,0.23663079,0.06342392,-0.00432443,-0.03876293
25397,0.66200046,-0.24314143,0.66831660,0.23662738,0.06342392,-0.00432443,-0.03876293
25403,0.66200342,-0.24313547,0.66831674,0.23662521,0.06342392,-0.00432443,-0.03876293
25412,0.66200547,-0.24313611,0.66831064,0.23663578,0.06342392,-0.00432443,-0.03876293
25420,0.66201038,-0.24313113,0.66830844,0.23663311,0.06342392,-0.00432443,-0.03876293
25426,0.66201348,-0.24313197,0.66830682,0.23662843,0.06342392,-0.00432443,-0.03876293
25433,0.66201443,-0.24313113,0.66830720,0.23662569,0.06342392,-0.00432443,-0.03876293
25439,0.66201648,-0.24313273,0.66830434,0.23662612,0.06342392,-0.00432443,-0.03876293
25448,0.66202058,-0.24312515,0.66830468,0.23662123,0.06342392,-0.00432443,-0.03876293
25454,0.66202335,-0.24312448,0.66830201,0.23662161,0.06342392,-0.00432443,-0.03876293
25464,0.66201648,-0.24312055,0.66831021,0.23662176,0.06342392,-0.00432443,-0.03876293
25470,0.66201395,-0.24311838,0.66831436,0.23661973,0.06342392,-0.00432443,-0.03876293
25476,0.66201858,-0.24311122,0.66831254,0.23661890,0.06342392,-0.00432443,-0.03876293
25485,0.66202363,-0.24311008,0.66830844,0.23661773,0.06342392,-0.00432443,-0.03876293
25492,0.66202526,-0.24311754,0.66830487,0.23661525,0.06342392,-0.00432443,-0.03876293
25500,0.66201896,-0.24311871,0.66830997,0.23661756,0.06342392,-0.00432443,-0.03876293
25510,0.66201167,-0.24312360,0.66831216,0.23662667,0.06342392,-0.00432443,-0.03876293
25519,0.66201219,-0.24311943,0.66831407,0.23662445,0.06342392,-0.00432443,-0.03876293
25525,0.66201324,-0.24311518,0.66831579,0.23662090,0.06342392,-0.00432443,-0.03876293
25532,0.66201362,-0.24311983,0.66831402,0.23661968,0.06342392,-0.00432443,-0.03876293
25538,0.66201086,-0.24312434,0.66831302,0.23662567,0.06342392,-0.00432443,-0.03876293
25547,0.66201152,-0.24312496,0.66831016,0.23663134,0.06342392,-0.00432443,-0.03876293
25555,0.66201524,-0.24312417,0.66830673,0.23663182,0.06342392,-0.00432443,-0.03876293
25561,0.66201205,-0.24312291,0.66831102,0.23662991,0.06342392,-0.00432443,-0.03876293
25568,0.66201305,-0.24312334,0.66831159,0.23662490,0.06342392,-0.00432443,-0.03876293
25574,0.66201181,-0.24312679,0.66831154,0.23662495,0.06342392,-0.00432443,-0.03876293
25583,0.66201710,-0.24312582,0.66830797,0.23662142,0.06342392,-0.00432443,-0.03876293
25589,0.66201887,-0.24312293,0.66830530,0.23662660,0.06342392,-0.00432443,-0.03876293
25599,0.66202344,-0.24312419,0.66830253,0.23662016,0.06342392,-0.00432443,-0.03876293
25605,0.66202254,-0.24312374,0.66830339,0.23662080,0.06342392,-0.00432443,-0.03876293
25614,0.66202120,-0.24312162,0.66830368,0.23662586,0.06342392,-0.00432443,-0.03876293
25620,0.66202049,-0.24312331,0.66830434,0.23662421,0.06342392,-0.00432443,-0.03876293
25629,0.66202201,-0.24312458,0.66830463,0.23661808,0.06342392,-0.00432443,-0.03876293
25635,0.66202278,-0.24312720,0.66830244,0.23661952,0.06342392,-0.00432443,-0.03876293
25645,0.66201915,-0.24312689,0.66831035,0.23660790,0.06342392,-0.00432443,-0.03876293
25652,0.66201953,-0.24312553,0.66830868,0.23661260,0.06342392,-0.00432443,-0.03876293
25658,0.66202316,-0.24312191,0.66830487,0.23661668,0.06342392,-0.00432443,-0.03876293
25664,0.66202473,-0.24312655,0.66830153,0.23661696,0.06342392,-0.00432443,-0.03876293
25671,0.66202540,-0.24312977,0.66830053,0.23661472,0.06342392,-0.00432443,-0.03876293
25679,0.66202697,-0.24313282,0.66829900,0.23661112,0.06342392,-0.00432443,-0.03876293
25687,0.66202774,-0.24313597,0.66829967,0.23660442,0.06342392,-0.00432443,-0.03876293
25697,0.66203145,-0.24313635,0.66829819,0.23659775,0.06342392,-0.00432443,-0.03876293
25705,0.66203260,-0.24312860,0.66830248,0.23659036,0.06342392,-0.00432443,-0.03876293
25714,0.66202883,-0.24312832,0.66830625,0.23659057,0.06342392,-0.00432443,-0.03876293
25720,0.66202526,-0.24312207,0.66831188,0.23659100,0.06342392,-0.00432443,-0.03876293
25726,0.66202707,-0.24311697,0.66831073,0.23659400,0.06342392,-0.00432443,-0.03876293
25736,0.66203145,-0.24311885,0.66830701,0.23659086,0.06342392,-0.00432443,-0.03876293
25742,0.66203289,-0.24311621,0.66830692,0.23658969,0.06342392,-0.00432443,-0.03876293
25751,0.66203174,-0.24311637,0.66830787,0.23659052,0.06342392,-0.00432443,-0.03876293
25758,0.66202969,-0.24311013,0.66831250,0.23658921,0.06342392,-0.00432443,-0.03876293
25764,0.66202993,-0.24310932,0.66831216,0.23659012,0.06342392,-0.00432443,-0.03876293
25773,0.66202669,-0.24310491,0.66831803,0.23658683,0.06342392,-0.00432443,-0.03876293
25781,0.66202411,-0.24310388,0.66832323,0.23658087,0.06342392,-0.00432443,-0.03876293
25787,0.66202182,-0.24310350,0.66832389,0.23658561,0.06342392,-0.00432443,-0.03876293
25794,0.66202411,-0.24309730,0.66832566,0.23658082,0.06342392,-0.00432443,-0.03876293
25800,0.66202731,-0.24309511,0.66832609,0.23657302,0.06342392,-0.00432443,-0.03876293
25809,0.66202645,-0.24310109,0.66832475,0.23657240,0.06342392,-0.00432443,-0.03876293
25816,0.66202793,-0.24310359,0.66832470,0.23656659,0.06342392,-0.00432443,-0.03876293
25823,0.66203184,-0.24310266,0.66832046,0.23656871,0.06342392,-0.00432443,-0.03876293
25829,0.66203441,-0.24310035,0.66831769,0.23657145,0.06342392,-0.00432443,-0.03876293
25838,0.66203689,-0.24310355,0.66831598,0.23656587,0.06342392,-0.00432443,-0.03876293
25845,0.66203479,-0.24311027,0.66831469,0.23656859,0.06342392,-0.00432443,-0.03876293
25851,0.66203126,-0.24310336,0.66831808,0.23657608,0.06342392,-0.00432443,-0.03876293
25861,0.66203026,-0.24310154,0.66832046,0.23657419,0.06342392,-0.00432443,-0.03876293
25867,0.66202878,-0.24310169,0.66832294,0.23657135,0.06342392,-0.00432443,-0.03876293
25876,0.66202855,-0.24310512,0.66831960,0.23657770,0.06342392,-0.00432443,-0.03876293
25882,0.66203031,-0.24310395,0.66832041,0.23657145,0.06342392,-0.00432443,-0.03876293
25888,0.66202983,-0.24310038,0.66832141,0.23657350,0.06342392,-0.00432443,-0.03876293
25895,0.66203060,-0.24309625,0.66832118,0.23657674,0.06342392,-0.00432443,-0.03876293
25906,0.66203503,-0.24310107,0.66831340,0.23658130,0.06342392,-0.00432443,-0.03876293
25915,0.66202840,-0.24310002,0.66832056,0.23658003,0.06342392,-0.00432443,-0.03876293
25921,0.66202812,-0.24310014,0.66832122,0.23657956,0.06342392,-0.00432443,-0.03876293
25928,0.66202955,-0.24309997,0.66832013,0.23657853,0.06342392,-0.00432443,-0.03876293
25934,0.66202921,-0.24310214,0.66832141,0.23657333,0.06342392,-0.00432443,-0.03876293
25943,0.66203060,-0.24310209,0.66831884,0.23657705,0.06342392,-0.00432443,-0.03876293
25950,0.66203155,-0.24310426,0.66831865,0.23657279,0.06342392,-0.00432443,-0.03876293
25957,0.66202869,-0.24310483,0.66832280,0.23656795,0.06342392,-0.00432443,-0.03876293
25963,0.66202611,-0.24310178,0.66832494,0.23657279,0.06342392,-0.00432443,-0.03876293
25972,0.66202683,-0.24310467,0.66832451,0.23656928,0.06342392,-0.00432443,-0.03876293
25981,0.66202921,-0.24310140,0.66832547,0.23656334,0.06342392,-0.00432443,-0.03876293
25987,0.66202974,-0.24310193,0.66832485,0.23656237,0.06342392,-0.00432443,-0.03876293
25995,0.66203145,-0.24310297,0.66832141,0.23656647,0.06342392,-0.00432443,-0.03876293
26001,0.66202921,-0.24310669,0.66832304,0.23656446,0.06342392,-0.00432443,-0.03876293
26010,0.66203188,-0.24310536,0.66831893,0.23656942,0.06342392,-0.00432443,-0.03876293
26016,0.66203231,-0.24310545,0.66831827,0.23657042,0.06342392,-0.00432443,-0.03876293
26023,0.66203174,-0.24310877,0.66831703,0.23657200,0.06342392,-0.00432443,-0.03876293
26029,0.66203331,-0.24310770,0.66831645,0.23657040,0.06342392,-0.00432443,-0.03876293
26041,0.66203451,-0.24310522,0.66831536,0.23657264,0.06342392,-0.00432443,-0.03876293
26048,0.66203327,-0.24310662,0.66831593,0.23657321,0.06342392,-0.00432443,-0.03876293
26057,0.66203336,-0.24310743,0.66831588,0.23657176,0.06342392,-0.00432443,-0.03876293
26063,0.66203441,-0.24310495,0.66831450,0.23657579,0.06342392,-0.00432443,-0.03876293
26072,0.66202621,-0.24310991,0.66832017,0.23657741,0.06342392,-0.00432443,-0.03876293
26079,0.66202712,-0.24311060,0.66831965,0.23657572,0.06342392,-0.00432443,-0.03876293
26092,0.66202402,-0.24310729,0.66831831,0.23659155,0.06342392,-0.00432443,-0.03876293
26098,0.66202793,-0.24310970,0.66831560,0.23658614,0.06342392,-0.00432443,-0.03876293
26107,0.66203289,-0.24310221,0.66831426,0.23658361,0.06342392,-0.00432443,-0.03876293
26115,0.66202902,-0.24310898,0.66831455,0.23658630,0.06342392,-0.00432443,-0.03876293
26122,0.66203017,-0.24311063,0.66831212,0.23658850,0.06342392,-0.00432443,-0.03876293
26131,0.66203546,-0.24310259,0.66830849,0.23659222,0.06342392,-0.00432443,-0.03876293
26138,0.66203284,-0.24309833,0.66831264,0.23659181,0.06342392,-0.00432443,-0.03876293
26147,0.66203207,-0.24309346,0.66831393,0.23659558,0.06342392,-0.00432443,-0.03876293
26153,0.66203336,-0.24308459,0.66831521,0.23659708,0.06342392,-0.00432443,-0.03876293
26160,0.66203203,-0.24308938,0.66831464,0.23659806,0.06342392,-0.00432443,-0.03876293
26166,0.66203384,-0.24309072,0.66831140,0.23660058,0.06342392,-0.00432443,-0.03876293
26176,0.66203393,-0.24308867,0.66830916,0.23660936,0.06342392,-0.00432443,-0.03876293
26182,0.66203236,-0.24308605,0.66831140,0.23660955,0.06342392,-0.00432443,-0.03876293
26189,0.66203470,-0.24308476,0.66831088,0.23660609,0.06342392,-0.00432443,-0.03876293
26196,0.66203427,-0.24308497,0.66831121,0.23660569,0.06342392,-0.00432443,-0.03876293
26205,0.66204061,-0.24307820,0.66830730,0.23660628,0.06342392,-0.00432443,-0.03876293
26211,0.66204352,-0.24308238,0.66830253,0.23660714,0.06342392,-0.00432443,-0.03876293
26219,0.66204304,-0.24308128,0.66830263,0.23660955,0.06342392,-0.00432443,-0.03876293
26225,0.66203985,-0.24308326,0.66830468,0.23661041,0.06342392,-0.00432443,-0.03876293
26232,0.66204423,-0.24308376,0.66830105,0.23660798,0.06342392,-0.00432443,-0.03876293
26240,0.66204671,-0.24308500,0.66829638,0.23661298,0.06342392,-0.00432443,-0.03876293
26247,0.66204910,-0.24308648,0.66829605,0.23660559,0.06342392,-0.00432443,-0.03876293
26253,0.66204853,-0.24308965,0.66829557,0.23660538,0.06342392,-0.00432443,-0.03876293
26262,0.66204857,-0.24308493,0.66829447,0.23661375,0.06342392,-0.00432443,-0.03876293
26271,0.66204833,-0.24307994,0.66829319,0.23662278,0.06342392,-0.00432443,-0.03876293
26278,0.66205024,-0.24307754,0.66829338,0.23661901,0.06342392,-0.00432443,-0.03876293
26284,0.66204891,-0.24307701,0.66829533,0.23661794,0.06342392,-0.00432443,-0.03876293
26291,0.66204838,-0.24308028,0.66829581,0.23661453,0.06342392,-0.00432443,-0.03876293
26297,0.66205072,-0.24308011,0.66829481,0.23661122,0.06342392,-0.00432443,-0.03876293
26309,0.66204919,-0.24307677,0.66829624,0.23661506,0.06342392,-0.00432443,-0.03876293
26315,0.66204667,-0.24307491,0.66829867,0.23661723,0.06342392,-0.00432443,-0.03876293
26322,0.66204872,-0.24307386,0.66829719,0.23661632,0.06342392,-0.00432443,-0.03876293
26328,0.66205000,-0.24307210,0.66829624,0.23661751,0.06342392,-0.00432443,-0.03876293
26337,0.66204671,-0.24307239,0.66829781,0.23662176,0.06342392,-0.00432443,-0.03876293
26345,0.66204400,-0.24307289,0.66830086,0.23662040,0.06342392,-0.00432443,-0.03876293
26353,0.66204066,-0.24308185,0.66830053,0.23662195,0.06342392,-0.00432443,-0.03876293
26359,0.66204166,-0.24307901,0.66829986,0.23662385,0.06342392,-0.00432443,-0.03876293
26366,0.66204123,-0.24307873,0.66829843,0.23662915,0.06342392,-0.00432443,-0.03876293
26375,0.66204185,-0.24308154,0.66829848,0.23662457,0.06342392,-0.00432443,-0.03876293
26381,0.66204347,-0.24307799,0.66829729,0.23662648,0.06342392,-0.00432443,-0.03876293
26387,0.66204934,-0.24307699,0.66829352,0.23662190,0.06342392,-0.00432443,-0.03876293
26397,0.66204938,-0.24308373,0.66829175,0.23661997,0.06342392,-0.00432443,-0.03876293
26405,0.66204605,-0.24309115,0.66829061,0.23662505,0.06342392,-0.00432443,-0.03876293
26412,0.66204328,-0.24309325,0.66829423,0.23662047,0.06342392,-0.00432443,-0.03876293
26420,0.66203899,-0.24310665,0.66829299,0.23662171,0.06342392,-0.00432443,-0.03876293
26427,0.66204223,-0.24310970,0.66828975,0.23661882,0.06342392,-0.00432443,-0.03876293
26433,0.66204314,-0.24311044,0.66828799,0.23662037,0.06342392,-0.00432443,-0.03876293
26444,0.66204171,-0.24311907,0.66828536,0.23662333,0.06342392,-0.00432443,-0.03876293
26450,0.66204061,-0.24312095,0.66828770,0.23661749,0.06342392,-0.00432443,-0.03876293
26456,0.66204185,-0.24312062,0.66828622,0.23661866,0.06342392,-0.00432443,-0.03876293
26463,0.66203927,-0.24312331,0.66828660,0.23662164,0.06342392,-0.00432443,-0.03876293
26471,0.66203980,-0.24312565,0.66828732,0.23661611,0.06342392,-0.00432443,-0.03876293
26478,0.66203689,-0.24312326,0.66829175,0.23661451,0.06342392,-0.00432443,-0.03876293
26488,0.66203665,-0.24312136,0.66829323,0.23661251,0.06342392,-0.00432443,-0.03876293
26494,0.66203918,-0.24312481,0.66828804,0.23661723,0.06342392,-0.00432443,-0.03876293
26503,0.66204319,-0.24312717,0.66828203,0.23661978,0.06342392,-0.00432443,-0.03876293
26511,0.66204109,-0.24312539,0.66828546,0.23661808,0.06342392,-0.00432443,-0.03876293
26517,0.66203904,-0.24312446,0.66828751,0.23661892,0.06342392,-0.00432443,-0.03876293
26524,0.66204137,-0.24312174,0.66828560,0.23662035,0.06342392,-0.00432443,-0.03876293
26533,0.66204195,-0.24312026,0.66828718,0.23661627,0.06342392,-0.00432443,-0.03876293
26542,0.66204004,-0.24313137,0.66828632,0.23661236,0.06342392,-0.00432443,-0.03876293
26548,0.66204123,-0.24312961,0.66828703,0.23660864,0.06342392,-0.00432443,-0.03876293
26555,0.66204304,-0.24312970,0.66828737,0.23660290,0.06342392,-0.00432443,-0.03876293
26563,0.66204457,-0.24312601,0.66828699,0.23660347,0.06342392,-0.00432443,-0.03876293
26574,0.66204442,-0.24311714,0.66829233,0.23659749,0.06342392,-0.00432443,-0.03876293
26580,0.66204805,-0.24311764,0.66828799,0.23659958,0.06342392,-0.00432443,-0.03876293
26587,0.66205067,-0.24312462,0.66828389,0.23659653,0.06342392,-0.00432443,-0.03876293
26593,0.66205601,-0.24312887,0.66827735,0.23659560,0.06342392,-0.00432443,-0.03876293
26602,0.66205167,-0.24312641,0.66828317,0.23659398,0.06342392,-0.00432443,-0.03876293
26608,0.66205077,-0.24312856,0.66828370,0.23659307,0.06342392,-0.00432443,-0.03876293
26618,0.66204953,-0.24312601,0.66828656,0.23659067,0.06342392,-0.00432443,-0.03876293
26624,0.66205177,-0.24312765,0.66828298,0.23659284,0.06342392,-0.00432443,-0.03876293
26633,0.66205396,-0.24312920,0.66827783,0.23659973,0.06342392,-0.00432443,-0.03876293
26639,0.66205449,-0.24312865,0.66828107,0.23658964,0.06342392,-0.00432443,-0.03876293
26646,0.66205244,-0.24312262,0.66828370,0.23659422,0.06342392,-0.00432443,-0.03876293
26652,0.66205124,-0.24312126,0.66828603,0.23659234,0.06342392,-0.00432443,-0.03876293
26662,0.66205649,-0.24311742,0.66828079,0.23659620,0.06342392,-0.00432443,-0.03876293
26670,0.66205554,-0.24311747,0.66828136,0.23659725,0.06342392,-0.00432443,-0.03876293
26677,0.66205544,-0.24312005,0.66827964,0.23660001,0.06342392,-0.00432443,-0.03876293
26683,0.66205615,-0.24311974,0.66827898,0.23659973,0.06342392,-0.00432443,-0.03876293
26690,0.66205620,-0.24312474,0.66827559,0.23660435,0.06342392,-0.00432443,-0.03876293
26697,0.66205267,-0.24312732,0.66827783,0.23660514,0.06342392,-0.00432443,-0.03876293
26707,0.66204986,-0.24313325,0.66827831,0.23660578,0.06342392,-0.00432443,-0.03876293
26715,0.66204590,-0.24312453,0.66828446,0.23660814,0.06342392,-0.00432443,-0.03876293
26722,0.66204686,-0.24312191,0.66828565,0.23660519,0.06342392,-0.00432443,-0.03876293
26728,0.66204829,-0.24311475,0.66828608,0.23660721,0.06342392,-0.00432443,-0.03876293
26737,0.66205315,-0.24311387,0.66828041,0.23661022,0.06342392,-0.00432443,-0.03876293
26743,0.66205449,-0.24311230,0.66827964,0.23661043,0.06342392,-0.00432443,-0.03876293
26752,0.66205282,-0.24311022,0.66828112,0.23661315,0.06342392,-0.00432443,-0.03876293
26759,0.66204862,-0.24310896,0.66828575,0.23661284,0.06342392,-0.00432443,-0.03876293
26767,0.66205062,-0.24310836,0.66828413,0.23661270,0.06342392,-0.00432443,-0.03876293
26776,0.66205387,-0.24310550,0.66828117,0.23661463,0.06342392,-0.00432443,-0.03876293
26783,0.66205077,-0.24310448,0.66828336,0.23661823,0.06342392,-0.00432443,-0.03876293
26789,0.66205124,-0.24310066,0.66828389,0.23661973,0.06342392,-0.00432443,-0.03876293
26798,0.66204495,-0.24310116,0.66828708,0.23662774,0.06342392,-0.00432443,-0.03876293
26807,0.66204218,-0.24309990,0.66828970,0.23662912,0.06342392,-0.00432443,-0.03876293
26813,0.66204433,-0.24309320,0.66829023,0.23662831,0.06342392,-0.00432443,-0.03876293
26820,0.66204471,-0.24308917,0.66829390,0.23662154,0.06342392,-0.00432443,-0.03876293
26826,0.66204500,-0.24309115,0.66829338,0.23662004,0.06342392,-0.00432443,-0.03876293
26835,0.66204218,-0.24309432,0.66829614,0.23661689,0.06342392,-0.00432443,-0.03876293
26842,0.66204042,-0.24309301,0.66829757,0.23661892,0.06342392,-0.00432443,-0.03876293
26851,0.66204080,-0.24309315,0.66829686,0.23661971,0.06342392,-0.00432443,-0.03876293
26858,0.66204075,-0.24309465,0.66829700,0.23661792,0.06342392,-0.00432443,-0.03876293
26867,0.66204366,-0.24309852,0.66829323,0.23661599,0.06342392,-0.00432443,-0.03876293
26873,0.66204900,-0.24309382,0.66829175,0.23661031,0.06342392,-0.00432443,-0.03876293
26879,0.66204981,-0.24309415,0.66829042,0.23661172,0.06342392,-0.00432443,-0.03876293
26889,0.66204900,-0.24308965,0.66829209,0.23661394,0.06342392,-0.00432443,-0.03876293
26895,0.66204490,-0.24308564,0.66829686,0.23661613,0.06342392,-0.00432443,-0.03876293
26904,0.66204304,-0.24308824,0.66829657,0.23661932,0.06342392,-0.00432443,-0.03876293
26910,0.66204299,-0.24308674,0.66829757,0.23661801,0.06342392,-0.00432443,-0.03876293
26921,0.66204838,-0.24309153,0.66829280,0.23661160,0.06342392,-0.00432443,-0.03876293
26927,0.66204552,-0.24308781,0.66829738,0.23661038,0.06342392,-0.00432443,-0.03876293
26937,0.66204829,-0.24307706,0.66830139,0.23660264,0.06342392,-0.00432443,-0.03876293
26943,0.66205067,-0.24307973,0.66829786,0.23660323,0.06342392,-0.00432443,-0.03876293
26950,0.66205043,-0.24307782,0.66829853,0.23660397,0.06342392,-0.00432443,-0.03876293
26956,0.66204891,-0.24307954,0.66829915,0.23660502,0.06342392,-0.00432443,-0.03876293
26962,0.66204824,-0.24307773,0.66830139,0.23660187,0.06342392,-0.00432443,-0.03876293
26972,0.66204409,-0.24308102,0.66830391,0.23660290,0.06342392,-0.00432443,-0.03876293
26978,0.66204547,-0.24307839,0.66830406,0.23660163,0.06342392,-0.00432443,-0.03876293
26985,0.66204462,-0.24307343,0.66830596,0.23660352,0.06342392,-0.00432443,-0.03876293
26994,0.66204338,-0.24307236,0.66830673,0.23660624,0.06342392,-0.00432443,-0.03876293
27000,0.66204767,-0.24307141,0.66830282,0.23660590,0.06342392,-0.00432443,-0.03876293
27007,0.66204543,-0.24307062,0.66830401,0.23660967,0.06342392,-0.00432443,-0.03876293
27016,0.66204123,-0.24307792,0.66830830,0.23660209,0.06342392,-0.00432443,-0.03876293
27022,0.66203737,-0.24307279,0.66831398,0.23660173,0.06342392,-0.00432443,-0.03876293
27031,0.66204333,-0.24306781,0.66831026,0.23660070,0.06342392,-0.00432443,-0.03876293
27038,0.66203985,-0.24306921,0.66831450,0.23659703,0.06342392,-0.00432443,-0.03876293
27044,0.66204733,-0.24306590,0.66831121,0.23658905,0.06342392,-0.00432443,-0.03876293
27050,0.66204857,-0.24306447,0.66831068,0.23658852,0.06342392,-0.00432443,-0.03876293
27060,0.66205353,-0.24306445,0.66830501,0.23659048,0.06342392,-0.00432443,-0.03876293
27067,0.66205635,-0.24305949,0.66830487,0.23658874,0.06342392,-0.00432443,-0.03876293
27073,0.66205449,-0.24306197,0.66830472,0.23659124,0.06342392,-0.00432443,-0.03876293
27080,0.66205267,-0.24306275,0.66830558,0.23659327,0.06342392,-0.00432443,-0.03876293
27086,0.66205353,-0.24306755,0.66830291,0.23659334,0.06342392,-0.00432443,-0.03876293
27099,0.66204967,-0.24307031,0.66830630,0.23659224,0.06342392,-0.00432443,-0.03876293
27107,0.66204948,-0.24307334,0.66830301,0.23659825,0.06342392,-0.00432443,-0.03876293
27113,0.66204714,-0.24307527,0.66830558,0.23659582,0.06342392,-0.00432443,-0.03876293
27119,0.66204838,-0.24307856,0.66830425,0.23659257,0.06342392,-0.00432443,-0.03876293
27128,0.66205215,-0.24307825,0.66830139,0.23659029,0.06342392,-0.00432443,-0.03876293
27137,0.66204924,-0.24308063,0.66830377,0.23658928,0.06342392,-0.00432443,-0.03876293
27143,0.66204524,-0.24308381,0.66830639,0.23658986,0.06342392,-0.00432443,-0.03876293
27151,0.66204218,-0.24308350,0.66830940,0.23659029,0.06342392,-0.00432443,-0.03876293
27157,0.66203885,-0.24307849,0.66831417,0.23659114,0.06342392,-0.00432443,-0.03876293
27166,0.66203794,-0.24308390,0.66831307,0.23659133,0.06342392,-0.00432443,-0.03876293
27173,0.66203918,-0.24308273,0.66831159,0.23659334,0.06342392,-0.00432443,-0.03876293
27179,0.66204285,-0.24308159,0.66830897,0.23659186,0.06342392,-0.00432443,-0.03876293
27186,0.66204409,-0.24308266,0.66830663,0.23659362,0.06342392,-0.00432443,-0.03876293
27196,0.66204137,-0.24309144,0.66830725,0.23659081,0.06342392,-0.00432443,-0.03876293
27207,0.66203832,-0.24309263,0.66830849,0.23659455,0.06342392,-0.00432443,-0.03876293
27213,0.66203932,-0.24308993,0.66830902,0.23659286,0.06342392,-0.00432443,-0.03876293
27220,0.66203870,-0.24309494,0.66830868,0.23659048,0.06342392,-0.00432443,-0.03876293
27226,0.66204094,-0.24309363,0.66830611,0.23659291,0.06342392,-0.00432443,-0.03876293
27235,0.66204233,-0.24310181,0.66830153,0.23659391,0.06342392,-0.00432443,-0.03876293
27242,0.66204729,-0.24309780,0.66829752,0.23659501,0.06342392,-0.00432443,-0.03876293
27249,0.66204810,-0.24310314,0.66829514,0.23659365,0.06342392,-0.00432443,-0.03876293
27255,0.66205048,-0.24310228,0.66829371,0.23659200,0.06342392,-0.00432443,-0.03876293
27264,0.66205306,-0.24310896,0.66828732,0.23659601,0.06342392,-0.00432443,-0.03876293
27270,0.66205210,-0.24310462,0.66828994,0.23659586,0.06342392,-0.00432443,-0.03876293
27279,0.66205492,-0.24310309,0.66828732,0.23659663,0.06342392,-0.00432443,-0.03876293
27286,0.66205482,-0.24310359,0.66828699,0.23659782,0.06342392,-0.00432443,-0.03876293
27295,0.66205539,-0.24309771,0.66828680,0.23660264,0.06342392,-0.00432443,-0.03876293
27302,0.66205673,-0.24309225,0.66828851,0.23659973,0.06342392,-0.00432443,-0.03876293
27308,0.66205368,-0.24309411,0.66829061,0.23660042,0.06342392,-0.00432443,-0.03876293
27314,0.66205492,-0.24309492,0.66828923,0.23659994,0.06342392,-0.00432443,-0.03876293
27321,0.66205224,-0.24309401,0.66829066,0.23660416,0.06342392,-0.00432443,-0.03876293
27332,0.66205234,-0.24309415,0.66828889,0.23660867,0.06342392,-0.00432443,-0.03876293
27339,0.66205167,-0.24309587,0.66828880,0.23660941,0.06342392,-0.00432443,-0.03876293
27345,0.66204934,-0.24309442,0.66829199,0.23660826,0.06342392,-0.00432443,-0.03876293
27354,0.66204762,-0.24309425,0.66829338,0.23660924,0.06342392,-0.00432443,-0.03876293
27361,0.66204547,-0.24309430,0.66829509,0.23661048,0.06342392,-0.00432443,-0.03876293
27368,0.66204996,-0.24309263,0.66829156,0.23660960,0.06342392,-0.00432443,-0.03876293
27375,0.66204924,-0.24309072,0.66829299,0.23660976,0.06342392,-0.00432443,-0.03876293
27381,0.66204638,-0.24309105,0.66829462,0.23661313,0.06342392,-0.00432443,-0.03876293
27388,0.66204209,-0.24308795,0.66829819,0.23661773,0.06342392,-0.00432443,-0.03876293
27396,0.66204690,-0.24308631,0.66829514,0.23661465,0.06342392,-0.00432443,-0.03876293
27403,0.66205072,-0.24308326,0.66829376,0.23661108,0.06342392,-0.00432443,-0.03876293
27412,0.66204738,-0.24308381,0.66829605,0.23661346,0.06342392,-0.00432443,-0.03876293
27421,0.66204624,-0.24308547,0.66829509,0.23661746,0.06342392,-0.00432443,-0.03876293
27428,0.66204299,-0.24308857,0.66829690,0.23661854,0.06342392,-0.00432443,-0.03876293
27434,0.66204261,-0.24309089,0.66829628,0.23661849,0.06342392,-0.00432443,-0.03876293
27440,0.66203746,-0.24309108,0.66830163,0.23661773,0.06342392,-0.00432443,-0.03876293
27447,0.66203713,-0.24308900,0.66830344,0.23661594,0.06342392,-0.00432443,-0.03876293
27457,0.66203498,-0.24308857,0.66830139,0.23662772,0.06342392,-0.00432443,-0.03876293
27463,0.66203498,-0.24308648,0.66830320,0.23662481,0.06342392,-0.00432443,-0.03876293
27469,0.66203494,-0.24308500,0.66830415,0.23662436,0.06342392,-0.00432443,-0.03876293
27476,0.66204109,-0.24307830,0.66830196,0.23661980,0.06342392,-0.00432443,-0.03876293
27482,0.66204237,-0.24307973,0.66829962,0.23662114,0.06342392,-0.00432443,-0.03876293
27491,0.66204500,-0.24307208,0.66830081,0.23661885,0.06342392,-0.00432443,-0.03876293
27499,0.66204938,-0.24307498,0.66829576,0.23661756,0.06342392,-0.00432443,-0.03876293
27505,0.66205019,-0.24307279,0.66829671,0.23661482,0.06342392,-0.00432443,-0.03876293
27511,0.66205244,-0.24307184,0.66829471,0.23661522,0.06342392,-0.00432443,-0.03876293
27520,0.66205053,-0.24307305,0.66829557,0.23661687,0.06342392,-0.00432443,-0.03876293
27527,0.66204891,-0.24307665,0.66829538,0.23661782,0.06342392,-0.00432443,-0.03876293
27535,0.66204652,-0.24307723,0.66829795,0.23661704,0.06342392,-0.00432443,-0.03876293
27545,0.66205043,-0.24307942,0.66829352,0.23661656,0.06342392,-0.00432443,-0.03876293
27551,0.66205458,-0.24307477,0.66828899,0.23662252,0.06342392,-0.00432443,-0.03876293
27561,0.66205635,-0.24307422,0.66828813,0.23662035,0.06342392,-0.00432443,-0.03876293
27567,0.66205987,-0.24307181,0.66828546,0.23662049,0.06342392,-0.00432443,-0.03876293
27573,0.66206312,-0.24307272,0.66828227,0.23661968,0.06342392,-0.00432443,-0.03876293
27580,0.66206092,-0.24306738,0.66828675,0.23661885,0.06342392,-0.00432443,-0.03876293
27590,0.66205968,-0.24306628,0.66828918,0.23661651,0.06342392,-0.00432443,-0.03876293
27596,0.66206145,-0.24306478,0.66828784,0.23661646,0.06342392,-0.00432443,-0.03876293
27602,0.66206126,-0.24306306,0.66828765,0.23661987,0.06342392,-0.00432443,-0.03876293
27609,0.66206254,-0.24306061,0.66828675,0.23662140,0.06342392,-0.00432443,-0.03876293
27618,0.66206498,-0.24306268,0.66828370,0.23662071,0.06342392,-0.00432443,-0.03876293
27624,0.66206912,-0.24305956,0.66827969,0.23662347,0.06342392,-0.00432443,-0.03876293
27634,0.66206316,-0.24305548,0.66828565,0.23662731,0.06342392,-0.00432443,-0.03876293
27641,0.66206808,-0.24305927,0.66828041,0.23662490,0.06342392,-0.00432443,-0.03876293
27647,0.66207003,-0.24305741,0.66827869,0.23662650,0.06342392,-0.00432443,-0.03876293
27656,0.66207070,-0.24305937,0.66827554,0.23663134,0.06342392,-0.00432443,-0.03876293
27662,0.66207189,-0.24306392,0.66827182,0.23663334,0.06342392,-0.00432443,-0.03876293
27669,0.66207480,-0.24306092,0.66826987,0.23663396,0.06342392,-0.00432443,-0.03876293
27678,0.66207218,-0.24305686,0.66827225,0.23663873,0.06342392,-0.00432443,-0.03876293
27687,0.66207356,-0.24305386,0.66827321,0.23663518,0.06342392,-0.00432443,-0.03876293
27694,0.66207599,-0.24305639,0.66826963,0.23663582,0.06342392,-0.00432443,-0.03876293
27702,0.66207656,-0.24305677,0.66827034,0.23663182,0.06342392,-0.00432443,-0.03876293
27709,0.66207580,-0.24305043,0.66827321,0.23663249,0.06342392,-0.00432443,-0.03876293
27719,0.66206979,-0.24304707,0.66827874,0.23663692,0.06342392,-0.00432443,-0.03876293
27725,0.66207094,-0.24304761,0.66827774,0.23663611,0.06342392,-0.00432443,-0.03876293
27731,0.66206960,-0.24304583,0.66828060,0.23663351,0.06342392,-0.00432443,-0.03876293
27740,0.66206760,-0.24304583,0.66828155,0.23663649,0.06342392,-0.00432443,-0.03876293
27746,0.66206555,-0.24304857,0.66828241,0.23663756,0.06342392,-0.00432443,-0.03876293
27755,0.66206593,-0.24304475,0.66828250,0.23663952,0.06342392,-0.00432443,-0.03876293
27762,0.66206126,-0.24305202,0.66828660,0.23663372,0.06342392,-0.00432443,-0.03876293
27768,0.66206369,-0.24305477,0.66828460,0.23663003,0.06342392,-0.00432443,-0.03876293
27777,0.66207418,-0.24305031,0.66827621,0.23662915,0.06342392,-0.00432443,-0.03876293
27784,0.66207170,-0.24305455,0.66827821,0.23662571,0.06342392,-0.00432443,-0.03876293
27790,0.66207342,-0.24305660,0.66827626,0.23662445,0.06342392,-0.00432443,-0.03876293
27797,0.66207561,-0.24305124,0.66827478,0.23662767,0.06342392,-0.00432443,-0.03876293
27806,0.66207904,-0.24305086,0.66827297,0.23662333,0.06342392,-0.00432443,-0.03876293
27813,0.66207880,-0.24304423,0.66827487,0.23662557,0.06342392,-0.00432443,-0.03876293
27821,0.66207675,-0.24304900,0.66827516,0.23662545,0.06342392,-0.00432443,-0.03876293
27828,0.66207504,-0.24305083,0.66827607,0.23662631,0.06342392,-0.00432443,-0.03876293
27834,0.66207242,-0.24305741,0.66827635,0.23662610,0.06342392,-0.00432443,-0.03876293
27843,0.66208152,-0.24305028,0.66827201,0.23661990,0.06342392,-0.00432443,-0.03876293
27852,0.66208009,-0.24305160,0.66827545,0.23661293,0.06342392,-0.00432443,-0.03876293
27858,0.66208214,-0.24304702,0.66827468,0.23661432,0.06342392,-0.00432443,-0.03876293
27865,0.66208238,-0.24304945,0.66827411,0.23661296,0.06342392,-0.00432443,-0.03876293
27871,0.66208386,-0.24304792,0.66827459,0.23660886,0.06342392,-0.00432443,-0.03876293
27880,0.66208372,-0.24304764,0.66827497,0.23660800,0.06342392,-0.00432443,-0.03876293
27886,0.66208028,-0.24304733,0.66828012,0.23660371,0.06342392,-0.00432443,-0.03876293
27895,0.66208143,-0.24304375,0.66828255,0.23659739,0.06342392,-0.00432443,-0.03876293
27902,0.66208267,-0.24304735,0.66828079,0.23659493,0.06342392,-0.00432443,-0.03876293
27908,0.66207771,-0.24305214,0.66828370,0.23659572,0.06342392,-0.00432443,-0.03876293
27917,0.66208190,-0.24305462,0.66828260,0.23658471,0.06342392,-0.00432443,-0.03876293
27924,0.66208558,-0.24304878,0.66828131,0.23658413,0.06342392,-0.00432443,-0.03876293
27930,0.66208643,-0.24304642,0.66828012,0.23658730,0.06342392,-0.00432443,-0.03876293
27942,0.66208477,-0.24304909,0.66828336,0.23657991,0.06342392,-0.00432443,-0.03876293
27950,0.66208119,-0.24304940,0.66828556,0.23658313,0.06342392,-0.00432443,-0.03876293
27957,0.66208076,-0.24304862,0.66828479,0.23658773,0.06342392,-0.00432443,-0.03876293
27963,0.66208314,-0.24305090,0.66828165,0.23658730,0.06342392,-0.00432443,-0.03876293
27969,0.66208162,-0.24305038,0.66828212,0.23659119,0.06342392,-0.00432443,-0.03876293
27978,0.66208600,-0.24304966,0.66827874,0.23658926,0.06342392,-0.00432443,-0.03876293
27986,0.66208701,-0.24304828,0.66827850,0.23658869,0.06342392,-0.00432443,-0.03876293
27995,0.66208987,-0.24304959,0.66827397,0.23659193,0.06342392,-0.00432443,-0.03876293
28001,0.66208834,-0.24305226,0.66827254,0.23659780,0.06342392,-0.00432443,-0.03876293
28007,0.66208553,-0.24305233,0.66827526,0.23659794,0.06342392,-0.00432443,-0.03876293
28016,0.66208801,-0.24305286,0.66827554,0.23658890,0.06342392,-0.00432443,-0.03876293
28023,0.66208915,-0.24305007,0.66827697,0.23658494,0.06342392,-0.00432443,-0.03876293
28032,0.66208915,-0.24304380,0.66827678,0.23659179,0.06342392,-0.00432443,-0.03876293
28038,0.66208839,-0.24304473,0.66827850,0.23658797,0.06342392,-0.00432443,-0.03876293
28047,0.66209201,-0.24304549,0.66827459,0.23658876,0.06342392,-0.00432443,-0.03876293
28053,0.66209497,-0.24304952,0.66827163,0.23658421,0.06342392,-0.00432443,-0.03876293
28062,0.66209259,-0.24304792,0.66827468,0.23658437,0.06342392,-0.00432443,-0.03876293
28069,0.66209630,-0.24304504,0.66827173,0.23658483,0.06342392,-0.00432443,-0.03876293
28076,0.66209955,-0.24304161,0.66827096,0.23658182,0.06342392,-0.00432443,-0.03876293
28083,0.66210007,-0.24303412,0.66827368,0.23657987,0.06342392,-0.00432443,-0.03876293
28089,0.66210360,-0.24302928,0.66827220,0.23657946,0.06342392,-0.00432443,-0.03876293
28104,0.66210122,-0.24302816,0.66827669,0.23657455,0.06342392,-0.00432443,-0.03876293
28110,0.66210546,-0.24302136,0.66827507,0.23657431,0.06342392,-0.00432443,-0.03876293
28120,0.66210775,-0.24302344,0.66827464,0.23656687,0.06342392,-0.00432443,-0.03876293
28126,0.66211009,-0.24302043,0.66827464,0.23656339,0.06342392,-0.00432443,-0.03876293
28132,0.66211204,-0.24301848,0.66827349,0.23656320,0.06342392,-0.00432443,-0.03876293
28143,0.66211309,-0.24302062,0.66826925,0.23657000,0.06342392,-0.00432443,-0.03876293
28153,0.66211547,-0.24301691,0.66826729,0.23657252,0.06342392,-0.00432443,-0.03876293
28159,0.66211366,-0.24301962,0.66826963,0.23656835,0.06342392,-0.00432443,-0.03876293
28169,0.66211261,-0.24301819,0.66827239,0.23656542,0.06342392,-0.00432443,-0.03876293
28175,0.66211605,-0.24301807,0.66826872,0.23656544,0.06342392,-0.00432443,-0.03876293
28182,0.66211628,-0.24302344,0.66826581,0.23656787,0.06342392,-0.00432443,-0.03876293
28191,0.66211576,-0.24302694,0.66826782,0.23656034,0.06342392,-0.00432443,-0.03876293
28197,0.66211438,-0.24302802,0.66826839,0.23656139,0.06342392,-0.00432443,-0.03876293
28203,0.66211681,-0.24302999,0.66826505,0.23656215,0.06342392,-0.00432443,-0.03876293
28213,0.66211085,-0.24302744,0.66827239,0.23656060,0.06342392,-0.00432443,-0.03876293
28220,0.66210918,-0.24302427,0.66827440,0.23656258,0.06342392,-0.00432443,-0.03876293
28226,0.66211218,-0.24301815,0.66827459,0.23656015,0.06342392,-0.00432443,-0.03876293
28233,0.66211166,-0.24301619,0.66827602,0.23655974,0.06342392,-0.00432443,-0.03876293
28239,0.66211147,-0.24301276,0.66827678,0.23656132,0.06342392,-0.00432443,-0.03876293
28248,0.66211247,-0.24300830,0.66827545,0.23656685,0.06342392,-0.00432443,-0.03876293
28255,0.66210746,-0.24301109,0.66828098,0.23656260,0.06342392,-0.00432443,-0.03876293
28262,0.66210436,-0.24300522,0.66828494,0.23656585,0.06342392,-0.00432443,-0.03876293
28268,0.66210370,-0.24300887,0.66828517,0.23656353,0.06342392,-0.00432443,-0.03876293
28274,0.66210308,-0.24300525,0.66828756,0.23656213,0.06342392,-0.00432443,-0.03876293
28284,0.66210823,-0.24300537,0.66828207,0.23656322,0.06342392,-0.00432443,-0.03876293
28290,0.66210622,-0.24300162,0.66828103,0.23657510,0.06342392,-0.00432443,-0.03876293
28297,0.66210842,-0.24300503,0.66827688,0.23657753,0.06342392,-0.00432443,-0.03876293
28304,0.66211061,-0.24300329,0.66827621,0.23657507,0.06342392,-0.00432443,-0.03876293
28313,0.66210551,-0.24301013,0.66827697,0.23658013,0.06342392,-0.00432443,-0.03876293
28319,0.66210613,-0.24301953,0.66827316,0.23657939,0.06342392,-0.00432443,-0.03876293
28325,0.66210670,-0.24301562,0.66827464,0.23657813,0.06342392,-0.00432443,-0.03876293
28332,0.66210203,-0.24301440,0.66827893,0.23658010,0.06342392,-0.00432443,-0.03876293
28341,0.66209993,-0.24301533,0.66827974,0.23658270,0.06342392,-0.00432443,-0.03876293
28353,0.66210179,-0.24301195,0.66828098,0.23657741,0.06342392,-0.00432443,-0.03876293
28359,0.66209988,-0.24301269,0.66828098,0.23658170,0.06342392,-0.00432443,-0.03876293
28365,0.66210145,-0.24301476,0.66827993,0.23657851,0.06342392,-0.00432443,-0.03876293
28372,0.66210722,-0.24301168,0.66827650,0.23657481,0.06342392,-0.00432443,-0.03876293
28381,0.66210546,-0.24301519,0.66827678,0.23657557,0.06342392,-0.00432443,-0.03876293
28388,0.66210103,-0.24301700,0.66827983,0.23657760,0.06342392,-0.00432443,-0.03876293
28395,0.66210136,-0.24301776,0.66828036,0.23657438,0.06342392,-0.00432443,-0.03876293
28401,0.66210250,-0.24301311,0.66828098,0.23657441,0.06342392,-0.00432443,-0.03876293
28410,0.66210532,-0.24302239,0.66827793,0.23656539,0.06342392,-0.00432443,-0.03876293
28416,0.66210308,-0.24302177,0.66827983,0.23656678,0.06342392,-0.00432443,-0.03876293
28425,0.66210203,-0.24302091,0.66828031,0.23656935,0.06342392,-0.00432443,-0.03876293
28432,0.66210169,-0.24302377,0.66828002,0.23656811,0.06342392,-0.00432443,-0.03876293
28439,0.66210136,-0.24302957,0.66827840,0.23656759,0.06342392,-0.00432443,-0.03876293
28448,0.66209917,-0.24303147,0.66827783,0.23657343,0.06342392,-0.00432443,-0.03876293
28454,0.66209526,-0.24303231,0.66828184,0.23657245,0.06342392,-0.00432443,-0.03876293
28460,0.66209406,-0.24303417,0.66828198,0.23657350,0.06342392,-0.00432443,-0.03876293
28467,0.66209182,-0.24303624,0.66828489,0.23656935,0.06342392,-0.00432443,-0.03876293
28476,0.66209573,-0.24303414,0.66828069,0.23657259,0.06342392,-0.00432443,-0.03876293
28483,0.66209707,-0.24303779,0.66827554,0.23657932,0.06342392,-0.00432443,-0.03876293
28492,0.66210184,-0.24303467,0.66827230,0.23657867,0.06342392,-0.00432443,-0.03876293
28498,0.66210384,-0.24303481,0.66827034,0.23657855,0.06342392,-0.00432443,-0.03876293
28504,0.66210556,-0.24303615,0.66826820,0.23657827,0.06342392,-0.00432443,-0.03876293
28514,0.66210393,-0.24302811,0.66827278,0.23657801,0.06342392,-0.00432443,-0.03876293
28521,0.66209912,-0.24302997,0.66827840,0.23657348,0.06342392,-0.00432443,-0.03876293
28527,0.66210126,-0.24303441,0.66827459,0.23657367,0.06342392,-0.00432443,-0.03876293
28533,0.66210246,-0.24303152,0.66827301,0.23657755,0.06342392,-0.00432443,-0.03876293
28542,0.66210131,-0.24303586,0.66827297,0.23657672,0.06342392,-0.00432443,-0.03876293
28548,0.66210308,-0.24303884,0.66826963,0.23657860,0.06342392,-0.00432443,-0.03876293
28560,0.66210451,-0.24303364,0.66826767,0.23658545,0.06342392,-0.00432443,-0.03876293
28569,0.66210889,-0.24302504,0.66826896,0.23657779,0.06342392,-0.00432443,-0.03876293
28576,0.66210703,-0.24302811,0.66826844,0.23658101,0.06342392,-0.00432443,-0.03876293
28582,0.66210961,-0.24302589,0.66826701,0.23658065,0.06342392,-0.00432443,-0.03876293
28589,0.66211061,-0.24302434,0.66826767,0.23657751,0.06342392,-0.00432443,-0.03876293
28595,0.66211342,-0.24302706,0.66826252,0.23658149,0.06342392,-0.00432443,-0.03876293
28604,0.66211705,-0.24303123,0.66826066,0.23657238,0.06342392,-0.00432443,-0.03876293
28613,0.66211504,-0.24302868,0.66826257,0.23657515,0.06342392,-0.00432443,-0.03876293
28620,0.66211457,-0.24302773,0.66826386,0.23657360,0.06342392,-0.00432443,-0.03876293
28626,0.66211500,-0.24302771,0.66826157,0.23657917,0.06342392,-0.00432443,-0.03876293
28632,0.66211242,-0.24302945,0.66826481,0.23657546,0.06342392,-0.00432443,-0.03876293
28642,0.66211123,-0.24302282,0.66826562,0.23658304,0.06342392,-0.00432443,-0.03876293
28649,0.66211647,-0.24301764,0.66826300,0.23658127,0.06342392,-0.00432443,-0.03876293
28655,0.66211738,-0.24302072,0.66826124,0.23658058,0.06342392,-0.00432443,-0.03876293
28662,0.66211705,-0.24301617,0.66826200,0.23658399,0.06342392,-0.00432443,-0.03876293
28673,0.66211552,-0.24302048,0.66826505,0.23657567,0.06342392,-0.00432443,-0.03876293
28679,0.66211600,-0.24302091,0.66826510,0.23657357,0.06342392,-0.00432443,-0.03876293
28686,0.66211361,-0.24302015,0.66826653,0.23657701,0.06342392,-0.00432443,-0.03876293
28696,0.66211166,-0.24302072,0.66826539,0.23658506,0.06342392,-0.00432443,-0.03876293
28702,0.66211242,-0.24302146,0.66826620,0.23657963,0.06342392,-0.00432443,-0.03876293
28711,0.66211419,-0.24302258,0.66826448,0.23657855,0.06342392,-0.00432443,-0.03876293
28718,0.66211214,-0.24302401,0.66826605,0.23657827,0.06342392,-0.00432443,-0.03876293
28724,0.66211042,-0.24302906,0.66826686,0.23657562,0.06342392,-0.00432443,-0.03876293
28730,0.66210832,-0.24303040,0.66826920,0.23657350,0.06342392,-0.00432443,-0.03876293
28740,0.66211676,-0.24302659,0.66826367,0.23656919,0.06342392,-0.00432443,-0.03876293
28747,0.66211814,-0.24302628,0.66826291,0.23656799,0.06342392,-0.00432443,-0.03876293
28753,0.66212110,-0.24302608,0.66826243,0.23656120,0.06342392,-0.00432443,-0.03876293
28762,0.66212148,-0.24302361,0.66825933,0.23657119,0.06342392,-0.00432443,-0.03876293
28768,0.66211881,-0.24302198,0.66826133,0.23657519,0.06342392,-0.00432443,-0.03876293
28777,0.66211729,-0.24302468,0.66826028,0.23657934,0.06342392,-0.00432443,-0.03876293
28785,0.66212272,-0.24302384,0.66825504,0.23657999,0.06342392,-0.00432443,-0.03876293
28791,0.66212205,-0.24302494,0.66825628,0.23657746,0.06342392,-0.00432443,-0.03876293
28797,0.66212420,-0.24301962,0.66825714,0.23657388,0.06342392,-0.00432443,-0.03876293
28806,0.66212849,-0.24302229,0.66824951,0.23658080,0.06342392,-0.00432443,-0.03876293
28813,0.66212348,-0.24302358,0.66825346,0.23658235,0.06342392,-0.00432443,-0.03876293
28819,0.66212363,-0.24302828,0.66825160,0.23658232,0.06342392,-0.00432443,-0.03876293
28828,0.66211895,-0.24303195,0.66825633,0.23657867,0.06342392,-0.00432443,-0.03876293
28837,0.66211152,-0.24303150,0.66826367,0.23657898,0.06342392,-0.00432443,-0.03876293
28843,0.66210756,-0.24303348,0.66826496,0.23658421,0.06342392,-0.00432443,-0.03876293
28852,0.66210861,-0.24303815,0.66826543,0.23657553,0.06342392,-0.00432443,-0.03876293
28859,0.66210484,-0.24304108,0.66826696,0.23657836,0.06342392,-0.00432443,-0.03876293
28868,0.66210718,-0.24304053,0.66826529,0.23657734,0.06342392,-0.00432443,-0.03876293
28875,0.66210870,-0.24304399,0.66826205,0.23657836,0.06342392,-0.00432443,-0.03876293
28881,0.66210765,-0.24305019,0.66825914,0.23658328,0.06342392,-0.00432443,-0.03876293
28887,0.66210908,-0.24305226,0.66825666,0.23658461,0.06342392,-0.00432443,-0.03876293
28894,0.66210818,-0.24305448,0.66825599,0.23658666,0.06342392,-0.00432443,-0.03876293
28903,0.66211061,-0.24304935,0.66825633,0.23658421,0.06342392,-0.00432443,-0.03876293
28910,0.66211194,-0.24305372,0.66825332,0.23658432,0.06342392,-0.00432443,-0.03876293
28916,0.66210851,-0.24305186,0.66825604,0.23658790,0.06342392,-0.00432443,-0.03876293
28925,0.66211409,-0.24304690,0.66825380,0.23658399,0.06342392,-0.00432443,-0.03876293
28932,0.66211452,-0.24304578,0.66825394,0.23658325,0.06342392,-0.00432443,-0.03876293
28938,0.66211218,-0.24304423,0.66825671,0.23658375,0.06342392,-0.00432443,-0.03876293
28945,0.66211180,-0.24304015,0.66825704,0.23658795,0.06342392,-0.00432443,-0.03876293
28954,0.66211309,-0.24303946,0.66825857,0.23658094,0.06342392,-0.00432443,-0.03876293
28962,0.66211819,-0.24303510,0.66825432,0.23658304,0.06342392,-0.00432443,-0.03876293
28971,0.66211800,-0.24303481,0.66825537,0.23658077,0.06342392,-0.00432443,-0.03876293
28978,0.66212348,-0.24303193,0.66825323,0.23657453,0.06342392,-0.00432443,-0.03876293
28984,0.66212663,-0.24302861,0.66825108,0.23657526,0.06342392,-0.00432443,-0.03876293
28993,0.66212234,-0.24302573,0.66825814,0.23657031,0.06342392,-0.00432443,-0.03876293
29001,0.66212644,-0.24302320,0.66825475,0.23657140,0.06342392,-0.00432443,-0.03876293
29007,0.66212601,-0.24302210,0.66825704,0.23656663,0.06342392,-0.00432443,-0.03876293
29013,0.66212368,-0.24302272,0.66825923,0.23656659,0.06342392,-0.00432443,-0.03876293
29020,0.66212058,-0.24302518,0.66826038,0.23656930,0.06342392,-0.00432443,-0.03876293
29026,0.66211891,-0.24302351,0.66826343,0.23656744,0.06342392,-0.00432443,-0.03876293
29035,0.66211552,-0.24302875,0.66826381,0.23657038,0.06342392,-0.00432443,-0.03876293
29043,0.66211609,-0.24302396,0.66826190,0.23657925,0.06342392,-0.00432443,-0.03876293
29049,0.66211624,-0.24302172,0.66826224,0.23657982,0.06342392,-0.00432443,-0.03876293
29055,0.66211528,-0.24302086,0.66826457,0.23657662,0.06342392,-0.00432443,-0.03876293
29064,0.66211657,-0.24301786,0.66826252,0.23658199,0.06342392,-0.00432443,-0.03876293
29071,0.66211938,-0.24302129,0.66825885,0.23658123,0.06342392,-0.00432443,-0.03876293
29077,0.66211872,-0.24302647,0.66825747,0.23658151,0.06342392,-0.00432443,-0.03876293
29087,0.66212077,-0.24303348,0.66825590,0.23657298,0.06342392,-0.00432443,-0.03876293
29095,0.66212410,-0.24303231,0.66825246,0.23657469,0.06342392,-0.00432443,-0.03876293
29106,0.66212644,-0.24302790,0.66825456,0.23656673,0.06342392,-0.00432443,-0.03876293
29112,0.66212387,-0.24302980,0.66825733,0.23656387,0.06342392,-0.00432443,-0.03876293
29118,0.66212253,-0.24303238,0.66825733,0.23656477,0.06342392,-0.00432443,-0.03876293
29125,0.66212749,-0.24303493,0.66825394,0.23655829,0.06342392,-0.00432443,-0.03876293
29135,0.66212949,-0.24302535,0.66825671,0.23655464,0.06342392,-0.00432443,-0.03876293
29141,0.66212816,-0.24302546,0.66825933,0.23655078,0.06342392,-0.00432443,-0.03876293
29148,0.66212558,-0.24302654,0.66826038,0.23655416,0.06342392,-0.00432443,-0.03876293
29154,0.66212396,-0.24302759,0.66826105,0.23655548,0.06342392,-0.00432443,-0.03876293
29165,0.66211948,-0.24303128,0.66826300,0.23655860,0.06342392,-0.00432443,-0.03876293
29171,0.66212015,-0.24302930,0.66826386,0.23655600,0.06342392,-0.00432443,-0.03876293
29180,0.66211581,-0.24303445,0.66826477,0.23656091,0.06342392,-0.00432443,-0.03876293
29187,0.66211509,-0.24303536,0.66826581,0.23655893,0.06342392,-0.00432443,-0.03876293
29197,0.66211133,-0.24303915,0.66826682,0.23656263,0.06342392,-0.00432443,-0.03876293
29203,0.66210818,-0.24304218,0.66826891,0.23656263,0.06342392,-0.00432443,-0.03876293
29212,0.66210818,-0.24303696,0.66826925,0.23656716,0.06342392,-0.00432443,-0.03876293
29218,0.66210908,-0.24303197,0.66827039,0.23656609,0.06342392,-0.00432443,-0.03876293
29226,0.66210885,-0.24302883,0.66827201,0.23656597,0.06342392,-0.00432443,-0.03876293
29235,0.66211175,-0.24303171,0.66826825,0.23656504,0.06342392,-0.00432443,-0.03876293
29241,0.66211133,-0.24303061,0.66826944,0.23656392,0.06342392,-0.00432443,-0.03876293
29247,0.66211309,-0.24303331,0.66826586,0.23656656,0.06342392,-0.00432443,-0.03876293
29254,0.66211194,-0.24303011,0.66826748,0.23656852,0.06342392,-0.00432443,-0.03876293
29264,0.66211133,-0.24303057,0.66826829,0.23656716,0.06342392,-0.00432443,-0.03876293
29270,0.66211171,-0.24302551,0.66827096,0.23656435,0.06342392,-0.00432443,-0.03876293
29277,0.66211557,-0.24302551,0.66826815,0.23656120,0.06342392,-0.00432443,-0.03876293
29286,0.66211657,-0.24302489,0.66826462,0.23656880,0.06342392,-0.00432443,-0.03876293
29292,0.66211819,-0.24302146,0.66826353,0.23657085,0.06342392,-0.00432443,-0.03876293
29301,0.66212172,-0.24302058,0.66826095,0.23656966,0.06342392,-0.00432443,-0.03876293
29308,0.66212229,-0.24302554,0.66825809,0.23657112,0.06342392,-0.00432443,-0.03876293
29315,0.66212768,-0.24302909,0.66825151,0.23657062,0.06342392,-0.00432443,-0.03876293
29321,0.66212897,-0.24302697,0.66824984,0.23657360,0.06342392,-0.00432443,-0.03876293
29330,0.66212444,-0.24302868,0.66825251,0.23657753,0.06342392,-0.00432443,-0.03876293
29336,0.66212515,-0.24302408,0.66825256,0.23657917,0.06342392,-0.00432443,-0.03876293
29343,0.66212363,-0.24302394,0.66825723,0.23657126,0.06342392,-0.00432443,-0.03876293
29352,0.66212658,-0.24302670,0.66825370,0.23656969,0.06342392,-0.00432443,-0.03876293
29359,0.66212759,-0.24302942,0.66825084,0.23657257,0.06342392,-0.00432443,-0.03876293
29367,0.66212759,-0.24303112,0.66824970,0.23657381,0.06342392,-0.00432443,-0.03876293
29374,0.66212754,-0.24303345,0.66824722,0.23657867,0.06342392,-0.00432443,-0.03876293
29380,0.66212692,-0.24303562,0.66824812,0.23657569,0.06342392,-0.00432443,-0.03876293
29387,0.66212992,-0.24303886,0.66824393,0.23657546,0.06342392,-0.00432443,-0.03876293
29396,0.66212792,-0.24303741,0.66824703,0.23657388,0.06342392,-0.00432443,-0.03876293
29403,0.66213340,-0.24303371,0.66824359,0.23657207,0.06342392,-0.00432443,-0.03876293
29409,0.66213159,-0.24303412,0.66824507,0.23657217,0.06342392,-0.00432443,-0.03876293
29415,0.66213026,-0.24303359,0.66824703,0.23657128,0.06342392,-0.00432443,-0.03876293
29425,0.66212244,-0.24303710,0.66825056,0.23657948,0.06342392,-0.00432443,-0.03876293
29431,0.66212682,-0.24303362,0.66824722,0.23658053,0.06342392,-0.00432443,-0.03876293
29440,0.66213302,-0.24303359,0.66824264,0.23657608,0.06342392,-0.00432443,-0.03876293
29447,0.66213436,-0.24302556,0.66824393,0.23657708,0.06342392,-0.00432443,-0.03876293
29453,0.66213507,-0.24302341,0.66824445,0.23657548,0.06342392,-0.00432443,-0.03876293
29462,0.66213226,-0.24302320,0.66824560,0.23658032,0.06342392,-0.00432443,-0.03876293
29468,0.66213364,-0.24302520,0.66824464,0.23657734,0.06342392,-0.00432443,-0.03876293
29475,0.66213359,-0.24302897,0.66824274,0.23657896,0.06342392,-0.00432443,-0.03876293
29484,0.66213445,-0.24303545,0.66823692,0.23658635,0.06342392,-0.00432443,-0.03876293
29496,0.66213445,-0.24303445,0.66823596,0.23659043,0.06342392,-0.00432443,-0.03876293
29502,0.66213464,-0.24303281,0.66823558,0.23659214,0.06342392,-0.00432443,-0.03876293
29508,0.66213536,-0.24302816,0.66823768,0.23658897,0.06342392,-0.00432443,-0.03876293
29515,0.66213612,-0.24302921,0.66823773,0.23658583,0.06342392,-0.00432443,-0.03876293
29524,0.66213922,-0.24302766,0.66823596,0.23658399,0.06342392,-0.00432443,-0.03876293
29531,0.66214036,-0.24303092,0.66823110,0.23659110,0.06342392,-0.00432443,-0.03876293
29538,0.66213998,-0.24302985,0.66823148,0.23659217,0.06342392,-0.00432443,-0.03876293
29544,0.66214127,-0.24303104,0.66822938,0.23659338,0.06342392,-0.00432443,-0.03876293
29550,0.66214380,-0.24302861,0.66822810,0.23659231,0.06342392,-0.00432443,-0.03876293
29559,0.66214418,-0.24302523,0.66822772,0.23659555,0.06342392,-0.00432443,-0.03876293
29570,0.66214962,-0.24302518,0.66822361,0.23659195,0.06342392,-0.00432443,-0.03876293
29577,0.66214900,-0.24302396,0.66822409,0.23659341,0.06342392,-0.00432443,-0.03876293
29584,0.66214866,-0.24303033,0.66822185,0.23659470,0.06342392,-0.00432443,-0.03876293
29593,0.66215043,-0.24302854,0.66822175,0.23659155,0.06342392,-0.00432443,-0.03876293
29599,0.66214857,-0.24303193,0.66822118,0.23659501,0.06342392,-0.00432443,-0.03876293
29605,0.66214966,-0.24303061,0.66822195,0.23659102,0.06342392,-0.00432443,-0.03876293
29612,0.66214971,-0.24302883,0.66822028,0.23659706,0.06342392,-0.00432443,-0.03876293
29621,0.66214380,-0.24303724,0.66822285,0.23659811,0.06342392,-0.00432443,-0.03876293
29628,0.66214542,-0.24303803,0.66821966,0.23660190,0.06342392,-0.00432443,-0.03876293
29636,0.66214251,-0.24304337,0.66821842,0.23660778,0.06342392,-0.00432443,-0.03876293
29643,0.66214609,-0.24304547,0.66821374,0.23660931,0.06342392,-0.00432443,-0.03876293
29649,0.66214590,-0.24305171,0.66821169,0.23660888,0.06342392,-0.00432443,-0.03876293
29659,0.66214294,-0.24304862,0.66821479,0.23661134,0.06342392,-0.00432443,-0.03876293
29665,0.66214570,-0.24304912,0.66821188,0.23661146,0.06342392,-0.00432443,-0.03876293
29672,0.66214838,-0.24304714,0.66821093,0.23660902,0.06342392,-0.00432443,-0.03876293
29678,0.66214818,-0.24303817,0.66821136,0.23661775,0.06342392,-0.00432443,-0.03876293
29687,0.66214804,-0.24303851,0.66821079,0.23661894,0.06342392,-0.00432443,-0.03876293
29694,0.66215114,-0.24303386,0.66820902,0.23661992,0.06342392,-0.00432443,-0.03876293
29703,0.66215171,-0.24303274,0.66820974,0.23661751,0.06342392,-0.00432443,-0.03876293
29712,0.66214971,-0.24303350,0.66821260,0.23661408,0.06342392,-0.00432443,-0.03876293
29718,0.66214942,-0.24303622,0.66821126,0.23661615,0.06342392,-0.00432443,-0.03876293
29728,0.66214566,-0.24303886,0.66821413,0.23661592,0.06342392,-0.00432443,-0.03876293
29734,0.66214408,-0.24303450,0.66821670,0.23661763,0.06342392,-0.00432443,-0.03876293
29741,0.66214046,-0.24303040,0.66821937,0.23662409,0.06342392,-0.00432443,-0.03876293
29750,0.66213817,-0.24302821,0.66822242,0.23662443,0.06342392,-0.00432443,-0.03876293
29759,0.66213707,-0.24302647,0.66822500,0.23662204,0.06342392,-0.00432443,-0.03876293
29765,0.66213512,-0.24302330,0.66822628,0.23662660,0.06342392,-0.00432443,-0.03876293
29774,0.66213374,-0.24302852,0.66822533,0.23662807,0.06342392,-0.00432443,-0.03876293
29783,0.66213598,-0.24303340,0.66822214,0.23662590,0.06342392,-0.00432443,-0.03876293
29790,0.66213459,-0.24303719,0.66822285,0.23662385,0.06342392,-0.00432443,-0.03876293
29797,0.66213970,-0.24303984,0.66821675,0.23662419,0.06342392,-0.00432443,-0.03876293
29803,0.66213788,-0.24304161,0.66822009,0.23661787,0.06342392,-0.00432443,-0.03876293
29810,0.66213603,-0.24304404,0.66821904,0.23662352,0.06342392,-0.00432443,-0.03876293
29816,0.66213378,-0.24304978,0.66821866,0.23662462,0.06342392,-0.00432443,-0.03876293
29825,0.66213154,-0.24305765,0.66821775,0.23662559,0.06342392,-0.00432443,-0.03876293
29831,0.66213302,-0.24305450,0.66821818,0.23662366,0.06342392,-0.00432443,-0.03876293
29841,0.66213417,-0.24305067,0.66821808,0.23662450,0.06342392,-0.00432443,-0.03876293
29847,0.66213297,-0.24305484,0.66821918,0.23662054,0.06342392,-0.00432443,-0.03876293
29856,0.66212778,-0.24305305,0.66822533,0.23661925,0.06342392,-0.00432443,-0.03876293
29862,0.66212391,-0.24305617,0.66822862,0.23661811,0.06342392,-0.00432443,-0.03876293
29869,0.66212363,-0.24305145,0.66823124,0.23661608,0.06342392,-0.00432443,-0.03876293
29875,0.66212024,-0.24305167,0.66823296,0.23662059,0.06342392,-0.00432443,-0.03876293
29885,0.66211934,-0.24305167,0.66823329,0.23662230,0.06342392,-0.00432443,-0.03876293
29891,0.66212062,-0.24305050,0.66823329,0.23661980,0.06342392,-0.00432443,-0.03876293
29898,0.66212124,-0.24305284,0.66823120,0.23662173,0.06342392,-0.00432443,-0.03876293
29904,0.66212635,-0.24304955,0.66822566,0.23662610,0.06342392,-0.00432443,-0.03876293
29910,0.66212706,-0.24304616,0.66822619,0.23662643,0.06342392,-0.00432443,-0.03876293
29920,0.66212658,-0.24305214,0.66822319,0.23662989,0.06342392,-0.00432443,-0.03876293
29927,0.66212396,-0.24305047,0.66822552,0.23663225,0.06342392,-0.00432443,-0.03876293
29933,0.66212358,-0.24305429,0.66822338,0.23663563,0.06342392,-0.00432443,-0.03876293
29940,0.66212158,-0.24305496,0.66822490,0.23663623,0.06342392,-0.00432443,-0.03876293
29949,0.66212077,-0.24305126,0.66822791,0.23663382,0.06342392,-0.00432443,-0.03876293
29955,0.66211881,-0.24305369,0.66822981,0.23663117,0.06342392,-0.00432443,-0.03876293
29961,0.66211891,-0.24305276,0.66823153,0.23662703,0.06342392,-0.00432443,-0.03876293
29971,0.66211552,-0.24305851,0.66822981,0.23663578,0.06342392,-0.00432443,-0.03876293
29980,0.66211862,-0.24305520,0.66822724,0.23663754,0.06342392,-0.00432443,-0.03876293
29988,0.66212358,-0.24305341,0.66822390,0.23663525,0.06342392,-0.00432443,-0.03876293
29997,0.66211881,-0.24305632,0.66823062,0.23662619,0.06342392,-0.00432443,-0.03876293
30003,0.66211566,-0.24305336,0.66823363,0.23662953,0.06342392,-0.00432443,-0.03876293
30013,0.66211409,-0.24306151,0.66823282,0.23662819,0.06342392,-0.00432443,-0.03876293
30022,0.66211729,-0.24305920,0.66822919,0.23663177,0.06342392,-0.00432443,-0.03876293
30028,0.66211786,-0.24305686,0.66822729,0.23663792,0.06342392,-0.00432443,-0.03876293
30034,0.66212263,-0.24305508,0.66822443,0.23663427,0.06342392,-0.00432443,-0.03876293
30041,0.66211595,-0.24305722,0.66822934,0.23663713,0.06342392,-0.00432443,-0.03876293
30050,0.66211004,-0.24305810,0.66823267,0.23664352,0.06342392,-0.00432443,-0.03876293
30057,0.66211032,-0.24305973,0.66823267,0.23664083,0.06342392,-0.00432443,-0.03876293
30066,0.66211104,-0.24306013,0.66823191,0.23664035,0.06342392,-0.00432443,-0.03876293
30072,0.66211137,-0.24306099,0.66823215,0.23663816,0.06342392,-0.00432443,-0.03876293
30079,0.66211090,-0.24305429,0.66823477,0.23663911,0.06342392,-0.00432443,-0.03876293
30087,0.66210937,-0.24305477,0.66823525,0.23664097,0.06342392,-0.00432443,-0.03876293
30094,0.66211109,-0.24305834,0.66823077,0.23664550,0.06342392,-0.00432443,-0.03876293
30109,0.66210989,-0.24307310,0.66822843,0.23664057,0.06342392,-0.00432443,-0.03876293
30115,0.66210627,-0.24307513,0.66822986,0.23664422,0.06342392,-0.00432443,-0.03876293
30124,0.66210980,-0.24307646,0.66822810,0.23663825,0.06342392,-0.00432443,-0.03876293
30131,0.66210994,-0.24307546,0.66822900,0.23663644,0.06342392,-0.00432443,-0.03876293
30137,0.66210994,-0.24307675,0.66822938,0.23663334,0.06342392,-0.00432443,-0.03876293
30146,0.66210579,-0.24307408,0.66823391,0.23663527,0.06342392,-0.00432443,-0.03876293
30154,0.66210560,-0.24307365,0.66823539,0.23663220,0.06342392,-0.00432443,-0.03876293
30161,0.66210861,-0.24307374,0.66823186,0.23663372,0.06342392,-0.00432443,-0.03876293
30167,0.66211204,-0.24307138,0.66823053,0.23663001,0.06342392,-0.00432443,-0.03876293
30173,0.66211071,-0.24307770,0.66823048,0.23662772,0.06342392,-0.00432443,-0.03876293
30182,0.66211233,-0.24307839,0.66822905,0.23662629,0.06342392,-0.00432443,-0.03876293
30191,0.66211509,-0.24306957,0.66822919,0.23662738,0.06342392,-0.00432443,-0.03876293
30199,0.66211690,-0.24306707,0.66822805,0.23662788,0.06342392,-0.00432443,-0.03876293
30205,0.66211709,-0.24306569,0.66822843,0.23662734,0.06342392,-0.00432443,-0.03876293
30214,0.66212267,-0.24306521,0.66822533,0.23662130,0.06342392,-0.00432443,-0.03876293
30221,0.66212124,-0.24306340,0.66822662,0.23662354,0.06342392,-0.00432443,-0.03876293
30227,0.66212267,-0.24306344,0.66822576,0.23662190,0.06342392,-0.00432443,-0.03876293
30234,0.66212725,-0.24306523,0.66822214,0.23661737,0.06342392,-0.00432443,-0.03876293
30243,0.66212759,-0.24306540,0.66822094,0.23661983,0.06342392,-0.00432443,-0.03876293
30250,0.66213059,-0.24307069,0.66821718,0.23661675,0.06342392,-0.00432443,-0.03876293
30259,0.66212987,-0.24307198,0.66821532,0.23662261,0.06342392,-0.00432443,-0.03876293
30265,0.66212916,-0.24307286,0.66821427,0.23662664,0.06342392,-0.00432443,-0.03876293
30272,0.66212816,-0.24306867,0.66821718,0.23662528,0.06342392,-0.00432443,-0.03876293
30278,0.66213026,-0.24306559,0.66821603,0.23662643,0.06342392,-0.00432443,-0.03876293
30288,0.66213216,-0.24306697,0.66821641,0.23661866,0.06342392,-0.00432443,-0.03876293
30294,0.66213293,-0.24306945,0.66821565,0.23661580,0.06342392,-0.00432443,-0.03876293
30301,0.66213197,-0.24306654,0.66821713,0.23661744,0.06342392,-0.00432443,-0.03876293
30307,0.66213254,-0.24306914,0.66821689,0.23661332,0.06342392,-0.00432443,-0.03876293
30316,0.66212873,-0.24306881,0.66822156,0.23661131,0.06342392,-0.00432443,-0.03876293
30322,0.66212730,-0.24306993,0.66822319,0.23660984,0.06342392,-0.00432443,-0.03876293
30332,0.66212797,-0.24307041,0.66822462,0.23660321,0.06342392,-0.00432443,-0.03876293
30338,0.66212835,-0.24307107,0.66822443,0.23660228,0.06342392,-0.00432443,-0.03876293
30344,0.66212935,-0.24307463,0.66822204,0.23660237,0.06342392,-0.00432443,-0.03876293
30353,0.66212911,-0.24307386,0.66822223,0.23660328,0.06342392,-0.00432443,-0.03876293
30362,0.66213474,-0.24307277,0.66821813,0.23660008,0.06342392,-0.00432443,-0.03876293
30368,0.66213521,-0.24307265,0.66821756,0.23660068,0.06342392,-0.00432443,-0.03876293
30378,0.66213560,-0.24306406,0.66821794,0.23660709,0.06342392,-0.00432443,-0.03876293
30388,0.66213302,-0.24306166,0.66822204,0.23660526,0.06342392,-0.00432443,-0.03876293
30395,0.66213369,-0.24306106,0.66822242,0.23660328,0.06342392,-0.00432443,-0.03876293
30401,0.66212997,-0.24306259,0.66822648,0.23660051,0.06342392,-0.00432443,-0.03876293
30408,0.66212372,-0.24306433,0.66823430,0.23659396,0.06342392,-0.00432443,-0.03876293
30417,0.66211819,-0.24305918,0.66824340,0.23658912,0.06342392,-0.00432443,-0.03876293
30424,0.66211438,-0.24305772,0.66824822,0.23658738,0.06342392,-0.00432443,-0.03876293
30432,0.66211819,-0.24306039,0.66824398,0.23658583,0.06342392,-0.00432443,-0.03876293
30439,0.66212291,-0.24305663,0.66824269,0.23658051,0.06342392,-0.00432443,-0.03876293
30445,0.66212315,-0.24306168,0.66824064,0.23658099,0.06342392,-0.00432443,-0.03876293
30454,0.66212587,-0.24306242,0.66823649,0.23658404,0.06342392,-0.00432443,-0.03876293
30462,0.66212663,-0.24306807,0.66823296,0.23658576,0.06342392,-0.00432443,-0.03876293
30468,0.66212229,-0.24307296,0.66823534,0.23658614,0.06342392,-0.00432443,-0.03876293
30474,0.66212224,-0.24307632,0.66823768,0.23657660,0.06342392,-0.00432443,-0.03876293
30483,0.66212406,-0.24307107,0.66823792,0.23657624,0.06342392,-0.00432443,-0.03876293
30489,0.66212673,-0.24306962,0.66823582,0.23657605,0.06342392,-0.00432443,-0.03876293
30496,0.66212844,-0.24306652,0.66823525,0.23657588,0.06342392,-0.00432443,-0.03876293
30506,0.66212959,-0.24306890,0.66823244,0.23657832,0.06342392,-0.00432443,-0.03876293
30512,0.66212978,-0.24306657,0.66823320,0.23657801,0.06342392,-0.00432443,-0.03876293
30521,0.66212506,-0.24306919,0.66823854,0.23657348,0.06342392,-0.00432443,-0.03876293
30527,0.66212234,-0.24307088,0.66823935,0.23657724,0.06342392,-0.00432443,-0.03876293
30534,0.66212377,-0.24306731,0.66823859,0.23657867,0.06342392,-0.00432443,-0.03876293
30540,0.66212229,-0.24306554,0.66823968,0.23658163,0.06342392,-0.00432443,-0.03876293
30550,0.66212034,-0.24307041,0.66823983,0.23658175,0.06342392,-0.00432443,-0.03876293
30556,0.66211881,-0.24306492,0.66824412,0.23657989,0.06342392,-0.00432443,-0.03876293
30562,0.66211719,-0.24306340,0.66824650,0.23657848,0.06342392,-0.00432443,-0.03876293
30571,0.66211724,-0.24306526,0.66824488,0.23658134,0.06342392,-0.00432443,-0.03876293
30578,0.66211533,-0.24305889,0.66824817,0.23658378,0.06342392,-0.00432443,-0.03876293
30584,0.66211547,-0.24306132,0.66824827,0.23658089,0.06342392,-0.00432443,-0.03876293
30596,0.66211662,-0.24306716,0.66824269,0.23658750,0.06342392,-0.00432443,-0.03876293
30602,0.66211342,-0.24307429,0.66824216,0.23659036,0.06342392,-0.00432443,-0.03876293
30608,0.66211318,-0.24307262,0.66824202,0.23659327,0.06342392,-0.00432443,-0.03876293
30617,0.66211576,-0.24307682,0.66824173,0.23658263,0.06342392,-0.00432443,-0.03876293
30623,0.66211614,-0.24308052,0.66824054,0.23658089,0.06342392,-0.00432443,-0.03876293
30630,0.66211738,-0.24307994,0.66824011,0.23657946,0.06342392,-0.00432443,-0.03876293
30639,0.66211729,-0.24307572,0.66824283,0.23657617,0.06342392,-0.00432443,-0.03876293
30649,0.66211624,-0.24308049,0.66824197,0.23657691,0.06342392,-0.00432443,-0.03876293
30655,0.66211528,-0.24308786,0.66823997,0.23657751,0.06342392,-0.00432443,-0.03876293
30662,0.66210751,-0.24309539,0.66824445,0.23657875,0.06342392,-0.00432443,-0.03876293
30668,0.66210360,-0.24309434,0.66824789,0.23658103,0.06342392,-0.00432443,-0.03876293
30674,0.66210393,-0.24309554,0.66824870,0.23657646,0.06342392,-0.00432443,-0.03876293
30685,0.66210322,-0.24308676,0.66825222,0.23657782,0.06342392,-0.00432443,-0.03876293
30692,0.66210441,-0.24308958,0.66824765,0.23658392,0.06342392,-0.00432443,-0.03876293
30698,0.66210560,-0.24308960,0.66824798,0.23658039,0.06342392,-0.00432443,-0.03876293
30704,0.66210184,-0.24309132,0.66825122,0.23658015,0.06342392,-0.00432443,-0.03876293
30713,0.66210060,-0.24308910,0.66825180,0.23658363,0.06342392,-0.00432443,-0.03876293
30720,0.66209745,-0.24308710,0.66825480,0.23658633,0.06342392,-0.00432443,-0.03876293
30727,0.66209692,-0.24309012,0.66825561,0.23658223,0.06342392,-0.00432443,-0.03876293
30734,0.66209945,-0.24308898,0.66825509,0.23657770,0.06342392,-0.00432443,-0.03876293
30743,0.66209273,-0.24309675,0.66825728,0.23658242,0.06342392,-0.00432443,-0.03876293
30749,0.66209797,-0.24309599,0.66825270,0.23658151,0.06342392,-0.00432443,-0.03876293
30755,0.66210169,-0.24309694,0.66824817,0.23658287,0.06342392,-0.00432443,-0.03876293
30762,0.66210246,-0.24309616,0.66824798,0.23658211,0.06342392,-0.00432443,-0.03876293
30771,0.66210265,-0.24309685,0.66824645,0.23658545,0.06342392,-0.00432443,-0.03876293
30782,0.66210703,-0.24309835,0.66824092,0.23658683,0.06342392,-0.00432443,-0.03876293
30791,0.66210465,-0.24309883,0.66824150,0.23659145,0.06342392,-0.00432443,-0.03876293
30800,0.66210546,-0.24310026,0.66824016,0.23659191,0.06342392,-0.00432443,-0.03876293
30806,0.66210708,-0.24309639,0.66823725,0.23659906,0.06342392,-0.00432443,-0.03876293
30816,0.66211109,-0.24309840,0.66823439,0.23659417,0.06342392,-0.00432443,-0.03876293
30822,0.66211199,-0.24309701,0.66823225,0.23659951,0.06342392,-0.00432443,-0.03876293
30829,0.66211490,-0.24309370,0.66823129,0.23659701,0.06342392,-0.00432443,-0.03876293
30835,0.66211037,-0.24309961,0.66823391,0.23659601,0.06342392,-0.00432443,-0.03876293
30844,0.66211013,-0.24309918,0.66823463,0.23659496,0.06342392,-0.00432443,-0.03876293
30850,0.66210870,-0.24309966,0.66823606,0.23659482,0.06342392,-0.00432443,-0.03876293
30860,0.66210913,-0.24310140,0.66823253,0.23660149,0.06342392,-0.00432443,-0.03876293
30866,0.66210660,-0.24310164,0.66823220,0.23660955,0.06342392,-0.00432443,-0.03876293
30873,0.66210865,-0.24310150,0.66822905,0.23661270,0.06342392,-0.00432443,-0.03876293
30882,0.66210956,-0.24309561,0.66823053,0.23661205,0.06342392,-0.00432443,-0.03876293
30888,0.66211061,-0.24309451,0.66822938,0.23661377,0.06342392,-0.00432443,-0.03876293
30894,0.66211419,-0.24309346,0.66822724,0.23661077,0.06342392,-0.00432443,-0.03876293
30904,0.66211366,-0.24309144,0.66822981,0.23660678,0.06342392,-0.00432443,-0.03876293
30912,0.66211071,-0.24309480,0.66823253,0.23660411,0.06342392,-0.00432443,-0.03876293
30919,0.66210784,-0.24310026,0.66823539,0.23659865,0.06342392,-0.00432443,-0.03876293
30925,0.66210942,-0.24310309,0.66823234,0.23659975,0.06342392,-0.00432443,-0.03876293
30934,0.66211504,-0.24310691,0.66822652,0.23659656,0.06342392,-0.00432443,-0.03876293
30940,0.66211576,-0.24310865,0.66822605,0.23659446,0.06342392,-0.00432443,-0.03876293
30950,0.66211609,-0.24310214,0.66822872,0.23659203,0.06342392,-0.00432443,-0.03876293
30957,0.66211500,-0.24310824,0.66822738,0.23659291,0.06342392,-0.00432443,-0.03876293
30963,0.66211919,-0.24311017,0.66822357,0.23659005,0.06342392,-0.00432443,-0.03876293
30969,0.66211915,-0.24311051,0.66822309,0.23659086,0.06342392,-0.00432443,-0.03876293
30978,0.66211767,-0.24310193,0.66822810,0.23659019,0.06342392,-0.00432443,-0.03876293
30985,0.66211357,-0.24310786,0.66822843,0.23659429,0.06342392,-0.00432443,-0.03876293
30994,0.66211481,-0.24310972,0.66822786,0.23659081,0.06342392,-0.00432443,-0.03876293
31005,0.66211223,-0.24311537,0.66822628,0.23659610,0.06342392,-0.00432443,-0.03876293
31012,0.66211414,-0.24310784,0.66822772,0.23659472,0.06342392,-0.00432443,-0.03876293
31018,0.66211433,-0.24310271,0.66822957,0.23659453,0.06342392,-0.00432443,-0.03876293
31024,0.66211466,-0.24310314,0.66822810,0.23659720,0.06342392,-0.00432443,-0.03876293
31031,0.66211323,-0.24309909,0.66823172,0.23659510,0.06342392,-0.00432443,-0.03876293
31040,0.66211013,-0.24309973,0.66823415,0.23659596,0.06342392,-0.00432443,-0.03876293
31049,0.66210908,-0.24309797,0.66823153,0.23660864,0.06342392,-0.00432443,-0.03876293
31055,0.66210680,-0.24310190,0.66823186,0.23660962,0.06342392,-0.00432443,-0.03876293
31061,0.66210594,-0.24309780,0.66823492,0.23660764,0.06342392,-0.00432443,-0.03876293
31068,0.66210594,-0.24309947,0.66823368,0.23660955,0.06342392,-0.00432443,-0.03876293
31077,0.66210722,-0.24310157,0.66823072,0.23661196,0.06342392,-0.00432443,-0.03876293
31084,0.66210565,-0.24310126,0.66823477,0.23660531,0.06342392,-0.00432443,-0.03876293
31091,0.66210975,-0.24309978,0.66823139,0.23660533,0.06342392,-0.00432443,-0.03876293
31097,0.66210765,-0.24309968,0.66823320,0.23660583,0.06342392,-0.00432443,-0.03876293
31109,0.66210794,-0.24309899,0.66823158,0.23660991,0.06342392,-0.00432443,-0.03876293
31116,0.66210908,-0.24309933,0.66823291,0.23660311,0.06342392,-0.00432443,-0.03876293
31122,0.66210842,-0.24309844,0.66823482,0.23660049,0.06342392,-0.00432443,-0.03876293
31132,0.66210322,-0.24310708,0.66823902,0.23659443,0.06342392,-0.00432443,-0.03876293
31138,0.66210689,-0.24310860,0.66823410,0.23659641,0.06342392,-0.00432443,-0.03876293
31147,0.66210737,-0.24311063,0.66823315,0.23659574,0.06342392,-0.00432443,-0.03876293
31156,0.66211600,-0.24310569,0.66822681,0.23659400,0.06342392,-0.00432443,-0.03876293
31162,0.66211557,-0.24309854,0.66822915,0.23659644,0.06342392,-0.00432443,-0.03876293
31168,0.66211533,-0.24309935,0.66822953,0.23659543,0.06342392,-0.00432443,-0.03876293
31178,0.66211395,-0.24309434,0.66823287,0.23659477,0.06342392,-0.00432443,-0.03876293
31185,0.66211376,-0.24309942,0.66823043,0.23659667,0.06342392,-0.00432443,-0.03876293
31192,0.66211433,-0.24309716,0.66823010,0.23659820,0.06342392,-0.00432443,-0.03876293
31198,0.66211533,-0.24309840,0.66822934,0.23659658,0.06342392,-0.00432443,-0.03876293
31206,0.66211280,-0.24310090,0.66823296,0.23659081,0.06342392,-0.00432443,-0.03876293
31216,0.66211371,-0.24310407,0.66823120,0.23658964,0.06342392,-0.00432443,-0.03876293
31225,0.66211757,-0.24310250,0.66822795,0.23658969,0.06342392,-0.00432443,-0.03876293
31231,0.66211557,-0.24310059,0.66822981,0.23659210,0.06342392,-0.00432443,-0.03876293
31238,0.66211581,-0.24310348,0.66822810,0.23659350,0.06342392,-0.00432443,-0.03876293
31247,0.66210803,-0.24311480,0.66823196,0.23659265,0.06342392,-0.00432443,-0.03876293
31253,0.66211042,-0.24311735,0.66823153,0.23658444,0.06342392,-0.00432443,-0.03876293
31262,0.66210908,-0.24311628,0.66823287,0.23658592,0.06342392,-0.00432443,-0.03876293
31269,0.66211223,-0.24311068,0.66823244,0.23658428,0.06342392,-0.00432443,-0.03876293
31277,0.66211743,-0.24310805,0.66822724,0.23658676,0.06342392,-0.00432443,-0.03876293
31284,0.66211886,-0.24310798,0.66822748,0.23658227,0.06342392,-0.00432443,-0.03876293
31290,0.66211566,-0.24310653,0.66823048,0.23658385,0.06342392,-0.00432443,-0.03876293
31299,0.66212172,-0.24309697,0.66822772,0.23658485,0.06342392,-0.00432443,-0.03876293
31307,0.66212234,-0.24310126,0.66822595,0.23658359,0.06342392,-0.00432443,-0.03876293
31314,0.66212649,-0.24310164,0.66822204,0.23658268,0.06342392,-0.00432443,-0.03876293
31320,0.66212778,-0.24310591,0.66821918,0.23658280,0.06342392,-0.00432443,-0.03876293
31327,0.66212987,-0.24310488,0.66821870,0.23657956,0.06342392,-0.00432443,-0.03876293
31333,0.66212930,-0.24310379,0.66822080,0.23657598,0.06342392,-0.00432443,-0.03876293
31342,0.66212491,-0.24310247,0.66822390,0.23658087,0.06342392,-0.00432443,-0.03876293
31349,0.66212463,-0.24310126,0.66822428,0.23658218,0.06342392,-0.00432443,-0.03876293
31356,0.66212553,-0.24310474,0.66822519,0.23657362,0.06342392,-0.00432443,-0.03876293
31364,0.66212329,-0.24310233,0.66822547,0.23658158,0.06342392,-0.00432443,-0.03876293
31371,0.66212391,-0.24309446,0.66822772,0.23658132,0.06342392,-0.00432443,-0.03876293
31380,0.66211738,-0.24310054,0.66823062,0.23658487,0.06342392,-0.00432443,-0.03876293
31386,0.66211757,-0.24310264,0.66823024,0.23658328,0.06342392,-0.00432443,-0.03876293
31396,0.66212291,-0.24309873,0.66822857,0.23657708,0.06342392,-0.00432443,-0.03876293
31402,0.66212596,-0.24309670,0.66822757,0.23657343,0.06342392,-0.00432443,-0.03876293
31413,0.66213178,-0.24309728,0.66822319,0.23656892,0.06342392,-0.00432443,-0.03876293
31419,0.66212949,-0.24309608,0.66822433,0.23657350,0.06342392,-0.00432443,-0.03876293
31425,0.66212978,-0.24310047,0.66822299,0.23657183,0.06342392,-0.00432443,-0.03876293
31432,0.66212863,-0.24310860,0.66821908,0.23657784,0.06342392,-0.00432443,-0.03876293
31442,0.66213550,-0.24311056,0.66821436,0.23657002,0.06342392,-0.00432443,-0.03876293
31448,0.66213512,-0.24311072,0.66821565,0.23656740,0.06342392,-0.00432443,-0.03876293
31455,0.66213111,-0.24310894,0.66822147,0.23656375,0.06342392,-0.00432443,-0.03876293
31461,0.66213397,-0.24310586,0.66821994,0.23656291,0.06342392,-0.00432443,-0.03876293
31468,0.66213583,-0.24311282,0.66821641,0.23656103,0.06342392,-0.00432443,-0.03876293
31476,0.66214160,-0.24311125,0.66821222,0.23655805,0.06342392,-0.00432443,-0.03876293
31484,0.66214199,-0.24310889,0.66821055,0.23656411,0.06342392,-0.00432443,-0.03876293
31490,0.66213989,-0.24310967,0.66821279,0.23656275,0.06342392,-0.00432443,-0.03876293
31497,0.66213965,-0.24310808,0.66821489,0.23655943,0.06342392,-0.00432443,-0.03876293
31506,0.66213455,-0.24311053,0.66822061,0.23655493,0.06342392,-0.00432443,-0.03876293
31512,0.66213231,-0.24310789,0.66822338,0.23655602,0.06342392,-0.00432443,-0.03876293
31519,0.66213278,-0.24310386,0.66822299,0.23655986,0.06342392,-0.00432443,-0.03876293
31528,0.66213388,-0.24310870,0.66821937,0.23656234,0.06342392,-0.00432443,-0.03876293
31537,0.66213188,-0.24310386,0.66822247,0.23656358,0.06342392,-0.00432443,-0.03876293
31543,0.66213316,-0.24310162,0.66822214,0.23656380,0.06342392,-0.00432443,-0.03876293
31550,0.66213493,-0.24310185,0.66821961,0.23656554,0.06342392,-0.00432443,-0.03876293
31556,0.66213712,-0.24310312,0.66821708,0.23656518,0.06342392,-0.00432443,-0.03876293
31565,0.66213560,-0.24310145,0.66821913,0.23656518,0.06342392,-0.00432443,-0.03876293
31574,0.66212997,-0.24310119,0.66822361,0.23656885,0.06342392,-0.00432443,-0.03876293
31583,0.66212730,-0.24309973,0.66822824,0.23656477,0.06342392,-0.00432443,-0.03876293
31589,0.66212406,-0.24310519,0.66822977,0.23656411,0.06342392,-0.00432443,-0.03876293
31596,0.66212587,-0.24310529,0.66822695,0.23656656,0.06342392,-0.00432443,-0.03876293
31604,0.66213078,-0.24309804,0.66822619,0.23656260,0.06342392,-0.00432443,-0.03876293
31614,0.66213302,-0.24309551,0.66822409,0.23656442,0.06342392,-0.00432443,-0.03876293
31620,0.66213493,-0.24308969,0.66822500,0.23656268,0.06342392,-0.00432443,-0.03876293
31627,0.66213512,-0.24308972,0.66822314,0.23656775,0.06342392,-0.00432443,-0.03876293
31633,0.66213078,-0.24308993,0.66822628,0.23657064,0.06342392,-0.00432443,-0.03876293
31642,0.66212739,-0.24309301,0.66822957,0.23656752,0.06342392,-0.00432443,-0.03876293
31651,0.66212515,-0.24308981,0.66823492,0.23656198,0.06342392,-0.00432443,-0.03876293
31658,0.66212587,-0.24308710,0.66823606,0.23655960,0.06342392,-0.00432443,-0.03876293
31665,0.66212134,-0.24309492,0.66823763,0.23655982,0.06342392,-0.00432443,-0.03876293
31674,0.66211657,-0.24309678,0.66824154,0.23656022,0.06342392,-0.00432443,-0.03876293
31680,0.66211910,-0.24309427,0.66823887,0.23656330,0.06342392,-0.00432443,-0.03876293
31687,0.66212167,-0.24309847,0.66823673,0.23655772,0.06342392,-0.00432443,-0.03876293
31693,0.66212153,-0.24309945,0.66823749,0.23655502,0.06342392,-0.00432443,-0.03876293
31703,0.66212091,-0.24310884,0.66823692,0.23654885,0.06342392,-0.00432443,-0.03876293
31709,0.66211895,-0.24311132,0.66823740,0.23655035,0.06342392,-0.00432443,-0.03876293
31716,0.66211605,-0.24311382,0.66823983,0.23654892,0.06342392,-0.00432443,-0.03876293
31725,0.66211175,-0.24312000,0.66824197,0.23654870,0.06342392,-0.00432443,-0.03876293
31731,0.66211361,-0.24311661,0.66824407,0.23654136,0.06342392,-0.00432443,-0.03876293
31740,0.66210947,-0.24311761,0.66824526,0.23654828,0.06342392,-0.00432443,-0.03876293
31747,0.66211171,-0.24311931,0.66824197,0.23654956,0.06342392,-0.00432443,-0.03876293
31754,0.66211314,-0.24312057,0.66824049,0.23654842,0.06342392,-0.00432443,-0.03876293
31760,0.66211409,-0.24312279,0.66823825,0.23655004,0.06342392,-0.00432443,-0.03876293
31769,0.66211318,-0.24312529,0.66824197,0.23653919,0.06342392,-0.00432443,-0.03876293
31775,0.66211547,-0.24312510,0.66823959,0.23653998,0.06342392,-0.00432443,-0.03876293
31781,0.66211318,-0.24312212,0.66824083,0.23654565,0.06342392,-0.00432443,-0.03876293
31794,0.66210832,-0.24312310,0.66824054,0.23655924,0.06342392,-0.00432443,-0.03876293
31801,0.66211199,-0.24311795,0.66823887,0.23655886,0.06342392,-0.00432443,-0.03876293
31807,0.66211290,-0.24311139,0.66824078,0.23655767,0.06342392,-0.00432443,-0.03876293
31816,0.66211342,-0.24311103,0.66824140,0.23655529,0.06342392,-0.00432443,-0.03876293
31822,0.66211485,-0.24311239,0.66824154,0.23654928,0.06342392,-0.00432443,-0.03876293
31828,0.66211104,-0.24310986,0.66824460,0.23655400,0.06342392,-0.00432443,-0.03876293
31839,0.66210460,-0.24311170,0.66824903,0.23655760,0.06342392,-0.00432443,-0.03876293
31845,0.66210184,-0.24311432,0.66825079,0.23655707,0.06342392,-0.00432443,-0.03876293
31852,0.66210103,-0.24311861,0.66824941,0.23655905,0.06342392,-0.00432443,-0.03876293
31858,0.66210021,-0.24311902,0.66824998,0.23655979,0.06342392,-0.00432443,-0.03876293
31867,0.66209125,-0.24312121,0.66825799,0.23655920,0.06342392,-0.00432443,-0.03876293
31873,0.66209125,-0.24311971,0.66825857,0.23655927,0.06342392,-0.00432443,-0.03876293
31883,0.66208462,-0.24312252,0.66826558,0.23655552,0.06342392,-0.00432443,-0.03876293
31889,0.66208271,-0.24313008,0.66826624,0.23655114,0.06342392,-0.00432443,-0.03876293
31896,0.66208558,-0.24312510,0.66826620,0.23654882,0.06342392,-0.00432443,-0.03876293
31904,0.66208553,-0.24312303,0.66826720,0.23654761,0.06342392,-0.00432443,-0.03876293
31911,0.66208505,-0.24312071,0.66826767,0.23655002,0.06342392,-0.00432443,-0.03876293
31917,0.66208448,-0.24311890,0.66826968,0.23654761,0.06342392,-0.00432443,-0.03876293
31926,0.66208672,-0.24312272,0.66826701,0.23654513,0.06342392,-0.00432443,-0.03876293
31936,0.66208434,-0.24312753,0.66826767,0.23654525,0.06342392,-0.00432443,-0.03876293
31942,0.66208419,-0.24312644,0.66826782,0.23654589,0.06342392,-0.00432443,-0.03876293
31948,0.66208324,-0.24312577,0.66826510,0.23655753,0.06342392,-0.00432443,-0.03876293
31955,0.66208720,-0.24312777,0.66826033,0.23655726,0.06342392,-0.00432443,-0.03876293
31965,0.66209502,-0.24312901,0.66825551,0.23654816,0.06342392,-0.00432443,-0.03876293
31971,0.66209416,-0.24312837,0.66825537,0.23655154,0.06342392,-0.00432443,-0.03876293
31977,0.66209168,-0.24313151,0.66825585,0.23655390,0.06342392,-0.00432443,-0.03876293
31984,0.66209545,-0.24313285,0.66825366,0.23654830,0.06342392,-0.00432443,-0.03876293
31990,0.66209974,-0.24312851,0.66825037,0.23655009,0.06342392,-0.00432443,-0.03876293
31999,0.66209754,-0.24313127,0.66825122,0.23655099,0.06342392,-0.00432443,-0.03876293
32007,0.66209864,-0.24313478,0.66825160,0.23654284,0.06342392,-0.00432443,-0.03876293
32013,0.66209917,-0.24313187,0.66825141,0.23654532,0.06342392,-0.00432443,-0.03876293
32021,0.66210131,-0.24313130,0.66824779,0.23654971,0.06342392,-0.00432443,-0.03876293
32030,0.66209883,-0.24312396,0.66824932,0.23656008,0.06342392,-0.00432443,-0.03876293
32037,0.66210050,-0.24312944,0.66824631,0.23655886,0.06342392,-0.00432443,-0.03876293
32043,0.66210265,-0.24312763,0.66824617,0.23655490,0.06342392,-0.00432443,-0.03876293
32052,0.66209883,-0.24312696,0.66825108,0.23655233,0.06342392,-0.00432443,-0.03876293
32061,0.66209707,-0.24313216,0.66825046,0.23655359,0.06342392,-0.00432443,-0.03876293
32067,0.66209740,-0.24313125,0.66825160,0.23655014,0.06342392,-0.00432443,-0.03876293
32074,0.66209597,-0.24313421,0.66825189,0.23655025,0.06342392,-0.00432443,-0.03876293
32083,0.66210222,-0.24312832,0.66824798,0.23654942,0.06342392,-0.00432443,-0.03876293
32089,0.66210269,-0.24312920,0.66824622,0.23655245,0.06342392,-0.00432443,-0.03876293
32099,0.66210422,-0.24313321,0.66824235,0.23655488,0.06342392,-0.00432443,-0.03876293
32112,0.66210613,-0.24313316,0.66823954,0.23655815,0.06342392,-0.00432443,-0.03876293
32118,0.66210384,-0.24313354,0.66824250,0.23655548,0.06342392,-0.00432443,-0.03876293
32124,0.66210675,-0.24313023,0.66824226,0.23655145,0.06342392,-0.00432443,-0.03876293
32133,0.66210260,-0.24313218,0.66824426,0.23655555,0.06342392,-0.00432443,-0.03876293
32140,0.66210479,-0.24313883,0.66824016,0.23655409,0.06342392,-0.00432443,-0.03876293
32149,0.66210756,-0.24313652,0.66823959,0.23655047,0.06342392,-0.00432443,-0.03876293
32158,0.66210646,-0.24313764,0.66824131,0.23654751,0.06342392,-0.00432443,-0.03876293
32164,0.66210813,-0.24313905,0.66823811,0.23655004,0.06342392,-0.00432443,-0.03876293
32173,0.66211175,-0.24313778,0.66823840,0.23654010,0.06342392,-0.00432443,-0.03876293
32179,0.66211194,-0.24313373,0.66823997,0.23653976,0.06342392,-0.00432443,-0.03876293
32186,0.66211104,-0.24313597,0.66824049,0.23653881,0.06342392,-0.00432443,-0.03876293
32195,0.66211175,-0.24313018,0.66823911,0.23654592,0.06342392,-0.00432443,-0.03876293
32204,0.66211757,-0.24313256,0.66823530,0.23653798,0.06342392,-0.00432443,-0.03876293
32211,0.66211948,-0.24313325,0.66823344,0.23653717,0.06342392,-0.00432443,-0.03876293
32217,0.66212682,-0.24313335,0.66822857,0.23653070,0.06342392,-0.00432443,-0.03876293
32225,0.66212987,-0.24313046,0.66822476,0.23653576,0.06342392,-0.00432443,-0.03876293
32235,0.66212682,-0.24312660,0.66822791,0.23653945,0.06342392,-0.00432443,-0.03876293
32242,0.66212673,-0.24312138,0.66823062,0.23653736,0.06342392,-0.00432443,-0.03876293
32248,0.66212882,-0.24312055,0.66822957,0.23653542,0.06342392,-0.00432443,-0.03876293
32255,0.66212749,-0.24311892,0.66823172,0.23653442,0.06342392,-0.00432443,-0.03876293
32261,0.66213016,-0.24311904,0.66822843,0.23653614,0.06342392,-0.00432443,-0.03876293
32270,0.66212348,-0.24312005,0.66823582,0.23653285,0.06342392,-0.00432443,-0.03876293
32276,0.66212434,-0.24311945,0.66823520,0.23653297,0.06342392,-0.00432443,-0.03876293
32286,0.66212983,-0.24311618,0.66823148,0.23653140,0.06342392,-0.00432443,-0.03876293
32292,0.66212849,-0.24311947,0.66823191,0.23653073,0.06342392,-0.00432443,-0.03876293
32301,0.66212882,-0.24312136,0.66823186,0.23652830,0.06342392,-0.00432443,-0.03876293
32308,0.66212902,-0.24311938,0.66823410,0.23652319,0.06342392,-0.00432443,-0.03876293
32314,0.66213274,-0.24311728,0.66823143,0.23652260,0.06342392,-0.00432443,-0.03876293
32320,0.66213283,-0.24311618,0.66822996,0.23652787,0.06342392,-0.00432443,-0.03876293
32330,0.66212506,-0.24311616,0.66823787,0.23652701,0.06342392,-0.00432443,-0.03876293
32339,0.66212158,-0.24312059,0.66823668,0.23653547,0.06342392,-0.00432443,-0.03876293
32345,0.66212348,-0.24312107,0.66823668,0.23652958,0.06342392,-0.00432443,-0.03876293
32351,0.66212415,-0.24311969,0.66823768,0.23652648,0.06342392,-0.00432443,-0.03876293
32358,0.66212177,-0.24312598,0.66823778,0.23652606,0.06342392,-0.00432443,-0.03876293
32368,0.66212387,-0.24313132,0.66823410,0.23652539,0.06342392,-0.00432443,-0.03876293
32375,0.66212387,-0.24312894,0.66823525,0.23652486,0.06342392,-0.00432443,-0.03876293
32381,0.66212725,-0.24312810,0.66823043,0.23652992,0.06342392,-0.00432443,-0.03876293
32388,0.66212506,-0.24312961,0.66823310,0.23652634,0.06342392,-0.00432443,-0.03876293
32396,0.66212697,-0.24312429,0.66823329,0.23652634,0.06342392,-0.00432443,-0.03876293
32403,0.66212396,-0.24313254,0.66823320,0.23652656,0.06342392,-0.00432443,-0.03876293
32412,0.66211833,-0.24313578,0.66823921,0.23652210,0.06342392,-0.00432443,-0.03876293
32418,0.66211442,-0.24313368,0.66824378,0.23652193,0.06342392,-0.00432443,-0.03876293
32427,0.66211452,-0.24313707,0.66824178,0.23652424,0.06342392,-0.00432443,-0.03876293
32435,0.66211724,-0.24313457,0.66823978,0.23652460,0.06342392,-0.00432443,-0.03876293
32444,0.66211562,-0.24313564,0.66824264,0.23651976,0.06342392,-0.00432443,-0.03876293
32451,0.66211576,-0.24314017,0.66824102,0.23651933,0.06342392,-0.00432443,-0.03876293
32460,0.66211695,-0.24314830,0.66823463,0.23652570,0.06342392,-0.00432443,-0.03876293
32469,0.66212215,-0.24314754,0.66823267,0.23651747,0.06342392,-0.00432443,-0.03876293
32475,0.66212201,-0.24315042,0.66823310,0.23651359,0.06342392,-0.00432443,-0.03876293
32482,0.66211938,-0.24315426,0.66823444,0.23651366,0.06342392,-0.00432443,-0.03876293
32488,0.66212220,-0.24314966,0.66823391,0.23651158,0.06342392,-0.00432443,-0.03876293
32497,0.66212410,-0.24314644,0.66823539,0.23650577,0.06342392,-0.00432443,-0.03876293
32504,0.66212649,-0.24314582,0.66823415,0.23650271,0.06342392,-0.00432443,-0.03876293
32511,0.66212692,-0.24314432,0.66823320,0.23650617,0.06342392,-0.00432443,-0.03876293
32519,0.66212553,-0.24313731,0.66823773,0.23650450,0.06342392,-0.00432443,-0.03876293
32526,0.66212730,-0.24313824,0.66823525,0.23650507,0.06342392,-0.00432443,-0.03876293
32535,0.66212768,-0.24313702,0.66823410,0.23650879,0.06342392,-0.00432443,-0.03876293
32541,0.66212577,-0.24313883,0.66823577,0.23650779,0.06342392,-0.00432443,-0.03876293
32550,0.66212553,-0.24313979,0.66823811,0.23650050,0.06342392,-0.00432443,-0.03876293
32557,0.66212611,-0.24314377,0.66823835,0.23649411,0.06342392,-0.00432443,-0.03876293
32565,0.66212806,-0.24314060,0.66823630,0.23649802,0.06342392,-0.00432443,-0.03876293
32572,0.66213111,-0.24313733,0.66823434,0.23649840,0.06342392,-0.00432443,-0.03876293
32578,0.66212739,-0.24314363,0.66823682,0.23649506,0.06342392,-0.00432443,-0.03876293
32585,0.66212978,-0.24313988,0.66823701,0.23649170,0.06342392,-0.00432443,-0.03876293
32594,0.66212797,-0.24314329,0.66823701,0.23649313,0.06342392,-0.00432443,-0.03876293
32601,0.66213006,-0.24314179,0.66823835,0.23648509,0.06342392,-0.00432443,-0.03876293
32608,0.66213102,-0.24314651,0.66823668,0.23648254,0.06342392,-0.00432443,-0.03876293
32614,0.66212964,-0.24315125,0.66823534,0.23648529,0.06342392,-0.00432443,-0.03876293
32620,0.66212749,-0.24315049,0.66823697,0.23648765,0.06342392,-0.00432443,-0.03876293
32631,0.66211814,-0.24314961,0.66824407,0.23649456,0.06342392,-0.00432443,-0.03876293
32639,0.66211295,-0.24315180,0.66824917,0.23649244,0.06342392,-0.00432443,-0.03876293
32645,0.66211099,-0.24315676,0.66824984,0.23649094,0.06342392,-0.00432443,-0.03876293
32651,0.66210675,-0.24316325,0.66825189,0.23649003,0.06342392,-0.00432443,-0.03876293
32661,0.66210932,-0.24316594,0.66825027,0.23648469,0.06342392,-0.00432443,-0.03876293
32667,0.66210889,-0.24316711,0.66824984,0.23648595,0.06342392,-0.00432443,-0.03876293
32673,0.66211075,-0.24316270,0.66825013,0.23648467,0.06342392,-0.00432443,-0.03876293
32684,0.66211471,-0.24316139,0.66824717,0.23648319,0.06342392,-0.00432443,-0.03876293
32690,0.66211566,-0.24316403,0.66824598,0.23648126,0.06342392,-0.00432443,-0.03876293
32699,0.66212062,-0.24315941,0.66824412,0.23647742,0.06342392,-0.00432443,-0.03876293
32706,0.66212010,-0.24315810,0.66824555,0.23647582,0.06342392,-0.00432443,-0.03876293
32712,0.66211657,-0.24315617,0.66824922,0.23647747,0.06342392,-0.00432443,-0.03876293
32721,0.66211910,-0.24315836,0.66824703,0.23647413,0.06342392,-0.00432443,-0.03876293
32730,0.66211886,-0.24316036,0.66824412,0.23648102,0.06342392,-0.00432443,-0.03876293
32739,0.66211943,-0.24315695,0.66824412,0.23648319,0.06342392,-0.00432443,-0.03876293
32745,0.66211881,-0.24315896,0.66824321,0.23648526,0.06342392,-0.00432443,-0.03876293
32752,0.66211385,-0.24316098,0.66824617,0.23648920,0.06342392,-0.00432443,-0.03876293
32758,0.66211562,-0.24315567,0.66824603,0.23648939,0.06342392,-0.00432443,-0.03876293
32768,0.66211600,-0.24315853,0.66824417,0.23649072,0.06342392,-0.00432443,-0.03876293
32774,0.66211690,-0.24316287,0.66824302,0.23648705,0.06342392,-0.00432443,-0.03876293
32781,0.66211729,-0.24315454,0.66824550,0.23648738,0.06342392,-0.00432443,-0.03876293
32787,0.66211585,-0.24315574,0.66824588,0.23648939,0.06342392,-0.00432443,-0.03876293
32796,0.66211104,-0.24315776,0.66825189,0.23648362,0.06342392,-0.00432443,-0.03876293
32805,0.66210803,-0.24316296,0.66825270,0.23648481,0.06342392,-0.00432443,-0.03876293
32813,0.66210727,-0.24317126,0.66824822,0.23649053,0.06342392,-0.00432443,-0.03876293
32819,0.66210479,-0.24317564,0.66824793,0.23649444,0.06342392,-0.00432443,-0.03876293
32828,0.66210551,-0.24318039,0.66824436,0.23649718,0.06342392,-0.00432443,-0.03876293
32836,0.66210899,-0.24318592,0.66823906,0.23649687,0.06342392,-0.00432443,-0.03876293
32843,0.66210694,-0.24318931,0.66823883,0.23650002,0.06342392,-0.00432443,-0.03876293
32849,0.66210622,-0.24318411,0.66824102,0.23650119,0.06342392,-0.00432443,-0.03876293
32859,0.66210799,-0.24318432,0.66823811,0.23650383,0.06342392,-0.00432443,-0.03876293
32867,0.66210746,-0.24318835,0.66823616,0.23650722,0.06342392,-0.00432443,-0.03876293
32874,0.66210889,-0.24318556,0.66823868,0.23649885,0.06342392,-0.00432443,-0.03876293
32883,0.66210885,-0.24318437,0.66823959,0.23649747,0.06342392,-0.00432443,-0.03876293
32889,0.66210532,-0.24318101,0.66824431,0.23649749,0.06342392,-0.00432443,-0.03876293
32900,0.66209654,-0.24318757,0.66824932,0.23650085,0.06342392,-0.00432443,-0.03876293
32908,0.66209940,-0.24318594,0.66824603,0.23650374,0.06342392,-0.00432443,-0.03876293
32914,0.66209793,-0.24318928,0.66824440,0.23650977,0.06342392,-0.00432443,-0.03876293
32921,0.66209716,-0.24318675,0.66824488,0.23651251,0.06342392,-0.00432443,-0.03876293
32929,0.66209669,-0.24318294,0.66824588,0.23651523,0.06342392,-0.00432443,-0.03876293
32936,0.66210217,-0.24318506,0.66824111,0.23651125,0.06342392,-0.00432443,-0.03876293
32942,0.66210422,-0.24318222,0.66824197,0.23650524,0.06342392,-0.00432443,-0.03876293
32952,0.66209907,-0.24317584,0.66824765,0.23651037,0.06342392,-0.00432443,-0.03876293
32959,0.66209897,-0.24316947,0.66825141,0.23650684,0.06342392,-0.00432443,-0.03876293
32968,0.66209812,-0.24317216,0.66825046,0.23650975,0.06342392,-0.00432443,-0.03876293
32974,0.66210165,-0.24317100,0.66825013,0.23650186,0.06342392,-0.00432443,-0.03876293
32980,0.66209912,-0.24316370,0.66825609,0.23649938,0.06342392,-0.00432443,-0.03876293
32987,0.66210408,-0.24316606,0.66824884,0.23650345,0.06342392,-0.00432443,-0.03876293
32996,0.66210227,-0.24317512,0.66824693,0.23650424,0.06342392,-0.00432443,-0.03876293
33003,0.66210536,-0.24317653,0.66824426,0.23650202,0.06342392,-0.00432443,-0.03876293
33009,0.66210508,-0.24317634,0.66824502,0.23650102,0.06342392,-0.00432443,-0.03876293
33016,0.66210784,-0.24317440,0.66824526,0.23649451,0.06342392,-0.00432443,-0.03876293
33024,0.66210756,-0.24317584,0.66824526,0.23649375,0.06342392,-0.00432443,-0.03876293
33031,0.66211137,-0.24317841,0.66823987,0.23649559,0.06342392,-0.00432443,-0.03876293
33041,0.66211028,-0.24318640,0.66823987,0.23649051,0.06342392,-0.00432443,-0.03876293
33048,0.66211562,-0.24318153,0.66823673,0.23648946,0.06342392,-0.00432443,-0.03876293
33054,0.66211423,-0.24318296,0.66823649,0.23649244,0.06342392,-0.00432443,-0.03876293
33063,0.66211528,-0.24318280,0.66823620,0.23649022,0.06342392,-0.00432443,-0.03876293
33069,0.66211609,-0.24318301,0.66823482,0.23649170,0.06342392,-0.00432443,-0.03876293
33075,0.66211566,-0.24318263,0.66823430,0.23649489,0.06342392,-0.00432443,-0.03876293
33085,0.66211175,-0.24318344,0.66823573,0.23650155,0.06342392,-0.00432443,-0.03876293
33094,0.66210765,-0.24318609,0.66823844,0.23650255,0.06342392,-0.00432443,-0.03876293
33100,0.66210560,-0.24318578,0.66823978,0.23650414,0.06342392,-0.00432443,-0.03876293
33113,0.66210289,-0.24318780,0.66824216,0.23650312,0.06342392,-0.00432443,-0.03876293
33119,0.66210289,-0.24318969,0.66824250,0.23649985,0.06342392,-0.00432443,-0.03876293
33128,0.66210041,-0.24319121,0.66824603,0.23649573,0.06342392,-0.00432443,-0.03876293
33137,0.66209526,-0.24319517,0.66824870,0.23649873,0.06342392,-0.00432443,-0.03876293
33144,0.66209192,-0.24319524,0.66825103,0.23650124,0.06342392,-0.00432443,-0.03876293
33150,0.66209173,-0.24319908,0.66824960,0.23650178,0.06342392,-0.00432443,-0.03876293
33156,0.66208801,-0.24320981,0.66825132,0.23649594,0.06342392,-0.00432443,-0.03876293
33165,0.66209211,-0.24321267,0.66824460,0.23650088,0.06342392,-0.00432443,-0.03876293
33173,0.66209449,-0.24321305,0.66824197,0.23650112,0.06342392,-0.00432443,-0.03876293
33179,0.66209297,-0.24321682,0.66824393,0.23649625,0.06342392,-0.00432443,-0.03876293
33186,0.66209268,-0.24320993,0.66824493,0.23650133,0.06342392,-0.00432443,-0.03876293
33195,0.66208896,-0.24321534,0.66824636,0.23650164,0.06342392,-0.00432443,-0.03876293
33202,0.66208276,-0.24321942,0.66825156,0.23649997,0.06342392,-0.00432443,-0.03876293
33208,0.66208643,-0.24321503,0.66824922,0.23650166,0.06342392,-0.00432443,-0.03876293
33218,0.66208677,-0.24321436,0.66825275,0.23649101,0.06342392,-0.00432443,-0.03876293
33224,0.66208944,-0.24321491,0.66825199,0.23648498,0.06342392,-0.00432443,-0.03876293
33233,0.66209073,-0.24321074,0.66825160,0.23648700,0.06342392,-0.00432443,-0.03876293
33243,0.66209259,-0.24320962,0.66825098,0.23648493,0.06342392,-0.00432443,-0.03876293
33250,0.66209239,-0.24320607,0.66825323,0.23648295,0.06342392,-0.00432443,-0.03876293
33256,0.66209249,-0.24320778,0.66825394,0.23647828,0.06342392,-0.00432443,-0.03876293
33266,0.66209321,-0.24320323,0.66825428,0.23648009,0.06342392,-0.00432443,-0.03876293
33272,0.66209101,-0.24320337,0.66825551,0.23648271,0.06342392,-0.00432443,-0.03876293
33279,0.66208930,-0.24320600,0.66825532,0.23648543,0.06342392,-0.00432443,-0.03876293
33285,0.66209354,-0.24320397,0.66825332,0.23648180,0.06342392,-0.00432443,-0.03876293
33292,0.66209678,-0.24320354,0.66825146,0.23647778,0.06342392,-0.00432443,-0.03876293
33300,0.66209592,-0.24320902,0.66825103,0.23647625,0.06342392,-0.00432443,-0.03876293
33308,0.66210055,-0.24320635,0.66824774,0.23647499,0.06342392,-0.00432443,-0.03876293
33317,0.66210308,-0.24320418,0.66824645,0.23647379,0.06342392,-0.00432443,-0.03876293
33323,0.66210360,-0.24319925,0.66824684,0.23647630,0.06342392,-0.00432443,-0.03876293
33332,0.66210489,-0.24319834,0.66824960,0.23646576,0.06342392,-0.00432443,-0.03876293
33338,0.66210050,-0.24320030,0.66825084,0.23647248,0.06342392,-0.00432443,-0.03876293
33345,0.66209692,-0.24319834,0.66825542,0.23647150,0.06342392,-0.00432443,-0.03876293
33354,0.66209988,-0.24319975,0.66825056,0.23647582,0.06342392,-0.00432443,-0.03876293
33363,0.66209692,-0.24320058,0.66825418,0.23647298,0.06342392,-0.00432443,-0.03876293
33369,0.66210021,-0.24319610,0.66825337,0.23647081,0.06342392,-0.00432443,-0.03876293
33375,0.66209869,-0.24320068,0.66825475,0.23646595,0.06342392,-0.00432443,-0.03876293
33384,0.66209578,-0.24320325,0.66825585,0.23646843,0.06342392,-0.00432443,-0.03876293
33391,0.66209263,-0.24320063,0.66825942,0.23647003,0.06342392,-0.00432443,-0.03876293
33399,0.66209249,-0.24320290,0.66825981,0.23646688,0.06342392,-0.00432443,-0.03876293
33405,0.66209216,-0.24320054,0.66826095,0.23646695,0.06342392,-0.00432443,-0.03876293
33411,0.66209220,-0.24320061,0.66826114,0.23646595,0.06342392,-0.00432443,-0.03876293
33418,0.66209440,-0.24319407,0.66826272,0.23646280,0.06342392,-0.00432443,-0.03876293
33427,0.66209273,-0.24319024,0.66826653,0.23646020,0.06342392,-0.00432443,-0.03876293
33433,0.66209416,-0.24318444,0.66826539,0.23646521,0.06342392,-0.00432443,-0.03876293
33445,0.66209955,-0.24318280,0.66826095,0.23646469,0.06342392,-0.00432443,-0.03876293
33451,0.66210179,-0.24319000,0.66825704,0.23646168,0.06342392,-0.00432443,-0.03876293
33460,0.66210455,-0.24319138,0.66825361,0.23646249,0.06342392,-0.00432443,-0.03876293
33467,0.66210575,-0.24319040,0.66825046,0.23646905,0.06342392,-0.00432443,-0.03876293
33473,0.66210489,-0.24318983,0.66825156,0.23646893,0.06342392,-0.00432443,-0.03876293
33479,0.66210412,-0.24319534,0.66825132,0.23646600,0.06342392,-0.00432443,-0.03876293
33489,0.66210026,-0.24319930,0.66825633,0.23645887,0.06342392,-0.00432443,-0.03876293
33497,0.66210241,-0.24319374,0.66825447,0.23646390,0.06342392,-0.00432443,-0.03876293
33504,0.66210370,-0.24319984,0.66825032,0.23646566,0.06342392,-0.00432443,-0.03876293
33510,0.66210079,-0.24320249,0.66825084,0.23646907,0.06342392,-0.00432443,-0.03876293
33517,0.66209931,-0.24320313,0.66825175,0.23647043,0.06342392,-0.00432443,-0.03876293
33527,0.66210417,-0.24320402,0.66824855,0.23646490,0.06342392,-0.00432443,-0.03876293
33534,0.66210098,-0.24320492,0.66825237,0.23646233,0.06342392,-0.00432443,-0.03876293
33540,0.66210145,-0.24320535,0.66825180,0.23646202,0.06342392,-0.00432443,-0.03876293
33546,0.66210279,-0.24320328,0.66825127,0.23646183,0.06342392,-0.00432443,-0.03876293
33553,0.66210069,-0.24320447,0.66825256,0.23646249,0.06342392,-0.00432443,-0.03876293
33562,0.66210198,-0.24320781,0.66825203,0.23645749,0.06342392,-0.00432443,-0.03876293
33569,0.66210036,-0.24321248,0.66825342,0.23645350,0.06342392,-0.00432443,-0.03876293
33576,0.66209735,-0.24320790,0.66825599,0.23645920,0.06342392,-0.00432443,-0.03876293
33582,0.66209554,-0.24321205,0.66825523,0.23646173,0.06342392,-0.00432443,-0.03876293
33591,0.66209836,-0.24320945,0.66825571,0.23645563,0.06342392,-0.00432443,-0.03876293
33600,0.66209836,-0.24321088,0.66825599,0.23645329,0.06342392,-0.00432443,-0.03876293
33606,0.66209726,-0.24321370,0.66825609,0.23645339,0.06342392,-0.00432443,-0.03876293
33615,0.66209454,-0.24321308,0.66825604,0.23646128,0.06342392,-0.00432443,-0.03876293
33624,0.66208925,-0.24320838,0.66826333,0.23646066,0.06342392,-0.00432443,-0.03876293
33631,0.66208572,-0.24320623,0.66826729,0.23646159,0.06342392,-0.00432443,-0.03876293
33637,0.66208562,-0.24320383,0.66826677,0.23646574,0.06342392,-0.00432443,-0.03876293
33643,0.66208248,-0.24320461,0.66827220,0.23645856,0.06342392,-0.00432443,-0.03876293
33652,0.66207890,-0.24320557,0.66827492,0.23645966,0.06342392,-0.00432443,-0.03876293
33662,0.66207542,-0.24320909,0.66827688,0.23646016,0.06342392,-0.00432443,-0.03876293
33671,0.66207747,-0.24320967,0.66827535,0.23645801,0.06342392,-0.00432443,-0.03876293
33677,0.66207647,-0.24320914,0.66827464,0.23646311,0.06342392,-0.00432443,-0.03876293
33684,0.66207556,-0.24321467,0.66827254,0.23646616,0.06342392,-0.00432443,-0.03876293
33693,0.66207408,-0.24321916,0.66827244,0.23646612,0.06342392,-0.00432443,-0.03876293
33699,0.66207356,-0.24321932,0.66827106,0.23647150,0.06342392,-0.00432443,-0.03876293
33709,0.66207356,-0.24321024,0.66827001,0.23648357,0.06342392,-0.00432443,-0.03876293
33715,0.66207304,-0.24321286,0.66826906,0.23648519,0.06342392,-0.00432443,-0.03876293
33721,0.66207480,-0.24321331,0.66826648,0.23648724,0.06342392,-0.00432443,-0.03876293
33730,0.66206808,-0.24321179,0.66827006,0.23649721,0.06342392,-0.00432443,-0.03876293
33737,0.66206865,-0.24320776,0.66827011,0.23649959,0.06342392,-0.00432443,-0.03876293
33745,0.66207370,-0.24320962,0.66826443,0.23649921,0.06342392,-0.00432443,-0.03876293
33753,0.66207604,-0.24321179,0.66825895,0.23650608,0.06342392,-0.00432443,-0.03876293
33762,0.66207561,-0.24321856,0.66825637,0.23650715,0.06342392,-0.00432443,-0.03876293
33768,0.66207847,-0.24321565,0.66825256,0.23651325,0.06342392,-0.00432443,-0.03876293
33774,0.66207885,-0.24321284,0.66825399,0.23651113,0.06342392,-0.00432443,-0.03876293
33781,0.66207785,-0.24321680,0.66825394,0.23651006,0.06342392,-0.00432443,-0.03876293
33790,0.66207485,-0.24321434,0.66825761,0.23651108,0.06342392,-0.00432443,-0.03876293
33797,0.66207718,-0.24321589,0.66825580,0.23650791,0.06342392,-0.00432443,-0.03876293
33803,0.66207866,-0.24321398,0.66825571,0.23650588,0.06342392,-0.00432443,-0.03876293
33810,0.66207447,-0.24321417,0.66825885,0.23650867,0.06342392,-0.00432443,-0.03876293
33819,0.66207647,-0.24320604,0.66825923,0.23651022,0.06342392,-0.00432443,-0.03876293
33825,0.66207389,-0.24321184,0.66825942,0.23651082,0.06342392,-0.00432443,-0.03876293
33832,0.66207389,-0.24321217,0.66826038,0.23650782,0.06342392,-0.00432443,-0.03876293
33841,0.66207075,-0.24321739,0.66826176,0.23650755,0.06342392,-0.00432443,-0.03876293
33848,0.66207270,-0.24321625,0.66826038,0.23650691,0.06342392,-0.00432443,-0.03876293
33859,0.66206765,-0.24321894,0.66826729,0.23649897,0.06342392,-0.00432443,-0.03876293
33865,0.66206855,-0.24321212,0.66826715,0.23650395,0.06342392,-0.00432443,-0.03876293
33871,0.66206789,-0.24321503,0.66826677,0.23650369,0.06342392,-0.00432443,-0.03876293
33881,0.66207380,-0.24321618,0.66825838,0.23650970,0.06342392,-0.00432443,-0.03876293
33890,0.66207413,-0.24321665,0.66825680,0.23651263,0.06342392,-0.00432443,-0.03876293
33896,0.66207356,-0.24321823,0.66825561,0.23651628,0.06342392,-0.00432443,-0.03876293
33903,0.66207628,-0.24321284,0.66825704,0.23650953,0.06342392,-0.00432443,-0.03876293
33909,0.66207642,-0.24320681,0.66825966,0.23650841,0.06342392,-0.00432443,-0.03876293
33915,0.66207599,-0.24320404,0.66826238,0.23650503,0.06342392,-0.00432443,-0.03876293
33925,0.66207833,-0.24320034,0.66826300,0.23650047,0.06342392,-0.00432443,-0.03876293
33932,0.66208009,-0.24319891,0.66826224,0.23649888,0.06342392,-0.00432443,-0.03876293
33938,0.66207771,-0.24320330,0.66826400,0.23649592,0.06342392,-0.00432443,-0.03876293
33944,0.66207909,-0.24320485,0.66826257,0.23649439,0.06342392,-0.00432443,-0.03876293
33956,0.66207981,-0.24321093,0.66826176,0.23648886,0.06342392,-0.00432443,-0.03876293
33964,0.66208286,-0.24320816,0.66826057,0.23648664,0.06342392,-0.00432443,-0.03876293
33972,0.66208181,-0.24320700,0.66826367,0.23648180,0.06342392,-0.00432443,-0.03876293
33978,0.66208319,-0.24321169,0.66826009,0.23648316,0.06342392,-0.00432443,-0.03876293
33985,0.66208505,-0.24321026,0.66826028,0.23647878,0.06342392,-0.00432443,-0.03876293
33994,0.66208434,-0.24321095,0.66826100,0.23647813,0.06342392,-0.00432443,-0.03876293
34000,0.66208305,-0.24321086,0.66826348,0.23647506,0.06342392,-0.00432443,-0.03876293
34006,0.66208243,-0.24321157,0.66826291,0.23647744,0.06342392,-0.00432443,-0.03876293
34016,0.66208152,-0.24321537,0.66826291,0.23647623,0.06342392,-0.00432443,-0.03876293
34024,0.66207690,-0.24321486,0.66826715,0.23647787,0.06342392,-0.00432443,-0.03876293
34033,0.66207456,-0.24321489,0.66827049,0.23647403,0.06342392,-0.00432443,-0.03876293
34040,0.66207056,-0.24321653,0.66827421,0.23647360,0.06342392,-0.00432443,-0.03876293
34046,0.66206860,-0.24321346,0.66827869,0.23646955,0.06342392,-0.00432443,-0.03876293
34055,0.66206865,-0.24321577,0.66827802,0.23646898,0.06342392,-0.00432443,-0.03876293
34065,0.66207313,-0.24321084,0.66827702,0.23646397,0.06342392,-0.00432443,-0.03876293
34071,0.66207747,-0.24320473,0.66827530,0.23646349,0.06342392,-0.00432443,-0.03876293
34077,0.66207704,-0.24320154,0.66827659,0.23646407,0.06342392,-0.00432443,-0.03876293
34084,0.66207704,-0.24319653,0.66827702,0.23646824,0.06342392,-0.00432443,-0.03876293
34092,0.66207914,-0.24319603,0.66827545,0.23646717,0.06342392,-0.00432443,-0.03876293
34099,0.66208262,-0.24319546,0.66827392,0.23646230,0.06342392,-0.00432443,-0.03876293
34113,0.66207909,-0.24319031,0.66827859,0.23646445,0.06342392,-0.00432443,-0.03876293
34119,0.66208000,-0.24319362,0.66827778,0.23646080,0.06342392,-0.00432443,-0.03876293
34128,0.66207962,-0.24319081,0.66827898,0.23646132,0.06342392,-0.00432443,-0.03876293
34135,0.66207675,-0.24319262,0.66827993,0.23646459,0.06342392,-0.00432443,-0.03876293
34141,0.66207857,-0.24318859,0.66828031,0.23646254,0.06342392,-0.00432443,-0.03876293
34147,0.66207671,-0.24318659,0.66828184,0.23646571,0.06342392,-0.00432443,-0.03876293
34157,0.66208209,-0.24318087,0.66827816,0.23646709,0.06342392,-0.00432443,-0.03876293
34164,0.66207895,-0.24318022,0.66828012,0.23647036,0.06342392,-0.00432443,-0.03876293
34170,0.66207838,-0.24317827,0.66828002,0.23647484,0.06342392,-0.00432443,-0.03876293
34179,0.66207399,-0.24317598,0.66828398,0.23647882,0.06342392,-0.00432443,-0.03876293
34186,0.66207509,-0.24316892,0.66828436,0.23648118,0.06342392,-0.00432443,-0.03876293
34195,0.66207599,-0.24316449,0.66828441,0.23648343,0.06342392,-0.00432443,-0.03876293
34202,0.66207809,-0.24316356,0.66828317,0.23648169,0.06342392,-0.00432443,-0.03876293
34208,0.66207571,-0.24316277,0.66828546,0.23648266,0.06342392,-0.00432443,-0.03876293
34215,0.66207370,-0.24315800,0.66828756,0.23648726,0.06342392,-0.00432443,-0.03876293
34224,0.66207399,-0.24316513,0.66828660,0.23648183,0.06342392,-0.00432443,-0.03876293
34230,0.66207261,-0.24316205,0.66829004,0.23647944,0.06342392,-0.00432443,-0.03876293
34236,0.66207547,-0.24316105,0.66828918,0.23647480,0.06342392,-0.00432443,-0.03876293
34246,0.66207222,-0.24315683,0.66829328,0.23647668,0.06342392,-0.00432443,-0.03876293
34255,0.66206173,-0.24315934,0.66830019,0.23648359,0.06342392,-0.00432443,-0.03876293
34262,0.66205730,-0.24316012,0.66830105,0.23649334,0.06342392,-0.00432443,-0.03876293
34270,0.66205692,-0.24315903,0.66830205,0.23649246,0.06342392,-0.00432443,-0.03876293
34277,0.66205768,-0.24316310,0.66830024,0.23649067,0.06342392,-0.00432443,-0.03876293
34286,0.66206283,-0.24316158,0.66829543,0.23649160,0.06342392,-0.00432443,-0.03876293
34295,0.66206188,-0.24316005,0.66829366,0.23650128,0.06342392,-0.00432443,-0.03876293
34302,0.66206245,-0.24315705,0.66829376,0.23650202,0.06342392,-0.00432443,-0.03876293
34308,0.66206269,-0.24316074,0.66829347,0.23649880,0.06342392,-0.00432443,-0.03876293
34314,0.66206626,-0.24316284,0.66828866,0.23650016,0.06342392,-0.00432443,-0.03876293
34323,0.66206884,-0.24315795,0.66828913,0.23649649,0.06342392,-0.00432443,-0.03876293
34331,0.66206417,-0.24316308,0.66829338,0.23649260,0.06342392,-0.00432443,-0.03876293
34337,0.66206922,-0.24316451,0.66828737,0.23649325,0.06342392,-0.00432443,-0.03876293
34344,0.66207370,-0.24316353,0.66828374,0.23649213,0.06342392,-0.00432443,-0.03876293
34350,0.66207227,-0.24316236,0.66828393,0.23649663,0.06342392,-0.00432443,-0.03876293
34359,0.66207480,-0.24315998,0.66828508,0.23648970,0.06342392,-0.00432443,-0.03876293
34365,0.66207718,-0.24315371,0.66828494,0.23648924,0.06342392,-0.00432443,-0.03876293
34375,0.66208415,-0.24315352,0.66827731,0.23649175,0.06342392,-0.00432443,-0.03876293
34381,0.66208052,-0.24315814,0.66827917,0.23649182,0.06342392,-0.00432443,-0.03876293
34390,0.66207833,-0.24315931,0.66828289,0.23648662,0.06342392,-0.00432443,-0.03876293
34398,0.66207857,-0.24315903,0.66828145,0.23649005,0.06342392,-0.00432443,-0.03876293
34405,0.66207981,-0.24315609,0.66828155,0.23648872,0.06342392,-0.00432443,-0.03876293
34411,0.66207914,-0.24315671,0.66828303,0.23648600,0.06342392,-0.00432443,-0.03876293
34421,0.66207451,-0.24316289,0.66828732,0.23648033,0.06342392,-0.00432443,-0.03876293
34427,0.66207399,-0.24316525,0.66828799,0.23647804,0.06342392,-0.00432443,-0.03876293
34434,0.66207337,-0.24316349,0.66828937,0.23647775,0.06342392,-0.00432443,-0.03876293
34440,0.66207528,-0.24315974,0.66828832,0.23647909,0.06342392,-0.00432443,-0.03876293
34446,0.66207475,-0.24316267,0.66828866,0.23647620,0.06342392,-0.00432443,-0.03876293
34455,0.66207671,-0.24316680,0.66828479,0.23647735,0.06342392,-0.00432443,-0.03876293
34463,0.66207847,-0.24316570,0.66828322,0.23647818,0.06342392,-0.00432443,-0.03876293
34471,0.66207361,-0.24317002,0.66828384,0.23648593,0.06342392,-0.00432443,-0.03876293
34478,0.66207094,-0.24316918,0.66828641,0.23648660,0.06342392,-0.00432443,-0.03876293
34489,0.66206979,-0.24317219,0.66828527,0.23649005,0.06342392,-0.00432443,-0.03876293
34495,0.66207180,-0.24317333,0.66828398,0.23648705,0.06342392,-0.00432443,-0.03876293
34502,0.66207337,-0.24317297,0.66828155,0.23648962,0.06342392,-0.00432443,-0.03876293
34511,0.66208286,-0.24317822,0.66827249,0.23648333,0.06342392,-0.00432443,-0.03876293
34517,0.66208257,-0.24317839,0.66827316,0.23648247,0.06342392,-0.00432443,-0.03876293
34526,0.66208405,-0.24317212,0.66827459,0.23648028,0.06342392,-0.00432443,-0.03876293
34532,0.66208271,-0.24317679,0.66827607,0.23647525,0.06342392,-0.00432443,-0.03876293
34541,0.66208238,-0.24317028,0.66827783,0.23647799,0.06342392,-0.00432443,-0.03876293
34548,0.66207866,-0.24316730,0.66828308,0.23647620,0.06342392,-0.00432443,-0.03876293
34556,0.66207017,-0.24316625,0.66829290,0.23647353,0.06342392,-0.00432443,-0.03876293
34562,0.66207051,-0.24316813,0.66829233,0.23647241,0.06342392,-0.00432443,-0.03876293
34568,0.66207208,-0.24316759,0.66829061,0.23647375,0.06342392,-0.00432443,-0.03876293
34575,0.66206855,-0.24317431,0.66829042,0.23647704,0.06342392,-0.00432443,-0.03876293
34583,0.66206674,-0.24317381,0.66829018,0.23648314,0.06342392,-0.00432443,-0.03876293
34590,0.66206731,-0.24317536,0.66828994,0.23648056,0.06342392,-0.00432443,-0.03876293
34599,0.66206445,-0.24317455,0.66829481,0.23647570,0.06342392,-0.00432443,-0.03876293
34605,0.66206245,-0.24317512,0.66829700,0.23647456,0.06342392,-0.00432443,-0.03876293
34614,0.66206288,-0.24317307,0.66830024,0.23646626,0.06342392,-0.00432443,-0.03876293
34621,0.66206269,-0.24317409,0.66829919,0.23646867,0.06342392,-0.00432443,-0.03876293
34627,0.66206188,-0.24317393,0.66830062,0.23646740,0.06342392,-0.00432443,-0.03876293
34634,0.66206603,-0.24317202,0.66830086,0.23645684,0.06342392,-0.00432443,-0.03876293
34643,0.66206541,-0.24316785,0.66830358,0.23645515,0.06342392,-0.00432443,-0.03876293
34652,0.66206388,-0.24317042,0.66830501,0.23645231,0.06342392,-0.00432443,-0.03876293
34658,0.66206369,-0.24317164,0.66830496,0.23645226,0.06342392,-0.00432443,-0.03876293
34665,0.66205935,-0.24316732,0.66831011,0.23645434,0.06342392,-0.00432443,-0.03876293
34673,0.66206331,-0.24316730,0.66830730,0.23645112,0.06342392,-0.00432443,-0.03876293
34683,0.66206464,-0.24316296,0.66830606,0.23645510,0.06342392,-0.00432443,-0.03876293
34690,0.66206617,-0.24316506,0.66830344,0.23645620,0.06342392,-0.00432443,-0.03876293
34697,0.66206741,-0.24316594,0.66830306,0.23645310,0.06342392,-0.00432443,-0.03876293
34703,0.66207027,-0.24316205,0.66830158,0.23645334,0.06342392,-0.00432443,-0.03876293
34709,0.66206860,-0.24315533,0.66830492,0.23645532,0.06342392,-0.00432443,-0.03876293
34718,0.66207056,-0.24315640,0.66830177,0.23645806,0.06342392,-0.00432443,-0.03876293
34726,0.66206636,-0.24315586,0.66830654,0.23645675,0.06342392,-0.00432443,-0.03876293
34732,0.66206293,-0.24315752,0.66830916,0.23645718,0.06342392,-0.00432443,-0.03876293
34738,0.66206321,-0.24315688,0.66831026,0.23645358,0.06342392,-0.00432443,-0.03876293
34747,0.66206450,-0.24315974,0.66831035,0.23644690,0.06342392,-0.00432443,-0.03876293
34756,0.66206789,-0.24316062,0.66830701,0.23644599,0.06342392,-0.00432443,-0.03876293
34762,0.66206722,-0.24315795,0.66830849,0.23644623,0.06342392,-0.00432443,-0.03876293
34772,0.66207122,-0.24316575,0.66830081,0.23644931,0.06342392,-0.00432443,-0.03876293
34778,0.66207222,-0.24316332,0.66830081,0.23644821,0.06342392,-0.00432443,-0.03876293
34787,0.66207118,-0.24316127,0.66830244,0.23644893,0.06342392,-0.00432443,-0.03876293
34793,0.66207380,-0.24316449,0.66829872,0.23644897,0.06342392,-0.00432443,-0.03876293
34800,0.66207227,-0.24316513,0.66829867,0.23645255,0.06342392,-0.00432443,-0.03876293
34806,0.66207122,-0.24316599,0.66829705,0.23645923,0.06342392,-0.00432443,-0.03876293
34816,0.66206717,-0.24316520,0.66829938,0.23646483,0.06342392,-0.00432443,-0.03876293
34823,0.66206483,-0.24316568,0.66830105,0.23646607,0.06342392,-0.00432443,-0.03876293
34829,0.66206603,-0.24316489,0.66830058,0.23646512,0.06342392,-0.00432443,-0.03876293
34835,0.66206178,-0.24316694,0.66830487,0.23646275,0.06342392,-0.00432443,-0.03876293
34844,0.66206288,-0.24316525,0.66830377,0.23646445,0.06342392,-0.00432443,-0.03876293
34851,0.66206445,-0.24316878,0.66830043,0.23646588,0.06342392,-0.00432443,-0.03876293
34860,0.66206579,-0.24316897,0.66829881,0.23646647,0.06342392,-0.00432443,-0.03876293
34866,0.66206626,-0.24316797,0.66829962,0.23646357,0.06342392,-0.00432443,-0.03876293
34875,0.66206350,-0.24316861,0.66830067,0.23646829,0.06342392,-0.00432443,-0.03876293
34883,0.66206150,-0.24316165,0.66830415,0.23647077,0.06342392,-0.00432443,-0.03876293
34890,0.66206283,-0.24316458,0.66830053,0.23647432,0.06342392,-0.00432443,-0.03876293
34899,0.66206459,-0.24317054,0.66829681,0.23647365,0.06342392,-0.00432443,-0.03876293
34906,0.66206140,-0.24317028,0.66829991,0.23647408,0.06342392,-0.00432443,-0.03876293
34913,0.66206016,-0.24317162,0.66830005,0.23647620,0.06342392,-0.00432443,-0.03876293
34919,0.66205554,-0.24317491,0.66830339,0.23647611,0.06342392,-0.00432443,-0.03876293
34926,0.66205806,-0.24317345,0.66830329,0.23647067,0.06342392,-0.00432443,-0.03876293
34932,0.66205873,-0.24317333,0.66830153,0.23647422,0.06342392,-0.00432443,-0.03876293
34938,0.66206068,-0.24316928,0.66830196,0.23647146,0.06342392,-0.00432443,-0.03876293
34948,0.66206960,-0.24316487,0.66829657,0.23646650,0.06342392,-0.00432443,-0.03876293
34955,0.66206769,-0.24317026,0.66829795,0.23646254,0.06342392,-0.00432443,-0.03876293
34964,0.66206984,-0.24316768,0.66829352,0.23647155,0.06342392,-0.00432443,-0.03876293
34970,0.66207008,-0.24316504,0.66829500,0.23646938,0.06342392,-0.00432443,-0.03876293
34979,0.66206378,-0.24316592,0.66830186,0.23646650,0.06342392,-0.00432443,-0.03876293
34985,0.66206264,-0.24315860,0.66830515,0.23646841,0.06342392,-0.00432443,-0.03876293
34994,0.66206712,-0.24316177,0.66829900,0.23646967,0.06342392,-0.00432443,-0.03876293
35001,0.66206541,-0.24315986,0.66830005,0.23647360,0.06342392,-0.00432443,-0.03876293
35012,0.66206064,-0.24316825,0.66830296,0.23647024,0.06342392,-0.00432443,-0.03876293
35018,0.66206021,-0.24316616,0.66830339,0.23647217,0.06342392,-0.00432443,-0.03876293
35025,0.66205844,-0.24316515,0.66830368,0.23647704,0.06342392,-0.00432443,-0.03876293
35031,0.66205687,-0.24316685,0.66830496,0.23647618,0.06342392,-0.00432443,-0.03876293
35041,0.66204824,-0.24316613,0.66831226,0.23648035,0.06342392,-0.00432443,-0.03876293
35048,0.66204395,-0.24316642,0.66831769,0.23647692,0.06342392,-0.00432443,-0.03876293
35054,0.66204304,-0.24316511,0.66831808,0.23647980,0.06342392,-0.00432443,-0.03876293
35060,0.66204266,-0.24316585,0.66831960,0.23647580,0.06342392,-0.00432443,-0.03876293
35067,0.66204333,-0.24316077,0.66832208,0.23647184,0.06342392,-0.00432443,-0.03876293
35079,0.66204171,-0.24317312,0.66832017,0.23646907,0.06342392,-0.00432443,-0.03876293
35085,0.66204290,-0.24317145,0.66832089,0.23646559,0.06342392,-0.00432443,-0.03876293
35092,0.66204543,-0.24316556,0.66832089,0.23646430,0.06342392,-0.00432443,-0.03876293
35098,0.66204285,-0.24316332,0.66832246,0.23646957,0.06342392,-0.00432443,-0.03876293
35107,0.66204624,-0.24315645,0.66832180,0.23646914,0.06342392,-0.00432443,-0.03876293
35118,0.66205172,-0.24316320,0.66831550,0.23646464,0.06342392,-0.00432443,-0.03876293
35127,0.66205539,-0.24315633,0.66831421,0.23646473,0.06342392,-0.00432443,-0.03876293
35134,0.66204862,-0.24316220,0.66831874,0.23646531,0.06342392,-0.00432443,-0.03876293
35140,0.66204862,-0.24316658,0.66831784,0.23646321,0.06342392,-0.00432443,-0.03876293
35149,0.66204519,-0.24316389,0.66832299,0.23646121,0.06342392,-0.00432443,-0.03876293
35155,0.66204638,-0.24316053,0.66832213,0.23646352,0.06342392,-0.00432443,-0.03876293
35161,0.66204600,-0.24315824,0.66832275,0.23646512,0.06342392,-0.00432443,-0.03876293
35171,0.66204509,-0.24316141,0.66832246,0.23646526,0.06342392,-0.00432443,-0.03876293
35179,0.66204223,-0.24315454,0.66832752,0.23646564,0.06342392,-0.00432443,-0.03876293
35189,0.66204662,-0.24315717,0.66832075,0.23646996,0.06342392,-0.00432443,-0.03876293
35195,0.66204748,-0.24316442,0.66831731,0.23646984,0.06342392,-0.00432443,-0.03876293
35201,0.66204833,-0.24316051,0.66831817,0.23646976,0.06342392,-0.00432443,-0.03876293
35208,0.66204762,-0.24316110,0.66831741,0.23647284,0.06342392,-0.00432443,-0.03876293
35218,0.66205029,-0.24315686,0.66831607,0.23647353,0.06342392,-0.00432443,-0.03876293
35224,0.66204957,-0.24315743,0.66831779,0.23647031,0.06342392,-0.00432443,-0.03876293
35230,0.66204538,-0.24315979,0.66832008,0.23647282,0.06342392,-0.00432443,-0.03876293
35237,0.66204938,-0.24315247,0.66831855,0.23647332,0.06342392,-0.00432443,-0.03876293
35245,0.66205072,-0.24315114,0.66831688,0.23647592,0.06342392,-0.00432443,-0.03876293
35252,0.66205282,-0.24315192,0.66831440,0.23647611,0.06342392,-0.00432443,-0.03876293
35262,0.66205019,-0.24314672,0.66831874,0.23647637,0.06342392,-0.00432443,-0.03876293
35268,0.66205253,-0.24314627,0.66831741,0.23647418,0.06342392,-0.00432443,-0.03876293
35275,0.66205015,-0.24314620,0.66832046,0.23647222,0.06342392,-0.00432443,-0.03876293
35286,0.66204953,-0.24315421,0.66831588,0.23647878,0.06342392,-0.00432443,-0.03876293
35292,0.66205101,-0.24315266,0.66831617,0.23647549,0.06342392,-0.00432443,-0.03876293
35299,0.66205410,-0.24315342,0.66831469,0.23646988,0.06342392,-0.00432443,-0.03876293
35308,0.66205592,-0.24316024,0.66831321,0.23646230,0.06342392,-0.00432443,-0.03876293
35317,0.66205186,-0.24315934,0.66831722,0.23646364,0.06342392,-0.00432443,-0.03876293
35323,0.66204967,-0.24315991,0.66832065,0.23645939,0.06342392,-0.00432443,-0.03876293
35332,0.66204977,-0.24316766,0.66831693,0.23646152,0.06342392,-0.00432443,-0.03876293
35338,0.66204714,-0.24316701,0.66832089,0.23645823,0.06342392,-0.00432443,-0.03876293
35347,0.66204600,-0.24317238,0.66832151,0.23645424,0.06342392,-0.00432443,-0.03876293
35355,0.66204338,-0.24316842,0.66832513,0.23645498,0.06342392,-0.00432443,-0.03876293
35361,0.66204471,-0.24316964,0.66832294,0.23645644,0.06342392,-0.00432443,-0.03876293
35367,0.66203970,-0.24317166,0.66832771,0.23645503,0.06342392,-0.00432443,-0.03876293
35374,0.66204361,-0.24317131,0.66832728,0.23644587,0.06342392,-0.00432443,-0.03876293
35383,0.66204423,-0.24317314,0.66832399,0.23645117,0.06342392,-0.00432443,-0.03876293
35389,0.66204490,-0.24317569,0.66832227,0.23645172,0.06342392,-0.00432443,-0.03876293
35398,0.66205101,-0.24316592,0.66832056,0.23644962,0.06342392,-0.00432443,-0.03876293
35407,0.66205763,-0.24316351,0.66831645,0.23644537,0.06342392,-0.00432443,-0.03876293
35414,0.66205449,-0.24316513,0.66831817,0.23644731,0.06342392,-0.00432443,-0.03876293
35420,0.66205401,-0.24316561,0.66831712,0.23645091,0.06342392,-0.00432443,-0.03876293
35427,0.66205172,-0.24317286,0.66831641,0.23645193,0.06342392,-0.00432443,-0.03876293
35436,0.66205682,-0.24316778,0.66831350,0.23645093,0.06342392,-0.00432443,-0.03876293
35445,0.66205844,-0.24316062,0.66831607,0.23644638,0.06342392,-0.00432443,-0.03876293
35451,0.66205763,-0.24315817,0.66831688,0.23644940,0.06342392,-0.00432443,-0.03876293
35457,0.66205530,-0.24315965,0.66831946,0.23644683,0.06342392,-0.00432443,-0.03876293
35464,0.66205048,-0.24316425,0.66832256,0.23644711,0.06342392,-0.00432443,-0.03876293
35473,0.66205101,-0.24316711,0.66831970,0.23645055,0.06342392,-0.00432443,-0.03876293
35480,0.66204619,-0.24316864,0.66832399,0.23645062,0.06342392,-0.00432443,-0.03876293
35489,0.66204910,-0.24317247,0.66831917,0.23645179,0.06342392,-0.00432443,-0.03876293
35495,0.66204853,-0.24317445,0.66831665,0.23645858,0.06342392,-0.00432443,-0.03876293
35501,0.66205015,-0.24317286,0.66831588,0.23645803,0.06342392,-0.00432443,-0.03876293
35510,0.66204748,-0.24316940,0.66832108,0.23645451,0.06342392,-0.00432443,-0.03876293
35517,0.66205129,-0.24316916,0.66831808,0.23645250,0.06342392,-0.00432443,-0.03876293
35526,0.66205301,-0.24317498,0.66831550,0.23644905,0.06342392,-0.00432443,-0.03876293
35532,0.66205306,-0.24317519,0.66831545,0.23644866,0.06342392,-0.00432443,-0.03876293
35538,0.66205177,-0.24317212,0.66831798,0.23644819,0.06342392,-0.00432443,-0.03876293
35548,0.66204838,-0.24317889,0.66831750,0.23645195,0.06342392,-0.00432443,-0.03876293
35555,0.66204924,-0.24317531,0.66831874,0.23645005,0.06342392,-0.00432443,-0.03876293
35561,0.66205320,-0.24317414,0.66831626,0.23644704,0.06342392,-0.00432443,-0.03876293
35570,0.66204986,-0.24317424,0.66831898,0.23644850,0.06342392,-0.00432443,-0.03876293
35579,0.66204519,-0.24317436,0.66832313,0.23644945,0.06342392,-0.00432443,-0.03876293
35586,0.66204638,-0.24317195,0.66832265,0.23645012,0.06342392,-0.00432443,-0.03876293
35592,0.66204509,-0.24317440,0.66832442,0.23644604,0.06342392,-0.00432443,-0.03876293
35598,0.66204872,-0.24317500,0.66832036,0.23644680,0.06342392,-0.00432443,-0.03876293
35607,0.66204824,-0.24317619,0.66831874,0.23645141,0.06342392,-0.00432443,-0.03876293
35615,0.66205024,-0.24317762,0.66831593,0.23645236,0.06342392,-0.00432443,-0.03876293
35621,0.66204857,-0.24317369,0.66831960,0.23645100,0.06342392,-0.00432443,-0.03876293
35628,0.66204662,-0.24318044,0.66831922,0.23645057,0.06342392,-0.00432443,-0.03876293
35634,0.66204743,-0.24317622,0.66832017,0.23644976,0.06342392,-0.00432443,-0.03876293
35643,0.66204652,-0.24317173,0.66832203,0.23645160,0.06342392,-0.00432443,-0.03876293
35649,0.66204481,-0.24317417,0.66832418,0.23644783,0.06342392,-0.00432443,-0.03876293
35659,0.66204042,-0.24317958,0.66832475,0.23645348,0.06342392,-0.00432443,-0.03876293
35665,0.66204261,-0.24317636,0.66832404,0.23645224,0.06342392,-0.00432443,-0.03876293
35674,0.66204404,-0.24316973,0.66832613,0.23644950,0.06342392,-0.00432443,-0.03876293
35680,0.66204648,-0.24317486,0.66832118,0.23645138,0.06342392,-0.00432443,-0.03876293
35692,0.66205034,-0.24317309,0.66831688,0.23645434,0.06342392,-0.00432443,-0.03876293
35699,0.66204776,-0.24317464,0.66831927,0.23645327,0.06342392,-0.00432443,-0.03876293
35708,0.66204700,-0.24317150,0.66832122,0.23645291,0.06342392,-0.00432443,-0.03876293
35717,0.66204710,-0.24317417,0.66831998,0.23645358,0.06342392,-0.00432443,-0.03876293
35723,0.66204905,-0.24317619,0.66831550,0.23645873,0.06342392,-0.00432443,-0.03876293
35730,0.66205196,-0.24317994,0.66831355,0.23645205,0.06342392,-0.00432443,-0.03876293
35736,0.66205353,-0.24317724,0.66831350,0.23645071,0.06342392,-0.00432443,-0.03876293
35745,0.66205730,-0.24318239,0.66830987,0.23644487,0.06342392,-0.00432443,-0.03876293
35752,0.66205892,-0.24318449,0.66830897,0.23644134,0.06342392,-0.00432443,-0.03876293
35761,0.66205844,-0.24318490,0.66830916,0.23644158,0.06342392,-0.00432443,-0.03876293
35768,0.66205844,-0.24318771,0.66830854,0.23644025,0.06342392,-0.00432443,-0.03876293
35776,0.66205825,-0.24318931,0.66830835,0.23643984,0.06342392,-0.00432443,-0.03876293
35783,0.66205806,-0.24318780,0.66830968,0.23643801,0.06342392,-0.00432443,-0.03876293
35789,0.66205830,-0.24319133,0.66830825,0.23643798,0.06342392,-0.00432443,-0.03876293
35798,0.66205735,-0.24319427,0.66830816,0.23643786,0.06342392,-0.00432443,-0.03876293
35805,0.66205997,-0.24319720,0.66830682,0.23643145,0.06342392,-0.00432443,-0.03876293
35813,0.66205749,-0.24319701,0.66830592,0.23644063,0.06342392,-0.00432443,-0.03876293
35820,0.66205625,-0.24319460,0.66830782,0.23644118,0.06342392,-0.00432443,-0.03876293
35826,0.66205797,-0.24319658,0.66830635,0.23643856,0.06342392,-0.00432443,-0.03876293
35836,0.66206145,-0.24319603,0.66830320,0.23643825,0.06342392,-0.00432443,-0.03876293
35843,0.66206173,-0.24319801,0.66830086,0.23644225,0.06342392,-0.00432443,-0.03876293
35849,0.66206321,-0.24319667,0.66830058,0.23644006,0.06342392,-0.00432443,-0.03876293
35855,0.66206121,-0.24320590,0.66829881,0.23644156,0.06342392,-0.00432443,-0.03876293
35862,0.66206479,-0.24320287,0.66829624,0.23644189,0.06342392,-0.00432443,-0.03876293
35871,0.66206321,-0.24320793,0.66829710,0.23643836,0.06342392,-0.00432443,-0.03876293
35878,0.66206459,-0.24320669,0.66829628,0.23643801,0.06342392,-0.00432443,-0.03876293
35884,0.66206655,-0.24320354,0.66829609,0.23643639,0.06342392,-0.00432443,-0.03876293
35893,0.66206617,-0.24320850,0.66829614,0.23643236,0.06342392,-0.00432443,-0.03876293
35902,0.66206665,-0.24320387,0.66829519,0.23643851,0.06342392,-0.00432443,-0.03876293
35909,0.66206588,-0.24320294,0.66829776,0.23643434,0.06342392,-0.00432443,-0.03876293
35915,0.66206512,-0.24320123,0.66829771,0.23643841,0.06342392,-0.00432443,-0.03876293
35925,0.66206693,-0.24320290,0.66829419,0.23644170,0.06342392,-0.00432443,-0.03876293
35931,0.66206641,-0.24320099,0.66829624,0.23643913,0.06342392,-0.00432443,-0.03876293
35940,0.66206903,-0.24320416,0.66829433,0.23643403,0.06342392,-0.00432443,-0.03876293
35946,0.66207160,-0.24320409,0.66829152,0.23643474,0.06342392,-0.00432443,-0.03876293
35952,0.66206922,-0.24320471,0.66829204,0.23643922,0.06342392,-0.00432443,-0.03876293
35959,0.66206903,-0.24320747,0.66829071,0.23644058,0.06342392,-0.00432443,-0.03876293
35968,0.66207590,-0.24319932,0.66828494,0.23644599,0.06342392,-0.00432443,-0.03876293
35977,0.66208386,-0.24319951,0.66827621,0.23644855,0.06342392,-0.00432443,-0.03876293
35984,0.66208496,-0.24319663,0.66827650,0.23644735,0.06342392,-0.00432443,-0.03876293
35990,0.66208324,-0.24319698,0.66827802,0.23644776,0.06342392,-0.00432443,-0.03876293
35996,0.66208848,-0.24319360,0.66827449,0.23644635,0.06342392,-0.00432443,-0.03876293
36005,0.66208577,-0.24319932,0.66827530,0.23644566,0.06342392,-0.00432443,-0.03876293
36013,0.66208529,-0.24320733,0.66827273,0.23644609,0.06342392,-0.00432443,-0.03876293
36019,0.66208319,-0.24320480,0.66827564,0.23644623,0.06342392,-0.00432443,-0.03876293
36025,0.66208243,-0.24320461,0.66827659,0.23644609,0.06342392,-0.00432443,-0.03876293
36034,0.66208829,-0.24320812,0.66827077,0.23644235,0.06342392,-0.00432443,-0.03876293
36043,0.66209454,-0.24321281,0.66826200,0.23644478,0.06342392,-0.00432443,-0.03876293
36049,0.66209702,-0.24321777,0.66825728,0.23644616,0.06342392,-0.00432443,-0.03876293
36057,0.66210002,-0.24322075,0.66825170,0.23645045,0.06342392,-0.00432443,-0.03876293
36063,0.66210136,-0.24322183,0.66825013,0.23645007,0.06342392,-0.00432443,-0.03876293
36074,0.66210212,-0.24323377,0.66824603,0.23644695,0.06342392,-0.00432443,-0.03876293
36080,0.66210126,-0.24322948,0.66824889,0.23644597,0.06342392,-0.00432443,-0.03876293
36087,0.66210470,-0.24323296,0.66824722,0.23643774,0.06342392,-0.00432443,-0.03876293
36095,0.66210231,-0.24323546,0.66824679,0.23644285,0.06342392,-0.00432443,-0.03876293
36105,0.66210408,-0.24323053,0.66824808,0.23643941,0.06342392,-0.00432443,-0.03876293
36111,0.66210098,-0.24323077,0.66825156,0.23643829,0.06342392,-0.00432443,-0.03876293
36124,0.66209864,-0.24323182,0.66825313,0.23643884,0.06342392,-0.00432443,-0.03876293
36130,0.66210069,-0.24323475,0.66824998,0.23643898,0.06342392,-0.00432443,-0.03876293
36136,0.66210212,-0.24323253,0.66824998,0.23643717,0.06342392,-0.00432443,-0.03876293
36145,0.66210193,-0.24323396,0.66825132,0.23643233,0.06342392,-0.00432443,-0.03876293
36153,0.66210279,-0.24323604,0.66824913,0.23643412,0.06342392,-0.00432443,-0.03876293
36159,0.66210012,-0.24323546,0.66825237,0.23643312,0.06342392,-0.00432443,-0.03876293
36165,0.66209917,-0.24323339,0.66825242,0.23643770,0.06342392,-0.00432443,-0.03876293
36174,0.66208925,-0.24323205,0.66826128,0.23644170,0.06342392,-0.00432443,-0.03876293
36180,0.66209211,-0.24323291,0.66825861,0.23644044,0.06342392,-0.00432443,-0.03876293
36190,0.66208410,-0.24322853,0.66826858,0.23643910,0.06342392,-0.00432443,-0.03876293
36197,0.66208481,-0.24322986,0.66826982,0.23643279,0.06342392,-0.00432443,-0.03876293
36206,0.66208429,-0.24323468,0.66826667,0.23643779,0.06342392,-0.00432443,-0.03876293
36213,0.66208305,-0.24323496,0.66826825,0.23643631,0.06342392,-0.00432443,-0.03876293
36219,0.66208524,-0.24323227,0.66826767,0.23643534,0.06342392,-0.00432443,-0.03876293
36225,0.66208558,-0.24323365,0.66826748,0.23643293,0.06342392,-0.00432443,-0.03876293
36234,0.66208691,-0.24324209,0.66826295,0.23643336,0.06342392,-0.00432443,-0.03876293
36243,0.66208796,-0.24324111,0.66826491,0.23642573,0.06342392,-0.00432443,-0.03876293
36250,0.66208863,-0.24324576,0.66826100,0.23643057,0.06342392,-0.00432443,-0.03876293
36256,0.66208939,-0.24324636,0.66826057,0.23642911,0.06342392,-0.00432443,-0.03876293
36265,0.66208810,-0.24324381,0.66826200,0.23643078,0.06342392,-0.00432443,-0.03876293
36272,0.66208667,-0.24325094,0.66826300,0.23642480,0.06342392,-0.00432443,-0.03876293
36279,0.66209053,-0.24325146,0.66825952,0.23642330,0.06342392,-0.00432443,-0.03876293
36285,0.66209383,-0.24324479,0.66825942,0.23642089,0.06342392,-0.00432443,-0.03876293
36292,0.66209716,-0.24324061,0.66825814,0.23642003,0.06342392,-0.00432443,-0.03876293
36300,0.66209917,-0.24324316,0.66825628,0.23641691,0.06342392,-0.00432443,-0.03876293
36309,0.66210246,-0.24324462,0.66825103,0.23642110,0.06342392,-0.00432443,-0.03876293
36315,0.66210498,-0.24324128,0.66825098,0.23641743,0.06342392,-0.00432443,-0.03876293
36324,0.66210703,-0.24324078,0.66825170,0.23641035,0.06342392,-0.00432443,-0.03876293
36331,0.66210660,-0.24323804,0.66825113,0.23641526,0.06342392,-0.00432443,-0.03876293
36340,0.66210179,-0.24324538,0.66825175,0.23641989,0.06342392,-0.00432443,-0.03876293
36346,0.66210408,-0.24324409,0.66824750,0.23642678,0.06342392,-0.00432443,-0.03876293
36353,0.66210374,-0.24324524,0.66824846,0.23642430,0.06342392,-0.00432443,-0.03876293
36359,0.66210002,-0.24325051,0.66824979,0.23642544,0.06342392,-0.00432443,-0.03876293
36369,0.66209917,-0.24324886,0.66825027,0.23642823,0.06342392,-0.00432443,-0.03876293
36375,0.66209669,-0.24325265,0.66825289,0.23642401,0.06342392,-0.00432443,-0.03876293
36382,0.66209750,-0.24325714,0.66825103,0.23642182,0.06342392,-0.00432443,-0.03876293
36388,0.66209607,-0.24325428,0.66825127,0.23642828,0.06342392,-0.00432443,-0.03876293
36394,0.66209459,-0.24325754,0.66824941,0.23643405,0.06342392,-0.00432443,-0.03876293
36406,0.66209344,-0.24326744,0.66824703,0.23643400,0.06342392,-0.00432443,-0.03876293
36414,0.66209287,-0.24326906,0.66824631,0.23643586,0.06342392,-0.00432443,-0.03876293
36420,0.66209058,-0.24327137,0.66824908,0.23643240,0.06342392,-0.00432443,-0.03876293
36426,0.66208944,-0.24327201,0.66825051,0.23643043,0.06342392,-0.00432443,-0.03876293
36435,0.66208672,-0.24327077,0.66825528,0.23642609,0.06342392,-0.00432443,-0.03876293
36441,0.66208481,-0.24327025,0.66825637,0.23642847,0.06342392,-0.00432443,-0.03876293
36448,0.66208453,-0.24326968,0.66825742,0.23642776,0.06342392,-0.00432443,-0.03876293
36457,0.66208739,-0.24326081,0.66825795,0.23642697,0.06342392,-0.00432443,-0.03876293
36463,0.66209053,-0.24325790,0.66825585,0.23642704,0.06342392,-0.00432443,-0.03876293
36472,0.66208653,-0.24325773,0.66826291,0.23641870,0.06342392,-0.00432443,-0.03876293
36481,0.66208381,-0.24325952,0.66826367,0.23642227,0.06342392,-0.00432443,-0.03876293
36487,0.66208724,-0.24325795,0.66826076,0.23642208,0.06342392,-0.00432443,-0.03876293
36494,0.66208529,-0.24326052,0.66826224,0.23642098,0.06342392,-0.00432443,-0.03876293
36505,0.66208238,-0.24325890,0.66826581,0.23642072,0.06342392,-0.00432443,-0.03876293
36512,0.66208071,-0.24326064,0.66826772,0.23641812,0.06342392,-0.00432443,-0.03876293
36518,0.66208124,-0.24326624,0.66826481,0.23641922,0.06342392,-0.00432443,-0.03876293
36524,0.66207942,-0.24326167,0.66826748,0.23642108,0.06342392,-0.00432443,-0.03876293
36531,0.66208143,-0.24326255,0.66826381,0.23642494,0.06342392,-0.00432443,-0.03876293
36539,0.66207609,-0.24326531,0.66826968,0.23642079,0.06342392,-0.00432443,-0.03876293
36547,0.66207199,-0.24326765,0.66827340,0.23641946,0.06342392,-0.00432443,-0.03876293
36554,0.66206603,-0.24326615,0.66827898,0.23642179,0.06342392,-0.00432443,-0.03876293
36560,0.66206603,-0.24326372,0.66828112,0.23641819,0.06342392,-0.00432443,-0.03876293
36569,0.66206817,-0.24326226,0.66828145,0.23641307,0.06342392,-0.00432443,-0.03876293
36575,0.66206936,-0.24326045,0.66828150,0.23641128,0.06342392,-0.00432443,-0.03876293
36584,0.66207675,-0.24325826,0.66827716,0.23640508,0.06342392,-0.00432443,-0.03876293
36591,0.66207861,-0.24325704,0.66827635,0.23640353,0.06342392,-0.00432443,-0.03876293
36600,0.66208271,-0.24324717,0.66827716,0.23639996,0.06342392,-0.00432443,-0.03876293
36606,0.66208209,-0.24324843,0.66827812,0.23639776,0.06342392,-0.00432443,-0.03876293
36613,0.66208319,-0.24324893,0.66827530,0.23640196,0.06342392,-0.00432443,-0.03876293
36622,0.66208353,-0.24324405,0.66827626,0.23640351,0.06342392,-0.00432443,-0.03876293
36629,0.66208605,-0.24324269,0.66827678,0.23639626,0.06342392,-0.00432443,-0.03876293
36636,0.66208591,-0.24324185,0.66827869,0.23639197,0.06342392,-0.00432443,-0.03876293
36642,0.66209001,-0.24324026,0.66827659,0.23638839,0.06342392,-0.00432443,-0.03876293
36649,0.66208753,-0.24324896,0.66827464,0.23639116,0.06342392,-0.00432443,-0.03876293
36655,0.66208934,-0.24324710,0.66827459,0.23638882,0.06342392,-0.00432443,-0.03876293
36664,0.66209073,-0.24324979,0.66827239,0.23638818,0.06342392,-0.00432443,-0.03876293
36671,0.66208796,-0.24325747,0.66827278,0.23638687,0.06342392,-0.00432443,-0.03876293
36678,0.66208319,-0.24326572,0.66827363,0.23638911,0.06342392,-0.00432443,-0.03876293
36687,0.66208486,-0.24326710,0.66827006,0.23639323,0.06342392,-0.00432443,-0.03876293
36693,0.66208305,-0.24327096,0.66827001,0.23639481,0.06342392,-0.00432443,-0.03876293
36702,0.66208686,-0.24326970,0.66826858,0.23638916,0.06342392,-0.00432443,-0.03876293
36711,0.66208338,-0.24326572,0.66827316,0.23638997,0.06342392,-0.00432443,-0.03876293
36720,0.66208219,-0.24325830,0.66827554,0.23639459,0.06342392,-0.00432443,-0.03876293
36726,0.66208038,-0.24326100,0.66827683,0.23639249,0.06342392,-0.00432443,-0.03876293
36735,0.66208066,-0.24326167,0.66827588,0.23639419,0.06342392,-0.00432443,-0.03876293
36741,0.66208086,-0.24326128,0.66827564,0.23639476,0.06342392,-0.00432443,-0.03876293
36748,0.66208071,-0.24326043,0.66827530,0.23639683,0.06342392,-0.00432443,-0.03876293
36754,0.66207938,-0.24326398,0.66827545,0.23639626,0.06342392,-0.00432443,-0.03876293
36764,0.66208190,-0.24325993,0.66827626,0.23639149,0.06342392,-0.00432443,-0.03876293
36771,0.66208319,-0.24326424,0.66827349,0.23639101,0.06342392,-0.00432443,-0.03876293
36777,0.66208481,-0.24326310,0.66827211,0.23639187,0.06342392,-0.00432443,-0.03876293
36783,0.66208295,-0.24326815,0.66827144,0.23639371,0.06342392,-0.00432443,-0.03876293
36790,0.66208496,-0.24327502,0.66826920,0.23638780,0.06342392,-0.00432443,-0.03876293
36799,0.66208667,-0.24327108,0.66826963,0.23638539,0.06342392,-0.00432443,-0.03876293
36806,0.66208534,-0.24327292,0.66827077,0.23638396,0.06342392,-0.00432443,-0.03876293
36813,0.66208605,-0.24327347,0.66827154,0.23637914,0.06342392,-0.00432443,-0.03876293
36819,0.66208887,-0.24327549,0.66827011,0.23637299,0.06342392,-0.00432443,-0.03876293
36828,0.66209383,-0.24327530,0.66826462,0.23637485,0.06342392,-0.00432443,-0.03876293
36834,0.66209311,-0.24327633,0.66826462,0.23637585,0.06342392,-0.00432443,-0.03876293
36841,0.66209359,-0.24327669,0.66826410,0.23637597,0.06342392,-0.00432443,-0.03876293
36850,0.66209530,-0.24327952,0.66826105,0.23637676,0.06342392,-0.00432443,-0.03876293
36859,0.66208882,-0.24328079,0.66826825,0.23637290,0.06342392,-0.00432443,-0.03876293
36865,0.66208720,-0.24328451,0.66826992,0.23636918,0.06342392,-0.00432443,-0.03876293
36872,0.66208677,-0.24329025,0.66827006,0.23636403,0.06342392,-0.00432443,-0.03876293
36878,0.66208486,-0.24329099,0.66827039,0.23636791,0.06342392,-0.00432443,-0.03876293
36884,0.66208610,-0.24329330,0.66826872,0.23636653,0.06342392,-0.00432443,-0.03876293
36894,0.66208734,-0.24329764,0.66826591,0.23636682,0.06342392,-0.00432443,-0.03876293
36901,0.66208391,-0.24330124,0.66826720,0.23636891,0.06342392,-0.00432443,-0.03876293
36907,0.66208176,-0.24330303,0.66826891,0.23636813,0.06342392,-0.00432443,-0.03876293
36916,0.66207981,-0.24330420,0.66827006,0.23636934,0.06342392,-0.00432443,-0.03876293
36925,0.66207957,-0.24330317,0.66827001,0.23637101,0.06342392,-0.00432443,-0.03876293
36931,0.66208477,-0.24330017,0.66826729,0.23636703,0.06342392,-0.00432443,-0.03876293
36940,0.66208214,-0.24330475,0.66826496,0.23637640,0.06342392,-0.00432443,-0.03876293
36947,0.66208305,-0.24330279,0.66826581,0.23637363,0.06342392,-0.00432443,-0.03876293
36953,0.66208410,-0.24330677,0.66826529,0.23636806,0.06342392,-0.00432443,-0.03876293
36962,0.66208753,-0.24330468,0.66826505,0.23636136,0.06342392,-0.00432443,-0.03876293
36970,0.66208701,-0.24330077,0.66826825,0.23635764,0.06342392,-0.00432443,-0.03876293
36978,0.66208605,-0.24330229,0.66826953,0.23635540,0.06342392,-0.00432443,-0.03876293
36984,0.66208500,-0.24330646,0.66826858,0.23635623,0.06342392,-0.00432443,-0.03876293
36993,0.66208534,-0.24330000,0.66827335,0.23634867,0.06342392,-0.00432443,-0.03876293
36999,0.66208500,-0.24330382,0.66827421,0.23634400,0.06342392,-0.00432443,-0.03876293
37006,0.66208076,-0.24330658,0.66827993,0.23633620,0.06342392,-0.00432443,-0.03876293
37012,0.66208248,-0.24330432,0.66827936,0.23633537,0.06342392,-0.00432443,-0.03876293
37022,0.66208009,-0.24330859,0.66828193,0.23633022,0.06342392,-0.00432443,-0.03876293
37028,0.66208071,-0.24331145,0.66828055,0.23632969,0.06342392,-0.00432443,-0.03876293
37035,0.66208100,-0.24330813,0.66828150,0.23632960,0.06342392,-0.00432443,-0.03876293
37044,0.66208190,-0.24330897,0.66827993,0.23633062,0.06342392,-0.00432443,-0.03876293
37050,0.66208033,-0.24330945,0.66828150,0.23633015,0.06342392,-0.00432443,-0.03876293
37059,0.66207866,-0.24330263,0.66828346,0.23633635,0.06342392,-0.00432443,-0.03876293
37066,0.66207952,-0.24330377,0.66828269,0.23633460,0.06342392,-0.00432443,-0.03876293
37073,0.66207604,-0.24330451,0.66828479,0.23633778,0.06342392,-0.00432443,-0.03876293
37079,0.66207332,-0.24330580,0.66828432,0.23634552,0.06342392,-0.00432443,-0.03876293
37088,0.66207370,-0.24330906,0.66828298,0.23634495,0.06342392,-0.00432443,-0.03876293
37094,0.66207499,-0.24330866,0.66828064,0.23634836,0.06342392,-0.00432443,-0.03876293
37101,0.66207351,-0.24330801,0.66828336,0.23634552,0.06342392,-0.00432443,-0.03876293
37110,0.66207175,-0.24331040,0.66828517,0.23634257,0.06342392,-0.00432443,-0.03876293
37119,0.66207399,-0.24331078,0.66828417,0.23633887,0.06342392,-0.00432443,-0.03876293
37137,0.66207418,-0.24330239,0.66828899,0.23633317,0.06342392,-0.00432443,-0.03876293
37143,0.66207795,-0.24330370,0.66828341,0.23633720,0.06342392,-0.00432443,-0.03876293
37149,0.66207795,-0.24330189,0.66828451,0.23633592,0.06342392,-0.00432443,-0.03876293
37156,0.66207890,-0.24329829,0.66828675,0.23633055,0.06342392,-0.00432443,-0.03876293
37165,0.66207861,-0.24329810,0.66828732,0.23633022,0.06342392,-0.00432443,-0.03876293
37172,0.66208000,-0.24329528,0.66828536,0.23633501,0.06342392,-0.00432443,-0.03876293
37178,0.66208128,-0.24329259,0.66828422,0.23633687,0.06342392,-0.00432443,-0.03876293
37185,0.66207799,-0.24329457,0.66828675,0.23633737,0.06342392,-0.00432443,-0.03876293
37194,0.66207671,-0.24329655,0.66828918,0.23633182,0.06342392,-0.00432443,-0.03876293
37200,0.66207761,-0.24329655,0.66828627,0.23633713,0.06342392,-0.00432443,-0.03876293
37210,0.66207342,-0.24329376,0.66828804,0.23634691,0.06342392,-0.00432443,-0.03876293
37216,0.66207141,-0.24329638,0.66829009,0.23634417,0.06342392,-0.00432443,-0.03876293
37222,0.66207208,-0.24329731,0.66828880,0.23634507,0.06342392,-0.00432443,-0.03876293
37231,0.66206498,-0.24329469,0.66829395,0.23635299,0.06342392,-0.00432443,-0.03876293
37237,0.66206116,-0.24329879,0.66829562,0.23635473,0.06342392,-0.00432443,-0.03876293
37244,0.66205711,-0.24329307,0.66830120,0.23635628,0.06342392,-0.00432443,-0.03876293
37253,0.66205549,-0.24330348,0.66829962,0.23635439,0.06342392,-0.00432443,-0.03876293
37262,0.66205844,-0.24330229,0.66829724,0.23635401,0.06342392,-0.00432443,-0.03876293
37269,0.66205472,-0.24330246,0.66830039,0.23635551,0.06342392,-0.00432443,-0.03876293
37275,0.66205043,-0.24330244,0.66830358,0.23635866,0.06342392,-0.00432443,-0.03876293
37281,0.66204919,-0.24330062,0.66830635,0.23635613,0.06342392,-0.00432443,-0.03876293
37288,0.66204957,-0.24330179,0.66830520,0.23635694,0.06342392,-0.00432443,-0.03876293
37298,0.66204648,-0.24330632,0.66830492,0.23636164,0.06342392,-0.00432443,-0.03876293
37304,0.66204700,-0.24331040,0.66830377,0.23635947,0.06342392,-0.00432443,-0.03876293
37310,0.66204595,-0.24331209,0.66830325,0.23636200,0.06342392,-0.00432443,-0.03876293
37317,0.66204261,-0.24331400,0.66830639,0.23636057,0.06342392,-0.00432443,-0.03876293
37327,0.66203680,-0.24331614,0.66831254,0.23635718,0.06342392,-0.00432443,-0.03876293
37336,0.66203474,-0.24331378,0.66831521,0.23635778,0.06342392,-0.00432443,-0.03876293
37344,0.66203155,-0.24330685,0.66831903,0.23636345,0.06342392,-0.00432443,-0.03876293
37350,0.66202945,-0.24330773,0.66832041,0.23636443,0.06342392,-0.00432443,-0.03876293
37359,0.66203041,-0.24330568,0.66832280,0.23635704,0.06342392,-0.00432443,-0.03876293
37365,0.66203403,-0.24330356,0.66832251,0.23634998,0.06342392,-0.00432443,-0.03876293
37372,0.66203384,-0.24330766,0.66832065,0.23635172,0.06342392,-0.00432443,-0.03876293
37381,0.66203312,-0.24331741,0.66831970,0.23634612,0.06342392,-0.00432443,-0.03876293
37387,0.66203408,-0.24331290,0.66831927,0.23634948,0.06342392,-0.00432443,-0.03876293
37396,0.66203269,-0.24331536,0.66832284,0.23634023,0.06342392,-0.00432443,-0.03876293
37405,0.66203365,-0.24332180,0.66831951,0.23634042,0.06342392,-0.00432443,-0.03876293
37411,0.66203203,-0.24332604,0.66832046,0.23633830,0.06342392,-0.00432443,-0.03876293
37417,0.66203289,-0.24332270,0.66832008,0.23634018,0.06342392,-0.00432443,-0.03876293
37427,0.66203918,-0.24331622,0.66831426,0.23634574,0.06342392,-0.00432443,-0.03876293
37433,0.66203932,-0.24331588,0.66831402,0.23634614,0.06342392,-0.00432443,-0.03876293
37440,0.66203899,-0.24331965,0.66831259,0.23634748,0.06342392,-0.00432443,-0.03876293
37446,0.66204028,-0.24331827,0.66831068,0.23635060,0.06342392,-0.00432443,-0.03876293
37453,0.66203842,-0.24331798,0.66831088,0.23635573,0.06342392,-0.00432443,-0.03876293
37461,0.66203441,-0.24331073,0.66831674,0.23635766,0.06342392,-0.00432443,-0.03876293
37469,0.66203842,-0.24330399,0.66831417,0.23636093,0.06342392,-0.00432443,-0.03876293
37478,0.66203808,-0.24329774,0.66831440,0.23636751,0.06342392,-0.00432443,-0.03876293
37484,0.66203875,-0.24329905,0.66831393,0.23636593,0.06342392,-0.00432443,-0.03876293
37493,0.66203694,-0.24329395,0.66831960,0.23635985,0.06342392,-0.00432443,-0.03876293
37499,0.66203451,-0.24329423,0.66832227,0.23635880,0.06342392,-0.00432443,-0.03876293
37505,0.66203451,-0.24328961,0.66832470,0.23635690,0.06342392,-0.00432443,-0.03876293
37515,0.66202907,-0.24329361,0.66832785,0.23635921,0.06342392,-0.00432443,-0.03876293
37523,0.66202774,-0.24329793,0.66832704,0.23636059,0.06342392,-0.00432443,-0.03876293
37532,0.66203026,-0.24330012,0.66832256,0.23636391,0.06342392,-0.00432443,-0.03876293
37538,0.66203122,-0.24329833,0.66832165,0.23636531,0.06342392,-0.00432443,-0.03876293
37544,0.66202836,-0.24330077,0.66832342,0.23636600,0.06342392,-0.00432443,-0.03876293
37554,0.66202449,-0.24330058,0.66832666,0.23636772,0.06342392,-0.00432443,-0.03876293
37562,0.66201682,-0.24330530,0.66833157,0.23637082,0.06342392,-0.00432443,-0.03876293
37568,0.66201686,-0.24330501,0.66833095,0.23637228,0.06342392,-0.00432443,-0.03876293
37574,0.66201829,-0.24330785,0.66832995,0.23636856,0.06342392,-0.00432443,-0.03876293
37581,0.66201410,-0.24331088,0.66833119,0.23637325,0.06342392,-0.00432443,-0.03876293
37590,0.66201238,-0.24331839,0.66833000,0.23637375,0.06342392,-0.00432443,-0.03876293
37596,0.66201343,-0.24332094,0.66832804,0.23637416,0.06342392,-0.00432443,-0.03876293
37605,0.66200900,-0.24331469,0.66833324,0.23637843,0.06342392,-0.00432443,-0.03876293
37611,0.66200780,-0.24331269,0.66833329,0.23638353,0.06342392,-0.00432443,-0.03876293
37620,0.66200942,-0.24331336,0.66833205,0.23638203,0.06342392,-0.00432443,-0.03876293
37627,0.66200470,-0.24331393,0.66833519,0.23638520,0.06342392,-0.00432443,-0.03876293
37633,0.66200447,-0.24331307,0.66833591,0.23638486,0.06342392,-0.00432443,-0.03876293
37640,0.66200180,-0.24331440,0.66833763,0.23638632,0.06342392,-0.00432443,-0.03876293
37649,0.66200342,-0.24331066,0.66833734,0.23638632,0.06342392,-0.00432443,-0.03876293
37658,0.66199660,-0.24330935,0.66834192,0.23639390,0.06342392,-0.00432443,-0.03876293
37665,0.66199345,-0.24331047,0.66834535,0.23639199,0.06342392,-0.00432443,-0.03876293
37671,0.66199202,-0.24331390,0.66834568,0.23639166,0.06342392,-0.00432443,-0.03876293
37677,0.66199278,-0.24330861,0.66834788,0.23638834,0.06342392,-0.00432443,-0.03876293
37686,0.66198768,-0.24330968,0.66835136,0.23639197,0.06342392,-0.00432443,-0.03876293
37695,0.66198911,-0.24330887,0.66834878,0.23639612,0.06342392,-0.00432443,-0.03876293
37701,0.66198592,-0.24330987,0.66835155,0.23639640,0.06342392,-0.00432443,-0.03876293
37708,0.66198248,-0.24331414,0.66835360,0.23639523,0.06342392,-0.00432443,-0.03876293
37714,0.66197700,-0.24331488,0.66835756,0.23639867,0.06342392,-0.00432443,-0.03876293
37723,0.66197133,-0.24331851,0.66835980,0.23640451,0.06342392,-0.00432443,-0.03876293
37730,0.66196842,-0.24331686,0.66836380,0.23640320,0.06342392,-0.00432443,-0.03876293
37738,0.66196842,-0.24331476,0.66836352,0.23640630,0.06342392,-0.00432443,-0.03876293
37745,0.66196184,-0.24331474,0.66836929,0.23640835,0.06342392,-0.00432443,-0.03876293
37753,0.66196155,-0.24331572,0.66836948,0.23640737,0.06342392,-0.00432443,-0.03876293
37762,0.66195926,-0.24332005,0.66837062,0.23640632,0.06342392,-0.00432443,-0.03876293
37769,0.66195578,-0.24331798,0.66837501,0.23640534,0.06342392,-0.00432443,-0.03876293
37778,0.66195101,-0.24332041,0.66837539,0.23641512,0.06342392,-0.00432443,-0.03876293
37787,0.66195516,-0.24332323,0.66836891,0.23641934,0.06342392,-0.00432443,-0.03876293
37793,0.66195340,-0.24332909,0.66836929,0.23641734,0.06342392,-0.00432443,-0.03876293
37800,0.66195020,-0.24332447,0.66837239,0.23642225,0.06342392,-0.00432443,-0.03876293
37806,0.66195063,-0.24332060,0.66837382,0.23642065,0.06342392,-0.00432443,-0.03876293
37813,0.66194891,-0.24332180,0.66837444,0.23642237,0.06342392,-0.00432443,-0.03876293
37822,0.66194667,-0.24331333,0.66838073,0.23641955,0.06342392,-0.00432443,-0.03876293
37829,0.66194391,-0.24331216,0.66838397,0.23641972,0.06342392,-0.00432443,-0.03876293
37838,0.66193857,-0.24331126,0.66838836,0.23642311,0.06342392,-0.00432443,-0.03876293
37844,0.66193370,-0.24331235,0.66839289,0.23642232,0.06342392,-0.00432443,-0.03876293
37853,0.66192865,-0.24330778,0.66839761,0.23642828,0.06342392,-0.00432443,-0.03876293
37859,0.66192989,-0.24330718,0.66839785,0.23642470,0.06342392,-0.00432443,-0.03876293
37868,0.66192569,-0.24330792,0.66840124,0.23642618,0.06342392,-0.00432443,-0.03876293
37875,0.66192336,-0.24330534,0.66840524,0.23642425,0.06342392,-0.00432443,-0.03876293
37881,0.66192159,-0.24330143,0.66840801,0.23642544,0.06342392,-0.00432443,-0.03876293
37890,0.66191797,-0.24329609,0.66841559,0.23641927,0.06342392,-0.00432443,-0.03876293
37896,0.66191530,-0.24329333,0.66842074,0.23641533,0.06342392,-0.00432443,-0.03876293
37905,0.66191301,-0.24329695,0.66842169,0.23641548,0.06342392,-0.00432443,-0.03876293
37912,0.66191511,-0.24329028,0.66842012,0.23642046,0.06342392,-0.00432443,-0.03876293
37919,0.66191844,-0.24329397,0.66841764,0.23641483,0.06342392,-0.00432443,-0.03876293
37926,0.66191339,-0.24329488,0.66842036,0.23642010,0.06342392,-0.00432443,-0.03876293
37932,0.66191406,-0.24329736,0.66841773,0.23642287,0.06342392,-0.00432443,-0.03876293
37941,0.66191239,-0.24329752,0.66841893,0.23642406,0.06342392,-0.00432443,-0.03876293
37950,0.66191363,-0.24329972,0.66841821,0.23642046,0.06342392,-0.00432443,-0.03876293
37957,0.66190576,-0.24330937,0.66842384,0.23641676,0.06342392,-0.00432443,-0.03876293
37964,0.66190485,-0.24330658,0.66842579,0.23641648,0.06342392,-0.00432443,-0.03876293
37970,0.66190328,-0.24330544,0.66842694,0.23641910,0.06342392,-0.00432443,-0.03876293
37979,0.66190381,-0.24331097,0.66842603,0.23641402,0.06342392,-0.00432443,-0.03876293
37986,0.66190767,-0.24330914,0.66842317,0.23641324,0.06342392,-0.00432443,-0.03876293
37992,0.66190271,-0.24331068,0.66842660,0.23641557,0.06342392,-0.00432443,-0.03876293
38001,0.66189851,-0.24331154,0.66842975,0.23641850,0.06342392,-0.00432443,-0.03876293
38008,0.66189107,-0.24331431,0.66843576,0.23641901,0.06342392,-0.00432443,-0.03876293
38016,0.66189136,-0.24331336,0.66843466,0.23642194,0.06342392,-0.00432443,-0.03876293
38023,0.66188883,-0.24331185,0.66843833,0.23642022,0.06342392,-0.00432443,-0.03876293
38029,0.66188912,-0.24331638,0.66843724,0.23641788,0.06342392,-0.00432443,-0.03876293
38035,0.66188387,-0.24331591,0.66844043,0.23642394,0.06342392,-0.00432443,-0.03876293
38045,0.66188068,-0.24331467,0.66844139,0.23643171,0.06342392,-0.00432443,-0.03876293
38052,0.66187810,-0.24331691,0.66844344,0.23643078,0.06342392,-0.00432443,-0.03876293
38058,0.66187996,-0.24331207,0.66844344,0.23643038,0.06342392,-0.00432443,-0.03876293
38065,0.66187763,-0.24330806,0.66844873,0.23642616,0.06342392,-0.00432443,-0.03876293
38071,0.66187829,-0.24330985,0.66844882,0.23642261,0.06342392,-0.00432443,-0.03876293
38080,0.66187238,-0.24330909,0.66845536,0.23642117,0.06342392,-0.00432443,-0.03876293
38087,0.66187009,-0.24330947,0.66846046,0.23641247,0.06342392,-0.00432443,-0.03876293
38094,0.66186981,-0.24330806,0.66846132,0.23641247,0.06342392,-0.00432443,-0.03876293
38100,0.66186642,-0.24330682,0.66846318,0.23641781,0.06342392,-0.00432443,-0.03876293
38109,0.66186423,-0.24330737,0.66846427,0.23642044,0.06342392,-0.00432443,-0.03876293
38116,0.66186528,-0.24330656,0.66846265,0.23642320,0.06342392,-0.00432443,-0.03876293
38123,0.66185851,-0.24330279,0.66846938,0.23642697,0.06342392,-0.00432443,-0.03876293
38137,0.66185278,-0.24329500,0.66847581,0.23643252,0.06342392,-0.00432443,-0.03876293
38145,0.66185207,-0.24329016,0.66847825,0.23643319,0.06342392,-0.00432443,-0.03876293
38154,0.66184825,-0.24329671,0.66848034,0.23643114,0.06342392,-0.00432443,-0.03876293
38161,0.66184420,-0.24329748,0.66848411,0.23643107,0.06342392,-0.00432443,-0.03876293
38167,0.66184654,-0.24329261,0.66848568,0.23642461,0.06342392,-0.00432443,-0.03876293
38176,0.66184287,-0.24329469,0.66849017,0.23642034,0.06342392,-0.00432443,-0.03876293
38186,0.66183047,-0.24328942,0.66850237,0.23642578,0.06342392,-0.00432443,-0.03876293
38195,0.66182255,-0.24329080,0.66850829,0.23642966,0.06342392,-0.00432443,-0.03876293
38201,0.66182374,-0.24329152,0.66850690,0.23642954,0.06342392,-0.00432443,-0.03876293
38208,0.66182088,-0.24328694,0.66851038,0.23643267,0.06342392,-0.00432443,-0.03876293
38214,0.66181998,-0.24328277,0.66851196,0.23643496,0.06342392,-0.00432443,-0.03876293
38224,0.66181349,-0.24327340,0.66852149,0.23643567,0.06342392,-0.00432443,-0.03876293
38230,0.66180934,-0.24327285,0.66852674,0.23643260,0.06342392,-0.00432443,-0.03876293
38236,0.66180715,-0.24326827,0.66852898,0.23643732,0.06342392,-0.00432443,-0.03876293
38243,0.66180315,-0.24326782,0.66853284,0.23643810,0.06342392,-0.00432443,-0.03876293
38252,0.66179938,-0.24327251,0.66853456,0.23643925,0.06342392,-0.00432443,-0.03876293
38258,0.66179490,-0.24326398,0.66854324,0.23643586,0.06342392,-0.00432443,-0.03876293
38268,0.66178455,-0.24326059,0.66855411,0.23643753,0.06342392,-0.00432443,-0.03876293
38274,0.66178035,-0.24326238,0.66855764,0.23643779,0.06342392,-0.00432443,-0.03876293
38283,0.66177568,-0.24326744,0.66855854,0.23644325,0.06342392,-0.00432443,-0.03876293
38289,0.66177248,-0.24326176,0.66856293,0.23644537,0.06342392,-0.00432443,-0.03876293
38296,0.66176967,-0.24326055,0.66856441,0.23645024,0.06342392,-0.00432443,-0.03876293
38302,0.66176691,-0.24325985,0.66856889,0.23644611,0.06342392,-0.00432443,-0.03876293
38311,0.66176071,-0.24326076,0.66857581,0.23644285,0.06342392,-0.00432443,-0.03876293
38320,0.66175460,-0.24326033,0.66858129,0.23644511,0.06342392,-0.00432443,-0.03876293
38326,0.66174817,-0.24325673,0.66858725,0.23645021,0.06342392,-0.00432443,-0.03876293
38333,0.66174130,-0.24325995,0.66859321,0.23644871,0.06342392,-0.00432443,-0.03876293
38341,0.66174192,-0.24325468,0.66859340,0.23645205,0.06342392,-0.00432443,-0.03876293
38350,0.66174230,-0.24324526,0.66859788,0.23644795,0.06342392,-0.00432443,-0.03876293
38358,0.66174068,-0.24324374,0.66860094,0.23644537,0.06342392,-0.00432443,-0.03876293
38364,0.66173810,-0.24324014,0.66860508,0.23644449,0.06342392,-0.00432443,-0.03876293
38371,0.66173667,-0.24323241,0.66860761,0.23644971,0.06342392,-0.00432443,-0.03876293
38379,0.66173601,-0.24323060,0.66861038,0.23644545,0.06342392,-0.00432443,-0.03876293
38386,0.66173419,-0.24323127,0.66861176,0.23644561,0.06342392,-0.00432443,-0.03876293
38392,0.66173319,-0.24323031,0.66861352,0.23644406,0.06342392,-0.00432443,-0.03876293
38401,0.66172771,-0.24323060,0.66861772,0.23644754,0.06342392,-0.00432443,-0.03876293
38410,0.66172413,-0.24322712,0.66862258,0.23644778,0.06342392,-0.00432443,-0.03876293
38417,0.66172213,-0.24322319,0.66862707,0.23644504,0.06342392,-0.00432443,-0.03876293
38423,0.66172175,-0.24322535,0.66862649,0.23644492,0.06342392,-0.00432443,-0.03876293
38430,0.66171836,-0.24322075,0.66862974,0.23645009,0.06342392,-0.00432443,-0.03876293
38436,0.66171045,-0.24322381,0.66863684,0.23644869,0.06342392,-0.00432443,-0.03876293
38446,0.66170048,-0.24322898,0.66864671,0.23644387,0.06342392,-0.00432443,-0.03876293
38452,0.66170053,-0.24322693,0.66864867,0.23644008,0.06342392,-0.00432443,-0.03876293
38459,0.66169748,-0.24321939,0.66865415,0.23644046,0.06342392,-0.00432443,-0.03876293
38465,0.66169624,-0.24321925,0.66865520,0.23644118,0.06342392,-0.00432443,-0.03876293
38471,0.66169338,-0.24322755,0.66865510,0.23644115,0.06342392,-0.00432443,-0.03876293
38480,0.66169166,-0.24322173,0.66865968,0.23643896,0.06342392,-0.00432443,-0.03876293
38488,0.66168899,-0.24321863,0.66866354,0.23643889,0.06342392,-0.00432443,-0.03876293
38495,0.66168947,-0.24322178,0.66866302,0.23643562,0.06342392,-0.00432443,-0.03876293
38501,0.66168537,-0.24321992,0.66866836,0.23643426,0.06342392,-0.00432443,-0.03876293
38510,0.66168298,-0.24321441,0.66867542,0.23642673,0.06342392,-0.00432443,-0.03876293
38516,0.66168012,-0.24322059,0.66867733,0.23642268,0.06342392,-0.00432443,-0.03876293
38525,0.66167955,-0.24322249,0.66867918,0.23641691,0.06342392,-0.00432443,-0.03876293
38532,0.66167759,-0.24322345,0.66868238,0.23641278,0.06342392,-0.00432443,-0.03876293
38541,0.66167716,-0.24322118,0.66868491,0.23640923,0.06342392,-0.00432443,-0.03876293
38551,0.66167325,-0.24322524,0.66868333,0.23641996,0.06342392,-0.00432443,-0.03876293
38558,0.66166505,-0.24322609,0.66869163,0.23641860,0.06342392,-0.00432443,-0.03876293
38564,0.66166043,-0.24322459,0.66869630,0.23641998,0.06342392,-0.00432443,-0.03876293
38574,0.66165490,-0.24322738,0.66870174,0.23641743,0.06342392,-0.00432443,-0.03876293
38582,0.66164517,-0.24323103,0.66870994,0.23641738,0.06342392,-0.00432443,-0.03876293
38589,0.66163806,-0.24323348,0.66871638,0.23641655,0.06342392,-0.00432443,-0.03876293
38595,0.66163277,-0.24323065,0.66872358,0.23641414,0.06342392,-0.00432443,-0.03876293
38601,0.66162991,-0.24323492,0.66872448,0.23641529,0.06342392,-0.00432443,-0.03876293
38610,0.66162242,-0.24323794,0.66872930,0.23641903,0.06342392,-0.00432443,-0.03876293
38618,0.66162204,-0.24323873,0.66873064,0.23641562,0.06342392,-0.00432443,-0.03876293
38626,0.66162247,-0.24323394,0.66873302,0.23641250,0.06342392,-0.00432443,-0.03876293
38633,0.66162338,-0.24322845,0.66873264,0.23641667,0.06342392,-0.00432443,-0.03876293
38639,0.66162071,-0.24322490,0.66873769,0.23641376,0.06342392,-0.00432443,-0.03876293
38648,0.66161675,-0.24322514,0.66873941,0.23641934,0.06342392,-0.00432443,-0.03876293
38654,0.66161546,-0.24322094,0.66874332,0.23641648,0.06342392,-0.00432443,-0.03876293
38664,0.66161351,-0.24322822,0.66874151,0.23642003,0.06342392,-0.00432443,-0.03876293
38670,0.66161022,-0.24323112,0.66874303,0.23642201,0.06342392,-0.00432443,-0.03876293
38679,0.66159830,-0.24323258,0.66875257,0.23642659,0.06342392,-0.00432443,-0.03876293
38685,0.66159095,-0.24323351,0.66875863,0.23642909,0.06342392,-0.00432443,-0.03876293
38697,0.66158747,-0.24322738,0.66876816,0.23641808,0.06342392,-0.00432443,-0.03876293
38703,0.66158151,-0.24323084,0.66877193,0.23642022,0.06342392,-0.00432443,-0.03876293
38713,0.66157512,-0.24323372,0.66878051,0.23641154,0.06342392,-0.00432443,-0.03876293
38720,0.66157031,-0.24323616,0.66878376,0.23641304,0.06342392,-0.00432443,-0.03876293
38726,0.66156806,-0.24323356,0.66878695,0.23641295,0.06342392,-0.00432443,-0.03876293
38733,0.66156997,-0.24322578,0.66878838,0.23641176,0.06342392,-0.00432443,-0.03876293
38739,0.66156902,-0.24322519,0.66878919,0.23641226,0.06342392,-0.00432443,-0.03876293
38748,0.66156935,-0.24322073,0.66878771,0.23641996,0.06342392,-0.00432443,-0.03876293
38757,0.66156530,-0.24322440,0.66878943,0.23642296,0.06342392,-0.00432443,-0.03876293
38764,0.66156334,-0.24321682,0.66879248,0.23642740,0.06342392,-0.00432443,-0.03876293
38772,0.66156129,-0.24321682,0.66879692,0.23642094,0.06342392,-0.00432443,-0.03876293
38779,0.66155719,-0.24321916,0.66879982,0.23642179,0.06342392,-0.00432443,-0.03876293
38786,0.66155490,-0.24322094,0.66880302,0.23641734,0.06342392,-0.00432443,-0.03876293
38792,0.66155185,-0.24322059,0.66880435,0.23642265,0.06342392,-0.00432443,-0.03876293
38801,0.66155195,-0.24321439,0.66880798,0.23641803,0.06342392,-0.00432443,-0.03876293
38810,0.66154475,-0.24321720,0.66881465,0.23641667,0.06342392,-0.00432443,-0.03876293
38816,0.66154694,-0.24321315,0.66881484,0.23641440,0.06342392,-0.00432443,-0.03876293
38823,0.66154546,-0.24321467,0.66881699,0.23641071,0.06342392,-0.00432443,-0.03876293
38829,0.66154265,-0.24320886,0.66882219,0.23641011,0.06342392,-0.00432443,-0.03876293
38838,0.66153593,-0.24320611,0.66882615,0.23642010,0.06342392,-0.00432443,-0.03876293
38846,0.66153469,-0.24319603,0.66882982,0.23642361,0.06342392,-0.00432443,-0.03876293
38852,0.66153459,-0.24319379,0.66883001,0.23642544,0.06342392,-0.00432443,-0.03876293
38858,0.66153149,-0.24319498,0.66883163,0.23642835,0.06342392,-0.00432443,-0.03876293
38865,0.66152806,-0.24319000,0.66883506,0.23643333,0.06342392,-0.00432443,-0.03876293
38873,0.66152973,-0.24318745,0.66883420,0.23643407,0.06342392,-0.00432443,-0.03876293
38880,0.66152739,-0.24318008,0.66883702,0.23644037,0.06342392,-0.00432443,-0.03876293
38889,0.66152343,-0.24317891,0.66884069,0.23644199,0.06342392,-0.00432443,-0.03876293
38895,0.66152343,-0.24317910,0.66884031,0.23644230,0.06342392,-0.00432443,-0.03876293
38902,0.66152119,-0.24317815,0.66884303,0.23644254,0.06342392,-0.00432443,-0.03876293
38911,0.66151242,-0.24318697,0.66884622,0.23644835,0.06342392,-0.00432443,-0.03876293
38917,0.66151056,-0.24318046,0.66885061,0.23644862,0.06342392,-0.00432443,-0.03876293
38927,0.66150665,-0.24317851,0.66885752,0.23644168,0.06342392,-0.00432443,-0.03876293
38933,0.66150088,-0.24318547,0.66886081,0.23644142,0.06342392,-0.00432443,-0.03876293
38942,0.66149835,-0.24317703,0.66886196,0.23645350,0.06342392,-0.00432443,-0.03876293
38948,0.66149425,-0.24317567,0.66886434,0.23646011,0.06342392,-0.00432443,-0.03876293
38955,0.66149110,-0.24316599,0.66886997,0.23646309,0.06342392,-0.00432443,-0.03876293
38963,0.66148905,-0.24315867,0.66887292,0.23646786,0.06342392,-0.00432443,-0.03876293
38973,0.66148571,-0.24314575,0.66888141,0.23646690,0.06342392,-0.00432443,-0.03876293
38980,0.66148557,-0.24314723,0.66887946,0.23647117,0.06342392,-0.00432443,-0.03876293
38986,0.66147923,-0.24315037,0.66888647,0.23646535,0.06342392,-0.00432443,-0.03876293
38992,0.66147470,-0.24314701,0.66889266,0.23646368,0.06342392,-0.00432443,-0.03876293
38999,0.66146922,-0.24314825,0.66889619,0.23646805,0.06342392,-0.00432443,-0.03876293
39008,0.66145744,-0.24315044,0.66890611,0.23647115,0.06342392,-0.00432443,-0.03876293
39015,0.66145086,-0.24314675,0.66891336,0.23647253,0.06342392,-0.00432443,-0.03876293
39021,0.66144871,-0.24314527,0.66891570,0.23647310,0.06342392,-0.00432443,-0.03876293
39028,0.66144566,-0.24314651,0.66892070,0.23646643,0.06342392,-0.00432443,-0.03876293
39036,0.66144504,-0.24314773,0.66891899,0.23647191,0.06342392,-0.00432443,-0.03876293
39043,0.66144475,-0.24314830,0.66891937,0.23647108,0.06342392,-0.00432443,-0.03876293
39052,0.66143851,-0.24315323,0.66892223,0.23647534,0.06342392,-0.00432443,-0.03876293
39059,0.66143674,-0.24314880,0.66892523,0.23647637,0.06342392,-0.00432443,-0.03876293
39065,0.66143174,-0.24314882,0.66892962,0.23647730,0.06342392,-0.00432443,-0.03876293
39074,0.66142864,-0.24314391,0.66893196,0.23648481,0.06342392,-0.00432443,-0.03876293
39081,0.66142435,-0.24314198,0.66893749,0.23648288,0.06342392,-0.00432443,-0.03876293
39087,0.66142225,-0.24313669,0.66894154,0.23648333,0.06342392,-0.00432443,-0.03876293
39093,0.66141853,-0.24313426,0.66894493,0.23648669,0.06342392,-0.00432443,-0.03876293
39103,0.66140708,-0.24313433,0.66895503,0.23648958,0.06342392,-0.00432443,-0.03876293
39109,0.66140217,-0.24313566,0.66895952,0.23648958,0.06342392,-0.00432443,-0.03876293
39118,0.66138987,-0.24314210,0.66897010,0.23648719,0.06342392,-0.00432443,-0.03876293
39125,0.66139163,-0.24313800,0.66896986,0.23648726,0.06342392,-0.00432443,-0.03876293
39137,0.66138582,-0.24312729,0.66897778,0.23649234,0.06342392,-0.00432443,-0.03876293
39143,0.66138324,-0.24312808,0.66898202,0.23648653,0.06342392,-0.00432443,-0.03876293
39153,0.66137742,-0.24312140,0.66898818,0.23649225,0.06342392,-0.00432443,-0.03876293
39159,0.66137247,-0.24312415,0.66899261,0.23649058,0.06342392,-0.00432443,-0.03876293
39168,0.66136636,-0.24312124,0.66899852,0.23649401,0.06342392,-0.00432443,-0.03876293
39177,0.66136360,-0.24312500,0.66899967,0.23649492,0.06342392,-0.00432443,-0.03876293
39183,0.66136002,-0.24312224,0.66900444,0.23649446,0.06342392,-0.00432443,-0.03876293
39190,0.66135687,-0.24312205,0.66900639,0.23649752,0.06342392,-0.00432443,-0.03876293
39200,0.66135048,-0.24312121,0.66901569,0.23648996,0.06342392,-0.00432443,-0.03876293
39207,0.66134686,-0.24311616,0.66901917,0.23649563,0.06342392,-0.00432443,-0.03876293
39213,0.66133875,-0.24311618,0.66902470,0.23650209,0.06342392,-0.00432443,-0.03876293
39220,0.66133065,-0.24311997,0.66902947,0.23650774,0.06342392,-0.00432443,-0.03876293
39226,0.66132583,-0.24311807,0.66903347,0.23651201,0.06342392,-0.00432443,-0.03876293
39233,0.66132164,-0.24312262,0.66903362,0.23651843,0.06342392,-0.00432443,-0.03876293
39245,0.66131563,-0.24312610,0.66904182,0.23650889,0.06342392,-0.00432443,-0.03876293
39251,0.66131234,-0.24312629,0.66904454,0.23650984,0.06342392,-0.00432443,-0.03876293
39258,0.66131048,-0.24312701,0.66904802,0.23650453,0.06342392,-0.00432443,-0.03876293
39264,0.66130404,-0.24312677,0.66905503,0.23650293,0.06342392,-0.00432443,-0.03876293
39273,0.66130156,-0.24312157,0.66906013,0.23650088,0.06342392,-0.00432443,-0.03876293
39280,0.66129851,-0.24311699,0.66906585,0.23649749,0.06342392,-0.00432443,-0.03876293
39287,0.66129302,-0.24310927,0.66907281,0.23650078,0.06342392,-0.00432443,-0.03876293
39293,0.66128864,-0.24310479,0.66907858,0.23650193,0.06342392,-0.00432443,-0.03876293
39302,0.66128406,-0.24311060,0.66908288,0.23649666,0.06342392,-0.00432443,-0.03876293
39308,0.66127986,-0.24311037,0.66908602,0.23649959,0.06342392,-0.00432443,-0.03876293
39315,0.66127729,-0.24310884,0.66908712,0.23650531,0.06342392,-0.00432443,-0.03876293
39324,0.66127247,-0.24311089,0.66909294,0.23650062,0.06342392,-0.00432443,-0.03876293
39330,0.66126937,-0.24310441,0.66909689,0.23650441,0.06342392,-0.00432443,-0.03876293
39339,0.66127223,-0.24309787,0.66909484,0.23650887,0.06342392,-0.00432443,-0.03876293
39346,0.66127424,-0.24309520,0.66909408,0.23650844,0.06342392,-0.00432443,-0.03876293
39352,0.66126866,-0.24309625,0.66909713,0.23651409,0.06342392,-0.00432443,-0.03876293
39359,0.66125793,-0.24309437,0.66910719,0.23651742,0.06342392,-0.00432443,-0.03876293
39370,0.66124725,-0.24309895,0.66911506,0.23652074,0.06342392,-0.00432443,-0.03876293
39377,0.66123967,-0.24309546,0.66912183,0.23652622,0.06342392,-0.00432443,-0.03876293
39383,0.66123251,-0.24309494,0.66912798,0.23652942,0.06342392,-0.00432443,-0.03876293
39390,0.66122956,-0.24308922,0.66913290,0.23652980,0.06342392,-0.00432443,-0.03876293
39398,0.66122417,-0.24308104,0.66914181,0.23652729,0.06342392,-0.00432443,-0.03876293
39405,0.66121821,-0.24307639,0.66914849,0.23652987,0.06342392,-0.00432443,-0.03876293
39414,0.66121244,-0.24307343,0.66915340,0.23653535,0.06342392,-0.00432443,-0.03876293
39421,0.66120886,-0.24307310,0.66915616,0.23653786,0.06342392,-0.00432443,-0.03876293
39427,0.66120681,-0.24306781,0.66916041,0.23653719,0.06342392,-0.00432443,-0.03876293
39436,0.66120367,-0.24306526,0.66916189,0.23654406,0.06342392,-0.00432443,-0.03876293
39442,0.66120033,-0.24305772,0.66916680,0.23654778,0.06342392,-0.00432443,-0.03876293
39449,0.66119523,-0.24305305,0.66917095,0.23655467,0.06342392,-0.00432443,-0.03876293
39458,0.66119365,-0.24304428,0.66917619,0.23655343,0.06342392,-0.00432443,-0.03876293
39467,0.66119108,-0.24304237,0.66917953,0.23655300,0.06342392,-0.00432443,-0.03876293
39473,0.66118807,-0.24303989,0.66918468,0.23654971,0.06342392,-0.00432443,-0.03876293
39482,0.66117782,-0.24304046,0.66919250,0.23655593,0.06342392,-0.00432443,-0.03876293
39488,0.66117453,-0.24303884,0.66919574,0.23655738,0.06342392,-0.00432443,-0.03876293
39495,0.66116805,-0.24303545,0.66920223,0.23656044,0.06342392,-0.00432443,-0.03876293
39505,0.66115694,-0.24303979,0.66921043,0.23656370,0.06342392,-0.00432443,-0.03876293
39511,0.66115088,-0.24303488,0.66921806,0.23656413,0.06342392,-0.00432443,-0.03876293
39518,0.66114764,-0.24303145,0.66922178,0.23656609,0.06342392,-0.00432443,-0.03876293
39524,0.66114301,-0.24303128,0.66922612,0.23656725,0.06342392,-0.00432443,-0.03876293
39533,0.66113576,-0.24303417,0.66922955,0.23657505,0.06342392,-0.00432443,-0.03876293
39539,0.66113276,-0.24303123,0.66923179,0.23657991,0.06342392,-0.00432443,-0.03876293
39548,0.66112303,-0.24302623,0.66924028,0.23658812,0.06342392,-0.00432443,-0.03876293
39557,0.66111493,-0.24302365,0.66924715,0.23659353,0.06342392,-0.00432443,-0.03876293
39564,0.66110606,-0.24301834,0.66925616,0.23659889,0.06342392,-0.00432443,-0.03876293
39572,0.66109981,-0.24301383,0.66926202,0.23660416,0.06342392,-0.00432443,-0.03876293
39578,0.66108899,-0.24301700,0.66926994,0.23660914,0.06342392,-0.00432443,-0.03876293
39585,0.66108322,-0.24302041,0.66927475,0.23660793,0.06342392,-0.00432443,-0.03876293
39594,0.66107821,-0.24301476,0.66927986,0.23661348,0.06342392,-0.00432443,-0.03876293
39603,0.66107392,-0.24300794,0.66928453,0.23661909,0.06342392,-0.00432443,-0.03876293
39609,0.66106796,-0.24300839,0.66929006,0.23661944,0.06342392,-0.00432443,-0.03876293
39616,0.66106147,-0.24300291,0.66929788,0.23662145,0.06342392,-0.00432443,-0.03876293
39624,0.66105265,-0.24300262,0.66930413,0.23662807,0.06342392,-0.00432443,-0.03876293
39631,0.66104612,-0.24300391,0.66930861,0.23663225,0.06342392,-0.00432443,-0.03876293
39639,0.66104121,-0.24300003,0.66931653,0.23662796,0.06342392,-0.00432443,-0.03876293
39645,0.66103887,-0.24299435,0.66932201,0.23662478,0.06342392,-0.00432443,-0.03876293
39651,0.66103310,-0.24298996,0.66932783,0.23662905,0.06342392,-0.00432443,-0.03876293
39658,0.66102933,-0.24298493,0.66933135,0.23663444,0.06342392,-0.00432443,-0.03876293
39666,0.66101908,-0.24297752,0.66934280,0.23663856,0.06342392,-0.00432443,-0.03876293
39674,0.66101260,-0.24297502,0.66935138,0.23663487,0.06342392,-0.00432443,-0.03876293
39680,0.66100735,-0.24296989,0.66935734,0.23663809,0.06342392,-0.00432443,-0.03876293
39687,0.66099910,-0.24296610,0.66936483,0.23664374,0.06342392,-0.00432443,-0.03876293
39696,0.66098828,-0.24295897,0.66937642,0.23664801,0.06342392,-0.00432443,-0.03876293
39703,0.66097993,-0.24295606,0.66938343,0.23665504,0.06342392,-0.00432443,-0.03876293
39709,0.66097764,-0.24295454,0.66938710,0.23665239,0.06342392,-0.00432443,-0.03876293
39718,0.66096663,-0.24296026,0.66939454,0.23665640,0.06342392,-0.00432443,-0.03876293
39727,0.66096048,-0.24295341,0.66940112,0.23666214,0.06342392,-0.00432443,-0.03876293
39734,0.66095037,-0.24295070,0.66940875,0.23667140,0.06342392,-0.00432443,-0.03876293
39740,0.66094379,-0.24294488,0.66941576,0.23667583,0.06342392,-0.00432443,-0.03876293
39746,0.66093807,-0.24294188,0.66942114,0.23667986,0.06342392,-0.00432443,-0.03876293
39753,0.66093034,-0.24293947,0.66943025,0.23667819,0.06342392,-0.00432443,-0.03876293
39763,0.66091938,-0.24293665,0.66943883,0.23668749,0.06342392,-0.00432443,-0.03876293
39769,0.66091151,-0.24293577,0.66944499,0.23669288,0.06342392,-0.00432443,-0.03876293
39777,0.66090464,-0.24293096,0.66945214,0.23669667,0.06342392,-0.00432443,-0.03876293
39784,0.66089444,-0.24292531,0.66946182,0.23670308,0.06342392,-0.00432443,-0.03876293
39793,0.66089038,-0.24292531,0.66946454,0.23670740,0.06342392,-0.00432443,-0.03876293
39799,0.66088752,-0.24292137,0.66946940,0.23670551,0.06342392,-0.00432443,-0.03876293
39808,0.66087722,-0.24291679,0.66947774,0.23671519,0.06342392,-0.00432443,-0.03876293
39815,0.66086983,-0.24291782,0.66948518,0.23671367,0.06342392,-0.00432443,-0.03876293
39821,0.66086339,-0.24291501,0.66949057,0.23671932,0.06342392,-0.00432443,-0.03876293
39830,0.66085600,-0.24291012,0.66949853,0.23672287,0.06342392,-0.00432443,-0.03876293
39839,0.66084094,-0.24290819,0.66951217,0.23672797,0.06342392,-0.00432443,-0.03876293
39845,0.66083483,-0.24290266,0.66951723,0.23673644,0.06342392,-0.00432443,-0.03876293
39855,0.66082658,-0.24289848,0.66952648,0.23673789,0.06342392,-0.00432443,-0.03876293
39864,0.66082096,-0.24288902,0.66953420,0.23674135,0.06342392,-0.00432443,-0.03876293
39870,0.66081576,-0.24288852,0.66954083,0.23673722,0.06342392,-0.00432443,-0.03876293
39876,0.66080946,-0.24288473,0.66954731,0.23674032,0.06342392,-0.00432443,-0.03876293
39883,0.66079864,-0.24288411,0.66955714,0.23674340,0.06342392,-0.00432443,-0.03876293
39891,0.66078767,-0.24288539,0.66956529,0.23674986,0.06342392,-0.00432443,-0.03876293
39899,0.66078004,-0.24288060,0.66957278,0.23675470,0.06342392,-0.00432443,-0.03876293
39908,0.66077861,-0.24286892,0.66957578,0.23676214,0.06342392,-0.00432443,-0.03876293
39914,0.66077523,-0.24286282,0.66958103,0.23676319,0.06342392,-0.00432443,-0.03876293
39921,0.66077375,-0.24286141,0.66958231,0.23676500,0.06342392,-0.00432443,-0.03876293
39929,0.66076703,-0.24285700,0.66958956,0.23676838,0.06342392,-0.00432443,-0.03876293
39936,0.66076126,-0.24285006,0.66959600,0.23677322,0.06342392,-0.00432443,-0.03876293
39945,0.66074533,-0.24285385,0.66960811,0.23677930,0.06342392,-0.00432443,-0.03876293
39951,0.66073851,-0.24285039,0.66961569,0.23678019,0.06342392,-0.00432443,-0.03876293
39960,0.66073331,-0.24284706,0.66962246,0.23677918,0.06342392,-0.00432443,-0.03876293
39967,0.66072721,-0.24284455,0.66962947,0.23677892,0.06342392,-0.00432443,-0.03876293
39973,0.66072268,-0.24283781,0.66963438,0.23678457,0.06342392,-0.00432443,-0.03876293
39984,0.66070852,-0.24283003,0.66965341,0.23677811,0.06342392,-0.00432443,-0.03876293
39991,0.66070246,-0.24282720,0.66965990,0.23677954,0.06342392,-0.00432443,-0.03876293
39998,0.66069436,-0.24282164,0.66966891,0.23678302,0.06342392,-0.00432443,-0.03876293
40004,0.66068654,-0.24281737,0.66967620,0.23678860,0.06342392,-0.00432443,-0.03876293
40011,0.66067557,-0.24281272,0.66968846,0.23678903,0.06342392,-0.00432443,-0.03876293
40017,0.66066651,-0.24281256,0.66969447,0.23679757,0.06342392,-0.00432443,-0.03876293
40026,0.66065778,-0.24280622,0.66970210,0.23680694,0.06342392,-0.00432443,-0.03876293
40033,0.66065073,-0.24280376,0.66971158,0.23680219,0.06342392,-0.00432443,-0.03876293
40040,0.66064281,-0.24280183,0.66971821,0.23680739,0.06342392,-0.00432443,-0.03876293
40046,0.66063566,-0.24280018,0.66972513,0.23680968,0.06342392,-0.00432443,-0.03876293
40055,0.66062598,-0.24278955,0.66973805,0.23681054,0.06342392,-0.00432443,-0.03876293
40062,0.66061935,-0.24279050,0.66974315,0.23681383,0.06342392,-0.00432443,-0.03876293
40071,0.66060466,-0.24278540,0.66975641,0.23682236,0.06342392,-0.00432443,-0.03876293
40077,0.66059560,-0.24278149,0.66976623,0.23682379,0.06342392,-0.00432443,-0.03876293
40084,0.66058969,-0.24278101,0.66977052,0.23682885,0.06342392,-0.00432443,-0.03876293
40093,0.66058225,-0.24277682,0.66977748,0.23683440,0.06342392,-0.00432443,-0.03876293
40099,0.66057033,-0.24277911,0.66978597,0.23684139,0.06342392,-0.00432443,-0.03876293
40105,0.66056098,-0.24277737,0.66979570,0.23684160,0.06342392,-0.00432443,-0.03876293
40115,0.66054797,-0.24276509,0.66981172,0.23684508,0.06342392,-0.00432443,-0.03876293
40124,0.66053771,-0.24275925,0.66982402,0.23684515,0.06342392,-0.00432443,-0.03876293
40130,0.66052970,-0.24275650,0.66983165,0.23684849,0.06342392,-0.00432443,-0.03876293
40142,0.66051387,-0.24274680,0.66984710,0.23685910,0.06342392,-0.00432443,-0.03876293
40149,0.66050295,-0.24275164,0.66985507,0.23686203,0.06342392,-0.00432443,-0.03876293
40157,0.66049404,-0.24273796,0.66986699,0.23686685,0.06342392,-0.00432443,-0.03876293
40165,0.66048746,-0.24273157,0.66987485,0.23686993,0.06342392,-0.00432443,-0.03876293
40171,0.66048030,-0.24272787,0.66988043,0.23687756,0.06342392,-0.00432443,-0.03876293
40178,0.66047029,-0.24271600,0.66989178,0.23688583,0.06342392,-0.00432443,-0.03876293
40187,0.66045856,-0.24271502,0.66990108,0.23689298,0.06342392,-0.00432443,-0.03876293
40196,0.66044430,-0.24270706,0.66991472,0.23690228,0.06342392,-0.00432443,-0.03876293
40205,0.66043257,-0.24270536,0.66992692,0.23690261,0.06342392,-0.00432443,-0.03876293
40212,0.66042461,-0.24270503,0.66993198,0.23691053,0.06342392,-0.00432443,-0.03876293
40219,0.66041688,-0.24269909,0.66994333,0.23690602,0.06342392,-0.00432443,-0.03876293
40228,0.66040663,-0.24268946,0.66995754,0.23690423,0.06342392,-0.00432443,-0.03876293
40234,0.66039705,-0.24268815,0.66996536,0.23690996,0.06342392,-0.00432443,-0.03876293
40240,0.66038651,-0.24268145,0.66997776,0.23691148,0.06342392,-0.00432443,-0.03876293
40247,0.66038064,-0.24267938,0.66998286,0.23691534,0.06342392,-0.00432443,-0.03876293
40256,0.66037411,-0.24266977,0.66999001,0.23692319,0.06342392,-0.00432443,-0.03876293
40264,0.66036062,-0.24266827,0.67000246,0.23692731,0.06342392,-0.00432443,-0.03876293
40273,0.66034421,-0.24266781,0.67002029,0.23692319,0.06342392,-0.00432443,-0.03876293
40280,0.66033430,-0.24266798,0.67002844,0.23692753,0.06342392,-0.00432443,-0.03876293
40286,0.66033024,-0.24266023,0.67003431,0.23693006,0.06342392,-0.00432443,-0.03876293
40295,0.66032352,-0.24266066,0.67003927,0.23693447,0.06342392,-0.00432443,-0.03876293
40303,0.66031122,-0.24265477,0.67005214,0.23693778,0.06342392,-0.00432443,-0.03876293
40309,0.66030554,-0.24265563,0.67005691,0.23693981,0.06342392,-0.00432443,-0.03876293
40316,0.66029982,-0.24265103,0.67006640,0.23693332,0.06342392,-0.00432443,-0.03876293
40324,0.66028804,-0.24264886,0.67007627,0.23694062,0.06342392,-0.00432443,-0.03876293
40331,0.66027965,-0.24264688,0.67008266,0.23694791,0.06342392,-0.00432443,-0.03876293
40337,0.66027193,-0.24263858,0.67009205,0.23695147,0.06342392,-0.00432443,-0.03876293
40347,0.66025724,-0.24262759,0.67010731,0.23696043,0.06342392,-0.00432443,-0.03876293
40353,0.66025123,-0.24261684,0.67011585,0.23696408,0.06342392,-0.00432443,-0.03876293
40362,0.66024203,-0.24261348,0.67012505,0.23696713,0.06342392,-0.00432443,-0.03876293
40368,0.66023592,-0.24260761,0.67013311,0.23696732,0.06342392,-0.00432443,-0.03876293
40375,0.66022706,-0.24260129,0.67014174,0.23697419,0.06342392,-0.00432443,-0.03876293
40381,0.66021966,-0.24260125,0.67014684,0.23698024,0.06342392,-0.00432443,-0.03876293
40393,0.66020674,-0.24259834,0.67015790,0.23698816,0.06342392,-0.00432443,-0.03876293
40399,0.66019802,-0.24259419,0.67016611,0.23699352,0.06342392,-0.00432443,-0.03876293
40406,0.66019201,-0.24258830,0.67017273,0.23699758,0.06342392,-0.00432443,-0.03876293
40414,0.66018152,-0.24258513,0.67018299,0.23700091,0.06342392,-0.00432443,-0.03876293
40421,0.66017112,-0.24257678,0.67019348,0.23700885,0.06342392,-0.00432443,-0.03876293
40430,0.66016273,-0.24256930,0.67020249,0.23701448,0.06342392,-0.00432443,-0.03876293
40437,0.66015167,-0.24256293,0.67021393,0.23701939,0.06342392,-0.00432443,-0.03876293
40443,0.66014766,-0.24256048,0.67021656,0.23702540,0.06342392,-0.00432443,-0.03876293
40450,0.66014122,-0.24254877,0.67022471,0.23703217,0.06342392,-0.00432443,-0.03876293
40458,0.66013474,-0.24254341,0.67023129,0.23703725,0.06342392,-0.00432443,-0.03876293
40465,0.66012663,-0.24254229,0.67023706,0.23704452,0.06342392,-0.00432443,-0.03876293
40474,0.66011710,-0.24253892,0.67024793,0.23704390,0.06342392,-0.00432443,-0.03876293
40480,0.66011099,-0.24253323,0.67025556,0.23704550,0.06342392,-0.00432443,-0.03876293
40489,0.66010551,-0.24252555,0.67026243,0.23704895,0.06342392,-0.00432443,-0.03876293
40496,0.66009235,-0.24252381,0.67027330,0.23705668,0.06342392,-0.00432443,-0.03876293
40502,0.66008586,-0.24251773,0.67027921,0.23706378,0.06342392,-0.00432443,-0.03876293
40509,0.66007776,-0.24251196,0.67028717,0.23707029,0.06342392,-0.00432443,-0.03876293
40518,0.66006398,-0.24250724,0.67029895,0.23707964,0.06342392,-0.00432443,-0.03876293
40527,0.66005067,-0.24250524,0.67031149,0.23708333,0.06342392,-0.00432443,-0.03876293
40533,0.66003999,-0.24249739,0.67032232,0.23709094,0.06342392,-0.00432443,-0.03876293
40539,0.66003217,-0.24249484,0.67033138,0.23708920,0.06342392,-0.00432443,-0.03876293
40546,0.66002664,-0.24249787,0.67033481,0.23709204,0.06342392,-0.00432443,-0.03876293
40555,0.66001558,-0.24249405,0.67034635,0.23709399,0.06342392,-0.00432443,-0.03876293
40563,0.66000385,-0.24248611,0.67036027,0.23709549,0.06342392,-0.00432443,-0.03876293
40569,0.65999622,-0.24248185,0.67036910,0.23709633,0.06342392,-0.00432443,-0.03876293
40575,0.65999059,-0.24247701,0.67037601,0.23709740,0.06342392,-0.00432443,-0.03876293
40582,0.65998115,-0.24247608,0.67038536,0.23709824,0.06342392,-0.00432443,-0.03876293
40590,0.65996551,-0.24246945,0.67040038,0.23710572,0.06342392,-0.00432443,-0.03876293
40599,0.65995674,-0.24246642,0.67040910,0.23710904,0.06342392,-0.00432443,-0.03876293
40609,0.65994496,-0.24247033,0.67041664,0.23711583,0.06342392,-0.00432443,-0.03876293
40615,0.65993666,-0.24246208,0.67042694,0.23711857,0.06342392,-0.00432443,-0.03876293
40624,0.65992760,-0.24245314,0.67043991,0.23711643,0.06342392,-0.00432443,-0.03876293
40633,0.65991363,-0.24244375,0.67045569,0.23712041,0.06342392,-0.00432443,-0.03876293
40639,0.65990934,-0.24244146,0.67046046,0.23712098,0.06342392,-0.00432443,-0.03876293
40645,0.65989775,-0.24243924,0.67047109,0.23712573,0.06342392,-0.00432443,-0.03876293
40655,0.65988397,-0.24243214,0.67048444,0.23713343,0.06342392,-0.00432443,-0.03876293
40662,0.65987167,-0.24242780,0.67049474,0.23714299,0.06342392,-0.00432443,-0.03876293
40668,0.65986270,-0.24242467,0.67050313,0.23714756,0.06342392,-0.00432443,-0.03876293
40674,0.65985088,-0.24242229,0.67051196,0.23715770,0.06342392,-0.00432443,-0.03876293
40681,0.65984687,-0.24241456,0.67051782,0.23716015,0.06342392,-0.00432443,-0.03876293
40690,0.65983219,-0.24241726,0.67052955,0.23716540,0.06342392,-0.00432443,-0.03876293
40698,0.65982036,-0.24241030,0.67054367,0.23716523,0.06342392,-0.00432443,-0.03876293
40704,0.65981030,-0.24241025,0.67055397,0.23716406,0.06342392,-0.00432443,-0.03876293
40711,0.65980248,-0.24240317,0.67056226,0.23716940,0.06342392,-0.00432443,-0.03876293
40720,0.65978746,-0.24240138,0.67057609,0.23717417,0.06342392,-0.00432443,-0.03876293
40726,0.65977640,-0.24240059,0.67058477,0.23718144,0.06342392,-0.00432443,-0.03876293
40732,0.65976610,-0.24240090,0.67059183,0.23719007,0.06342392,-0.00432443,-0.03876293
40742,0.65974788,-0.24239220,0.67061233,0.23719093,0.06342392,-0.00432443,-0.03876293
40750,0.65973749,-0.24238893,0.67062034,0.23720099,0.06342392,-0.00432443,-0.03876293
40757,0.65972952,-0.24238998,0.67062354,0.23721308,0.06342392,-0.00432443,-0.03876293
40763,0.65972466,-0.24238576,0.67063183,0.23720750,0.06342392,-0.00432443,-0.03876293
40772,0.65971345,-0.24237542,0.67064352,0.23721601,0.06342392,-0.00432443,-0.03876293
40778,0.65970535,-0.24237427,0.67064990,0.23722162,0.06342392,-0.00432443,-0.03876293
40786,0.65969266,-0.24236891,0.67066388,0.23722312,0.06342392,-0.00432443,-0.03876293
40793,0.65968036,-0.24236619,0.67067337,0.23723306,0.06342392,-0.00432443,-0.03876293
40801,0.65966567,-0.24236240,0.67068729,0.23723833,0.06342392,-0.00432443,-0.03876293
40807,0.65965185,-0.24236323,0.67069940,0.23724176,0.06342392,-0.00432443,-0.03876293
40818,0.65963621,-0.24236125,0.67071256,0.23725006,0.06342392,-0.00432443,-0.03876293
40826,0.65962200,-0.24235336,0.67072873,0.23725206,0.06342392,-0.00432443,-0.03876293
40832,0.65961313,-0.24234952,0.67073650,0.23725848,0.06342392,-0.00432443,-0.03876293
40838,0.65960364,-0.24234833,0.67074513,0.23726158,0.06342392,-0.00432443,-0.03876293
40847,0.65958428,-0.24235157,0.67075991,0.23727025,0.06342392,-0.00432443,-0.03876293
40854,0.65957527,-0.24234440,0.67077131,0.23727054,0.06342392,-0.00432443,-0.03876293
40861,0.65956206,-0.24234366,0.67078390,0.23727252,0.06342392,-0.00432443,-0.03876293
40870,0.65954723,-0.24233303,0.67079963,0.23728039,0.06342392,-0.00432443,-0.03876293
40876,0.65953497,-0.24233303,0.67081093,0.23728201,0.06342392,-0.00432443,-0.03876293
40885,0.65951271,-0.24233176,0.67083125,0.23728804,0.06342392,-0.00432443,-0.03876293
40891,0.65950083,-0.24232902,0.67084078,0.23729631,0.06342392,-0.00432443,-0.03876293
40898,0.65949177,-0.24232099,0.67085266,0.23729689,0.06342392,-0.00432443,-0.03876293
40904,0.65948033,-0.24231402,0.67086315,0.23730585,0.06342392,-0.00432443,-0.03876293
40914,0.65946455,-0.24230468,0.67088027,0.23731093,0.06342392,-0.00432443,-0.03876293
40921,0.65945549,-0.24229762,0.67088956,0.23731722,0.06342392,-0.00432443,-0.03876293
40927,0.65944380,-0.24229173,0.67090101,0.23732337,0.06342392,-0.00432443,-0.03876293
40933,0.65943331,-0.24228911,0.67090945,0.23733100,0.06342392,-0.00432443,-0.03876293
40940,0.65942277,-0.24228689,0.67091903,0.23733522,0.06342392,-0.00432443,-0.03876293
40949,0.65940923,-0.24228038,0.67093324,0.23733932,0.06342392,-0.00432443,-0.03876293
40956,0.65940070,-0.24227027,0.67094326,0.23734502,0.06342392,-0.00432443,-0.03876293
40962,0.65938930,-0.24226536,0.67095489,0.23734891,0.06342392,-0.00432443,-0.03876293
40969,0.65938196,-0.24225828,0.67096347,0.23735251,0.06342392,-0.00432443,-0.03876293
40978,0.65936803,-0.24225111,0.67098045,0.23735044,0.06342392,-0.00432443,-0.03876293
40987,0.65935797,-0.24224498,0.67098941,0.23735957,0.06342392,-0.00432443,-0.03876293
40993,0.65935211,-0.24223911,0.67099657,0.23736145,0.06342392,-0.00432443,-0.03876293
41005,0.65933408,-0.24223160,0.67101469,0.23736777,0.06342392,-0.00432443,-0.03876293
41014,0.65932359,-0.24222211,0.67102890,0.23736653,0.06342392,-0.00432443,-0.03876293
41020,0.65931291,-0.24221363,0.67104158,0.23736908,0.06342392,-0.00432443,-0.03876293
41027,0.65929832,-0.24221169,0.67105388,0.23737635,0.06342392,-0.00432443,-0.03876293
41033,0.65928959,-0.24220836,0.67106194,0.23738207,0.06342392,-0.00432443,-0.03876293
41039,0.65927925,-0.24220390,0.67107334,0.23738255,0.06342392,-0.00432443,-0.03876293
41049,0.65925960,-0.24219384,0.67109155,0.23739576,0.06342392,-0.00432443,-0.03876293
41058,0.65924406,-0.24219889,0.67110376,0.23739960,0.06342392,-0.00432443,-0.03876293
41064,0.65922856,-0.24219653,0.67111711,0.23740715,0.06342392,-0.00432443,-0.03876293
41071,0.65921726,-0.24219145,0.67112693,0.23741602,0.06342392,-0.00432443,-0.03876293
41079,0.65919928,-0.24219081,0.67114381,0.23741850,0.06342392,-0.00432443,-0.03876293
41086,0.65919022,-0.24218420,0.67115402,0.23742184,0.06342392,-0.00432443,-0.03876293
41095,0.65917773,-0.24217562,0.67116732,0.23742756,0.06342392,-0.00432443,-0.03876293
41101,0.65916948,-0.24217441,0.67117428,0.23743238,0.06342392,-0.00432443,-0.03876293
41110,0.65915670,-0.24216308,0.67118983,0.23743529,0.06342392,-0.00432443,-0.03876293
41117,0.65914192,-0.24215335,0.67120428,0.23744537,0.06342392,-0.00432443,-0.03876293
41123,0.65913419,-0.24214677,0.67121596,0.23744034,0.06342392,-0.00432443,-0.03876293
41132,0.65911779,-0.24213614,0.67123341,0.23744757,0.06342392,-0.00432443,-0.03876293
41143,0.65911011,-0.24211878,0.67124505,0.23745388,0.06342392,-0.00432443,-0.03876293
41150,0.65909986,-0.24211778,0.67125291,0.23746085,0.06342392,-0.00432443,-0.03876293
41157,0.65908641,-0.24211006,0.67126803,0.23746316,0.06342392,-0.00432443,-0.03876293
41163,0.65907530,-0.24210712,0.67128019,0.23746259,0.06342392,-0.00432443,-0.03876293
41169,0.65906615,-0.24210305,0.67129068,0.23746285,0.06342392,-0.00432443,-0.03876293
41178,0.65905618,-0.24209208,0.67130270,0.23746731,0.06342392,-0.00432443,-0.03876293
41186,0.65903968,-0.24208502,0.67131848,0.23747575,0.06342392,-0.00432443,-0.03876293
41193,0.65902891,-0.24207389,0.67133240,0.23747758,0.06342392,-0.00432443,-0.03876293
41202,0.65901017,-0.24206657,0.67135362,0.23747766,0.06342392,-0.00432443,-0.03876293
41211,0.65900087,-0.24205641,0.67136406,0.23748378,0.06342392,-0.00432443,-0.03876293
41217,0.65898966,-0.24204745,0.67137818,0.23748409,0.06342392,-0.00432443,-0.03876293
41226,0.65897645,-0.24204351,0.67138948,0.23749299,0.06342392,-0.00432443,-0.03876293
41233,0.65896253,-0.24203555,0.67140388,0.23749923,0.06342392,-0.00432443,-0.03876293
41239,0.65895023,-0.24203650,0.67141289,0.23750700,0.06342392,-0.00432443,-0.03876293
41248,0.65893516,-0.24202527,0.67142696,0.23752040,0.06342392,-0.00432443,-0.03876293
41254,0.65892190,-0.24202165,0.67143735,0.23753113,0.06342392,-0.00432443,-0.03876293
41261,0.65891323,-0.24201281,0.67144880,0.23753187,0.06342392,-0.00432443,-0.03876293
41270,0.65889925,-0.24200744,0.67145972,0.23754520,0.06342392,-0.00432443,-0.03876293
41279,0.65888495,-0.24201045,0.67147083,0.23755047,0.06342392,-0.00432443,-0.03876293
41285,0.65887384,-0.24201192,0.67148013,0.23755381,0.06342392,-0.00432443,-0.03876293
41292,0.65886354,-0.24200656,0.67148942,0.23756117,0.06342392,-0.00432443,-0.03876293
41298,0.65885205,-0.24200029,0.67150115,0.23756656,0.06342392,-0.00432443,-0.03876293
41305,0.65883626,-0.24200005,0.67151479,0.23757226,0.06342392,-0.00432443,-0.03876293
41315,0.65881576,-0.24199151,0.67153687,0.23757514,0.06342392,-0.00432443,-0.03876293
41321,0.65880823,-0.24198932,0.67154355,0.23757953,0.06342392,-0.00432443,-0.03876293
41328,0.65879530,-0.24198453,0.67155604,0.23758497,0.06342392,-0.00432443,-0.03876293
41334,0.65878171,-0.24198069,0.67157058,0.23758502,0.06342392,-0.00432443,-0.03876293
41346,0.65875697,-0.24197638,0.67159042,0.23760209,0.06342392,-0.00432443,-0.03876293
41352,0.65874662,-0.24197111,0.67160091,0.23760647,0.06342392,-0.00432443,-0.03876293
41362,0.65872688,-0.24195959,0.67162179,0.23761434,0.06342392,-0.00432443,-0.03876293
41368,0.65871391,-0.24195382,0.67163519,0.23761751,0.06342392,-0.00432443,-0.03876293
41377,0.65869398,-0.24194889,0.67165131,0.23763272,0.06342392,-0.00432443,-0.03876293
41383,0.65868258,-0.24194190,0.67166280,0.23763868,0.06342392,-0.00432443,-0.03876293
41390,0.65866894,-0.24193987,0.67167491,0.23764441,0.06342392,-0.00432443,-0.03876293
41396,0.65865497,-0.24193146,0.67169036,0.23764839,0.06342392,-0.00432443,-0.03876293
41405,0.65863161,-0.24192638,0.67171363,0.23765223,0.06342392,-0.00432443,-0.03876293
41416,0.65861315,-0.24191381,0.67173199,0.23766460,0.06342392,-0.00432443,-0.03876293
41425,0.65859723,-0.24189975,0.67174887,0.23767561,0.06342392,-0.00432443,-0.03876293
41431,0.65858578,-0.24189295,0.67176141,0.23767867,0.06342392,-0.00432443,-0.03876293
41437,0.65857501,-0.24188799,0.67177195,0.23768374,0.06342392,-0.00432443,-0.03876293
41446,0.65855817,-0.24187660,0.67178893,0.23769376,0.06342392,-0.00432443,-0.03876293
41454,0.65854716,-0.24187467,0.67179846,0.23769950,0.06342392,-0.00432443,-0.03876293
41460,0.65853652,-0.24187035,0.67180943,0.23770210,0.06342392,-0.00432443,-0.03876293
41467,0.65852165,-0.24186279,0.67182569,0.23770506,0.06342392,-0.00432443,-0.03876293
41475,0.65850453,-0.24185564,0.67184252,0.23771195,0.06342392,-0.00432443,-0.03876293
41482,0.65849370,-0.24185361,0.67185049,0.23772153,0.06342392,-0.00432443,-0.03876293
41490,0.65847611,-0.24185028,0.67186880,0.23772194,0.06342392,-0.00432443,-0.03876293
41498,0.65845470,-0.24184081,0.67189111,0.23772788,0.06342392,-0.00432443,-0.03876293
41504,0.65844316,-0.24183046,0.67190384,0.23773443,0.06342392,-0.00432443,-0.03876293
41513,0.65843224,-0.24182472,0.67191228,0.23774645,0.06342392,-0.00432443,-0.03876293
41520,0.65841875,-0.24181904,0.67192506,0.23775377,0.06342392,-0.00432443,-0.03876293
41526,0.65840883,-0.24181923,0.67193183,0.23776202,0.06342392,-0.00432443,-0.03876293
41532,0.65839533,-0.24181435,0.67194552,0.23776521,0.06342392,-0.00432443,-0.03876293
41542,0.65837039,-0.24180717,0.67196912,0.23777542,0.06342392,-0.00432443,-0.03876293
41548,0.65835924,-0.24180283,0.67198085,0.23777749,0.06342392,-0.00432443,-0.03876293
41555,0.65834641,-0.24178762,0.67199854,0.23777828,0.06342392,-0.00432443,-0.03876293
41564,0.65832953,-0.24178333,0.67201242,0.23778994,0.06342392,-0.00432443,-0.03876293
41571,0.65831308,-0.24178080,0.67202596,0.23779983,0.06342392,-0.00432443,-0.03876293
41578,0.65830135,-0.24177427,0.67203769,0.23780589,0.06342392,-0.00432443,-0.03876293
41585,0.65828795,-0.24177093,0.67205018,0.23781127,0.06342392,-0.00432443,-0.03876293
41591,0.65827994,-0.24176766,0.67205810,0.23781414,0.06342392,-0.00432443,-0.03876293
41597,0.65826625,-0.24176304,0.67206964,0.23782374,0.06342392,-0.00432443,-0.03876293
41606,0.65824990,-0.24175570,0.67208890,0.23782250,0.06342392,-0.00432443,-0.03876293
41613,0.65823869,-0.24174633,0.67210168,0.23782680,0.06342392,-0.00432443,-0.03876293
41624,0.65821480,-0.24173252,0.67212700,0.23783555,0.06342392,-0.00432443,-0.03876293
41633,0.65819482,-0.24172482,0.67214670,0.23784294,0.06342392,-0.00432443,-0.03876293
41640,0.65817980,-0.24171547,0.67216439,0.23784389,0.06342392,-0.00432443,-0.03876293
41646,0.65816979,-0.24170522,0.67217712,0.23784608,0.06342392,-0.00432443,-0.03876293
41652,0.65815763,-0.24169814,0.67219018,0.23784987,0.06342392,-0.00432443,-0.03876293
41659,0.65814218,-0.24168393,0.67220916,0.23785371,0.06342392,-0.00432443,-0.03876293
41668,0.65812826,-0.24166498,0.67222857,0.23785672,0.06342392,-0.00432443,-0.03876293
41675,0.65811161,-0.24165403,0.67224483,0.23786745,0.06342392,-0.00432443,-0.03876293
41681,0.65809826,-0.24165027,0.67225832,0.23787007,0.06342392,-0.00432443,-0.03876293
41688,0.65808897,-0.24164195,0.67226715,0.23787934,0.06342392,-0.00432443,-0.03876293
41695,0.65807318,-0.24163136,0.67228298,0.23788907,0.06342392,-0.00432443,-0.03876293
41704,0.65806016,-0.24162321,0.67229657,0.23789529,0.06342392,-0.00432443,-0.03876293
41712,0.65804471,-0.24161026,0.67231464,0.23789992,0.06342392,-0.00432443,-0.03876293
41718,0.65803647,-0.24160335,0.67232418,0.23790297,0.06342392,-0.00432443,-0.03876293
41724,0.65802240,-0.24160075,0.67233662,0.23790926,0.06342392,-0.00432443,-0.03876293
41733,0.65800309,-0.24158689,0.67235593,0.23792176,0.06342392,-0.00432443,-0.03876293
41740,0.65799140,-0.24157743,0.67236862,0.23792808,0.06342392,-0.00432443,-0.03876293
41746,0.65797848,-0.24156711,0.67238240,0.23793540,0.06342392,-0.00432443,-0.03876293
41756,0.65796418,-0.24155957,0.67239770,0.23793907,0.06342392,-0.00432443,-0.03876293
41764,0.65794916,-0.24155447,0.67241306,0.23794295,0.06342392,-0.00432443,-0.03876293
41771,0.65793428,-0.24154257,0.67242865,0.23795170,0.06342392,-0.00432443,-0.03876293
41779,0.65792469,-0.24153208,0.67243862,0.23796126,0.06342392,-0.00432443,-0.03876293
41786,0.65791015,-0.24152317,0.67245202,0.23797223,0.06342392,-0.00432443,-0.03876293
41792,0.65790271,-0.24151406,0.67246108,0.23797664,0.06342392,-0.00432443,-0.03876293
41802,0.65787987,-0.24150021,0.67248535,0.23798491,0.06342392,-0.00432443,-0.03876293
41809,0.65786890,-0.24148831,0.67249784,0.23799183,0.06342392,-0.00432443,-0.03876293
41815,0.65785865,-0.24148073,0.67250976,0.23799421,0.06342392,-0.00432443,-0.03876293
41821,0.65784382,-0.24147806,0.67252178,0.23800442,0.06342392,-0.00432443,-0.03876293
41833,0.65782079,-0.24146361,0.67254562,0.23801496,0.06342392,-0.00432443,-0.03876293
41839,0.65780830,-0.24145102,0.67256093,0.23801937,0.06342392,-0.00432443,-0.03876293
41849,0.65778875,-0.24144065,0.67258119,0.23802678,0.06342392,-0.00432443,-0.03876293
41855,0.65777730,-0.24143149,0.67259387,0.23803195,0.06342392,-0.00432443,-0.03876293
41864,0.65775675,-0.24141602,0.67261600,0.23804173,0.06342392,-0.00432443,-0.03876293
41870,0.65774278,-0.24140729,0.67263021,0.23804943,0.06342392,-0.00432443,-0.03876293
41877,0.65772366,-0.24139869,0.67264881,0.23805785,0.06342392,-0.00432443,-0.03876293
41883,0.65770907,-0.24139134,0.67266173,0.23806910,0.06342392,-0.00432443,-0.03876293
41893,0.65768866,-0.24137737,0.67268152,0.23808381,0.06342392,-0.00432443,-0.03876293
41899,0.65767583,-0.24136817,0.67269415,0.23809287,0.06342392,-0.00432443,-0.03876293
41906,0.65766239,-0.24135756,0.67270827,0.23810102,0.06342392,-0.00432443,-0.03876293
41912,0.65764799,-0.24134812,0.67272157,0.23811306,0.06342392,-0.00432443,-0.03876293
41921,0.65763339,-0.24133894,0.67273492,0.23812475,0.06342392,-0.00432443,-0.03876293
41928,0.65761537,-0.24133477,0.67275047,0.23813464,0.06342392,-0.00432443,-0.03876293
41936,0.65759782,-0.24132268,0.67276840,0.23814473,0.06342392,-0.00432443,-0.03876293
41942,0.65758152,-0.24131505,0.67278389,0.23815402,0.06342392,-0.00432443,-0.03876293
41949,0.65757226,-0.24130597,0.67279233,0.23816461,0.06342392,-0.00432443,-0.03876293
41957,0.65755348,-0.24129409,0.67281131,0.23817493,0.06342392,-0.00432443,-0.03876293
41964,0.65754013,-0.24128551,0.67282552,0.23818047,0.06342392,-0.00432443,-0.03876293
41974,0.65751833,-0.24127640,0.67284779,0.23818664,0.06342392,-0.00432443,-0.03876293
41980,0.65750627,-0.24127087,0.67285900,0.23819448,0.06342392,-0.00432443,-0.03876293
41989,0.65748925,-0.24125494,0.67287769,0.23820464,0.06342392,-0.00432443,-0.03876293
41996,0.65747308,-0.24124453,0.67289643,0.23820703,0.06342392,-0.00432443,-0.03876293
42002,0.65746231,-0.24123425,0.67290968,0.23820946,0.06342392,-0.00432443,-0.03876293
42009,0.65744695,-0.24122400,0.67292375,0.23822231,0.06342392,-0.00432443,-0.03876293
42018,0.65742168,-0.24121613,0.67294592,0.23823740,0.06342392,-0.00432443,-0.03876293
42027,0.65740318,-0.24120135,0.67296476,0.23825004,0.06342392,-0.00432443,-0.03876293
42036,0.65738677,-0.24118652,0.67298402,0.23825654,0.06342392,-0.00432443,-0.03876293
42043,0.65737504,-0.24117693,0.67299728,0.23826043,0.06342392,-0.00432443,-0.03876293
42049,0.65736103,-0.24116802,0.67301216,0.23826661,0.06342392,-0.00432443,-0.03876293
42058,0.65734577,-0.24116177,0.67302584,0.23827643,0.06342392,-0.00432443,-0.03876293
42066,0.65732755,-0.24115157,0.67304277,0.23828842,0.06342392,-0.00432443,-0.03876293
42072,0.65731115,-0.24115135,0.67305679,0.23829441,0.06342392,-0.00432443,-0.03876293
42079,0.65729498,-0.24114537,0.67307047,0.23830642,0.06342392,-0.00432443,-0.03876293
42088,0.65727529,-0.24113848,0.67309169,0.23830766,0.06342392,-0.00432443,-0.03876293
42094,0.65726156,-0.24113104,0.67310690,0.23831031,0.06342392,-0.00432443,-0.03876293
42100,0.65724477,-0.24112532,0.67312216,0.23831944,0.06342392,-0.00432443,-0.03876293
42110,0.65722088,-0.24111709,0.67314391,0.23833212,0.06342392,-0.00432443,-0.03876293
42116,0.65721178,-0.24110720,0.67315344,0.23834035,0.06342392,-0.00432443,-0.03876293
42125,0.65719218,-0.24110043,0.67317204,0.23834891,0.06342392,-0.00432443,-0.03876293
42136,0.65716242,-0.24108986,0.67320017,0.23836226,0.06342392,-0.00432443,-0.03876293
42146,0.65713691,-0.24107456,0.67322678,0.23837230,0.06342392,-0.00432443,-0.03876293
42153,0.65712080,-0.24106068,0.67324485,0.23838024,0.06342392,-0.00432443,-0.03876293
42163,0.65709328,-0.24105329,0.67326998,0.23839242,0.06342392,-0.00432443,-0.03876293
42169,0.65708141,-0.24104454,0.67328143,0.23840143,0.06342392,-0.00432443,-0.03876293
42175,0.65707216,-0.24103784,0.67329096,0.23840708,0.06342392,-0.00432443,-0.03876293
42182,0.65705375,-0.24103064,0.67331008,0.23841099,0.06342392,-0.00432443,-0.03876293
42191,0.65703439,-0.24102013,0.67332978,0.23841950,0.06342392,-0.00432443,-0.03876293
42198,0.65702133,-0.24101238,0.67334218,0.23842821,0.06342392,-0.00432443,-0.03876293
42207,0.65700340,-0.24099805,0.67335896,0.23844499,0.06342392,-0.00432443,-0.03876293
42216,0.65698885,-0.24098887,0.67337608,0.23844604,0.06342392,-0.00432443,-0.03876293
42222,0.65697603,-0.24098031,0.67338743,0.23845741,0.06342392,-0.00432443,-0.03876293
42231,0.65695643,-0.24096627,0.67340755,0.23846914,0.06342392,-0.00432443,-0.03876293
42240,0.65693831,-0.24095275,0.67342710,0.23847746,0.06342392,-0.00432443,-0.03876293
42246,0.65692539,-0.24094874,0.67343778,0.23848705,0.06342392,-0.00432443,-0.03876293
42256,0.65690474,-0.24093592,0.67345671,0.23850300,0.06342392,-0.00432443,-0.03876293
42265,0.65688681,-0.24092607,0.67347440,0.23851263,0.06342392,-0.00432443,-0.03876293
42271,0.65687422,-0.24091830,0.67348623,0.23852148,0.06342392,-0.00432443,-0.03876293
42277,0.65686345,-0.24090657,0.67349967,0.23852524,0.06342392,-0.00432443,-0.03876293
42286,0.65683755,-0.24089984,0.67352242,0.23853931,0.06342392,-0.00432443,-0.03876293
42293,0.65682053,-0.24088735,0.67354083,0.23854675,0.06342392,-0.00432443,-0.03876293
42301,0.65680465,-0.24087924,0.67355294,0.23856441,0.06342392,-0.00432443,-0.03876293
42307,0.65679593,-0.24087321,0.67356066,0.23857245,0.06342392,-0.00432443,-0.03876293
42314,0.65678195,-0.24086735,0.67357344,0.23858079,0.06342392,-0.00432443,-0.03876293
42320,0.65676822,-0.24086494,0.67358388,0.23859195,0.06342392,-0.00432443,-0.03876293
42329,0.65674476,-0.24085934,0.67360453,0.23860397,0.06342392,-0.00432443,-0.03876293
42335,0.65672569,-0.24084982,0.67362189,0.23861680,0.06342392,-0.00432443,-0.03876293
42344,0.65670366,-0.24083688,0.67364463,0.23862681,0.06342392,-0.00432443,-0.03876293
42351,0.65668907,-0.24082779,0.67365889,0.23863568,0.06342392,-0.00432443,-0.03876293
42360,0.65666503,-0.24081768,0.67368369,0.23864202,0.06342392,-0.00432443,-0.03876293
42367,0.65664715,-0.24081223,0.67369909,0.23865261,0.06342392,-0.00432443,-0.03876293
42373,0.65663356,-0.24080893,0.67371187,0.23865790,0.06342392,-0.00432443,-0.03876293
42382,0.65660839,-0.24080185,0.67373423,0.23867082,0.06342392,-0.00432443,-0.03876293
42392,0.65658574,-0.24079208,0.67375745,0.23867778,0.06342392,-0.00432443,-0.03876293
42398,0.65657100,-0.24078578,0.67377204,0.23868334,0.06342392,-0.00432443,-0.03876293
42404,0.65655512,-0.24077951,0.67378816,0.23868730,0.06342392,-0.00432443,-0.03876293
42411,0.65653347,-0.24077057,0.67380900,0.23869750,0.06342392,-0.00432443,-0.03876293
42417,0.65651855,-0.24076018,0.67382354,0.23870804,0.06342392,-0.00432443,-0.03876293
42428,0.65648479,-0.24074566,0.67385931,0.23871498,0.06342392,-0.00432443,-0.03876293
42434,0.65647149,-0.24073550,0.67387394,0.23872008,0.06342392,-0.00432443,-0.03876293
42443,0.65644607,-0.24072341,0.67390041,0.23872714,0.06342392,-0.00432443,-0.03876293
42449,0.65643157,-0.24071328,0.67391629,0.23873267,0.06342392,-0.00432443,-0.03876293
42458,0.65641169,-0.24070720,0.67393565,0.23873903,0.06342392,-0.00432443,-0.03876293
42464,0.65639400,-0.24070000,0.67395277,0.23874619,0.06342392,-0.00432443,-0.03876293
42474,0.65637569,-0.24068360,0.67397212,0.23875825,0.06342392,-0.00432443,-0.03876293
42480,0.65636153,-0.24067330,0.67398710,0.23876528,0.06342392,-0.00432443,-0.03876293
42489,0.65634150,-0.24065997,0.67400431,0.23878576,0.06342392,-0.00432443,-0.03876293
42495,0.65632386,-0.24065330,0.67402024,0.23879554,0.06342392,-0.00432443,-0.03876293
42504,0.65629930,-0.24064416,0.67404460,0.23880395,0.06342392,-0.00432443,-0.03876293
42511,0.65628380,-0.24063465,0.67406058,0.23881044,0.06342392,-0.00432443,-0.03876293
42521,0.65625672,-0.24061601,0.67408800,0.23882629,0.06342392,-0.00432443,-0.03876293
42527,0.65624470,-0.24060721,0.67410030,0.23883347,0.06342392,-0.00432443,-0.03876293
42533,0.65622596,-0.24059553,0.67412018,0.23884093,0.06342392,-0.00432443,-0.03876293
42540,0.65620951,-0.24058279,0.67413635,0.23885295,0.06342392,-0.00432443,-0.03876293
42546,0.65619220,-0.24057533,0.67415328,0.23886063,0.06342392,-0.00432443,-0.03876293
42555,0.65617094,-0.24055919,0.67417664,0.23886938,0.06342392,-0.00432443,-0.03876293
42563,0.65614948,-0.24054734,0.67419633,0.23888435,0.06342392,-0.00432443,-0.03876293
42571,0.65613341,-0.24054045,0.67421269,0.23888928,0.06342392,-0.00432443,-0.03876293
42578,0.65611433,-0.24052660,0.67423295,0.23889882,0.06342392,-0.00432443,-0.03876293
42587,0.65609798,-0.24051616,0.67424736,0.23891322,0.06342392,-0.00432443,-0.03876293
42593,0.65608334,-0.24051282,0.67426104,0.23891851,0.06342392,-0.00432443,-0.03876293
42600,0.65606646,-0.24050171,0.67427845,0.23892669,0.06342392,-0.00432443,-0.03876293
42609,0.65604658,-0.24048838,0.67429962,0.23893480,0.06342392,-0.00432443,-0.03876293
42618,0.65602464,-0.24048156,0.67431859,0.23894867,0.06342392,-0.00432443,-0.03876293
42624,0.65601377,-0.24047327,0.67432885,0.23895792,0.06342392,-0.00432443,-0.03876293
42631,0.65599632,-0.24046223,0.67434625,0.23896791,0.06342392,-0.00432443,-0.03876293
42637,0.65598254,-0.24045052,0.67436289,0.23897037,0.06342392,-0.00432443,-0.03876293
42648,0.65595502,-0.24044065,0.67438745,0.23898646,0.06342392,-0.00432443,-0.03876293
42656,0.65593552,-0.24042696,0.67440700,0.23899881,0.06342392,-0.00432443,-0.03876293
42662,0.65592136,-0.24042370,0.67441740,0.23901150,0.06342392,-0.00432443,-0.03876293
42669,0.65590438,-0.24041152,0.67443771,0.23901305,0.06342392,-0.00432443,-0.03876293
42675,0.65589046,-0.24039814,0.67445206,0.23902401,0.06342392,-0.00432443,-0.03876293
42684,0.65587024,-0.24039096,0.67447309,0.23902745,0.06342392,-0.00432443,-0.03876293
42691,0.65584964,-0.24037904,0.67449331,0.23903868,0.06342392,-0.00432443,-0.03876293
42701,0.65582461,-0.24035677,0.67452173,0.23904976,0.06342392,-0.00432443,-0.03876293
42707,0.65581316,-0.24035158,0.67453327,0.23905391,0.06342392,-0.00432443,-0.03876293
42716,0.65578727,-0.24034349,0.67455558,0.23906991,0.06342392,-0.00432443,-0.03876293
42723,0.65577149,-0.24032928,0.67457141,0.23908300,0.06342392,-0.00432443,-0.03876293
42729,0.65575318,-0.24032206,0.67458920,0.23909056,0.06342392,-0.00432443,-0.03876293
42735,0.65573668,-0.24030978,0.67460627,0.23909976,0.06342392,-0.00432443,-0.03876293
42745,0.65571475,-0.24029114,0.67463011,0.23911144,0.06342392,-0.00432443,-0.03876293
42754,0.65569019,-0.24027705,0.67465281,0.23912885,0.06342392,-0.00432443,-0.03876293
42761,0.65567493,-0.24026730,0.67466678,0.23914079,0.06342392,-0.00432443,-0.03876293
42767,0.65565671,-0.24026169,0.67468299,0.23915116,0.06342392,-0.00432443,-0.03876293
42773,0.65563926,-0.24025669,0.67469758,0.23916263,0.06342392,-0.00432443,-0.03876293
42783,0.65560712,-0.24024333,0.67472891,0.23917608,0.06342392,-0.00432443,-0.03876293
42792,0.65557951,-0.24023418,0.67475595,0.23918447,0.06342392,-0.00432443,-0.03876293
42799,0.65556459,-0.24022569,0.67476902,0.23919713,0.06342392,-0.00432443,-0.03876293
42805,0.65554895,-0.24021883,0.67478322,0.23920679,0.06342392,-0.00432443,-0.03876293
42814,0.65552144,-0.24020011,0.67481431,0.23921239,0.06342392,-0.00432443,-0.03876293
42820,0.65550298,-0.24018964,0.67483348,0.23922023,0.06342392,-0.00432443,-0.03876293
42861,0.65539712,-0.24011909,0.67493729,0.23928787,0.06342392,-0.00432443,-0.03876293
42868,0.65537424,-0.24010770,0.67496037,0.23929686,0.06342392,-0.00432443,-0.03876293
42877,0.65535106,-0.24009983,0.67498092,0.23931066,0.06342392,-0.00432443,-0.03876293
42883,0.65533008,-0.24008975,0.67500090,0.23932142,0.06342392,-0.00432443,-0.03876293
42892,0.65530881,-0.24007782,0.67502250,0.23933088,0.06342392,-0.00432443,-0.03876293
42898,0.65529499,-0.24006943,0.67503619,0.23933830,0.06342392,-0.00432443,-0.03876293
42971,0.65513191,-0.23988602,0.67522773,0.23942830,0.06342392,-0.00432443,-0.03876293
42979,0.65511627,-0.23987553,0.67524480,0.23943331,0.06342392,-0.00432443,-0.03876293
42985,0.65510134,-0.23986480,0.67526173,0.23943738,0.06342392,-0.00432443,-0.03876293
42992,0.65508556,-0.23985528,0.67527775,0.23944520,0.06342392,-0.00432443,-0.03876293
42998,0.65506639,-0.23984866,0.67529563,0.23945415,0.06342392,-0.00432443,-0.03876293
43262,0.65421724,-0.23953552,0.67602033,0.24004282,0.06342392,-0.00432443,-0.03876293
43639,0.65342082,-0.23864700,0.67684121,0.24078288,0.06342392,-0.00432443,-0.03876293
43645,0.65340380,-0.23864223,0.67685708,0.24078915,0.06342392,-0.00432443,-0.03876293
43655,0.65338163,-0.23862638,0.67688126,0.24079737,0.06342392,-0.00432443,-0.03876293
43662,0.65336709,-0.23861391,0.67689847,0.24080080,0.06342392,-0.00432443,-0.03876293
43669,0.65334506,-0.23860480,0.67691845,0.24081323,0.06342392,-0.00432443,-0.03876293
43675,0.65333194,-0.23859765,0.67693085,0.24082131,0.06342392,-0.00432443,-0.03876293
43704,0.65326647,-0.23855500,0.67700061,0.24084453,0.06342392,-0.00432443,-0.03876293
43711,0.65324497,-0.23854670,0.67702016,0.24085662,0.06342392,-0.00432443,-0.03876293
43720,0.65322418,-0.23853163,0.67703828,0.24087691,0.06342392,-0.00432443,-0.03876293
43726,0.65320796,-0.23852338,0.67705516,0.24088137,0.06342392,-0.00432443,-0.03876293
43733,0.65319485,-0.23851723,0.67706737,0.24088840,0.06342392,-0.00432443,-0.03876293
43741,0.65316939,-0.23849747,0.67709264,0.24090676,0.06342392,-0.00432443,-0.03876293
43750,0.65314917,-0.23847937,0.67711491,0.24091653,0.06342392,-0.00432443,-0.03876293
43757,0.65312500,-0.23848140,0.67713551,0.24092199,0.06342392,-0.00432443,-0.03876293
43763,0.65311079,-0.23847107,0.67715144,0.24092590,0.06342392,-0.00432443,-0.03876293
43770,0.65309786,-0.23846027,0.67716622,0.24093029,0.06342392,-0.00432443,-0.03876293
43778,0.65307531,-0.23845238,0.67718563,0.24094471,0.06342392,-0.00432443,-0.03876293
43785,0.65305571,-0.23844363,0.67720456,0.24095363,0.06342392,-0.00432443,-0.03876293
43794,0.65302901,-0.23842425,0.67722988,0.24097342,0.06342392,-0.00432443,-0.03876293
43800,0.65301094,-0.23841872,0.67724409,0.24098820,0.06342392,-0.00432443,-0.03876293
43809,0.65298719,-0.23840768,0.67726755,0.24099755,0.06342392,-0.00432443,-0.03876293
43818,0.65295829,-0.23838896,0.67729563,0.24101564,0.06342392,-0.00432443,-0.03876293
43825,0.65293798,-0.23838129,0.67731428,0.24102554,0.06342392,-0.00432443,-0.03876293
43831,0.65292301,-0.23837802,0.67732839,0.24102952,0.06342392,-0.00432443,-0.03876293
43843,0.65288953,-0.23836097,0.67735772,0.24105470,0.06342392,-0.00432443,-0.03876293
43851,0.65285973,-0.23834969,0.67738623,0.24106638,0.06342392,-0.00432443,-0.03876293
43858,0.65283942,-0.23833889,0.67740511,0.24107899,0.06342392,-0.00432443,-0.03876293
43864,0.65282421,-0.23832700,0.67742033,0.24108936,0.06342392,-0.00432443,-0.03876293
43871,0.65280733,-0.23831365,0.67743940,0.24109439,0.06342392,-0.00432443,-0.03876293
43881,0.65278058,-0.23830156,0.67746586,0.24110486,0.06342392,-0.00432443,-0.03876293
43889,0.65275869,-0.23829464,0.67748732,0.24111044,0.06342392,-0.00432443,-0.03876293
43896,0.65273756,-0.23828353,0.67750673,0.24112427,0.06342392,-0.00432443,-0.03876293
43902,0.65272254,-0.23827641,0.67752056,0.24113330,0.06342392,-0.00432443,-0.03876293
43911,0.65269403,-0.23826911,0.67754573,0.24114668,0.06342392,-0.00432443,-0.03876293
43918,0.65267267,-0.23825943,0.67756514,0.24115965,0.06342392,-0.00432443,-0.03876293
43927,0.65264678,-0.23824639,0.67759089,0.24116978,0.06342392,-0.00432443,-0.03876293
43933,0.65263156,-0.23823652,0.67760601,0.24117839,0.06342392,-0.00432443,-0.03876293
43942,0.65260357,-0.23822219,0.67763309,0.24119257,0.06342392,-0.00432443,-0.03876293
43949,0.65258407,-0.23821120,0.67765340,0.24119863,0.06342392,-0.00432443,-0.03876293
43955,0.65256733,-0.23820021,0.67766981,0.24120869,0.06342392,-0.00432443,-0.03876293
43964,0.65254235,-0.23818440,0.67769479,0.24122192,0.06342392,-0.00432443,-0.03876293
43971,0.65252437,-0.23817353,0.67771492,0.24122450,0.06342392,-0.00432443,-0.03876293
43978,0.65249876,-0.23816976,0.67773752,0.24123442,0.06342392,-0.00432443,-0.03876293
43985,0.65247750,-0.23815662,0.67775750,0.24124851,0.06342392,-0.00432443,-0.03876293
43991,0.65246181,-0.23814713,0.67777276,0.24125747,0.06342392,-0.00432443,-0.03876293
43998,0.65244364,-0.23814172,0.67778773,0.24126992,0.06342392,-0.00432443,-0.03876293
44007,0.65241761,-0.23813412,0.67780852,0.24128940,0.06342392,-0.00432443,-0.03876293
44014,0.65239849,-0.23812189,0.67782878,0.24129633,0.06342392,-0.00432443,-0.03876293
44020,0.65238208,-0.23811295,0.67784409,0.24130651,0.06342392,-0.00432443,-0.03876293
44027,0.65236134,-0.23810017,0.67786450,0.24131801,0.06342392,-0.00432443,-0.03876293
44037,0.65233235,-0.23808281,0.67789802,0.24131913,0.06342392,-0.00432443,-0.03876293
44045,0.65231237,-0.23807501,0.67791585,0.24133100,0.06342392,-0.00432443,-0.03876293
44052,0.65229263,-0.23806622,0.67793569,0.24133703,0.06342392,-0.00432443,-0.03876293
44061,0.65227146,-0.23805510,0.67795567,0.24134893,0.06342392,-0.00432443,-0.03876293
44068,0.65224986,-0.23804390,0.67797589,0.24136204,0.06342392,-0.00432443,-0.03876293
44076,0.65222721,-0.23803474,0.67799715,0.24137210,0.06342392,-0.00432443,-0.03876293
44083,0.65220522,-0.23802256,0.67801837,0.24138405,0.06342392,-0.00432443,-0.03876293
44089,0.65218405,-0.23801853,0.67803721,0.24139232,0.06342392,-0.00432443,-0.03876293
44096,0.65216207,-0.23800768,0.67805786,0.24140462,0.06342392,-0.00432443,-0.03876293
44106,0.65213823,-0.23799304,0.67808151,0.24141643,0.06342392,-0.00432443,-0.03876293
44112,0.65211982,-0.23798496,0.67809867,0.24142651,0.06342392,-0.00432443,-0.03876293
44119,0.65210003,-0.23797254,0.67811756,0.24143865,0.06342392,-0.00432443,-0.03876293
44125,0.65208435,-0.23796160,0.67813448,0.24144434,0.06342392,-0.00432443,-0.03876293
44134,0.65206217,-0.23794295,0.67815976,0.24145164,0.06342392,-0.00432443,-0.03876293
44141,0.65204358,-0.23793230,0.67817854,0.24145987,0.06342392,-0.00432443,-0.03876293
44150,0.65201883,-0.23791241,0.67820501,0.24147202,0.06342392,-0.00432443,-0.03876293
44156,0.65200157,-0.23790690,0.67821960,0.24148316,0.06342392,-0.00432443,-0.03876293
44166,0.65197381,-0.23788514,0.67824745,0.24150114,0.06342392,-0.00432443,-0.03876293
44172,0.65195918,-0.23786990,0.67826409,0.24150915,0.06342392,-0.00432443,-0.03876293
44181,0.65193886,-0.23785681,0.67828378,0.24152121,0.06342392,-0.00432443,-0.03876293
44188,0.65191721,-0.23784842,0.67830176,0.24153749,0.06342392,-0.00432443,-0.03876293
44198,0.65189094,-0.23783092,0.67832665,0.24155588,0.06342392,-0.00432443,-0.03876293
44207,0.65185956,-0.23782191,0.67835540,0.24156849,0.06342392,-0.00432443,-0.03876293
44213,0.65184249,-0.23781073,0.67837343,0.24157519,0.06342392,-0.00432443,-0.03876293
44220,0.65182070,-0.23780317,0.67839217,0.24158852,0.06342392,-0.00432443,-0.03876293
44226,0.65180544,-0.23779003,0.67840962,0.24159383,0.06342392,-0.00432443,-0.03876293
44235,0.65177288,-0.23777770,0.67843818,0.24161391,0.06342392,-0.00432443,-0.03876293
44242,0.65175199,-0.23776211,0.67846031,0.24162313,0.06342392,-0.00432443,-0.03876293
44254,0.65171699,-0.23774774,0.67849502,0.24163424,0.06342392,-0.00432443,-0.03876293
44260,0.65170025,-0.23773965,0.67851071,0.24164307,0.06342392,-0.00432443,-0.03876293
44269,0.65167422,-0.23772981,0.67853474,0.24165565,0.06342392,-0.00432443,-0.03876293
44275,0.65165567,-0.23771796,0.67855410,0.24166254,0.06342392,-0.00432443,-0.03876293
44285,0.65162248,-0.23770353,0.67858595,0.24167711,0.06342392,-0.00432443,-0.03876293
44291,0.65160522,-0.23769032,0.67860336,0.24168763,0.06342392,-0.00432443,-0.03876293
44298,0.65158128,-0.23767809,0.67862658,0.24169940,0.06342392,-0.00432443,-0.03876293
44306,0.65155906,-0.23766777,0.67864584,0.24171533,0.06342392,-0.00432443,-0.03876293
44313,0.65153732,-0.23765888,0.67866601,0.24172573,0.06342392,-0.00432443,-0.03876293
44319,0.65151934,-0.23764994,0.67868452,0.24173069,0.06342392,-0.00432443,-0.03876293
44329,0.65149888,-0.23763170,0.67870669,0.24174177,0.06342392,-0.00432443,-0.03876293
44336,0.65147733,-0.23761973,0.67872595,0.24175789,0.06342392,-0.00432443,-0.03876293
44343,0.65145869,-0.23760657,0.67874650,0.24176340,0.06342392,-0.00432443,-0.03876293
44349,0.65144367,-0.23759171,0.67876052,0.24177911,0.06342392,-0.00432443,-0.03876293
44355,0.65142464,-0.23757905,0.67877779,0.24179391,0.06342392,-0.00432443,-0.03876293
44370,0.65137009,-0.23755238,0.67882900,0.24182319,0.06342392,-0.00432443,-0.03876293
44377,0.65134930,-0.23753430,0.67885022,0.24183750,0.06342392,-0.00432443,-0.03876293
44384,0.65133070,-0.23752524,0.67886834,0.24184565,0.06342392,-0.00432443,-0.03876293
44390,0.65131502,-0.23750967,0.67888789,0.24184851,0.06342392,-0.00432443,-0.03876293
44399,0.65128998,-0.23749616,0.67891092,0.24186458,0.06342392,-0.00432443,-0.03876293
44406,0.65126886,-0.23748590,0.67893128,0.24187452,0.06342392,-0.00432443,-0.03876293
44412,0.65125079,-0.23747584,0.67894845,0.24188439,0.06342392,-0.00432443,-0.03876293
44421,0.65122418,-0.23746321,0.67897515,0.24189374,0.06342392,-0.00432443,-0.03876293
44428,0.65120320,-0.23745026,0.67899456,0.24190843,0.06342392,-0.00432443,-0.03876293
44437,0.65117506,-0.23743038,0.67902112,0.24192900,0.06342392,-0.00432443,-0.03876293
44443,0.65115814,-0.23741750,0.67903895,0.24193744,0.06342392,-0.00432443,-0.03876293
44450,0.65113582,-0.23741326,0.67905759,0.24194946,0.06342392,-0.00432443,-0.03876293
44458,0.65110797,-0.23740270,0.67908210,0.24196622,0.06342392,-0.00432443,-0.03876293
44468,0.65107893,-0.23738808,0.67910933,0.24198172,0.06342392,-0.00432443,-0.03876293
44474,0.65105895,-0.23737571,0.67912931,0.24199147,0.06342392,-0.00432443,-0.03876293
44481,0.65103549,-0.23736360,0.67915182,0.24200346,0.06342392,-0.00432443,-0.03876293
44487,0.65101518,-0.23735644,0.67917098,0.24201126,0.06342392,-0.00432443,-0.03876293
44496,0.65098772,-0.23734204,0.67919740,0.24202525,0.06342392,-0.00432443,-0.03876293
44503,0.65096902,-0.23732900,0.67921857,0.24202828,0.06342392,-0.00432443,-0.03876293
44512,0.65094809,-0.23730866,0.67924213,0.24203858,0.06342392,-0.00432443,-0.03876293
44518,0.65093097,-0.23729829,0.67925872,0.24204854,0.06342392,-0.00432443,-0.03876293
44525,0.65091171,-0.23728241,0.67927737,0.24206383,0.06342392,-0.00432443,-0.03876293
44534,0.65088634,-0.23726837,0.67930107,0.24207909,0.06342392,-0.00432443,-0.03876293
44542,0.65086059,-0.23725976,0.67932085,0.24210116,0.06342392,-0.00432443,-0.03876293
44549,0.65083789,-0.23724529,0.67934551,0.24210720,0.06342392,-0.00432443,-0.03876293
44556,0.65082077,-0.23723371,0.67936096,0.24212119,0.06342392,-0.00432443,-0.03876293
44563,0.65079808,-0.23722188,0.67938308,0.24213168,0.06342392,-0.00432443,-0.03876293
44570,0.65077505,-0.23721346,0.67940335,0.24214539,0.06342392,-0.00432443,-0.03876293
44576,0.65075874,-0.23720309,0.67941932,0.24215433,0.06342392,-0.00432443,-0.03876293
44583,0.65074114,-0.23718852,0.67943720,0.24216551,0.06342392,-0.00432443,-0.03876293
44591,0.65071535,-0.23717341,0.67946186,0.24218077,0.06342392,-0.00432443,-0.03876293
44599,0.65069108,-0.23716316,0.67948465,0.24219176,0.06342392,-0.00432443,-0.03876293
44605,0.65067062,-0.23715257,0.67950286,0.24220607,0.06342392,-0.00432443,-0.03876293
44614,0.65063819,-0.23714182,0.67953181,0.24222273,0.06342392,-0.00432443,-0.03876293
44621,0.65061416,-0.23713366,0.67955350,0.24223425,0.06342392,-0.00432443,-0.03876293
44627,0.65059609,-0.23712353,0.67956914,0.24224879,0.06342392,-0.00432443,-0.03876293
44634,0.65057554,-0.23710865,0.67959160,0.24225571,0.06342392,-0.00432443,-0.03876293
44643,0.65055055,-0.23710014,0.67961549,0.24226398,0.06342392,-0.00432443,-0.03876293
44650,0.65053372,-0.23708634,0.67963190,0.24227647,0.06342392,-0.00432443,-0.03876293
44660,0.65050268,-0.23706574,0.67966260,0.24229426,0.06342392,-0.00432443,-0.03876293
44667,0.65048379,-0.23705508,0.67967991,0.24230644,0.06342392,-0.00432443,-0.03876293
44673,0.65046482,-0.23704352,0.67970018,0.24231183,0.06342392,-0.00432443,-0.03876293
44683,0.65043191,-0.23702757,0.67973084,0.24233012,0.06342392,-0.00432443,-0.03876293
44693,0.65040116,-0.23700819,0.67975831,0.24235444,0.06342392,-0.00432443,-0.03876293
44700,0.65037651,-0.23699765,0.67978229,0.24236388,0.06342392,-0.00432443,-0.03876293
44706,0.65035943,-0.23698410,0.67980079,0.24237074,0.06342392,-0.00432443,-0.03876293
44712,0.65034151,-0.23697650,0.67981777,0.24237840,0.06342392,-0.00432443,-0.03876293
44721,0.65030879,-0.23696262,0.67984628,0.24239966,0.06342392,-0.00432443,-0.03876293
44729,0.65028929,-0.23694796,0.67986564,0.24241220,0.06342392,-0.00432443,-0.03876293
44735,0.65027008,-0.23693137,0.67988681,0.24242072,0.06342392,-0.00432443,-0.03876293
44742,0.65025024,-0.23692026,0.67990684,0.24242882,0.06342392,-0.00432443,-0.03876293
44748,0.65023002,-0.23691649,0.67992281,0.24244148,0.06342392,-0.00432443,-0.03876293
44757,0.65020313,-0.23690061,0.67994666,0.24246282,0.06342392,-0.00432443,-0.03876293
44764,0.65017833,-0.23689582,0.67996602,0.24247944,0.06342392,-0.00432443,-0.03876293
44771,0.65015735,-0.23688287,0.67998723,0.24248900,0.06342392,-0.00432443,-0.03876293
44778,0.65013813,-0.23687748,0.68000516,0.24249522,0.06342392,-0.00432443,-0.03876293
44787,0.65010399,-0.23687014,0.68003554,0.24250915,0.06342392,-0.00432443,-0.03876293
44793,0.65008540,-0.23685755,0.68005323,0.24252126,0.06342392,-0.00432443,-0.03876293
44800,0.65006418,-0.23684511,0.68007383,0.24253251,0.06342392,-0.00432443,-0.03876293
44806,0.65004854,-0.23683788,0.68008623,0.24254670,0.06342392,-0.00432443,-0.03876293
44816,0.65001397,-0.23681554,0.68012166,0.24256207,0.06342392,-0.00432443,-0.03876293
44822,0.64999437,-0.23680372,0.68014202,0.24256911,0.06342392,-0.00432443,-0.03876293
44831,0.64996628,-0.23678393,0.68016958,0.24258611,0.06342392,-0.00432443,-0.03876293
44838,0.64994421,-0.23677551,0.68018999,0.24259641,0.06342392,-0.00432443,-0.03876293
44846,0.64991526,-0.23676242,0.68021516,0.24261591,0.06342392,-0.00432443,-0.03876293
44853,0.64989309,-0.23675427,0.68023595,0.24262492,0.06342392,-0.00432443,-0.03876293
44864,0.64985094,-0.23673520,0.68027329,0.24265189,0.06342392,-0.00432443,-0.03876293
44871,0.64982790,-0.23671898,0.68029685,0.24266319,0.06342392,-0.00432443,-0.03876293
44877,0.64980740,-0.23671267,0.68031449,0.24267544,0.06342392,-0.00432443,-0.03876293
44886,0.64977397,-0.23669526,0.68034596,0.24269351,0.06342392,-0.00432443,-0.03876293
44892,0.64975619,-0.23668255,0.68036422,0.24270195,0.06342392,-0.00432443,-0.03876293
44901,0.64973106,-0.23666212,0.68038916,0.24271945,0.06342392,-0.00432443,-0.03876293
44909,0.64970211,-0.23664808,0.68041348,0.24274210,0.06342392,-0.00432443,-0.03876293
44918,0.64967350,-0.23663599,0.68043990,0.24275691,0.06342392,-0.00432443,-0.03876293
44924,0.64965763,-0.23661892,0.68045706,0.24276785,0.06342392,-0.00432443,-0.03876293
44931,0.64963474,-0.23661012,0.68047895,0.24277629,0.06342392,-0.00432443,-0.03876293
44937,0.64961485,-0.23659989,0.68049759,0.24278690,0.06342392,-0.00432443,-0.03876293
44946,0.64958357,-0.23658754,0.68052678,0.24280118,0.06342392,-0.00432443,-0.03876293
44953,0.64955377,-0.23657488,0.68055601,0.24281082,0.06342392,-0.00432443,-0.03876293
44960,0.64952735,-0.23656787,0.68057928,0.24282350,0.06342392,-0.00432443,-0.03876293
44966,0.64950795,-0.23655381,0.68059816,0.24283621,0.06342392,-0.00432443,-0.03876293
44975,0.64947915,-0.23654265,0.68062582,0.24284651,0.06342392,-0.00432443,-0.03876293
44982,0.64945740,-0.23652820,0.68064923,0.24285264,0.06342392,-0.00432443,-0.03876293
44988,0.64943842,-0.23652169,0.68066697,0.24286041,0.06342392,-0.00432443,-0.03876293
44998,0.64940824,-0.23650438,0.68070006,0.24286527,0.06342392,-0.00432443,-0.03876293
45004,0.64938969,-0.23649430,0.68071699,0.24287745,0.06342392,-0.00432443,-0.03876293
45013,0.64935588,-0.23648626,0.68074893,0.24288568,0.06342392,-0.00432443,-0.03876293
45019,0.64933509,-0.23646993,0.68077111,0.24289538,0.06342392,-0.00432443,-0.03876293
45026,0.64931325,-0.23646094,0.68079094,0.24290657,0.06342392,-0.00432443,-0.03876293
45035,0.64928159,-0.23644750,0.68082289,0.24291486,0.06342392,-0.00432443,-0.03876293
45045,0.64925079,-0.23643178,0.68085098,0.24293384,0.06342392,-0.00432443,-0.03876293
45051,0.64923086,-0.23642008,0.68086996,0.24294521,0.06342392,-0.00432443,-0.03876293
45057,0.64921355,-0.23641240,0.68088631,0.24295320,0.06342392,-0.00432443,-0.03876293
45066,0.64918255,-0.23639538,0.68091335,0.24297680,0.06342392,-0.00432443,-0.03876293
45075,0.64915537,-0.23637948,0.68094024,0.24298934,0.06342392,-0.00432443,-0.03876293
45083,0.64912824,-0.23636450,0.68096737,0.24300100,0.06342392,-0.00432443,-0.03876293
45089,0.64910163,-0.23636379,0.68098931,0.24301075,0.06342392,-0.00432443,-0.03876293
45095,0.64908351,-0.23636014,0.68100585,0.24301645,0.06342392,-0.00432443,-0.03876293
45102,0.64906110,-0.23634569,0.68102664,0.24303207,0.06342392,-0.00432443,-0.03876293
45111,0.64903683,-0.23632872,0.68105230,0.24304170,0.06342392,-0.00432443,-0.03876293
45120,0.64901275,-0.23631038,0.68107719,0.24305405,0.06342392,-0.00432443,-0.03876293
45127,0.64898633,-0.23629472,0.68110294,0.24306740,0.06342392,-0.00432443,-0.03876293
45133,0.64896388,-0.23628396,0.68112602,0.24307348,0.06342392,-0.00432443,-0.03876293
45142,0.64893336,-0.23627486,0.68115310,0.24308781,0.06342392,-0.00432443,-0.03876293
45149,0.64890813,-0.23626642,0.68117613,0.24309859,0.06342392,-0.00432443,-0.03876293
45155,0.64888720,-0.23625869,0.68119573,0.24310688,0.06342392,-0.00432443,-0.03876293
45162,0.64885787,-0.23624272,0.68122553,0.24311730,0.06342392,-0.00432443,-0.03876293
45171,0.64882416,-0.23623166,0.68125619,0.24313261,0.06342392,-0.00432443,-0.03876293
45178,0.64879827,-0.23622348,0.68127870,0.24314630,0.06342392,-0.00432443,-0.03876293
45189,0.64876794,-0.23620679,0.68130865,0.24315991,0.06342392,-0.00432443,-0.03876293
45196,0.64874501,-0.23619885,0.68132834,0.24317305,0.06342392,-0.00432443,-0.03876293
45202,0.64872283,-0.23618638,0.68134932,0.24318563,0.06342392,-0.00432443,-0.03876293
45212,0.64869136,-0.23617787,0.68137569,0.24320440,0.06342392,-0.00432443,-0.03876293
45219,0.64867000,-0.23616502,0.68139667,0.24321477,0.06342392,-0.00432443,-0.03876293
45225,0.64865012,-0.23615252,0.68141622,0.24322524,0.06342392,-0.00432443,-0.03876293
45232,0.64862561,-0.23613736,0.68144154,0.24323449,0.06342392,-0.00432443,-0.03876293
45241,0.64859576,-0.23611233,0.68147220,0.24325196,0.06342392,-0.00432443,-0.03876293
45247,0.64857368,-0.23609623,0.68149509,0.24326238,0.06342392,-0.00432443,-0.03876293
45253,0.64855451,-0.23608632,0.68151278,0.24327375,0.06342392,-0.00432443,-0.03876293
45263,0.64851732,-0.23606066,0.68154964,0.24329450,0.06342392,-0.00432443,-0.03876293
45273,0.64848942,-0.23603656,0.68157906,0.24331035,0.06342392,-0.00432443,-0.03876293
45279,0.64846305,-0.23602499,0.68160347,0.24332253,0.06342392,-0.00432443,-0.03876293
45285,0.64844045,-0.23601360,0.68162460,0.24333491,0.06342392,-0.00432443,-0.03876293
45292,0.64841485,-0.23600261,0.68164944,0.24334423,0.06342392,-0.00432443,-0.03876293
45298,0.64839639,-0.23599097,0.68166599,0.24335825,0.06342392,-0.00432443,-0.03876293
45308,0.64835929,-0.23596470,0.68170256,0.24338011,0.06342392,-0.00432443,-0.03876293
45314,0.64833889,-0.23595402,0.68172187,0.24339089,0.06342392,-0.00432443,-0.03876293
45321,0.64831552,-0.23594121,0.68174419,0.24340300,0.06342392,-0.00432443,-0.03876293
45329,0.64828252,-0.23593304,0.68177170,0.24342169,0.06342392,-0.00432443,-0.03876293
45336,0.64826016,-0.23592085,0.68179483,0.24342813,0.06342392,-0.00432443,-0.03876293
45343,0.64824056,-0.23590314,0.68181681,0.24343605,0.06342392,-0.00432443,-0.03876293
45352,0.64820842,-0.23588683,0.68184652,0.24345455,0.06342392,-0.00432443,-0.03876293
45358,0.64818229,-0.23587818,0.68187022,0.24346575,0.06342392,-0.00432443,-0.03876293
45371,0.64814004,-0.23585166,0.68190765,0.24349937,0.06342392,-0.00432443,-0.03876293
45377,0.64811820,-0.23584158,0.68192811,0.24351003,0.06342392,-0.00432443,-0.03876293
45383,0.64809646,-0.23583080,0.68194675,0.24352595,0.06342392,-0.00432443,-0.03876293
45390,0.64806756,-0.23581569,0.68197603,0.24353530,0.06342392,-0.00432443,-0.03876293
45399,0.64803857,-0.23579771,0.68200378,0.24355270,0.06342392,-0.00432443,-0.03876293
45408,0.64800462,-0.23578426,0.68203496,0.24356803,0.06342392,-0.00432443,-0.03876293
45415,0.64797830,-0.23576908,0.68206272,0.24357538,0.06342392,-0.00432443,-0.03876293
45421,0.64795641,-0.23576893,0.68207912,0.24358794,0.06342392,-0.00432443,-0.03876293
45428,0.64793586,-0.23575665,0.68209772,0.24360225,0.06342392,-0.00432443,-0.03876293
45437,0.64790606,-0.23573367,0.68212976,0.24361362,0.06342392,-0.00432443,-0.03876293
45444,0.64788632,-0.23572540,0.68214707,0.24362576,0.06342392,-0.00432443,-0.03876293
45450,0.64786415,-0.23571772,0.68216609,0.24363932,0.06342392,-0.00432443,-0.03876293
45457,0.64783630,-0.23570511,0.68219156,0.24365451,0.06342392,-0.00432443,-0.03876293
45465,0.64780812,-0.23569657,0.68221559,0.24367008,0.06342392,-0.00432443,-0.03876293
45474,0.64777846,-0.23567824,0.68224449,0.24368557,0.06342392,-0.00432443,-0.03876293
45484,0.64773659,-0.23565299,0.68228893,0.24369685,0.06342392,-0.00432443,-0.03876293
45490,0.64771561,-0.23564000,0.68230905,0.24370903,0.06342392,-0.00432443,-0.03876293
45497,0.64768958,-0.23562147,0.68233537,0.24372210,0.06342392,-0.00432443,-0.03876293
45506,0.64765872,-0.23560509,0.68236360,0.24374117,0.06342392,-0.00432443,-0.03876293
45512,0.64763331,-0.23558778,0.68238883,0.24375472,0.06342392,-0.00432443,-0.03876293
45518,0.64761404,-0.23557634,0.68240537,0.24377086,0.06342392,-0.00432443,-0.03876293
45528,0.64757866,-0.23555579,0.68243951,0.24378948,0.06342392,-0.00432443,-0.03876293
45536,0.64754915,-0.23553514,0.68246755,0.24380888,0.06342392,-0.00432443,-0.03876293
45543,0.64752216,-0.23551609,0.68249468,0.24382278,0.06342392,-0.00432443,-0.03876293
45552,0.64748754,-0.23550012,0.68252696,0.24384005,0.06342392,-0.00432443,-0.03876293
45558,0.64746751,-0.23548452,0.68254842,0.24384796,0.06342392,-0.00432443,-0.03876293
45567,0.64743432,-0.23546781,0.68257884,0.24386703,0.06342392,-0.00432443,-0.03876293
45575,0.64740509,-0.23545577,0.68260812,0.24387464,0.06342392,-0.00432443,-0.03876293
45581,0.64738230,-0.23544719,0.68262748,0.24388890,0.06342392,-0.00432443,-0.03876293
45587,0.64735822,-0.23543806,0.68264741,0.24390556,0.06342392,-0.00432443,-0.03876293
45596,0.64732007,-0.23542072,0.68268208,0.24392673,0.06342392,-0.00432443,-0.03876293
45603,0.64729490,-0.23540711,0.68270583,0.24394071,0.06342392,-0.00432443,-0.03876293
45609,0.64727153,-0.23539156,0.68273057,0.24394843,0.06342392,-0.00432443,-0.03876293
45619,0.64723701,-0.23537731,0.68275966,0.24397227,0.06342392,-0.00432443,-0.03876293
45628,0.64720220,-0.23536117,0.68279147,0.24399106,0.06342392,-0.00432443,-0.03876293
45634,0.64718294,-0.23535819,0.68281006,0.24399313,0.06342392,-0.00432443,-0.03876293
45641,0.64715905,-0.23534159,0.68283281,0.24400880,0.06342392,-0.00432443,-0.03876293
45647,0.64714298,-0.23532912,0.68284845,0.24401981,0.06342392,-0.00432443,-0.03876293
45654,0.64711337,-0.23531999,0.68287653,0.24402823,0.06342392,-0.00432443,-0.03876293
45664,0.64709005,-0.23529570,0.68290085,0.24404549,0.06342392,-0.00432443,-0.03876293
45670,0.64706821,-0.23528461,0.68292098,0.24405770,0.06342392,-0.00432443,-0.03876293
45679,0.64703283,-0.23526597,0.68295617,0.24407091,0.06342392,-0.00432443,-0.03876293
45685,0.64700980,-0.23525710,0.68297715,0.24408218,0.06342392,-0.00432443,-0.03876293
45695,0.64697890,-0.23524370,0.68300542,0.24409725,0.06342392,-0.00432443,-0.03876293
45701,0.64695749,-0.23523333,0.68302707,0.24410395,0.06342392,-0.00432443,-0.03876293
45711,0.64691758,-0.23520908,0.68306789,0.24411880,0.06342392,-0.00432443,-0.03876293
45717,0.64689393,-0.23520598,0.68308725,0.24413025,0.06342392,-0.00432443,-0.03876293
45723,0.64687528,-0.23519597,0.68310599,0.24413700,0.06342392,-0.00432443,-0.03876293
45735,0.64683570,-0.23517947,0.68314428,0.24415054,0.06342392,-0.00432443,-0.03876293
45741,0.64681715,-0.23517351,0.68316106,0.24415822,0.06342392,-0.00432443,-0.03876293
45747,0.64679565,-0.23516759,0.68318004,0.24416799,0.06342392,-0.00432443,-0.03876293
45757,0.64675903,-0.23515512,0.68321137,0.24418942,0.06342392,-0.00432443,-0.03876293
45765,0.64672975,-0.23513760,0.68324012,0.24420318,0.06342392,-0.00432443,-0.03876293
45774,0.64669919,-0.23511877,0.68327050,0.24421756,0.06342392,-0.00432443,-0.03876293
45781,0.64667487,-0.23510398,0.68329582,0.24422504,0.06342392,-0.00432443,-0.03876293
45787,0.64665198,-0.23509230,0.68331632,0.24424004,0.06342392,-0.00432443,-0.03876293
45796,0.64662570,-0.23506848,0.68334369,0.24425530,0.06342392,-0.00432443,-0.03876293
45803,0.64660577,-0.23505511,0.68336362,0.24426567,0.06342392,-0.00432443,-0.03876293
45810,0.64658694,-0.23503551,0.68338346,0.24427847,0.06342392,-0.00432443,-0.03876293
45816,0.64656486,-0.23502449,0.68340401,0.24429020,0.06342392,-0.00432443,-0.03876293
45823,0.64653587,-0.23501319,0.68343253,0.24429800,0.06342392,-0.00432443,-0.03876293
45831,0.64650654,-0.23500249,0.68345952,0.24431078,0.06342392,-0.00432443,-0.03876293
45839,0.64647622,-0.23499197,0.68348670,0.24432475,0.06342392,-0.00432443,-0.03876293
45846,0.64645309,-0.23498494,0.68350815,0.24433267,0.06342392,-0.00432443,-0.03876293
45852,0.64643154,-0.23497958,0.68352546,0.24434676,0.06342392,-0.00432443,-0.03876293
45861,0.64639291,-0.23496913,0.68356046,0.24436068,0.06342392,-0.00432443,-0.03876293
45867,0.64637136,-0.23496046,0.68358192,0.24436619,0.06342392,-0.00432443,-0.03876293
45874,0.64634552,-0.23494782,0.68360462,0.24438333,0.06342392,-0.00432443,-0.03876293
45885,0.64630246,-0.23493375,0.68364191,0.24440629,0.06342392,-0.00432443,-0.03876293
45894,0.64627885,-0.23491134,0.68366756,0.24441816,0.06342392,-0.00432443,-0.03876293
45900,0.64625492,-0.23489856,0.68369121,0.24442811,0.06342392,-0.00432443,-0.03876293
45907,0.64623112,-0.23488078,0.68371229,0.24444887,0.06342392,-0.00432443,-0.03876293
45916,0.64620141,-0.23487217,0.68373584,0.24446964,0.06342392,-0.00432443,-0.03876293
45922,0.64617986,-0.23485746,0.68375835,0.24447791,0.06342392,-0.00432443,-0.03876293
45932,0.64614934,-0.23484258,0.68378791,0.24449036,0.06342392,-0.00432443,-0.03876293
45939,0.64612865,-0.23482980,0.68380670,0.24450473,0.06342392,-0.00432443,-0.03876293
45945,0.64610080,-0.23481557,0.68383307,0.24451808,0.06342392,-0.00432443,-0.03876293
45951,0.64607930,-0.23480529,0.68385310,0.24452879,0.06342392,-0.00432443,-0.03876293
45960,0.64604854,-0.23478581,0.68388185,0.24454848,0.06342392,-0.00432443,-0.03876293
45966,0.64602236,-0.23477311,0.68390755,0.24455807,0.06342392,-0.00432443,-0.03876293
45976,0.64598221,-0.23475117,0.68394474,0.24458107,0.06342392,-0.00432443,-0.03876293
45985,0.64594707,-0.23473200,0.68397574,0.24460527,0.06342392,-0.00432443,-0.03876293
45991,0.64592289,-0.23471732,0.68400001,0.24461576,0.06342392,-0.00432443,-0.03876293
45998,0.64589796,-0.23470678,0.68402094,0.24463315,0.06342392,-0.00432443,-0.03876293
46004,0.64587359,-0.23470094,0.68403987,0.24464972,0.06342392,-0.00432443,-0.03876293
46011,0.64584784,-0.23468294,0.68406577,0.24466314,0.06342392,-0.00432443,-0.03876293
46020,0.64581632,-0.23465917,0.68409605,0.24468433,0.06342392,-0.00432443,-0.03876293
46029,0.64578304,-0.23463773,0.68412642,0.24470760,0.06342392,-0.00432443,-0.03876293
46035,0.64576292,-0.23462893,0.68414592,0.24471457,0.06342392,-0.00432443,-0.03876293
46042,0.64573645,-0.23461446,0.68416981,0.24473145,0.06342392,-0.00432443,-0.03876293
46048,0.64571480,-0.23460450,0.68419227,0.24473488,0.06342392,-0.00432443,-0.03876293
46057,0.64568014,-0.23459148,0.68422451,0.24474935,0.06342392,-0.00432443,-0.03876293
46065,0.64565496,-0.23457508,0.68424930,0.24476191,0.06342392,-0.00432443,-0.03876293
46071,0.64563817,-0.23456852,0.68426394,0.24477210,0.06342392,-0.00432443,-0.03876293
46078,0.64560866,-0.23455300,0.68429279,0.24478361,0.06342392,-0.00432443,-0.03876293
46089,0.64557256,-0.23453114,0.68432826,0.24480063,0.06342392,-0.00432443,-0.03876293
46095,0.64554338,-0.23451488,0.68435668,0.24481372,0.06342392,-0.00432443,-0.03876293
46101,0.64551920,-0.23450279,0.68437962,0.24482512,0.06342392,-0.00432443,-0.03876293
46111,0.64548296,-0.23448572,0.68441157,0.24484772,0.06342392,-0.00432443,-0.03876293
46117,0.64546079,-0.23447480,0.68443255,0.24485793,0.06342392,-0.00432443,-0.03876293
46126,0.64542908,-0.23445918,0.68445930,0.24488160,0.06342392,-0.00432443,-0.03876293
46133,0.64539775,-0.23444733,0.68448710,0.24489777,0.06342392,-0.00432443,-0.03876293
46139,0.64537782,-0.23443851,0.68450613,0.24490542,0.06342392,-0.00432443,-0.03876293
46146,0.64535670,-0.23442194,0.68452787,0.24491600,0.06342392,-0.00432443,-0.03876293
46156,0.64532079,-0.23439590,0.68456287,0.24493830,0.06342392,-0.00432443,-0.03876293
46162,0.64529490,-0.23438205,0.68458662,0.24495298,0.06342392,-0.00432443,-0.03876293
46168,0.64527559,-0.23437151,0.68460464,0.24496374,0.06342392,-0.00432443,-0.03876293
46175,0.64524989,-0.23435542,0.68463001,0.24497594,0.06342392,-0.00432443,-0.03876293
46184,0.64521579,-0.23433361,0.68466453,0.24499034,0.06342392,-0.00432443,-0.03876293
46191,0.64519023,-0.23432040,0.68468813,0.24500398,0.06342392,-0.00432443,-0.03876293
46200,0.64515609,-0.23430812,0.68471746,0.24502382,0.06342392,-0.00432443,-0.03876293
46207,0.64513387,-0.23429515,0.68473858,0.24503562,0.06342392,-0.00432443,-0.03876293
46213,0.64511103,-0.23428659,0.68475837,0.24504885,0.06342392,-0.00432443,-0.03876293
46222,0.64508028,-0.23426139,0.68479080,0.24506337,0.06342392,-0.00432443,-0.03876293
46228,0.64505743,-0.23424901,0.68481159,0.24507732,0.06342392,-0.00432443,-0.03876293
46238,0.64501848,-0.23423817,0.68484487,0.24509718,0.06342392,-0.00432443,-0.03876293
46245,0.64498996,-0.23423008,0.68487100,0.24510707,0.06342392,-0.00432443,-0.03876293
46253,0.64496207,-0.23421587,0.68489785,0.24511835,0.06342392,-0.00432443,-0.03876293
46260,0.64493169,-0.23420221,0.68492608,0.24513254,0.06342392,-0.00432443,-0.03876293
46269,0.64489741,-0.23418011,0.68495864,0.24515328,0.06342392,-0.00432443,-0.03876293
46275,0.64487223,-0.23417117,0.68498134,0.24516458,0.06342392,-0.00432443,-0.03876293
46285,0.64482984,-0.23415513,0.68502120,0.24517991,0.06342392,-0.00432443,-0.03876293
46294,0.64478950,-0.23414649,0.68505916,0.24518787,0.06342392,-0.00432443,-0.03876293
46300,0.64476785,-0.23412842,0.68508129,0.24520020,0.06342392,-0.00432443,-0.03876293
46307,0.64473962,-0.23410992,0.68510742,0.24521949,0.06342392,-0.00432443,-0.03876293
46313,0.64471654,-0.23409910,0.68513011,0.24522705,0.06342392,-0.00432443,-0.03876293
46322,0.64468197,-0.23408551,0.68516154,0.24524321,0.06342392,-0.00432443,-0.03876293
46330,0.64465045,-0.23406856,0.68519153,0.24525816,0.06342392,-0.00432443,-0.03876293
46336,0.64462904,-0.23405282,0.68521490,0.24526462,0.06342392,-0.00432443,-0.03876293
46347,0.64459028,-0.23403396,0.68525214,0.24528028,0.06342392,-0.00432443,-0.03876293
46354,0.64456195,-0.23402192,0.68527960,0.24528918,0.06342392,-0.00432443,-0.03876293
46361,0.64453573,-0.23400845,0.68530483,0.24530055,0.06342392,-0.00432443,-0.03876293
46373,0.64449443,-0.23398234,0.68534383,0.24532482,0.06342392,-0.00432443,-0.03876293
46380,0.64447121,-0.23396744,0.68536806,0.24533250,0.06342392,-0.00432443,-0.03876293
46389,0.64444069,-0.23394777,0.68539810,0.24534721,0.06342392,-0.00432443,-0.03876293
46395,0.64441518,-0.23393502,0.68542242,0.24535875,0.06342392,-0.00432443,-0.03876293
46402,0.64438943,-0.23391559,0.68544836,0.24537270,0.06342392,-0.00432443,-0.03876293
46408,0.64436669,-0.23391072,0.68546581,0.24538834,0.06342392,-0.00432443,-0.03876293
46417,0.64432773,-0.23390128,0.68550024,0.24540305,0.06342392,-0.00432443,-0.03876293
46425,0.64429559,-0.23389241,0.68552827,0.24541754,0.06342392,-0.00432443,-0.03876293
46431,0.64426994,-0.23388342,0.68555107,0.24543004,0.06342392,-0.00432443,-0.03876293
46438,0.64424171,-0.23387095,0.68557686,0.24544377,0.06342392,-0.00432443,-0.03876293
46444,0.64422039,-0.23386101,0.68559684,0.24545371,0.06342392,-0.00432443,-0.03876293
46453,0.64418931,-0.23384201,0.68562765,0.24546744,0.06342392,-0.00432443,-0.03876293
46459,0.64416465,-0.23382921,0.68564920,0.24548377,0.06342392,-0.00432443,-0.03876293
46469,0.64412312,-0.23381497,0.68568444,0.24550812,0.06342392,-0.00432443,-0.03876293
46475,0.64410119,-0.23380782,0.68570270,0.24552116,0.06342392,-0.00432443,-0.03876293
46484,0.64406633,-0.23378918,0.68573451,0.24554133,0.06342392,-0.00432443,-0.03876293
46495,0.64402670,-0.23376288,0.68577041,0.24557023,0.06342392,-0.00432443,-0.03876293
46501,0.64400529,-0.23375079,0.68579063,0.24558136,0.06342392,-0.00432443,-0.03876293
46508,0.64397945,-0.23373866,0.68581409,0.24559547,0.06342392,-0.00432443,-0.03876293
46517,0.64394340,-0.23372111,0.68584966,0.24560675,0.06342392,-0.00432443,-0.03876293
46526,0.64390840,-0.23369481,0.68588633,0.24562177,0.06342392,-0.00432443,-0.03876293
46532,0.64388585,-0.23368239,0.68590717,0.24563453,0.06342392,-0.00432443,-0.03876293
46539,0.64385409,-0.23367221,0.68593597,0.24564657,0.06342392,-0.00432443,-0.03876293
46545,0.64383196,-0.23366434,0.68595700,0.24565377,0.06342392,-0.00432443,-0.03876293
46554,0.64380369,-0.23364541,0.68598423,0.24566917,0.06342392,-0.00432443,-0.03876293
46561,0.64377651,-0.23363015,0.68600978,0.24568388,0.06342392,-0.00432443,-0.03876293
46570,0.64374313,-0.23361005,0.68604211,0.24570009,0.06342392,-0.00432443,-0.03876293
46577,0.64372115,-0.23359556,0.68606324,0.24571278,0.06342392,-0.00432443,-0.03876293
46586,0.64369463,-0.23358278,0.68608627,0.24573006,0.06342392,-0.00432443,-0.03876293
46592,0.64366621,-0.23357205,0.68611297,0.24573965,0.06342392,-0.00432443,-0.03876293
46601,0.64362907,-0.23354811,0.68614788,0.24576294,0.06342392,-0.00432443,-0.03876293
46608,0.64359898,-0.23353745,0.68617434,0.24577763,0.06342392,-0.00432443,-0.03876293
46617,0.64355888,-0.23352293,0.68621110,0.24579424,0.06342392,-0.00432443,-0.03876293
46623,0.64353275,-0.23351349,0.68623642,0.24580082,0.06342392,-0.00432443,-0.03876293
46629,0.64351134,-0.23350701,0.68625545,0.24580957,0.06342392,-0.00432443,-0.03876293
46638,0.64347534,-0.23348989,0.68628997,0.24582371,0.06342392,-0.00432443,-0.03876293
46646,0.64344763,-0.23347654,0.68631606,0.24583628,0.06342392,-0.00432443,-0.03876293
46653,0.64342079,-0.23346731,0.68634004,0.24584820,0.06342392,-0.00432443,-0.03876293
46659,0.64339876,-0.23345730,0.68636093,0.24585678,0.06342392,-0.00432443,-0.03876293
46665,0.64337434,-0.23344359,0.68638663,0.24586222,0.06342392,-0.00432443,-0.03876293
46672,0.64334526,-0.23343234,0.68641338,0.24587426,0.06342392,-0.00432443,-0.03876293
46681,0.64331145,-0.23341410,0.68644189,0.24590065,0.06342392,-0.00432443,-0.03876293
46688,0.64327697,-0.23340167,0.68647289,0.24591586,0.06342392,-0.00432443,-0.03876293
46697,0.64324617,-0.23338601,0.68650312,0.24592721,0.06342392,-0.00432443,-0.03876293
46703,0.64322752,-0.23337075,0.68652095,0.24594066,0.06342392,-0.00432443,-0.03876293
46712,0.64319682,-0.23334729,0.68655385,0.24595122,0.06342392,-0.00432443,-0.03876293
46719,0.64317269,-0.23333396,0.68657751,0.24596104,0.06342392,-0.00432443,-0.03876293
46726,0.64314508,-0.23332533,0.68660025,0.24597773,0.06342392,-0.00432443,-0.03876293
46735,0.64311308,-0.23330786,0.68662948,0.24599685,0.06342392,-0.00432443,-0.03876293
46741,0.64308667,-0.23329482,0.68665523,0.24600627,0.06342392,-0.00432443,-0.03876293
46750,0.64305477,-0.23327426,0.68668870,0.24601557,0.06342392,-0.00432443,-0.03876293
46757,0.64302816,-0.23326215,0.68671603,0.24602062,0.06342392,-0.00432443,-0.03876293
46763,0.64300670,-0.23324856,0.68673710,0.24603018,0.06342392,-0.00432443,-0.03876293
46769,0.64297957,-0.23323476,0.68676276,0.24604277,0.06342392,-0.00432443,-0.03876293
46780,0.64293355,-0.23321487,0.68680410,0.24606654,0.06342392,-0.00432443,-0.03876293
46787,0.64290590,-0.23320329,0.68683047,0.24607577,0.06342392,-0.00432443,-0.03876293
46793,0.64288516,-0.23318924,0.68685150,0.24608490,0.06342392,-0.00432443,-0.03876293
46799,0.64286255,-0.23317399,0.68687462,0.24609346,0.06342392,-0.00432443,-0.03876293
46808,0.64282264,-0.23315160,0.68691406,0.24610922,0.06342392,-0.00432443,-0.03876293
46815,0.64279174,-0.23313825,0.68694138,0.24612593,0.06342392,-0.00432443,-0.03876293
46824,0.64275670,-0.23312308,0.68697519,0.24613814,0.06342392,-0.00432443,-0.03876293
46830,0.64273099,-0.23310878,0.68699860,0.24615318,0.06342392,-0.00432443,-0.03876293
46837,0.64270296,-0.23309042,0.68702621,0.24616692,0.06342392,-0.00432443,-0.03876293
46846,0.64266242,-0.23307056,0.68706350,0.24618713,0.06342392,-0.00432443,-0.03876293
46854,0.64262509,-0.23305532,0.68709945,0.24619858,0.06342392,-0.00432443,-0.03876293
46861,0.64259581,-0.23304250,0.68712625,0.24621238,0.06342392,-0.00432443,-0.03876293
46870,0.64256052,-0.23303272,0.68715887,0.24622280,0.06342392,-0.00432443,-0.03876293
46879,0.64252500,-0.23301248,0.68719120,0.24624481,0.06342392,-0.00432443,-0.03876293
46885,0.64250097,-0.23300194,0.68721408,0.24625334,0.06342392,-0.00432443,-0.03876293
46892,0.64247226,-0.23298530,0.68724107,0.24626870,0.06342392,-0.00432443,-0.03876293
46900,0.64244003,-0.23297457,0.68726949,0.24628348,0.06342392,-0.00432443,-0.03876293
46909,0.64240689,-0.23295481,0.68729991,0.24630410,0.06342392,-0.00432443,-0.03876293
46916,0.64237694,-0.23293881,0.68732662,0.24632244,0.06342392,-0.00432443,-0.03876293
46925,0.64234347,-0.23292090,0.68735814,0.24633851,0.06342392,-0.00432443,-0.03876293
46932,0.64232134,-0.23290762,0.68737959,0.24634900,0.06342392,-0.00432443,-0.03876293
46938,0.64229211,-0.23289358,0.68740730,0.24636096,0.06342392,-0.00432443,-0.03876293
46947,0.64226198,-0.23287243,0.68743891,0.24637141,0.06342392,-0.00432443,-0.03876293
46953,0.64223713,-0.23285899,0.68746271,0.24638290,0.06342392,-0.00432443,-0.03876293
46963,0.64220132,-0.23283216,0.68749799,0.24640328,0.06342392,-0.00432443,-0.03876293
46969,0.64217681,-0.23281822,0.68752088,0.24641628,0.06342392,-0.00432443,-0.03876293
46978,0.64213938,-0.23280122,0.68755383,0.24643778,0.06342392,-0.00432443,-0.03876293
46984,0.64211344,-0.23279147,0.68757724,0.24644911,0.06342392,-0.00432443,-0.03876293
46991,0.64208793,-0.23277847,0.68759994,0.24646461,0.06342392,-0.00432443,-0.03876293
47000,0.64205198,-0.23275921,0.68763418,0.24648134,0.06342392,-0.00432443,-0.03876293
47007,0.64201970,-0.23275098,0.68766336,0.24649128,0.06342392,-0.00432443,-0.03876293
47014,0.64198961,-0.23273508,0.68769235,0.24650413,0.06342392,-0.00432443,-0.03876293
47020,0.64196338,-0.23272271,0.68771591,0.24651818,0.06342392,-0.00432443,-0.03876293
47027,0.64193840,-0.23271274,0.68773775,0.24653189,0.06342392,-0.00432443,-0.03876293
47033,0.64190678,-0.23269851,0.68776798,0.24654300,0.06342392,-0.00432443,-0.03876293
47043,0.64186663,-0.23267652,0.68780937,0.24655311,0.06342392,-0.00432443,-0.03876293
47049,0.64183959,-0.23265841,0.68783545,0.24656767,0.06342392,-0.00432443,-0.03876293
47056,0.64180850,-0.23264446,0.68786592,0.24657676,0.06342392,-0.00432443,-0.03876293
47065,0.64176793,-0.23262608,0.68790268,0.24659755,0.06342392,-0.00432443,-0.03876293
47072,0.64173908,-0.23260748,0.68793129,0.24660999,0.06342392,-0.00432443,-0.03876293
47078,0.64171991,-0.23259308,0.68795242,0.24661412,0.06342392,-0.00432443,-0.03876293
47087,0.64168004,-0.23258202,0.68798646,0.24663362,0.06342392,-0.00432443,-0.03876293
47094,0.64164996,-0.23257062,0.68801450,0.24664430,0.06342392,-0.00432443,-0.03876293
47105,0.64160451,-0.23255364,0.68805484,0.24666590,0.06342392,-0.00432443,-0.03876293
47111,0.64157876,-0.23254289,0.68807930,0.24667477,0.06342392,-0.00432443,-0.03876293
47118,0.64154586,-0.23253097,0.68811011,0.24668583,0.06342392,-0.00432443,-0.03876293
47124,0.64152231,-0.23252294,0.68813185,0.24669375,0.06342392,-0.00432443,-0.03876293
47134,0.64148240,-0.23250129,0.68817048,0.24671039,0.06342392,-0.00432443,-0.03876293
47143,0.64144377,-0.23248722,0.68820424,0.24672992,0.06342392,-0.00432443,-0.03876293
47149,0.64141950,-0.23247761,0.68822727,0.24673798,0.06342392,-0.00432443,-0.03876293
47156,0.64139075,-0.23247025,0.68825225,0.24675040,0.06342392,-0.00432443,-0.03876293
47162,0.64136462,-0.23245518,0.68827843,0.24675912,0.06342392,-0.00432443,-0.03876293
47171,0.64132313,-0.23243107,0.68831801,0.24677886,0.06342392,-0.00432443,-0.03876293
47178,0.64129595,-0.23241729,0.68834323,0.24679253,0.06342392,-0.00432443,-0.03876293
47185,0.64127168,-0.23240640,0.68836660,0.24680094,0.06342392,-0.00432443,-0.03876293
47192,0.64124050,-0.23239009,0.68839263,0.24682435,0.06342392,-0.00432443,-0.03876293
47201,0.64120812,-0.23237440,0.68842124,0.24684355,0.06342392,-0.00432443,-0.03876293
47210,0.64117145,-0.23235454,0.68845615,0.24685988,0.06342392,-0.00432443,-0.03876293
47216,0.64114594,-0.23234138,0.68847889,0.24687519,0.06342392,-0.00432443,-0.03876293
47223,0.64111714,-0.23232438,0.68850803,0.24688479,0.06342392,-0.00432443,-0.03876293
47230,0.64108991,-0.23230895,0.68853330,0.24689958,0.06342392,-0.00432443,-0.03876293
47239,0.64105911,-0.23228981,0.68856439,0.24691042,0.06342392,-0.00432443,-0.03876293
47245,0.64103126,-0.23227448,0.68859348,0.24691622,0.06342392,-0.00432443,-0.03876293
47252,0.64100370,-0.23226718,0.68861646,0.24693036,0.06342392,-0.00432443,-0.03876293
47258,0.64097332,-0.23224706,0.68864698,0.24694330,0.06342392,-0.00432443,-0.03876293
47268,0.64093542,-0.23223564,0.68867988,0.24696092,0.06342392,-0.00432443,-0.03876293
47274,0.64091229,-0.23222019,0.68870134,0.24697566,0.06342392,-0.00432443,-0.03876293
47283,0.64087576,-0.23220067,0.68873758,0.24698753,0.06342392,-0.00432443,-0.03876293
47289,0.64085459,-0.23218510,0.68875741,0.24700202,0.06342392,-0.00432443,-0.03876293
47301,0.64081187,-0.23216814,0.68879413,0.24702644,0.06342392,-0.00432443,-0.03876293
47309,0.64078097,-0.23215413,0.68882327,0.24703841,0.06342392,-0.00432443,-0.03876293
47319,0.64073796,-0.23213872,0.68886175,0.24705724,0.06342392,-0.00432443,-0.03876293
47325,0.64071588,-0.23213181,0.68888144,0.24706556,0.06342392,-0.00432443,-0.03876293
47332,0.64068937,-0.23212177,0.68890638,0.24707474,0.06342392,-0.00432443,-0.03876293
47340,0.64064812,-0.23210797,0.68894267,0.24709341,0.06342392,-0.00432443,-0.03876293
47347,0.64061903,-0.23209502,0.68896846,0.24710903,0.06342392,-0.00432443,-0.03876293
47353,0.64059572,-0.23208234,0.68899068,0.24711949,0.06342392,-0.00432443,-0.03876293
47363,0.64055395,-0.23207213,0.68902635,0.24713768,0.06342392,-0.00432443,-0.03876293
47373,0.64051651,-0.23204789,0.68906402,0.24715251,0.06342392,-0.00432443,-0.03876293
47380,0.64048838,-0.23203434,0.68909168,0.24716126,0.06342392,-0.00432443,-0.03876293
47386,0.64046311,-0.23202216,0.68911581,0.24717071,0.06342392,-0.00432443,-0.03876293
47393,0.64043259,-0.23200705,0.68914375,0.24718601,0.06342392,-0.00432443,-0.03876293
47402,0.64039206,-0.23198769,0.68918237,0.24720101,0.06342392,-0.00432443,-0.03876293
47409,0.64035854,-0.23197157,0.68921489,0.24721279,0.06342392,-0.00432443,-0.03876293
47415,0.64033441,-0.23196103,0.68923778,0.24722149,0.06342392,-0.00432443,-0.03876293
47422,0.64030532,-0.23195269,0.68926310,0.24723386,0.06342392,-0.00432443,-0.03876293
47430,0.64027352,-0.23193879,0.68929386,0.24724388,0.06342392,-0.00432443,-0.03876293
47437,0.64024901,-0.23192427,0.68931779,0.24725375,0.06342392,-0.00432443,-0.03876293
47445,0.64021167,-0.23190767,0.68935179,0.24727134,0.06342392,-0.00432443,-0.03876293
47451,0.64018898,-0.23189201,0.68937625,0.24727659,0.06342392,-0.00432443,-0.03876293
47458,0.64016075,-0.23188128,0.68940229,0.24728748,0.06342392,-0.00432443,-0.03876293
47467,0.64012784,-0.23186521,0.68943452,0.24729743,0.06342392,-0.00432443,-0.03876293
47473,0.64010477,-0.23185560,0.68945598,0.24730663,0.06342392,-0.00432443,-0.03876293
47480,0.64007453,-0.23184821,0.68948373,0.24731423,0.06342392,-0.00432443,-0.03876293
47489,0.64002962,-0.23183321,0.68952517,0.24732880,0.06342392,-0.00432443,-0.03876293
47498,0.63999176,-0.23181138,0.68956365,0.24734029,0.06342392,-0.00432443,-0.03876293
47505,0.63996582,-0.23179433,0.68958907,0.24735226,0.06342392,-0.00432443,-0.03876293
47514,0.63993163,-0.23177778,0.68962144,0.24736652,0.06342392,-0.00432443,-0.03876293
47520,0.63990745,-0.23176472,0.68964366,0.24737915,0.06342392,-0.00432443,-0.03876293
47527,0.63988246,-0.23175439,0.68966908,0.24738268,0.06342392,-0.00432443,-0.03876293
47536,0.63983955,-0.23173050,0.68970823,0.24740688,0.06342392,-0.00432443,-0.03876293
47543,0.63981132,-0.23171844,0.68973345,0.24742076,0.06342392,-0.00432443,-0.03876293
47549,0.63978614,-0.23170185,0.68975973,0.24742784,0.06342392,-0.00432443,-0.03876293
47556,0.63975791,-0.23168711,0.68978776,0.24743685,0.06342392,-0.00432443,-0.03876293
47564,0.63972573,-0.23166759,0.68981747,0.24745523,0.06342392,-0.00432443,-0.03876293
47573,0.63969225,-0.23164939,0.68984932,0.24747042,0.06342392,-0.00432443,-0.03876293
47581,0.63965501,-0.23163137,0.68988366,0.24748778,0.06342392,-0.00432443,-0.03876293
47587,0.63963184,-0.23161876,0.68990511,0.24749939,0.06342392,-0.00432443,-0.03876293
47596,0.63959665,-0.23160727,0.68993492,0.24751784,0.06342392,-0.00432443,-0.03876293
47602,0.63957214,-0.23159184,0.68995909,0.24752848,0.06342392,-0.00432443,-0.03876293
47609,0.63954443,-0.23157925,0.68998713,0.24753370,0.06342392,-0.00432443,-0.03876293
47615,0.63951687,-0.23156816,0.69001240,0.24754478,0.06342392,-0.00432443,-0.03876293
47624,0.63947873,-0.23155574,0.69005017,0.24754972,0.06342392,-0.00432443,-0.03876293
47633,0.63944301,-0.23153645,0.69008474,0.24756336,0.06342392,-0.00432443,-0.03876293
47640,0.63941841,-0.23152220,0.69010925,0.24757201,0.06342392,-0.00432443,-0.03876293
47648,0.63938827,-0.23150916,0.69013695,0.24758503,0.06342392,-0.00432443,-0.03876293
47655,0.63935718,-0.23149218,0.69016499,0.24760286,0.06342392,-0.00432443,-0.03876293
47664,0.63931274,-0.23148021,0.69020342,0.24762172,0.06342392,-0.00432443,-0.03876293
47671,0.63928289,-0.23146557,0.69023270,0.24763109,0.06342392,-0.00432443,-0.03876293
47678,0.63925609,-0.23145411,0.69025726,0.24764211,0.06342392,-0.00432443,-0.03876293
47684,0.63922672,-0.23144135,0.69028511,0.24765257,0.06342392,-0.00432443,-0.03876293
47693,0.63918552,-0.23142690,0.69032187,0.24766976,0.06342392,-0.00432443,-0.03876293
47700,0.63915495,-0.23141102,0.69035100,0.24768216,0.06342392,-0.00432443,-0.03876293
47706,0.63913326,-0.23140089,0.69037127,0.24769139,0.06342392,-0.00432443,-0.03876293
47718,0.63908510,-0.23137125,0.69041748,0.24771478,0.06342392,-0.00432443,-0.03876293
47725,0.63905630,-0.23135118,0.69044632,0.24772694,0.06342392,-0.00432443,-0.03876293
47733,0.63902025,-0.23133847,0.69047622,0.24774854,0.06342392,-0.00432443,-0.03876293
47740,0.63898396,-0.23132576,0.69051017,0.24775962,0.06342392,-0.00432443,-0.03876293
47746,0.63896169,-0.23131489,0.69053134,0.24776830,0.06342392,-0.00432443,-0.03876293
47756,0.63891515,-0.23129782,0.69057555,0.24778089,0.06342392,-0.00432443,-0.03876293
47765,0.63887972,-0.23129236,0.69060535,0.24779436,0.06342392,-0.00432443,-0.03876293
47771,0.63885478,-0.23128535,0.69062738,0.24780359,0.06342392,-0.00432443,-0.03876293
47778,0.63882517,-0.23127274,0.69065599,0.24781184,0.06342392,-0.00432443,-0.03876293
47784,0.63879847,-0.23126194,0.69068050,0.24782278,0.06342392,-0.00432443,-0.03876293
47793,0.63876652,-0.23124251,0.69070978,0.24784169,0.06342392,-0.00432443,-0.03876293
47801,0.63872904,-0.23123311,0.69074344,0.24785342,0.06342392,-0.00432443,-0.03876293
47807,0.63870468,-0.23121843,0.69076671,0.24786481,0.06342392,-0.00432443,-0.03876293
47814,0.63867530,-0.23120775,0.69079442,0.24787294,0.06342392,-0.00432443,-0.03876293
47820,0.63865213,-0.23119707,0.69081430,0.24788715,0.06342392,-0.00432443,-0.03876293
47831,0.63860840,-0.23117458,0.69085478,0.24790821,0.06342392,-0.00432443,-0.03876293
47838,0.63858289,-0.23116679,0.69087800,0.24791646,0.06342392,-0.00432443,-0.03876293
47847,0.63855051,-0.23115429,0.69090938,0.24792394,0.06342392,-0.00432443,-0.03876293
47853,0.63852910,-0.23114161,0.69092841,0.24793801,0.06342392,-0.00432443,-0.03876293
47863,0.63849172,-0.23111841,0.69096965,0.24794075,0.06342392,-0.00432443,-0.03876293
47869,0.63846950,-0.23111081,0.69098834,0.24795315,0.06342392,-0.00432443,-0.03876293
47875,0.63844537,-0.23109805,0.69101114,0.24796369,0.06342392,-0.00432443,-0.03876293
47882,0.63841400,-0.23108747,0.69103879,0.24797713,0.06342392,-0.00432443,-0.03876293
47892,0.63837676,-0.23106968,0.69107389,0.24799170,0.06342392,-0.00432443,-0.03876293
47898,0.63835220,-0.23106095,0.69109621,0.24800112,0.06342392,-0.00432443,-0.03876293
47904,0.63832788,-0.23104898,0.69111919,0.24801061,0.06342392,-0.00432443,-0.03876293
47911,0.63829898,-0.23104026,0.69114398,0.24802396,0.06342392,-0.00432443,-0.03876293
47919,0.63826274,-0.23102636,0.69117755,0.24803650,0.06342392,-0.00432443,-0.03876293
47928,0.63822789,-0.23100833,0.69120979,0.24805345,0.06342392,-0.00432443,-0.03876293
47936,0.63819928,-0.23099534,0.69123506,0.24806871,0.06342392,-0.00432443,-0.03876293
47942,0.63817219,-0.23099169,0.69125995,0.24807260,0.06342392,-0.00432443,-0.03876293
47949,0.63814167,-0.23097987,0.69128808,0.24808330,0.06342392,-0.00432443,-0.03876293
47958,0.63810639,-0.23095219,0.69132542,0.24809606,0.06342392,-0.00432443,-0.03876293
47964,0.63808202,-0.23094148,0.69134845,0.24810459,0.06342392,-0.00432443,-0.03876293
47971,0.63805561,-0.23093175,0.69137392,0.24811022,0.06342392,-0.00432443,-0.03876293
47980,0.63801522,-0.23091266,0.69141144,0.24812734,0.06342392,-0.00432443,-0.03876293
47989,0.63798007,-0.23089101,0.69144439,0.24814581,0.06342392,-0.00432443,-0.03876293
47995,0.63795194,-0.23088288,0.69146890,0.24815778,0.06342392,-0.00432443,-0.03876293
48004,0.63791317,-0.23086185,0.69150571,0.24817454,0.06342392,-0.00432443,-0.03876293
48011,0.63788585,-0.23084516,0.69153223,0.24818620,0.06342392,-0.00432443,-0.03876293
48017,0.63786435,-0.23083686,0.69155302,0.24819135,0.06342392,-0.00432443,-0.03876293
48027,0.63782100,-0.23081560,0.69159460,0.24820659,0.06342392,-0.00432443,-0.03876293
48033,0.63779525,-0.23080275,0.69162044,0.24821269,0.06342392,-0.00432443,-0.03876293
48040,0.63776683,-0.23078277,0.69164848,0.24822633,0.06342392,-0.00432443,-0.03876293
48046,0.63774156,-0.23077530,0.69167160,0.24823358,0.06342392,-0.00432443,-0.03876293
48055,0.63770346,-0.23076353,0.69170866,0.24823937,0.06342392,-0.00432443,-0.03876293
48061,0.63768143,-0.23075401,0.69172792,0.24825129,0.06342392,-0.00432443,-0.03876293
48071,0.63763360,-0.23074326,0.69176959,0.24826807,0.06342392,-0.00432443,-0.03876293
48080,0.63759593,-0.23072400,0.69180254,0.24829051,0.06342392,-0.00432443,-0.03876293
48087,0.63756461,-0.23071079,0.69182977,0.24830734,0.06342392,-0.00432443,-0.03876293
48093,0.63753962,-0.23069782,0.69185495,0.24831342,0.06342392,-0.00432443,-0.03876293
48099,0.63751597,-0.23069260,0.69187502,0.24832324,0.06342392,-0.00432443,-0.03876293
48106,0.63748269,-0.23068473,0.69190692,0.24832689,0.06342392,-0.00432443,-0.03876293
48115,0.63744325,-0.23067541,0.69194083,0.24834229,0.06342392,-0.00432443,-0.03876293
48126,0.63739480,-0.23065426,0.69198751,0.24835643,0.06342392,-0.00432443,-0.03876293
48133,0.63736968,-0.23063793,0.69201183,0.24836812,0.06342392,-0.00432443,-0.03876293
48139,0.63734407,-0.23062493,0.69203653,0.24837718,0.06342392,-0.00432443,-0.03876293
48148,0.63730764,-0.23060321,0.69206957,0.24839878,0.06342392,-0.00432443,-0.03876293
48156,0.63727116,-0.23058147,0.69210710,0.24840805,0.06342392,-0.00432443,-0.03876293
48162,0.63724713,-0.23057601,0.69212856,0.24841477,0.06342392,-0.00432443,-0.03876293
48169,0.63722028,-0.23056046,0.69215507,0.24842431,0.06342392,-0.00432443,-0.03876293
48175,0.63719940,-0.23055109,0.69217514,0.24843046,0.06342392,-0.00432443,-0.03876293
48184,0.63716259,-0.23053529,0.69220709,0.24845099,0.06342392,-0.00432443,-0.03876293
48191,0.63713545,-0.23052308,0.69223375,0.24845747,0.06342392,-0.00432443,-0.03876293
48200,0.63709583,-0.23051524,0.69226722,0.24847295,0.06342392,-0.00432443,-0.03876293
48207,0.63706927,-0.23050274,0.69229125,0.24848546,0.06342392,-0.00432443,-0.03876293
48216,0.63703145,-0.23049321,0.69232320,0.24850275,0.06342392,-0.00432443,-0.03876293
48223,0.63699979,-0.23048183,0.69235229,0.24851298,0.06342392,-0.00432443,-0.03876293
48229,0.63697218,-0.23047289,0.69237751,0.24852221,0.06342392,-0.00432443,-0.03876293
48235,0.63694787,-0.23046200,0.69239997,0.24853224,0.06342392,-0.00432443,-0.03876293
48245,0.63690085,-0.23044202,0.69244375,0.24854915,0.06342392,-0.00432443,-0.03876293
48254,0.63686323,-0.23042714,0.69247884,0.24856119,0.06342392,-0.00432443,-0.03876293
48260,0.63683776,-0.23041310,0.69250369,0.24857039,0.06342392,-0.00432443,-0.03876293
48267,0.63680524,-0.23040516,0.69253168,0.24858305,0.06342392,-0.00432443,-0.03876293
48273,0.63678097,-0.23039081,0.69255638,0.24858989,0.06342392,-0.00432443,-0.03876293
48282,0.63673591,-0.23036699,0.69259829,0.24861028,0.06342392,-0.00432443,-0.03876293
48290,0.63669734,-0.23035588,0.69263386,0.24862031,0.06342392,-0.00432443,-0.03876293
48296,0.63667416,-0.23034663,0.69265656,0.24862527,0.06342392,-0.00432443,-0.03876293
48303,0.63664698,-0.23033845,0.69267902,0.24863984,0.06342392,-0.00432443,-0.03876293
48311,0.63660554,-0.23031988,0.69271826,0.24865353,0.06342392,-0.00432443,-0.03876293
48318,0.63657598,-0.23031208,0.69274454,0.24866344,0.06342392,-0.00432443,-0.03876293
48324,0.63655309,-0.23029997,0.69276647,0.24867184,0.06342392,-0.00432443,-0.03876293
48336,0.63649888,-0.23027565,0.69281964,0.24868490,0.06342392,-0.00432443,-0.03876293
48342,0.63647079,-0.23026933,0.69284348,0.24869666,0.06342392,-0.00432443,-0.03876293
48351,0.63642926,-0.23025450,0.69288291,0.24870681,0.06342392,-0.00432443,-0.03876293
48358,0.63640065,-0.23024294,0.69290928,0.24871711,0.06342392,-0.00432443,-0.03876293
48366,0.63636426,-0.23022933,0.69294409,0.24872572,0.06342392,-0.00432443,-0.03876293
48377,0.63632202,-0.23021559,0.69298191,0.24874134,0.06342392,-0.00432443,-0.03876293
48385,0.63628835,-0.23019938,0.69301247,0.24875731,0.06342392,-0.00432443,-0.03876293
48392,0.63626618,-0.23018996,0.69303312,0.24876511,0.06342392,-0.00432443,-0.03876293
48398,0.63623833,-0.23017854,0.69305820,0.24877736,0.06342392,-0.00432443,-0.03876293
48404,0.63621354,-0.23016526,0.69308304,0.24878373,0.06342392,-0.00432443,-0.03876293
48413,0.63617849,-0.23014578,0.69311847,0.24879260,0.06342392,-0.00432443,-0.03876293
48420,0.63615341,-0.23013722,0.69314141,0.24880061,0.06342392,-0.00432443,-0.03876293
48429,0.63610653,-0.23011515,0.69318728,0.24881258,0.06342392,-0.00432443,-0.03876293
48438,0.63606224,-0.23010351,0.69322729,0.24882538,0.06342392,-0.00432443,-0.03876293
48444,0.63603715,-0.23009870,0.69324626,0.24884142,0.06342392,-0.00432443,-0.03876293
48453,0.63599867,-0.23008654,0.69328188,0.24885163,0.06342392,-0.00432443,-0.03876293
48459,0.63597707,-0.23007819,0.69330091,0.24886147,0.06342392,-0.00432443,-0.03876293
48466,0.63595142,-0.23006393,0.69332590,0.24887087,0.06342392,-0.00432443,-0.03876293
48476,0.63591694,-0.23005089,0.69335770,0.24888215,0.06342392,-0.00432443,-0.03876293
48484,0.63588323,-0.23004565,0.69338531,0.24889626,0.06342392,-0.00432443,-0.03876293
48491,0.63585333,-0.23003726,0.69341330,0.24890267,0.06342392,-0.00432443,-0.03876293
48497,0.63582868,-0.23002629,0.69343609,0.24891221,0.06342392,-0.00432443,-0.03876293
48504,0.63579530,-0.23001468,0.69346690,0.24892196,0.06342392,-0.00432443,-0.03876293
48513,0.63575944,-0.22999033,0.69350361,0.24893381,0.06342392,-0.00432443,-0.03876293
48521,0.63572220,-0.22996969,0.69353857,0.24895114,0.06342392,-0.00432443,-0.03876293
48527,0.63569526,-0.22995820,0.69356365,0.24896082,0.06342392,-0.00432443,-0.03876293
48533,0.63566989,-0.22994766,0.69358530,0.24897465,0.06342392,-0.00432443,-0.03876293
48542,0.63563733,-0.22993421,0.69361615,0.24898419,0.06342392,-0.00432443,-0.03876293
48551,0.63560190,-0.22992134,0.69364862,0.24899606,0.06342392,-0.00432443,-0.03876293
48559,0.63557553,-0.22990500,0.69367351,0.24900925,0.06342392,-0.00432443,-0.03876293
48565,0.63554716,-0.22989087,0.69370079,0.24901847,0.06342392,-0.00432443,-0.03876293
48571,0.63552350,-0.22987809,0.69372291,0.24902899,0.06342392,-0.00432443,-0.03876293
48581,0.63547997,-0.22986791,0.69376082,0.24904389,0.06342392,-0.00432443,-0.03876293
48587,0.63545680,-0.22985999,0.69378256,0.24904978,0.06342392,-0.00432443,-0.03876293
48593,0.63543386,-0.22985174,0.69380369,0.24905726,0.06342392,-0.00432443,-0.03876293
48603,0.63539142,-0.22983832,0.69383997,0.24907658,0.06342392,-0.00432443,-0.03876293
48612,0.63534841,-0.22981877,0.69388113,0.24908964,0.06342392,-0.00432443,-0.03876293
48619,0.63531894,-0.22980613,0.69391050,0.24909482,0.06342392,-0.00432443,-0.03876293
48625,0.63529391,-0.22979462,0.69393372,0.24910478,0.06342392,-0.00432443,-0.03876293
48632,0.63526296,-0.22978291,0.69396152,0.24911689,0.06342392,-0.00432443,-0.03876293
48638,0.63523693,-0.22977058,0.69398698,0.24912369,0.06342392,-0.00432443,-0.03876293
48648,0.63519978,-0.22974965,0.69402351,0.24913575,0.06342392,-0.00432443,-0.03876293
48659,0.63515286,-0.22973692,0.69406499,0.24915215,0.06342392,-0.00432443,-0.03876293
48665,0.63512868,-0.22972769,0.69408745,0.24915950,0.06342392,-0.00432443,-0.03876293
48672,0.63509883,-0.22971465,0.69411458,0.24917168,0.06342392,-0.00432443,-0.03876293
48681,0.63506422,-0.22970261,0.69414825,0.24917740,0.06342392,-0.00432443,-0.03876293
48687,0.63503131,-0.22969343,0.69417734,0.24918861,0.06342392,-0.00432443,-0.03876293
48697,0.63499155,-0.22968106,0.69421396,0.24919967,0.06342392,-0.00432443,-0.03876293
48703,0.63496723,-0.22966349,0.69423990,0.24920496,0.06342392,-0.00432443,-0.03876293
48712,0.63492345,-0.22964355,0.69427852,0.24922749,0.06342392,-0.00432443,-0.03876293
48719,0.63489460,-0.22963223,0.69430499,0.24923727,0.06342392,-0.00432443,-0.03876293
48725,0.63487000,-0.22962112,0.69432725,0.24924867,0.06342392,-0.00432443,-0.03876293
48734,0.63483614,-0.22959759,0.69436125,0.24926166,0.06342392,-0.00432443,-0.03876293
48743,0.63479671,-0.22958054,0.69439697,0.24927828,0.06342392,-0.00432443,-0.03876293
48752,0.63475656,-0.22956595,0.69443507,0.24928820,0.06342392,-0.00432443,-0.03876293
48759,0.63472199,-0.22955675,0.69446620,0.24929769,0.06342392,-0.00432443,-0.03876293
48765,0.63469591,-0.22954666,0.69449205,0.24930148,0.06342392,-0.00432443,-0.03876293
48772,0.63466162,-0.22953190,0.69452400,0.24931354,0.06342392,-0.00432443,-0.03876293
48780,0.63462467,-0.22951958,0.69455499,0.24933245,0.06342392,-0.00432443,-0.03876293
48788,0.63458986,-0.22950916,0.69458503,0.24934654,0.06342392,-0.00432443,-0.03876293
48794,0.63456153,-0.22950494,0.69460763,0.24935991,0.06342392,-0.00432443,-0.03876293
48803,0.63452005,-0.22948994,0.69464902,0.24936399,0.06342392,-0.00432443,-0.03876293
48810,0.63449058,-0.22948281,0.69467592,0.24937081,0.06342392,-0.00432443,-0.03876293
48817,0.63445692,-0.22947244,0.69470400,0.24938755,0.06342392,-0.00432443,-0.03876293
48823,0.63442573,-0.22946805,0.69473195,0.24939265,0.06342392,-0.00432443,-0.03876293
48832,0.63438663,-0.22944703,0.69476928,0.24940795,0.06342392,-0.00432443,-0.03876293
48839,0.63435740,-0.22943849,0.69479441,0.24942030,0.06342392,-0.00432443,-0.03876293
48847,0.63432207,-0.22943241,0.69482426,0.24943234,0.06342392,-0.00432443,-0.03876293
48854,0.63429384,-0.22942092,0.69484944,0.24944438,0.06342392,-0.00432443,-0.03876293
48860,0.63426666,-0.22941181,0.69487504,0.24945046,0.06342392,-0.00432443,-0.03876293
48867,0.63423371,-0.22940135,0.69490408,0.24946334,0.06342392,-0.00432443,-0.03876293
48878,0.63418955,-0.22939195,0.69494304,0.24947576,0.06342392,-0.00432443,-0.03876293
48884,0.63416171,-0.22938444,0.69496765,0.24948487,0.06342392,-0.00432443,-0.03876293
48890,0.63413863,-0.22937128,0.69499063,0.24949154,0.06342392,-0.00432443,-0.03876293
48897,0.63410944,-0.22935688,0.69501833,0.24950156,0.06342392,-0.00432443,-0.03876293
48906,0.63407316,-0.22935204,0.69504780,0.24951667,0.06342392,-0.00432443,-0.03876293
48913,0.63404588,-0.22933814,0.69507379,0.24952607,0.06342392,-0.00432443,-0.03876293
48920,0.63401479,-0.22932288,0.69510326,0.24953703,0.06342392,-0.00432443,-0.03876293
48926,0.63398971,-0.22931244,0.69512467,0.24955053,0.06342392,-0.00432443,-0.03876293
48933,0.63396177,-0.22929580,0.69515032,0.24956512,0.06342392,-0.00432443,-0.03876293
48944,0.63391728,-0.22928495,0.69518795,0.24958369,0.06342392,-0.00432443,-0.03876293
48950,0.63389272,-0.22927882,0.69520859,0.24959406,0.06342392,-0.00432443,-0.03876293
48960,0.63384523,-0.22926895,0.69524931,0.24961056,0.06342392,-0.00432443,-0.03876293
48966,0.63382191,-0.22925589,0.69527406,0.24961261,0.06342392,-0.00432443,-0.03876293
48975,0.63377828,-0.22924640,0.69531173,0.24962732,0.06342392,-0.00432443,-0.03876293
48981,0.63375720,-0.22924222,0.69533162,0.24962904,0.06342392,-0.00432443,-0.03876293
48988,0.63373384,-0.22922325,0.69535775,0.24963309,0.06342392,-0.00432443,-0.03876293
48994,0.63370637,-0.22921583,0.69538164,0.24964313,0.06342392,-0.00432443,-0.03876293
49004,0.63366317,-0.22920765,0.69541687,0.24966228,0.06342392,-0.00432443,-0.03876293
49010,0.63364238,-0.22920486,0.69543323,0.24967181,0.06342392,-0.00432443,-0.03876293
49019,0.63360347,-0.22918715,0.69546842,0.24968905,0.06342392,-0.00432443,-0.03876293
49026,0.63357429,-0.22917764,0.69549412,0.24970018,0.06342392,-0.00432443,-0.03876293
49032,0.63354654,-0.22916889,0.69551806,0.24971218,0.06342392,-0.00432443,-0.03876293
49041,0.63350911,-0.22914817,0.69555225,0.24973034,0.06342392,-0.00432443,-0.03876293
49048,0.63347535,-0.22913322,0.69558401,0.24974150,0.06342392,-0.00432443,-0.03876293
49055,0.63344287,-0.22912383,0.69561357,0.24975018,0.06342392,-0.00432443,-0.03876293
49061,0.63341808,-0.22911233,0.69563694,0.24975852,0.06342392,-0.00432443,-0.03876293
49070,0.63337917,-0.22910397,0.69567213,0.24976668,0.06342392,-0.00432443,-0.03876293
49076,0.63335247,-0.22909846,0.69569587,0.24977335,0.06342392,-0.00432443,-0.03876293
49085,0.63331103,-0.22907950,0.69573478,0.24978766,0.06342392,-0.00432443,-0.03876293
49093,0.63328146,-0.22906134,0.69576320,0.24979982,0.06342392,-0.00432443,-0.03876293
49100,0.63325266,-0.22905182,0.69578971,0.24980778,0.06342392,-0.00432443,-0.03876293
49106,0.63322930,-0.22903945,0.69581103,0.24981906,0.06342392,-0.00432443,-0.03876293
49113,0.63320035,-0.22902803,0.69583754,0.24982903,0.06342392,-0.00432443,-0.03876293
49119,0.63317060,-0.22901439,0.69586391,0.24984383,0.06342392,-0.00432443,-0.03876293
49125,0.63314685,-0.22900190,0.69588756,0.24984912,0.06342392,-0.00432443,-0.03876293
49135,0.63309974,-0.22898950,0.69593048,0.24986083,0.06342392,-0.00432443,-0.03876293
49142,0.63306398,-0.22897553,0.69596409,0.24987058,0.06342392,-0.00432443,-0.03876293
49150,0.63302764,-0.22896385,0.69599814,0.24987854,0.06342392,-0.00432443,-0.03876293
49159,0.63298897,-0.22894744,0.69603471,0.24988932,0.06342392,-0.00432443,-0.03876293
49166,0.63296117,-0.22893972,0.69605917,0.24989852,0.06342392,-0.00432443,-0.03876293
49172,0.63293652,-0.22893071,0.69608154,0.24990704,0.06342392,-0.00432443,-0.03876293
49182,0.63289413,-0.22891938,0.69611835,0.24992225,0.06342392,-0.00432443,-0.03876293
49189,0.63286089,-0.22892000,0.69614415,0.24993419,0.06342392,-0.00432443,-0.03876293
49198,0.63282418,-0.22890260,0.69617938,0.24994490,0.06342392,-0.00432443,-0.03876293
49204,0.63279862,-0.22889277,0.69620375,0.24995074,0.06342392,-0.00432443,-0.03876293
49211,0.63277273,-0.22887628,0.69622950,0.24995987,0.06342392,-0.00432443,-0.03876293
49217,0.63274483,-0.22886791,0.69625587,0.24996478,0.06342392,-0.00432443,-0.03876293
49227,0.63270149,-0.22885637,0.69629364,0.24997911,0.06342392,-0.00432443,-0.03876293
49234,0.63267126,-0.22884693,0.69632215,0.24998519,0.06342392,-0.00432443,-0.03876293
49240,0.63264613,-0.22884252,0.69634222,0.24999690,0.06342392,-0.00432443,-0.03876293
49247,0.63261218,-0.22883508,0.69636974,0.25001292,0.06342392,-0.00432443,-0.03876293
49253,0.63258523,-0.22883102,0.69639496,0.25001430,0.06342392,-0.00432443,-0.03876293
49262,0.63254337,-0.22881839,0.69643230,0.25002794,0.06342392,-0.00432443,-0.03876293
49270,0.63250579,-0.22880563,0.69646601,0.25004103,0.06342392,-0.00432443,-0.03876293
49276,0.63248348,-0.22879812,0.69648704,0.25004577,0.06342392,-0.00432443,-0.03876293
49282,0.63245825,-0.22878780,0.69651069,0.25005304,0.06342392,-0.00432443,-0.03876293
49291,0.63241915,-0.22878165,0.69654283,0.25006749,0.06342392,-0.00432443,-0.03876293
49300,0.63237457,-0.22877476,0.69658188,0.25007824,0.06342392,-0.00432443,-0.03876293
49308,0.63233833,-0.22875945,0.69661550,0.25009000,0.06342392,-0.00432443,-0.03876293
49314,0.63231124,-0.22875316,0.69664006,0.25009622,0.06342392,-0.00432443,-0.03876293
49320,0.63228507,-0.22874152,0.69666452,0.25010492,0.06342392,-0.00432443,-0.03876293
49329,0.63225007,-0.22872867,0.69669504,0.25012001,0.06342392,-0.00432443,-0.03876293
49336,0.63221969,-0.22871470,0.69672431,0.25012826,0.06342392,-0.00432443,-0.03876293
49342,0.63219623,-0.22870440,0.69674711,0.25013289,0.06342392,-0.00432443,-0.03876293
49354,0.63214282,-0.22868757,0.69679756,0.25014293,0.06342392,-0.00432443,-0.03876293
49363,0.63210921,-0.22867083,0.69682855,0.25015723,0.06342392,-0.00432443,-0.03876293
49372,0.63206892,-0.22865686,0.69686727,0.25016360,0.06342392,-0.00432443,-0.03876293
49385,0.63200922,-0.22863779,0.69691934,0.25018689,0.06342392,-0.00432443,-0.03876293
49391,0.63198060,-0.22862830,0.69694609,0.25019338,0.06342392,-0.00432443,-0.03876293
49400,0.63193917,-0.22862358,0.69698119,0.25020430,0.06342392,-0.00432443,-0.03876293
49408,0.63190693,-0.22860889,0.69701175,0.25021414,0.06342392,-0.00432443,-0.03876293
49414,0.63188009,-0.22859861,0.69703626,0.25022311,0.06342392,-0.00432443,-0.03876293
49421,0.63184700,-0.22858750,0.69706649,0.25023255,0.06342392,-0.00432443,-0.03876293
49427,0.63182506,-0.22857775,0.69708662,0.25024113,0.06342392,-0.00432443,-0.03876293
49436,0.63178772,-0.22856841,0.69711885,0.25025377,0.06342392,-0.00432443,-0.03876293
49442,0.63176255,-0.22855794,0.69714145,0.25026404,0.06342392,-0.00432443,-0.03876293
49452,0.63171072,-0.22854726,0.69718670,0.25027828,0.06342392,-0.00432443,-0.03876293
49459,0.63168210,-0.22853813,0.69721250,0.25028705,0.06342392,-0.00432443,-0.03876293
49467,0.63164196,-0.22853050,0.69724426,0.25030720,0.06342392,-0.00432443,-0.03876293
49474,0.63161153,-0.22851500,0.69727563,0.25031056,0.06342392,-0.00432443,-0.03876293
49480,0.63158712,-0.22851028,0.69729585,0.25032017,0.06342392,-0.00432443,-0.03876293
49487,0.63155417,-0.22850074,0.69732656,0.25032682,0.06342392,-0.00432443,-0.03876293
49496,0.63151798,-0.22848665,0.69735836,0.25034234,0.06342392,-0.00432443,-0.03876293
49503,0.63148760,-0.22847535,0.69738521,0.25035402,0.06342392,-0.00432443,-0.03876293
49509,0.63146295,-0.22846391,0.69740824,0.25036237,0.06342392,-0.00432443,-0.03876293
49518,0.63142309,-0.22845151,0.69744243,0.25037920,0.06342392,-0.00432443,-0.03876293
49524,0.63139481,-0.22844111,0.69746804,0.25038876,0.06342392,-0.00432443,-0.03876293
49533,0.63135957,-0.22842972,0.69749665,0.25040814,0.06342392,-0.00432443,-0.03876293
49541,0.63133101,-0.22842130,0.69752340,0.25041329,0.06342392,-0.00432443,-0.03876293
49547,0.63130526,-0.22840898,0.69754762,0.25042214,0.06342392,-0.00432443,-0.03876293
49556,0.63126683,-0.22839298,0.69758648,0.25042524,0.06342392,-0.00432443,-0.03876293
49565,0.63122887,-0.22837908,0.69762115,0.25043706,0.06342392,-0.00432443,-0.03876293
49571,0.63120431,-0.22837603,0.69764113,0.25044610,0.06342392,-0.00432443,-0.03876293
49578,0.63117637,-0.22836329,0.69766831,0.25045280,0.06342392,-0.00432443,-0.03876293
49587,0.63113393,-0.22835102,0.69770879,0.25045776,0.06342392,-0.00432443,-0.03876293
49596,0.63109416,-0.22833888,0.69774241,0.25047531,0.06342392,-0.00432443,-0.03876293
49603,0.63106055,-0.22833113,0.69777197,0.25048484,0.06342392,-0.00432443,-0.03876293
49609,0.63103270,-0.22832429,0.69779453,0.25049808,0.06342392,-0.00432443,-0.03876293
49616,0.63100857,-0.22831370,0.69781684,0.25050661,0.06342392,-0.00432443,-0.03876293
49622,0.63098096,-0.22830448,0.69784193,0.25051436,0.06342392,-0.00432443,-0.03876293
49632,0.63094038,-0.22829194,0.69787716,0.25053005,0.06342392,-0.00432443,-0.03876293
49638,0.63091602,-0.22828652,0.69789929,0.25053498,0.06342392,-0.00432443,-0.03876293
49645,0.63088579,-0.22827374,0.69792861,0.25054099,0.06342392,-0.00432443,-0.03876293
49651,0.63085989,-0.22826669,0.69794969,0.25055394,0.06342392,-0.00432443,-0.03876293
49660,0.63081960,-0.22825326,0.69798636,0.25056555,0.06342392,-0.00432443,-0.03876293
49669,0.63077783,-0.22824096,0.69802308,0.25057933,0.06342392,-0.00432443,-0.03876293
49676,0.63075046,-0.22823066,0.69804935,0.25058455,0.06342392,-0.00432443,-0.03876293
49683,0.63072438,-0.22821786,0.69807429,0.25059256,0.06342392,-0.00432443,-0.03876293
49692,0.63068318,-0.22820463,0.69811015,0.25060801,0.06342392,-0.00432443,-0.03876293
49699,0.63065013,-0.22819640,0.69814033,0.25061452,0.06342392,-0.00432443,-0.03876293
49705,0.63062467,-0.22818973,0.69816403,0.25061914,0.06342392,-0.00432443,-0.03876293
49714,0.63058657,-0.22817828,0.69819812,0.25063033,0.06342392,-0.00432443,-0.03876293
49721,0.63055944,-0.22816610,0.69822378,0.25063767,0.06342392,-0.00432443,-0.03876293
49730,0.63052158,-0.22815511,0.69825549,0.25065484,0.06342392,-0.00432443,-0.03876293
49738,0.63048510,-0.22814130,0.69829325,0.25065419,0.06342392,-0.00432443,-0.03876293
49745,0.63045935,-0.22813334,0.69831638,0.25066170,0.06342392,-0.00432443,-0.03876293
49751,0.63043980,-0.22812376,0.69833650,0.25066385,0.06342392,-0.00432443,-0.03876293
49763,0.63039054,-0.22810456,0.69838171,0.25067911,0.06342392,-0.00432443,-0.03876293
49769,0.63035993,-0.22809524,0.69840836,0.25069046,0.06342392,-0.00432443,-0.03876293
49776,0.63033094,-0.22808542,0.69843554,0.25069656,0.06342392,-0.00432443,-0.03876293
49782,0.63030815,-0.22807633,0.69845552,0.25070633,0.06342392,-0.00432443,-0.03876293
49791,0.63027162,-0.22807021,0.69848937,0.25070905,0.06342392,-0.00432443,-0.03876293
49797,0.63024559,-0.22806129,0.69851350,0.25071578,0.06342392,-0.00432443,-0.03876293
49807,0.63019781,-0.22804946,0.69855661,0.25072648,0.06342392,-0.00432443,-0.03876293
49816,0.63016438,-0.22804527,0.69858641,0.25073108,0.06342392,-0.00432443,-0.03876293
49823,0.63013067,-0.22803339,0.69861702,0.25074150,0.06342392,-0.00432443,-0.03876293
49832,0.63009171,-0.22802481,0.69865112,0.25075199,0.06342392,-0.00432443,-0.03876293
49838,0.63006405,-0.22801289,0.69867763,0.25075850,0.06342392,-0.00432443,-0.03876293
49844,0.63003845,-0.22800495,0.69869942,0.25076940,0.06342392,-0.00432443,-0.03876293
49854,0.62998933,-0.22798869,0.69874353,0.25078501,0.06342392,-0.00432443,-0.03876293
49863,0.62995109,-0.22798006,0.69877667,0.25079617,0.06342392,-0.00432443,-0.03876293
49869,0.62992520,-0.22797052,0.69880003,0.25080509,0.06342392,-0.00432443,-0.03876293
49875,0.62989826,-0.22796521,0.69882254,0.25081439,0.06342392,-0.00432443,-0.03876293
49884,0.62986140,-0.22794823,0.69885578,0.25083012,0.06342392,-0.00432443,-0.03876293
49891,0.62982845,-0.22794361,0.69888401,0.25083794,0.06342392,-0.00432443,-0.03876293
49899,0.62979917,-0.22793054,0.69891166,0.25084657,0.06342392,-0.00432443,-0.03876293
49905,0.62977209,-0.22792365,0.69893507,0.25085558,0.06342392,-0.00432443,-0.03876293
49912,0.62974600,-0.22791264,0.69895739,0.25086877,0.06342392,-0.00432443,-0.03876293
49918,0.62971973,-0.22790310,0.69897961,0.25088191,0.06342392,-0.00432443,-0.03876293
49929,0.62967796,-0.22789382,0.69901509,0.25089595,0.06342392,-0.00432443,-0.03876293
49936,0.62964963,-0.22788641,0.69904003,0.25090453,0.06342392,-0.00432443,-0.03876293
49945,0.62961268,-0.22786538,0.69907550,0.25091748,0.06342392,-0.00432443,-0.03876293
49952,0.62958526,-0.22784848,0.69910354,0.25092351,0.06342392,-0.00432443,-0.03876293
49961,0.62955117,-0.22783591,0.69913439,0.25093441,0.06342392,-0.00432443,-0.03876293
49969,0.62951488,-0.22782309,0.69916801,0.25094332,0.06342392,-0.00432443,-0.03876293
49976,0.62948203,-0.22780830,0.69919786,0.25095591,0.06342392,-0.00432443,-0.03876293
49982,0.62945599,-0.22779426,0.69922313,0.25096387,0.06342392,-0.00432443,-0.03876293
49992,0.62941274,-0.22778167,0.69926080,0.25097870,0.06342392,-0.00432443,-0.03876293
49999,0.62938652,-0.22777466,0.69928355,0.25098719,0.06342392,-0.00432443,-0.03876293
50005,0.62935996,-0.22776460,0.69930887,0.25099279,0.06342392,-0.00432443,-0.03876293
50011,0.62933168,-0.22775552,0.69933419,0.25100131,0.06342392,-0.00432443,-0.03876293
50018,0.62929906,-0.22774269,0.69936566,0.25100674,0.06342392,-0.00432443,-0.03876293
50027,0.62924737,-0.22772548,0.69940876,0.25103232,0.06342392,-0.00432443,-0.03876293
50035,0.62921280,-0.22771520,0.69943928,0.25104284,0.06342392,-0.00432443,-0.03876293
50041,0.62918663,-0.22770354,0.69946508,0.25104715,0.06342392,-0.00432443,-0.03876293
50047,0.62915954,-0.22769627,0.69948902,0.25105473,0.06342392,-0.00432443,-0.03876293
50056,0.62912225,-0.22768256,0.69952411,0.25106320,0.06342392,-0.00432443,-0.03876293
50063,0.62909860,-0.22766795,0.69954686,0.25107212,0.06342392,-0.00432443,-0.03876293
50072,0.62906179,-0.22764942,0.69958305,0.25108025,0.06342392,-0.00432443,-0.03876293
50079,0.62903304,-0.22764196,0.69960861,0.25108823,0.06342392,-0.00432443,-0.03876293
50087,0.62900090,-0.22763342,0.69963541,0.25110161,0.06342392,-0.00432443,-0.03876293
50094,0.62897272,-0.22762017,0.69966382,0.25110509,0.06342392,-0.00432443,-0.03876293
50103,0.62893733,-0.22760381,0.69969773,0.25111410,0.06342392,-0.00432443,-0.03876293
50109,0.62890748,-0.22759530,0.69972319,0.25112535,0.06342392,-0.00432443,-0.03876293
50119,0.62886552,-0.22758784,0.69975562,0.25114691,0.06342392,-0.00432443,-0.03876293
50125,0.62883715,-0.22758026,0.69978122,0.25115385,0.06342392,-0.00432443,-0.03876293
50132,0.62880573,-0.22757186,0.69981002,0.25116000,0.06342392,-0.00432443,-0.03876293
50138,0.62877693,-0.22756476,0.69983530,0.25116782,0.06342392,-0.00432443,-0.03876293
50145,0.62875075,-0.22755551,0.69985823,0.25117790,0.06342392,-0.00432443,-0.03876293
50153,0.62871713,-0.22753920,0.69989061,0.25118646,0.06342392,-0.00432443,-0.03876293
50161,0.62868080,-0.22751824,0.69992399,0.25120353,0.06342392,-0.00432443,-0.03876293
50172,0.62863297,-0.22750058,0.69997019,0.25121071,0.06342392,-0.00432443,-0.03876293
50178,0.62860317,-0.22749302,0.69999547,0.25122144,0.06342392,-0.00432443,-0.03876293
50188,0.62856273,-0.22747614,0.70003414,0.25122971,0.06342392,-0.00432443,-0.03876293
50194,0.62853674,-0.22746760,0.70005631,0.25124120,0.06342392,-0.00432443,-0.03876293
50201,0.62850432,-0.22746219,0.70008392,0.25124990,0.06342392,-0.00432443,-0.03876293
50210,0.62846894,-0.22744383,0.70011830,0.25125932,0.06342392,-0.00432443,-0.03876293
50219,0.62843413,-0.22742841,0.70015120,0.25126876,0.06342392,-0.00432443,-0.03876293
50225,0.62840681,-0.22741773,0.70017714,0.25127482,0.06342392,-0.00432443,-0.03876293
50231,0.62837839,-0.22740623,0.70020284,0.25128409,0.06342392,-0.00432443,-0.03876293
50238,0.62834701,-0.22739806,0.70023446,0.25128183,0.06342392,-0.00432443,-0.03876293
50247,0.62830457,-0.22738881,0.70026941,0.25129878,0.06342392,-0.00432443,-0.03876293
50255,0.62827177,-0.22737722,0.70030088,0.25130400,0.06342392,-0.00432443,-0.03876293
50261,0.62824735,-0.22737269,0.70032176,0.25131072,0.06342392,-0.00432443,-0.03876293
50267,0.62822332,-0.22736289,0.70034370,0.25131902,0.06342392,-0.00432443,-0.03876293
50274,0.62819318,-0.22736015,0.70037136,0.25131902,0.06342392,-0.00432443,-0.03876293
50283,0.62815670,-0.22734956,0.70040416,0.25132837,0.06342392,-0.00432443,-0.03876293
50289,0.62813134,-0.22734518,0.70042734,0.25133130,0.06342392,-0.00432443,-0.03876293
50299,0.62809543,-0.22733337,0.70046033,0.25134003,0.06342392,-0.00432443,-0.03876293
50305,0.62806706,-0.22732372,0.70048408,0.25135345,0.06342392,-0.00432443,-0.03876293
50314,0.62803149,-0.22731080,0.70051803,0.25135927,0.06342392,-0.00432443,-0.03876293
50321,0.62800025,-0.22730097,0.70054674,0.25136616,0.06342392,-0.00432443,-0.03876293
50327,0.62797145,-0.22729647,0.70057058,0.25137596,0.06342392,-0.00432443,-0.03876293
50333,0.62794070,-0.22729330,0.70059561,0.25138564,0.06342392,-0.00432443,-0.03876293
50343,0.62790055,-0.22727422,0.70063452,0.25139493,0.06342392,-0.00432443,-0.03876293
50352,0.62786459,-0.22726371,0.70066733,0.25140287,0.06342392,-0.00432443,-0.03876293
50358,0.62783985,-0.22726101,0.70068888,0.25140719,0.06342392,-0.00432443,-0.03876293
50364,0.62781577,-0.22725675,0.70071001,0.25141210,0.06342392,-0.00432443,-0.03876293
50373,0.62777380,-0.22724802,0.70074486,0.25142753,0.06342392,-0.00432443,-0.03876293
50386,0.62771224,-0.22722918,0.70080094,0.25144228,0.06342392,-0.00432443,-0.03876293
50394,0.62767124,-0.22722382,0.70083470,0.25145494,0.06342392,-0.00432443,-0.03876293
50401,0.62764387,-0.22721378,0.70085763,0.25146865,0.06342392,-0.00432443,-0.03876293
50407,0.62761807,-0.22720584,0.70088238,0.25147142,0.06342392,-0.00432443,-0.03876293
50416,0.62757787,-0.22719957,0.70091700,0.25148077,0.06342392,-0.00432443,-0.03876293
50422,0.62755460,-0.22718820,0.70093803,0.25149033,0.06342392,-0.00432443,-0.03876293
50429,0.62752623,-0.22718520,0.70096120,0.25149936,0.06342392,-0.00432443,-0.03876293
50438,0.62749214,-0.22717096,0.70099234,0.25151040,0.06342392,-0.00432443,-0.03876293
50445,0.62747149,-0.22716619,0.70101108,0.25151400,0.06342392,-0.00432443,-0.03876293
50454,0.62742290,-0.22714419,0.70105938,0.25152049,0.06342392,-0.00432443,-0.03876293
50463,0.62739009,-0.22712576,0.70109138,0.25152971,0.06342392,-0.00432443,-0.03876293
50469,0.62736630,-0.22712159,0.70110983,0.25154132,0.06342392,-0.00432443,-0.03876293
50479,0.62732229,-0.22710187,0.70115013,0.25155651,0.06342392,-0.00432443,-0.03876293
50487,0.62728347,-0.22709107,0.70118236,0.25157346,0.06342392,-0.00432443,-0.03876293
50494,0.62725214,-0.22707996,0.70121216,0.25157833,0.06342392,-0.00432443,-0.03876293
50500,0.62722687,-0.22707295,0.70123558,0.25158228,0.06342392,-0.00432443,-0.03876293
50507,0.62719674,-0.22706105,0.70126347,0.25159070,0.06342392,-0.00432443,-0.03876293
50515,0.62716579,-0.22704787,0.70129346,0.25159597,0.06342392,-0.00432443,-0.03876293
50523,0.62712998,-0.22703757,0.70132775,0.25159928,0.06342392,-0.00432443,-0.03876293
50530,0.62710256,-0.22703046,0.70135045,0.25161049,0.06342392,-0.00432443,-0.03876293
50538,0.62706036,-0.22701973,0.70138812,0.25162017,0.06342392,-0.00432443,-0.03876293
50545,0.62702922,-0.22701523,0.70141510,0.25162670,0.06342392,-0.00432443,-0.03876293
50554,0.62699155,-0.22699348,0.70145111,0.25163969,0.06342392,-0.00432443,-0.03876293
50560,0.62696719,-0.22698228,0.70147347,0.25164864,0.06342392,-0.00432443,-0.03876293
50569,0.62692375,-0.22697021,0.70151100,0.25166268,0.06342392,-0.00432443,-0.03876293
50578,0.62688727,-0.22695450,0.70154237,0.25168066,0.06342392,-0.00432443,-0.03876293
50586,0.62684783,-0.22694985,0.70157642,0.25168752,0.06342392,-0.00432443,-0.03876293
50593,0.62681632,-0.22694010,0.70160455,0.25169684,0.06342392,-0.00432443,-0.03876293
50599,0.62678856,-0.22692971,0.70163030,0.25170369,0.06342392,-0.00432443,-0.03876293
50606,0.62675724,-0.22691133,0.70165829,0.25171992,0.06342392,-0.00432443,-0.03876293
50616,0.62671446,-0.22690052,0.70169448,0.25173556,0.06342392,-0.00432443,-0.03876293
50623,0.62668795,-0.22689018,0.70171756,0.25174622,0.06342392,-0.00432443,-0.03876293
50629,0.62666378,-0.22688553,0.70173950,0.25174956,0.06342392,-0.00432443,-0.03876293
50636,0.62664170,-0.22687985,0.70176010,0.25175225,0.06342392,-0.00432443,-0.03876293
50642,0.62661142,-0.22686846,0.70178723,0.25176239,0.06342392,-0.00432443,-0.03876293
50651,0.62657213,-0.22685356,0.70182476,0.25176892,0.06342392,-0.00432443,-0.03876293
50658,0.62654352,-0.22684922,0.70185356,0.25176384,0.06342392,-0.00432443,-0.03876293
50665,0.62651710,-0.22683548,0.70187721,0.25177600,0.06342392,-0.00432443,-0.03876293
50671,0.62648801,-0.22682480,0.70190377,0.25178420,0.06342392,-0.00432443,-0.03876293
50681,0.62644772,-0.22681517,0.70193729,0.25179913,0.06342392,-0.00432443,-0.03876293
50688,0.62641916,-0.22680695,0.70196104,0.25181131,0.06342392,-0.00432443,-0.03876293
50694,0.62639093,-0.22679646,0.70198607,0.25182123,0.06342392,-0.00432443,-0.03876293
50704,0.62634725,-0.22677679,0.70202741,0.25183219,0.06342392,-0.00432443,-0.03876293
50713,0.62631220,-0.22676022,0.70206098,0.25184121,0.06342392,-0.00432443,-0.03876293
50719,0.62628912,-0.22675485,0.70208177,0.25184547,0.06342392,-0.00432443,-0.03876293
50725,0.62626295,-0.22674875,0.70210475,0.25185182,0.06342392,-0.00432443,-0.03876293
50732,0.62623739,-0.22673697,0.70212864,0.25185945,0.06342392,-0.00432443,-0.03876293
50738,0.62621536,-0.22672641,0.70215029,0.25186345,0.06342392,-0.00432443,-0.03876293
50748,0.62617397,-0.22670974,0.70218806,0.25187611,0.06342392,-0.00432443,-0.03876293
50755,0.62614622,-0.22669818,0.70221209,0.25188817,0.06342392,-0.00432443,-0.03876293
50761,0.62612266,-0.22668461,0.70223369,0.25189905,0.06342392,-0.00432443,-0.03876293
50768,0.62609057,-0.22668321,0.70225772,0.25191271,0.06342392,-0.00432443,-0.03876293
50777,0.62605466,-0.22667679,0.70228776,0.25192389,0.06342392,-0.00432443,-0.03876293
50785,0.62601041,-0.22666630,0.70232582,0.25193789,0.06342392,-0.00432443,-0.03876293
50794,0.62596774,-0.22665331,0.70236158,0.25195524,0.06342392,-0.00432443,-0.03876293
50801,0.62593531,-0.22664589,0.70238876,0.25196723,0.06342392,-0.00432443,-0.03876293
50810,0.62590265,-0.22663655,0.70242013,0.25196938,0.06342392,-0.00432443,-0.03876293
50816,0.62587575,-0.22662703,0.70244507,0.25197460,0.06342392,-0.00432443,-0.03876293
50825,0.62582917,-0.22661573,0.70248594,0.25198709,0.06342392,-0.00432443,-0.03876293
50831,0.62580165,-0.22660655,0.70250902,0.25199892,0.06342392,-0.00432443,-0.03876293
50839,0.62576446,-0.22659485,0.70254011,0.25201537,0.06342392,-0.00432443,-0.03876293
50846,0.62573809,-0.22659039,0.70256423,0.25201795,0.06342392,-0.00432443,-0.03876293
50852,0.62571182,-0.22658438,0.70258622,0.25202713,0.06342392,-0.00432443,-0.03876293
50859,0.62568140,-0.22657432,0.70261335,0.25203566,0.06342392,-0.00432443,-0.03876293
50865,0.62565536,-0.22656457,0.70263581,0.25204677,0.06342392,-0.00432443,-0.03876293
50875,0.62561230,-0.22655751,0.70267438,0.25205218,0.06342392,-0.00432443,-0.03876293
50881,0.62558412,-0.22655186,0.70269737,0.25206277,0.06342392,-0.00432443,-0.03876293
50888,0.62555332,-0.22654402,0.70272545,0.25206794,0.06342392,-0.00432443,-0.03876293
50896,0.62552189,-0.22653732,0.70275092,0.25208141,0.06342392,-0.00432443,-0.03876293
50903,0.62549328,-0.22653138,0.70277457,0.25209197,0.06342392,-0.00432443,-0.03876293
50910,0.62546119,-0.22652106,0.70280270,0.25210204,0.06342392,-0.00432443,-0.03876293
50919,0.62542195,-0.22650117,0.70284337,0.25210425,0.06342392,-0.00432443,-0.03876293
50926,0.62539806,-0.22649300,0.70286469,0.25211124,0.06342392,-0.00432443,-0.03876293
50932,0.62536706,-0.22648355,0.70289368,0.25211625,0.06342392,-0.00432443,-0.03876293
50941,0.62533016,-0.22646675,0.70292882,0.25212457,0.06342392,-0.00432443,-0.03876293
50947,0.62529826,-0.22645990,0.70295743,0.25212984,0.06342392,-0.00432443,-0.03876293
50953,0.62527313,-0.22645299,0.70298051,0.25213427,0.06342392,-0.00432443,-0.03876293
50967,0.62521286,-0.22643444,0.70303354,0.25215225,0.06342392,-0.00432443,-0.03876293
50974,0.62517027,-0.22642776,0.70306963,0.25216338,0.06342392,-0.00432443,-0.03876293
50980,0.62514395,-0.22641723,0.70309295,0.25217366,0.06342392,-0.00432443,-0.03876293
50989,0.62510423,-0.22640891,0.70312643,0.25218591,0.06342392,-0.00432443,-0.03876293
50995,0.62507891,-0.22639443,0.70315198,0.25219013,0.06342392,-0.00432443,-0.03876293
51004,0.62503790,-0.22638769,0.70318651,0.25220158,0.06342392,-0.00432443,-0.03876293
51011,0.62500734,-0.22637887,0.70321521,0.25220491,0.06342392,-0.00432443,-0.03876293
51018,0.62497653,-0.22637243,0.70324363,0.25220804,0.06342392,-0.00432443,-0.03876293
51024,0.62494878,-0.22636506,0.70326781,0.25221610,0.06342392,-0.00432443,-0.03876293
51031,0.62492284,-0.22635724,0.70329170,0.25222041,0.06342392,-0.00432443,-0.03876293
51040,0.62488512,-0.22634739,0.70332503,0.25222995,0.06342392,-0.00432443,-0.03876293
51046,0.62485985,-0.22634625,0.70334620,0.25223472,0.06342392,-0.00432443,-0.03876293
51054,0.62482671,-0.22634198,0.70337538,0.25223908,0.06342392,-0.00432443,-0.03876293
51061,0.62479324,-0.22633805,0.70340528,0.25224254,0.06342392,-0.00432443,-0.03876293
51069,0.62476019,-0.22633032,0.70343537,0.25224735,0.06342392,-0.00432443,-0.03876293
51076,0.62472810,-0.22632248,0.70346422,0.25225317,0.06342392,-0.00432443,-0.03876293
51082,0.62469873,-0.22631707,0.70348844,0.25226294,0.06342392,-0.00432443,-0.03876293
51089,0.62466759,-0.22630436,0.70351743,0.25227105,0.06342392,-0.00432443,-0.03876293
51098,0.62462525,-0.22629814,0.70355248,0.25228383,0.06342392,-0.00432443,-0.03876293
51107,0.62458348,-0.22628459,0.70358800,0.25230004,0.06342392,-0.00432443,-0.03876293
51114,0.62455406,-0.22627570,0.70361509,0.25230572,0.06342392,-0.00432443,-0.03876293
51120,0.62452692,-0.22626495,0.70363922,0.25231499,0.06342392,-0.00432443,-0.03876293
51127,0.62449736,-0.22626214,0.70366544,0.25231785,0.06342392,-0.00432443,-0.03876293
51135,0.62446379,-0.22625072,0.70369634,0.25232472,0.06342392,-0.00432443,-0.03876293
51143,0.62443070,-0.22623648,0.70372653,0.25233509,0.06342392,-0.00432443,-0.03876293
51149,0.62440543,-0.22622659,0.70374917,0.25234344,0.06342392,-0.00432443,-0.03876293
51156,0.62437534,-0.22622158,0.70377469,0.25235128,0.06342392,-0.00432443,-0.03876293
51164,0.62434024,-0.22620723,0.70380692,0.25236072,0.06342392,-0.00432443,-0.03876293
51171,0.62430419,-0.22619619,0.70383949,0.25236907,0.06342392,-0.00432443,-0.03876293
51180,0.62426452,-0.22618994,0.70387320,0.25237865,0.06342392,-0.00432443,-0.03876293
51190,0.62421779,-0.22617144,0.70391530,0.25239372,0.06342392,-0.00432443,-0.03876293
51199,0.62418489,-0.22616236,0.70394439,0.25240225,0.06342392,-0.00432443,-0.03876293
51206,0.62415370,-0.22614989,0.70397429,0.25240688,0.06342392,-0.00432443,-0.03876293
51212,0.62413144,-0.22614326,0.70399541,0.25240902,0.06342392,-0.00432443,-0.03876293
51219,0.62410044,-0.22613673,0.70402307,0.25241422,0.06342392,-0.00432443,-0.03876293
51225,0.62407627,-0.22613029,0.70404529,0.25241816,0.06342392,-0.00432443,-0.03876293
51235,0.62403922,-0.22611894,0.70407762,0.25242953,0.06342392,-0.00432443,-0.03876293
51241,0.62401561,-0.22611489,0.70409722,0.25243682,0.06342392,-0.00432443,-0.03876293
51248,0.62398414,-0.22610464,0.70412487,0.25244677,0.06342392,-0.00432443,-0.03876293
51256,0.62394189,-0.22609395,0.70416145,0.25245881,0.06342392,-0.00432443,-0.03876293
51263,0.62391748,-0.22608444,0.70418505,0.25246169,0.06342392,-0.00432443,-0.03876293
51271,0.62388267,-0.22606668,0.70421714,0.25247435,0.06342392,-0.00432443,-0.03876293
51277,0.62385835,-0.22605998,0.70423841,0.25248088,0.06342392,-0.00432443,-0.03876293
51284,0.62383069,-0.22605719,0.70426030,0.25249061,0.06342392,-0.00432443,-0.03876293
51293,0.62379336,-0.22604517,0.70429415,0.25249886,0.06342392,-0.00432443,-0.03876293
51299,0.62376542,-0.22603580,0.70432014,0.25250391,0.06342392,-0.00432443,-0.03876293
51305,0.62373952,-0.22602922,0.70434255,0.25251126,0.06342392,-0.00432443,-0.03876293
51315,0.62369675,-0.22601902,0.70437979,0.25252242,0.06342392,-0.00432443,-0.03876293
51324,0.62366247,-0.22601301,0.70440921,0.25252990,0.06342392,-0.00432443,-0.03876293
51331,0.62363219,-0.22599949,0.70443840,0.25253560,0.06342392,-0.00432443,-0.03876293
51337,0.62360324,-0.22599256,0.70446448,0.25254058,0.06342392,-0.00432443,-0.03876293
51344,0.62357053,-0.22597846,0.70449595,0.25254609,0.06342392,-0.00432443,-0.03876293
51350,0.62354459,-0.22597045,0.70451984,0.25255105,0.06342392,-0.00432443,-0.03876293
51360,0.62350277,-0.22596402,0.70455360,0.25256571,0.06342392,-0.00432443,-0.03876293
51367,0.62347507,-0.22595422,0.70457844,0.25257353,0.06342392,-0.00432443,-0.03876293
51373,0.62344837,-0.22594394,0.70460414,0.25257718,0.06342392,-0.00432443,-0.03876293
51388,0.62338333,-0.22592570,0.70466156,0.25259370,0.06342392,-0.00432443,-0.03876293
51398,0.62334771,-0.22591140,0.70469617,0.25259745,0.06342392,-0.00432443,-0.03876293
51407,0.62331099,-0.22589845,0.70473356,0.25259599,0.06342392,-0.00432443,-0.03876293
51415,0.62327709,-0.22588584,0.70476489,0.25260272,0.06342392,-0.00432443,-0.03876293
51421,0.62325530,-0.22588005,0.70478396,0.25260896,0.06342392,-0.00432443,-0.03876293
51428,0.62322449,-0.22586927,0.70481305,0.25261340,0.06342392,-0.00432443,-0.03876293
51436,0.62318382,-0.22586383,0.70484519,0.25262906,0.06342392,-0.00432443,-0.03876293
51443,0.62315311,-0.22585887,0.70487127,0.25263648,0.06342392,-0.00432443,-0.03876293
51449,0.62312750,-0.22584576,0.70489444,0.25264668,0.06342392,-0.00432443,-0.03876293
51459,0.62308340,-0.22584202,0.70493412,0.25264799,0.06342392,-0.00432443,-0.03876293
51467,0.62305073,-0.22583837,0.70496153,0.25265491,0.06342392,-0.00432443,-0.03876293
51476,0.62301158,-0.22582914,0.70499830,0.25265762,0.06342392,-0.00432443,-0.03876293
51483,0.62298145,-0.22582478,0.70502429,0.25266323,0.06342392,-0.00432443,-0.03876293
51489,0.62296123,-0.22581977,0.70504169,0.25266895,0.06342392,-0.00432443,-0.03876293
51498,0.62292432,-0.22580759,0.70507497,0.25267801,0.06342392,-0.00432443,-0.03876293
51506,0.62289996,-0.22579813,0.70509867,0.25268044,0.06342392,-0.00432443,-0.03876293
51513,0.62287216,-0.22578642,0.70512437,0.25268783,0.06342392,-0.00432443,-0.03876293
51519,0.62284717,-0.22578401,0.70514593,0.25269114,0.06342392,-0.00432443,-0.03876293
51525,0.62282042,-0.22577989,0.70517039,0.25269236,0.06342392,-0.00432443,-0.03876293
51534,0.62278156,-0.22576739,0.70520377,0.25270662,0.06342392,-0.00432443,-0.03876293
51540,0.62275390,-0.22576310,0.70522718,0.25271282,0.06342392,-0.00432443,-0.03876293
51550,0.62270450,-0.22575178,0.70527386,0.25271451,0.06342392,-0.00432443,-0.03876293
51557,0.62267279,-0.22574958,0.70530109,0.25271856,0.06342392,-0.00432443,-0.03876293
51566,0.62263278,-0.22573676,0.70533537,0.25273308,0.06342392,-0.00432443,-0.03876293
51572,0.62260732,-0.22572817,0.70535736,0.25274217,0.06342392,-0.00432443,-0.03876293
51578,0.62257809,-0.22572417,0.70538239,0.25274786,0.06342392,-0.00432443,-0.03876293
51585,0.62255187,-0.22571535,0.70540676,0.25275230,0.06342392,-0.00432443,-0.03876293
51595,0.62250475,-0.22570118,0.70545091,0.25275769,0.06342392,-0.00432443,-0.03876293
51603,0.62246837,-0.22568845,0.70548443,0.25276517,0.06342392,-0.00432443,-0.03876293
51609,0.62244281,-0.22567501,0.70550861,0.25277256,0.06342392,-0.00432443,-0.03876293
51618,0.62240610,-0.22566144,0.70554151,0.25278329,0.06342392,-0.00432443,-0.03876293
51625,0.62237243,-0.22564899,0.70557174,0.25279262,0.06342392,-0.00432443,-0.03876293
51635,0.62232608,-0.22564053,0.70560750,0.25281465,0.06342392,-0.00432443,-0.03876293
51641,0.62230134,-0.22563514,0.70562973,0.25281853,0.06342392,-0.00432443,-0.03876293
51647,0.62227792,-0.22562954,0.70564985,0.25282499,0.06342392,-0.00432443,-0.03876293
51654,0.62224655,-0.22562406,0.70567770,0.25282907,0.06342392,-0.00432443,-0.03876293
51663,0.62220864,-0.22561786,0.70570998,0.25283763,0.06342392,-0.00432443,-0.03876293
51669,0.62218518,-0.22560710,0.70573205,0.25284340,0.06342392,-0.00432443,-0.03876293
51678,0.62215337,-0.22559216,0.70576186,0.25285220,0.06342392,-0.00432443,-0.03876293
51685,0.62212333,-0.22558045,0.70578932,0.25285973,0.06342392,-0.00432443,-0.03876293
51695,0.62208633,-0.22557232,0.70582246,0.25286531,0.06342392,-0.00432443,-0.03876293
51701,0.62205214,-0.22556037,0.70585417,0.25287194,0.06342392,-0.00432443,-0.03876293
51707,0.62202572,-0.22555100,0.70587773,0.25287919,0.06342392,-0.00432443,-0.03876293
51714,0.62199602,-0.22553727,0.70590395,0.25289127,0.06342392,-0.00432443,-0.03876293
51723,0.62195768,-0.22552802,0.70593938,0.25289521,0.06342392,-0.00432443,-0.03876293
51732,0.62192049,-0.22551054,0.70597529,0.25290181,0.06342392,-0.00432443,-0.03876293
51738,0.62189178,-0.22550554,0.70600037,0.25290691,0.06342392,-0.00432443,-0.03876293
51745,0.62186450,-0.22549917,0.70602469,0.25291199,0.06342392,-0.00432443,-0.03876293
51751,0.62183690,-0.22549011,0.70604877,0.25292050,0.06342392,-0.00432443,-0.03876293
51760,0.62179803,-0.22547154,0.70608797,0.25292351,0.06342392,-0.00432443,-0.03876293
51768,0.62175917,-0.22546362,0.70612144,0.25293250,0.06342392,-0.00432443,-0.03876293
51775,0.62173228,-0.22545554,0.70614461,0.25294086,0.06342392,-0.00432443,-0.03876293
51781,0.62170848,-0.22544841,0.70616621,0.25294570,0.06342392,-0.00432443,-0.03876293
51790,0.62167387,-0.22543456,0.70619778,0.25295484,0.06342392,-0.00432443,-0.03876293
51796,0.62164978,-0.22542302,0.70621962,0.25296373,0.06342392,-0.00432443,-0.03876293
51805,0.62161645,-0.22541279,0.70624995,0.25297000,0.06342392,-0.00432443,-0.03876293
51814,0.62156953,-0.22540624,0.70628728,0.25298681,0.06342392,-0.00432443,-0.03876293
51820,0.62154459,-0.22539827,0.70630903,0.25299458,0.06342392,-0.00432443,-0.03876293
51829,0.62150168,-0.22538404,0.70634746,0.25300512,0.06342392,-0.00432443,-0.03876293
51838,0.62146148,-0.22536776,0.70638508,0.25301337,0.06342392,-0.00432443,-0.03876293
51844,0.62143487,-0.22535610,0.70640869,0.25302305,0.06342392,-0.00432443,-0.03876293
51851,0.62140202,-0.22535085,0.70643386,0.25303766,0.06342392,-0.00432443,-0.03876293
51861,0.62135820,-0.22533836,0.70646977,0.25305700,0.06342392,-0.00432443,-0.03876293
51867,0.62133078,-0.22532658,0.70649490,0.25306396,0.06342392,-0.00432443,-0.03876293
51874,0.62129850,-0.22532680,0.70651950,0.25307493,0.06342392,-0.00432443,-0.03876293
51880,0.62127103,-0.22532029,0.70654273,0.25308284,0.06342392,-0.00432443,-0.03876293
51889,0.62123594,-0.22530503,0.70657539,0.25309131,0.06342392,-0.00432443,-0.03876293
51895,0.62121162,-0.22529520,0.70659942,0.25309298,0.06342392,-0.00432443,-0.03876293
51905,0.62116928,-0.22528524,0.70663452,0.25310742,0.06342392,-0.00432443,-0.03876293
51911,0.62114453,-0.22528269,0.70665569,0.25311160,0.06342392,-0.00432443,-0.03876293
51918,0.62111258,-0.22527496,0.70668311,0.25312054,0.06342392,-0.00432443,-0.03876293
51927,0.62107443,-0.22526409,0.70671606,0.25313172,0.06342392,-0.00432443,-0.03876293
51933,0.62104825,-0.22525815,0.70673780,0.25314016,0.06342392,-0.00432443,-0.03876293
51940,0.62101988,-0.22524542,0.70676398,0.25314855,0.06342392,-0.00432443,-0.03876293
51949,0.62097716,-0.22523207,0.70680170,0.25315949,0.06342392,-0.00432443,-0.03876293
51958,0.62094216,-0.22522778,0.70683140,0.25316638,0.06342392,-0.00432443,-0.03876293
51964,0.62092041,-0.22521829,0.70685043,0.25317521,0.06342392,-0.00432443,-0.03876293
51971,0.62089300,-0.22521245,0.70687198,0.25318696,0.06342392,-0.00432443,-0.03876293
51979,0.62086248,-0.22519290,0.70690159,0.25319685,0.06342392,-0.00432443,-0.03876293
51986,0.62082605,-0.22518517,0.70692996,0.25321388,0.06342392,-0.00432443,-0.03876293
51994,0.62079815,-0.22517797,0.70695438,0.25322055,0.06342392,-0.00432443,-0.03876293
52000,0.62077283,-0.22517328,0.70697612,0.25322639,0.06342392,-0.00432443,-0.03876293
52009,0.62072858,-0.22515640,0.70701436,0.25324254,0.06342392,-0.00432443,-0.03876293
52015,0.62070093,-0.22514889,0.70703792,0.25325133,0.06342392,-0.00432443,-0.03876293
52024,0.62066268,-0.22513797,0.70707159,0.25326080,0.06342392,-0.00432443,-0.03876293
52032,0.62062463,-0.22512946,0.70710587,0.25326564,0.06342392,-0.00432443,-0.03876293
52038,0.62059793,-0.22512364,0.70712833,0.25327374,0.06342392,-0.00432443,-0.03876293
52047,0.62055234,-0.22512025,0.70716619,0.25328292,0.06342392,-0.00432443,-0.03876293
52054,0.62052259,-0.22511532,0.70719194,0.25328817,0.06342392,-0.00432443,-0.03876293
52060,0.62049007,-0.22511086,0.70721845,0.25329756,0.06342392,-0.00432443,-0.03876293
52067,0.62046499,-0.22510113,0.70724115,0.25330438,0.06342392,-0.00432443,-0.03876293
52076,0.62042899,-0.22509219,0.70727138,0.25331604,0.06342392,-0.00432443,-0.03876293
52085,0.62038850,-0.22507090,0.70730962,0.25332748,0.06342392,-0.00432443,-0.03876293
52091,0.62036566,-0.22506680,0.70732870,0.25333399,0.06342392,-0.00432443,-0.03876293
52098,0.62034125,-0.22505533,0.70735187,0.25333917,0.06342392,-0.00432443,-0.03876293
52104,0.62031679,-0.22504923,0.70737304,0.25334525,0.06342392,-0.00432443,-0.03876293
52111,0.62029161,-0.22503726,0.70739612,0.25335278,0.06342392,-0.00432443,-0.03876293
52124,0.62023983,-0.22502520,0.70744199,0.25336275,0.06342392,-0.00432443,-0.03876293
52130,0.62021903,-0.22502024,0.70745906,0.25336995,0.06342392,-0.00432443,-0.03876293
52136,0.62019300,-0.22501101,0.70748119,0.25338008,0.06342392,-0.00432443,-0.03876293
52143,0.62016701,-0.22500329,0.70750484,0.25338461,0.06342392,-0.00432443,-0.03876293
52152,0.62012858,-0.22500326,0.70753245,0.25340161,0.06342392,-0.00432443,-0.03876293
52158,0.62010531,-0.22499737,0.70755438,0.25340292,0.06342392,-0.00432443,-0.03876293
52168,0.62006063,-0.22498281,0.70759658,0.25340733,0.06342392,-0.00432443,-0.03876293
52174,0.62003903,-0.22498061,0.70761446,0.25341215,0.06342392,-0.00432443,-0.03876293
52183,0.62000179,-0.22496626,0.70764927,0.25341849,0.06342392,-0.00432443,-0.03876293
52192,0.61996488,-0.22495481,0.70768351,0.25342333,0.06342392,-0.00432443,-0.03876293
52199,0.61993546,-0.22495024,0.70770840,0.25343008,0.06342392,-0.00432443,-0.03876293
52205,0.61990523,-0.22494556,0.70773239,0.25344097,0.06342392,-0.00432443,-0.03876293
52217,0.61984682,-0.22493937,0.70777869,0.25346028,0.06342392,-0.00432443,-0.03876293
52225,0.61981191,-0.22492535,0.70781140,0.25346674,0.06342392,-0.00432443,-0.03876293
52232,0.61978363,-0.22492175,0.70783495,0.25347292,0.06342392,-0.00432443,-0.03876293
52238,0.61975674,-0.22491738,0.70785946,0.25347456,0.06342392,-0.00432443,-0.03876293
52245,0.61972947,-0.22491152,0.70788311,0.25348019,0.06342392,-0.00432443,-0.03876293
52253,0.61969032,-0.22490208,0.70791540,0.25349407,0.06342392,-0.00432443,-0.03876293
52261,0.61965684,-0.22489790,0.70794420,0.25349907,0.06342392,-0.00432443,-0.03876293
52270,0.61962232,-0.22488853,0.70797433,0.25350756,0.06342392,-0.00432443,-0.03876293
52276,0.61959719,-0.22488169,0.70799736,0.25351097,0.06342392,-0.00432443,-0.03876293
52285,0.61955189,-0.22487540,0.70803446,0.25352356,0.06342392,-0.00432443,-0.03876293
52292,0.61951899,-0.22486393,0.70806455,0.25353024,0.06342392,-0.00432443,-0.03876293
52298,0.61949186,-0.22485845,0.70808687,0.25353944,0.06342392,-0.00432443,-0.03876293
52307,0.61945114,-0.22484629,0.70812492,0.25354290,0.06342392,-0.00432443,-0.03876293
52314,0.61942024,-0.22483999,0.70815272,0.25354652,0.06342392,-0.00432443,-0.03876293
52323,0.61938767,-0.22482957,0.70818157,0.25355484,0.06342392,-0.00432443,-0.03876293
52329,0.61936340,-0.22481770,0.70820484,0.25355980,0.06342392,-0.00432443,-0.03876293
52338,0.61932568,-0.22480969,0.70823755,0.25356726,0.06342392,-0.00432443,-0.03876293
52344,0.61930012,-0.22479927,0.70826206,0.25357031,0.06342392,-0.00432443,-0.03876293
52352,0.61926655,-0.22479228,0.70829334,0.25357141,0.06342392,-0.00432443,-0.03876293
52359,0.61923723,-0.22478499,0.70831747,0.25358219,0.06342392,-0.00432443,-0.03876293
52365,0.61921148,-0.22477772,0.70834093,0.25358576,0.06342392,-0.00432443,-0.03876293
52372,0.61917943,-0.22477557,0.70836710,0.25359284,0.06342392,-0.00432443,-0.03876293
52380,0.61914324,-0.22476682,0.70839843,0.25360112,0.06342392,-0.00432443,-0.03876293
52391,0.61909542,-0.22474937,0.70844249,0.25361039,0.06342392,-0.00432443,-0.03876293
52398,0.61906909,-0.22474033,0.70846519,0.25361931,0.06342392,-0.00432443,-0.03876293
52405,0.61903548,-0.22473473,0.70849232,0.25363066,0.06342392,-0.00432443,-0.03876293
52414,0.61899666,-0.22472600,0.70852851,0.25363221,0.06342392,-0.00432443,-0.03876293
52422,0.61896200,-0.22470970,0.70856008,0.25364279,0.06342392,-0.00432443,-0.03876293
52429,0.61892995,-0.22469999,0.70858855,0.25364995,0.06342392,-0.00432443,-0.03876293
52438,0.61888594,-0.22469098,0.70862646,0.25365970,0.06342392,-0.00432443,-0.03876293
52445,0.61885647,-0.22468097,0.70865163,0.25367026,0.06342392,-0.00432443,-0.03876293
52454,0.61881632,-0.22466988,0.70868387,0.25368773,0.06342392,-0.00432443,-0.03876293
52460,0.61879100,-0.22466058,0.70870666,0.25369415,0.06342392,-0.00432443,-0.03876293
52466,0.61876401,-0.22465295,0.70872936,0.25370306,0.06342392,-0.00432443,-0.03876293
52473,0.61873378,-0.22464554,0.70875482,0.25371227,0.06342392,-0.00432443,-0.03876293
52483,0.61869611,-0.22463705,0.70878548,0.25372622,0.06342392,-0.00432443,-0.03876293
52489,0.61866683,-0.22463243,0.70881147,0.25372931,0.06342392,-0.00432443,-0.03876293
52496,0.61863460,-0.22462592,0.70883746,0.25374050,0.06342392,-0.00432443,-0.03876293
52502,0.61861329,-0.22461528,0.70885658,0.25374894,0.06342392,-0.00432443,-0.03876293
52509,0.61858077,-0.22460875,0.70888423,0.25375673,0.06342392,-0.00432443,-0.03876293
52517,0.61854386,-0.22459630,0.70891418,0.25377407,0.06342392,-0.00432443,-0.03876293
52525,0.61851158,-0.22458341,0.70894412,0.25378065,0.06342392,-0.00432443,-0.03876293
52532,0.61848545,-0.22457599,0.70896797,0.25378389,0.06342392,-0.00432443,-0.03876293
52538,0.61845388,-0.22456951,0.70899634,0.25378751,0.06342392,-0.00432443,-0.03876293
52547,0.61841506,-0.22456023,0.70903034,0.25379528,0.06342392,-0.00432443,-0.03876293
52556,0.61837396,-0.22454974,0.70906734,0.25380132,0.06342392,-0.00432443,-0.03876293
52563,0.61834192,-0.22454431,0.70909366,0.25381088,0.06342392,-0.00432443,-0.03876293
52572,0.61830163,-0.22453293,0.70912990,0.25381743,0.06342392,-0.00432443,-0.03876293
52581,0.61825661,-0.22451698,0.70917139,0.25382504,0.06342392,-0.00432443,-0.03876293
52587,0.61822800,-0.22451062,0.70919580,0.25383238,0.06342392,-0.00432443,-0.03876293
52594,0.61819696,-0.22449967,0.70922422,0.25383841,0.06342392,-0.00432443,-0.03876293
52600,0.61816883,-0.22449347,0.70924844,0.25384478,0.06342392,-0.00432443,-0.03876293
52606,0.61814217,-0.22448737,0.70927042,0.25385351,0.06342392,-0.00432443,-0.03876293
52616,0.61810178,-0.22446224,0.70930786,0.25386962,0.06342392,-0.00432443,-0.03876293
52624,0.61806573,-0.22444546,0.70934176,0.25387704,0.06342392,-0.00432443,-0.03876293
52633,0.61802792,-0.22443497,0.70937542,0.25388467,0.06342392,-0.00432443,-0.03876293
52640,0.61799330,-0.22442009,0.70940709,0.25389335,0.06342392,-0.00432443,-0.03876293
52649,0.61795969,-0.22441573,0.70943636,0.25389788,0.06342392,-0.00432443,-0.03876293
52655,0.61792984,-0.22440471,0.70946254,0.25390710,0.06342392,-0.00432443,-0.03876293
52664,0.61789560,-0.22438483,0.70949673,0.25391201,0.06342392,-0.00432443,-0.03876293
52671,0.61786885,-0.22437887,0.70951919,0.25391941,0.06342392,-0.00432443,-0.03876293
52679,0.61783437,-0.22437376,0.70954661,0.25393149,0.06342392,-0.00432443,-0.03876293
52686,0.61780233,-0.22436933,0.70957431,0.25393607,0.06342392,-0.00432443,-0.03876293
52693,0.61777429,-0.22436044,0.70959796,0.25394611,0.06342392,-0.00432443,-0.03876293
52702,0.61773624,-0.22434606,0.70963106,0.25395843,0.06342392,-0.00432443,-0.03876293
52709,0.61770768,-0.22433292,0.70965709,0.25396728,0.06342392,-0.00432443,-0.03876293
52718,0.61766791,-0.22431137,0.70969586,0.25397472,0.06342392,-0.00432443,-0.03876293
52725,0.61763343,-0.22430877,0.70972418,0.25398116,0.06342392,-0.00432443,-0.03876293
52731,0.61760497,-0.22429928,0.70975103,0.25398430,0.06342392,-0.00432443,-0.03876293
52738,0.61757555,-0.22428998,0.70977764,0.25398941,0.06342392,-0.00432443,-0.03876293
52746,0.61754136,-0.22427670,0.70980634,0.25400376,0.06342392,-0.00432443,-0.03876293
52754,0.61750483,-0.22427294,0.70983667,0.25401141,0.06342392,-0.00432443,-0.03876293
52761,0.61748428,-0.22426099,0.70985670,0.25401625,0.06342392,-0.00432443,-0.03876293
52767,0.61745014,-0.22425055,0.70988245,0.25403614,0.06342392,-0.00432443,-0.03876293
52776,0.61740927,-0.22424216,0.70991849,0.25404210,0.06342392,-0.00432443,-0.03876293
52783,0.61737565,-0.22424054,0.70994501,0.25405123,0.06342392,-0.00432443,-0.03876293
52792,0.61733732,-0.22423186,0.70997838,0.25405848,0.06342392,-0.00432443,-0.03876293
52798,0.61731119,-0.22422132,0.71000127,0.25406744,0.06342392,-0.00432443,-0.03876293
52807,0.61727118,-0.22420623,0.71003818,0.25407505,0.06342392,-0.00432443,-0.03876293
52814,0.61723585,-0.22420384,0.71006689,0.25408244,0.06342392,-0.00432443,-0.03876293
52820,0.61721367,-0.22419354,0.71008768,0.25408768,0.06342392,-0.00432443,-0.03876293
52828,0.61717581,-0.22418184,0.71012220,0.25409340,0.06342392,-0.00432443,-0.03876293
52838,0.61713714,-0.22416341,0.71015620,0.25410866,0.06342392,-0.00432443,-0.03876293
52847,0.61710543,-0.22414784,0.71018905,0.25410747,0.06342392,-0.00432443,-0.03876293
52854,0.61707935,-0.22413637,0.71021342,0.25411274,0.06342392,-0.00432443,-0.03876293
52860,0.61704549,-0.22413108,0.71024093,0.25412263,0.06342392,-0.00432443,-0.03876293
52866,0.61702070,-0.22412426,0.71025981,0.25413644,0.06342392,-0.00432443,-0.03876293
52875,0.61698284,-0.22411739,0.71029148,0.25414559,0.06342392,-0.00432443,-0.03876293
52883,0.61694688,-0.22410683,0.71032214,0.25415680,0.06342392,-0.00432443,-0.03876293
52889,0.61691398,-0.22410061,0.71035051,0.25416240,0.06342392,-0.00432443,-0.03876293
52896,0.61688656,-0.22408840,0.71037669,0.25416696,0.06342392,-0.00432443,-0.03876293
52904,0.61684951,-0.22407767,0.71040987,0.25417332,0.06342392,-0.00432443,-0.03876293
52911,0.61682033,-0.22407331,0.71043448,0.25417943,0.06342392,-0.00432443,-0.03876293
52919,0.61679177,-0.22406604,0.71045994,0.25418376,0.06342392,-0.00432443,-0.03876293
52927,0.61675844,-0.22405843,0.71049017,0.25418658,0.06342392,-0.00432443,-0.03876293
52933,0.61673154,-0.22405097,0.71051464,0.25419056,0.06342392,-0.00432443,-0.03876293
52942,0.61669163,-0.22404203,0.71054916,0.25419833,0.06342392,-0.00432443,-0.03876293
52949,0.61666083,-0.22403030,0.71057677,0.25420615,0.06342392,-0.00432443,-0.03876293
52955,0.61663694,-0.22402155,0.71059913,0.25420973,0.06342392,-0.00432443,-0.03876293
52962,0.61660504,-0.22400851,0.71062908,0.25421488,0.06342392,-0.00432443,-0.03876293
52971,0.61656274,-0.22400901,0.71066193,0.25422515,0.06342392,-0.00432443,-0.03876293
52978,0.61653671,-0.22400226,0.71068387,0.25423307,0.06342392,-0.00432443,-0.03876293
52987,0.61649823,-0.22399508,0.71071548,0.25424404,0.06342392,-0.00432443,-0.03876293
52993,0.61647071,-0.22398667,0.71074075,0.25424752,0.06342392,-0.00432443,-0.03876293
53002,0.61642079,-0.22398419,0.71077852,0.25426495,0.06342392,-0.00432443,-0.03876293
53008,0.61640048,-0.22397747,0.71079874,0.25426392,0.06342392,-0.00432443,-0.03876293
53018,0.61635932,-0.22396519,0.71083402,0.25427594,0.06342392,-0.00432443,-0.03876293
53024,0.61633319,-0.22395954,0.71085553,0.25428414,0.06342392,-0.00432443,-0.03876293
53033,0.61629390,-0.22394328,0.71088833,0.25430176,0.06342392,-0.00432443,-0.03876293
53041,0.61625595,-0.22393260,0.71092071,0.25431296,0.06342392,-0.00432443,-0.03876293
53048,0.61622781,-0.22392003,0.71094665,0.25431921,0.06342392,-0.00432443,-0.03876293
53054,0.61620187,-0.22390902,0.71097083,0.25432486,0.06342392,-0.00432443,-0.03876293
53064,0.61616449,-0.22389876,0.71100230,0.25433588,0.06342392,-0.00432443,-0.03876293
53074,0.61612472,-0.22388551,0.71104087,0.25433626,0.06342392,-0.00432443,-0.03876293
53080,0.61609735,-0.22387771,0.71106605,0.25433878,0.06342392,-0.00432443,-0.03876293
53087,0.61607255,-0.22386758,0.71108970,0.25434198,0.06342392,-0.00432443,-0.03876293
53093,0.61603813,-0.22386097,0.71111955,0.25434784,0.06342392,-0.00432443,-0.03876293
53102,0.61599774,-0.22384998,0.71115512,0.25435562,0.06342392,-0.00432443,-0.03876293
53109,0.61596097,-0.22383964,0.71118741,0.25436329,0.06342392,-0.00432443,-0.03876293
53115,0.61593198,-0.22383263,0.71121354,0.25436675,0.06342392,-0.00432443,-0.03876293
53122,0.61589999,-0.22382333,0.71124215,0.25437264,0.06342392,-0.00432443,-0.03876293
53131,0.61586022,-0.22381415,0.71127700,0.25437927,0.06342392,-0.00432443,-0.03876293
53138,0.61583089,-0.22380442,0.71130323,0.25438568,0.06342392,-0.00432443,-0.03876293
53144,0.61580410,-0.22379460,0.71132755,0.25439109,0.06342392,-0.00432443,-0.03876293
53153,0.61575994,-0.22378461,0.71136736,0.25439543,0.06342392,-0.00432443,-0.03876293
53160,0.61572923,-0.22377724,0.71139235,0.25440659,0.06342392,-0.00432443,-0.03876293
53169,0.61568956,-0.22376503,0.71142630,0.25441801,0.06342392,-0.00432443,-0.03876293
53175,0.61566286,-0.22375583,0.71145148,0.25442061,0.06342392,-0.00432443,-0.03876293
53181,0.61563448,-0.22375173,0.71147460,0.25442800,0.06342392,-0.00432443,-0.03876293
53191,0.61558794,-0.22373886,0.71151189,0.25444743,0.06342392,-0.00432443,-0.03876293
53200,0.61554756,-0.22372756,0.71154932,0.25445060,0.06342392,-0.00432443,-0.03876293
53207,0.61551952,-0.22372446,0.71157431,0.25445113,0.06342392,-0.00432443,-0.03876293
53213,0.61549715,-0.22372159,0.71159219,0.25445795,0.06342392,-0.00432443,-0.03876293
53220,0.61546616,-0.22371149,0.71162037,0.25446298,0.06342392,-0.00432443,-0.03876293
53226,0.61544375,-0.22370653,0.71164059,0.25446507,0.06342392,-0.00432443,-0.03876293
53238,0.61539368,-0.22369880,0.71168174,0.25447800,0.06342392,-0.00432443,-0.03876293
53245,0.61536312,-0.22369470,0.71170692,0.25448486,0.06342392,-0.00432443,-0.03876293
53251,0.61533746,-0.22368953,0.71172790,0.25449280,0.06342392,-0.00432443,-0.03876293
53257,0.61531000,-0.22368023,0.71175127,0.25450217,0.06342392,-0.00432443,-0.03876293
53266,0.61527786,-0.22367260,0.71177968,0.25450718,0.06342392,-0.00432443,-0.03876293
53276,0.61524095,-0.22365801,0.71181306,0.25451545,0.06342392,-0.00432443,-0.03876293
53283,0.61520919,-0.22365283,0.71183924,0.25452361,0.06342392,-0.00432443,-0.03876293
53290,0.61517953,-0.22364668,0.71186213,0.25453691,0.06342392,-0.00432443,-0.03876293
53298,0.61513996,-0.22363128,0.71189861,0.25454382,0.06342392,-0.00432443,-0.03876293
53305,0.61510801,-0.22362368,0.71192731,0.25454738,0.06342392,-0.00432443,-0.03876293
53311,0.61507606,-0.22361795,0.71195316,0.25455737,0.06342392,-0.00432443,-0.03876293
53318,0.61504464,-0.22361335,0.71198029,0.25456154,0.06342392,-0.00432443,-0.03876293
53327,0.61499748,-0.22360455,0.71201782,0.25457816,0.06342392,-0.00432443,-0.03876293
53336,0.61495809,-0.22358272,0.71205520,0.25458798,0.06342392,-0.00432443,-0.03876293
53342,0.61492910,-0.22358334,0.71207742,0.25459532,0.06342392,-0.00432443,-0.03876293
53351,0.61488647,-0.22357680,0.71211438,0.25460038,0.06342392,-0.00432443,-0.03876293
53357,0.61486053,-0.22356555,0.71213798,0.25460720,0.06342392,-0.00432443,-0.03876293
53366,0.61481790,-0.22355949,0.71217226,0.25461986,0.06342392,-0.00432443,-0.03876293
53374,0.61478571,-0.22355370,0.71219940,0.25462663,0.06342392,-0.00432443,-0.03876293
53380,0.61475858,-0.22354562,0.71222262,0.25463409,0.06342392,-0.00432443,-0.03876293
53393,0.61470084,-0.22353627,0.71227192,0.25464413,0.06342392,-0.00432443,-0.03876293
53402,0.61465573,-0.22353425,0.71230673,0.25465741,0.06342392,-0.00432443,-0.03876293
53408,0.61462969,-0.22352952,0.71233081,0.25465698,0.06342392,-0.00432443,-0.03876293
53415,0.61460018,-0.22352285,0.71235647,0.25466246,0.06342392,-0.00432443,-0.03876293
53424,0.61456460,-0.22351353,0.71238608,0.25467367,0.06342392,-0.00432443,-0.03876293
53433,0.61452779,-0.22349927,0.71242017,0.25467934,0.06342392,-0.00432443,-0.03876293
53442,0.61449127,-0.22349090,0.71245012,0.25469107,0.06342392,-0.00432443,-0.03876293
53448,0.61446881,-0.22348604,0.71246981,0.25469403,0.06342392,-0.00432443,-0.03876293
53454,0.61443948,-0.22347767,0.71249523,0.25470139,0.06342392,-0.00432443,-0.03876293
53461,0.61440782,-0.22347030,0.71252059,0.25471291,0.06342392,-0.00432443,-0.03876293
53471,0.61436834,-0.22346506,0.71255340,0.25472128,0.06342392,-0.00432443,-0.03876293
53477,0.61433992,-0.22345867,0.71257781,0.25472712,0.06342392,-0.00432443,-0.03876293
53484,0.61431069,-0.22344889,0.71260204,0.25473845,0.06342392,-0.00432443,-0.03876293
53490,0.61428337,-0.22344417,0.71262431,0.25474641,0.06342392,-0.00432443,-0.03876293
53500,0.61424560,-0.22342457,0.71265892,0.25475769,0.06342392,-0.00432443,-0.03876293
53506,0.61421537,-0.22341542,0.71268515,0.25476500,0.06342392,-0.00432443,-0.03876293
53515,0.61417236,-0.22340731,0.71272397,0.25476770,0.06342392,-0.00432443,-0.03876293
53522,0.61414408,-0.22340092,0.71274638,0.25477840,0.06342392,-0.00432443,-0.03876293
53528,0.61412096,-0.22339522,0.71276712,0.25478119,0.06342392,-0.00432443,-0.03876293
53537,0.61408319,-0.22338838,0.71279773,0.25479273,0.06342392,-0.00432443,-0.03876293
53544,0.61405029,-0.22338027,0.71282720,0.25479679,0.06342392,-0.00432443,-0.03876293
53550,0.61401896,-0.22337100,0.71285448,0.25480356,0.06342392,-0.00432443,-0.03876293
53559,0.61398181,-0.22335500,0.71289010,0.25480771,0.06342392,-0.00432443,-0.03876293
53568,0.61394767,-0.22335181,0.71291851,0.25481319,0.06342392,-0.00432443,-0.03876293
53577,0.61391091,-0.22334175,0.71294746,0.25482954,0.06342392,-0.00432443,-0.03876293
53583,0.61388187,-0.22333290,0.71297197,0.25483880,0.06342392,-0.00432443,-0.03876293
53590,0.61384816,-0.22332034,0.71300263,0.25484516,0.06342392,-0.00432443,-0.03876293
53602,0.61379680,-0.22331252,0.71304416,0.25485939,0.06342392,-0.00432443,-0.03876293
53609,0.61376757,-0.22330274,0.71307067,0.25486402,0.06342392,-0.00432443,-0.03876293
53615,0.61374015,-0.22329452,0.71309542,0.25486862,0.06342392,-0.00432443,-0.03876293
53621,0.61371269,-0.22329146,0.71311864,0.25487217,0.06342392,-0.00432443,-0.03876293
53628,0.61367869,-0.22328140,0.71314663,0.25488471,0.06342392,-0.00432443,-0.03876293
53637,0.61364054,-0.22326972,0.71317777,0.25489952,0.06342392,-0.00432443,-0.03876293
53647,0.61359577,-0.22325661,0.71321797,0.25490639,0.06342392,-0.00432443,-0.03876293
53653,0.61356439,-0.22325394,0.71324405,0.25491130,0.06342392,-0.00432443,-0.03876293
53660,0.61353111,-0.22324504,0.71327228,0.25492043,0.06342392,-0.00432443,-0.03876293
53669,0.61349563,-0.22323725,0.71330413,0.25492334,0.06342392,-0.00432443,-0.03876293
53675,0.61347413,-0.22323272,0.71332273,0.25492639,0.06342392,-0.00432443,-0.03876293
53682,0.61344237,-0.22322597,0.71335072,0.25493071,0.06342392,-0.00432443,-0.03876293
53691,0.61340737,-0.22321312,0.71338324,0.25493505,0.06342392,-0.00432443,-0.03876293
53700,0.61337351,-0.22320120,0.71341218,0.25494620,0.06342392,-0.00432443,-0.03876293
53706,0.61334652,-0.22319369,0.71343669,0.25494923,0.06342392,-0.00432443,-0.03876293
53713,0.61331386,-0.22318270,0.71346759,0.25495088,0.06342392,-0.00432443,-0.03876293
53722,0.61327714,-0.22316942,0.71349954,0.25496125,0.06342392,-0.00432443,-0.03876293
53728,0.61325044,-0.22316131,0.71352224,0.25496900,0.06342392,-0.00432443,-0.03876293
53738,0.61319799,-0.22314550,0.71356716,0.25498361,0.06342392,-0.00432443,-0.03876293
53744,0.61317086,-0.22313668,0.71359181,0.25498714,0.06342392,-0.00432443,-0.03876293
53751,0.61314196,-0.22312834,0.71361818,0.25499057,0.06342392,-0.00432443,-0.03876293
53757,0.61311411,-0.22311756,0.71364407,0.25499453,0.06342392,-0.00432443,-0.03876293
53766,0.61306972,-0.22310547,0.71368122,0.25500752,0.06342392,-0.00432443,-0.03876293
53772,0.61304416,-0.22309377,0.71370506,0.25501286,0.06342392,-0.00432443,-0.03876293
53782,0.61299715,-0.22309136,0.71374025,0.25502941,0.06342392,-0.00432443,-0.03876293
53791,0.61295084,-0.22307848,0.71377997,0.25504062,0.06342392,-0.00432443,-0.03876293
53797,0.61292066,-0.22307267,0.71380562,0.25504662,0.06342392,-0.00432443,-0.03876293
53804,0.61288738,-0.22306628,0.71383218,0.25505785,0.06342392,-0.00432443,-0.03876293
53810,0.61286282,-0.22305636,0.71385378,0.25506510,0.06342392,-0.00432443,-0.03876293
53817,0.61283040,-0.22304747,0.71388044,0.25507626,0.06342392,-0.00432443,-0.03876293
53826,0.61278538,-0.22303998,0.71391706,0.25508823,0.06342392,-0.00432443,-0.03876293
53835,0.61274518,-0.22303760,0.71395034,0.25509419,0.06342392,-0.00432443,-0.03876293
53841,0.61271829,-0.22303316,0.71397185,0.25510206,0.06342392,-0.00432443,-0.03876293
53850,0.61267309,-0.22301673,0.71401138,0.25511434,0.06342392,-0.00432443,-0.03876293
53856,0.61264925,-0.22301521,0.71403112,0.25511777,0.06342392,-0.00432443,-0.03876293
53866,0.61260471,-0.22300705,0.71407079,0.25512046,0.06342392,-0.00432443,-0.03876293
53873,0.61258010,-0.22299628,0.71409158,0.25513091,0.06342392,-0.00432443,-0.03876293
53880,0.61254425,-0.22299506,0.71411900,0.25514128,0.06342392,-0.00432443,-0.03876293
53886,0.61252193,-0.22299008,0.71414022,0.25513973,0.06342392,-0.00432443,-0.03876293
53895,0.61247854,-0.22298779,0.71417546,0.25514764,0.06342392,-0.00432443,-0.03876293
53901,0.61244792,-0.22298517,0.71419982,0.25515480,0.06342392,-0.00432443,-0.03876293
53908,0.61241078,-0.22297677,0.71423091,0.25516462,0.06342392,-0.00432443,-0.03876293
53917,0.61237101,-0.22296862,0.71426544,0.25517015,0.06342392,-0.00432443,-0.03876293
53926,0.61233086,-0.22295725,0.71429924,0.25518193,0.06342392,-0.00432443,-0.03876293
53935,0.61229443,-0.22294549,0.71432919,0.25519611,0.06342392,-0.00432443,-0.03876293
53941,0.61226801,-0.22293698,0.71435298,0.25520002,0.06342392,-0.00432443,-0.03876293
53947,0.61224184,-0.22293357,0.71437368,0.25520765,0.06342392,-0.00432443,-0.03876293
53957,0.61219949,-0.22291474,0.71441421,0.25521259,0.06342392,-0.00432443,-0.03876293
53966,0.61216096,-0.22290718,0.71444821,0.25521636,0.06342392,-0.00432443,-0.03876293
53972,0.61213722,-0.22289724,0.71446948,0.25522265,0.06342392,-0.00432443,-0.03876293
53979,0.61210565,-0.22288563,0.71449809,0.25522818,0.06342392,-0.00432443,-0.03876293
53985,0.61207904,-0.22287983,0.71452035,0.25523459,0.06342392,-0.00432443,-0.03876293
53994,0.61203646,-0.22287440,0.71455378,0.25524773,0.06342392,-0.00432443,-0.03876293
54001,0.61200447,-0.22286684,0.71457958,0.25525915,0.06342392,-0.00432443,-0.03876293
54010,0.61196689,-0.22285654,0.71461267,0.25526537,0.06342392,-0.00432443,-0.03876293
54017,0.61193175,-0.22284972,0.71464352,0.25526950,0.06342392,-0.00432443,-0.03876293
54025,0.61190099,-0.22284224,0.71467137,0.25527179,0.06342392,-0.00432443,-0.03876293
54032,0.61187086,-0.22283456,0.71469821,0.25527546,0.06342392,-0.00432443,-0.03876293
54038,0.61184401,-0.22282760,0.71472043,0.25528371,0.06342392,-0.00432443,-0.03876293
54048,0.61180181,-0.22281551,0.71475639,0.25529479,0.06342392,-0.00432443,-0.03876293
54056,0.61176309,-0.22280447,0.71478710,0.25531113,0.06342392,-0.00432443,-0.03876293
54065,0.61171836,-0.22278976,0.71482696,0.25531985,0.06342392,-0.00432443,-0.03876293
54071,0.61169233,-0.22278029,0.71484928,0.25532736,0.06342392,-0.00432443,-0.03876293
54080,0.61165909,-0.22276136,0.71488232,0.25533161,0.06342392,-0.00432443,-0.03876293
54086,0.61163110,-0.22275447,0.71490573,0.25533895,0.06342392,-0.00432443,-0.03876293
54096,0.61158676,-0.22274169,0.71494703,0.25534048,0.06342392,-0.00432443,-0.03876293
54103,0.61155490,-0.22273383,0.71497564,0.25534322,0.06342392,-0.00432443,-0.03876293
54109,0.61153120,-0.22272369,0.71499772,0.25534746,0.06342392,-0.00432443,-0.03876293
54116,0.61150307,-0.22271189,0.71502404,0.25535130,0.06342392,-0.00432443,-0.03876293
54125,0.61145834,-0.22270863,0.71505713,0.25536892,0.06342392,-0.00432443,-0.03876293
54132,0.61142950,-0.22269933,0.71508054,0.25538020,0.06342392,-0.00432443,-0.03876293
54141,0.61139416,-0.22269101,0.71511144,0.25538563,0.06342392,-0.00432443,-0.03876293
54147,0.61136760,-0.22268400,0.71513338,0.25539379,0.06342392,-0.00432443,-0.03876293
54156,0.61132221,-0.22266812,0.71517333,0.25540459,0.06342392,-0.00432443,-0.03876293
54163,0.61128711,-0.22265908,0.71520223,0.25541563,0.06342392,-0.00432443,-0.03876293
54169,0.61125850,-0.22265546,0.71522526,0.25542278,0.06342392,-0.00432443,-0.03876293
54176,0.61123204,-0.22264246,0.71525006,0.25542757,0.06342392,-0.00432443,-0.03876293
54186,0.61118822,-0.22263748,0.71528716,0.25543279,0.06342392,-0.00432443,-0.03876293
54195,0.61114497,-0.22262582,0.71532468,0.25544164,0.06342392,-0.00432443,-0.03876293
54201,0.61112480,-0.22262172,0.71534199,0.25544521,0.06342392,-0.00432443,-0.03876293
54208,0.61109437,-0.22261366,0.71536707,0.25545454,0.06342392,-0.00432443,-0.03876293
54214,0.61106853,-0.22260084,0.71539163,0.25545883,0.06342392,-0.00432443,-0.03876293
54223,0.61102671,-0.22259447,0.71542596,0.25546822,0.06342392,-0.00432443,-0.03876293
54231,0.61099624,-0.22258653,0.71545224,0.25547447,0.06342392,-0.00432443,-0.03876293
54237,0.61096792,-0.22258026,0.71547360,0.25548770,0.06342392,-0.00432443,-0.03876293
54244,0.61093435,-0.22257592,0.71550064,0.25549628,0.06342392,-0.00432443,-0.03876293
54250,0.61090955,-0.22256336,0.71552319,0.25550308,0.06342392,-0.00432443,-0.03876293
54261,0.61085948,-0.22255289,0.71556477,0.25551538,0.06342392,-0.00432443,-0.03876293
54267,0.61083393,-0.22254705,0.71558561,0.25552363,0.06342392,-0.00432443,-0.03876293
54277,0.61079120,-0.22253019,0.71562356,0.25553393,0.06342392,-0.00432443,-0.03876293
54283,0.61076331,-0.22252552,0.71564512,0.25554447,0.06342392,-0.00432443,-0.03876293
54292,0.61072225,-0.22251224,0.71568160,0.25555219,0.06342392,-0.00432443,-0.03876293
54301,0.61067972,-0.22249047,0.71571993,0.25556507,0.06342392,-0.00432443,-0.03876293
54307,0.61065130,-0.22248392,0.71574521,0.25556783,0.06342392,-0.00432443,-0.03876293
54314,0.61062307,-0.22247326,0.71577029,0.25557410,0.06342392,-0.00432443,-0.03876293
54323,0.61058096,-0.22246541,0.71580400,0.25558743,0.06342392,-0.00432443,-0.03876293
54330,0.61054415,-0.22246408,0.71583371,0.25559325,0.06342392,-0.00432443,-0.03876293
54336,0.61051583,-0.22245564,0.71585693,0.25560340,0.06342392,-0.00432443,-0.03876293
54343,0.61048860,-0.22244880,0.71587924,0.25561139,0.06342392,-0.00432443,-0.03876293
54349,0.61045885,-0.22244296,0.71590433,0.25561766,0.06342392,-0.00432443,-0.03876293
54359,0.61041469,-0.22243056,0.71594018,0.25563347,0.06342392,-0.00432443,-0.03876293
54365,0.61038560,-0.22242684,0.71596374,0.25564026,0.06342392,-0.00432443,-0.03876293
54374,0.61034803,-0.22241952,0.71599550,0.25564708,0.06342392,-0.00432443,-0.03876293
54380,0.61032462,-0.22240693,0.71601839,0.25564985,0.06342392,-0.00432443,-0.03876293
54395,0.61025381,-0.22239394,0.71607608,0.25566887,0.06342392,-0.00432443,-0.03876293
54402,0.61022052,-0.22238030,0.71610488,0.25567958,0.06342392,-0.00432443,-0.03876293
54411,0.61017751,-0.22236762,0.71614160,0.25569028,0.06342392,-0.00432443,-0.03876293
54417,0.61014800,-0.22236235,0.71616497,0.25569987,0.06342392,-0.00432443,-0.03876293
54426,0.61011304,-0.22234830,0.71619601,0.25570855,0.06342392,-0.00432443,-0.03876293
54432,0.61008691,-0.22233948,0.71622176,0.25570664,0.06342392,-0.00432443,-0.03876293
54439,0.61005325,-0.22233405,0.71624736,0.25571980,0.06342392,-0.00432443,-0.03876293
54448,0.61001720,-0.22231676,0.71628036,0.25572826,0.06342392,-0.00432443,-0.03876293
54456,0.60998539,-0.22230994,0.71630759,0.25573401,0.06342392,-0.00432443,-0.03876293
54465,0.60994381,-0.22229981,0.71634521,0.25573680,0.06342392,-0.00432443,-0.03876293
54471,0.60991497,-0.22229523,0.71636867,0.25574331,0.06342392,-0.00432443,-0.03876293
54478,0.60988230,-0.22229247,0.71639451,0.25575115,0.06342392,-0.00432443,-0.03876293
54484,0.60985488,-0.22228536,0.71641826,0.25575640,0.06342392,-0.00432443,-0.03876293
54493,0.60981869,-0.22227590,0.71645221,0.25575602,0.06342392,-0.00432443,-0.03876293
54500,0.60978798,-0.22226884,0.71647796,0.25576267,0.06342392,-0.00432443,-0.03876293
54507,0.60975456,-0.22226505,0.71650624,0.25576658,0.06342392,-0.00432443,-0.03876293
54513,0.60972700,-0.22225861,0.71653070,0.25576977,0.06342392,-0.00432443,-0.03876293
54522,0.60968251,-0.22224884,0.71657028,0.25577330,0.06342392,-0.00432443,-0.03876293
54529,0.60964918,-0.22223970,0.71659846,0.25578167,0.06342392,-0.00432443,-0.03876293
54535,0.60962266,-0.22223248,0.71662073,0.25578870,0.06342392,-0.00432443,-0.03876293
54545,0.60957746,-0.22221639,0.71665949,0.25580224,0.06342392,-0.00432443,-0.03876293
54551,0.60955257,-0.22220950,0.71668028,0.25580911,0.06342392,-0.00432443,-0.03876293
54560,0.60951509,-0.22219481,0.71671342,0.25581803,0.06342392,-0.00432443,-0.03876293
54566,0.60948700,-0.22218656,0.71673722,0.25582551,0.06342392,-0.00432443,-0.03876293
54573,0.60945472,-0.22218055,0.71676301,0.25583524,0.06342392,-0.00432443,-0.03876293
54579,0.60942959,-0.22216942,0.71678738,0.25583670,0.06342392,-0.00432443,-0.03876293
54589,0.60938415,-0.22215673,0.71682300,0.25585629,0.06342392,-0.00432443,-0.03876293
54596,0.60935573,-0.22214274,0.71684913,0.25586259,0.06342392,-0.00432443,-0.03876293
54602,0.60933113,-0.22213511,0.71687068,0.25586757,0.06342392,-0.00432443,-0.03876293
54609,0.60930228,-0.22213144,0.71689486,0.25587191,0.06342392,-0.00432443,-0.03876293
54618,0.60926427,-0.22212569,0.71692757,0.25587537,0.06342392,-0.00432443,-0.03876293
54624,0.60923357,-0.22212598,0.71695394,0.25587444,0.06342392,-0.00432443,-0.03876293
54633,0.60919260,-0.22211394,0.71698637,0.25589170,0.06342392,-0.00432443,-0.03876293
54640,0.60916385,-0.22210226,0.71701259,0.25589661,0.06342392,-0.00432443,-0.03876293
54646,0.60913538,-0.22209186,0.71703758,0.25590336,0.06342392,-0.00432443,-0.03876293
54655,0.60909514,-0.22208509,0.71707105,0.25591144,0.06342392,-0.00432443,-0.03876293
54667,0.60903644,-0.22206549,0.71711831,0.25593566,0.06342392,-0.00432443,-0.03876293
54673,0.60900635,-0.22205948,0.71714396,0.25594103,0.06342392,-0.00432443,-0.03876293
54683,0.60896530,-0.22204849,0.71718091,0.25594427,0.06342392,-0.00432443,-0.03876293
54692,0.60892028,-0.22203621,0.71722135,0.25594856,0.06342392,-0.00432443,-0.03876293
54698,0.60889625,-0.22202475,0.71724405,0.25595197,0.06342392,-0.00432443,-0.03876293
54705,0.60886521,-0.22202064,0.71726884,0.25596044,0.06342392,-0.00432443,-0.03876293
54711,0.60883860,-0.22201132,0.71729159,0.25596790,0.06342392,-0.00432443,-0.03876293
54720,0.60879287,-0.22200133,0.71732959,0.25597839,0.06342392,-0.00432443,-0.03876293
54727,0.60876698,-0.22198839,0.71735548,0.25597941,0.06342392,-0.00432443,-0.03876293
54736,0.60872554,-0.22197208,0.71739101,0.25599215,0.06342392,-0.00432443,-0.03876293
54743,0.60869970,-0.22196857,0.71741127,0.25599970,0.06342392,-0.00432443,-0.03876293
54749,0.60867223,-0.22196474,0.71743254,0.25600881,0.06342392,-0.00432443,-0.03876293
54758,0.60862545,-0.22195413,0.71747541,0.25600914,0.06342392,-0.00432443,-0.03876293
54765,0.60858774,-0.22195143,0.71750640,0.25601413,0.06342392,-0.00432443,-0.03876293
54772,0.60856003,-0.22194385,0.71753001,0.25602035,0.06342392,-0.00432443,-0.03876293
54778,0.60853409,-0.22193651,0.71755304,0.25602376,0.06342392,-0.00432443,-0.03876293
54787,0.60849485,-0.22192704,0.71758513,0.25603554,0.06342392,-0.00432443,-0.03876293
54793,0.60846652,-0.22191689,0.71761064,0.25604012,0.06342392,-0.00432443,-0.03876293
54800,0.60843944,-0.22190766,0.71763410,0.25604715,0.06342392,-0.00432443,-0.03876293
54810,0.60838942,-0.22189056,0.71768064,0.25604968,0.06342392,-0.00432443,-0.03876293
54817,0.60836434,-0.22188150,0.71770324,0.25605397,0.06342392,-0.00432443,-0.03876293
54823,0.60833144,-0.22186603,0.71773538,0.25605516,0.06342392,-0.00432443,-0.03876293
54829,0.60830802,-0.22185328,0.71775727,0.25606105,0.06342392,-0.00432443,-0.03876293
54836,0.60827255,-0.22184164,0.71778821,0.25606851,0.06342392,-0.00432443,-0.03876293
54842,0.60824589,-0.22182865,0.71781291,0.25607376,0.06342392,-0.00432443,-0.03876293
54852,0.60821065,-0.22181305,0.71784515,0.25608060,0.06342392,-0.00432443,-0.03876293
54858,0.60818648,-0.22180063,0.71786813,0.25608434,0.06342392,-0.00432443,-0.03876293
54866,0.60815153,-0.22179653,0.71789808,0.25608708,0.06342392,-0.00432443,-0.03876293
54875,0.60810413,-0.22178986,0.71793799,0.25609369,0.06342392,-0.00432443,-0.03876293
54882,0.60807743,-0.22178883,0.71795725,0.25610387,0.06342392,-0.00432443,-0.03876293
54889,0.60804848,-0.22178330,0.71798062,0.25611166,0.06342392,-0.00432443,-0.03876293
54898,0.60800981,-0.22177953,0.71801142,0.25612034,0.06342392,-0.00432443,-0.03876293
54905,0.60797600,-0.22176682,0.71804041,0.25613043,0.06342392,-0.00432443,-0.03876293
54914,0.60793695,-0.22175514,0.71807336,0.25614070,0.06342392,-0.00432443,-0.03876293
54920,0.60791425,-0.22174746,0.71809315,0.25614597,0.06342392,-0.00432443,-0.03876293
54926,0.60789031,-0.22174077,0.71811504,0.25614726,0.06342392,-0.00432443,-0.03876293
54933,0.60785760,-0.22173290,0.71814055,0.25616021,0.06342392,-0.00432443,-0.03876293
54942,0.60781626,-0.22172572,0.71817741,0.25616102,0.06342392,-0.00432443,-0.03876293
54952,0.60777997,-0.22171499,0.71820764,0.25617122,0.06342392,-0.00432443,-0.03876293
54958,0.60775418,-0.22170047,0.71823329,0.25617384,0.06342392,-0.00432443,-0.03876293
54964,0.60772991,-0.22169322,0.71825485,0.25617671,0.06342392,-0.00432443,-0.03876293
54971,0.60769391,-0.22168571,0.71828393,0.25618743,0.06342392,-0.00432443,-0.03876293
54980,0.60765504,-0.22167229,0.71831674,0.25619933,0.06342392,-0.00432443,-0.03876293
54987,0.60762653,-0.22166266,0.71834158,0.25620558,0.06342392,-0.00432443,-0.03876293
54994,0.60759773,-0.22165606,0.71836338,0.25621867,0.06342392,-0.00432443,-0.03876293
55000,0.60756449,-0.22165150,0.71839046,0.25622529,0.06342392,-0.00432443,-0.03876293
55009,0.60752649,-0.22164382,0.71842250,0.25623166,0.06342392,-0.00432443,-0.03876293
55015,0.60750608,-0.22163777,0.71843852,0.25624074,0.06342392,-0.00432443,-0.03876293
55024,0.60746722,-0.22162594,0.71846971,0.25625526,0.06342392,-0.00432443,-0.03876293
55031,0.60743570,-0.22161564,0.71849780,0.25626089,0.06342392,-0.00432443,-0.03876293
55038,0.60740518,-0.22160201,0.71852540,0.25626749,0.06342392,-0.00432443,-0.03876293
55047,0.60736222,-0.22159726,0.71855983,0.25627684,0.06342392,-0.00432443,-0.03876293
55053,0.60733375,-0.22159399,0.71858429,0.25627827,0.06342392,-0.00432443,-0.03876293
55060,0.60730366,-0.22158691,0.71861114,0.25628037,0.06342392,-0.00432443,-0.03876293
55068,0.60726919,-0.22157206,0.71864004,0.25629386,0.06342392,-0.00432443,-0.03876293
55078,0.60722489,-0.22155671,0.71867694,0.25630891,0.06342392,-0.00432443,-0.03876293
55084,0.60719938,-0.22154755,0.71869878,0.25631544,0.06342392,-0.00432443,-0.03876293
55093,0.60715942,-0.22154161,0.71873493,0.25631430,0.06342392,-0.00432443,-0.03876293
55099,0.60712838,-0.22153127,0.71876316,0.25631780,0.06342392,-0.00432443,-0.03876293
55108,0.60708527,-0.22152385,0.71879701,0.25633106,0.06342392,-0.00432443,-0.03876293
55115,0.60705165,-0.22151181,0.71882448,0.25634384,0.06342392,-0.00432443,-0.03876293
55124,0.60701298,-0.22150599,0.71885585,0.25635256,0.06342392,-0.00432443,-0.03876293
55130,0.60698599,-0.22149930,0.71887726,0.25636258,0.06342392,-0.00432443,-0.03876293
55137,0.60696125,-0.22148571,0.71890063,0.25636763,0.06342392,-0.00432443,-0.03876293
55146,0.60692744,-0.22147397,0.71893191,0.25636992,0.06342392,-0.00432443,-0.03876293
55152,0.60690383,-0.22146334,0.71895370,0.25637385,0.06342392,-0.00432443,-0.03876293
55161,0.60686321,-0.22146036,0.71898422,0.25638666,0.06342392,-0.00432443,-0.03876293
55170,0.60682382,-0.22144629,0.71902041,0.25639071,0.06342392,-0.00432443,-0.03876293
55180,0.60677824,-0.22143828,0.71905918,0.25639672,0.06342392,-0.00432443,-0.03876293
55186,0.60675077,-0.22142877,0.71908421,0.25639965,0.06342392,-0.00432443,-0.03876293
55193,0.60672135,-0.22142279,0.71910924,0.25640454,0.06342392,-0.00432443,-0.03876293
55200,0.60668969,-0.22141573,0.71913533,0.25641193,0.06342392,-0.00432443,-0.03876293
55209,0.60664219,-0.22140746,0.71917271,0.25642678,0.06342392,-0.00432443,-0.03876293
55216,0.60661392,-0.22139811,0.71919612,0.25643572,0.06342392,-0.00432443,-0.03876293
55222,0.60658693,-0.22138934,0.71921916,0.25644299,0.06342392,-0.00432443,-0.03876293
55228,0.60656185,-0.22137975,0.71924238,0.25644531,0.06342392,-0.00432443,-0.03876293
55237,0.60651850,-0.22136902,0.71927714,0.25646014,0.06342392,-0.00432443,-0.03876293
55244,0.60648384,-0.22136445,0.71930398,0.25647070,0.06342392,-0.00432443,-0.03876293
55252,0.60644869,-0.22134678,0.71933546,0.25648069,0.06342392,-0.00432443,-0.03876293
55258,0.60642080,-0.22133631,0.71936073,0.25648436,0.06342392,-0.00432443,-0.03876293
55264,0.60639624,-0.22132918,0.71938076,0.25649285,0.06342392,-0.00432443,-0.03876293
55275,0.60634202,-0.22130854,0.71942796,0.25650663,0.06342392,-0.00432443,-0.03876293
55282,0.60630846,-0.22129442,0.71945781,0.25651407,0.06342392,-0.00432443,-0.03876293
55288,0.60627918,-0.22129311,0.71948165,0.25651736,0.06342392,-0.00432443,-0.03876293
55297,0.60623669,-0.22127909,0.71951780,0.25652859,0.06342392,-0.00432443,-0.03876293
55306,0.60618615,-0.22126626,0.71955900,0.25654327,0.06342392,-0.00432443,-0.03876293
55313,0.60615630,-0.22125623,0.71958398,0.25655233,0.06342392,-0.00432443,-0.03876293
55320,0.60612306,-0.22124841,0.71961016,0.25656461,0.06342392,-0.00432443,-0.03876293
55326,0.60609683,-0.22124018,0.71963386,0.25656721,0.06342392,-0.00432443,-0.03876293
55332,0.60606861,-0.22122967,0.71965980,0.25657029,0.06342392,-0.00432443,-0.03876293
55342,0.60603070,-0.22121138,0.71969432,0.25657873,0.06342392,-0.00432443,-0.03876293
55349,0.60600285,-0.22120542,0.71971440,0.25659275,0.06342392,-0.00432443,-0.03876293
55355,0.60597105,-0.22119686,0.71974062,0.25660192,0.06342392,-0.00432443,-0.03876293
55361,0.60594549,-0.22119095,0.71976070,0.25661146,0.06342392,-0.00432443,-0.03876293
55370,0.60590381,-0.22118105,0.71979708,0.25661599,0.06342392,-0.00432443,-0.03876293
55379,0.60586972,-0.22116799,0.71982746,0.25662276,0.06342392,-0.00432443,-0.03876293
55391,0.60581121,-0.22115001,0.71987571,0.25664110,0.06342392,-0.00432443,-0.03876293
55397,0.60578207,-0.22113797,0.71990008,0.25665166,0.06342392,-0.00432443,-0.03876293
55406,0.60573983,-0.22112836,0.71993570,0.25665965,0.06342392,-0.00432443,-0.03876293
55412,0.60570983,-0.22112777,0.71995921,0.25666511,0.06342392,-0.00432443,-0.03876293
55419,0.60567836,-0.22112107,0.71998453,0.25667419,0.06342392,-0.00432443,-0.03876293
55425,0.60565190,-0.22111427,0.72000637,0.25668120,0.06342392,-0.00432443,-0.03876293
55434,0.60560503,-0.22110269,0.72004647,0.25668904,0.06342392,-0.00432443,-0.03876293
55443,0.60556931,-0.22109606,0.72007732,0.25669250,0.06342392,-0.00432443,-0.03876293
55450,0.60553741,-0.22108693,0.72010698,0.25669300,0.06342392,-0.00432443,-0.03876293
55458,0.60550093,-0.22107930,0.72013902,0.25669503,0.06342392,-0.00432443,-0.03876293
55465,0.60546932,-0.22106938,0.72016615,0.25670206,0.06342392,-0.00432443,-0.03876293
55476,0.60541877,-0.22106277,0.72020816,0.25670938,0.06342392,-0.00432443,-0.03876293
55483,0.60538406,-0.22105398,0.72023611,0.25672049,0.06342392,-0.00432443,-0.03876293
55490,0.60535383,-0.22104263,0.72026247,0.25672733,0.06342392,-0.00432443,-0.03876293
55496,0.60532789,-0.22103669,0.72028408,0.25673308,0.06342392,-0.00432443,-0.03876293
55505,0.60529141,-0.22102129,0.72031660,0.25674140,0.06342392,-0.00432443,-0.03876293
55511,0.60526347,-0.22101802,0.72033810,0.25674943,0.06342392,-0.00432443,-0.03876293
55521,0.60522532,-0.22100291,0.72037115,0.25675930,0.06342392,-0.00432443,-0.03876293
55530,0.60518689,-0.22099537,0.72040328,0.25676636,0.06342392,-0.00432443,-0.03876293
55536,0.60516185,-0.22098553,0.72042760,0.25676574,0.06342392,-0.00432443,-0.03876293
55545,0.60512142,-0.22097575,0.72046346,0.25676898,0.06342392,-0.00432443,-0.03876293
55551,0.60509119,-0.22096688,0.72048907,0.25677580,0.06342392,-0.00432443,-0.03876293
55558,0.60506143,-0.22095458,0.72051677,0.25677900,0.06342392,-0.00432443,-0.03876293
55567,0.60502319,-0.22094593,0.72054872,0.25678672,0.06342392,-0.00432443,-0.03876293
55576,0.60498380,-0.22094068,0.72058224,0.25679013,0.06342392,-0.00432443,-0.03876293
55582,0.60495872,-0.22093381,0.72060289,0.25679726,0.06342392,-0.00432443,-0.03876293
55589,0.60493111,-0.22092270,0.72062630,0.25680580,0.06342392,-0.00432443,-0.03876293
55595,0.60490102,-0.22091464,0.72065072,0.25681557,0.06342392,-0.00432443,-0.03876293
55605,0.60485410,-0.22090861,0.72068986,0.25682106,0.06342392,-0.00432443,-0.03876293
55613,0.60480947,-0.22090120,0.72072753,0.25682678,0.06342392,-0.00432443,-0.03876293
55619,0.60477848,-0.22090024,0.72075252,0.25683069,0.06342392,-0.00432443,-0.03876293
55626,0.60474195,-0.22089464,0.72078046,0.25684304,0.06342392,-0.00432443,-0.03876293
55632,0.60471649,-0.22088127,0.72080373,0.25684916,0.06342392,-0.00432443,-0.03876293
55641,0.60467939,-0.22085912,0.72083301,0.25687332,0.06342392,-0.00432443,-0.03876293
55647,0.60465149,-0.22085430,0.72085542,0.25688040,0.06342392,-0.00432443,-0.03876293
55657,0.60461001,-0.22083418,0.72089076,0.25689599,0.06342392,-0.00432443,-0.03876293
55663,0.60458498,-0.22082471,0.72091217,0.25690317,0.06342392,-0.00432443,-0.03876293
55672,0.60454788,-0.22081017,0.72094593,0.25690822,0.06342392,-0.00432443,-0.03876293
55681,0.60450596,-0.22079882,0.72098188,0.25691590,0.06342392,-0.00432443,-0.03876293
55688,0.60447363,-0.22078673,0.72100834,0.25692758,0.06342392,-0.00432443,-0.03876293
55695,0.60444917,-0.22077949,0.72103071,0.25692896,0.06342392,-0.00432443,-0.03876293
55707,0.60438814,-0.22076258,0.72107973,0.25694916,0.06342392,-0.00432443,-0.03876293
55713,0.60436420,-0.22075483,0.72110042,0.25695414,0.06342392,-0.00432443,-0.03876293
55720,0.60433263,-0.22074744,0.72112851,0.25695610,0.06342392,-0.00432443,-0.03876293
55726,0.60430135,-0.22074198,0.72115316,0.25696525,0.06342392,-0.00432443,-0.03876293
55733,0.60427312,-0.22073018,0.72117815,0.25697121,0.06342392,-0.00432443,-0.03876293
55741,0.60424098,-0.22072353,0.72120552,0.25697617,0.06342392,-0.00432443,-0.03876293
55750,0.60420217,-0.22071816,0.72123436,0.25699088,0.06342392,-0.00432443,-0.03876293
55757,0.60417361,-0.22070965,0.72125930,0.25699546,0.06342392,-0.00432443,-0.03876293
55763,0.60414843,-0.22070603,0.72127952,0.25700113,0.06342392,-0.00432443,-0.03876293
55772,0.60410923,-0.22069406,0.72130966,0.25701882,0.06342392,-0.00432443,-0.03876293
55778,0.60407972,-0.22069163,0.72133426,0.25702114,0.06342392,-0.00432443,-0.03876293
55785,0.60405149,-0.22068021,0.72135829,0.25703001,0.06342392,-0.00432443,-0.03876293
55794,0.60400962,-0.22066912,0.72139415,0.25703713,0.06342392,-0.00432443,-0.03876293
55803,0.60396904,-0.22066478,0.72142462,0.25705084,0.06342392,-0.00432443,-0.03876293
55809,0.60394334,-0.22065820,0.72144622,0.25705609,0.06342392,-0.00432443,-0.03876293
55818,0.60390663,-0.22064738,0.72147660,0.25706636,0.06342392,-0.00432443,-0.03876293
55824,0.60387711,-0.22063543,0.72150325,0.25707120,0.06342392,-0.00432443,-0.03876293
55831,0.60385012,-0.22062606,0.72152824,0.25707240,0.06342392,-0.00432443,-0.03876293
55841,0.60379843,-0.22060797,0.72157530,0.25707733,0.06342392,-0.00432443,-0.03876293
55847,0.60377068,-0.22059926,0.72159886,0.25708384,0.06342392,-0.00432443,-0.03876293
55854,0.60373783,-0.22058982,0.72162714,0.25708985,0.06342392,-0.00432443,-0.03876293
55860,0.60371446,-0.22058343,0.72164716,0.25709378,0.06342392,-0.00432443,-0.03876293
55869,0.60367498,-0.22057130,0.72168169,0.25709984,0.06342392,-0.00432443,-0.03876293
55875,0.60364575,-0.22056391,0.72170600,0.25710635,0.06342392,-0.00432443,-0.03876293
55887,0.60358924,-0.22056026,0.72175273,0.25711133,0.06342392,-0.00432443,-0.03876293
55896,0.60355033,-0.22054982,0.72178611,0.25711779,0.06342392,-0.00432443,-0.03876293
55903,0.60351800,-0.22053828,0.72181367,0.25712656,0.06342392,-0.00432443,-0.03876293
55909,0.60349278,-0.22052464,0.72183756,0.25713024,0.06342392,-0.00432443,-0.03876293
55915,0.60346641,-0.22051429,0.72186164,0.25713300,0.06342392,-0.00432443,-0.03876293
55925,0.60342330,-0.22050950,0.72189478,0.25714561,0.06342392,-0.00432443,-0.03876293
55934,0.60337953,-0.22050192,0.72192883,0.25715925,0.06342392,-0.00432443,-0.03876293
55940,0.60335402,-0.22049384,0.72195010,0.25716633,0.06342392,-0.00432443,-0.03876293
55946,0.60332527,-0.22048671,0.72197494,0.25717017,0.06342392,-0.00432443,-0.03876293
55953,0.60329270,-0.22047622,0.72200326,0.25717592,0.06342392,-0.00432443,-0.03876293
55962,0.60325222,-0.22046835,0.72203755,0.25718135,0.06342392,-0.00432443,-0.03876293
55970,0.60321207,-0.22046079,0.72207207,0.25718502,0.06342392,-0.00432443,-0.03876293
55976,0.60318737,-0.22045345,0.72209334,0.25718955,0.06342392,-0.00432443,-0.03876293
55982,0.60316162,-0.22044250,0.72211627,0.25719494,0.06342392,-0.00432443,-0.03876293
55989,0.60312743,-0.22043735,0.72214546,0.25719742,0.06342392,-0.00432443,-0.03876293
55998,0.60308642,-0.22042446,0.72218127,0.25720417,0.06342392,-0.00432443,-0.03876293
56004,0.60306167,-0.22041568,0.72220253,0.25721013,0.06342392,-0.00432443,-0.03876293
56013,0.60301775,-0.22040052,0.72223920,0.25722336,0.06342392,-0.00432443,-0.03876293
56020,0.60298509,-0.22039394,0.72226614,0.25723004,0.06342392,-0.00432443,-0.03876293
56029,0.60294823,-0.22038753,0.72229337,0.25724530,0.06342392,-0.00432443,-0.03876293
56038,0.60290870,-0.22037639,0.72232718,0.25725235,0.06342392,-0.00432443,-0.03876293
56044,0.60288362,-0.22036867,0.72234897,0.25725672,0.06342392,-0.00432443,-0.03876293
56050,0.60285191,-0.22036597,0.72237377,0.25726351,0.06342392,-0.00432443,-0.03876293
56060,0.60280876,-0.22034626,0.72241439,0.25726761,0.06342392,-0.00432443,-0.03876293
56069,0.60276722,-0.22034077,0.72244935,0.25727140,0.06342392,-0.00432443,-0.03876293
56075,0.60274248,-0.22033598,0.72246799,0.25728106,0.06342392,-0.00432443,-0.03876293
56081,0.60271472,-0.22033262,0.72249078,0.25728487,0.06342392,-0.00432443,-0.03876293
56090,0.60267930,-0.22032885,0.72252058,0.25728735,0.06342392,-0.00432443,-0.03876293
56098,0.60264263,-0.22031965,0.72255115,0.25729551,0.06342392,-0.00432443,-0.03876293
56106,0.60261321,-0.22030661,0.72257752,0.25730202,0.06342392,-0.00432443,-0.03876293
56115,0.60257697,-0.22029290,0.72260861,0.25731098,0.06342392,-0.00432443,-0.03876293
56121,0.60255141,-0.22028543,0.72263088,0.25731458,0.06342392,-0.00432443,-0.03876293
56130,0.60251617,-0.22028269,0.72266011,0.25731716,0.06342392,-0.00432443,-0.03876293
56137,0.60248718,-0.22027246,0.72268514,0.25732350,0.06342392,-0.00432443,-0.03876293
56143,0.60246191,-0.22026662,0.72270469,0.25733318,0.06342392,-0.00432443,-0.03876293
56152,0.60243034,-0.22024731,0.72273449,0.25733995,0.06342392,-0.00432443,-0.03876293
56159,0.60240373,-0.22023794,0.72275915,0.25734105,0.06342392,-0.00432443,-0.03876293
56167,0.60237092,-0.22022845,0.72278885,0.25734219,0.06342392,-0.00432443,-0.03876293
56174,0.60233821,-0.22022027,0.72281575,0.25735015,0.06342392,-0.00432443,-0.03876293
56183,0.60229425,-0.22021632,0.72285156,0.25735588,0.06342392,-0.00432443,-0.03876293
56190,0.60226173,-0.22020940,0.72287673,0.25736703,0.06342392,-0.00432443,-0.03876293
56200,0.60222358,-0.22019360,0.72290921,0.25737905,0.06342392,-0.00432443,-0.03876293
56206,0.60219049,-0.22019133,0.72293567,0.25738368,0.06342392,-0.00432443,-0.03876293
56212,0.60215673,-0.22018425,0.72296428,0.25738825,0.06342392,-0.00432443,-0.03876293
56219,0.60212535,-0.22017970,0.72299022,0.25739288,0.06342392,-0.00432443,-0.03876293
56228,0.60208578,-0.22016818,0.72302398,0.25740053,0.06342392,-0.00432443,-0.03876293
56234,0.60205178,-0.22016313,0.72305226,0.25740489,0.06342392,-0.00432443,-0.03876293
56243,0.60200905,-0.22015314,0.72308535,0.25742039,0.06342392,-0.00432443,-0.03876293
56250,0.60197658,-0.22014260,0.72311124,0.25743272,0.06342392,-0.00432443,-0.03876293
56259,0.60193128,-0.22013084,0.72314701,0.25744824,0.06342392,-0.00432443,-0.03876293
56266,0.60190162,-0.22012143,0.72317228,0.25745420,0.06342392,-0.00432443,-0.03876293
56272,0.60187191,-0.22011563,0.72319564,0.25746302,0.06342392,-0.00432443,-0.03876293
56278,0.60184264,-0.22011046,0.72322120,0.25746462,0.06342392,-0.00432443,-0.03876293
56288,0.60179433,-0.22009427,0.72326326,0.25747323,0.06342392,-0.00432443,-0.03876293
56299,0.60175237,-0.22007236,0.72330002,0.25748662,0.06342392,-0.00432443,-0.03876293
56305,0.60172500,-0.22006559,0.72332468,0.25748701,0.06342392,-0.00432443,-0.03876293
56312,0.60169124,-0.22006483,0.72335033,0.25749459,0.06342392,-0.00432443,-0.03876293
56318,0.60166091,-0.22005839,0.72337584,0.25749931,0.06342392,-0.00432443,-0.03876293
56329,0.60161466,-0.22004935,0.72341442,0.25750648,0.06342392,-0.00432443,-0.03876293
56335,0.60158643,-0.22004439,0.72343788,0.25751070,0.06342392,-0.00432443,-0.03876293
56342,0.60155415,-0.22003819,0.72346420,0.25751762,0.06342392,-0.00432443,-0.03876293
56348,0.60152482,-0.22003006,0.72348871,0.25752420,0.06342392,-0.00432443,-0.03876293
56355,0.60148935,-0.22002456,0.72351689,0.25753269,0.06342392,-0.00432443,-0.03876293
56364,0.60145320,-0.22001540,0.72354817,0.25753712,0.06342392,-0.00432443,-0.03876293
56371,0.60141220,-0.22000737,0.72357888,0.25755343,0.06342392,-0.00432443,-0.03876293
56378,0.60138392,-0.21999769,0.72360177,0.25756323,0.06342392,-0.00432443,-0.03876293
56384,0.60135354,-0.21999597,0.72362656,0.25756621,0.06342392,-0.00432443,-0.03876293
56399,0.60128374,-0.21996419,0.72368717,0.25758590,0.06342392,-0.00432443,-0.03876293
56406,0.60125360,-0.21995859,0.72371153,0.25759255,0.06342392,-0.00432443,-0.03876293
56412,0.60122685,-0.21995038,0.72373323,0.25760114,0.06342392,-0.00432443,-0.03876293
56422,0.60118179,-0.21994132,0.72376604,0.25762209,0.06342392,-0.00432443,-0.03876293
56431,0.60114517,-0.21993365,0.72379741,0.25762591,0.06342392,-0.00432443,-0.03876293
56437,0.60111517,-0.21993205,0.72382063,0.25763175,0.06342392,-0.00432443,-0.03876293
56443,0.60109109,-0.21992664,0.72384142,0.25763397,0.06342392,-0.00432443,-0.03876293
56450,0.60106372,-0.21991178,0.72386693,0.25763914,0.06342392,-0.00432443,-0.03876293
56456,0.60103654,-0.21990303,0.72389001,0.25764536,0.06342392,-0.00432443,-0.03876293
56466,0.60099115,-0.21988992,0.72392792,0.25765597,0.06342392,-0.00432443,-0.03876293
56475,0.60095782,-0.21987535,0.72395839,0.25766050,0.06342392,-0.00432443,-0.03876293
56481,0.60092945,-0.21986687,0.72398338,0.25766348,0.06342392,-0.00432443,-0.03876293
56488,0.60089631,-0.21985905,0.72401189,0.25766720,0.06342392,-0.00432443,-0.03876293
56496,0.60086083,-0.21985034,0.72404117,0.25767517,0.06342392,-0.00432443,-0.03876293
56505,0.60082125,-0.21984198,0.72407484,0.25767989,0.06342392,-0.00432443,-0.03876293
56514,0.60077419,-0.21982297,0.72411432,0.25769529,0.06342392,-0.00432443,-0.03876293
56521,0.60074481,-0.21981005,0.72414140,0.25769841,0.06342392,-0.00432443,-0.03876293
56529,0.60070252,-0.21980025,0.72417359,0.25771462,0.06342392,-0.00432443,-0.03876293
56536,0.60066785,-0.21978802,0.72420268,0.25772433,0.06342392,-0.00432443,-0.03876293
56542,0.60064153,-0.21978540,0.72422385,0.25772800,0.06342392,-0.00432443,-0.03876293
56551,0.60060124,-0.21977458,0.72425694,0.25773870,0.06342392,-0.00432443,-0.03876293
56559,0.60057258,-0.21976737,0.72428112,0.25774371,0.06342392,-0.00432443,-0.03876293
56565,0.60054016,-0.21976525,0.72430653,0.25774974,0.06342392,-0.00432443,-0.03876293
56572,0.60051198,-0.21975548,0.72433161,0.25775284,0.06342392,-0.00432443,-0.03876293
56578,0.60048460,-0.21974833,0.72435564,0.25775549,0.06342392,-0.00432443,-0.03876293
56585,0.60045599,-0.21974470,0.72437801,0.25776233,0.06342392,-0.00432443,-0.03876293
56593,0.60042090,-0.21973567,0.72440981,0.25776231,0.06342392,-0.00432443,-0.03876293
56601,0.60038480,-0.21972770,0.72444028,0.25776789,0.06342392,-0.00432443,-0.03876293
56608,0.60035519,-0.21972093,0.72446322,0.25777783,0.06342392,-0.00432443,-0.03876293
56616,0.60032005,-0.21970787,0.72449245,0.25778877,0.06342392,-0.00432443,-0.03876293
56623,0.60028448,-0.21969568,0.72452173,0.25779972,0.06342392,-0.00432443,-0.03876293
56630,0.60025358,-0.21968364,0.72454881,0.25780568,0.06342392,-0.00432443,-0.03876293
56636,0.60022263,-0.21967830,0.72457485,0.25780916,0.06342392,-0.00432443,-0.03876293
56645,0.60018501,-0.21966056,0.72460470,0.25782754,0.06342392,-0.00432443,-0.03876293
56652,0.60015077,-0.21965308,0.72463154,0.25783846,0.06342392,-0.00432443,-0.03876293
56660,0.60011825,-0.21964251,0.72465796,0.25784876,0.06342392,-0.00432443,-0.03876293
56667,0.60008850,-0.21963713,0.72467985,0.25786113,0.06342392,-0.00432443,-0.03876293
56673,0.60005521,-0.21963429,0.72470669,0.25786581,0.06342392,-0.00432443,-0.03876293
56683,0.60000343,-0.21962466,0.72474670,0.25788187,0.06342392,-0.00432443,-0.03876293
56692,0.59996385,-0.21961150,0.72477903,0.25789415,0.06342392,-0.00432443,-0.03876293
56699,0.59993319,-0.21960530,0.72480487,0.25789821,0.06342392,-0.00432443,-0.03876293
56708,0.59989604,-0.21959428,0.72483816,0.25790019,0.06342392,-0.00432443,-0.03876293
56714,0.59986963,-0.21958901,0.72485947,0.25790669,0.06342392,-0.00432443,-0.03876293
56723,0.59982895,-0.21957709,0.72489471,0.25791254,0.06342392,-0.00432443,-0.03876293
56731,0.59979705,-0.21956462,0.72492313,0.25791728,0.06342392,-0.00432443,-0.03876293
56737,0.59977188,-0.21955599,0.72494482,0.25792205,0.06342392,-0.00432443,-0.03876293
56743,0.59974994,-0.21954677,0.72496457,0.25792551,0.06342392,-0.00432443,-0.03876293
56750,0.59971866,-0.21954021,0.72498869,0.25793573,0.06342392,-0.00432443,-0.03876293
56759,0.59967937,-0.21953160,0.72501821,0.25795171,0.06342392,-0.00432443,-0.03876293
56768,0.59963889,-0.21951987,0.72505450,0.25795376,0.06342392,-0.00432443,-0.03876293
56776,0.59960927,-0.21950690,0.72508230,0.25795578,0.06342392,-0.00432443,-0.03876293
56782,0.59958448,-0.21949357,0.72510652,0.25795645,0.06342392,-0.00432443,-0.03876293
56791,0.59954218,-0.21948132,0.72514104,0.25796837,0.06342392,-0.00432443,-0.03876293
56798,0.59950966,-0.21947159,0.72516918,0.25797286,0.06342392,-0.00432443,-0.03876293
56804,0.59948015,-0.21946783,0.72519006,0.25798585,0.06342392,-0.00432443,-0.03876293
56811,0.59945197,-0.21945490,0.72521390,0.25799548,0.06342392,-0.00432443,-0.03876293
56820,0.59940643,-0.21944162,0.72525253,0.25800406,0.06342392,-0.00432443,-0.03876293
56827,0.59937067,-0.21943840,0.72527866,0.25801632,0.06342392,-0.00432443,-0.03876293
56836,0.59932808,-0.21942195,0.72531790,0.25801885,0.06342392,-0.00432443,-0.03876293
56842,0.59930043,-0.21941413,0.72534060,0.25802586,0.06342392,-0.00432443,-0.03876293
56849,0.59927129,-0.21940369,0.72536478,0.25803470,0.06342392,-0.00432443,-0.03876293
56857,0.59922895,-0.21939530,0.72539997,0.25804104,0.06342392,-0.00432443,-0.03876293
56865,0.59919719,-0.21938927,0.72542505,0.25804951,0.06342392,-0.00432443,-0.03876293
56871,0.59917254,-0.21938624,0.72544469,0.25805392,0.06342392,-0.00432443,-0.03876293
56878,0.59913754,-0.21937634,0.72547464,0.25805921,0.06342392,-0.00432443,-0.03876293
56887,0.59909763,-0.21937353,0.72550668,0.25806431,0.06342392,-0.00432443,-0.03876293
56893,0.59906907,-0.21936748,0.72553071,0.25806827,0.06342392,-0.00432443,-0.03876293
56899,0.59904556,-0.21936078,0.72555198,0.25806879,0.06342392,-0.00432443,-0.03876293
56911,0.59898800,-0.21934399,0.72559790,0.25808744,0.06342392,-0.00432443,-0.03876293
56920,0.59895200,-0.21932222,0.72563004,0.25809936,0.06342392,-0.00432443,-0.03876293
56926,0.59892711,-0.21931309,0.72565145,0.25810482,0.06342392,-0.00432443,-0.03876293
56933,0.59889392,-0.21930921,0.72567663,0.25811414,0.06342392,-0.00432443,-0.03876293
56939,0.59886832,-0.21930303,0.72569584,0.25812473,0.06342392,-0.00432443,-0.03876293
56946,0.59883379,-0.21929111,0.72572712,0.25812695,0.06342392,-0.00432443,-0.03876293
56956,0.59879007,-0.21927881,0.72576408,0.25813508,0.06342392,-0.00432443,-0.03876293
56962,0.59876012,-0.21927409,0.72578773,0.25814197,0.06342392,-0.00432443,-0.03876293
56968,0.59873290,-0.21926755,0.72581081,0.25814602,0.06342392,-0.00432443,-0.03876293
56977,0.59869222,-0.21925208,0.72584409,0.25815973,0.06342392,-0.00432443,-0.03876293
56984,0.59866008,-0.21924676,0.72586989,0.25816621,0.06342392,-0.00432443,-0.03876293
56990,0.59863176,-0.21924142,0.72589216,0.25817365,0.06342392,-0.00432443,-0.03876293
57000,0.59858551,-0.21922509,0.72593045,0.25818715,0.06342392,-0.00432443,-0.03876293
57006,0.59855623,-0.21921994,0.72595491,0.25819084,0.06342392,-0.00432443,-0.03876293
57015,0.59851999,-0.21920766,0.72598590,0.25819787,0.06342392,-0.00432443,-0.03876293
57022,0.59848632,-0.21919748,0.72601423,0.25820508,0.06342392,-0.00432443,-0.03876293
57028,0.59845714,-0.21918540,0.72604126,0.25820703,0.06342392,-0.00432443,-0.03876293
57034,0.59842920,-0.21918089,0.72606143,0.25821852,0.06342392,-0.00432443,-0.03876293
57044,0.59838633,-0.21916894,0.72610001,0.25821969,0.06342392,-0.00432443,-0.03876293
57053,0.59834532,-0.21915261,0.72613420,0.25823278,0.06342392,-0.00432443,-0.03876293
57060,0.59831070,-0.21914651,0.72616095,0.25824294,0.06342392,-0.00432443,-0.03876293
57066,0.59828147,-0.21914026,0.72618427,0.25825033,0.06342392,-0.00432443,-0.03876293
57073,0.59824199,-0.21913535,0.72621512,0.25825893,0.06342392,-0.00432443,-0.03876293
57083,0.59819536,-0.21912982,0.72624878,0.25827729,0.06342392,-0.00432443,-0.03876293
57089,0.59817180,-0.21912405,0.72626647,0.25828652,0.06342392,-0.00432443,-0.03876293
57095,0.59814472,-0.21911847,0.72628917,0.25829038,0.06342392,-0.00432443,-0.03876293
57102,0.59811310,-0.21910839,0.72631464,0.25830049,0.06342392,-0.00432443,-0.03876293
57113,0.59806303,-0.21909332,0.72635464,0.25831639,0.06342392,-0.00432443,-0.03876293
57122,0.59802603,-0.21907727,0.72638840,0.25832133,0.06342392,-0.00432443,-0.03876293
57129,0.59798917,-0.21906630,0.72641935,0.25832867,0.06342392,-0.00432443,-0.03876293
57136,0.59795856,-0.21905510,0.72644481,0.25833785,0.06342392,-0.00432443,-0.03876293
57142,0.59793229,-0.21904711,0.72646846,0.25833857,0.06342392,-0.00432443,-0.03876293
57151,0.59789199,-0.21903488,0.72650117,0.25835027,0.06342392,-0.00432443,-0.03876293
57157,0.59786324,-0.21903295,0.72652282,0.25835731,0.06342392,-0.00432443,-0.03876293
57164,0.59782991,-0.21902334,0.72655000,0.25836663,0.06342392,-0.00432443,-0.03876293
57173,0.59778423,-0.21901764,0.72658643,0.25837457,0.06342392,-0.00432443,-0.03876293
57182,0.59773778,-0.21900513,0.72662787,0.25837578,0.06342392,-0.00432443,-0.03876293
57189,0.59770927,-0.21899340,0.72665205,0.25838420,0.06342392,-0.00432443,-0.03876293
57198,0.59766998,-0.21898274,0.72668242,0.25839838,0.06342392,-0.00432443,-0.03876293
57205,0.59763727,-0.21898040,0.72670674,0.25840725,0.06342392,-0.00432443,-0.03876293
57213,0.59760432,-0.21897208,0.72673196,0.25842001,0.06342392,-0.00432443,-0.03876293
57221,0.59756813,-0.21895954,0.72676105,0.25843286,0.06342392,-0.00432443,-0.03876293
57227,0.59754347,-0.21895198,0.72678065,0.25844078,0.06342392,-0.00432443,-0.03876293
57234,0.59750719,-0.21894726,0.72680716,0.25845420,0.06342392,-0.00432443,-0.03876293
57240,0.59748024,-0.21893904,0.72683067,0.25845754,0.06342392,-0.00432443,-0.03876293
57249,0.59743237,-0.21892061,0.72687058,0.25847115,0.06342392,-0.00432443,-0.03876293
57255,0.59740405,-0.21891279,0.72689523,0.25847377,0.06342392,-0.00432443,-0.03876293
57265,0.59736347,-0.21890492,0.72692561,0.25848913,0.06342392,-0.00432443,-0.03876293
57271,0.59733867,-0.21889944,0.72694587,0.25849418,0.06342392,-0.00432443,-0.03876293
57283,0.59728865,-0.21888051,0.72699017,0.25850105,0.06342392,-0.00432443,-0.03876293
57289,0.59725956,-0.21887805,0.72701258,0.25850727,0.06342392,-0.00432443,-0.03876293
57296,0.59722557,-0.21887300,0.72703819,0.25851831,0.06342392,-0.00432443,-0.03876293
57302,0.59719872,-0.21886208,0.72706117,0.25852446,0.06342392,-0.00432443,-0.03876293
57314,0.59714050,-0.21884586,0.72711019,0.25853495,0.06342392,-0.00432443,-0.03876293
57320,0.59711208,-0.21883573,0.72713661,0.25853509,0.06342392,-0.00432443,-0.03876293
57327,0.59707946,-0.21882839,0.72716560,0.25853528,0.06342392,-0.00432443,-0.03876293
57333,0.59705071,-0.21882207,0.72718882,0.25854120,0.06342392,-0.00432443,-0.03876293
57342,0.59700956,-0.21881728,0.72722253,0.25854527,0.06342392,-0.00432443,-0.03876293
57349,0.59697813,-0.21880645,0.72724838,0.25855467,0.06342392,-0.00432443,-0.03876293
57356,0.59694075,-0.21880118,0.72727799,0.25856246,0.06342392,-0.00432443,-0.03876293
57363,0.59690465,-0.21879360,0.72730684,0.25857088,0.06342392,-0.00432443,-0.03876293
57369,0.59687476,-0.21878609,0.72733230,0.25857434,0.06342392,-0.00432443,-0.03876293
57378,0.59683394,-0.21877064,0.72736783,0.25858178,0.06342392,-0.00432443,-0.03876293
57384,0.59680657,-0.21876411,0.72739067,0.25858626,0.06342392,-0.00432443,-0.03876293
57396,0.59675364,-0.21874551,0.72743411,0.25860211,0.06342392,-0.00432443,-0.03876293
57404,0.59671258,-0.21873915,0.72746872,0.25860455,0.06342392,-0.00432443,-0.03876293
57413,0.59667272,-0.21872673,0.72750253,0.25861182,0.06342392,-0.00432443,-0.03876293
57420,0.59664006,-0.21871783,0.72752933,0.25861964,0.06342392,-0.00432443,-0.03876293
57426,0.59661521,-0.21871204,0.72755098,0.25862059,0.06342392,-0.00432443,-0.03876293
57433,0.59659042,-0.21870219,0.72757234,0.25862660,0.06342392,-0.00432443,-0.03876293
57439,0.59655594,-0.21869776,0.72759966,0.25863277,0.06342392,-0.00432443,-0.03876293
57449,0.59650444,-0.21867856,0.72764606,0.25863730,0.06342392,-0.00432443,-0.03876293
57455,0.59647865,-0.21867108,0.72766647,0.25864565,0.06342392,-0.00432443,-0.03876293
57462,0.59644613,-0.21866569,0.72769122,0.25865533,0.06342392,-0.00432443,-0.03876293
57468,0.59641733,-0.21865861,0.72771492,0.25866169,0.06342392,-0.00432443,-0.03876293
57477,0.59637331,-0.21864488,0.72774810,0.25868110,0.06342392,-0.00432443,-0.03876293
57485,0.59633755,-0.21863336,0.72777771,0.25868983,0.06342392,-0.00432443,-0.03876293
57491,0.59630537,-0.21862239,0.72780423,0.25869898,0.06342392,-0.00432443,-0.03876293
57498,0.59627504,-0.21861324,0.72782821,0.25870893,0.06342392,-0.00432443,-0.03876293
57507,0.59623498,-0.21860084,0.72786183,0.25871717,0.06342392,-0.00432443,-0.03876293
57515,0.59619674,-0.21858742,0.72789311,0.25872838,0.06342392,-0.00432443,-0.03876293
57522,0.59616556,-0.21858189,0.72791776,0.25873551,0.06342392,-0.00432443,-0.03876293
57534,0.59610195,-0.21857743,0.72796459,0.25875430,0.06342392,-0.00432443,-0.03876293
57543,0.59606313,-0.21855368,0.72799882,0.25876736,0.06342392,-0.00432443,-0.03876293
57550,0.59603123,-0.21854643,0.72802357,0.25877740,0.06342392,-0.00432443,-0.03876293
57556,0.59600200,-0.21854283,0.72804546,0.25878639,0.06342392,-0.00432443,-0.03876293
57565,0.59596014,-0.21852970,0.72807750,0.25880346,0.06342392,-0.00432443,-0.03876293
57571,0.59593029,-0.21852135,0.72810168,0.25881159,0.06342392,-0.00432443,-0.03876293
57581,0.59587965,-0.21851766,0.72814064,0.25882170,0.06342392,-0.00432443,-0.03876293
57588,0.59585256,-0.21851723,0.72816138,0.25882592,0.06342392,-0.00432443,-0.03876293
57594,0.59582233,-0.21850459,0.72818841,0.25883016,0.06342392,-0.00432443,-0.03876293
57600,0.59579520,-0.21849508,0.72821183,0.25883457,0.06342392,-0.00432443,-0.03876293
57609,0.59575805,-0.21848206,0.72824211,0.25884575,0.06342392,-0.00432443,-0.03876293
57615,0.59573197,-0.21847627,0.72826499,0.25884625,0.06342392,-0.00432443,-0.03876293
57625,0.59568262,-0.21846268,0.72830543,0.25885748,0.06342392,-0.00432443,-0.03876293
57634,0.59564280,-0.21845223,0.72833609,0.25887167,0.06342392,-0.00432443,-0.03876293
57641,0.59561200,-0.21844437,0.72836332,0.25887308,0.06342392,-0.00432443,-0.03876293
57647,0.59558639,-0.21843907,0.72838449,0.25887691,0.06342392,-0.00432443,-0.03876293
57653,0.59555268,-0.21843252,0.72841014,0.25888788,0.06342392,-0.00432443,-0.03876293
57660,0.59552149,-0.21842608,0.72843704,0.25888915,0.06342392,-0.00432443,-0.03876293
57669,0.59548215,-0.21841094,0.72846941,0.25890100,0.06342392,-0.00432443,-0.03876293
57678,0.59544515,-0.21839473,0.72850270,0.25890650,0.06342392,-0.00432443,-0.03876293
57685,0.59541234,-0.21838657,0.72852945,0.25891351,0.06342392,-0.00432443,-0.03876293
57691,0.59538383,-0.21837301,0.72855591,0.25891635,0.06342392,-0.00432443,-0.03876293
57698,0.59535460,-0.21836950,0.72857742,0.25892581,0.06342392,-0.00432443,-0.03876293
57707,0.59531502,-0.21835927,0.72860870,0.25893702,0.06342392,-0.00432443,-0.03876293
57717,0.59526963,-0.21834354,0.72864599,0.25894994,0.06342392,-0.00432443,-0.03876293
57723,0.59524602,-0.21833090,0.72866516,0.25896108,0.06342392,-0.00432443,-0.03876293
57730,0.59521398,-0.21831817,0.72869262,0.25896768,0.06342392,-0.00432443,-0.03876293
57739,0.59517359,-0.21830160,0.72872681,0.25897827,0.06342392,-0.00432443,-0.03876293
57745,0.59514274,-0.21829648,0.72875194,0.25898313,0.06342392,-0.00432443,-0.03876293
57752,0.59511041,-0.21828916,0.72877693,0.25899350,0.06342392,-0.00432443,-0.03876293
57761,0.59506697,-0.21828322,0.72880940,0.25900664,0.06342392,-0.00432443,-0.03876293
57768,0.59503583,-0.21827487,0.72883505,0.25901260,0.06342392,-0.00432443,-0.03876293
57777,0.59500570,-0.21825826,0.72886161,0.25902152,0.06342392,-0.00432443,-0.03876293
57783,0.59497685,-0.21824893,0.72888560,0.25902819,0.06342392,-0.00432443,-0.03876293
57790,0.59494028,-0.21824233,0.72891435,0.25903663,0.06342392,-0.00432443,-0.03876293
57796,0.59490876,-0.21823039,0.72893934,0.25904905,0.06342392,-0.00432443,-0.03876293
57809,0.59484167,-0.21820578,0.72899675,0.25906231,0.06342392,-0.00432443,-0.03876293
57815,0.59481883,-0.21819701,0.72901601,0.25906803,0.06342392,-0.00432443,-0.03876293
57822,0.59478287,-0.21819131,0.72904229,0.25908150,0.06342392,-0.00432443,-0.03876293
57828,0.59475231,-0.21818571,0.72906627,0.25908861,0.06342392,-0.00432443,-0.03876293
57837,0.59471254,-0.21817936,0.72909717,0.25909824,0.06342392,-0.00432443,-0.03876293
57844,0.59467720,-0.21816923,0.72912569,0.25910763,0.06342392,-0.00432443,-0.03876293
57853,0.59463243,-0.21815900,0.72915987,0.25912258,0.06342392,-0.00432443,-0.03876293
57860,0.59459872,-0.21815147,0.72918820,0.25912714,0.06342392,-0.00432443,-0.03876293
57866,0.59457154,-0.21814575,0.72921042,0.25913128,0.06342392,-0.00432443,-0.03876293
57875,0.59453001,-0.21812713,0.72924828,0.25913600,0.06342392,-0.00432443,-0.03876293
57881,0.59449744,-0.21811814,0.72927260,0.25914998,0.06342392,-0.00432443,-0.03876293
57891,0.59444565,-0.21811037,0.72931299,0.25916142,0.06342392,-0.00432443,-0.03876293
57897,0.59441976,-0.21810562,0.72933368,0.25916645,0.06342392,-0.00432443,-0.03876293
57906,0.59437613,-0.21809051,0.72937111,0.25917372,0.06342392,-0.00432443,-0.03876293
57912,0.59434623,-0.21808691,0.72939357,0.25918231,0.06342392,-0.00432443,-0.03876293
57924,0.59428830,-0.21807470,0.72944021,0.25919456,0.06342392,-0.00432443,-0.03876293
57930,0.59425950,-0.21806559,0.72946481,0.25919880,0.06342392,-0.00432443,-0.03876293
57940,0.59421129,-0.21805481,0.72950844,0.25919530,0.06342392,-0.00432443,-0.03876293
57946,0.59418435,-0.21804382,0.72953195,0.25920023,0.06342392,-0.00432443,-0.03876293
57953,0.59414906,-0.21803698,0.72955946,0.25920960,0.06342392,-0.00432443,-0.03876293
57959,0.59412045,-0.21803052,0.72958240,0.25921597,0.06342392,-0.00432443,-0.03876293
57965,0.59409141,-0.21802468,0.72960538,0.25922296,0.06342392,-0.00432443,-0.03876293
57974,0.59404897,-0.21800851,0.72964339,0.25922667,0.06342392,-0.00432443,-0.03876293
57982,0.59401221,-0.21800377,0.72966885,0.25924346,0.06342392,-0.00432443,-0.03876293
57988,0.59398155,-0.21800284,0.72969079,0.25925245,0.06342392,-0.00432443,-0.03876293
57997,0.59393873,-0.21798522,0.72972826,0.25925998,0.06342392,-0.00432443,-0.03876293
58004,0.59390764,-0.21797742,0.72975277,0.25926871,0.06342392,-0.00432443,-0.03876293
58010,0.59388108,-0.21796708,0.72977495,0.25927627,0.06342392,-0.00432443,-0.03876293
58017,0.59384627,-0.21795382,0.72980222,0.25928952,0.06342392,-0.00432443,-0.03876293
58026,0.59380245,-0.21793971,0.72983932,0.25929765,0.06342392,-0.00432443,-0.03876293
58035,0.59375662,-0.21793091,0.72987833,0.25930049,0.06342392,-0.00432443,-0.03876293
58041,0.59372797,-0.21791813,0.72990202,0.25931015,0.06342392,-0.00432443,-0.03876293
58048,0.59369449,-0.21790821,0.72992792,0.25932188,0.06342392,-0.00432443,-0.03876293
58054,0.59366912,-0.21789710,0.72995109,0.25932397,0.06342392,-0.00432443,-0.03876293
58063,0.59362545,-0.21788723,0.72998771,0.25932922,0.06342392,-0.00432443,-0.03876293
58071,0.59358806,-0.21786911,0.73002095,0.25933666,0.06342392,-0.00432443,-0.03876293
58077,0.59355545,-0.21786208,0.73004717,0.25934352,0.06342392,-0.00432443,-0.03876293
58084,0.59352679,-0.21784863,0.73007326,0.25934653,0.06342392,-0.00432443,-0.03876293
58090,0.59350090,-0.21784121,0.73009438,0.25935266,0.06342392,-0.00432443,-0.03876293
58099,0.59345722,-0.21782782,0.73013124,0.25936026,0.06342392,-0.00432443,-0.03876293
58105,0.59342479,-0.21781837,0.73015727,0.25936918,0.06342392,-0.00432443,-0.03876293
58115,0.59339022,-0.21780183,0.73018827,0.25937473,0.06342392,-0.00432443,-0.03876293
58121,0.59335737,-0.21779000,0.73021674,0.25937950,0.06342392,-0.00432443,-0.03876293
58132,0.59330587,-0.21777358,0.73026046,0.25938832,0.06342392,-0.00432443,-0.03876293
58141,0.59326610,-0.21776363,0.73029370,0.25939428,0.06342392,-0.00432443,-0.03876293
58147,0.59323592,-0.21775956,0.73031625,0.25940294,0.06342392,-0.00432443,-0.03876293
58154,0.59320354,-0.21775059,0.73034315,0.25940859,0.06342392,-0.00432443,-0.03876293
58163,0.59315910,-0.21773788,0.73037919,0.25941944,0.06342392,-0.00432443,-0.03876293
58172,0.59311909,-0.21772265,0.73041276,0.25942947,0.06342392,-0.00432443,-0.03876293
58178,0.59308996,-0.21771225,0.73043813,0.25943331,0.06342392,-0.00432443,-0.03876293
58185,0.59305372,-0.21770148,0.73046774,0.25944151,0.06342392,-0.00432443,-0.03876293
58192,0.59302234,-0.21768243,0.73049783,0.25944483,0.06342392,-0.00432443,-0.03876293
58201,0.59297714,-0.21767168,0.73053431,0.25945448,0.06342392,-0.00432443,-0.03876293
58209,0.59293842,-0.21766445,0.73056454,0.25946402,0.06342392,-0.00432443,-0.03876293
58215,0.59290628,-0.21765403,0.73059167,0.25946955,0.06342392,-0.00432443,-0.03876293
58222,0.59287214,-0.21764788,0.73062205,0.25946731,0.06342392,-0.00432443,-0.03876293
58230,0.59284167,-0.21763072,0.73064880,0.25947608,0.06342392,-0.00432443,-0.03876293
58237,0.59280800,-0.21762485,0.73067426,0.25948596,0.06342392,-0.00432443,-0.03876293
58246,0.59276590,-0.21761255,0.73070821,0.25949671,0.06342392,-0.00432443,-0.03876293
58253,0.59272627,-0.21760685,0.73073844,0.25950679,0.06342392,-0.00432443,-0.03876293
58259,0.59269757,-0.21759426,0.73076190,0.25951716,0.06342392,-0.00432443,-0.03876293
58268,0.59265813,-0.21757616,0.73079566,0.25952708,0.06342392,-0.00432443,-0.03876293
58274,0.59263229,-0.21757302,0.73081760,0.25952746,0.06342392,-0.00432443,-0.03876293
58283,0.59258842,-0.21756467,0.73085126,0.25953936,0.06342392,-0.00432443,-0.03876293
58290,0.59255223,-0.21755836,0.73088049,0.25954499,0.06342392,-0.00432443,-0.03876293
58297,0.59252185,-0.21754550,0.73090653,0.25955224,0.06342392,-0.00432443,-0.03876293
58304,0.59248490,-0.21753880,0.73093585,0.25955903,0.06342392,-0.00432443,-0.03876293
58310,0.59245486,-0.21753268,0.73096079,0.25956292,0.06342392,-0.00432443,-0.03876293
58316,0.59243316,-0.21752817,0.73097782,0.25956792,0.06342392,-0.00432443,-0.03876293
58326,0.59237761,-0.21751351,0.73102421,0.25957660,0.06342392,-0.00432443,-0.03876293
58335,0.59232625,-0.21749956,0.73106508,0.25959033,0.06342392,-0.00432443,-0.03876293
58342,0.59229712,-0.21748433,0.73108987,0.25959970,0.06342392,-0.00432443,-0.03876293
58348,0.59226732,-0.21747977,0.73111429,0.25960304,0.06342392,-0.00432443,-0.03876293
58357,0.59222202,-0.21746330,0.73114962,0.25962078,0.06342392,-0.00432443,-0.03876293
58364,0.59218797,-0.21746220,0.73117475,0.25962803,0.06342392,-0.00432443,-0.03876293
58370,0.59216022,-0.21745610,0.73119592,0.25963706,0.06342392,-0.00432443,-0.03876293
58380,0.59210567,-0.21744356,0.73124074,0.25964567,0.06342392,-0.00432443,-0.03876293
58386,0.59207587,-0.21743705,0.73126525,0.25965013,0.06342392,-0.00432443,-0.03876293
58398,0.59201860,-0.21741225,0.73131484,0.25966200,0.06342392,-0.00432443,-0.03876293
58405,0.59198122,-0.21740775,0.73134212,0.25967378,0.06342392,-0.00432443,-0.03876293
58411,0.59195227,-0.21740505,0.73136401,0.25968053,0.06342392,-0.00432443,-0.03876293
58418,0.59192042,-0.21740443,0.73138880,0.25968360,0.06342392,-0.00432443,-0.03876293
58428,0.59187312,-0.21738972,0.73142833,0.25969271,0.06342392,-0.00432443,-0.03876293
58434,0.59184331,-0.21738400,0.73145294,0.25969612,0.06342392,-0.00432443,-0.03876293
58441,0.59180841,-0.21737337,0.73148136,0.25970439,0.06342392,-0.00432443,-0.03876293
58447,0.59177727,-0.21736633,0.73150701,0.25970921,0.06342392,-0.00432443,-0.03876293
58454,0.59174346,-0.21735560,0.73153252,0.25972347,0.06342392,-0.00432443,-0.03876293
58463,0.59170064,-0.21734235,0.73156876,0.25972983,0.06342392,-0.00432443,-0.03876293
58470,0.59166622,-0.21733601,0.73159413,0.25974173,0.06342392,-0.00432443,-0.03876293
58477,0.59163379,-0.21732728,0.73161926,0.25975232,0.06342392,-0.00432443,-0.03876293
58483,0.59160375,-0.21731724,0.73164358,0.25976076,0.06342392,-0.00432443,-0.03876293
58492,0.59156374,-0.21730556,0.73167538,0.25977191,0.06342392,-0.00432443,-0.03876293
58501,0.59151420,-0.21729919,0.73171544,0.25977742,0.06342392,-0.00432443,-0.03876293
58507,0.59148411,-0.21728839,0.73174166,0.25978093,0.06342392,-0.00432443,-0.03876293
58517,0.59143342,-0.21727342,0.73178529,0.25978612,0.06342392,-0.00432443,-0.03876293
58526,0.59139833,-0.21725649,0.73181886,0.25978543,0.06342392,-0.00432443,-0.03876293
58532,0.59136314,-0.21724948,0.73184752,0.25979075,0.06342392,-0.00432443,-0.03876293
58540,0.59132671,-0.21722931,0.73187980,0.25979950,0.06342392,-0.00432443,-0.03876293
58547,0.59129028,-0.21721949,0.73190889,0.25980896,0.06342392,-0.00432443,-0.03876293
58553,0.59125704,-0.21720883,0.73193683,0.25981478,0.06342392,-0.00432443,-0.03876293
58563,0.59120459,-0.21719172,0.73197865,0.25983052,0.06342392,-0.00432443,-0.03876293
58572,0.59116210,-0.21718213,0.73201365,0.25983672,0.06342392,-0.00432443,-0.03876293
58578,0.59113225,-0.21717038,0.73204035,0.25983943,0.06342392,-0.00432443,-0.03876293
58585,0.59109921,-0.21715784,0.73207068,0.25983955,0.06342392,-0.00432443,-0.03876293
58594,0.59105739,-0.21714663,0.73210639,0.25984337,0.06342392,-0.00432443,-0.03876293
58600,0.59102048,-0.21713891,0.73213715,0.25984735,0.06342392,-0.00432443,-0.03876293
58609,0.59097537,-0.21712479,0.73217515,0.25985422,0.06342392,-0.00432443,-0.03876293
58616,0.59094214,-0.21711454,0.73220109,0.25986530,0.06342392,-0.00432443,-0.03876293
58625,0.59090561,-0.21710247,0.73223071,0.25987539,0.06342392,-0.00432443,-0.03876293
58631,0.59086585,-0.21709125,0.73226256,0.25988492,0.06342392,-0.00432443,-0.03876293
58637,0.59083518,-0.21708128,0.73228883,0.25988910,0.06342392,-0.00432443,-0.03876293
58647,0.59078745,-0.21707165,0.73232555,0.25990223,0.06342392,-0.00432443,-0.03876293
58654,0.59075298,-0.21706187,0.73235349,0.25991008,0.06342392,-0.00432443,-0.03876293
58662,0.59070606,-0.21705358,0.73238792,0.25992650,0.06342392,-0.00432443,-0.03876293
58669,0.59067606,-0.21703975,0.73241586,0.25992774,0.06342392,-0.00432443,-0.03876293
58675,0.59065012,-0.21703281,0.73243751,0.25993132,0.06342392,-0.00432443,-0.03876293
58682,0.59061346,-0.21702980,0.73246307,0.25994482,0.06342392,-0.00432443,-0.03876293
58692,0.59056525,-0.21702105,0.73250298,0.25994920,0.06342392,-0.00432443,-0.03876293
58698,0.59053611,-0.21701548,0.73252658,0.25995378,0.06342392,-0.00432443,-0.03876293
58705,0.59049887,-0.21700363,0.73255786,0.25995967,0.06342392,-0.00432443,-0.03876293
58714,0.59046001,-0.21698861,0.73259210,0.25996422,0.06342392,-0.00432443,-0.03876293
58720,0.59042415,-0.21697585,0.73262219,0.25997133,0.06342392,-0.00432443,-0.03876293
58727,0.59039120,-0.21696677,0.73264794,0.25998148,0.06342392,-0.00432443,-0.03876293
58736,0.59034509,-0.21695902,0.73268179,0.25999727,0.06342392,-0.00432443,-0.03876293
58745,0.59029817,-0.21695287,0.73271970,0.26000204,0.06342392,-0.00432443,-0.03876293
58751,0.59026346,-0.21694574,0.73274807,0.26000690,0.06342392,-0.00432443,-0.03876293
58760,0.59021997,-0.21693053,0.73278131,0.26002454,0.06342392,-0.00432443,-0.03876293
58767,0.59019036,-0.21692647,0.73280339,0.26003293,0.06342392,-0.00432443,-0.03876293
58773,0.59015331,-0.21691689,0.73283157,0.26004552,0.06342392,-0.00432443,-0.03876293
58782,0.59010653,-0.21690056,0.73286943,0.26005885,0.06342392,-0.00432443,-0.03876293
58792,0.59004964,-0.21689195,0.73291325,0.26007170,0.06342392,-0.00432443,-0.03876293
58798,0.59002103,-0.21688454,0.73293781,0.26007342,0.06342392,-0.00432443,-0.03876293
58804,0.58998751,-0.21687750,0.73296542,0.26007752,0.06342392,-0.00432443,-0.03876293
58811,0.58995103,-0.21687128,0.73299365,0.26008591,0.06342392,-0.00432443,-0.03876293
58820,0.58990597,-0.21686341,0.73302788,0.26009802,0.06342392,-0.00432443,-0.03876293
58827,0.58987097,-0.21685209,0.73305792,0.26010224,0.06342392,-0.00432443,-0.03876293
58834,0.58983764,-0.21684863,0.73308272,0.26011090,0.06342392,-0.00432443,-0.03876293
58840,0.58980855,-0.21683344,0.73310804,0.26011776,0.06342392,-0.00432443,-0.03876293
58846,0.58978004,-0.21682765,0.73313131,0.26012206,0.06342392,-0.00432443,-0.03876293
58858,0.58971843,-0.21680901,0.73317832,0.26014449,0.06342392,-0.00432443,-0.03876293
58864,0.58969049,-0.21680517,0.73320031,0.26014952,0.06342392,-0.00432443,-0.03876293
58874,0.58963956,-0.21679096,0.73324179,0.26015963,0.06342392,-0.00432443,-0.03876293
58880,0.58960886,-0.21678326,0.73326582,0.26016817,0.06342392,-0.00432443,-0.03876293
58889,0.58955831,-0.21677567,0.73330535,0.26017770,0.06342392,-0.00432443,-0.03876293
58896,0.58952074,-0.21676514,0.73333520,0.26018733,0.06342392,-0.00432443,-0.03876293
58902,0.58949322,-0.21675758,0.73335676,0.26019530,0.06342392,-0.00432443,-0.03876293
58908,0.58946199,-0.21674842,0.73338222,0.26020150,0.06342392,-0.00432443,-0.03876293
58918,0.58941240,-0.21674046,0.73341865,0.26021800,0.06342392,-0.00432443,-0.03876293
58925,0.58937268,-0.21672956,0.73344964,0.26022980,0.06342392,-0.00432443,-0.03876293
58933,0.58933582,-0.21671171,0.73348116,0.26023912,0.06342392,-0.00432443,-0.03876293
58940,0.58929705,-0.21670043,0.73351292,0.26024687,0.06342392,-0.00432443,-0.03876293
58948,0.58925819,-0.21669161,0.73354473,0.26025249,0.06342392,-0.00432443,-0.03876293
58957,0.58921346,-0.21667819,0.73358259,0.26025793,0.06342392,-0.00432443,-0.03876293
58965,0.58917164,-0.21665737,0.73361897,0.26026759,0.06342392,-0.00432443,-0.03876293
58971,0.58913965,-0.21664950,0.73364357,0.26027736,0.06342392,-0.00432443,-0.03876293
58978,0.58909950,-0.21663663,0.73367509,0.26028981,0.06342392,-0.00432443,-0.03876293
58986,0.58905129,-0.21662096,0.73371462,0.26030092,0.06342392,-0.00432443,-0.03876293
58993,0.58901333,-0.21660778,0.73374624,0.26030879,0.06342392,-0.00432443,-0.03876293
59002,0.58896512,-0.21659941,0.73378462,0.26031656,0.06342392,-0.00432443,-0.03876293
59009,0.58893356,-0.21659600,0.73380999,0.26031918,0.06342392,-0.00432443,-0.03876293
59018,0.58889217,-0.21658775,0.73384284,0.26032707,0.06342392,-0.00432443,-0.03876293
59024,0.58886108,-0.21658148,0.73386688,0.26033475,0.06342392,-0.00432443,-0.03876293
59031,0.58881802,-0.21656951,0.73390059,0.26034715,0.06342392,-0.00432443,-0.03876293
59037,0.58878545,-0.21656618,0.73392391,0.26035773,0.06342392,-0.00432443,-0.03876293
59047,0.58873271,-0.21655187,0.73396592,0.26037068,0.06342392,-0.00432443,-0.03876293
59053,0.58870334,-0.21654183,0.73399076,0.26037507,0.06342392,-0.00432443,-0.03876293
59060,0.58866858,-0.21653375,0.73401780,0.26038451,0.06342392,-0.00432443,-0.03876293
59066,0.58863925,-0.21652302,0.73404355,0.26038668,0.06342392,-0.00432443,-0.03876293
59076,0.58859100,-0.21651175,0.73408222,0.26039645,0.06342392,-0.00432443,-0.03876293
59082,0.58855862,-0.21650841,0.73410654,0.26040387,0.06342392,-0.00432443,-0.03876293
59090,0.58851857,-0.21650295,0.73413696,0.26041312,0.06342392,-0.00432443,-0.03876293
59097,0.58848361,-0.21649565,0.73416271,0.26042575,0.06342392,-0.00432443,-0.03876293
59103,0.58844594,-0.21648712,0.73419475,0.26042721,0.06342392,-0.00432443,-0.03876293
59112,0.58839488,-0.21648819,0.73423027,0.26044142,0.06342392,-0.00432443,-0.03876293
59118,0.58836450,-0.21647734,0.73425521,0.26044943,0.06342392,-0.00432443,-0.03876293
59124,0.58833541,-0.21646263,0.73428220,0.26045095,0.06342392,-0.00432443,-0.03876293
59134,0.58828120,-0.21644802,0.73432497,0.26046500,0.06342392,-0.00432443,-0.03876293
59143,0.58823723,-0.21643896,0.73436088,0.26047081,0.06342392,-0.00432443,-0.03876293
59151,0.58819465,-0.21642694,0.73439445,0.26048212,0.06342392,-0.00432443,-0.03876293
59158,0.58816485,-0.21641471,0.73442077,0.26048521,0.06342392,-0.00432443,-0.03876293
59164,0.58813352,-0.21640820,0.73444557,0.26049137,0.06342392,-0.00432443,-0.03876293
59170,0.58810119,-0.21640398,0.73447113,0.26049599,0.06342392,-0.00432443,-0.03876293
59181,0.58804769,-0.21638603,0.73451347,0.26051189,0.06342392,-0.00432443,-0.03876293
59188,0.58801212,-0.21638031,0.73454136,0.26051907,0.06342392,-0.00432443,-0.03876293
59194,0.58798341,-0.21636977,0.73456439,0.26052727,0.06342392,-0.00432443,-0.03876293
59201,0.58794441,-0.21636106,0.73459663,0.26053154,0.06342392,-0.00432443,-0.03876293
59209,0.58789510,-0.21635088,0.73463554,0.26054177,0.06342392,-0.00432443,-0.03876293
59218,0.58785028,-0.21633973,0.73467416,0.26054310,0.06342392,-0.00432443,-0.03876293
59226,0.58780670,-0.21633365,0.73470640,0.26055548,0.06342392,-0.00432443,-0.03876293
59232,0.58777613,-0.21632483,0.73473176,0.26056053,0.06342392,-0.00432443,-0.03876293
59241,0.58772840,-0.21630814,0.73477134,0.26057054,0.06342392,-0.00432443,-0.03876293
59248,0.58769106,-0.21630330,0.73479976,0.26057848,0.06342392,-0.00432443,-0.03876293
59254,0.58766388,-0.21629498,0.73482365,0.26057922,0.06342392,-0.00432443,-0.03876293
59261,0.58762311,-0.21628484,0.73485465,0.26059246,0.06342392,-0.00432443,-0.03876293
59270,0.58758234,-0.21626553,0.73488721,0.26060807,0.06342392,-0.00432443,-0.03876293
59279,0.58753080,-0.21624684,0.73493194,0.26061389,0.06342392,-0.00432443,-0.03876293
59285,0.58750033,-0.21623733,0.73495550,0.26062395,0.06342392,-0.00432443,-0.03876293
59294,0.58745193,-0.21623175,0.73499112,0.26063733,0.06342392,-0.00432443,-0.03876293
59300,0.58741445,-0.21622273,0.73502058,0.26064634,0.06342392,-0.00432443,-0.03876293
59309,0.58737015,-0.21620664,0.73505735,0.26065537,0.06342392,-0.00432443,-0.03876293
59317,0.58733010,-0.21619606,0.73508768,0.26066889,0.06342392,-0.00432443,-0.03876293
59323,0.58729934,-0.21618785,0.73511247,0.26067516,0.06342392,-0.00432443,-0.03876293
59330,0.58726191,-0.21618187,0.73514204,0.26068117,0.06342392,-0.00432443,-0.03876293
59338,0.58722090,-0.21616826,0.73517560,0.26069030,0.06342392,-0.00432443,-0.03876293
59345,0.58718452,-0.21616001,0.73520364,0.26070008,0.06342392,-0.00432443,-0.03876293
59353,0.58714523,-0.21614942,0.73523287,0.26071488,0.06342392,-0.00432443,-0.03876293
59363,0.58709406,-0.21613540,0.73527622,0.26071918,0.06342392,-0.00432443,-0.03876293
59370,0.58705925,-0.21612832,0.73530206,0.26073069,0.06342392,-0.00432443,-0.03876293
59381,0.58701157,-0.21610727,0.73534574,0.26073262,0.06342392,-0.00432443,-0.03876293
59387,0.58698153,-0.21609787,0.73537039,0.26073846,0.06342392,-0.00432443,-0.03876293
