0.653281482438188,0.270598050073098,-0.653281482438188,-0.270598050073098
0.653281482438057,0.270598050072892,-0.653281482438428,-0.270598050073045
0.653281482437927,0.270598050072684,-0.653281482438666,-0.27059805007299
0.653281482437797,0.270598050072477,-0.653281482438904,-0.270598050072936
0.653281482437666,0.27059805007227,-0.653281482439143,-0.270598050072882
0.653281482437536,0.270598050072063,-0.653281482439382,-0.270598050072828
0.653281482437406,0.270598050071856,-0.65328148243962,-0.270598050072773
0.653281482437276,0.270598050071649,-0.653281482439858,-0.270598050072719
0.653281482437146,0.270598050071442,-0.653281482440097,-0.270598050072665
0.653281482437016,0.270598050071235,-0.653281482440335,-0.27059805007261
0.653281482436886,0.270598050071028,-0.653281482440573,-0.270598050072555
0.653281482436756,0.270598050070822,-0.653281482440811,-0.270598050072501
0.653281482436627,0.270598050070615,-0.653281482441049,-0.270598050072446
0.653281482436497,0.270598050070408,-0.653281482441287,-0.270598050072392
0.653281482436368,0.270598050070201,-0.653281482441524,-0.270598050072337
0.653281482436238,0.270598050069995,-0.653281482441762,-0.270598050072283
0.653281482436108,0.270598050069788,-0.653281482442,-0.270598050072228
0.653281482435979,0.270598050069581,-0.653281482442237,-0.270598050072173
0.65328148243585,0.270598050069375,-0.653281482442475,-0.270598050072119
0.653281482435721,0.270598050069168,-0.653281482442712,-0.270598050072064
0.653281482435592,0.270598050068962,-0.653281482442949,-0.270598050072009
0.653281482435463,0.270598050068755,-0.653281482443186,-0.270598050071954
0.653281482435334,0.270598050068549,-0.653281482443423,-0.270598050071899
0.653281482435206,0.270598050068343,-0.65328148244366,-0.270598050071844
0.653281482435077,0.270598050068136,-0.653281482443897,-0.270598050071789
0.653281482434948,0.27059805006793,-0.653281482444134,-0.270598050071734
0.65328148243482,0.270598050067723,-0.653281482444371,-0.270598050071679
0.653281482434692,0.270598050067517,-0.653281482444607,-0.270598050071624
0.653281482434563,0.270598050067311,-0.653281482444844,-0.270598050071569
0.653281482434436,0.270598050067105,-0.65328148244508,-0.270598050071514
0.653281482434307,0.270598050066898,-0.653281482445316,-0.270598050071459
0.653281482434179,0.270598050066692,-0.653281482445553,-0.270598050071404
0.653281482434051,0.270598050066486,-0.653281482445789,-0.270598050071348
0.653281482433923,0.27059805006628,-0.653281482446025,-0.270598050071293
0.653281482433795,0.270598050066074,-0.653281482446261,-0.270598050071238
0.653281482433668,0.270598050065868,-0.653281482446497,-0.270598050071183
0.65328148243354,0.270598050065662,-0.653281482446733,-0.270598050071127
0.653281482433412,0.270598050065456,-0.653281482446969,-0.270598050071072
0.653281482433285,0.270598050065251,-0.653281482447205,-0.270598050071016
0.653281482433158,0.270598050065045,-0.65328148244744,-0.270598050070961
0.653281482433031,0.270598050064839,-0.653281482447676,-0.270598050070905
0.653281482432903,0.270598050064633,-0.653281482447911,-0.27059805007085
0.653281482432776,0.270598050064427,-0.653281482448147,-0.270598050070794
0.653281482432649,0.270598050064222,-0.653281482448382,-0.270598050070739
0.653281482432522,0.270598050064016,-0.653281482448617,-0.270598050070682
0.653281482432395,0.27059805006381,-0.653281482448852,-0.270598050070627
0.653281482432268,0.270598050063605,-0.653281482449087,-0.270598050070572
0.653281482432142,0.270598050063399,-0.653281482449322,-0.270598050070516
0.653281482432015,0.270598050063194,-0.653281482449557,-0.27059805007046
0.653281482431889,0.270598050062988,-0.653281482449792,-0.270598050070404
0.653281482431762,0.270598050062783,-0.653281482450027,-0.270598050070348
0.653281482431636,0.270598050062577,-0.653281482450261,-0.270598050070292
0.65328148243151,0.270598050062372,-0.653281482450495,-0.270598050070236
0.653281482431384,0.270598050062166,-0.65328148245073,-0.27059805007018
0.653281482431258,0.270598050061961,-0.653281482450964,-0.270598050070124
0.653281482431132,0.270598050061756,-0.653281482451198,-0.270598050070068
0.653281482431006,0.27059805006155,-0.653281482451433,-0.270598050070012
0.65328148243088,0.270598050061345,-0.653281482451667,-0.270598050069956
0.653281482430754,0.27059805006114,-0.6532814824519,-0.270598050069899
0.653281482430628,0.270598050060935,-0.653281482452135,-0.270598050069843
0.653281482430503,0.27059805006073,-0.653281482452369,-0.270598050069787
0.653281482430377,0.270598050060525,-0.653281482452602,-0.270598050069731
0.653281482430252,0.27059805006032,-0.653281482452836,-0.270598050069675
0.653281482430127,0.270598050060115,-0.653281482453069,-0.270598050069618
0.653281482430002,0.27059805005991,-0.653281482453303,-0.270598050069562
0.653281482429876,0.270598050059705,-0.653281482453536,-0.270598050069505
0.653281482429751,0.2705980500595,-0.65328148245377,-0.270598050069449
0.653281482429626,0.270598050059295,-0.653281482454003,-0.270598050069392
0.653281482429502,0.27059805005909,-0.653281482454236,-0.270598050069336
0.653281482429377,0.270598050058885,-0.653281482454469,-0.270598050069279
0.653281482429252,0.27059805005868,-0.653281482454702,-0.270598050069223
0.653281482429127,0.270598050058476,-0.653281482454935,-0.270598050069166
0.653281482429003,0.270598050058271,-0.653281482455168,-0.270598050069109
0.653281482428879,0.270598050058066,-0.6532814824554,-0.270598050069053
0.653281482428754,0.270598050057862,-0.653281482455633,-0.270598050068996
0.65328148242863,0.270598050057657,-0.653281482455866,-0.270598050068939
0.653281482428505,0.270598050057453,-0.653281482456098,-0.270598050068882
0.653281482428381,0.270598050057248,-0.65328148245633,-0.270598050068826
0.653281482428257,0.270598050057043,-0.653281482456563,-0.270598050068768
0.653281482428133,0.270598050056839,-0.653281482456795,-0.270598050068712
0.65328148242801,0.270598050056635,-0.653281482457027,-0.270598050068655
0.653281482427886,0.27059805005643,-0.653281482457259,-0.270598050068598
0.653281482427762,0.270598050056226,-0.653281482457491,-0.270598050068541
0.653281482427639,0.270598050056021,-0.653281482457723,-0.270598050068483
0.653281482427515,0.270598050055817,-0.653281482457955,-0.270598050068427
0.653281482427392,0.270598050055613,-0.653281482458186,-0.270598050068369
0.653281482427268,0.270598050055409,-0.653281482458418,-0.270598050068312
0.653281482427145,0.270598050055205,-0.65328148245865,-0.270598050068255
0.653281482427022,0.270598050055,-0.653281482458881,-0.270598050068198
0.653281482426899,0.270598050054796,-0.653281482459112,-0.270598050068141
0.653281482426776,0.270598050054592,-0.653281482459344,-0.270598050068083
0.653281482426653,0.270598050054388,-0.653281482459575,-0.270598050068025
0.65328148242653,0.270598050054184,-0.653281482459806,-0.270598050067968
0.653281482426407,0.27059805005398,-0.653281482460037,-0.270598050067911
0.653281482426285,0.270598050053776,-0.653281482460268,-0.270598050067854
0.653281482426162,0.270598050053572,-0.653281482460499,-0.270598050067796
0.65328148242604,0.270598050053368,-0.653281482460729,-0.270598050067738
0.653281482425918,0.270598050053164,-0.65328148246096,-0.270598050067681
0.653281482425795,0.27059805005296,-0.653281482461191,-0.270598050067623
0.653281482425673,0.270598050052757,-0.653281482461421,-0.270598050067566
0.653281482425551,0.270598050052553,-0.653281482461651,-0.270598050067508
0.653281482425429,0.270598050052349,-0.653281482461882,-0.27059805006745
0.653281482425307,0.270598050052145,-0.653281482462112,-0.270598050067392
0.653281482425185,0.270598050051942,-0.653281482462342,-0.270598050067335
0.653281482425063,0.270598050051738,-0.653281482462572,-0.270598050067277
0.653281482424941,0.270598050051534,-0.653281482462802,-0.270598050067219
0.65328148242482,0.270598050051331,-0.653281482463032,-0.270598050067161
0.653281482424699,0.270598050051127,-0.653281482463262,-0.270598050067103
0.653281482424577,0.270598050050924,-0.653281482463492,-0.270598050067045
0.653281482424456,0.27059805005072,-0.653281482463722,-0.270598050066987
0.653281482424334,0.270598050050517,-0.653281482463951,-0.270598050066929
0.653281482424213,0.270598050050314,-0.653281482464181,-0.270598050066871
0.653281482424092,0.27059805005011,-0.65328148246441,-0.270598050066812
0.653281482423971,0.270598050049907,-0.653281482464639,-0.270598050066754
0.65328148242385,0.270598050049704,-0.653281482464869,-0.270598050066697
0.653281482423729,0.2705980500495,-0.653281482465098,-0.270598050066638
0.653281482423609,0.270598050049297,-0.653281482465327,-0.27059805006658
0.653281482423488,0.270598050049094,-0.653281482465556,-0.270598050066522
0.653281482423367,0.270598050048891,-0.653281482465785,-0.270598050066464
0.653281482423247,0.270598050048687,-0.653281482466014,-0.270598050066405
0.653281482423126,0.270598050048484,-0.653281482466243,-0.270598050066347
0.653281482423006,0.270598050048281,-0.653281482466471,-0.270598050066288
0.653281482422886,0.270598050048078,-0.653281482466699,-0.27059805006623
0.653281482422766,0.270598050047875,-0.653281482466928,-0.270598050066171
0.653281482422646,0.270598050047672,-0.653281482467156,-0.270598050066113
0.653281482422526,0.270598050047469,-0.653281482467384,-0.270598050066054
0.653281482422406,0.270598050047266,-0.653281482467613,-0.270598050065995
0.653281482422286,0.270598050047064,-0.653281482467841,-0.270598050065937
0.653281482422166,0.270598050046861,-0.653281482468069,-0.270598050065878
0.653281482422047,0.270598050046658,-0.653281482468297,-0.270598050065819
0.653281482421927,0.270598050046455,-0.653281482468525,-0.27059805006576
0.653281482421808,0.270598050046252,-0.653281482468753,-0.270598050065702
0.653281482421689,0.27059805004605,-0.65328148246898,-0.270598050065643
0.653281482421569,0.270598050045847,-0.653281482469208,-0.270598050065584
0.65328148242145,0.270598050045644,-0.653281482469435,-0.270598050065525
0.653281482421331,0.270598050045442,-0.653281482469663,-0.270598050065466
0.653281482421212,0.270598050045239,-0.65328148246989,-0.270598050065407
0.653281482421093,0.270598050045037,-0.653281482470117,-0.270598050065348
0.653281482420974,0.270598050044834,-0.653281482470345,-0.270598050065289
0.653281482420855,0.270598050044632,-0.653281482470572,-0.27059805006523
0.653281482420737,0.270598050044429,-0.653281482470798,-0.270598050065171
0.653281482420618,0.270598050044227,-0.653281482471026,-0.270598050065111
0.6532814824205,0.270598050044024,-0.653281482471252,-0.270598050065052
0.653281482420381,0.270598050043822,-0.653281482471479,-0.270598050064993
0.653281482420263,0.27059805004362,-0.653281482471706,-0.270598050064934
0.653281482420144,0.270598050043417,-0.653281482471933,-0.270598050064874
0.653281482420027,0.270598050043215,-0.653281482472159,-0.270598050064815
0.653281482419908,0.270598050043013,-0.653281482472386,-0.270598050064756
0.65328148241979,0.270598050042811,-0.653281482472612,-0.270598050064697
0.653281482419673,0.270598050042609,-0.653281482472838,-0.270598050064637
0.653281482419555,0.270598050042406,-0.653281482473064,-0.270598050064577
0.653281482419437,0.270598050042204,-0.65328148247329,-0.270598050064518
0.653281482419319,0.270598050042002,-0.653281482473516,-0.270598050064458
0.653281482419202,0.2705980500418,-0.653281482473742,-0.270598050064399
0.653281482419084,0.270598050041598,-0.653281482473968,-0.270598050064339
0.653281482418967,0.270598050041396,-0.653281482474194,-0.270598050064279
0.65328148241885,0.270598050041194,-0.65328148247442,-0.27059805006422
0.653281482418733,0.270598050040992,-0.653281482474645,-0.27059805006416
0.653281482418616,0.27059805004079,-0.653281482474871,-0.2705980500641
0.653281482418499,0.270598050040589,-0.653281482475096,-0.27059805006404
0.653281482418381,0.270598050040387,-0.653281482475321,-0.27059805006398
0.653281482418265,0.270598050040185,-0.653281482475546,-0.27059805006392
0.653281482418148,0.270598050039983,-0.653281482475772,-0.270598050063861
0.653281482418031,0.270598050039782,-0.653281482475997,-0.2705980500638
0.653281482417915,0.27059805003958,-0.653281482476222,-0.27059805006374
0.653281482417798,0.270598050039378,-0.653281482476447,-0.27059805006368
0.653281482417682,0.270598050039177,-0.653281482476672,-0.27059805006362
0.653281482417565,0.270598050038975,-0.653281482476896,-0.27059805006356
0.653281482417449,0.270598050038774,-0.653281482477121,-0.2705980500635
0.653281482417333,0.270598050038572,-0.653281482477345,-0.27059805006344
0.653281482417217,0.270598050038371,-0.65328148247757,-0.27059805006338
0.653281482417101,0.270598050038169,-0.653281482477794,-0.270598050063319
0.653281482416985,0.270598050037968,-0.653281482478019,-0.270598050063259
0.653281482416869,0.270598050037766,-0.653281482478243,-0.270598050063199
0.653281482416754,0.270598050037565,-0.653281482478467,-0.270598050063138
0.653281482416638,0.270598050037363,-0.653281482478691,-0.270598050063078
0.653281482416522,0.270598050037162,-0.653281482478915,-0.270598050063017
0.653281482416407,0.270598050036961,-0.653281482479139,-0.270598050062957
0.653281482416291,0.27059805003676,-0.653281482479363,-0.270598050062897
0.653281482416176,0.270598050036559,-0.653281482479586,-0.270598050062836
0.653281482416061,0.270598050036358,-0.65328148247981,-0.270598050062775
0.653281482415946,0.270598050036156,-0.653281482480033,-0.270598050062714
0.653281482415831,0.270598050035955,-0.653281482480257,-0.270598050062654
0.653281482415716,0.270598050035754,-0.65328148248048,-0.270598050062593
0.653281482415601,0.270598050035553,-0.653281482480704,-0.270598050062532
0.653281482415486,0.270598050035352,-0.653281482480927,-0.270598050062472
0.653281482415372,0.270598050035151,-0.65328148248115,-0.270598050062411
0.653281482415257,0.27059805003495,-0.653281482481373,-0.27059805006235
0.653281482415143,0.270598050034749,-0.653281482481596,-0.270598050062289
0.653281482415028,0.270598050034548,-0.653281482481819,-0.270598050062228
0.653281482414914,0.270598050034347,-0.653281482482042,-0.270598050062167
0.6532814824148,0.270598050034147,-0.653281482482265,-0.270598050062106
0.653281482414686,0.270598050033946,-0.653281482482487,-0.270598050062045
0.653281482414572,0.270598050033745,-0.65328148248271,-0.270598050061984
0.653281482414457,0.270598050033544,-0.653281482482932,-0.270598050061923
0.653281482414344,0.270598050033344,-0.653281482483154,-0.270598050061862
0.65328148241423,0.270598050033143,-0.653281482483377,-0.270598050061801
0.653281482414116,0.270598050032942,-0.653281482483599,-0.270598050061739
0.653281482414002,0.270598050032742,-0.653281482483821,-0.270598050061678
0.653281482413889,0.270598050032541,-0.653281482484043,-0.270598050061617
0.653281482413775,0.270598050032341,-0.653281482484265,-0.270598050061555
0.653281482413662,0.27059805003214,-0.653281482484487,-0.270598050061494
0.653281482413549,0.27059805003194,-0.653281482484709,-0.270598050061433
0.653281482413436,0.270598050031739,-0.65328148248493,-0.270598050061371
0.653281482413323,0.270598050031539,-0.653281482485152,-0.27059805006131
0.653281482413209,0.270598050031338,-0.653281482485373,-0.270598050061248
0.653281482413096,0.270598050031138,-0.653281482485595,-0.270598050061187
0.653281482412984,0.270598050030938,-0.653281482485816,-0.270598050061125
0.653281482412871,0.270598050030737,-0.653281482486037,-0.270598050061063
0.653281482412758,0.270598050030537,-0.653281482486258,-0.270598050061001
0.653281482412646,0.270598050030337,-0.65328148248648,-0.27059805006094
0.653281482412533,0.270598050030137,-0.6532814824867,-0.270598050060878
0.653281482412421,0.270598050029937,-0.653281482486922,-0.270598050060816
0.653281482412309,0.270598050029736,-0.653281482487142,-0.270598050060754
0.653281482412196,0.270598050029537,-0.653281482487363,-0.270598050060692
0.653281482412084,0.270598050029336,-0.653281482487584,-0.270598050060631
0.653281482411972,0.270598050029136,-0.653281482487804,-0.270598050060568
0.65328148241186,0.270598050028936,-0.653281482488025,-0.270598050060507
0.653281482411748,0.270598050028736,-0.653281482488245,-0.270598050060445
0.653281482411637,0.270598050028536,-0.653281482488466,-0.270598050060383
0.653281482411525,0.270598050028336,-0.653281482488686,-0.270598050060321
0.653281482411413,0.270598050028137,-0.653281482488906,-0.270598050060259
0.653281482411301,0.270598050027937,-0.653281482489126,-0.270598050060196
0.65328148241119,0.270598050027737,-0.653281482489347,-0.270598050060135
0.653281482411079,0.270598050027537,-0.653281482489566,-0.270598050060072
0.653281482410967,0.270598050027337,-0.653281482489786,-0.27059805006001
0.653281482410856,0.270598050027138,-0.653281482490006,-0.270598050059948
0.653281482410745,0.270598050026938,-0.653281482490225,-0.270598050059885
0.653281482410634,0.270598050026738,-0.653281482490445,-0.270598050059823
0.653281482410523,0.270598050026539,-0.653281482490664,-0.27059805005976
0.653281482410412,0.270598050026339,-0.653281482490883,-0.270598050059698
0.653281482410302,0.270598050026139,-0.653281482491103,-0.270598050059635
0.653281482410191,0.27059805002594,-0.653281482491322,-0.270598050059573
0.65328148241008,0.27059805002574,-0.653281482491541,-0.27059805005951
0.65328148240997,0.270598050025541,-0.653281482491761,-0.270598050059448
0.653281482409859,0.270598050025341,-0.653281482491979,-0.270598050059385
0.653281482409749,0.270598050025142,-0.653281482492198,-0.270598050059322
0.653281482409639,0.270598050024942,-0.653281482492417,-0.270598050059259
0.653281482409529,0.270598050024743,-0.653281482492636,-0.270598050059197
0.653281482409419,0.270598050024544,-0.653281482492854,-0.270598050059134
0.653281482409309,0.270598050024345,-0.653281482493073,-0.270598050059071
0.653281482409199,0.270598050024145,-0.653281482493291,-0.270598050059008
0.653281482409089,0.270598050023946,-0.653281482493509,-0.270598050058946
0.653281482408979,0.270598050023747,-0.653281482493728,-0.270598050058883
0.65328148240887,0.270598050023547,-0.653281482493946,-0.27059805005882
0.65328148240876,0.270598050023348,-0.653281482494164,-0.270598050058756
0.653281482408651,0.270598050023149,-0.653281482494382,-0.270598050058693
0.653281482408541,0.27059805002295,-0.6532814824946,-0.270598050058631
0.653281482408432,0.270598050022751,-0.653281482494818,-0.270598050058567
0.653281482408323,0.270598050022552,-0.653281482495036,-0.270598050058504
0.653281482408214,0.270598050022353,-0.653281482495254,-0.270598050058441
0.653281482408105,0.270598050022154,-0.653281482495471,-0.270598050058378
0.653281482407996,0.270598050021955,-0.653281482495689,-0.270598050058314
0.653281482407887,0.270598050021756,-0.653281482495906,-0.270598050058251
0.653281482407778,0.270598050021557,-0.653281482496123,-0.270598050058187
0.65328148240767,0.270598050021359,-0.653281482496341,-0.270598050058125
0.653281482407561,0.27059805002116,-0.653281482496558,-0.270598050058061
0.653281482407452,0.270598050020961,-0.653281482496775,-0.270598050057998
0.653281482407344,0.270598050020762,-0.653281482496992,-0.270598050057934
0.653281482407235,0.270598050020563,-0.653281482497209,-0.270598050057871
0.653281482407127,0.270598050020365,-0.653281482497426,-0.270598050057807
0.653281482407019,0.270598050020166,-0.653281482497643,-0.270598050057743
0.653281482406911,0.270598050019967,-0.653281482497859,-0.27059805005768
0.653281482406803,0.270598050019769,-0.653281482498076,-0.270598050057616
0.653281482406695,0.27059805001957,-0.653281482498293,-0.270598050057552
0.653281482406588,0.270598050019372,-0.653281482498509,-0.270598050057489
0.65328148240648,0.270598050019173,-0.653281482498725,-0.270598050057425
0.653281482406373,0.270598050018975,-0.653281482498941,-0.270598050057361
0.653281482406265,0.270598050018776,-0.653281482499158,-0.270598050057297
0.653281482406158,0.270598050018578,-0.653281482499374,-0.270598050057233
0.65328148240605,0.27059805001838,-0.65328148249959,-0.270598050057169
0.653281482405943,0.270598050018181,-0.653281482499806,-0.270598050057105
0.653281482405836,0.270598050017983,-0.653281482500022,-0.270598050057041
0.653281482405729,0.270598050017784,-0.653281482500237,-0.270598050056977
0.653281482405621,0.270598050017586,-0.653281482500453,-0.270598050056913
0.653281482405515,0.270598050017388,-0.653281482500669,-0.270598050056849
0.653281482405408,0.27059805001719,-0.653281482500884,-0.270598050056785
0.653281482405301,0.270598050016992,-0.6532814825011,-0.270598050056721
0.653281482405195,0.270598050016793,-0.653281482501315,-0.270598050056656
0.653281482405088,0.270598050016595,-0.65328148250153,-0.270598050056592
0.653281482404982,0.270598050016397,-0.653281482501746,-0.270598050056528
0.653281482404875,0.270598050016199,-0.653281482501961,-0.270598050056464
0.653281482404769,0.270598050016001,-0.653281482502176,-0.270598050056399
0.653281482404663,0.270598050015803,-0.65328148250239,-0.270598050056334
0.653281482404556,0.270598050015605,-0.653281482502605,-0.27059805005627
0.65328148240445,0.270598050015407,-0.65328148250282,-0.270598050056205
0.653281482404345,0.270598050015209,-0.653281482503035,-0.270598050056141
0.653281482404238,0.270598050015011,-0.653281482503249,-0.270598050056076
0.653281482404133,0.270598050014814,-0.653281482503464,-0.270598050056012
0.653281482404027,0.270598050014616,-0.653281482503678,-0.270598050055947
0.653281482403921,0.270598050014418,-0.653281482503893,-0.270598050055883
0.653281482403816,0.27059805001422,-0.653281482504106,-0.270598050055818
0.653281482403711,0.270598050014022,-0.653281482504321,-0.270598050055753
0.653281482403605,0.270598050013825,-0.653281482504535,-0.270598050055688
0.6532814824035,0.270598050013627,-0.653281482504749,-0.270598050055623
0.653281482403395,0.270598050013429,-0.653281482504963,-0.270598050055558
0.65328148240329,0.270598050013232,-0.653281482505176,-0.270598050055493
0.653281482403185,0.270598050013034,-0.65328148250539,-0.270598050055428
0.65328148240308,0.270598050012836,-0.653281482505604,-0.270598050055364
0.653281482402975,0.270598050012639,-0.653281482505817,-0.270598050055298
0.653281482402871,0.270598050012441,-0.653281482506031,-0.270598050055234
0.653281482402766,0.270598050012244,-0.653281482506244,-0.270598050055168
0.653281482402661,0.270598050012046,-0.653281482506458,-0.270598050055103
0.653281482402557,0.270598050011849,-0.653281482506671,-0.270598050055038
0.653281482402453,0.270598050011651,-0.653281482506884,-0.270598050054973
0.653281482402348,0.270598050011454,-0.653281482507097,-0.270598050054907
0.653281482402244,0.270598050011257,-0.65328148250731,-0.270598050054842
0.65328148240214,0.27059805001106,-0.653281482507523,-0.270598050054777
0.653281482402036,0.270598050010862,-0.653281482507736,-0.270598050054712
0.653281482401932,0.270598050010665,-0.653281482507948,-0.270598050054646
0.653281482401828,0.270598050010468,-0.653281482508161,-0.270598050054581
0.653281482401724,0.270598050010271,-0.653281482508374,-0.270598050054515
0.653281482401621,0.270598050010073,-0.653281482508586,-0.27059805005445
0.653281482401517,0.270598050009876,-0.653281482508798,-0.270598050054384
0.653281482401414,0.270598050009679,-0.653281482509011,-0.270598050054318
0.653281482401311,0.270598050009482,-0.653281482509223,-0.270598050054253
0.653281482401207,0.270598050009285,-0.653281482509435,-0.270598050054187
0.653281482401104,0.270598050009088,-0.653281482509647,-0.270598050054121
0.653281482401001,0.270598050008891,-0.653281482509859,-0.270598050054056
0.653281482400898,0.270598050008694,-0.653281482510071,-0.27059805005399
0.653281482400795,0.270598050008497,-0.653281482510283,-0.270598050053924
0.653281482400692,0.2705980500083,-0.653281482510494,-0.270598050053858
0.653281482400589,0.270598050008103,-0.653281482510706,-0.270598050053792
0.653281482400487,0.270598050007907,-0.653281482510918,-0.270598050053726
0.653281482400384,0.27059805000771,-0.653281482511129,-0.27059805005366
0.653281482400281,0.270598050007513,-0.653281482511341,-0.270598050053595
0.653281482400179,0.270598050007316,-0.653281482511552,-0.270598050053529
0.653281482400077,0.27059805000712,-0.653281482511763,-0.270598050053462
0.653281482399974,0.270598050006923,-0.653281482511974,-0.270598050053396
0.653281482399872,0.270598050006726,-0.653281482512185,-0.27059805005333
0.65328148239977,0.270598050006529,-0.653281482512396,-0.270598050053264
0.653281482399668,0.270598050006333,-0.653281482512607,-0.270598050053197
0.653281482399566,0.270598050006136,-0.653281482512818,-0.270598050053131
0.653281482399465,0.27059805000594,-0.653281482513028,-0.270598050053065
0.653281482399363,0.270598050005743,-0.653281482513239,-0.270598050052999
0.653281482399261,0.270598050005547,-0.653281482513449,-0.270598050052932
0.65328148239916,0.27059805000535,-0.65328148251366,-0.270598050052866
0.653281482399058,0.270598050005154,-0.65328148251387,-0.270598050052799
0.653281482398957,0.270598050004958,-0.65328148251408,-0.270598050052733
0.653281482398856,0.270598050004761,-0.653281482514291,-0.270598050052666
0.653281482398754,0.270598050004565,-0.653281482514501,-0.2705980500526
0.653281482398653,0.270598050004368,-0.653281482514711,-0.270598050052533
0.653281482398552,0.270598050004172,-0.653281482514921,-0.270598050052467
0.653281482398451,0.270598050003976,-0.65328148251513,-0.2705980500524
0.653281482398351,0.27059805000378,-0.653281482515341,-0.270598050052333
0.65328148239825,0.270598050003583,-0.65328148251555,-0.270598050052266
0.653281482398149,0.270598050003387,-0.65328148251576,-0.270598050052199
0.653281482398049,0.270598050003191,-0.653281482515969,-0.270598050052132
0.653281482397948,0.270598050002995,-0.653281482516178,-0.270598050052065
0.653281482397848,0.270598050002799,-0.653281482516388,-0.270598050051999
0.653281482397747,0.270598050002603,-0.653281482516597,-0.270598050051932
0.653281482397647,0.270598050002407,-0.653281482516807,-0.270598050051865
0.653281482397547,0.270598050002211,-0.653281482517015,-0.270598050051797
0.653281482397447,0.270598050002015,-0.653281482517224,-0.270598050051731
0.653281482397347,0.270598050001819,-0.653281482517433,-0.270598050051663
0.653281482397247,0.270598050001623,-0.653281482517642,-0.270598050051596
0.653281482397147,0.270598050001427,-0.653281482517851,-0.270598050051529
0.653281482397048,0.270598050001231,-0.653281482518059,-0.270598050051462
0.653281482396948,0.270598050001035,-0.653281482518268,-0.270598050051395
0.653281482396848,0.270598050000839,-0.653281482518476,-0.270598050051327
0.653281482396749,0.270598050000644,-0.653281482518685,-0.27059805005126
0.65328148239665,0.270598050000448,-0.653281482518894,-0.270598050051193
0.653281482396551,0.270598050000252,-0.653281482519102,-0.270598050051125
0.653281482396451,0.270598050000056,-0.65328148251931,-0.270598050051058
0.653281482396352,0.270598049999861,-0.653281482519518,-0.27059805005099
0.653281482396253,0.270598049999665,-0.653281482519726,-0.270598050050923
0.653281482396154,0.270598049999469,-0.653281482519934,-0.270598050050855
0.653281482396056,0.270598049999274,-0.653281482520142,-0.270598050050787
0.653281482395957,0.270598049999078,-0.653281482520349,-0.27059805005072
0.653281482395858,0.270598049998883,-0.653281482520557,-0.270598050050652
0.65328148239576,0.270598049998687,-0.653281482520764,-0.270598050050584
0.653281482395661,0.270598049998491,-0.653281482520972,-0.270598050050517
0.653281482395563,0.270598049998296,-0.653281482521179,-0.270598050050449
0.653281482395465,0.270598049998101,-0.653281482521387,-0.270598050050381
0.653281482395367,0.270598049997905,-0.653281482521594,-0.270598050050313
0.653281482395268,0.27059804999771,-0.653281482521801,-0.270598050050245
0.653281482395171,0.270598049997515,-0.653281482522008,-0.270598050050177
0.653281482395072,0.270598049997319,-0.653281482522215,-0.270598050050109
0.653281482394975,0.270598049997124,-0.653281482522422,-0.270598050050041
0.653281482394877,0.270598049996929,-0.653281482522629,-0.270598050049973
0.653281482394779,0.270598049996734,-0.653281482522836,-0.270598050049905
0.653281482394682,0.270598049996538,-0.653281482523042,-0.270598050049837
0.653281482394584,0.270598049996343,-0.653281482523249,-0.270598050049769
0.653281482394487,0.270598049996148,-0.653281482523456,-0.270598050049701
0.65328148239439,0.270598049995953,-0.653281482523662,-0.270598050049632
0.653281482394292,0.270598049995758,-0.653281482523868,-0.270598050049564
0.653281482394195,0.270598049995563,-0.653281482524074,-0.270598050049496
0.653281482394098,0.270598049995367,-0.653281482524281,-0.270598050049427
0.653281482394001,0.270598049995173,-0.653281482524487,-0.270598050049359
0.653281482393904,0.270598049994977,-0.653281482524692,-0.27059805004929
0.653281482393808,0.270598049994783,-0.653281482524898,-0.270598050049222
0.653281482393711,0.270598049994587,-0.653281482525104,-0.270598050049153
0.653281482393614,0.270598049994393,-0.65328148252531,-0.270598050049085
0.653281482393518,0.270598049994198,-0.653281482525515,-0.270598050049016
0.653281482393421,0.270598049994003,-0.653281482525721,-0.270598050048947
0.653281482393325,0.270598049993808,-0.653281482525926,-0.270598050048879
0.653281482393229,0.270598049993613,-0.653281482526132,-0.27059805004881
0.653281482393132,0.270598049993419,-0.653281482526338,-0.270598050048742
0.653281482393037,0.270598049993224,-0.653281482526543,-0.270598050048673
0.65328148239294,0.270598049993029,-0.653281482526748,-0.270598050048604
0.653281482392845,0.270598049992835,-0.653281482526953,-0.270598050048535
0.653281482392749,0.27059804999264,-0.653281482527158,-0.270598050048466
0.653281482392653,0.270598049992445,-0.653281482527363,-0.270598050048397
0.653281482392558,0.270598049992251,-0.653281482527567,-0.270598050048328
0.653281482392462,0.270598049992056,-0.653281482527772,-0.270598050048259
0.653281482392367,0.270598049991861,-0.653281482527976,-0.27059805004819
0.653281482392271,0.270598049991667,-0.653281482528181,-0.270598050048121
0.653281482392176,0.270598049991473,-0.653281482528386,-0.270598050048052
0.653281482392081,0.270598049991278,-0.65328148252859,-0.270598050047983
0.653281482391986,0.270598049991084,-0.653281482528794,-0.270598050047913
0.653281482391891,0.270598049990889,-0.653281482528998,-0.270598050047844
0.653281482391796,0.270598049990695,-0.653281482529203,-0.270598050047775
0.653281482391701,0.2705980499905,-0.653281482529407,-0.270598050047705
0.653281482391606,0.270598049990306,-0.653281482529611,-0.270598050047636
0.653281482391512,0.270598049990112,-0.653281482529815,-0.270598050047567
0.653281482391417,0.270598049989918,-0.653281482530018,-0.270598050047497
0.653281482391323,0.270598049989723,-0.653281482530222,-0.270598050047428
0.653281482391228,0.270598049989529,-0.653281482530426,-0.270598050047358
0.653281482391134,0.270598049989335,-0.653281482530629,-0.270598050047289
0.65328148239104,0.270598049989141,-0.653281482530833,-0.270598050047219
0.653281482390946,0.270598049988947,-0.653281482531036,-0.270598050047149
0.653281482390852,0.270598049988752,-0.653281482531239,-0.27059805004708
0.653281482390758,0.270598049988558,-0.653281482531443,-0.27059805004701
0.653281482390664,0.270598049988364,-0.653281482531646,-0.27059805004694
0.65328148239057,0.27059804998817,-0.653281482531849,-0.270598050046871
0.653281482390477,0.270598049987976,-0.653281482532052,-0.2705980500468
0.653281482390383,0.270598049987782,-0.653281482532255,-0.270598050046731
0.65328148239029,0.270598049987588,-0.653281482532457,-0.270598050046661
0.653281482390196,0.270598049987395,-0.65328148253266,-0.270598050046591
0.653281482390103,0.2705980499872,-0.653281482532863,-0.270598050046521
0.65328148239001,0.270598049987007,-0.653281482533065,-0.270598050046451
0.653281482389916,0.270598049986813,-0.653281482533267,-0.270598050046381
0.653281482389824,0.270598049986619,-0.65328148253347,-0.270598050046311
0.65328148238973,0.270598049986425,-0.653281482533672,-0.27059805004624
0.653281482389638,0.270598049986231,-0.653281482533875,-0.27059805004617
0.653281482389545,0.270598049986038,-0.653281482534076,-0.2705980500461
0.653281482389452,0.270598049985844,-0.653281482534279,-0.27059805004603
0.65328148238936,0.27059804998565,-0.65328148253448,-0.27059805004596
0.653281482389267,0.270598049985457,-0.653281482534683,-0.270598050045889
0.653281482389175,0.270598049985263,-0.653281482534884,-0.270598050045819
0.653281482389082,0.270598049985069,-0.653281482535086,-0.270598050045748
0.65328148238899,0.270598049984876,-0.653281482535287,-0.270598050045678
0.653281482388898,0.270598049984682,-0.653281482535489,-0.270598050045608
0.653281482388806,0.270598049984489,-0.65328148253569,-0.270598050045537
0.653281482388714,0.270598049984295,-0.653281482535892,-0.270598050045466
0.653281482388622,0.270598049984102,-0.653281482536093,-0.270598050045396
0.65328148238853,0.270598049983908,-0.653281482536294,-0.270598050045325
0.653281482388439,0.270598049983715,-0.653281482536495,-0.270598050045254
0.653281482388347,0.270598049983521,-0.653281482536696,-0.270598050045184
0.653281482388256,0.270598049983328,-0.653281482536897,-0.270598050045113
0.653281482388164,0.270598049983135,-0.653281482537098,-0.270598050045042
0.653281482388073,0.270598049982941,-0.653281482537298,-0.270598050044971
0.653281482387982,0.270598049982748,-0.653281482537499,-0.270598050044901
0.653281482387891,0.270598049982555,-0.6532814825377,-0.270598050044829
0.653281482387799,0.270598049982361,-0.653281482537901,-0.270598050044758
0.653281482387708,0.270598049982168,-0.653281482538101,-0.270598050044688
0.653281482387617,0.270598049981975,-0.653281482538301,-0.270598050044617
0.653281482387527,0.270598049981782,-0.653281482538502,-0.270598050044546
0.653281482387436,0.270598049981589,-0.653281482538702,-0.270598050044474
0.653281482387345,0.270598049981396,-0.653281482538902,-0.270598050044403
0.653281482387255,0.270598049981202,-0.653281482539102,-0.270598050044332
0.653281482387164,0.27059804998101,-0.653281482539302,-0.270598050044261
0.653281482387074,0.270598049980816,-0.653281482539502,-0.270598050044189
0.653281482386984,0.270598049980623,-0.653281482539701,-0.270598050044118
0.653281482386893,0.27059804998043,-0.653281482539901,-0.270598050044047
0.653281482386804,0.270598049980237,-0.6532814825401,-0.270598050043975
0.653281482386713,0.270598049980044,-0.6532814825403,-0.270598050043904
0.653281482386624,0.270598049979852,-0.6532814825405,-0.270598050043833
0.653281482386533,0.270598049979659,-0.653281482540699,-0.270598050043761
0.653281482386444,0.270598049979466,-0.653281482540898,-0.270598050043689
0.653281482386354,0.270598049979273,-0.653281482541097,-0.270598050043618
0.653281482386264,0.27059804997908,-0.653281482541296,-0.270598050043546
0.653281482386175,0.270598049978887,-0.653281482541495,-0.270598050043474
0.653281482386086,0.270598049978695,-0.653281482541694,-0.270598050043403
0.653281482385996,0.270598049978502,-0.653281482541893,-0.270598050043331
0.653281482385907,0.270598049978309,-0.653281482542092,-0.27059805004326
0.653281482385818,0.270598049978116,-0.65328148254229,-0.270598050043187
0.653281482385729,0.270598049977924,-0.653281482542489,-0.270598050043116
0.65328148238564,0.270598049977731,-0.653281482542688,-0.270598050043044
0.653281482385551,0.270598049977539,-0.653281482542886,-0.270598050042972
0.653281482385463,0.270598049977346,-0.653281482543084,-0.2705980500429
0.653281482385374,0.270598049977154,-0.653281482543283,-0.270598050042828
0.653281482385285,0.270598049976961,-0.653281482543481,-0.270598050042756
0.653281482385197,0.270598049976769,-0.653281482543679,-0.270598050042684
0.653281482385108,0.270598049976576,-0.653281482543877,-0.270598050042612
0.65328148238502,0.270598049976384,-0.653281482544075,-0.27059805004254
0.653281482384932,0.270598049976191,-0.653281482544273,-0.270598050042467
0.653281482384844,0.270598049975999,-0.653281482544471,-0.270598050042395
0.653281482384756,0.270598049975806,-0.653281482544668,-0.270598050042323
0.653281482384668,0.270598049975614,-0.653281482544866,-0.270598050042251
0.65328148238458,0.270598049975422,-0.653281482545063,-0.270598050042178
0.653281482384492,0.270598049975229,-0.65328148254526,-0.270598050042105
0.653281482384405,0.270598049975037,-0.653281482545458,-0.270598050042033
0.653281482384317,0.270598049974845,-0.653281482545655,-0.270598050041961
0.653281482384229,0.270598049974653,-0.653281482545852,-0.270598050041888
0.653281482384142,0.270598049974461,-0.65328148254605,-0.270598050041816
0.653281482384055,0.270598049974269,-0.653281482546247,-0.270598050041743
0.653281482383968,0.270598049974076,-0.653281482546444,-0.270598050041671
0.65328148238388,0.270598049973884,-0.65328148254664,-0.270598050041598
0.653281482383793,0.270598049973692,-0.653281482546837,-0.270598050041525
0.653281482383706,0.2705980499735,-0.653281482547034,-0.270598050041453
0.653281482383619,0.270598049973308,-0.65328148254723,-0.27059805004138
0.653281482383533,0.270598049973116,-0.653281482547427,-0.270598050041307
0.653281482383446,0.270598049972924,-0.653281482547623,-0.270598050041234
0.653281482383359,0.270598049972732,-0.653281482547819,-0.270598050041161
0.653281482383273,0.27059804997254,-0.653281482548015,-0.270598050041088
0.653281482383187,0.270598049972348,-0.653281482548211,-0.270598050041015
0.6532814823831,0.270598049972156,-0.653281482548408,-0.270598050040942
0.653281482383014,0.270598049971964,-0.653281482548604,-0.270598050040869
0.653281482382928,0.270598049971772,-0.653281482548799,-0.270598050040796
0.653281482382842,0.270598049971581,-0.653281482548995,-0.270598050040723
0.653281482382756,0.270598049971389,-0.653281482549191,-0.27059805004065
0.65328148238267,0.270598049971197,-0.653281482549387,-0.270598050040577
0.653281482382584,0.270598049971005,-0.653281482549582,-0.270598050040503
0.653281482382499,0.270598049970814,-0.653281482549777,-0.27059805004043
0.653281482382413,0.270598049970622,-0.653281482549973,-0.270598050040357
0.653281482382327,0.27059804997043,-0.653281482550168,-0.270598050040283
0.653281482382242,0.270598049970239,-0.653281482550364,-0.27059805004021
0.653281482382157,0.270598049970047,-0.653281482550559,-0.270598050040136
0.653281482382071,0.270598049969855,-0.653281482550754,-0.270598050040063
0.653281482381986,0.270598049969664,-0.653281482550949,-0.270598050039989
0.653281482381901,0.270598049969472,-0.653281482551143,-0.270598050039915
0.653281482381816,0.270598049969281,-0.653281482551338,-0.270598050039842
0.653281482381731,0.270598049969089,-0.653281482551533,-0.270598050039768
0.653281482381646,0.270598049968898,-0.653281482551728,-0.270598050039695
0.653281482381561,0.270598049968706,-0.653281482551922,-0.270598050039621
0.653281482381477,0.270598049968515,-0.653281482552117,-0.270598050039547
0.653281482381392,0.270598049968324,-0.653281482552311,-0.270598050039473
0.653281482381308,0.270598049968132,-0.653281482552506,-0.2705980500394
0.653281482381224,0.270598049967941,-0.6532814825527,-0.270598050039325
0.653281482381139,0.270598049967749,-0.653281482552894,-0.270598050039252
0.653281482381055,0.270598049967558,-0.653281482553088,-0.270598050039178
0.653281482380971,0.270598049967367,-0.653281482553282,-0.270598050039104
0.653281482380887,0.270598049967176,-0.653281482553476,-0.27059805003903
0.653281482380803,0.270598049966984,-0.653281482553669,-0.270598050038955
0.653281482380719,0.270598049966793,-0.653281482553864,-0.270598050038882
0.653281482380635,0.270598049966602,-0.653281482554057,-0.270598050038807
0.653281482380552,0.270598049966411,-0.653281482554251,-0.270598050038733
0.653281482380468,0.27059804996622,-0.653281482554444,-0.270598050038659
0.653281482380385,0.270598049966029,-0.653281482554637,-0.270598050038585
0.653281482380302,0.270598049965838,-0.653281482554831,-0.27059805003851
0.653281482380218,0.270598049965647,-0.653281482555024,-0.270598050038436
0.653281482380135,0.270598049965455,-0.653281482555217,-0.270598050038361
0.653281482380052,0.270598049965265,-0.65328148255541,-0.270598050038287
0.653281482379969,0.270598049965074,-0.653281482555603,-0.270598050038213
0.653281482379886,0.270598049964883,-0.653281482555796,-0.270598050038138
0.653281482379803,0.270598049964692,-0.653281482555989,-0.270598050038063
0.653281482379721,0.270598049964501,-0.653281482556182,-0.270598050037989
0.653281482379638,0.27059804996431,-0.653281482556374,-0.270598050037914
0.653281482379555,0.270598049964119,-0.653281482556567,-0.270598050037839
0.653281482379473,0.270598049963928,-0.653281482556759,-0.270598050037765
0.65328148237939,0.270598049963738,-0.653281482556952,-0.27059805003769
0.653281482379308,0.270598049963547,-0.653281482557144,-0.270598050037615
0.653281482379226,0.270598049963356,-0.653281482557337,-0.27059805003754
0.653281482379144,0.270598049963165,-0.653281482557528,-0.270598050037466
0.653281482379062,0.270598049962974,-0.65328148255772,-0.270598050037391
0.65328148237898,0.270598049962784,-0.653281482557913,-0.270598050037316
0.653281482378898,0.270598049962593,-0.653281482558104,-0.270598050037241
0.653281482378816,0.270598049962403,-0.653281482558296,-0.270598050037166
0.653281482378734,0.270598049962212,-0.653281482558488,-0.27059805003709
0.653281482378653,0.270598049962021,-0.653281482558679,-0.270598050037015
0.653281482378572,0.270598049961831,-0.653281482558871,-0.27059805003694
0.65328148237849,0.27059804996164,-0.653281482559062,-0.270598050036865
0.653281482378409,0.27059804996145,-0.653281482559254,-0.27059805003679
0.653281482378328,0.270598049961259,-0.653281482559445,-0.270598050036715
0.653281482378246,0.270598049961069,-0.653281482559636,-0.270598050036639
0.653281482378165,0.270598049960878,-0.653281482559827,-0.270598050036564
0.653281482378084,0.270598049960688,-0.653281482560019,-0.270598050036489
0.653281482378004,0.270598049960497,-0.653281482560209,-0.270598050036413
0.653281482377923,0.270598049960307,-0.6532814825604,-0.270598050036338
0.653281482377842,0.270598049960117,-0.653281482560591,-0.270598050036262
0.653281482377762,0.270598049959926,-0.653281482560782,-0.270598050036187
0.653281482377681,0.270598049959736,-0.653281482560973,-0.270598050036111
0.653281482377601,0.270598049959546,-0.653281482561163,-0.270598050036035
0.65328148237752,0.270598049959356,-0.653281482561354,-0.27059805003596
0.65328148237744,0.270598049959165,-0.653281482561544,-0.270598050035884
0.65328148237736,0.270598049958975,-0.653281482561734,-0.270598050035809
0.65328148237728,0.270598049958785,-0.653281482561924,-0.270598050035733
0.6532814823772,0.270598049958595,-0.653281482562114,-0.270598050035657
0.65328148237712,0.270598049958405,-0.653281482562304,-0.270598050035581
0.65328148237704,0.270598049958214,-0.653281482562495,-0.270598050035505
0.653281482376961,0.270598049958024,-0.653281482562684,-0.270598050035429
0.653281482376881,0.270598049957834,-0.653281482562874,-0.270598050035353
0.653281482376802,0.270598049957644,-0.653281482563064,-0.270598050035277
0.653281482376722,0.270598049957454,-0.653281482563253,-0.270598050035201
0.653281482376643,0.270598049957264,-0.653281482563443,-0.270598050035125
0.653281482376564,0.270598049957074,-0.653281482563632,-0.270598050035049
0.653281482376485,0.270598049956884,-0.653281482563822,-0.270598050034973
0.653281482376405,0.270598049956694,-0.653281482564011,-0.270598050034896
0.653281482376326,0.270598049956504,-0.6532814825642,-0.27059805003482
0.653281482376248,0.270598049956315,-0.653281482564389,-0.270598050034744
0.653281482376169,0.270598049956125,-0.653281482564578,-0.270598050034667
0.65328148237609,0.270598049955935,-0.653281482564767,-0.270598050034591
0.653281482376012,0.270598049955745,-0.653281482564956,-0.270598050034515
0.653281482375933,0.270598049955555,-0.653281482565145,-0.270598050034438
0.653281482375855,0.270598049955365,-0.653281482565334,-0.270598050034361
0.653281482375777,0.270598049955176,-0.653281482565523,-0.270598050034285
0.653281482375698,0.270598049954986,-0.653281482565711,-0.270598050034208
0.65328148237562,0.270598049954796,-0.6532814825659,-0.270598050034132
0.653281482375542,0.270598049954607,-0.653281482566088,-0.270598050034055
0.653281482375464,0.270598049954417,-0.653281482566276,-0.270598050033978
0.653281482375386,0.270598049954227,-0.653281482566464,-0.270598050033902
0.653281482375309,0.270598049954038,-0.653281482566652,-0.270598050033825
0.653281482375231,0.270598049953848,-0.65328148256684,-0.270598050033748
0.653281482375153,0.270598049953659,-0.653281482567029,-0.270598050033672
0.653281482375076,0.270598049953469,-0.653281482567216,-0.270598050033595
0.653281482374998,0.27059804995328,-0.653281482567404,-0.270598050033517
0.653281482374921,0.27059804995309,-0.653281482567592,-0.27059805003344
0.653281482374844,0.270598049952901,-0.653281482567779,-0.270598050033363
0.653281482374766,0.270598049952711,-0.653281482567967,-0.270598050033286
0.653281482374689,0.270598049952522,-0.653281482568154,-0.270598050033209
0.653281482374612,0.270598049952332,-0.653281482568342,-0.270598050033132
0.653281482374536,0.270598049952143,-0.653281482568529,-0.270598050033055
0.653281482374459,0.270598049951954,-0.653281482568716,-0.270598050032978
0.653281482374382,0.270598049951764,-0.653281482568903,-0.270598050032901
0.653281482374305,0.270598049951575,-0.65328148256909,-0.270598050032823
0.653281482374229,0.270598049951386,-0.653281482569277,-0.270598050032746
0.653281482374153,0.270598049951196,-0.653281482569464,-0.270598050032668
0.653281482374076,0.270598049951007,-0.653281482569651,-0.270598050032591
0.653281482374,0.270598049950818,-0.653281482569838,-0.270598050032514
0.653281482373924,0.270598049950629,-0.653281482570024,-0.270598050032436
0.653281482373848,0.27059804995044,-0.653281482570211,-0.270598050032359
0.653281482373772,0.270598049950251,-0.653281482570397,-0.270598050032281
0.653281482373696,0.270598049950061,-0.653281482570583,-0.270598050032203
0.65328148237362,0.270598049949872,-0.65328148257077,-0.270598050032126
0.653281482373544,0.270598049949683,-0.653281482570956,-0.270598050032048
0.653281482373469,0.270598049949494,-0.653281482571142,-0.27059805003197
0.653281482373393,0.270598049949305,-0.653281482571328,-0.270598050031893
0.653281482373318,0.270598049949116,-0.653281482571514,-0.270598050031815
0.653281482373242,0.270598049948927,-0.6532814825717,-0.270598050031737
0.653281482373167,0.270598049948738,-0.653281482571886,-0.270598050031659
0.653281482373092,0.270598049948549,-0.653281482572071,-0.270598050031581
0.653281482373017,0.27059804994836,-0.653281482572257,-0.270598050031503
0.653281482372942,0.270598049948171,-0.653281482572443,-0.270598050031425
0.653281482372867,0.270598049947982,-0.653281482572628,-0.270598050031347
0.653281482372793,0.270598049947794,-0.653281482572813,-0.270598050031269
0.653281482372718,0.270598049947605,-0.653281482572999,-0.270598050031191
0.653281482372643,0.270598049947416,-0.653281482573184,-0.270598050031113
0.653281482372569,0.270598049947227,-0.653281482573369,-0.270598050031035
0.653281482372494,0.270598049947038,-0.653281482573554,-0.270598050030956
0.65328148237242,0.27059804994685,-0.653281482573739,-0.270598050030878
0.653281482372346,0.270598049946661,-0.653281482573924,-0.270598050030799
0.653281482372271,0.270598049946472,-0.653281482574109,-0.270598050030721
0.653281482372198,0.270598049946284,-0.653281482574293,-0.270598050030643
0.653281482372124,0.270598049946095,-0.653281482574478,-0.270598050030564
0.65328148237205,0.270598049945906,-0.653281482574663,-0.270598050030486
0.653281482371976,0.270598049945717,-0.653281482574847,-0.270598050030407
0.653281482371902,0.270598049945529,-0.653281482575031,-0.270598050030329
0.653281482371828,0.27059804994534,-0.653281482575216,-0.27059805003025
0.653281482371755,0.270598049945152,-0.6532814825754,-0.270598050030171
0.653281482371682,0.270598049944963,-0.653281482575584,-0.270598050030093
0.653281482371608,0.270598049944775,-0.653281482575768,-0.270598050030014
0.653281482371535,0.270598049944586,-0.653281482575952,-0.270598050029935
0.653281482371462,0.270598049944398,-0.653281482576136,-0.270598050029856
0.653281482371389,0.27059804994421,-0.65328148257632,-0.270598050029777
0.653281482371316,0.270598049944021,-0.653281482576503,-0.270598050029699
0.653281482371243,0.270598049943833,-0.653281482576687,-0.270598050029619
0.65328148237117,0.270598049943644,-0.65328148257687,-0.27059805002954
0.653281482371097,0.270598049943456,-0.653281482577054,-0.270598050029462
0.653281482371024,0.270598049943268,-0.653281482577237,-0.270598050029383
0.653281482370953,0.270598049943079,-0.65328148257742,-0.270598050029303
0.65328148237088,0.270598049942891,-0.653281482577604,-0.270598050029224
0.653281482370808,0.270598049942703,-0.653281482577787,-0.270598050029145
0.653281482370735,0.270598049942514,-0.65328148257797,-0.270598050029066
0.653281482370663,0.270598049942326,-0.653281482578153,-0.270598050028987
0.653281482370591,0.270598049942138,-0.653281482578336,-0.270598050028907
0.653281482370519,0.27059804994195,-0.653281482578518,-0.270598050028828
0.653281482370447,0.270598049941762,-0.653281482578701,-0.270598050028748
0.653281482370375,0.270598049941574,-0.653281482578884,-0.27059805002867
0.653281482370304,0.270598049941386,-0.653281482579066,-0.27059805002859
0.653281482370232,0.270598049941197,-0.653281482579249,-0.27059805002851
0.65328148237016,0.270598049941009,-0.653281482579431,-0.270598050028431
0.653281482370089,0.270598049940821,-0.653281482579613,-0.270598050028351
0.653281482370018,0.270598049940633,-0.653281482579796,-0.270598050028272
0.653281482369946,0.270598049940446,-0.653281482579978,-0.270598050028192
0.653281482369875,0.270598049940258,-0.65328148258016,-0.270598050028112
0.653281482369804,0.27059804994007,-0.653281482580342,-0.270598050028032
0.653281482369734,0.270598049939881,-0.653281482580523,-0.270598050027952
0.653281482369662,0.270598049939694,-0.653281482580705,-0.270598050027873
0.653281482369592,0.270598049939506,-0.653281482580887,-0.270598050027793
0.653281482369521,0.270598049939318,-0.653281482581069,-0.270598050027713
0.65328148236945,0.27059804993913,-0.65328148258125,-0.270598050027633
0.65328148236938,0.270598049938942,-0.653281482581431,-0.270598050027553
0.65328148236931,0.270598049938754,-0.653281482581613,-0.270598050027473
0.653281482369239,0.270598049938567,-0.653281482581794,-0.270598050027393
0.653281482369169,0.270598049938379,-0.653281482581975,-0.270598050027313
0.653281482369099,0.270598049938191,-0.653281482582157,-0.270598050027233
0.653281482369028,0.270598049938003,-0.653281482582338,-0.270598050027153
0.653281482368959,0.270598049937816,-0.653281482582519,-0.270598050027072
0.653281482368889,0.270598049937628,-0.653281482582699,-0.270598050026992
0.653281482368819,0.27059804993744,-0.65328148258288,-0.270598050026912
0.653281482368749,0.270598049937253,-0.653281482583061,-0.270598050026831
0.65328148236868,0.270598049937065,-0.653281482583241,-0.270598050026751
0.65328148236861,0.270598049936878,-0.653281482583422,-0.27059805002667
0.653281482368541,0.27059804993669,-0.653281482583602,-0.27059805002659
0.653281482368471,0.270598049936502,-0.653281482583783,-0.27059805002651
0.653281482368402,0.270598049936315,-0.653281482583963,-0.270598050026429
0.653281482368333,0.270598049936127,-0.653281482584143,-0.270598050026348
0.653281482368264,0.27059804993594,-0.653281482584323,-0.270598050026268
0.653281482368195,0.270598049935752,-0.653281482584503,-0.270598050026187
0.653281482368126,0.270598049935565,-0.653281482584683,-0.270598050026106
0.653281482368057,0.270598049935378,-0.653281482584863,-0.270598050026025
0.653281482367989,0.27059804993519,-0.653281482585043,-0.270598050025945
0.65328148236792,0.270598049935003,-0.653281482585223,-0.270598050025864
0.653281482367852,0.270598049934815,-0.653281482585402,-0.270598050025783
0.653281482367783,0.270598049934628,-0.653281482585582,-0.270598050025702
0.653281482367715,0.270598049934441,-0.653281482585761,-0.270598050025621
0.653281482367646,0.270598049934254,-0.653281482585941,-0.27059805002554
0.653281482367579,0.270598049934066,-0.65328148258612,-0.270598050025459
0.65328148236751,0.270598049933879,-0.653281482586299,-0.270598050025378
0.653281482367443,0.270598049933692,-0.653281482586478,-0.270598050025297
0.653281482367375,0.270598049933504,-0.653281482586657,-0.270598050025215
0.653281482367307,0.270598049933317,-0.653281482586836,-0.270598050025134
0.653281482367239,0.27059804993313,-0.653281482587015,-0.270598050025053
0.653281482367172,0.270598049932943,-0.653281482587194,-0.270598050024972
0.653281482367104,0.270598049932756,-0.653281482587373,-0.270598050024891
0.653281482367037,0.270598049932569,-0.653281482587551,-0.270598050024809
0.653281482366969,0.270598049932382,-0.65328148258773,-0.270598050024728
0.653281482366902,0.270598049932194,-0.653281482587909,-0.270598050024647
0.653281482366835,0.270598049932007,-0.653281482588087,-0.270598050024565
0.653281482366768,0.270598049931821,-0.653281482588265,-0.270598050024483
0.653281482366701,0.270598049931633,-0.653281482588443,-0.270598050024402
0.653281482366634,0.270598049931446,-0.653281482588621,-0.27059805002432
0.653281482366567,0.270598049931259,-0.653281482588799,-0.270598050024238
0.653281482366501,0.270598049931072,-0.653281482588977,-0.270598050024157
0.653281482366434,0.270598049930886,-0.653281482589155,-0.270598050024075
0.653281482366368,0.270598049930699,-0.653281482589333,-0.270598050023993
0.653281482366301,0.270598049930512,-0.653281482589511,-0.270598050023911
0.653281482366235,0.270598049930325,-0.653281482589688,-0.27059805002383
0.653281482366169,0.270598049930138,-0.653281482589866,-0.270598050023748
0.653281482366103,0.270598049929952,-0.653281482590043,-0.270598050023666
0.653281482366036,0.270598049929764,-0.653281482590221,-0.270598050023584
0.65328148236597,0.270598049929578,-0.653281482590398,-0.270598050023502
0.653281482365905,0.270598049929391,-0.653281482590575,-0.27059805002342
0.653281482365839,0.270598049929204,-0.653281482590752,-0.270598050023338
0.653281482365773,0.270598049929017,-0.653281482590929,-0.270598050023255
0.653281482365707,0.270598049928831,-0.653281482591106,-0.270598050023173
0.653281482365642,0.270598049928644,-0.653281482591283,-0.270598050023091
0.653281482365577,0.270598049928458,-0.65328148259146,-0.270598050023009
0.653281482365511,0.270598049928271,-0.653281482591637,-0.270598050022926
0.653281482365446,0.270598049928084,-0.653281482591813,-0.270598050022844
0.653281482365381,0.270598049927898,-0.65328148259199,-0.270598050022762
0.653281482365316,0.270598049927711,-0.653281482592166,-0.270598050022679
0.653281482365251,0.270598049927525,-0.653281482592343,-0.270598050022597
0.653281482365186,0.270598049927338,-0.653281482592519,-0.270598050022514
0.653281482365121,0.270598049927151,-0.653281482592695,-0.270598050022432
0.653281482365057,0.270598049926965,-0.653281482592871,-0.270598050022349
0.653281482364992,0.270598049926778,-0.653281482593047,-0.270598050022267
0.653281482364928,0.270598049926592,-0.653281482593223,-0.270598050022184
0.653281482364863,0.270598049926406,-0.653281482593399,-0.270598050022101
0.653281482364799,0.270598049926219,-0.653281482593575,-0.270598050022018
0.653281482364735,0.270598049926033,-0.65328148259375,-0.270598050021935
0.653281482364671,0.270598049925846,-0.653281482593926,-0.270598050021853
0.653281482364607,0.27059804992566,-0.653281482594102,-0.27059805002177
0.653281482364543,0.270598049925474,-0.653281482594277,-0.270598050021687
0.653281482364479,0.270598049925287,-0.653281482594453,-0.270598050021604
0.653281482364415,0.270598049925101,-0.653281482594628,-0.270598050021521
0.653281482364352,0.270598049924915,-0.653281482594803,-0.270598050021438
0.653281482364288,0.270598049924729,-0.653281482594978,-0.270598050021355
0.653281482364225,0.270598049924542,-0.653281482595153,-0.270598050021272
0.653281482364161,0.270598049924356,-0.653281482595328,-0.270598050021189
0.653281482364098,0.27059804992417,-0.653281482595503,-0.270598050021105
0.653281482364035,0.270598049923984,-0.653281482595678,-0.270598050021022
0.653281482363972,0.270598049923797,-0.653281482595853,-0.270598050020939
0.653281482363909,0.270598049923611,-0.653281482596027,-0.270598050020855
0.653281482363846,0.270598049923426,-0.653281482596202,-0.270598050020772
0.653281482363783,0.270598049923239,-0.653281482596376,-0.270598050020688
0.65328148236372,0.270598049923053,-0.653281482596551,-0.270598050020605
0.653281482363657,0.270598049922867,-0.653281482596725,-0.270598050020522
0.653281482363595,0.270598049922681,-0.653281482596899,-0.270598050020438
0.653281482363532,0.270598049922495,-0.653281482597074,-0.270598050020355
0.65328148236347,0.270598049922309,-0.653281482597247,-0.270598050020271
0.653281482363408,0.270598049922123,-0.653281482597421,-0.270598050020188
0.653281482363345,0.270598049921937,-0.653281482597595,-0.270598050020104
0.653281482363284,0.270598049921751,-0.653281482597769,-0.27059805002002
0.653281482363221,0.270598049921565,-0.653281482597943,-0.270598050019936
0.65328148236316,0.270598049921379,-0.653281482598116,-0.270598050019852
0.653281482363098,0.270598049921194,-0.65328148259829,-0.270598050019769
0.653281482363036,0.270598049921008,-0.653281482598463,-0.270598050019685
0.653281482362974,0.270598049920822,-0.653281482598637,-0.270598050019601
0.653281482362913,0.270598049920636,-0.65328148259881,-0.270598050019517
0.653281482362851,0.27059804992045,-0.653281482598983,-0.270598050019433
0.65328148236279,0.270598049920264,-0.653281482599157,-0.270598050019349
0.653281482362729,0.270598049920079,-0.653281482599329,-0.270598050019264
0.653281482362667,0.270598049919893,-0.653281482599502,-0.27059805001918
0.653281482362606,0.270598049919707,-0.653281482599676,-0.270598050019096
0.653281482362545,0.270598049919521,-0.653281482599848,-0.270598050019012
0.653281482362484,0.270598049919336,-0.653281482600021,-0.270598050018928
0.653281482362424,0.27059804991915,-0.653281482600193,-0.270598050018843
0.653281482362363,0.270598049918965,-0.653281482600366,-0.270598050018759
0.653281482362302,0.270598049918779,-0.653281482600538,-0.270598050018674
0.653281482362242,0.270598049918593,-0.653281482600711,-0.27059805001859
0.653281482362182,0.270598049918408,-0.653281482600883,-0.270598050018506
0.653281482362121,0.270598049918222,-0.653281482601055,-0.270598050018421
0.653281482362061,0.270598049918037,-0.653281482601228,-0.270598050018337
0.653281482362001,0.270598049917851,-0.6532814826014,-0.270598050018252
0.653281482361941,0.270598049917665,-0.653281482601572,-0.270598050018167
0.653281482361881,0.27059804991748,-0.653281482601743,-0.270598050018083
0.653281482361821,0.270598049917294,-0.653281482601915,-0.270598050017998
0.653281482361761,0.270598049917109,-0.653281482602087,-0.270598050017913
0.653281482361701,0.270598049916924,-0.653281482602259,-0.270598050017828
0.653281482361642,0.270598049916738,-0.65328148260243,-0.270598050017744
0.653281482361582,0.270598049916553,-0.653281482602602,-0.270598050017659
0.653281482361523,0.270598049916367,-0.653281482602773,-0.270598050017574
0.653281482361463,0.270598049916182,-0.653281482602944,-0.270598050017489
0.653281482361404,0.270598049915997,-0.653281482603115,-0.270598050017403
0.653281482361345,0.270598049915811,-0.653281482603287,-0.270598050017319
0.653281482361286,0.270598049915626,-0.653281482603458,-0.270598050017233
0.653281482361227,0.270598049915441,-0.653281482603629,-0.270598050017149
0.653281482361168,0.270598049915256,-0.6532814826038,-0.270598050017063
0.653281482361109,0.27059804991507,-0.653281482603971,-0.270598050016978
0.653281482361051,0.270598049914885,-0.653281482604141,-0.270598050016893
0.653281482360992,0.2705980499147,-0.653281482604312,-0.270598050016807
0.653281482360934,0.270598049914514,-0.653281482604482,-0.270598050016722
0.653281482360875,0.270598049914329,-0.653281482604653,-0.270598050016637
0.653281482360817,0.270598049914144,-0.653281482604823,-0.270598050016551
0.653281482360759,0.270598049913959,-0.653281482604994,-0.270598050016465
0.6532814823607,0.270598049913774,-0.653281482605164,-0.27059805001638
0.653281482360642,0.270598049913589,-0.653281482605334,-0.270598050016295
0.653281482360584,0.270598049913404,-0.653281482605505,-0.270598050016209
0.653281482360527,0.270598049913219,-0.653281482605674,-0.270598050016123
0.653281482360469,0.270598049913034,-0.653281482605844,-0.270598050016038
0.653281482360411,0.270598049912849,-0.653281482606014,-0.270598050015952
0.653281482360353,0.270598049912664,-0.653281482606184,-0.270598050015866
0.653281482360296,0.270598049912479,-0.653281482606353,-0.27059805001578
0.653281482360239,0.270598049912294,-0.653281482606523,-0.270598050015695
0.653281482360181,0.270598049912109,-0.653281482606692,-0.270598050015609
0.653281482360124,0.270598049911924,-0.653281482606862,-0.270598050015523
0.653281482360067,0.270598049911739,-0.653281482607031,-0.270598050015437
0.65328148236001,0.270598049911554,-0.6532814826072,-0.270598050015351
0.653281482359953,0.270598049911369,-0.653281482607369,-0.270598050015264
0.653281482359896,0.270598049911184,-0.653281482607538,-0.270598050015178
0.65328148235984,0.270598049911,-0.653281482607708,-0.270598050015093
0.653281482359783,0.270598049910815,-0.653281482607877,-0.270598050015006
0.653281482359726,0.27059804991063,-0.653281482608045,-0.27059805001492
0.65328148235967,0.270598049910445,-0.653281482608214,-0.270598050014834
0.653281482359613,0.27059804991026,-0.653281482608383,-0.270598050014747
0.653281482359557,0.270598049910076,-0.653281482608551,-0.270598050014661
0.653281482359501,0.270598049909891,-0.65328148260872,-0.270598050014575
0.653281482359445,0.270598049909706,-0.653281482608888,-0.270598050014488
0.653281482359389,0.270598049909522,-0.653281482609057,-0.270598050014402
0.653281482359333,0.270598049909337,-0.653281482609225,-0.270598050014315
0.653281482359277,0.270598049909152,-0.653281482609393,-0.270598050014229
0.653281482359221,0.270598049908968,-0.653281482609561,-0.270598050014142
0.653281482359166,0.270598049908783,-0.653281482609729,-0.270598050014055
0.65328148235911,0.270598049908598,-0.653281482609897,-0.270598050013969
0.653281482359055,0.270598049908414,-0.653281482610065,-0.270598050013882
0.653281482359,0.270598049908229,-0.653281482610232,-0.270598050013795
0.653281482358944,0.270598049908045,-0.6532814826104,-0.270598050013709
0.653281482358889,0.27059804990786,-0.653281482610568,-0.270598050013622
0.653281482358834,0.270598049907675,-0.653281482610735,-0.270598050013535
0.653281482358779,0.270598049907491,-0.653281482610903,-0.270598050013448
0.653281482358724,0.270598049907306,-0.65328148261107,-0.270598050013361
0.653281482358669,0.270598049907122,-0.653281482611237,-0.270598050013274
0.653281482358615,0.270598049906938,-0.653281482611404,-0.270598050013187
0.65328148235856,0.270598049906753,-0.653281482611571,-0.2705980500131
0.653281482358505,0.270598049906569,-0.653281482611739,-0.270598050013013
0.653281482358451,0.270598049906384,-0.653281482611906,-0.270598050012926
0.653281482358397,0.2705980499062,-0.653281482612072,-0.270598050012838
0.653281482358342,0.270598049906016,-0.653281482612239,-0.270598050012751
0.653281482358288,0.270598049905832,-0.653281482612406,-0.270598050012664
0.653281482358234,0.270598049905647,-0.653281482612572,-0.270598050012576
0.65328148235818,0.270598049905463,-0.653281482612739,-0.270598050012489
0.653281482358126,0.270598049905279,-0.653281482612905,-0.270598050012401
0.653281482358072,0.270598049905094,-0.653281482613072,-0.270598050012314
0.653281482358019,0.27059804990491,-0.653281482613238,-0.270598050012227
0.653281482357965,0.270598049904726,-0.653281482613404,-0.270598050012139
0.653281482357912,0.270598049904542,-0.65328148261357,-0.270598050012051
0.653281482357858,0.270598049904357,-0.653281482613736,-0.270598050011964
0.653281482357805,0.270598049904173,-0.653281482613902,-0.270598050011876
0.653281482357752,0.270598049903989,-0.653281482614068,-0.270598050011788
0.653281482357699,0.270598049903805,-0.653281482614234,-0.270598050011701
0.653281482357645,0.270598049903621,-0.653281482614399,-0.270598050011613
0.653281482357593,0.270598049903437,-0.653281482614565,-0.270598050011525
0.65328148235754,0.270598049903253,-0.65328148261473,-0.270598050011437
0.653281482357487,0.270598049903069,-0.653281482614896,-0.270598050011349
0.653281482357434,0.270598049902885,-0.653281482615061,-0.270598050011261
0.653281482357382,0.270598049902701,-0.653281482615226,-0.270598050011173
0.653281482357329,0.270598049902517,-0.653281482615392,-0.270598050011085
0.653281482357277,0.270598049902332,-0.653281482615557,-0.270598050010997
0.653281482357224,0.270598049902149,-0.653281482615722,-0.270598050010909
0.653281482357172,0.270598049901964,-0.653281482615887,-0.27059805001082
0.65328148235712,0.270598049901781,-0.653281482616052,-0.270598050010732
0.653281482357068,0.270598049901597,-0.653281482616216,-0.270598050010644
0.653281482357016,0.270598049901413,-0.653281482616381,-0.270598050010556
0.653281482356964,0.270598049901229,-0.653281482616546,-0.270598050010467
0.653281482356913,0.270598049901045,-0.65328148261671,-0.270598050010379
0.653281482356861,0.270598049900861,-0.653281482616875,-0.270598050010291
0.653281482356809,0.270598049900677,-0.653281482617039,-0.270598050010202
0.653281482356758,0.270598049900493,-0.653281482617203,-0.270598050010114
0.653281482356706,0.27059804990031,-0.653281482617367,-0.270598050010025
0.653281482356655,0.270598049900126,-0.653281482617531,-0.270598050009936
0.653281482356604,0.270598049899942,-0.653281482617696,-0.270598050009848
0.653281482356553,0.270598049899758,-0.65328148261786,-0.270598050009759
0.653281482356502,0.270598049899574,-0.653281482618023,-0.27059805000967
0.653281482356451,0.270598049899391,-0.653281482618187,-0.270598050009582
0.6532814823564,0.270598049899207,-0.653281482618351,-0.270598050009493
0.653281482356349,0.270598049899023,-0.653281482618514,-0.270598050009404
0.653281482356299,0.27059804989884,-0.653281482618678,-0.270598050009315
0.653281482356248,0.270598049898656,-0.653281482618842,-0.270598050009226
0.653281482356198,0.270598049898473,-0.653281482619005,-0.270598050009137
0.653281482356147,0.270598049898289,-0.653281482619168,-0.270598050009048
0.653281482356097,0.270598049898105,-0.653281482619331,-0.270598050008959
0.653281482356047,0.270598049897922,-0.653281482619494,-0.27059805000887
0.653281482355997,0.270598049897738,-0.653281482619657,-0.270598050008781
0.653281482355947,0.270598049897554,-0.65328148261982,-0.270598050008692
0.653281482355897,0.270598049897371,-0.653281482619983,-0.270598050008602
0.653281482355847,0.270598049897188,-0.653281482620146,-0.270598050008513
0.653281482355798,0.270598049897004,-0.653281482620309,-0.270598050008424
0.653281482355748,0.270598049896821,-0.653281482620471,-0.270598050008334
0.653281482355698,0.270598049896637,-0.653281482620634,-0.270598050008245
0.653281482355649,0.270598049896454,-0.653281482620796,-0.270598050008155
0.653281482355599,0.27059804989627,-0.653281482620959,-0.270598050008066
0.653281482355551,0.270598049896087,-0.653281482621121,-0.270598050007977
0.653281482355502,0.270598049895903,-0.653281482621283,-0.270598050007887
0.653281482355452,0.27059804989572,-0.653281482621446,-0.270598050007797
0.653281482355403,0.270598049895536,-0.653281482621607,-0.270598050007708
0.653281482355355,0.270598049895353,-0.653281482621769,-0.270598050007618
0.653281482355306,0.27059804989517,-0.653281482621931,-0.270598050007528
0.653281482355257,0.270598049894987,-0.653281482622093,-0.270598050007439
0.653281482355208,0.270598049894803,-0.653281482622255,-0.270598050007349
0.65328148235516,0.27059804989462,-0.653281482622417,-0.270598050007259
0.653281482355112,0.270598049894437,-0.653281482622578,-0.270598050007169
0.653281482355063,0.270598049894253,-0.653281482622739,-0.270598050007079
0.653281482355015,0.27059804989407,-0.653281482622901,-0.270598050006989
0.653281482354967,0.270598049893887,-0.653281482623062,-0.270598050006899
0.653281482354919,0.270598049893704,-0.653281482623223,-0.270598050006809
0.653281482354871,0.270598049893521,-0.653281482623384,-0.270598050006719
0.653281482354823,0.270598049893337,-0.653281482623545,-0.270598050006629
0.653281482354775,0.270598049893154,-0.653281482623707,-0.270598050006538
0.653281482354728,0.270598049892971,-0.653281482623868,-0.270598050006448
0.65328148235468,0.270598049892788,-0.653281482624028,-0.270598050006358
0.653281482354633,0.270598049892605,-0.653281482624189,-0.270598050006268
0.653281482354585,0.270598049892422,-0.653281482624349,-0.270598050006177
0.653281482354538,0.270598049892239,-0.65328148262451,-0.270598050006087
0.653281482354491,0.270598049892056,-0.653281482624671,-0.270598050005996
0.653281482354444,0.270598049891873,-0.653281482624831,-0.270598050005906
0.653281482354397,0.27059804989169,-0.653281482624991,-0.270598050005815
0.65328148235435,0.270598049891507,-0.653281482625152,-0.270598050005725
0.653281482354303,0.270598049891324,-0.653281482625312,-0.270598050005634
0.653281482354257,0.270598049891141,-0.653281482625472,-0.270598050005543
0.65328148235421,0.270598049890958,-0.653281482625632,-0.270598050005453
0.653281482354163,0.270598049890775,-0.653281482625792,-0.270598050005362
0.653281482354117,0.270598049890592,-0.653281482625951,-0.270598050005271
0.653281482354071,0.270598049890409,-0.653281482626111,-0.27059805000518
0.653281482354024,0.270598049890226,-0.653281482626271,-0.270598050005089
0.653281482353978,0.270598049890043,-0.653281482626431,-0.270598050004999
0.653281482353932,0.27059804988986,-0.65328148262659,-0.270598050004908
0.653281482353886,0.270598049889678,-0.653281482626749,-0.270598050004817
0.65328148235384,0.270598049889495,-0.653281482626909,-0.270598050004726
0.653281482353794,0.270598049889312,-0.653281482627068,-0.270598050004634
0.653281482353748,0.270598049889129,-0.653281482627227,-0.270598050004543
0.653281482353703,0.270598049888946,-0.653281482627386,-0.270598050004452
0.653281482353657,0.270598049888764,-0.653281482627545,-0.270598050004361
0.653281482353612,0.270598049888581,-0.653281482627704,-0.27059805000427
0.653281482353567,0.270598049888398,-0.653281482627863,-0.270598050004178
0.653281482353522,0.270598049888215,-0.653281482628021,-0.270598050004087
0.653281482353476,0.270598049888033,-0.65328148262818,-0.270598050003995
0.653281482353431,0.27059804988785,-0.653281482628339,-0.270598050003904
0.653281482353386,0.270598049887667,-0.653281482628497,-0.270598050003813
0.653281482353342,0.270598049887485,-0.653281482628656,-0.270598050003721
0.653281482353297,0.270598049887302,-0.653281482628814,-0.270598050003629
0.653281482353252,0.270598049887119,-0.653281482628972,-0.270598050003538
0.653281482353207,0.270598049886937,-0.653281482629131,-0.270598050003446
0.653281482353163,0.270598049886754,-0.653281482629289,-0.270598050003355
0.653281482353119,0.270598049886572,-0.653281482629447,-0.270598050003263
0.653281482353074,0.270598049886389,-0.653281482629604,-0.270598050003171
0.65328148235303,0.270598049886207,-0.653281482629762,-0.270598050003079
0.653281482352986,0.270598049886024,-0.65328148262992,-0.270598050002987
0.653281482352942,0.270598049885841,-0.653281482630078,-0.270598050002896
0.653281482352898,0.270598049885659,-0.653281482630235,-0.270598050002803
0.653281482352854,0.270598049885476,-0.653281482630393,-0.270598050002712
0.653281482352811,0.270598049885294,-0.65328148263055,-0.270598050002619
0.653281482352767,0.270598049885112,-0.653281482630707,-0.270598050002527
0.653281482352724,0.270598049884929,-0.653281482630865,-0.270598050002436
0.65328148235268,0.270598049884747,-0.653281482631022,-0.270598050002343
0.653281482352637,0.270598049884564,-0.653281482631179,-0.270598050002251
0.653281482352593,0.270598049884382,-0.653281482631336,-0.270598050002159
0.65328148235255,0.270598049884199,-0.653281482631493,-0.270598050002067
0.653281482352507,0.270598049884017,-0.65328148263165,-0.270598050001974
0.653281482352464,0.270598049883835,-0.653281482631807,-0.270598050001882
0.653281482352421,0.270598049883652,-0.653281482631963,-0.270598050001789
0.653281482352378,0.27059804988347,-0.65328148263212,-0.270598050001697
0.653281482352336,0.270598049883288,-0.653281482632276,-0.270598050001604
0.653281482352293,0.270598049883106,-0.653281482632433,-0.270598050001512
0.65328148235225,0.270598049882923,-0.65328148263259,-0.27059805000142
0.653281482352208,0.270598049882741,-0.653281482632746,-0.270598050001327
0.653281482352166,0.270598049882559,-0.653281482632902,-0.270598050001234
0.653281482352124,0.270598049882377,-0.653281482633058,-0.270598050001142
0.653281482352082,0.270598049882194,-0.653281482633214,-0.270598050001049
0.65328148235204,0.270598049882012,-0.65328148263337,-0.270598050000956
0.653281482351997,0.27059804988183,-0.653281482633526,-0.270598050000863
0.653281482351956,0.270598049881648,-0.653281482633682,-0.27059805000077
0.653281482351914,0.270598049881466,-0.653281482633837,-0.270598050000677
0.653281482351872,0.270598049881283,-0.653281482633993,-0.270598050000584
0.653281482351831,0.270598049881101,-0.653281482634148,-0.270598050000491
0.653281482351789,0.270598049880919,-0.653281482634304,-0.270598050000398
0.653281482351748,0.270598049880737,-0.653281482634459,-0.270598050000305
0.653281482351707,0.270598049880555,-0.653281482634614,-0.270598050000212
0.653281482351666,0.270598049880373,-0.65328148263477,-0.270598050000119
0.653281482351624,0.270598049880191,-0.653281482634925,-0.270598050000026
0.653281482351583,0.270598049880009,-0.65328148263508,-0.270598049999932
0.653281482351542,0.270598049879827,-0.653281482635235,-0.270598049999839
0.653281482351502,0.270598049879645,-0.65328148263539,-0.270598049999746
0.653281482351461,0.270598049879463,-0.653281482635545,-0.270598049999652
0.65328148235142,0.270598049879281,-0.653281482635699,-0.270598049999559
0.65328148235138,0.270598049879099,-0.653281482635854,-0.270598049999465
0.653281482351339,0.270598049878917,-0.653281482636008,-0.270598049999372
0.653281482351299,0.270598049878735,-0.653281482636163,-0.270598049999278
0.653281482351258,0.270598049878553,-0.653281482636318,-0.270598049999185
0.653281482351219,0.270598049878371,-0.653281482636472,-0.270598049999091
0.653281482351178,0.27059804987819,-0.653281482636626,-0.270598049998997
0.653281482351138,0.270598049878008,-0.65328148263678,-0.270598049998904
0.653281482351099,0.270598049877826,-0.653281482636934,-0.27059804999881
0.653281482351059,0.270598049877644,-0.653281482637088,-0.270598049998716
0.653281482351019,0.270598049877462,-0.653281482637242,-0.270598049998622
0.653281482350979,0.27059804987728,-0.653281482637396,-0.270598049998528
0.65328148235094,0.270598049877099,-0.653281482637549,-0.270598049998434
0.6532814823509,0.270598049876917,-0.653281482637703,-0.270598049998341
0.653281482350861,0.270598049876735,-0.653281482637857,-0.270598049998247
0.653281482350822,0.270598049876553,-0.65328148263801,-0.270598049998152
0.653281482350783,0.270598049876372,-0.653281482638163,-0.270598049998058
0.653281482350744,0.27059804987619,-0.653281482638317,-0.270598049997964
0.653281482350705,0.270598049876008,-0.65328148263847,-0.27059804999787
0.653281482350666,0.270598049875827,-0.653281482638623,-0.270598049997775
0.653281482350627,0.270598049875645,-0.653281482638777,-0.270598049997681
0.653281482350588,0.270598049875463,-0.653281482638929,-0.270598049997587
0.65328148235055,0.270598049875282,-0.653281482639082,-0.270598049997492
0.653281482350512,0.2705980498751,-0.653281482639235,-0.270598049997398
0.653281482350473,0.270598049874918,-0.653281482639388,-0.270598049997304
0.653281482350435,0.270598049874737,-0.65328148263954,-0.270598049997209
0.653281482350397,0.270598049874555,-0.653281482639693,-0.270598049997114
0.653281482350358,0.270598049874374,-0.653281482639846,-0.27059804999702
0.653281482350321,0.270598049874192,-0.653281482639998,-0.270598049996925
0.653281482350282,0.27059804987401,-0.65328148264015,-0.270598049996831
0.653281482350245,0.270598049873829,-0.653281482640303,-0.270598049996736
0.653281482350207,0.270598049873647,-0.653281482640454,-0.270598049996641
0.65328148235017,0.270598049873466,-0.653281482640606,-0.270598049996546
0.653281482350132,0.270598049873284,-0.653281482640759,-0.270598049996452
0.653281482350094,0.270598049873103,-0.653281482640911,-0.270598049996357
0.653281482350057,0.270598049872921,-0.653281482641062,-0.270598049996261
0.65328148235002,0.27059804987274,-0.653281482641214,-0.270598049996167
0.653281482349983,0.270598049872559,-0.653281482641366,-0.270598049996071
0.653281482349946,0.270598049872377,-0.653281482641517,-0.270598049995976
0.653281482349909,0.270598049872196,-0.653281482641669,-0.270598049995882
0.653281482349872,0.270598049872014,-0.653281482641821,-0.270598049995786
0.653281482349835,0.270598049871833,-0.653281482641972,-0.270598049995691
0.653281482349798,0.270598049871652,-0.653281482642123,-0.270598049995596
0.653281482349762,0.27059804987147,-0.653281482642274,-0.270598049995501
0.653281482349725,0.270598049871289,-0.653281482642425,-0.270598049995405
0.653281482349689,0.270598049871108,-0.653281482642576,-0.27059804999531
0.653281482349652,0.270598049870926,-0.653281482642727,-0.270598049995215
0.653281482349616,0.270598049870745,-0.653281482642878,-0.270598049995119
0.65328148234958,0.270598049870563,-0.653281482643029,-0.270598049995023
0.653281482349544,0.270598049870383,-0.65328148264318,-0.270598049994928
0.653281482349508,0.270598049870201,-0.65328148264333,-0.270598049994832
0.653281482349472,0.27059804987002,-0.653281482643481,-0.270598049994737
0.653281482349437,0.270598049869839,-0.653281482643631,-0.270598049994641
0.653281482349401,0.270598049869658,-0.653281482643781,-0.270598049994546
0.653281482349365,0.270598049869476,-0.653281482643932,-0.27059804999445
0.65328148234933,0.270598049869295,-0.653281482644082,-0.270598049994354
0.653281482349295,0.270598049869114,-0.653281482644232,-0.270598049994258
0.653281482349259,0.270598049868933,-0.653281482644382,-0.270598049994162
0.653281482349224,0.270598049868752,-0.653281482644532,-0.270598049994066
0.653281482349189,0.270598049868571,-0.653281482644681,-0.27059804999397
0.653281482349154,0.270598049868389,-0.653281482644832,-0.270598049993874
0.653281482349119,0.270598049868208,-0.653281482644981,-0.270598049993778
0.653281482349085,0.270598049868027,-0.653281482645131,-0.270598049993682
0.65328148234905,0.270598049867846,-0.65328148264528,-0.270598049993586
0.653281482349015,0.270598049867665,-0.65328148264543,-0.27059804999349
0.653281482348981,0.270598049867484,-0.653281482645579,-0.270598049993394
0.653281482348946,0.270598049867303,-0.653281482645729,-0.270598049993297
0.653281482348912,0.270598049867122,-0.653281482645878,-0.270598049993201
0.653281482348878,0.270598049866941,-0.653281482646027,-0.270598049993104
0.653281482348843,0.27059804986676,-0.653281482646176,-0.270598049993008
0.65328148234881,0.270598049866579,-0.653281482646325,-0.270598049992912
0.653281482348776,0.270598049866398,-0.653281482646474,-0.270598049992815
0.653281482348742,0.270598049866217,-0.653281482646623,-0.270598049992719
0.653281482348708,0.270598049866036,-0.653281482646772,-0.270598049992622
0.653281482348674,0.270598049865855,-0.65328148264692,-0.270598049992525
0.65328148234864,0.270598049865674,-0.653281482647068,-0.270598049992428
0.653281482348607,0.270598049865493,-0.653281482647217,-0.270598049992332
0.653281482348574,0.270598049865312,-0.653281482647365,-0.270598049992235
0.65328148234854,0.270598049865132,-0.653281482647514,-0.270598049992138
0.653281482348507,0.270598049864951,-0.653281482647662,-0.270598049992042
0.653281482348474,0.27059804986477,-0.65328148264781,-0.270598049991945
0.653281482348441,0.270598049864589,-0.653281482647958,-0.270598049991848
0.653281482348408,0.270598049864408,-0.653281482648106,-0.270598049991751
0.653281482348375,0.270598049864227,-0.653281482648254,-0.270598049991654
0.653281482348343,0.270598049864047,-0.653281482648401,-0.270598049991557
0.65328148234831,0.270598049863866,-0.653281482648549,-0.27059804999146
0.653281482348277,0.270598049863685,-0.653281482648697,-0.270598049991362
0.653281482348245,0.270598049863504,-0.653281482648845,-0.270598049991265
0.653281482348213,0.270598049863324,-0.653281482648992,-0.270598049991168
0.65328148234818,0.270598049863143,-0.653281482649139,-0.270598049991071
0.653281482348148,0.270598049862962,-0.653281482649287,-0.270598049990974
0.653281482348116,0.270598049862782,-0.653281482649434,-0.270598049990876
0.653281482348084,0.270598049862601,-0.653281482649581,-0.270598049990779
0.653281482348053,0.27059804986242,-0.653281482649728,-0.270598049990681
0.653281482348021,0.27059804986224,-0.653281482649875,-0.270598049990584
0.653281482347989,0.270598049862059,-0.653281482650022,-0.270598049990486
0.653281482347957,0.270598049861878,-0.653281482650169,-0.270598049990389
0.653281482347926,0.270598049861698,-0.653281482650316,-0.270598049990291
0.653281482347894,0.270598049861517,-0.653281482650463,-0.270598049990194
0.653281482347863,0.270598049861337,-0.653281482650609,-0.270598049990096
0.653281482347832,0.270598049861156,-0.653281482650756,-0.270598049989998
0.653281482347801,0.270598049860975,-0.653281482650902,-0.2705980499899
0.65328148234777,0.270598049860795,-0.653281482651048,-0.270598049989802
0.653281482347739,0.270598049860614,-0.653281482651195,-0.270598049989704
0.653281482347708,0.270598049860434,-0.653281482651341,-0.270598049989606
0.653281482347678,0.270598049860253,-0.653281482651487,-0.270598049989509
0.653281482347647,0.270598049860073,-0.653281482651633,-0.270598049989411
0.653281482347616,0.270598049859892,-0.653281482651779,-0.270598049989312
0.653281482347586,0.270598049859712,-0.653281482651925,-0.270598049989214
0.653281482347556,0.270598049859531,-0.65328148265207,-0.270598049989116
0.653281482347525,0.27059804985935,-0.653281482652216,-0.270598049989018
0.653281482347495,0.27059804985917,-0.653281482652361,-0.27059804998892
0.653281482347465,0.27059804985899,-0.653281482652507,-0.270598049988821
0.653281482347435,0.270598049858809,-0.653281482652653,-0.270598049988723
0.653281482347405,0.270598049858629,-0.653281482652798,-0.270598049988625
0.653281482347375,0.270598049858449,-0.653281482652943,-0.270598049988526
0.653281482347346,0.270598049858268,-0.653281482653088,-0.270598049988428
0.653281482347316,0.270598049858088,-0.653281482653234,-0.27059804998833
0.653281482347286,0.270598049857907,-0.653281482653378,-0.270598049988231
0.653281482347257,0.270598049857727,-0.653281482653523,-0.270598049988132
0.653281482347228,0.270598049857547,-0.653281482653668,-0.270598049988034
0.653281482347198,0.270598049857367,-0.653281482653813,-0.270598049987935
0.653281482347169,0.270598049857186,-0.653281482653958,-0.270598049987836
0.65328148234714,0.270598049857006,-0.653281482654102,-0.270598049987738
0.653281482347111,0.270598049856826,-0.653281482654247,-0.270598049987639
0.653281482347082,0.270598049856645,-0.653281482654392,-0.27059804998754
0.653281482347054,0.270598049856465,-0.653281482654536,-0.270598049987441
0.653281482347025,0.270598049856285,-0.65328148265468,-0.270598049987342
0.653281482346997,0.270598049856105,-0.653281482654824,-0.270598049987243
0.653281482346968,0.270598049855924,-0.653281482654968,-0.270598049987144
0.65328148234694,0.270598049855744,-0.653281482655112,-0.270598049987045
0.653281482346912,0.270598049855564,-0.653281482655256,-0.270598049986946
0.653281482346883,0.270598049855383,-0.6532814826554,-0.270598049986847
0.653281482346855,0.270598049855203,-0.653281482655544,-0.270598049986748
0.653281482346827,0.270598049855023,-0.653281482655688,-0.270598049986648
0.6532814823468,0.270598049854843,-0.653281482655831,-0.270598049986549
0.653281482346772,0.270598049854663,-0.653281482655975,-0.27059804998645
0.653281482346744,0.270598049854483,-0.653281482656118,-0.270598049986351
0.653281482346716,0.270598049854303,-0.653281482656262,-0.270598049986251
0.653281482346689,0.270598049854122,-0.653281482656405,-0.270598049986151
0.653281482346661,0.270598049853943,-0.653281482656548,-0.270598049986052
0.653281482346634,0.270598049853762,-0.653281482656691,-0.270598049985952
0.653281482346607,0.270598049853583,-0.653281482656835,-0.270598049985853
0.65328148234658,0.270598049853402,-0.653281482656977,-0.270598049985753
0.653281482346553,0.270598049853222,-0.65328148265712,-0.270598049985654
0.653281482346526,0.270598049853043,-0.653281482657263,-0.270598049985554
0.653281482346499,0.270598049852862,-0.653281482657406,-0.270598049985454
0.653281482346473,0.270598049852682,-0.653281482657548,-0.270598049985354
0.653281482346446,0.270598049852502,-0.653281482657691,-0.270598049985254
0.653281482346419,0.270598049852322,-0.653281482657833,-0.270598049985154
0.653281482346392,0.270598049852142,-0.653281482657976,-0.270598049985055
0.653281482346366,0.270598049851962,-0.653281482658118,-0.270598049984955
0.65328148234634,0.270598049851782,-0.65328148265826,-0.270598049984855
0.653281482346314,0.270598049851603,-0.653281482658403,-0.270598049984755
0.653281482346288,0.270598049851423,-0.653281482658545,-0.270598049984655
0.653281482346261,0.270598049851243,-0.653281482658687,-0.270598049984555
0.653281482346236,0.270598049851063,-0.653281482658829,-0.270598049984454
0.65328148234621,0.270598049850883,-0.65328148265897,-0.270598049984354
0.653281482346184,0.270598049850703,-0.653281482659112,-0.270598049984254
0.653281482346159,0.270598049850523,-0.653281482659254,-0.270598049984153
0.653281482346133,0.270598049850343,-0.653281482659395,-0.270598049984053
0.653281482346108,0.270598049850163,-0.653281482659537,-0.270598049983953
0.653281482346083,0.270598049849984,-0.653281482659678,-0.270598049983852
0.653281482346057,0.270598049849804,-0.65328148265982,-0.270598049983752
0.653281482346032,0.270598049849624,-0.653281482659961,-0.270598049983651
0.653281482346007,0.270598049849444,-0.653281482660102,-0.27059804998355
0.653281482345982,0.270598049849264,-0.653281482660243,-0.27059804998345
0.653281482345957,0.270598049849085,-0.653281482660384,-0.270598049983349
0.653281482345933,0.270598049848905,-0.653281482660525,-0.270598049983248
0.653281482345908,0.270598049848725,-0.653281482660666,-0.270598049983148
0.653281482345883,0.270598049848545,-0.653281482660807,-0.270598049983047
0.653281482345859,0.270598049848366,-0.653281482660948,-0.270598049982946
0.653281482345835,0.270598049848186,-0.653281482661088,-0.270598049982845
0.653281482345811,0.270598049848006,-0.653281482661228,-0.270598049982744
0.653281482345786,0.270598049847826,-0.653281482661369,-0.270598049982643
0.653281482345762,0.270598049847647,-0.65328148266151,-0.270598049982542
0.653281482345738,0.270598049847467,-0.65328148266165,-0.270598049982441
0.653281482345714,0.270598049847287,-0.65328148266179,-0.27059804998234
0.65328148234569,0.270598049847108,-0.65328148266193,-0.270598049982239
0.653281482345667,0.270598049846928,-0.65328148266207,-0.270598049982137
0.653281482345643,0.270598049846748,-0.65328148266221,-0.270598049982036
0.65328148234562,0.270598049846569,-0.65328148266235,-0.270598049981935
0.653281482345596,0.270598049846389,-0.65328148266249,-0.270598049981834
0.653281482345573,0.27059804984621,-0.653281482662629,-0.270598049981732
0.65328148234555,0.27059804984603,-0.653281482662769,-0.270598049981631
0.653281482345527,0.27059804984585,-0.653281482662908,-0.270598049981529
0.653281482345504,0.270598049845671,-0.653281482663048,-0.270598049981428
0.653281482345481,0.270598049845491,-0.653281482663187,-0.270598049981326
0.653281482345458,0.270598049845312,-0.653281482663327,-0.270598049981224
0.653281482345435,0.270598049845132,-0.653281482663466,-0.270598049981123
0.653281482345412,0.270598049844953,-0.653281482663605,-0.270598049981021
0.65328148234539,0.270598049844773,-0.653281482663744,-0.27059804998092
0.653281482345367,0.270598049844594,-0.653281482663883,-0.270598049980818
0.653281482345345,0.270598049844414,-0.653281482664022,-0.270598049980716
0.653281482345323,0.270598049844235,-0.65328148266416,-0.270598049980614
0.653281482345301,0.270598049844055,-0.653281482664299,-0.270598049980512
0.653281482345278,0.270598049843876,-0.653281482664438,-0.27059804998041
0.653281482345256,0.270598049843696,-0.653281482664576,-0.270598049980308
0.653281482345235,0.270598049843517,-0.653281482664715,-0.270598049980206
0.653281482345213,0.270598049843338,-0.653281482664853,-0.270598049980104
0.653281482345191,0.270598049843158,-0.653281482664992,-0.270598049980002
0.65328148234517,0.270598049842979,-0.65328148266513,-0.2705980499799
0.653281482345148,0.2705980498428,-0.653281482665268,-0.270598049979798
0.653281482345127,0.27059804984262,-0.653281482665406,-0.270598049979695
0.653281482345105,0.270598049842441,-0.653281482665544,-0.270598049979593
0.653281482345084,0.270598049842261,-0.653281482665682,-0.27059804997949
0.653281482345063,0.270598049842082,-0.65328148266582,-0.270598049979388
0.653281482345042,0.270598049841902,-0.653281482665958,-0.270598049979285
0.653281482345021,0.270598049841723,-0.653281482666095,-0.270598049979183
0.653281482345,0.270598049841544,-0.653281482666233,-0.27059804997908
0.65328148234498,0.270598049841365,-0.65328148266637,-0.270598049978978
0.653281482344959,0.270598049841185,-0.653281482666508,-0.270598049978875
0.653281482344938,0.270598049841006,-0.653281482666645,-0.270598049978773
0.653281482344918,0.270598049840827,-0.653281482666783,-0.27059804997867
0.653281482344898,0.270598049840647,-0.653281482666919,-0.270598049978567
0.653281482344877,0.270598049840468,-0.653281482667056,-0.270598049978464
0.653281482344857,0.270598049840289,-0.653281482667194,-0.270598049978361
0.653281482344837,0.27059804984011,-0.653281482667331,-0.270598049978259
0.653281482344817,0.270598049839931,-0.653281482667468,-0.270598049978156
0.653281482344797,0.270598049839751,-0.653281482667604,-0.270598049978053
0.653281482344777,0.270598049839572,-0.653281482667741,-0.27059804997795
0.653281482344758,0.270598049839393,-0.653281482667878,-0.270598049977847
0.653281482344738,0.270598049839214,-0.653281482668014,-0.270598049977744
0.653281482344719,0.270598049839035,-0.653281482668151,-0.27059804997764
0.653281482344699,0.270598049838856,-0.653281482668287,-0.270598049977537
0.65328148234468,0.270598049838676,-0.653281482668423,-0.270598049977434
0.653281482344661,0.270598049838497,-0.653281482668559,-0.270598049977331
0.653281482344641,0.270598049838318,-0.653281482668696,-0.270598049977227
0.653281482344623,0.270598049838139,-0.653281482668831,-0.270598049977124
0.653281482344604,0.27059804983796,-0.653281482668967,-0.27059804997702
0.653281482344585,0.270598049837781,-0.653281482669103,-0.270598049976917
0.653281482344566,0.270598049837602,-0.653281482669239,-0.270598049976813
0.653281482344548,0.270598049837423,-0.653281482669375,-0.27059804997671
0.653281482344529,0.270598049837243,-0.65328148266951,-0.270598049976606
0.65328148234451,0.270598049837064,-0.653281482669646,-0.270598049976502
0.653281482344492,0.270598049836885,-0.653281482669781,-0.270598049976399
0.653281482344474,0.270598049836706,-0.653281482669917,-0.270598049976295
0.653281482344456,0.270598049836527,-0.653281482670052,-0.270598049976192
0.653281482344438,0.270598049836348,-0.653281482670187,-0.270598049976088
0.65328148234442,0.270598049836169,-0.653281482670322,-0.270598049975984
0.653281482344402,0.27059804983599,-0.653281482670457,-0.27059804997588
0.653281482344384,0.270598049835811,-0.653281482670592,-0.270598049975776
0.653281482344367,0.270598049835632,-0.653281482670727,-0.270598049975672
0.653281482344349,0.270598049835453,-0.653281482670862,-0.270598049975568
0.653281482344331,0.270598049835274,-0.653281482670997,-0.270598049975464
0.653281482344314,0.270598049835096,-0.653281482671131,-0.27059804997536
0.653281482344297,0.270598049834916,-0.653281482671266,-0.270598049975255
0.653281482344279,0.270598049834738,-0.6532814826714,-0.270598049975151
0.653281482344262,0.270598049834559,-0.653281482671535,-0.270598049975047
0.653281482344246,0.27059804983438,-0.653281482671669,-0.270598049974942
0.653281482344228,0.270598049834201,-0.653281482671803,-0.270598049974838
0.653281482344212,0.270598049834022,-0.653281482671937,-0.270598049974734
0.653281482344195,0.270598049833843,-0.653281482672072,-0.270598049974629
0.653281482344178,0.270598049833664,-0.653281482672205,-0.270598049974525
0.653281482344162,0.270598049833485,-0.65328148267234,-0.27059804997442
0.653281482344145,0.270598049833307,-0.653281482672473,-0.270598049974316
0.653281482344129,0.270598049833128,-0.653281482672607,-0.270598049974211
0.653281482344113,0.270598049832949,-0.653281482672741,-0.270598049974106
0.653281482344097,0.27059804983277,-0.653281482672874,-0.270598049974002
0.653281482344081,0.270598049832591,-0.653281482673008,-0.270598049973897
0.653281482344065,0.270598049832413,-0.653281482673141,-0.270598049973792
0.653281482344049,0.270598049832234,-0.653281482673274,-0.270598049973687
0.653281482344033,0.270598049832055,-0.653281482673408,-0.270598049973582
0.653281482344017,0.270598049831876,-0.653281482673541,-0.270598049973477
0.653281482344002,0.270598049831697,-0.653281482673674,-0.270598049973373
0.653281482343987,0.270598049831519,-0.653281482673807,-0.270598049973268
0.653281482343971,0.27059804983134,-0.65328148267394,-0.270598049973163
0.653281482343956,0.270598049831161,-0.653281482674073,-0.270598049973057
0.653281482343941,0.270598049830982,-0.653281482674206,-0.270598049972952
0.653281482343926,0.270598049830804,-0.653281482674338,-0.270598049972847
0.653281482343911,0.270598049830625,-0.653281482674471,-0.270598049972742
0.653281482343896,0.270598049830446,-0.653281482674604,-0.270598049972636
0.653281482343881,0.270598049830267,-0.653281482674736,-0.270598049972531
0.653281482343866,0.270598049830089,-0.653281482674868,-0.270598049972425
0.653281482343852,0.27059804982991,-0.653281482675001,-0.27059804997232
0.653281482343837,0.270598049829731,-0.653281482675133,-0.270598049972214
0.653281482343823,0.270598049829553,-0.653281482675265,-0.270598049972109
0.653281482343808,0.270598049829374,-0.653281482675397,-0.270598049972004
0.653281482343794,0.270598049829196,-0.653281482675529,-0.270598049971898
0.65328148234378,0.270598049829017,-0.653281482675661,-0.270598049971792
0.653281482343766,0.270598049828838,-0.653281482675793,-0.270598049971687
0.653281482343752,0.27059804982866,-0.653281482675924,-0.270598049971581
0.653281482343738,0.270598049828481,-0.653281482676056,-0.270598049971475
0.653281482343725,0.270598049828302,-0.653281482676187,-0.270598049971369
0.653281482343711,0.270598049828124,-0.653281482676319,-0.270598049971263
0.653281482343697,0.270598049827945,-0.65328148267645,-0.270598049971158
0.653281482343684,0.270598049827767,-0.653281482676582,-0.270598049971052
0.653281482343671,0.270598049827588,-0.653281482676713,-0.270598049970945
0.653281482343657,0.27059804982741,-0.653281482676844,-0.27059804997084
0.653281482343644,0.270598049827231,-0.653281482676975,-0.270598049970733
0.653281482343631,0.270598049827053,-0.653281482677106,-0.270598049970627
0.653281482343618,0.270598049826874,-0.653281482677237,-0.270598049970521
0.653281482343605,0.270598049826696,-0.653281482677367,-0.270598049970415
0.653281482343593,0.270598049826517,-0.653281482677498,-0.270598049970308
0.65328148234358,0.270598049826339,-0.653281482677629,-0.270598049970202
0.653281482343567,0.27059804982616,-0.653281482677759,-0.270598049970095
0.653281482343555,0.270598049825982,-0.65328148267789,-0.270598049969989
0.653281482343543,0.270598049825803,-0.653281482678021,-0.270598049969883
0.65328148234353,0.270598049825625,-0.653281482678151,-0.270598049969776
0.653281482343518,0.270598049825446,-0.653281482678281,-0.27059804996967
0.653281482343506,0.270598049825268,-0.653281482678411,-0.270598049969563
0.653281482343494,0.270598049825089,-0.653281482678541,-0.270598049969456
0.653281482343482,0.270598049824911,-0.653281482678671,-0.27059804996935
0.65328148234347,0.270598049824733,-0.653281482678801,-0.270598049969243
0.653281482343459,0.270598049824554,-0.653281482678931,-0.270598049969136
0.653281482343447,0.270598049824376,-0.653281482679061,-0.270598049969029
0.653281482343435,0.270598049824197,-0.653281482679191,-0.270598049968923
0.653281482343424,0.270598049824019,-0.65328148267932,-0.270598049968816
0.653281482343413,0.270598049823841,-0.65328148267945,-0.270598049968708
0.653281482343402,0.270598049823662,-0.653281482679579,-0.270598049968601
0.65328148234339,0.270598049823484,-0.653281482679709,-0.270598049968495
0.65328148234338,0.270598049823305,-0.653281482679838,-0.270598049968387
0.653281482343368,0.270598049823127,-0.653281482679967,-0.27059804996828
0.653281482343357,0.270598049822949,-0.653281482680096,-0.270598049968173
0.653281482343347,0.27059804982277,-0.653281482680225,-0.270598049968066
0.653281482343336,0.270598049822592,-0.653281482680354,-0.270598049967959
0.653281482343326,0.270598049822414,-0.653281482680483,-0.270598049967851
0.653281482343315,0.270598049822235,-0.653281482680611,-0.270598049967744
0.653281482343305,0.270598049822057,-0.65328148268074,-0.270598049967637
0.653281482343295,0.270598049821879,-0.653281482680869,-0.270598049967529
0.653281482343284,0.270598049821701,-0.653281482680997,-0.270598049967422
0.653281482343274,0.270598049821522,-0.653281482681126,-0.270598049967314
0.653281482343264,0.270598049821344,-0.653281482681254,-0.270598049967206
0.653281482343254,0.270598049821166,-0.653281482681383,-0.270598049967099
0.653281482343245,0.270598049820988,-0.653281482681511,-0.270598049966991
0.653281482343235,0.270598049820809,-0.653281482681639,-0.270598049966883
0.653281482343225,0.270598049820631,-0.653281482681767,-0.270598049966776
0.653281482343216,0.270598049820453,-0.653281482681895,-0.270598049966668
0.653281482343206,0.270598049820275,-0.653281482682023,-0.27059804996656
0.653281482343197,0.270598049820097,-0.653281482682151,-0.270598049966452
0.653281482343188,0.270598049819919,-0.653281482682278,-0.270598049966344
0.653281482343179,0.27059804981974,-0.653281482682406,-0.270598049966236
0.65328148234317,0.270598049819562,-0.653281482682533,-0.270598049966128
0.653281482343161,0.270598049819384,-0.653281482682661,-0.27059804996602
0.653281482343152,0.270598049819206,-0.653281482682789,-0.270598049965912
0.653281482343144,0.270598049819028,-0.653281482682916,-0.270598049965804
0.653281482343135,0.27059804981885,-0.653281482683043,-0.270598049965695
0.653281482343126,0.270598049818672,-0.65328148268317,-0.270598049965587
0.653281482343118,0.270598049818493,-0.653281482683297,-0.270598049965479
0.65328148234311,0.270598049818315,-0.653281482683424,-0.270598049965371
0.653281482343101,0.270598049818137,-0.653281482683551,-0.270598049965262
0.653281482343093,0.270598049817959,-0.653281482683678,-0.270598049965153
0.653281482343085,0.270598049817781,-0.653281482683805,-0.270598049965045
0.653281482343077,0.270598049817603,-0.653281482683931,-0.270598049964937
0.653281482343069,0.270598049817425,-0.653281482684058,-0.270598049964828
0.653281482343061,0.270598049817247,-0.653281482684185,-0.270598049964719
0.653281482343054,0.270598049817069,-0.653281482684311,-0.270598049964611
0.653281482343047,0.270598049816891,-0.653281482684437,-0.270598049964502
0.653281482343039,0.270598049816713,-0.653281482684564,-0.270598049964393
0.653281482343032,0.270598049816535,-0.653281482684689,-0.270598049964284
0.653281482343024,0.270598049816357,-0.653281482684816,-0.270598049964175
0.653281482343017,0.270598049816178,-0.653281482684942,-0.270598049964067
0.65328148234301,0.270598049816,-0.653281482685068,-0.270598049963957
0.653281482343003,0.270598049815822,-0.653281482685193,-0.270598049963849
0.653281482342996,0.270598049815644,-0.653281482685319,-0.27059804996374
0.65328148234299,0.270598049815466,-0.653281482685445,-0.27059804996363
0.653281482342983,0.270598049815288,-0.65328148268557,-0.270598049963521
0.653281482342976,0.27059804981511,-0.653281482685696,-0.270598049963412
0.65328148234297,0.270598049814932,-0.653281482685821,-0.270598049963303
0.653281482342964,0.270598049814754,-0.653281482685947,-0.270598049963193
0.653281482342957,0.270598049814577,-0.653281482686072,-0.270598049963084
0.653281482342951,0.270598049814399,-0.653281482686197,-0.270598049962975
0.653281482342945,0.270598049814221,-0.653281482686322,-0.270598049962865
0.653281482342939,0.270598049814043,-0.653281482686447,-0.270598049962756
0.653281482342933,0.270598049813865,-0.653281482686572,-0.270598049962647
0.653281482342927,0.270598049813687,-0.653281482686697,-0.270598049962537
0.653281482342921,0.270598049813509,-0.653281482686822,-0.270598049962428
0.653281482342916,0.270598049813331,-0.653281482686947,-0.270598049962318
0.65328148234291,0.270598049813153,-0.653281482687071,-0.270598049962208
0.653281482342905,0.270598049812975,-0.653281482687196,-0.270598049962098
0.6532814823429,0.270598049812797,-0.65328148268732,-0.270598049961988
0.653281482342894,0.27059804981262,-0.653281482687445,-0.270598049961879
0.653281482342889,0.270598049812442,-0.653281482687569,-0.270598049961769
0.653281482342884,0.270598049812264,-0.653281482687693,-0.270598049961659
0.653281482342879,0.270598049812086,-0.653281482687817,-0.270598049961549
0.653281482342874,0.270598049811908,-0.653281482687942,-0.270598049961439
0.65328148234287,0.27059804981173,-0.653281482688066,-0.270598049961329
0.653281482342865,0.270598049811553,-0.65328148268819,-0.270598049961219
0.653281482342861,0.270598049811375,-0.653281482688313,-0.270598049961109
0.653281482342856,0.270598049811197,-0.653281482688437,-0.270598049960998
0.653281482342852,0.270598049811019,-0.653281482688561,-0.270598049960889
0.653281482342847,0.270598049810841,-0.653281482688684,-0.270598049960778
0.653281482342843,0.270598049810663,-0.653281482688807,-0.270598049960668
0.653281482342839,0.270598049810486,-0.653281482688931,-0.270598049960558
0.653281482342835,0.270598049810308,-0.653281482689055,-0.270598049960447
0.653281482342831,0.27059804981013,-0.653281482689178,-0.270598049960337
0.653281482342828,0.270598049809952,-0.653281482689301,-0.270598049960226
0.653281482342824,0.270598049809774,-0.653281482689424,-0.270598049960115
0.65328148234282,0.270598049809597,-0.653281482689547,-0.270598049960005
0.653281482342817,0.270598049809419,-0.65328148268967,-0.270598049959894
0.653281482342814,0.270598049809241,-0.653281482689793,-0.270598049959784
0.65328148234281,0.270598049809063,-0.653281482689915,-0.270598049959673
0.653281482342807,0.270598049808886,-0.653281482690038,-0.270598049959562
0.653281482342804,0.270598049808708,-0.653281482690161,-0.270598049959451
0.653281482342801,0.27059804980853,-0.653281482690284,-0.270598049959341
0.653281482342798,0.270598049808353,-0.653281482690406,-0.270598049959229
0.653281482342795,0.270598049808175,-0.653281482690528,-0.270598049959119
0.653281482342793,0.270598049807997,-0.65328148269065,-0.270598049959007
0.65328148234279,0.270598049807819,-0.653281482690773,-0.270598049958896
0.653281482342788,0.270598049807642,-0.653281482690895,-0.270598049958785
0.653281482342785,0.270598049807464,-0.653281482691017,-0.270598049958674
0.653281482342782,0.270598049807287,-0.653281482691139,-0.270598049958563
0.653281482342781,0.270598049807109,-0.653281482691261,-0.270598049958452
0.653281482342778,0.270598049806931,-0.653281482691383,-0.270598049958341
0.653281482342776,0.270598049806753,-0.653281482691504,-0.270598049958229
0.653281482342774,0.270598049806576,-0.653281482691626,-0.270598049958118
0.653281482342773,0.270598049806398,-0.653281482691747,-0.270598049958007
0.653281482342771,0.270598049806221,-0.653281482691869,-0.270598049957895
0.653281482342769,0.270598049806043,-0.65328148269199,-0.270598049957784
0.653281482342768,0.270598049805865,-0.653281482692112,-0.270598049957672
0.653281482342766,0.270598049805688,-0.653281482692233,-0.270598049957561
0.653281482342765,0.27059804980551,-0.653281482692354,-0.270598049957449
0.653281482342764,0.270598049805332,-0.653281482692475,-0.270598049957337
0.653281482342763,0.270598049805155,-0.653281482692596,-0.270598049957225
0.653281482342762,0.270598049804977,-0.653281482692717,-0.270598049957113
0.653281482342761,0.2705980498048,-0.653281482692837,-0.270598049957002
0.65328148234276,0.270598049804623,-0.653281482692959,-0.27059804995689
0.653281482342759,0.270598049804445,-0.653281482693079,-0.270598049956778
0.653281482342758,0.270598049804267,-0.6532814826932,-0.270598049956666
0.653281482342758,0.27059804980409,-0.65328148269332,-0.270598049956554
0.653281482342758,0.270598049803912,-0.653281482693441,-0.270598049956442
0.653281482342757,0.270598049803734,-0.653281482693561,-0.27059804995633
0.653281482342757,0.270598049803557,-0.653281482693681,-0.270598049956218
0.653281482342757,0.27059804980338,-0.653281482693801,-0.270598049956105
0.653281482342756,0.270598049803202,-0.653281482693922,-0.270598049955993
0.653281482342756,0.270598049803025,-0.653281482694042,-0.270598049955881
0.653281482342756,0.270598049802847,-0.653281482694162,-0.270598049955769
0.653281482342757,0.270598049802669,-0.653281482694281,-0.270598049955656
0.653281482342757,0.270598049802492,-0.653281482694401,-0.270598049955544
0.653281482342757,0.270598049802315,-0.653281482694521,-0.270598049955432
0.653281482342758,0.270598049802137,-0.65328148269464,-0.270598049955319
0.653281482342759,0.27059804980196,-0.65328148269476,-0.270598049955207
0.653281482342759,0.270598049801782,-0.653281482694879,-0.270598049955094
0.65328148234276,0.270598049801605,-0.653281482694999,-0.270598049954981
0.653281482342761,0.270598049801427,-0.653281482695118,-0.270598049954868
0.653281482342762,0.27059804980125,-0.653281482695237,-0.270598049954756
0.653281482342763,0.270598049801072,-0.653281482695356,-0.270598049954643
0.653281482342764,0.270598049800895,-0.653281482695475,-0.27059804995453
0.653281482342766,0.270598049800718,-0.653281482695594,-0.270598049954417
0.653281482342767,0.27059804980054,-0.653281482695713,-0.270598049954304
0.653281482342768,0.270598049800363,-0.653281482695832,-0.270598049954191
0.65328148234277,0.270598049800185,-0.653281482695951,-0.270598049954078
0.653281482342772,0.270598049800008,-0.65328148269607,-0.270598049953965
0.653281482342774,0.27059804979983,-0.653281482696188,-0.270598049953852
0.653281482342775,0.270598049799653,-0.653281482696306,-0.270598049953739
0.653281482342777,0.270598049799476,-0.653281482696425,-0.270598049953626
0.653281482342779,0.270598049799298,-0.653281482696543,-0.270598049953512
0.653281482342782,0.270598049799121,-0.653281482696661,-0.270598049953399
0.653281482342784,0.270598049798943,-0.653281482696779,-0.270598049953285
0.653281482342786,0.270598049798766,-0.653281482696898,-0.270598049953172
0.653281482342789,0.270598049798589,-0.653281482697015,-0.270598049953059
0.653281482342791,0.270598049798411,-0.653281482697133,-0.270598049952945
0.653281482342794,0.270598049798234,-0.653281482697252,-0.270598049952832
0.653281482342797,0.270598049798057,-0.653281482697369,-0.270598049952718
0.653281482342799,0.270598049797879,-0.653281482697487,-0.270598049952605
0.653281482342802,0.270598049797702,-0.653281482697604,-0.270598049952491
0.653281482342805,0.270598049797525,-0.653281482697722,-0.270598049952377
0.653281482342809,0.270598049797347,-0.653281482697839,-0.270598049952263
0.653281482342812,0.27059804979717,-0.653281482697957,-0.27059804995215
0.653281482342815,0.270598049796993,-0.653281482698074,-0.270598049952036
0.653281482342819,0.270598049796815,-0.653281482698191,-0.270598049951922
0.653281482342822,0.270598049796638,-0.653281482698308,-0.270598049951808
0.653281482342826,0.270598049796461,-0.653281482698425,-0.270598049951694
0.65328148234283,0.270598049796284,-0.653281482698542,-0.27059804995158
0.653281482342833,0.270598049796106,-0.653281482698659,-0.270598049951466
0.653281482342837,0.270598049795929,-0.653281482698776,-0.270598049951351
0.653281482342841,0.270598049795752,-0.653281482698892,-0.270598049951237
0.653281482342846,0.270598049795574,-0.653281482699009,-0.270598049951123
0.65328148234285,0.270598049795397,-0.653281482699126,-0.270598049951009
0.653281482342854,0.27059804979522,-0.653281482699242,-0.270598049950895
0.653281482342859,0.270598049795043,-0.653281482699358,-0.27059804995078
0.653281482342863,0.270598049794865,-0.653281482699475,-0.270598049950666
0.653281482342868,0.270598049794688,-0.653281482699591,-0.270598049950551
0.653281482342872,0.270598049794511,-0.653281482699707,-0.270598049950437
0.653281482342877,0.270598049794334,-0.653281482699823,-0.270598049950322
0.653281482342882,0.270598049794157,-0.653281482699939,-0.270598049950208
0.653281482342887,0.270598049793979,-0.653281482700055,-0.270598049950093
0.653281482342892,0.270598049793802,-0.65328148270017,-0.270598049949978
0.653281482342897,0.270598049793625,-0.653281482700286,-0.270598049949864
0.653281482342903,0.270598049793448,-0.653281482700402,-0.270598049949749
0.653281482342908,0.270598049793271,-0.653281482700517,-0.270598049949634
0.653281482342914,0.270598049793093,-0.653281482700633,-0.270598049949519
0.653281482342919,0.270598049792916,-0.653281482700748,-0.270598049949405
0.653281482342925,0.270598049792739,-0.653281482700864,-0.270598049949289
0.653281482342931,0.270598049792562,-0.653281482700979,-0.270598049949174
0.653281482342937,0.270598049792384,-0.653281482701094,-0.270598049949059
0.653281482342943,0.270598049792207,-0.65328148270121,-0.270598049948944
0.653281482342949,0.27059804979203,-0.653281482701324,-0.270598049948829
0.653281482342955,0.270598049791853,-0.653281482701439,-0.270598049948714
0.653281482342961,0.270598049791676,-0.653281482701554,-0.270598049948599
0.653281482342967,0.270598049791499,-0.653281482701669,-0.270598049948483
0.653281482342974,0.270598049791322,-0.653281482701783,-0.270598049948368
0.65328148234298,0.270598049791144,-0.653281482701898,-0.270598049948253
0.653281482342987,0.270598049790967,-0.653281482702013,-0.270598049948137
0.653281482342994,0.27059804979079,-0.653281482702127,-0.270598049948022
0.653281482343001,0.270598049790613,-0.653281482702241,-0.270598049947906
0.653281482343008,0.270598049790436,-0.653281482702356,-0.270598049947791
0.653281482343015,0.270598049790259,-0.65328148270247,-0.270598049947675
0.653281482343022,0.270598049790082,-0.653281482702584,-0.270598049947559
0.653281482343029,0.270598049789904,-0.653281482702698,-0.270598049947444
0.653281482343036,0.270598049789727,-0.653281482702812,-0.270598049947328
0.653281482343044,0.27059804978955,-0.653281482702926,-0.270598049947212
0.653281482343051,0.270598049789373,-0.65328148270304,-0.270598049947096
0.653281482343059,0.270598049789196,-0.653281482703153,-0.27059804994698
0.653281482343067,0.270598049789019,-0.653281482703267,-0.270598049946864
0.653281482343075,0.270598049788842,-0.653281482703381,-0.270598049946748
0.653281482343083,0.270598049788665,-0.653281482703494,-0.270598049946633
0.653281482343091,0.270598049788488,-0.653281482703607,-0.270598049946516
0.653281482343099,0.270598049788311,-0.65328148270372,-0.2705980499464
0.653281482343107,0.270598049788134,-0.653281482703834,-0.270598049946284
0.653281482343116,0.270598049787957,-0.653281482703947,-0.270598049946168
0.653281482343124,0.27059804978778,-0.65328148270406,-0.270598049946052
0.653281482343132,0.270598049787602,-0.653281482704173,-0.270598049945936
0.653281482343141,0.270598049787425,-0.653281482704286,-0.270598049945819
0.65328148234315,0.270598049787248,-0.653281482704399,-0.270598049945703
0.653281482343159,0.270598049787071,-0.653281482704512,-0.270598049945586
0.653281482343168,0.270598049786894,-0.653281482704624,-0.27059804994547
0.653281482343177,0.270598049786717,-0.653281482704737,-0.270598049945353
0.653281482343186,0.27059804978654,-0.653281482704849,-0.270598049945237
0.653281482343195,0.270598049786363,-0.653281482704961,-0.27059804994512
0.653281482343204,0.270598049786186,-0.653281482705074,-0.270598049945003
0.653281482343214,0.270598049786009,-0.653281482705186,-0.270598049944887
0.653281482343223,0.270598049785832,-0.653281482705299,-0.27059804994477
0.653281482343233,0.270598049785655,-0.65328148270541,-0.270598049944653
0.653281482343243,0.270598049785478,-0.653281482705522,-0.270598049944536
0.653281482343252,0.270598049785301,-0.653281482705634,-0.270598049944419
0.653281482343263,0.270598049785124,-0.653281482705746,-0.270598049944302
0.653281482343272,0.270598049784947,-0.653281482705858,-0.270598049944185
0.653281482343283,0.27059804978477,-0.65328148270597,-0.270598049944068
0.653281482343293,0.270598049784593,-0.653281482706081,-0.270598049943951
0.653281482343303,0.270598049784416,-0.653281482706193,-0.270598049943834
0.653281482343314,0.270598049784239,-0.653281482706304,-0.270598049943717
0.653281482343324,0.270598049784062,-0.653281482706415,-0.270598049943599
0.653281482343335,0.270598049783885,-0.653281482706527,-0.270598049943482
0.653281482343345,0.270598049783708,-0.653281482706638,-0.270598049943365
0.653281482343356,0.270598049783531,-0.653281482706749,-0.270598049943248
0.653281482343367,0.270598049783355,-0.65328148270686,-0.27059804994313
0.653281482343378,0.270598049783177,-0.653281482706971,-0.270598049943013
0.653281482343389,0.270598049783,-0.653281482707082,-0.270598049942895
0.6532814823434,0.270598049782823,-0.653281482707193,-0.270598049942777
0.653281482343411,0.270598049782646,-0.653281482707304,-0.27059804994266
0.653281482343423,0.27059804978247,-0.653281482707414,-0.270598049942542
0.653281482343434,0.270598049782293,-0.653281482707525,-0.270598049942424
0.653281482343446,0.270598049782115,-0.653281482707635,-0.270598049942307
0.653281482343458,0.270598049781939,-0.653281482707745,-0.270598049942189
0.653281482343469,0.270598049781762,-0.653281482707856,-0.270598049942071
0.653281482343481,0.270598049781585,-0.653281482707966,-0.270598049941953
0.653281482343493,0.270598049781408,-0.653281482708076,-0.270598049941835
0.653281482343505,0.270598049781231,-0.653281482708186,-0.270598049941717
0.653281482343518,0.270598049781054,-0.653281482708296,-0.270598049941599
0.65328148234353,0.270598049780877,-0.653281482708406,-0.270598049941481
0.653281482343542,0.2705980497807,-0.653281482708516,-0.270598049941363
0.653281482343555,0.270598049780524,-0.653281482708626,-0.270598049941245
0.653281482343567,0.270598049780347,-0.653281482708735,-0.270598049941126
0.65328148234358,0.27059804978017,-0.653281482708845,-0.270598049941008
0.653281482343593,0.270598049779993,-0.653281482708954,-0.27059804994089
0.653281482343606,0.270598049779816,-0.653281482709064,-0.270598049940772
0.653281482343619,0.270598049779639,-0.653281482709173,-0.270598049940653
0.653281482343631,0.270598049779462,-0.653281482709283,-0.270598049940535
0.653281482343645,0.270598049779285,-0.653281482709392,-0.270598049940416
0.653281482343658,0.270598049779108,-0.653281482709501,-0.270598049940298
0.653281482343672,0.270598049778932,-0.65328148270961,-0.270598049940179
0.653281482343685,0.270598049778755,-0.653281482709719,-0.270598049940061
0.653281482343698,0.270598049778578,-0.653281482709827,-0.270598049939942
0.653281482343712,0.270598049778401,-0.653281482709936,-0.270598049939823
0.653281482343726,0.270598049778224,-0.653281482710045,-0.270598049939704
0.65328148234374,0.270598049778047,-0.653281482710154,-0.270598049939585
0.653281482343754,0.27059804977787,-0.653281482710262,-0.270598049939466
0.653281482343767,0.270598049777694,-0.653281482710371,-0.270598049939348
0.653281482343782,0.270598049777517,-0.653281482710479,-0.270598049939229
0.653281482343796,0.27059804977734,-0.653281482710588,-0.27059804993911
0.65328148234381,0.270598049777163,-0.653281482710696,-0.270598049938991
0.653281482343825,0.270598049776986,-0.653281482710804,-0.270598049938871
0.65328148234384,0.27059804977681,-0.653281482710912,-0.270598049938752
0.653281482343854,0.270598049776633,-0.65328148271102,-0.270598049938633
0.653281482343869,0.270598049776456,-0.653281482711128,-0.270598049938514
0.653281482343884,0.270598049776279,-0.653281482711235,-0.270598049938395
0.653281482343898,0.270598049776102,-0.653281482711343,-0.270598049938275
0.653281482343913,0.270598049775925,-0.653281482711451,-0.270598049938156
0.653281482343929,0.270598049775749,-0.653281482711559,-0.270598049938036
0.653281482343944,0.270598049775572,-0.653281482711667,-0.270598049937917
0.653281482343959,0.270598049775395,-0.653281482711774,-0.270598049937797
0.653281482343975,0.270598049775218,-0.653281482711881,-0.270598049937678
0.65328148234399,0.270598049775041,-0.653281482711988,-0.270598049937558
0.653281482344006,0.270598049774864,-0.653281482712096,-0.270598049937439
0.653281482344022,0.270598049774688,-0.653281482712203,-0.270598049937319
0.653281482344038,0.270598049774511,-0.653281482712309,-0.270598049937199
0.653281482344053,0.270598049774334,-0.653281482712416,-0.270598049937079
0.653281482344069,0.270598049774157,-0.653281482712523,-0.270598049936959
0.653281482344086,0.27059804977398,-0.65328148271263,-0.27059804993684
0.653281482344102,0.270598049773803,-0.653281482712737,-0.27059804993672
0.653281482344118,0.270598049773627,-0.653281482712843,-0.2705980499366
0.653281482344135,0.27059804977345,-0.65328148271295,-0.27059804993648
0.653281482344151,0.270598049773273,-0.653281482713056,-0.270598049936359
0.653281482344167,0.270598049773097,-0.653281482713163,-0.270598049936239
0.653281482344184,0.27059804977292,-0.653281482713269,-0.270598049936119
0.653281482344201,0.270598049772743,-0.653281482713375,-0.270598049935999
0.653281482344218,0.270598049772566,-0.653281482713482,-0.270598049935879
0.653281482344235,0.270598049772389,-0.653281482713587,-0.270598049935758
0.653281482344252,0.270598049772213,-0.653281482713693,-0.270598049935638
0.65328148234427,0.270598049772036,-0.653281482713799,-0.270598049935518
0.653281482344287,0.270598049771859,-0.653281482713905,-0.270598049935397
0.653281482344304,0.270598049771683,-0.653281482714011,-0.270598049935277
0.653281482344322,0.270598049771506,-0.653281482714116,-0.270598049935156
0.653281482344339,0.270598049771329,-0.653281482714222,-0.270598049935035
0.653281482344357,0.270598049771152,-0.653281482714328,-0.270598049934915
0.653281482344375,0.270598049770975,-0.653281482714433,-0.270598049934794
0.653281482344393,0.270598049770799,-0.653281482714538,-0.270598049934673
0.653281482344411,0.270598049770622,-0.653281482714643,-0.270598049934552
0.653281482344429,0.270598049770445,-0.653281482714749,-0.270598049934432
0.653281482344447,0.270598049770268,-0.653281482714853,-0.27059804993431
0.653281482344465,0.270598049770092,-0.653281482714958,-0.270598049934189
0.653281482344484,0.270598049769915,-0.653281482715064,-0.270598049934069
0.653281482344502,0.270598049769738,-0.653281482715168,-0.270598049933947
0.653281482344521,0.270598049769562,-0.653281482715273,-0.270598049933826
0.65328148234454,0.270598049769385,-0.653281482715378,-0.270598049933705
0.653281482344558,0.270598049769208,-0.653281482715482,-0.270598049933584
0.653281482344577,0.270598049769031,-0.653281482715587,-0.270598049933463
0.653281482344596,0.270598049768855,-0.653281482715691,-0.270598049933341
0.653281482344615,0.270598049768678,-0.653281482715796,-0.27059804993322
0.653281482344635,0.270598049768501,-0.6532814827159,-0.270598049933099
0.653281482344654,0.270598049768325,-0.653281482716004,-0.270598049932978
0.653281482344673,0.270598049768148,-0.653281482716108,-0.270598049932856
0.653281482344693,0.270598049767971,-0.653281482716212,-0.270598049932735
0.653281482344712,0.270598049767795,-0.653281482716316,-0.270598049932613
0.653281482344732,0.270598049767618,-0.65328148271642,-0.270598049932491
0.653281482344752,0.270598049767441,-0.653281482716524,-0.27059804993237
0.653281482344771,0.270598049767265,-0.653281482716628,-0.270598049932248
0.653281482344792,0.270598049767088,-0.653281482716731,-0.270598049932126
0.653281482344812,0.270598049766911,-0.653281482716835,-0.270598049932004
0.653281482344832,0.270598049766735,-0.653281482716938,-0.270598049931883
0.653281482344852,0.270598049766558,-0.653281482717041,-0.270598049931761
0.653281482344872,0.270598049766381,-0.653281482717145,-0.270598049931639
0.653281482344893,0.270598049766204,-0.653281482717248,-0.270598049931517
0.653281482344913,0.270598049766028,-0.653281482717351,-0.270598049931395
0.653281482344934,0.270598049765851,-0.653281482717455,-0.270598049931273
0.653281482344955,0.270598049765675,-0.653281482717557,-0.27059804993115
0.653281482344976,0.270598049765498,-0.653281482717661,-0.270598049931028
0.653281482344997,0.270598049765321,-0.653281482717763,-0.270598049930906
0.653281482345018,0.270598049765144,-0.653281482717866,-0.270598049930783
0.653281482345039,0.270598049764968,-0.653281482717969,-0.270598049930662
0.65328148234506,0.270598049764791,-0.653281482718071,-0.270598049930539
0.653281482345082,0.270598049764614,-0.653281482718174,-0.270598049930416
0.653281482345103,0.270598049764438,-0.653281482718276,-0.270598049930294
0.653281482345125,0.270598049764261,-0.653281482718378,-0.270598049930172
0.653281482345146,0.270598049764084,-0.65328148271848,-0.270598049930049
0.653281482345168,0.270598049763908,-0.653281482718583,-0.270598049929927
0.65328148234519,0.270598049763731,-0.653281482718685,-0.270598049929804
0.653281482345212,0.270598049763555,-0.653281482718787,-0.270598049929681
0.653281482345234,0.270598049763378,-0.653281482718889,-0.270598049929558
0.653281482345257,0.270598049763201,-0.653281482718991,-0.270598049929436
0.653281482345279,0.270598049763024,-0.653281482719092,-0.270598049929313
0.653281482345301,0.270598049762848,-0.653281482719194,-0.27059804992919
0.653281482345323,0.270598049762671,-0.653281482719296,-0.270598049929067
0.653281482345346,0.270598049762495,-0.653281482719398,-0.270598049928944
0.653281482345369,0.270598049762318,-0.653281482719499,-0.270598049928821
0.653281482345392,0.270598049762141,-0.6532814827196,-0.270598049928698
0.653281482345414,0.270598049761965,-0.653281482719702,-0.270598049928575
0.653281482345437,0.270598049761788,-0.653281482719803,-0.270598049928451
0.65328148234546,0.270598049761611,-0.653281482719904,-0.270598049928328
0.653281482345484,0.270598049761435,-0.653281482720005,-0.270598049928205
0.653281482345507,0.270598049761258,-0.653281482720106,-0.270598049928082
0.65328148234553,0.270598049761082,-0.653281482720207,-0.270598049927958
0.653281482345554,0.270598049760905,-0.653281482720308,-0.270598049927835
0.653281482345577,0.270598049760728,-0.653281482720409,-0.270598049927712
0.653281482345601,0.270598049760551,-0.653281482720509,-0.270598049927588
0.653281482345625,0.270598049760375,-0.65328148272061,-0.270598049927464
0.653281482345648,0.270598049760198,-0.653281482720711,-0.270598049927341
0.653281482345673,0.270598049760022,-0.65328148272081,-0.270598049927217
0.653281482345697,0.270598049759845,-0.653281482720911,-0.270598049927093
0.653281482345721,0.270598049759668,-0.653281482721011,-0.27059804992697
0.653281482345745,0.270598049759492,-0.653281482721111,-0.270598049926846
0.653281482345769,0.270598049759315,-0.653281482721212,-0.270598049926722
0.653281482345794,0.270598049759138,-0.653281482721311,-0.270598049926598
0.653281482345818,0.270598049758962,-0.653281482721411,-0.270598049926474
0.653281482345843,0.270598049758785,-0.653281482721511,-0.27059804992635
0.653281482345868,0.270598049758609,-0.653281482721611,-0.270598049926226
0.653281482345893,0.270598049758432,-0.653281482721711,-0.270598049926102
0.653281482345918,0.270598049758256,-0.65328148272181,-0.270598049925978
0.653281482345943,0.270598049758079,-0.65328148272191,-0.270598049925854
0.653281482345968,0.270598049757902,-0.653281482722009,-0.27059804992573
0.653281482345993,0.270598049757726,-0.653281482722109,-0.270598049925605
0.653281482346018,0.270598049757549,-0.653281482722208,-0.270598049925481
0.653281482346044,0.270598049757372,-0.653281482722307,-0.270598049925357
0.653281482346069,0.270598049757196,-0.653281482722407,-0.270598049925232
0.653281482346095,0.270598049757019,-0.653281482722505,-0.270598049925107
0.653281482346121,0.270598049756843,-0.653281482722604,-0.270598049924983
0.653281482346147,0.270598049756666,-0.653281482722703,-0.270598049924859
0.653281482346173,0.270598049756489,-0.653281482722802,-0.270598049924734
0.653281482346199,0.270598049756313,-0.653281482722901,-0.270598049924609
0.653281482346225,0.270598049756136,-0.653281482723,-0.270598049924485
0.653281482346251,0.27059804975596,-0.653281482723098,-0.27059804992436
0.653281482346278,0.270598049755783,-0.653281482723196,-0.270598049924235
0.653281482346304,0.270598049755606,-0.653281482723295,-0.27059804992411
0.653281482346331,0.27059804975543,-0.653281482723393,-0.270598049923985
0.653281482346357,0.270598049755253,-0.653281482723492,-0.27059804992386
0.653281482346384,0.270598049755077,-0.65328148272359,-0.270598049923736
0.653281482346411,0.2705980497549,-0.653281482723688,-0.27059804992361
0.653281482346438,0.270598049754723,-0.653281482723786,-0.270598049923485
0.653281482346465,0.270598049754547,-0.653281482723884,-0.27059804992336
0.653281482346492,0.27059804975437,-0.653281482723982,-0.270598049923235
0.653281482346519,0.270598049754194,-0.65328148272408,-0.27059804992311
0.653281482346546,0.270598049754017,-0.653281482724177,-0.270598049922985
0.653281482346574,0.27059804975384,-0.653281482724275,-0.270598049922859
0.653281482346601,0.270598049753664,-0.653281482724372,-0.270598049922734
0.653281482346629,0.270598049753487,-0.65328148272447,-0.270598049922608
0.653281482346657,0.270598049753311,-0.653281482724567,-0.270598049922483
0.653281482346685,0.270598049753134,-0.653281482724665,-0.270598049922357
0.653281482346713,0.270598049752957,-0.653281482724761,-0.270598049922232
0.653281482346741,0.270598049752781,-0.653281482724859,-0.270598049922106
0.653281482346769,0.270598049752604,-0.653281482724956,-0.270598049921981
0.653281482346797,0.270598049752428,-0.653281482725053,-0.270598049921855
0.653281482346825,0.270598049752251,-0.65328148272515,-0.270598049921729
0.653281482346854,0.270598049752075,-0.653281482725246,-0.270598049921603
0.653281482346882,0.270598049751898,-0.653281482725343,-0.270598049921477
0.653281482346911,0.270598049751721,-0.65328148272544,-0.270598049921352
0.65328148234694,0.270598049751545,-0.653281482725536,-0.270598049921225
0.653281482346969,0.270598049751368,-0.653281482725633,-0.2705980499211
0.653281482346998,0.270598049751191,-0.653281482725729,-0.270598049920973
0.653281482347027,0.270598049751015,-0.653281482725825,-0.270598049920847
0.653281482347056,0.270598049750838,-0.653281482725922,-0.270598049920721
0.653281482347085,0.270598049750662,-0.653281482726018,-0.270598049920595
0.653281482347115,0.270598049750485,-0.653281482726114,-0.270598049920469
0.653281482347144,0.270598049750308,-0.65328148272621,-0.270598049920343
0.653281482347173,0.270598049750132,-0.653281482726306,-0.270598049920217
0.653281482347203,0.270598049749955,-0.653281482726402,-0.27059804992009
0.653281482347233,0.270598049749779,-0.653281482726498,-0.270598049919964
0.653281482347263,0.270598049749602,-0.653281482726593,-0.270598049919837
0.653281482347293,0.270598049749426,-0.653281482726689,-0.27059804991971
0.653281482347323,0.270598049749249,-0.653281482726784,-0.270598049919584
0.653281482347353,0.270598049749072,-0.65328148272688,-0.270598049919457
0.653281482347383,0.270598049748896,-0.653281482726975,-0.270598049919331
0.653281482347413,0.270598049748719,-0.65328148272707,-0.270598049919204
0.653281482347444,0.270598049748543,-0.653281482727166,-0.270598049919077
0.653281482347474,0.270598049748366,-0.653281482727261,-0.27059804991895
0.653281482347505,0.270598049748189,-0.653281482727356,-0.270598049918824
0.653281482347536,0.270598049748013,-0.653281482727451,-0.270598049918697
0.653281482347567,0.270598049747836,-0.653281482727546,-0.27059804991857
0.653281482347597,0.27059804974766,-0.65328148272764,-0.270598049918442
0.653281482347629,0.270598049747483,-0.653281482727735,-0.270598049918316
0.65328148234766,0.270598049747307,-0.65328148272783,-0.270598049918188
0.653281482347691,0.27059804974713,-0.653281482727924,-0.270598049918061
0.653281482347723,0.270598049746953,-0.653281482728019,-0.270598049917934
0.653281482347754,0.270598049746777,-0.653281482728113,-0.270598049917807
0.653281482347786,0.2705980497466,-0.653281482728208,-0.27059804991768
0.653281482347817,0.270598049746423,-0.653281482728302,-0.270598049917552
0.653281482347849,0.270598049746247,-0.653281482728396,-0.270598049917425
0.653281482347881,0.27059804974607,-0.65328148272849,-0.270598049917297
0.653281482347913,0.270598049745894,-0.653281482728584,-0.27059804991717
0.653281482347945,0.270598049745717,-0.653281482728678,-0.270598049917042
0.653281482347977,0.27059804974554,-0.653281482728772,-0.270598049916914
0.653281482348009,0.270598049745364,-0.653281482728866,-0.270598049916787
0.653281482348042,0.270598049745187,-0.653281482728959,-0.270598049916659
0.653281482348074,0.270598049745011,-0.653281482729053,-0.270598049916531
0.653281482348107,0.270598049744834,-0.653281482729147,-0.270598049916404
0.653281482348139,0.270598049744658,-0.65328148272924,-0.270598049916276
0.653281482348172,0.270598049744481,-0.653281482729333,-0.270598049916148
0.653281482348205,0.270598049744304,-0.653281482729427,-0.27059804991602
0.653281482348238,0.270598049744128,-0.65328148272952,-0.270598049915892
0.653281482348271,0.270598049743951,-0.653281482729613,-0.270598049915764
0.653281482348304,0.270598049743774,-0.653281482729706,-0.270598049915636
0.653281482348337,0.270598049743598,-0.653281482729799,-0.270598049915508
0.65328148234837,0.270598049743421,-0.653281482729892,-0.27059804991538
0.653281482348404,0.270598049743245,-0.653281482729985,-0.270598049915251
0.653281482348438,0.270598049743068,-0.653281482730077,-0.270598049915123
0.653281482348471,0.270598049742891,-0.65328148273017,-0.270598049914995
0.653281482348505,0.270598049742715,-0.653281482730263,-0.270598049914867
0.653281482348539,0.270598049742538,-0.653281482730355,-0.270598049914738
0.653281482348573,0.270598049742362,-0.653281482730448,-0.27059804991461
0.653281482348607,0.270598049742185,-0.65328148273054,-0.270598049914481
0.653281482348641,0.270598049742008,-0.653281482730632,-0.270598049914353
0.653281482348675,0.270598049741831,-0.653281482730724,-0.270598049914224
0.65328148234871,0.270598049741655,-0.653281482730816,-0.270598049914095
0.653281482348744,0.270598049741478,-0.653281482730908,-0.270598049913967
0.653281482348779,0.270598049741302,-0.653281482731,-0.270598049913838
0.653281482348813,0.270598049741125,-0.653281482731092,-0.270598049913709
0.653281482348848,0.270598049740949,-0.653281482731184,-0.27059804991358
0.653281482348883,0.270598049740772,-0.653281482731276,-0.270598049913451
0.653281482348918,0.270598049740595,-0.653281482731367,-0.270598049913323
0.653281482348953,0.270598049740419,-0.653281482731459,-0.270598049913194
0.653281482348988,0.270598049740242,-0.65328148273155,-0.270598049913064
0.653281482349023,0.270598049740065,-0.653281482731641,-0.270598049912935
0.653281482349059,0.270598049739889,-0.653281482731733,-0.270598049912807
0.653281482349094,0.270598049739712,-0.653281482731824,-0.270598049912677
0.65328148234913,0.270598049739536,-0.653281482731916,-0.270598049912548
0.653281482349165,0.270598049739359,-0.653281482732006,-0.270598049912419
0.653281482349201,0.270598049739182,-0.653281482732097,-0.270598049912289
0.653281482349237,0.270598049739006,-0.653281482732188,-0.27059804991216
0.653281482349273,0.270598049738829,-0.653281482732279,-0.27059804991203
0.653281482349309,0.270598049738653,-0.65328148273237,-0.270598049911901
0.653281482349345,0.270598049738476,-0.65328148273246,-0.270598049911771
0.653281482349381,0.270598049738299,-0.653281482732551,-0.270598049911642
0.653281482349418,0.270598049738123,-0.653281482732641,-0.270598049911512
0.653281482349454,0.270598049737946,-0.653281482732732,-0.270598049911383
0.653281482349491,0.270598049737769,-0.653281482732822,-0.270598049911253
0.653281482349528,0.270598049737592,-0.653281482732912,-0.270598049911123
0.653281482349565,0.270598049737416,-0.653281482733002,-0.270598049910993
0.653281482349601,0.270598049737239,-0.653281482733093,-0.270598049910864
0.653281482349638,0.270598049737063,-0.653281482733183,-0.270598049910734
0.653281482349675,0.270598049736886,-0.653281482733272,-0.270598049910604
0.653281482349713,0.270598049736709,-0.653281482733362,-0.270598049910473
0.65328148234975,0.270598049736533,-0.653281482733452,-0.270598049910344
0.653281482349787,0.270598049736356,-0.653281482733542,-0.270598049910214
0.653281482349825,0.270598049736179,-0.653281482733631,-0.270598049910083
0.653281482349863,0.270598049736003,-0.653281482733721,-0.270598049909953
0.6532814823499,0.270598049735826,-0.65328148273381,-0.270598049909823
0.653281482349938,0.270598049735649,-0.6532814827339,-0.270598049909693
0.653281482349975,0.270598049735473,-0.653281482733989,-0.270598049909562
0.653281482350013,0.270598049735296,-0.653281482734078,-0.270598049909432
0.653281482350052,0.270598049735119,-0.653281482734167,-0.270598049909301
0.65328148235009,0.270598049734943,-0.653281482734256,-0.270598049909171
0.653281482350128,0.270598049734766,-0.653281482734345,-0.27059804990904
0.653281482350166,0.27059804973459,-0.653281482734434,-0.27059804990891
0.653281482350205,0.270598049734413,-0.653281482734523,-0.270598049908779
0.653281482350243,0.270598049734236,-0.653281482734612,-0.270598049908648
0.653281482350282,0.270598049734059,-0.6532814827347,-0.270598049908518
0.653281482350321,0.270598049733883,-0.653281482734789,-0.270598049908387
0.65328148235036,0.270598049733706,-0.653281482734877,-0.270598049908256
0.653281482350399,0.270598049733529,-0.653281482734966,-0.270598049908125
0.653281482350438,0.270598049733353,-0.653281482735054,-0.270598049907994
0.653281482350477,0.270598049733176,-0.653281482735143,-0.270598049907863
0.653281482350517,0.270598049732999,-0.653281482735231,-0.270598049907732
0.653281482350556,0.270598049732823,-0.653281482735319,-0.270598049907601
0.653281482350595,0.270598049732646,-0.653281482735407,-0.27059804990747
0.653281482350635,0.270598049732469,-0.653281482735495,-0.270598049907339
0.653281482350675,0.270598049732292,-0.653281482735583,-0.270598049907207
0.653281482350714,0.270598049732116,-0.65328148273567,-0.270598049907076
0.653281482350754,0.270598049731939,-0.653281482735758,-0.270598049906945
0.653281482350794,0.270598049731762,-0.653281482735846,-0.270598049906814
0.653281482350834,0.270598049731585,-0.653281482735933,-0.270598049906682
0.653281482350875,0.270598049731409,-0.653281482736021,-0.270598049906551
0.653281482350915,0.270598049731232,-0.653281482736108,-0.270598049906419
0.653281482350955,0.270598049731055,-0.653281482736195,-0.270598049906287
0.653281482350996,0.270598049730879,-0.653281482736283,-0.270598049906156
0.653281482351036,0.270598049730702,-0.65328148273637,-0.270598049906024
0.653281482351077,0.270598049730525,-0.653281482736457,-0.270598049905893
0.653281482351118,0.270598049730349,-0.653281482736544,-0.270598049905761
0.653281482351159,0.270598049730172,-0.653281482736631,-0.270598049905629
0.6532814823512,0.270598049729995,-0.653281482736717,-0.270598049905497
0.653281482351241,0.270598049729818,-0.653281482736804,-0.270598049905365
0.653281482351282,0.270598049729641,-0.653281482736891,-0.270598049905233
0.653281482351323,0.270598049729465,-0.653281482736978,-0.270598049905101
0.653281482351365,0.270598049729288,-0.653281482737064,-0.270598049904969
0.653281482351406,0.270598049729111,-0.65328148273715,-0.270598049904837
0.653281482351448,0.270598049728935,-0.653281482737237,-0.270598049904705
0.65328148235149,0.270598049728758,-0.653281482737323,-0.270598049904573
0.653281482351531,0.270598049728581,-0.653281482737409,-0.270598049904441
0.653281482351573,0.270598049728405,-0.653281482737495,-0.270598049904308
0.653281482351616,0.270598049728228,-0.653281482737582,-0.270598049904176
0.653281482351658,0.270598049728051,-0.653281482737667,-0.270598049904043
0.6532814823517,0.270598049727874,-0.653281482737753,-0.270598049903911
0.653281482351742,0.270598049727697,-0.653281482737839,-0.270598049903779
0.653281482351784,0.270598049727521,-0.653281482737925,-0.270598049903646
0.653281482351827,0.270598049727344,-0.65328148273801,-0.270598049903513
0.65328148235187,0.270598049727167,-0.653281482738095,-0.270598049903381
0.653281482351913,0.27059804972699,-0.653281482738181,-0.270598049903248
0.653281482351955,0.270598049726814,-0.653281482738266,-0.270598049903115
0.653281482351998,0.270598049726637,-0.653281482738352,-0.270598049902983
0.653281482352041,0.27059804972646,-0.653281482738437,-0.27059804990285
0.653281482352084,0.270598049726283,-0.653281482738522,-0.270598049902717
0.653281482352128,0.270598049726106,-0.653281482738607,-0.270598049902584
0.653281482352171,0.27059804972593,-0.653281482738692,-0.270598049902451
0.653281482352214,0.270598049725753,-0.653281482738777,-0.270598049902318
0.653281482352258,0.270598049725576,-0.653281482738862,-0.270598049902185
0.653281482352301,0.270598049725399,-0.653281482738947,-0.270598049902052
0.653281482352345,0.270598049725222,-0.653281482739031,-0.270598049901919
0.653281482352389,0.270598049725046,-0.653281482739116,-0.270598049901785
0.653281482352433,0.270598049724869,-0.6532814827392,-0.270598049901652
0.653281482352477,0.270598049724692,-0.653281482739285,-0.270598049901518
0.653281482352521,0.270598049724515,-0.653281482739369,-0.270598049901385
0.653281482352566,0.270598049724338,-0.653281482739454,-0.270598049901252
0.65328148235261,0.270598049724162,-0.653281482739538,-0.270598049901118
0.653281482352654,0.270598049723985,-0.653281482739622,-0.270598049900985
0.653281482352699,0.270598049723808,-0.653281482739706,-0.270598049900851
0.653281482352743,0.270598049723631,-0.65328148273979,-0.270598049900718
0.653281482352788,0.270598049723454,-0.653281482739874,-0.270598049900584
0.653281482352833,0.270598049723278,-0.653281482739957,-0.27059804990045
0.653281482352878,0.270598049723101,-0.653281482740041,-0.270598049900316
0.653281482352923,0.270598049722924,-0.653281482740125,-0.270598049900183
0.653281482352968,0.270598049722747,-0.653281482740208,-0.270598049900049
0.653281482353013,0.27059804972257,-0.653281482740292,-0.270598049899915
0.653281482353058,0.270598049722393,-0.653281482740376,-0.270598049899781
0.653281482353104,0.270598049722217,-0.653281482740459,-0.270598049899647
0.65328148235315,0.270598049722039,-0.653281482740542,-0.270598049899513
0.653281482353195,0.270598049721863,-0.653281482740625,-0.270598049899379
0.653281482353241,0.270598049721686,-0.653281482740708,-0.270598049899244
0.653281482353287,0.270598049721509,-0.653281482740791,-0.27059804989911
0.653281482353333,0.270598049721332,-0.653281482740874,-0.270598049898976
0.653281482353379,0.270598049721155,-0.653281482740957,-0.270598049898842
0.653281482353425,0.270598049720978,-0.65328148274104,-0.270598049898707
0.653281482353471,0.270598049720801,-0.653281482741122,-0.270598049898573
0.653281482353518,0.270598049720624,-0.653281482741205,-0.270598049898438
0.653281482353564,0.270598049720448,-0.653281482741288,-0.270598049898303
0.653281482353611,0.270598049720271,-0.65328148274137,-0.270598049898169
0.653281482353658,0.270598049720094,-0.653281482741452,-0.270598049898034
0.653281482353704,0.270598049719917,-0.653281482741535,-0.2705980498979
0.653281482353751,0.27059804971974,-0.653281482741617,-0.270598049897765
0.653281482353798,0.270598049719563,-0.653281482741699,-0.27059804989763
0.653281482353845,0.270598049719386,-0.653281482741781,-0.270598049897495
0.653281482353892,0.270598049719209,-0.653281482741863,-0.270598049897361
0.65328148235394,0.270598049719033,-0.653281482741945,-0.270598049897225
0.653281482353987,0.270598049718856,-0.653281482742026,-0.270598049897091
0.653281482354035,0.270598049718679,-0.653281482742108,-0.270598049896956
0.653281482354082,0.270598049718502,-0.65328148274219,-0.27059804989682
0.65328148235413,0.270598049718325,-0.653281482742271,-0.270598049896685
0.653281482354178,0.270598049718148,-0.653281482742353,-0.270598049896551
0.653281482354226,0.270598049717971,-0.653281482742434,-0.270598049896415
0.653281482354273,0.270598049717794,-0.653281482742516,-0.27059804989628
0.653281482354322,0.270598049717617,-0.653281482742597,-0.270598049896145
0.65328148235437,0.27059804971744,-0.653281482742678,-0.270598049896009
0.653281482354418,0.270598049717263,-0.653281482742759,-0.270598049895874
0.653281482354466,0.270598049717086,-0.65328148274284,-0.270598049895739
0.653281482354515,0.270598049716909,-0.653281482742921,-0.270598049895603
0.653281482354564,0.270598049716732,-0.653281482743002,-0.270598049895468
0.653281482354612,0.270598049716555,-0.653281482743083,-0.270598049895332
0.653281482354661,0.270598049716378,-0.653281482743163,-0.270598049895196
0.65328148235471,0.270598049716201,-0.653281482743244,-0.270598049895061
0.653281482354759,0.270598049716025,-0.653281482743325,-0.270598049894925
0.653281482354808,0.270598049715848,-0.653281482743405,-0.270598049894789
0.653281482354857,0.27059804971567,-0.653281482743485,-0.270598049894653
0.653281482354907,0.270598049715493,-0.653281482743565,-0.270598049894517
0.653281482354956,0.270598049715316,-0.653281482743646,-0.270598049894381
0.653281482355005,0.27059804971514,-0.653281482743726,-0.270598049894246
0.653281482355055,0.270598049714963,-0.653281482743806,-0.27059804989411
0.653281482355105,0.270598049714786,-0.653281482743886,-0.270598049893973
0.653281482355155,0.270598049714609,-0.653281482743966,-0.270598049893837
0.653281482355205,0.270598049714431,-0.653281482744045,-0.270598049893701
0.653281482355255,0.270598049714255,-0.653281482744125,-0.270598049893565
0.653281482355305,0.270598049714077,-0.653281482744205,-0.270598049893429
0.653281482355355,0.2705980497139,-0.653281482744284,-0.270598049893292
0.653281482355406,0.270598049713724,-0.653281482744364,-0.270598049893156
0.653281482355456,0.270598049713546,-0.653281482744443,-0.270598049893019
0.653281482355507,0.270598049713369,-0.653281482744522,-0.270598049892883
0.653281482355557,0.270598049713192,-0.653281482744602,-0.270598049892746
0.653281482355608,0.270598049713015,-0.653281482744681,-0.27059804989261
0.653281482355659,0.270598049712838,-0.65328148274476,-0.270598049892473
0.653281482355709,0.270598049712661,-0.653281482744839,-0.270598049892336
0.653281482355761,0.270598049712484,-0.653281482744918,-0.270598049892199
0.653281482355812,0.270598049712307,-0.653281482744997,-0.270598049892063
0.653281482355863,0.27059804971213,-0.653281482745076,-0.270598049891926
0.653281482355914,0.270598049711953,-0.653281482745154,-0.270598049891789
0.653281482355966,0.270598049711776,-0.653281482745233,-0.270598049891652
0.653281482356017,0.270598049711599,-0.653281482745312,-0.270598049891515
0.653281482356069,0.270598049711422,-0.65328148274539,-0.270598049891378
0.653281482356121,0.270598049711244,-0.653281482745468,-0.270598049891241
0.653281482356173,0.270598049711067,-0.653281482745547,-0.270598049891104
0.653281482356225,0.27059804971089,-0.653281482745625,-0.270598049890966
0.653281482356277,0.270598049710713,-0.653281482745703,-0.27059804989083
0.653281482356329,0.270598049710536,-0.653281482745781,-0.270598049890692
0.653281482356381,0.270598049710359,-0.653281482745859,-0.270598049890555
0.653281482356434,0.270598049710182,-0.653281482745937,-0.270598049890417
0.653281482356486,0.270598049710005,-0.653281482746015,-0.27059804989028
0.653281482356538,0.270598049709828,-0.653281482746092,-0.270598049890143
0.653281482356591,0.270598049709651,-0.65328148274617,-0.270598049890005
0.653281482356644,0.270598049709473,-0.653281482746248,-0.270598049889868
0.653281482356697,0.270598049709296,-0.653281482746325,-0.27059804988973
0.65328148235675,0.270598049709119,-0.653281482746403,-0.270598049889592
0.653281482356803,0.270598049708942,-0.65328148274648,-0.270598049889454
0.653281482356856,0.270598049708765,-0.653281482746557,-0.270598049889317
0.653281482356909,0.270598049708588,-0.653281482746634,-0.270598049889178
0.653281482356963,0.270598049708411,-0.653281482746712,-0.270598049889041
0.653281482357016,0.270598049708233,-0.653281482746789,-0.270598049888903
0.65328148235707,0.270598049708056,-0.653281482746866,-0.270598049888765
0.653281482357123,0.270598049707879,-0.653281482746943,-0.270598049888627
0.653281482357177,0.270598049707702,-0.653281482747019,-0.270598049888489
0.653281482357231,0.270598049707525,-0.653281482747096,-0.270598049888351
0.653281482357285,0.270598049707347,-0.653281482747172,-0.270598049888212
0.65328148235734,0.27059804970717,-0.653281482747249,-0.270598049888074
0.653281482357393,0.270598049706993,-0.653281482747326,-0.270598049887936
0.653281482357448,0.270598049706816,-0.653281482747402,-0.270598049887798
0.653281482357502,0.270598049706639,-0.653281482747478,-0.270598049887659
0.653281482357557,0.270598049706461,-0.653281482747555,-0.270598049887521
0.653281482357611,0.270598049706284,-0.653281482747631,-0.270598049887382
0.653281482357666,0.270598049706107,-0.653281482747707,-0.270598049887244
0.653281482357721,0.27059804970593,-0.653281482747783,-0.270598049887105
0.653281482357776,0.270598049705753,-0.653281482747859,-0.270598049886967
0.653281482357831,0.270598049705575,-0.653281482747935,-0.270598049886828
0.653281482357886,0.270598049705398,-0.65328148274801,-0.270598049886689
0.653281482357941,0.270598049705221,-0.653281482748086,-0.270598049886551
0.653281482357996,0.270598049705043,-0.653281482748162,-0.270598049886412
0.653281482358052,0.270598049704866,-0.653281482748237,-0.270598049886272
0.653281482358107,0.270598049704689,-0.653281482748313,-0.270598049886134
0.653281482358163,0.270598049704512,-0.653281482748388,-0.270598049885995
0.653281482358219,0.270598049704334,-0.653281482748463,-0.270598049885856
0.653281482358275,0.270598049704157,-0.653281482748538,-0.270598049885717
0.65328148235833,0.27059804970398,-0.653281482748613,-0.270598049885577
0.653281482358387,0.270598049703803,-0.653281482748689,-0.270598049885438
0.653281482358443,0.270598049703625,-0.653281482748764,-0.270598049885299
0.653281482358499,0.270598049703448,-0.653281482748839,-0.27059804988516
0.653281482358555,0.27059804970327,-0.653281482748913,-0.27059804988502
0.653281482358612,0.270598049703093,-0.653281482748988,-0.270598049884881
0.653281482358668,0.270598049702916,-0.653281482749063,-0.270598049884742
0.653281482358725,0.270598049702738,-0.653281482749137,-0.270598049884602
0.653281482358782,0.270598049702561,-0.653281482749212,-0.270598049884463
0.653281482358839,0.270598049702384,-0.653281482749286,-0.270598049884323
0.653281482358896,0.270598049702207,-0.653281482749361,-0.270598049884183
0.653281482358953,0.270598049702029,-0.653281482749435,-0.270598049884044
0.65328148235901,0.270598049701852,-0.653281482749509,-0.270598049883904
0.653281482359067,0.270598049701675,-0.653281482749584,-0.270598049883764
0.653281482359125,0.270598049701497,-0.653281482749657,-0.270598049883624
0.653281482359182,0.27059804970132,-0.653281482749731,-0.270598049883485
0.653281482359239,0.270598049701142,-0.653281482749805,-0.270598049883345
0.653281482359297,0.270598049700965,-0.653281482749878,-0.270598049883204
0.653281482359355,0.270598049700788,-0.653281482749952,-0.270598049883065
0.653281482359413,0.27059804970061,-0.653281482750026,-0.270598049882925
0.653281482359471,0.270598049700433,-0.6532814827501,-0.270598049882784
0.653281482359529,0.270598049700255,-0.653281482750173,-0.270598049882644
0.653281482359587,0.270598049700078,-0.653281482750247,-0.270598049882504
0.653281482359645,0.270598049699901,-0.65328148275032,-0.270598049882364
0.653281482359704,0.270598049699723,-0.653281482750393,-0.270598049882223
0.653281482359762,0.270598049699546,-0.653281482750466,-0.270598049882083
0.653281482359821,0.270598049699368,-0.653281482750539,-0.270598049881942
0.653281482359879,0.270598049699191,-0.653281482750612,-0.270598049881802
0.653281482359938,0.270598049699013,-0.653281482750685,-0.270598049881661
0.653281482359997,0.270598049698836,-0.653281482750758,-0.270598049881521
0.653281482360056,0.270598049698658,-0.653281482750831,-0.27059804988138
0.653281482360115,0.270598049698481,-0.653281482750903,-0.27059804988124
0.653281482360175,0.270598049698304,-0.653281482750976,-0.270598049881099
0.653281482360234,0.270598049698126,-0.653281482751048,-0.270598049880958
0.653281482360293,0.270598049697949,-0.653281482751121,-0.270598049880817
0.653281482360353,0.270598049697771,-0.653281482751193,-0.270598049880676
0.653281482360413,0.270598049697593,-0.653281482751265,-0.270598049880535
0.653281482360472,0.270598049697416,-0.653281482751338,-0.270598049880394
0.653281482360532,0.270598049697239,-0.65328148275141,-0.270598049880253
0.653281482360592,0.270598049697061,-0.653281482751482,-0.270598049880112
0.653281482360652,0.270598049696884,-0.653281482751554,-0.270598049879971
0.653281482360712,0.270598049696706,-0.653281482751626,-0.27059804987983
0.653281482360773,0.270598049696528,-0.653281482751697,-0.270598049879689
0.653281482360833,0.270598049696351,-0.653281482751769,-0.270598049879548
0.653281482360893,0.270598049696173,-0.653281482751841,-0.270598049879406
0.653281482360954,0.270598049695996,-0.653281482751912,-0.270598049879265
0.653281482361014,0.270598049695818,-0.653281482751984,-0.270598049879123
0.653281482361075,0.270598049695641,-0.653281482752056,-0.270598049878982
0.653281482361136,0.270598049695463,-0.653281482752127,-0.27059804987884
0.653281482361197,0.270598049695286,-0.653281482752198,-0.270598049878699
0.653281482361258,0.270598049695108,-0.653281482752269,-0.270598049878557
0.653281482361319,0.27059804969493,-0.65328148275234,-0.270598049878415
0.65328148236138,0.270598049694753,-0.653281482752411,-0.270598049878274
0.653281482361442,0.270598049694575,-0.653281482752482,-0.270598049878132
0.653281482361503,0.270598049694398,-0.653281482752553,-0.27059804987799
0.653281482361565,0.27059804969422,-0.653281482752624,-0.270598049877848
0.653281482361626,0.270598049694042,-0.653281482752694,-0.270598049877706
0.653281482361688,0.270598049693865,-0.653281482752765,-0.270598049877564
0.65328148236175,0.270598049693687,-0.653281482752835,-0.270598049877422
0.653281482361812,0.27059804969351,-0.653281482752906,-0.27059804987728
0.653281482361874,0.270598049693332,-0.653281482752976,-0.270598049877138
0.653281482361937,0.270598049693154,-0.653281482753047,-0.270598049876996
0.653281482361999,0.270598049692976,-0.653281482753117,-0.270598049876854
0.653281482362061,0.270598049692799,-0.653281482753187,-0.270598049876711
0.653281482362123,0.270598049692621,-0.653281482753257,-0.270598049876569
0.653281482362187,0.270598049692443,-0.653281482753327,-0.270598049876426
0.653281482362249,0.270598049692266,-0.653281482753397,-0.270598049876284
0.653281482362312,0.270598049692088,-0.653281482753467,-0.270598049876141
0.653281482362375,0.27059804969191,-0.653281482753536,-0.270598049875999
0.653281482362438,0.270598049691733,-0.653281482753606,-0.270598049875856
0.653281482362501,0.270598049691555,-0.653281482753676,-0.270598049875714
0.653281482362564,0.270598049691377,-0.653281482753745,-0.270598049875571
0.653281482362628,0.270598049691199,-0.653281482753815,-0.270598049875428
0.653281482362691,0.270598049691022,-0.653281482753884,-0.270598049875286
0.653281482362754,0.270598049690844,-0.653281482753953,-0.270598049875142
0.653281482362818,0.270598049690666,-0.653281482754023,-0.270598049875
0.653281482362882,0.270598049690488,-0.653281482754091,-0.270598049874857
0.653281482362946,0.270598049690311,-0.65328148275416,-0.270598049874714
0.65328148236301,0.270598049690133,-0.653281482754229,-0.270598049874571
0.653281482363074,0.270598049689955,-0.653281482754298,-0.270598049874428
0.653281482363138,0.270598049689778,-0.653281482754367,-0.270598049874285
0.653281482363202,0.270598049689599,-0.653281482754436,-0.270598049874141
0.653281482363266,0.270598049689422,-0.653281482754504,-0.270598049873998
0.653281482363331,0.270598049689244,-0.653281482754573,-0.270598049873855
0.653281482363395,0.270598049689066,-0.653281482754641,-0.270598049873711
0.65328148236346,0.270598049688888,-0.65328148275471,-0.270598049873568
0.653281482363525,0.270598049688711,-0.653281482754778,-0.270598049873425
0.65328148236359,0.270598049688533,-0.653281482754847,-0.270598049873281
0.653281482363655,0.270598049688355,-0.653281482754914,-0.270598049873137
0.65328148236372,0.270598049688177,-0.653281482754983,-0.270598049872994
0.653281482363785,0.270598049687999,-0.653281482755051,-0.270598049872851
0.65328148236385,0.270598049687821,-0.653281482755119,-0.270598049872707
0.653281482363915,0.270598049687643,-0.653281482755186,-0.270598049872563
0.653281482363981,0.270598049687465,-0.653281482755254,-0.270598049872419
0.653281482364046,0.270598049687288,-0.653281482755322,-0.270598049872275
0.653281482364112,0.27059804968711,-0.653281482755389,-0.270598049872131
0.653281482364178,0.270598049686932,-0.653281482755457,-0.270598049871987
0.653281482364244,0.270598049686754,-0.653281482755524,-0.270598049871843
0.65328148236431,0.270598049686576,-0.653281482755592,-0.270598049871699
0.653281482364376,0.270598049686398,-0.653281482755659,-0.270598049871555
0.653281482364442,0.27059804968622,-0.653281482755726,-0.270598049871411
0.653281482364508,0.270598049686042,-0.653281482755793,-0.270598049871267
0.653281482364575,0.270598049685865,-0.65328148275586,-0.270598049871123
0.653281482364641,0.270598049685686,-0.653281482755927,-0.270598049870978
0.653281482364708,0.270598049685508,-0.653281482755994,-0.270598049870834
0.653281482364775,0.270598049685331,-0.653281482756061,-0.270598049870689
0.653281482364842,0.270598049685153,-0.653281482756128,-0.270598049870545
0.653281482364909,0.270598049684975,-0.653281482756194,-0.2705980498704
0.653281482364976,0.270598049684797,-0.653281482756261,-0.270598049870256
0.653281482365043,0.270598049684619,-0.653281482756328,-0.270598049870111
0.65328148236511,0.270598049684441,-0.653281482756394,-0.270598049869966
0.653281482365177,0.270598049684262,-0.65328148275646,-0.270598049869822
0.653281482365245,0.270598049684084,-0.653281482756527,-0.270598049869677
0.653281482365312,0.270598049683907,-0.653281482756592,-0.270598049869532
0.65328148236538,0.270598049683729,-0.653281482756659,-0.270598049869387
0.653281482365448,0.270598049683551,-0.653281482756725,-0.270598049869242
0.653281482365516,0.270598049683373,-0.653281482756791,-0.270598049869098
0.653281482365583,0.270598049683194,-0.653281482756857,-0.270598049868952
0.653281482365652,0.270598049683016,-0.653281482756922,-0.270598049868807
0.65328148236572,0.270598049682838,-0.653281482756988,-0.270598049868662
0.653281482365788,0.27059804968266,-0.653281482757054,-0.270598049868517
0.653281482365856,0.270598049682482,-0.653281482757119,-0.270598049868371
0.653281482365925,0.270598049682304,-0.653281482757185,-0.270598049868226
0.653281482365993,0.270598049682126,-0.65328148275725,-0.270598049868081
0.653281482366062,0.270598049681948,-0.653281482757316,-0.270598049867936
0.653281482366131,0.27059804968177,-0.653281482757381,-0.27059804986779
0.6532814823662,0.270598049681592,-0.653281482757446,-0.270598049867645
0.653281482366269,0.270598049681413,-0.653281482757511,-0.270598049867499
0.653281482366338,0.270598049681235,-0.653281482757576,-0.270598049867353
0.653281482366407,0.270598049681057,-0.653281482757641,-0.270598049867208
0.653281482366476,0.270598049680879,-0.653281482757706,-0.270598049867062
0.653281482366546,0.270598049680701,-0.653281482757771,-0.270598049866917
0.653281482366615,0.270598049680522,-0.653281482757835,-0.27059804986677
0.653281482366685,0.270598049680344,-0.6532814827579,-0.270598049866625
0.653281482366755,0.270598049680166,-0.653281482757964,-0.270598049866479
0.653281482366824,0.270598049679988,-0.653281482758029,-0.270598049866333
0.653281482366894,0.27059804967981,-0.653281482758093,-0.270598049866187
0.653281482366964,0.270598049679631,-0.653281482758157,-0.270598049866041
0.653281482367034,0.270598049679453,-0.653281482758222,-0.270598049865895
0.653281482367105,0.270598049679275,-0.653281482758286,-0.270598049865749
0.653281482367175,0.270598049679097,-0.653281482758351,-0.270598049865603
0.653281482367245,0.270598049678919,-0.653281482758414,-0.270598049865456
0.653281482367316,0.27059804967874,-0.653281482758478,-0.27059804986531
0.653281482367387,0.270598049678562,-0.653281482758542,-0.270598049865163
0.653281482367457,0.270598049678384,-0.653281482758605,-0.270598049865017
0.653281482367528,0.270598049678205,-0.653281482758669,-0.270598049864871
0.653281482367599,0.270598049678027,-0.653281482758733,-0.270598049864724
0.65328148236767,0.270598049677849,-0.653281482758796,-0.270598049864578
0.653281482367741,0.270598049677671,-0.65328148275886,-0.270598049864431
0.653281482367812,0.270598049677492,-0.653281482758923,-0.270598049864284
0.653281482367884,0.270598049677314,-0.653281482758986,-0.270598049864137
0.653281482367955,0.270598049677136,-0.65328148275905,-0.270598049863991
0.653281482368027,0.270598049676957,-0.653281482759113,-0.270598049863844
0.653281482368099,0.270598049676779,-0.653281482759176,-0.270598049863697
0.653281482368171,0.270598049676601,-0.653281482759239,-0.27059804986355
0.653281482368242,0.270598049676422,-0.653281482759302,-0.270598049863403
0.653281482368314,0.270598049676244,-0.653281482759364,-0.270598049863256
0.653281482368387,0.270598049676065,-0.653281482759427,-0.270598049863109
0.653281482368459,0.270598049675887,-0.65328148275949,-0.270598049862962
0.653281482368531,0.270598049675709,-0.653281482759552,-0.270598049862815
0.653281482368603,0.27059804967553,-0.653281482759615,-0.270598049862668
0.653281482368676,0.270598049675352,-0.653281482759677,-0.270598049862521
0.653281482368748,0.270598049675174,-0.653281482759739,-0.270598049862373
0.653281482368821,0.270598049674995,-0.653281482759802,-0.270598049862226
0.653281482368894,0.270598049674817,-0.653281482759864,-0.270598049862078
0.653281482368967,0.270598049674638,-0.653281482759926,-0.270598049861931
0.65328148236904,0.27059804967446,-0.653281482759988,-0.270598049861783
0.653281482369113,0.270598049674281,-0.653281482760049,-0.270598049861636
0.653281482369186,0.270598049674103,-0.653281482760111,-0.270598049861488
0.65328148236926,0.270598049673924,-0.653281482760173,-0.270598049861341
0.653281482369333,0.270598049673746,-0.653281482760235,-0.270598049861193
0.653281482369407,0.270598049673567,-0.653281482760297,-0.270598049861045
0.65328148236948,0.270598049673389,-0.653281482760358,-0.270598049860897
0.653281482369554,0.27059804967321,-0.65328148276042,-0.270598049860749
0.653281482369628,0.270598049673032,-0.653281482760481,-0.270598049860601
0.653281482369702,0.270598049672853,-0.653281482760542,-0.270598049860453
0.653281482369776,0.270598049672675,-0.653281482760603,-0.270598049860305
0.65328148236985,0.270598049672496,-0.653281482760665,-0.270598049860157
0.653281482369924,0.270598049672318,-0.653281482760726,-0.270598049860009
0.653281482369999,0.270598049672139,-0.653281482760787,-0.270598049859861
0.653281482370073,0.27059804967196,-0.653281482760848,-0.270598049859713
0.653281482370148,0.270598049671782,-0.653281482760908,-0.270598049859564
0.653281482370223,0.270598049671603,-0.653281482760969,-0.270598049859416
0.653281482370297,0.270598049671424,-0.65328148276103,-0.270598049859268
0.653281482370372,0.270598049671246,-0.65328148276109,-0.270598049859119
0.653281482370447,0.270598049671067,-0.653281482761151,-0.27059804985897
0.653281482370522,0.270598049670889,-0.653281482761211,-0.270598049858822
0.653281482370598,0.27059804967071,-0.653281482761272,-0.270598049858673
0.653281482370673,0.270598049670531,-0.653281482761332,-0.270598049858525
0.653281482370748,0.270598049670353,-0.653281482761392,-0.270598049858376
0.653281482370824,0.270598049670174,-0.653281482761452,-0.270598049858227
0.653281482370899,0.270598049669995,-0.653281482761512,-0.270598049858078
0.653281482370975,0.270598049669816,-0.653281482761572,-0.27059804985793
0.653281482371051,0.270598049669638,-0.653281482761633,-0.270598049857781
0.653281482371127,0.270598049669459,-0.653281482761692,-0.270598049857632
0.653281482371203,0.27059804966928,-0.653281482761752,-0.270598049857483
0.653281482371279,0.270598049669102,-0.653281482761811,-0.270598049857333
0.653281482371355,0.270598049668923,-0.653281482761871,-0.270598049857184
0.653281482371431,0.270598049668744,-0.653281482761931,-0.270598049857035
0.653281482371508,0.270598049668565,-0.65328148276199,-0.270598049856886
0.653281482371585,0.270598049668387,-0.653281482762049,-0.270598049856737
0.653281482371661,0.270598049668208,-0.653281482762108,-0.270598049856587
0.653281482371738,0.270598049668029,-0.653281482762167,-0.270598049856438
0.653281482371815,0.27059804966785,-0.653281482762227,-0.270598049856289
0.653281482371892,0.270598049667672,-0.653281482762285,-0.270598049856139
0.653281482371969,0.270598049667493,-0.653281482762344,-0.27059804985599
0.653281482372046,0.270598049667314,-0.653281482762403,-0.27059804985584
0.653281482372124,0.270598049667135,-0.653281482762462,-0.27059804985569
0.653281482372201,0.270598049666956,-0.653281482762521,-0.270598049855541
0.653281482372278,0.270598049666777,-0.653281482762579,-0.270598049855391
0.653281482372356,0.270598049666599,-0.653281482762638,-0.270598049855241
0.653281482372434,0.27059804966642,-0.653281482762696,-0.270598049855092
0.653281482372511,0.270598049666241,-0.653281482762754,-0.270598049854941
0.653281482372589,0.270598049666062,-0.653281482762813,-0.270598049854792
0.653281482372667,0.270598049665883,-0.653281482762871,-0.270598049854642
0.653281482372745,0.270598049665704,-0.65328148276293,-0.270598049854492
0.653281482372824,0.270598049665525,-0.653281482762988,-0.270598049854342
0.653281482372902,0.270598049665346,-0.653281482763046,-0.270598049854191
0.65328148237298,0.270598049665167,-0.653281482763103,-0.270598049854041
0.653281482373059,0.270598049664988,-0.653281482763161,-0.270598049853891
0.653281482373137,0.270598049664809,-0.653281482763219,-0.270598049853741
0.653281482373216,0.27059804966463,-0.653281482763277,-0.27059804985359
0.653281482373295,0.270598049664451,-0.653281482763335,-0.27059804985344
0.653281482373374,0.270598049664272,-0.653281482763392,-0.270598049853289
0.653281482373453,0.270598049664093,-0.653281482763449,-0.270598049853139
0.653281482373532,0.270598049663914,-0.653281482763507,-0.270598049852988
0.653281482373611,0.270598049663735,-0.653281482763564,-0.270598049852838
0.653281482373691,0.270598049663556,-0.653281482763621,-0.270598049852687
0.65328148237377,0.270598049663377,-0.653281482763678,-0.270598049852536
0.65328148237385,0.270598049663198,-0.653281482763735,-0.270598049852385
0.653281482373929,0.270598049663019,-0.653281482763792,-0.270598049852235
0.653281482374009,0.27059804966284,-0.653281482763849,-0.270598049852084
0.653281482374089,0.270598049662661,-0.653281482763906,-0.270598049851933
0.653281482374169,0.270598049662482,-0.653281482763963,-0.270598049851782
0.653281482374249,0.270598049662303,-0.653281482764019,-0.270598049851631
0.653281482374329,0.270598049662124,-0.653281482764076,-0.27059804985148
0.65328148237441,0.270598049661945,-0.653281482764132,-0.270598049851329
0.65328148237449,0.270598049661765,-0.653281482764189,-0.270598049851177
0.653281482374571,0.270598049661586,-0.653281482764245,-0.270598049851026
0.653281482374651,0.270598049661407,-0.653281482764301,-0.270598049850875
0.653281482374732,0.270598049661228,-0.653281482764358,-0.270598049850724
0.653281482374813,0.270598049661049,-0.653281482764414,-0.270598049850572
0.653281482374894,0.27059804966087,-0.65328148276447,-0.27059804985042
0.653281482374975,0.27059804966069,-0.653281482764526,-0.270598049850269
0.653281482375056,0.270598049660511,-0.653281482764582,-0.270598049850118
0.653281482375137,0.270598049660332,-0.653281482764637,-0.270598049849966
0.653281482375218,0.270598049660153,-0.653281482764693,-0.270598049849815
0.6532814823753,0.270598049659974,-0.653281482764749,-0.270598049849663
0.653281482375381,0.270598049659794,-0.653281482764804,-0.270598049849511
0.653281482375463,0.270598049659615,-0.65328148276486,-0.270598049849359
0.653281482375545,0.270598049659436,-0.653281482764915,-0.270598049849207
0.653281482375626,0.270598049659257,-0.653281482764971,-0.270598049849055
0.653281482375709,0.270598049659077,-0.653281482765026,-0.270598049848904
0.65328148237579,0.270598049658898,-0.653281482765081,-0.270598049848752
0.653281482375873,0.270598049658719,-0.653281482765136,-0.270598049848599
0.653281482375955,0.270598049658539,-0.653281482765191,-0.270598049848447
0.653281482376038,0.27059804965836,-0.653281482765246,-0.270598049848295
0.65328148237612,0.270598049658181,-0.653281482765301,-0.270598049848143
0.653281482376203,0.270598049658001,-0.653281482765355,-0.27059804984799
0.653281482376286,0.270598049657822,-0.65328148276541,-0.270598049847838
0.653281482376368,0.270598049657643,-0.653281482765465,-0.270598049847686
0.653281482376451,0.270598049657463,-0.653281482765519,-0.270598049847533
0.653281482376534,0.270598049657284,-0.653281482765574,-0.270598049847381
0.653281482376617,0.270598049657105,-0.653281482765628,-0.270598049847228
0.653281482376701,0.270598049656925,-0.653281482765682,-0.270598049847076
0.653281482376784,0.270598049656746,-0.653281482765737,-0.270598049846923
0.653281482376867,0.270598049656566,-0.653281482765791,-0.270598049846771
0.65328148237695,0.270598049656387,-0.653281482765845,-0.270598049846618
0.653281482377034,0.270598049656207,-0.653281482765899,-0.270598049846465
0.653281482377118,0.270598049656028,-0.653281482765953,-0.270598049846312
0.653281482377202,0.270598049655848,-0.653281482766007,-0.270598049846159
0.653281482377286,0.270598049655669,-0.65328148276606,-0.270598049846006
0.65328148237737,0.270598049655489,-0.653281482766114,-0.270598049845853
0.653281482377454,0.27059804965531,-0.653281482766168,-0.2705980498457
0.653281482377538,0.27059804965513,-0.653281482766221,-0.270598049845547
0.653281482377623,0.270598049654951,-0.653281482766275,-0.270598049845394
0.653281482377707,0.270598049654771,-0.653281482766328,-0.270598049845241
0.653281482377792,0.270598049654592,-0.653281482766381,-0.270598049845088
0.653281482377876,0.270598049654412,-0.653281482766435,-0.270598049844935
0.653281482377961,0.270598049654232,-0.653281482766487,-0.270598049844781
0.653281482378046,0.270598049654053,-0.65328148276654,-0.270598049844627
0.653281482378131,0.270598049653873,-0.653281482766593,-0.270598049844474
0.653281482378216,0.270598049653694,-0.653281482766647,-0.270598049844321
0.653281482378301,0.270598049653514,-0.653281482766699,-0.270598049844167
0.653281482378387,0.270598049653335,-0.653281482766752,-0.270598049844013
0.653281482378472,0.270598049653155,-0.653281482766805,-0.27059804984386
0.653281482378558,0.270598049652975,-0.653281482766857,-0.270598049843706
0.653281482378643,0.270598049652796,-0.65328148276691,-0.270598049843552
0.653281482378729,0.270598049652616,-0.653281482766962,-0.270598049843398
0.653281482378815,0.270598049652436,-0.653281482767014,-0.270598049843244
0.653281482378901,0.270598049652257,-0.653281482767066,-0.27059804984309
0.653281482378987,0.270598049652077,-0.653281482767119,-0.270598049842936
0.653281482379073,0.270598049651897,-0.653281482767171,-0.270598049842783
0.65328148237916,0.270598049651717,-0.653281482767223,-0.270598049842628
0.653281482379246,0.270598049651538,-0.653281482767275,-0.270598049842474
0.653281482379332,0.270598049651358,-0.653281482767327,-0.27059804984232
0.653281482379419,0.270598049651178,-0.653281482767378,-0.270598049842166
0.653281482379506,0.270598049650998,-0.65328148276743,-0.270598049842011
0.653281482379592,0.270598049650818,-0.653281482767482,-0.270598049841857
0.653281482379679,0.270598049650639,-0.653281482767533,-0.270598049841703
0.653281482379766,0.270598049650459,-0.653281482767585,-0.270598049841548
0.653281482379853,0.270598049650279,-0.653281482767637,-0.270598049841394
0.65328148237994,0.270598049650099,-0.653281482767688,-0.270598049841239
0.653281482380028,0.270598049649919,-0.653281482767739,-0.270598049841085
0.653281482380115,0.270598049649739,-0.65328148276779,-0.27059804984093
0.653281482380203,0.27059804964956,-0.653281482767841,-0.270598049840775
0.65328148238029,0.27059804964938,-0.653281482767892,-0.27059804984062
0.653281482380378,0.2705980496492,-0.653281482767943,-0.270598049840466
0.653281482380465,0.27059804964902,-0.653281482767994,-0.270598049840311
0.653281482380553,0.27059804964884,-0.653281482768045,-0.270598049840156
0.653281482380642,0.27059804964866,-0.653281482768095,-0.270598049840001
0.65328148238073,0.27059804964848,-0.653281482768146,-0.270598049839846
0.653281482380818,0.2705980496483,-0.653281482768196,-0.270598049839691
0.653281482380906,0.27059804964812,-0.653281482768247,-0.270598049839536
0.653281482380995,0.27059804964794,-0.653281482768297,-0.27059804983938
0.653281482381083,0.27059804964776,-0.653281482768348,-0.270598049839225
0.653281482381172,0.27059804964758,-0.653281482768398,-0.27059804983907
0.653281482381261,0.2705980496474,-0.653281482768448,-0.270598049838914
0.65328148238135,0.27059804964722,-0.653281482768498,-0.270598049838759
0.653281482381439,0.27059804964704,-0.653281482768548,-0.270598049838604
0.653281482381528,0.27059804964686,-0.653281482768598,-0.270598049838448
0.653281482381617,0.27059804964668,-0.653281482768647,-0.270598049838292
0.653281482381706,0.2705980496465,-0.653281482768698,-0.270598049838137
0.653281482381796,0.27059804964632,-0.653281482768747,-0.270598049837981
0.653281482381885,0.27059804964614,-0.653281482768796,-0.270598049837826
0.653281482381975,0.27059804964596,-0.653281482768846,-0.27059804983767
0.653281482382064,0.270598049645779,-0.653281482768896,-0.270598049837514
0.653281482382154,0.270598049645599,-0.653281482768945,-0.270598049837358
0.653281482382244,0.270598049645419,-0.653281482768994,-0.270598049837202
0.653281482382334,0.270598049645239,-0.653281482769043,-0.270598049837046
0.653281482382424,0.270598049645059,-0.653281482769092,-0.27059804983689
0.653281482382515,0.270598049644879,-0.653281482769142,-0.270598049836734
0.653281482382605,0.270598049644698,-0.65328148276919,-0.270598049836578
0.653281482382695,0.270598049644519,-0.653281482769239,-0.270598049836422
0.653281482382786,0.270598049644338,-0.653281482769288,-0.270598049836266
0.653281482382877,0.270598049644158,-0.653281482769337,-0.270598049836109
0.653281482382967,0.270598049643978,-0.653281482769386,-0.270598049835953
0.653281482383058,0.270598049643798,-0.653281482769434,-0.270598049835797
0.653281482383149,0.270598049643617,-0.653281482769483,-0.27059804983564
0.65328148238324,0.270598049643437,-0.653281482769531,-0.270598049835484
0.653281482383332,0.270598049643257,-0.65328148276958,-0.270598049835327
0.653281482383423,0.270598049643076,-0.653281482769628,-0.270598049835171
0.653281482383514,0.270598049642896,-0.653281482769676,-0.270598049835014
0.653281482383606,0.270598049642716,-0.653281482769724,-0.270598049834857
0.653281482383697,0.270598049642535,-0.653281482769772,-0.2705980498347
0.653281482383789,0.270598049642355,-0.65328148276982,-0.270598049834543
0.653281482383881,0.270598049642174,-0.653281482769868,-0.270598049834387
0.653281482383973,0.270598049641994,-0.653281482769916,-0.27059804983423
0.653281482384065,0.270598049641814,-0.653281482769964,-0.270598049834073
0.653281482384157,0.270598049641634,-0.653281482770011,-0.270598049833916
0.653281482384249,0.270598049641453,-0.653281482770058,-0.270598049833759
0.653281482384342,0.270598049641272,-0.653281482770106,-0.270598049833602
0.653281482384434,0.270598049641092,-0.653281482770154,-0.270598049833445
0.653281482384526,0.270598049640912,-0.653281482770201,-0.270598049833288
0.653281482384619,0.270598049640731,-0.653281482770248,-0.27059804983313
0.653281482384712,0.270598049640551,-0.653281482770295,-0.270598049832973
0.653281482384805,0.27059804964037,-0.653281482770342,-0.270598049832815
0.653281482384897,0.27059804964019,-0.65328148277039,-0.270598049832658
0.653281482384991,0.270598049640009,-0.653281482770436,-0.2705980498325
0.653281482385084,0.270598049639829,-0.653281482770483,-0.270598049832343
0.653281482385177,0.270598049639648,-0.65328148277053,-0.270598049832185
0.653281482385271,0.270598049639468,-0.653281482770576,-0.270598049832028
0.653281482385364,0.270598049639287,-0.653281482770624,-0.27059804983187
0.653281482385458,0.270598049639106,-0.65328148277067,-0.270598049831712
0.653281482385551,0.270598049638926,-0.653281482770716,-0.270598049831554
0.653281482385645,0.270598049638745,-0.653281482770762,-0.270598049831396
0.653281482385739,0.270598049638565,-0.653281482770809,-0.270598049831239
0.653281482385833,0.270598049638384,-0.653281482770855,-0.27059804983108
0.653281482385927,0.270598049638203,-0.653281482770901,-0.270598049830923
0.653281482386021,0.270598049638023,-0.653281482770947,-0.270598049830764
0.653281482386116,0.270598049637842,-0.653281482770994,-0.270598049830606
0.65328148238621,0.270598049637662,-0.653281482771039,-0.270598049830448
0.653281482386305,0.270598049637481,-0.653281482771085,-0.27059804983029
0.653281482386399,0.2705980496373,-0.653281482771131,-0.270598049830131
0.653281482386494,0.270598049637119,-0.653281482771177,-0.270598049829974
0.653281482386589,0.270598049636938,-0.653281482771222,-0.270598049829815
0.653281482386684,0.270598049636758,-0.653281482771268,-0.270598049829657
0.653281482386779,0.270598049636577,-0.653281482771313,-0.270598049829498
0.653281482386874,0.270598049636396,-0.653281482771358,-0.270598049829339
0.65328148238697,0.270598049636216,-0.653281482771404,-0.270598049829181
0.653281482387065,0.270598049636035,-0.653281482771449,-0.270598049829022
0.653281482387161,0.270598049635854,-0.653281482771494,-0.270598049828864
0.653281482387256,0.270598049635673,-0.653281482771539,-0.270598049828705
0.653281482387352,0.270598049635492,-0.653281482771584,-0.270598049828546
0.653281482387448,0.270598049635311,-0.653281482771629,-0.270598049828387
0.653281482387544,0.270598049635131,-0.653281482771674,-0.270598049828228
0.65328148238764,0.27059804963495,-0.653281482771719,-0.270598049828069
0.653281482387736,0.270598049634769,-0.653281482771764,-0.270598049827911
0.653281482387832,0.270598049634588,-0.653281482771808,-0.270598049827751
0.653281482387928,0.270598049634407,-0.653281482771853,-0.270598049827592
0.653281482388025,0.270598049634226,-0.653281482771897,-0.270598049827433
0.653281482388121,0.270598049634045,-0.653281482771941,-0.270598049827274
0.653281482388218,0.270598049633864,-0.653281482771985,-0.270598049827114
0.653281482388315,0.270598049633683,-0.653281482772029,-0.270598049826955
0.653281482388412,0.270598049633502,-0.653281482772074,-0.270598049826795
0.653281482388508,0.270598049633321,-0.653281482772118,-0.270598049826636
0.653281482388606,0.27059804963314,-0.653281482772162,-0.270598049826477
0.653281482388703,0.270598049632959,-0.653281482772206,-0.270598049826317
0.6532814823888,0.270598049632778,-0.65328148277225,-0.270598049826157
0.653281482388897,0.270598049632597,-0.653281482772293,-0.270598049825998
0.653281482388995,0.270598049632416,-0.653281482772337,-0.270598049825838
0.653281482389093,0.270598049632235,-0.65328148277238,-0.270598049825678
0.65328148238919,0.270598049632054,-0.653281482772424,-0.270598049825518
0.653281482389288,0.270598049631873,-0.653281482772467,-0.270598049825358
0.653281482389386,0.270598049631692,-0.653281482772511,-0.270598049825199
0.653281482389484,0.270598049631511,-0.653281482772554,-0.270598049825039
0.653281482389582,0.270598049631329,-0.653281482772597,-0.270598049824878
0.65328148238968,0.270598049631148,-0.65328148277264,-0.270598049824719
0.653281482389779,0.270598049630967,-0.653281482772683,-0.270598049824558
0.653281482389877,0.270598049630786,-0.653281482772726,-0.270598049824398
0.653281482389976,0.270598049630605,-0.653281482772769,-0.270598049824238
0.653281482390075,0.270598049630423,-0.653281482772812,-0.270598049824077
0.653281482390173,0.270598049630242,-0.653281482772855,-0.270598049823917
0.653281482390272,0.270598049630061,-0.653281482772897,-0.270598049823757
0.653281482390371,0.27059804962988,-0.65328148277294,-0.270598049823596
0.65328148239047,0.270598049629698,-0.653281482772982,-0.270598049823436
0.653281482390569,0.270598049629517,-0.653281482773025,-0.270598049823276
0.653281482390669,0.270598049629336,-0.653281482773067,-0.270598049823115
0.653281482390768,0.270598049629155,-0.653281482773109,-0.270598049822954
0.653281482390868,0.270598049628973,-0.653281482773151,-0.270598049822794
0.653281482390967,0.270598049628792,-0.653281482773193,-0.270598049822633
0.653281482391067,0.270598049628611,-0.653281482773236,-0.270598049822472
0.653281482391167,0.270598049628429,-0.653281482773277,-0.270598049822311
0.653281482391267,0.270598049628248,-0.653281482773319,-0.27059804982215
0.653281482391367,0.270598049628066,-0.653281482773361,-0.270598049821989
0.653281482391467,0.270598049627885,-0.653281482773403,-0.270598049821828
0.653281482391567,0.270598049627703,-0.653281482773445,-0.270598049821667
0.653281482391668,0.270598049627522,-0.653281482773486,-0.270598049821506
0.653281482391768,0.270598049627341,-0.653281482773527,-0.270598049821345
0.653281482391869,0.270598049627159,-0.653281482773569,-0.270598049821183
0.653281482391969,0.270598049626978,-0.65328148277361,-0.270598049821022
0.65328148239207,0.270598049626796,-0.653281482773651,-0.270598049820861
0.653281482392171,0.270598049626615,-0.653281482773692,-0.270598049820699
0.653281482392272,0.270598049626433,-0.653281482773734,-0.270598049820538
0.653281482392373,0.270598049626252,-0.653281482773774,-0.270598049820376
0.653281482392474,0.27059804962607,-0.653281482773815,-0.270598049820215
0.653281482392576,0.270598049625889,-0.653281482773856,-0.270598049820053
0.653281482392677,0.270598049625707,-0.653281482773897,-0.270598049819892
0.653281482392779,0.270598049625525,-0.653281482773937,-0.27059804981973
0.65328148239288,0.270598049625344,-0.653281482773978,-0.270598049819568
0.653281482392982,0.270598049625162,-0.653281482774019,-0.270598049819406
0.653281482393084,0.270598049624981,-0.653281482774059,-0.270598049819244
0.653281482393186,0.270598049624799,-0.6532814827741,-0.270598049819083
0.653281482393288,0.270598049624617,-0.65328148277414,-0.27059804981892
0.65328148239339,0.270598049624436,-0.65328148277418,-0.270598049818758
0.653281482393492,0.270598049624254,-0.65328148277422,-0.270598049818596
0.653281482393595,0.270598049624072,-0.65328148277426,-0.270598049818434
0.653281482393697,0.27059804962389,-0.6532814827743,-0.270598049818272
0.6532814823938,0.270598049623709,-0.65328148277434,-0.270598049818109
0.653281482393902,0.270598049623527,-0.65328148277438,-0.270598049817947
0.653281482394005,0.270598049623345,-0.65328148277442,-0.270598049817785
0.653281482394108,0.270598049623163,-0.653281482774459,-0.270598049817622
0.653281482394211,0.270598049622982,-0.653281482774499,-0.27059804981746
0.653281482394314,0.2705980496228,-0.653281482774539,-0.270598049817297
0.653281482394417,0.270598049622618,-0.653281482774578,-0.270598049817135
0.653281482394521,0.270598049622436,-0.653281482774618,-0.270598049816973
0.653281482394624,0.270598049622254,-0.653281482774657,-0.27059804981681
0.653281482394727,0.270598049622072,-0.653281482774696,-0.270598049816647
0.653281482394831,0.27059804962189,-0.653281482774735,-0.270598049816484
0.653281482394935,0.270598049621709,-0.653281482774774,-0.270598049816321
0.653281482395039,0.270598049621527,-0.653281482774813,-0.270598049816158
0.653281482395143,0.270598049621345,-0.653281482774852,-0.270598049815996
0.653281482395247,0.270598049621163,-0.653281482774891,-0.270598049815833
0.653281482395351,0.270598049620981,-0.653281482774929,-0.270598049815669
0.653281482395455,0.270598049620799,-0.653281482774968,-0.270598049815506
0.65328148239556,0.270598049620617,-0.653281482775007,-0.270598049815343
0.653281482395664,0.270598049620435,-0.653281482775045,-0.27059804981518
0.653281482395769,0.270598049620253,-0.653281482775083,-0.270598049815017
0.653281482395874,0.270598049620071,-0.653281482775122,-0.270598049814853
0.653281482395978,0.270598049619888,-0.65328148277516,-0.27059804981469
0.653281482396083,0.270598049619707,-0.653281482775198,-0.270598049814526
0.653281482396188,0.270598049619525,-0.653281482775237,-0.270598049814363
0.653281482396293,0.270598049619342,-0.653281482775275,-0.2705980498142
0.653281482396398,0.270598049619161,-0.653281482775313,-0.270598049814036
0.653281482396504,0.270598049618978,-0.65328148277535,-0.270598049813872
0.653281482396609,0.270598049618796,-0.653281482775388,-0.270598049813708
0.653281482396715,0.270598049618614,-0.653281482775426,-0.270598049813545
0.65328148239682,0.270598049618432,-0.653281482775463,-0.270598049813381
0.653281482396926,0.27059804961825,-0.653281482775501,-0.270598049813217
0.653281482397032,0.270598049618067,-0.653281482775539,-0.270598049813053
0.653281482397138,0.270598049617885,-0.653281482775576,-0.270598049812889
0.653281482397244,0.270598049617703,-0.653281482775613,-0.270598049812725
0.653281482397351,0.270598049617521,-0.653281482775651,-0.270598049812561
0.653281482397457,0.270598049617338,-0.653281482775688,-0.270598049812397
0.653281482397563,0.270598049617156,-0.653281482775725,-0.270598049812233
0.65328148239767,0.270598049616974,-0.653281482775762,-0.270598049812069
0.653281482397776,0.270598049616792,-0.653281482775799,-0.270598049811904
0.653281482397883,0.270598049616609,-0.653281482775836,-0.27059804981174
0.65328148239799,0.270598049616427,-0.653281482775873,-0.270598049811576
0.653281482398097,0.270598049616245,-0.653281482775909,-0.270598049811411
0.653281482398204,0.270598049616062,-0.653281482775946,-0.270598049811246
0.653281482398311,0.27059804961588,-0.653281482775982,-0.270598049811082
0.653281482398418,0.270598049615697,-0.653281482776019,-0.270598049810918
0.653281482398526,0.270598049615515,-0.653281482776055,-0.270598049810753
0.653281482398633,0.270598049615332,-0.653281482776092,-0.270598049810588
0.653281482398741,0.27059804961515,-0.653281482776128,-0.270598049810423
0.653281482398848,0.270598049614968,-0.653281482776164,-0.270598049810259
0.653281482398956,0.270598049614785,-0.6532814827762,-0.270598049810094
0.653281482399064,0.270598049614603,-0.653281482776236,-0.270598049809929
0.653281482399172,0.27059804961442,-0.653281482776272,-0.270598049809764
0.653281482399281,0.270598049614238,-0.653281482776308,-0.270598049809599
0.653281482399389,0.270598049614055,-0.653281482776344,-0.270598049809434
0.653281482399497,0.270598049613873,-0.65328148277638,-0.270598049809268
0.653281482399605,0.27059804961369,-0.653281482776415,-0.270598049809104
0.653281482399714,0.270598049613507,-0.653281482776451,-0.270598049808938
0.653281482399823,0.270598049613325,-0.653281482776486,-0.270598049808773
0.653281482399931,0.270598049613142,-0.653281482776521,-0.270598049808607
0.65328148240004,0.27059804961296,-0.653281482776557,-0.270598049808442
0.653281482400149,0.270598049612777,-0.653281482776592,-0.270598049808277
0.653281482400258,0.270598049612594,-0.653281482776627,-0.270598049808111
0.653281482400367,0.270598049612412,-0.653281482776662,-0.270598049807945
0.653281482400477,0.270598049612229,-0.653281482776697,-0.27059804980778
0.653281482400586,0.270598049612046,-0.653281482776732,-0.270598049807614
0.653281482400695,0.270598049611863,-0.653281482776767,-0.270598049807449
0.653281482400805,0.270598049611681,-0.653281482776802,-0.270598049807283
0.653281482400915,0.270598049611498,-0.653281482776836,-0.270598049807117
0.653281482401024,0.270598049611315,-0.653281482776871,-0.270598049806951
0.653281482401134,0.270598049611132,-0.653281482776905,-0.270598049806785
0.653281482401245,0.27059804961095,-0.65328148277694,-0.270598049806619
0.653281482401355,0.270598049610767,-0.653281482776975,-0.270598049806453
0.653281482401465,0.270598049610584,-0.653281482777008,-0.270598049806287
0.653281482401575,0.270598049610401,-0.653281482777043,-0.27059804980612
0.653281482401685,0.270598049610218,-0.653281482777077,-0.270598049805954
0.653281482401796,0.270598049610035,-0.653281482777111,-0.270598049805788
0.653281482401907,0.270598049609853,-0.653281482777145,-0.270598049805622
0.653281482402017,0.27059804960967,-0.653281482777179,-0.270598049805455
0.653281482402128,0.270598049609487,-0.653281482777213,-0.270598049805289
0.653281482402239,0.270598049609304,-0.653281482777246,-0.270598049805122
0.65328148240235,0.270598049609121,-0.65328148277728,-0.270598049804956
0.653281482402462,0.270598049608938,-0.653281482777314,-0.270598049804789
0.653281482402573,0.270598049608755,-0.653281482777347,-0.270598049804623
0.653281482402684,0.270598049608572,-0.653281482777381,-0.270598049804456
0.653281482402796,0.270598049608389,-0.653281482777414,-0.270598049804289
0.653281482402907,0.270598049608206,-0.653281482777448,-0.270598049804122
0.653281482403019,0.270598049608023,-0.653281482777481,-0.270598049803956
0.653281482403131,0.270598049607839,-0.653281482777514,-0.270598049803788
0.653281482403243,0.270598049607656,-0.653281482777547,-0.270598049803622
0.653281482403355,0.270598049607473,-0.65328148277758,-0.270598049803455
0.653281482403467,0.27059804960729,-0.653281482777613,-0.270598049803288
0.653281482403579,0.270598049607107,-0.653281482777646,-0.27059804980312
0.653281482403692,0.270598049606924,-0.653281482777679,-0.270598049802953
0.653281482403804,0.270598049606741,-0.653281482777711,-0.270598049802786
0.653281482403917,0.270598049606557,-0.653281482777743,-0.270598049802619
0.65328148240403,0.270598049606374,-0.653281482777776,-0.270598049802452
0.653281482404143,0.270598049606191,-0.653281482777809,-0.270598049802284
0.653281482404255,0.270598049606008,-0.653281482777841,-0.270598049802116
0.653281482404368,0.270598049605825,-0.653281482777873,-0.270598049801949
0.653281482404481,0.270598049605641,-0.653281482777905,-0.270598049801781
0.653281482404595,0.270598049605458,-0.653281482777937,-0.270598049801614
0.653281482404708,0.270598049605275,-0.653281482777969,-0.270598049801446
0.653281482404821,0.270598049605091,-0.653281482778001,-0.270598049801278
0.653281482404935,0.270598049604908,-0.653281482778034,-0.270598049801111
0.653281482405049,0.270598049604725,-0.653281482778065,-0.270598049800942
0.653281482405162,0.270598049604541,-0.653281482778097,-0.270598049800775
0.653281482405276,0.270598049604358,-0.653281482778129,-0.270598049800607
0.65328148240539,0.270598049604175,-0.65328148277816,-0.270598049800439
0.653281482405504,0.270598049603991,-0.653281482778192,-0.270598049800271
0.653281482405619,0.270598049603807,-0.653281482778223,-0.270598049800103
0.653281482405733,0.270598049603624,-0.653281482778254,-0.270598049799935
0.653281482405847,0.270598049603441,-0.653281482778286,-0.270598049799767
0.653281482405962,0.270598049603257,-0.653281482778317,-0.270598049799598
0.653281482406076,0.270598049603074,-0.653281482778348,-0.27059804979943
0.653281482406191,0.27059804960289,-0.653281482778379,-0.270598049799261
0.653281482406306,0.270598049602707,-0.65328148277841,-0.270598049799093
0.653281482406421,0.270598049602523,-0.653281482778441,-0.270598049798925
0.653281482406536,0.270598049602339,-0.653281482778472,-0.270598049798756
0.653281482406651,0.270598049602156,-0.653281482778502,-0.270598049798587
0.653281482406767,0.270598049601972,-0.653281482778533,-0.270598049798419
0.653281482406882,0.270598049601789,-0.653281482778564,-0.27059804979825
0.653281482406997,0.270598049601605,-0.653281482778595,-0.270598049798082
0.653281482407112,0.270598049601421,-0.653281482778624,-0.270598049797912
0.653281482407228,0.270598049601238,-0.653281482778655,-0.270598049797744
0.653281482407344,0.270598049601054,-0.653281482778685,-0.270598049797575
0.65328148240746,0.27059804960087,-0.653281482778715,-0.270598049797406
0.653281482407576,0.270598049600687,-0.653281482778746,-0.270598049797237
0.653281482407692,0.270598049600503,-0.653281482778775,-0.270598049797068
0.653281482407808,0.270598049600319,-0.653281482778805,-0.270598049796899
0.653281482407925,0.270598049600136,-0.653281482778836,-0.27059804979673
0.653281482408041,0.270598049599952,-0.653281482778865,-0.27059804979656
0.653281482408158,0.270598049599768,-0.653281482778895,-0.270598049796391
0.653281482408274,0.270598049599584,-0.653281482778925,-0.270598049796221
0.653281482408391,0.2705980495994,-0.653281482778954,-0.270598049796052
0.653281482408508,0.270598049599216,-0.653281482778984,-0.270598049795883
0.653281482408625,0.270598049599032,-0.653281482779013,-0.270598049795713
0.653281482408742,0.270598049598848,-0.653281482779042,-0.270598049795544
0.653281482408859,0.270598049598665,-0.653281482779072,-0.270598049795374
0.653281482408977,0.27059804959848,-0.653281482779101,-0.270598049795204
0.653281482409094,0.270598049598297,-0.65328148277913,-0.270598049795035
0.653281482409212,0.270598049598113,-0.653281482779159,-0.270598049794865
0.653281482409329,0.270598049597929,-0.653281482779188,-0.270598049794695
0.653281482409447,0.270598049597745,-0.653281482779216,-0.270598049794525
0.653281482409565,0.270598049597561,-0.653281482779246,-0.270598049794355
0.653281482409683,0.270598049597377,-0.653281482779274,-0.270598049794185
0.6532814824098,0.270598049597192,-0.653281482779303,-0.270598049794015
0.653281482409919,0.270598049597008,-0.653281482779331,-0.270598049793845
0.653281482410037,0.270598049596824,-0.65328148277936,-0.270598049793675
0.653281482410156,0.27059804959664,-0.653281482779388,-0.270598049793505
0.653281482410274,0.270598049596456,-0.653281482779417,-0.270598049793334
0.653281482410393,0.270598049596272,-0.653281482779445,-0.270598049793164
0.653281482410511,0.270598049596088,-0.653281482779473,-0.270598049792994
0.65328148241063,0.270598049595904,-0.653281482779501,-0.270598049792823
0.653281482410749,0.270598049595719,-0.653281482779529,-0.270598049792653
0.653281482410868,0.270598049595535,-0.653281482779557,-0.270598049792482
0.653281482410987,0.270598049595351,-0.653281482779585,-0.270598049792312
0.653281482411106,0.270598049595167,-0.653281482779613,-0.270598049792141
0.653281482411226,0.270598049594982,-0.65328148277964,-0.27059804979197
0.653281482411345,0.270598049594798,-0.653281482779668,-0.270598049791799
0.653281482411465,0.270598049594614,-0.653281482779696,-0.270598049791629
0.653281482411584,0.270598049594429,-0.653281482779723,-0.270598049791458
0.653281482411704,0.270598049594245,-0.65328148277975,-0.270598049791287
0.653281482411824,0.270598049594061,-0.653281482779778,-0.270598049791116
0.653281482411944,0.270598049593876,-0.653281482779805,-0.270598049790945
0.653281482412064,0.270598049593692,-0.653281482779832,-0.270598049790774
0.653281482412184,0.270598049593508,-0.65328148277986,-0.270598049790603
0.653281482412305,0.270598049593323,-0.653281482779886,-0.270598049790431
0.653281482412425,0.270598049593139,-0.653281482779913,-0.27059804979026
0.653281482412545,0.270598049592954,-0.65328148277994,-0.270598049790089
0.653281482412666,0.27059804959277,-0.653281482779966,-0.270598049789917
0.653281482412787,0.270598049592585,-0.653281482779993,-0.270598049789746
0.653281482412907,0.270598049592401,-0.65328148278002,-0.270598049789574
0.653281482413029,0.270598049592216,-0.653281482780046,-0.270598049789403
0.653281482413149,0.270598049592032,-0.653281482780073,-0.270598049789231
0.653281482413271,0.270598049591847,-0.653281482780099,-0.27059804978906
0.653281482413392,0.270598049591663,-0.653281482780126,-0.270598049788888
0.653281482413513,0.270598049591478,-0.653281482780152,-0.270598049788716
0.653281482413635,0.270598049591293,-0.653281482780178,-0.270598049788545
0.653281482413756,0.270598049591109,-0.653281482780204,-0.270598049788373
0.653281482413878,0.270598049590924,-0.65328148278023,-0.270598049788201
0.653281482414,0.270598049590739,-0.653281482780256,-0.270598049788029
0.653281482414122,0.270598049590555,-0.653281482780282,-0.270598049787857
0.653281482414244,0.27059804959037,-0.653281482780308,-0.270598049787685
0.653281482414366,0.270598049590185,-0.653281482780333,-0.270598049787513
0.653281482414488,0.27059804959,-0.653281482780359,-0.270598049787341
0.65328148241461,0.270598049589816,-0.653281482780385,-0.270598049787168
0.653281482414733,0.270598049589631,-0.65328148278041,-0.270598049786996
0.653281482414856,0.270598049589446,-0.653281482780435,-0.270598049786824
0.653281482414978,0.270598049589261,-0.653281482780461,-0.270598049786651
0.653281482415101,0.270598049589076,-0.653281482780486,-0.270598049786479
0.653281482415224,0.270598049588891,-0.653281482780511,-0.270598049786306
0.653281482415347,0.270598049588707,-0.653281482780536,-0.270598049786134
0.65328148241547,0.270598049588522,-0.653281482780561,-0.270598049785961
0.653281482415593,0.270598049588337,-0.653281482780586,-0.270598049785788
0.653281482415716,0.270598049588152,-0.653281482780611,-0.270598049785616
0.65328148241584,0.270598049587967,-0.653281482780636,-0.270598049785443
0.653281482415963,0.270598049587782,-0.65328148278066,-0.27059804978527
0.653281482416087,0.270598049587597,-0.653281482780685,-0.270598049785097
0.653281482416211,0.270598049587412,-0.65328148278071,-0.270598049784924
0.653281482416334,0.270598049587227,-0.653281482780734,-0.270598049784751
0.653281482416458,0.270598049587042,-0.653281482780759,-0.270598049784578
0.653281482416583,0.270598049586857,-0.653281482780782,-0.270598049784405
0.653281482416707,0.270598049586672,-0.653281482780807,-0.270598049784232
0.653281482416831,0.270598049586486,-0.653281482780831,-0.270598049784059
0.653281482416955,0.270598049586301,-0.653281482780855,-0.270598049783885
0.65328148241708,0.270598049586116,-0.653281482780879,-0.270598049783712
0.653281482417204,0.270598049585931,-0.653281482780903,-0.270598049783539
0.653281482417329,0.270598049585746,-0.653281482780927,-0.270598049783365
0.653281482417454,0.270598049585561,-0.653281482780951,-0.270598049783192
0.653281482417579,0.270598049585375,-0.653281482780974,-0.270598049783018
0.653281482417704,0.27059804958519,-0.653281482780998,-0.270598049782845
0.653281482417829,0.270598049585005,-0.653281482781022,-0.270598049782671
0.653281482417954,0.27059804958482,-0.653281482781045,-0.270598049782497
0.65328148241808,0.270598049584634,-0.653281482781068,-0.270598049782323
0.653281482418205,0.270598049584449,-0.653281482781091,-0.27059804978215
0.653281482418331,0.270598049584264,-0.653281482781115,-0.270598049781976
0.653281482418456,0.270598049584078,-0.653281482781138,-0.270598049781802
0.653281482418582,0.270598049583893,-0.653281482781161,-0.270598049781628
0.653281482418708,0.270598049583708,-0.653281482781184,-0.270598049781454
0.653281482418834,0.270598049583522,-0.653281482781207,-0.27059804978128
0.65328148241896,0.270598049583337,-0.653281482781229,-0.270598049781105
0.653281482419086,0.270598049583151,-0.653281482781252,-0.270598049780932
0.653281482419213,0.270598049582966,-0.653281482781275,-0.270598049780757
0.653281482419339,0.270598049582781,-0.653281482781298,-0.270598049780583
0.653281482419466,0.270598049582595,-0.65328148278132,-0.270598049780408
0.653281482419592,0.270598049582409,-0.653281482781342,-0.270598049780234
0.653281482419719,0.270598049582224,-0.653281482781365,-0.27059804978006
0.653281482419846,0.270598049582038,-0.653281482781387,-0.270598049779885
0.653281482419973,0.270598049581853,-0.653281482781409,-0.27059804977971
0.6532814824201,0.270598049581667,-0.653281482781432,-0.270598049779536
0.653281482420227,0.270598049581482,-0.653281482781454,-0.270598049779361
0.653281482420355,0.270598049581296,-0.653281482781475,-0.270598049779186
0.653281482420482,0.27059804958111,-0.653281482781498,-0.270598049779012
0.65328148242061,0.270598049580925,-0.653281482781519,-0.270598049778837
0.653281482420737,0.270598049580739,-0.653281482781541,-0.270598049778662
0.653281482420865,0.270598049580553,-0.653281482781563,-0.270598049778487
0.653281482420992,0.270598049580367,-0.653281482781584,-0.270598049778312
0.653281482421121,0.270598049580182,-0.653281482781606,-0.270598049778137
0.653281482421249,0.270598049579996,-0.653281482781627,-0.270598049777962
0.653281482421377,0.27059804957981,-0.653281482781649,-0.270598049777786
0.653281482421505,0.270598049579624,-0.65328148278167,-0.270598049777611
0.653281482421634,0.270598049579438,-0.653281482781691,-0.270598049777436
0.653281482421762,0.270598049579253,-0.653281482781712,-0.27059804977726
0.65328148242189,0.270598049579067,-0.653281482781734,-0.270598049777085
0.653281482422019,0.270598049578881,-0.653281482781754,-0.270598049776909
0.653281482422148,0.270598049578695,-0.653281482781775,-0.270598049776734
0.653281482422277,0.270598049578509,-0.653281482781796,-0.270598049776559
0.653281482422406,0.270598049578323,-0.653281482781817,-0.270598049776383
0.653281482422535,0.270598049578137,-0.653281482781837,-0.270598049776207
0.653281482422664,0.270598049577951,-0.653281482781858,-0.270598049776032
0.653281482422794,0.270598049577765,-0.653281482781879,-0.270598049775856
0.653281482422923,0.270598049577579,-0.653281482781899,-0.27059804977568
0.653281482423053,0.270598049577393,-0.653281482781919,-0.270598049775504
0.653281482423182,0.270598049577207,-0.65328148278194,-0.270598049775328
0.653281482423312,0.270598049577021,-0.65328148278196,-0.270598049775152
0.653281482423442,0.270598049576835,-0.65328148278198,-0.270598049774976
0.653281482423572,0.270598049576649,-0.653281482782,-0.2705980497748
0.653281482423702,0.270598049576463,-0.65328148278202,-0.270598049774623
0.653281482423832,0.270598049576276,-0.65328148278204,-0.270598049774447
0.653281482423963,0.27059804957609,-0.65328148278206,-0.270598049774271
0.653281482424093,0.270598049575904,-0.653281482782079,-0.270598049774094
0.653281482424224,0.270598049575718,-0.653281482782099,-0.270598049773918
0.653281482424354,0.270598049575532,-0.653281482782119,-0.270598049773742
0.653281482424485,0.270598049575345,-0.653281482782138,-0.270598049773565
0.653281482424616,0.270598049575159,-0.653281482782158,-0.270598049773389
0.653281482424747,0.270598049574972,-0.653281482782177,-0.270598049773212
0.653281482424878,0.270598049574786,-0.653281482782196,-0.270598049773035
0.653281482425009,0.2705980495746,-0.653281482782215,-0.270598049772859
0.653281482425141,0.270598049574414,-0.653281482782235,-0.270598049772682
0.653281482425272,0.270598049574227,-0.653281482782254,-0.270598049772505
0.653281482425404,0.270598049574041,-0.653281482782272,-0.270598049772328
0.653281482425535,0.270598049573854,-0.653281482782292,-0.270598049772151
0.653281482425667,0.270598049573668,-0.65328148278231,-0.270598049771974
0.653281482425799,0.270598049573481,-0.653281482782329,-0.270598049771797
0.653281482425931,0.270598049573295,-0.653281482782348,-0.27059804977162
0.653281482426062,0.270598049573108,-0.653281482782367,-0.270598049771443
0.653281482426195,0.270598049572922,-0.653281482782385,-0.270598049771266
0.653281482426327,0.270598049572735,-0.653281482782403,-0.270598049771088
0.653281482426459,0.270598049572549,-0.653281482782422,-0.270598049770911
0.653281482426592,0.270598049572362,-0.65328148278244,-0.270598049770734
0.653281482426724,0.270598049572176,-0.653281482782458,-0.270598049770556
0.653281482426857,0.270598049571989,-0.653281482782476,-0.270598049770379
0.65328148242699,0.270598049571803,-0.653281482782494,-0.270598049770201
0.653281482427123,0.270598049571616,-0.653281482782512,-0.270598049770023
0.653281482427256,0.270598049571429,-0.65328148278253,-0.270598049769846
0.653281482427389,0.270598049571243,-0.653281482782548,-0.270598049769668
0.653281482427522,0.270598049571056,-0.653281482782566,-0.27059804976949
0.653281482427656,0.270598049570869,-0.653281482782584,-0.270598049769312
0.653281482427789,0.270598049570682,-0.653281482782601,-0.270598049769135
0.653281482427923,0.270598049570495,-0.653281482782619,-0.270598049768957
0.653281482428057,0.270598049570309,-0.653281482782636,-0.270598049768779
0.65328148242819,0.270598049570122,-0.653281482782653,-0.2705980497686
0.653281482428324,0.270598049569935,-0.65328148278267,-0.270598049768422
0.653281482428458,0.270598049569748,-0.653281482782688,-0.270598049768244
0.653281482428592,0.270598049569561,-0.653281482782705,-0.270598049768066
0.653281482428727,0.270598049569374,-0.653281482782722,-0.270598049767888
0.653281482428861,0.270598049569187,-0.653281482782739,-0.270598049767709
0.653281482428995,0.270598049569,-0.653281482782756,-0.270598049767531
0.65328148242913,0.270598049568813,-0.653281482782773,-0.270598049767353
0.653281482429264,0.270598049568626,-0.653281482782789,-0.270598049767174
0.653281482429399,0.270598049568439,-0.653281482782806,-0.270598049766996
0.653281482429534,0.270598049568252,-0.653281482782823,-0.270598049766817
0.65328148242967,0.270598049568065,-0.653281482782839,-0.270598049766638
0.653281482429804,0.270598049567878,-0.653281482782855,-0.270598049766459
0.653281482429939,0.270598049567691,-0.653281482782872,-0.270598049766281
0.653281482430075,0.270598049567504,-0.653281482782888,-0.270598049766102
0.65328148243021,0.270598049567317,-0.653281482782904,-0.270598049765923
0.653281482430346,0.27059804956713,-0.653281482782921,-0.270598049765744
0.653281482430481,0.270598049566942,-0.653281482782936,-0.270598049765565
0.653281482430617,0.270598049566755,-0.653281482782952,-0.270598049765386
0.653281482430753,0.270598049566568,-0.653281482782968,-0.270598049765207
0.653281482430889,0.270598049566381,-0.653281482782984,-0.270598049765028
0.653281482431025,0.270598049566193,-0.653281482783,-0.270598049764848
0.653281482431161,0.270598049566006,-0.653281482783015,-0.270598049764669
0.653281482431297,0.270598049565819,-0.653281482783031,-0.27059804976449
0.653281482431434,0.270598049565632,-0.653281482783047,-0.27059804976431
0.653281482431571,0.270598049565444,-0.653281482783062,-0.270598049764131
0.653281482431707,0.270598049565257,-0.653281482783077,-0.270598049763951
0.653281482431844,0.270598049565069,-0.653281482783093,-0.270598049763772
0.653281482431981,0.270598049564882,-0.653281482783108,-0.270598049763592
0.653281482432117,0.270598049564694,-0.653281482783123,-0.270598049763413
0.653281482432255,0.270598049564507,-0.653281482783137,-0.270598049763233
0.653281482432392,0.27059804956432,-0.653281482783153,-0.270598049763053
0.653281482432529,0.270598049564132,-0.653281482783168,-0.270598049762874
0.653281482432667,0.270598049563944,-0.653281482783183,-0.270598049762693
0.653281482432804,0.270598049563757,-0.653281482783197,-0.270598049762513
0.653281482432941,0.27059804956357,-0.653281482783212,-0.270598049762333
0.653281482433079,0.270598049563382,-0.653281482783227,-0.270598049762153
0.653281482433217,0.270598049563194,-0.653281482783241,-0.270598049761973
0.653281482433355,0.270598049563007,-0.653281482783255,-0.270598049761793
0.653281482433493,0.270598049562819,-0.65328148278327,-0.270598049761613
0.653281482433631,0.270598049562632,-0.653281482783284,-0.270598049761433
0.653281482433769,0.270598049562444,-0.653281482783298,-0.270598049761252
0.653281482433908,0.270598049562256,-0.653281482783312,-0.270598049761072
0.653281482434046,0.270598049562068,-0.653281482783326,-0.270598049760891
0.653281482434185,0.270598049561881,-0.65328148278334,-0.270598049760711
0.653281482434323,0.270598049561693,-0.653281482783354,-0.27059804976053
0.653281482434462,0.270598049561505,-0.653281482783368,-0.27059804976035
0.653281482434601,0.270598049561317,-0.653281482783382,-0.270598049760169
0.65328148243474,0.27059804956113,-0.653281482783396,-0.270598049759988
0.653281482434879,0.270598049560942,-0.653281482783409,-0.270598049759808
0.653281482435018,0.270598049560754,-0.653281482783423,-0.270598049759627
0.653281482435158,0.270598049560566,-0.653281482783436,-0.270598049759446
0.653281482435297,0.270598049560378,-0.65328148278345,-0.270598049759265
0.653281482435437,0.27059804956019,-0.653281482783463,-0.270598049759084
0.653281482435576,0.270598049560002,-0.653281482783476,-0.270598049758903
0.653281482435716,0.270598049559814,-0.653281482783489,-0.270598049758721
0.653281482435856,0.270598049559626,-0.653281482783502,-0.27059804975854
0.653281482435996,0.270598049559438,-0.653281482783515,-0.270598049758359
0.653281482436136,0.27059804955925,-0.653281482783528,-0.270598049758178
0.653281482436276,0.270598049559062,-0.65328148278354,-0.270598049757997
0.653281482436417,0.270598049558874,-0.653281482783553,-0.270598049757815
0.653281482436557,0.270598049558685,-0.653281482783566,-0.270598049757634
0.653281482436698,0.270598049558497,-0.653281482783579,-0.270598049757452
0.653281482436838,0.270598049558309,-0.653281482783591,-0.270598049757271
0.653281482436979,0.270598049558121,-0.653281482783603,-0.270598049757089
0.65328148243712,0.270598049557933,-0.653281482783616,-0.270598049756907
0.653281482437261,0.270598049557745,-0.653281482783628,-0.270598049756726
0.653281482437402,0.270598049557557,-0.653281482783641,-0.270598049756544
0.653281482437543,0.270598049557368,-0.653281482783652,-0.270598049756362
0.653281482437685,0.27059804955718,-0.653281482783664,-0.27059804975618
0.653281482437826,0.270598049556992,-0.653281482783676,-0.270598049755998
0.653281482437967,0.270598049556803,-0.653281482783688,-0.270598049755816
0.653281482438109,0.270598049556615,-0.6532814827837,-0.270598049755634
0.65328148243825,0.270598049556426,-0.653281482783712,-0.270598049755452
0.653281482438392,0.270598049556238,-0.653281482783724,-0.27059804975527
0.653281482438534,0.27059804955605,-0.653281482783735,-0.270598049755087
0.653281482438676,0.270598049555861,-0.653281482783747,-0.270598049754905
0.653281482438819,0.270598049555673,-0.653281482783758,-0.270598049754723
0.653281482438961,0.270598049555484,-0.65328148278377,-0.270598049754541
0.653281482439103,0.270598049555296,-0.653281482783781,-0.270598049754358
0.653281482439246,0.270598049555107,-0.653281482783792,-0.270598049754175
0.653281482439389,0.270598049554919,-0.653281482783803,-0.270598049753993
0.653281482439531,0.27059804955473,-0.653281482783814,-0.27059804975381
0.653281482439674,0.270598049554542,-0.653281482783825,-0.270598049753628
0.653281482439817,0.270598049554353,-0.653281482783835,-0.270598049753445
0.65328148243996,0.270598049554164,-0.653281482783846,-0.270598049753262
0.653281482440103,0.270598049553976,-0.653281482783858,-0.270598049753079
0.653281482440247,0.270598049553787,-0.653281482783868,-0.270598049752896
0.65328148244039,0.270598049553598,-0.653281482783879,-0.270598049752713
0.653281482440533,0.270598049553409,-0.653281482783889,-0.27059804975253
0.653281482440677,0.270598049553221,-0.6532814827839,-0.270598049752347
0.653281482440821,0.270598049553032,-0.65328148278391,-0.270598049752164
0.653281482440964,0.270598049552843,-0.65328148278392,-0.270598049751981
0.653281482441108,0.270598049552655,-0.65328148278393,-0.270598049751798
0.653281482441252,0.270598049552465,-0.65328148278394,-0.270598049751615
0.653281482441396,0.270598049552277,-0.653281482783951,-0.270598049751431
0.653281482441541,0.270598049552088,-0.65328148278396,-0.270598049751248
0.653281482441685,0.270598049551899,-0.65328148278397,-0.270598049751064
0.653281482441829,0.27059804955171,-0.65328148278398,-0.270598049750881
0.653281482441974,0.270598049551521,-0.65328148278399,-0.270598049750697
0.653281482442119,0.270598049551332,-0.653281482784,-0.270598049750513
0.653281482442263,0.270598049551143,-0.653281482784009,-0.27059804975033
0.653281482442409,0.270598049550954,-0.653281482784019,-0.270598049750146
0.653281482442554,0.270598049550765,-0.653281482784028,-0.270598049749962
0.653281482442698,0.270598049550576,-0.653281482784038,-0.270598049749778
0.653281482442844,0.270598049550387,-0.653281482784047,-0.270598049749594
0.653281482442989,0.270598049550198,-0.653281482784056,-0.270598049749411
0.653281482443135,0.270598049550008,-0.653281482784065,-0.270598049749227
0.65328148244328,0.270598049549819,-0.653281482784074,-0.270598049749042
0.653281482443426,0.27059804954963,-0.653281482784083,-0.270598049748858
0.653281482443571,0.270598049549441,-0.653281482784092,-0.270598049748674
0.653281482443718,0.270598049549252,-0.653281482784101,-0.270598049748489
0.653281482443864,0.270598049549062,-0.65328148278411,-0.270598049748305
0.65328148244401,0.270598049548873,-0.653281482784118,-0.270598049748121
0.653281482444156,0.270598049548684,-0.653281482784127,-0.270598049747937
0.653281482444302,0.270598049548495,-0.653281482784135,-0.270598049747752
0.653281482444449,0.270598049548305,-0.653281482784144,-0.270598049747568
0.653281482444595,0.270598049548116,-0.653281482784152,-0.270598049747383
0.653281482444742,0.270598049547926,-0.65328148278416,-0.270598049747198
0.653281482444889,0.270598049547737,-0.653281482784169,-0.270598049747014
0.653281482445035,0.270598049547548,-0.653281482784177,-0.270598049746829
0.653281482445182,0.270598049547358,-0.653281482784185,-0.270598049746644
0.653281482445329,0.270598049547169,-0.653281482784193,-0.270598049746459
0.653281482445476,0.270598049546979,-0.6532814827842,-0.270598049746274
0.653281482445624,0.27059804954679,-0.653281482784208,-0.270598049746089
0.653281482445771,0.2705980495466,-0.653281482784216,-0.270598049745904
0.653281482445919,0.270598049546411,-0.653281482784224,-0.270598049745719
0.653281482446067,0.270598049546221,-0.653281482784231,-0.270598049745534
0.653281482446214,0.270598049546032,-0.653281482784239,-0.270598049745349
0.653281482446362,0.270598049545842,-0.653281482784247,-0.270598049745164
0.65328148244651,0.270598049545652,-0.653281482784254,-0.270598049744978
0.653281482446658,0.270598049545462,-0.653281482784261,-0.270598049744793
0.653281482446806,0.270598049545273,-0.653281482784268,-0.270598049744608
0.653281482446955,0.270598049545083,-0.653281482784275,-0.270598049744422
0.653281482447103,0.270598049544893,-0.653281482784282,-0.270598049744237
0.653281482447251,0.270598049544703,-0.653281482784289,-0.270598049744051
0.6532814824474,0.270598049544514,-0.653281482784296,-0.270598049743865
0.653281482447549,0.270598049544324,-0.653281482784303,-0.27059804974368
0.653281482447698,0.270598049544134,-0.65328148278431,-0.270598049743494
0.653281482447847,0.270598049543944,-0.653281482784317,-0.270598049743308
0.653281482447996,0.270598049543754,-0.653281482784323,-0.270598049743122
0.653281482448145,0.270598049543564,-0.653281482784329,-0.270598049742936
0.653281482448294,0.270598049543374,-0.653281482784336,-0.27059804974275
0.653281482448444,0.270598049543184,-0.653281482784343,-0.270598049742564
0.653281482448593,0.270598049542994,-0.653281482784349,-0.270598049742378
0.653281482448743,0.270598049542804,-0.653281482784355,-0.270598049742192
0.653281482448893,0.270598049542614,-0.653281482784361,-0.270598049742006
0.653281482449042,0.270598049542424,-0.653281482784367,-0.270598049741819
0.653281482449192,0.270598049542234,-0.653281482784373,-0.270598049741633
0.653281482449342,0.270598049542044,-0.653281482784379,-0.270598049741447
0.653281482449492,0.270598049541854,-0.653281482784385,-0.27059804974126
0.653281482449643,0.270598049541664,-0.65328148278439,-0.270598049741073
0.653281482449793,0.270598049541474,-0.653281482784396,-0.270598049740887
0.653281482449943,0.270598049541283,-0.653281482784402,-0.2705980497407
0.653281482450094,0.270598049541093,-0.653281482784407,-0.270598049740514
0.653281482450245,0.270598049540903,-0.653281482784413,-0.270598049740327
0.653281482450396,0.270598049540713,-0.653281482784418,-0.27059804974014
0.653281482450547,0.270598049540522,-0.653281482784424,-0.270598049739953
0.653281482450698,0.270598049540332,-0.653281482784429,-0.270598049739766
0.653281482450849,0.270598049540142,-0.653281482784434,-0.27059804973958
0.653281482451,0.270598049539951,-0.653281482784439,-0.270598049739393
0.653281482451151,0.270598049539761,-0.653281482784444,-0.270598049739205
0.653281482451303,0.270598049539571,-0.653281482784449,-0.270598049739018
0.653281482451455,0.27059804953938,-0.653281482784453,-0.270598049738831
0.653281482451606,0.27059804953919,-0.653281482784458,-0.270598049738644
0.653281482451758,0.270598049538999,-0.653281482784463,-0.270598049738457
0.65328148245191,0.270598049538809,-0.653281482784468,-0.270598049738269
0.653281482452062,0.270598049538618,-0.653281482784472,-0.270598049738082
0.653281482452214,0.270598049538428,-0.653281482784477,-0.270598049737894
0.653281482452366,0.270598049538237,-0.653281482784481,-0.270598049737707
0.653281482452519,0.270598049538046,-0.653281482784485,-0.270598049737519
0.653281482452671,0.270598049537855,-0.653281482784489,-0.270598049737331
0.653281482452824,0.270598049537665,-0.653281482784493,-0.270598049737144
0.653281482452977,0.270598049537474,-0.653281482784498,-0.270598049736956
0.653281482453129,0.270598049537284,-0.653281482784502,-0.270598049736768
0.653281482453282,0.270598049537093,-0.653281482784505,-0.27059804973658
0.653281482453435,0.270598049536902,-0.653281482784509,-0.270598049736392
0.653281482453588,0.270598049536712,-0.653281482784513,-0.270598049736205
0.653281482453742,0.27059804953652,-0.653281482784517,-0.270598049736016
0.653281482453895,0.27059804953633,-0.65328148278452,-0.270598049735828
0.653281482454048,0.270598049536139,-0.653281482784524,-0.27059804973564
0.653281482454202,0.270598049535948,-0.653281482784527,-0.270598049735452
0.653281482454356,0.270598049535757,-0.653281482784531,-0.270598049735264
0.65328148245451,0.270598049535566,-0.653281482784534,-0.270598049735076
0.653281482454663,0.270598049535375,-0.653281482784537,-0.270598049734887
0.653281482454817,0.270598049535185,-0.65328148278454,-0.270598049734699
0.653281482454971,0.270598049534993,-0.653281482784544,-0.27059804973451
0.653281482455126,0.270598049534802,-0.653281482784546,-0.270598049734322
0.65328148245528,0.270598049534611,-0.653281482784549,-0.270598049734133
0.653281482455434,0.27059804953442,-0.653281482784552,-0.270598049733945
0.653281482455589,0.270598049534229,-0.653281482784555,-0.270598049733756
0.653281482455744,0.270598049534038,-0.653281482784558,-0.270598049733567
0.653281482455898,0.270598049533847,-0.65328148278456,-0.270598049733378
0.653281482456053,0.270598049533656,-0.653281482784563,-0.270598049733189
0.653281482456208,0.270598049533465,-0.653281482784565,-0.270598049733
0.653281482456363,0.270598049533273,-0.653281482784567,-0.270598049732811
0.653281482456519,0.270598049533082,-0.65328148278457,-0.270598049732622
0.653281482456674,0.270598049532891,-0.653281482784572,-0.270598049732433
0.653281482456829,0.2705980495327,-0.653281482784574,-0.270598049732244
0.653281482456985,0.270598049532509,-0.653281482784576,-0.270598049732055
0.65328148245714,0.270598049532317,-0.653281482784578,-0.270598049731866
0.653281482457296,0.270598049532126,-0.653281482784581,-0.270598049731676
0.653281482457452,0.270598049531935,-0.653281482784582,-0.270598049731486
0.653281482457608,0.270598049531743,-0.653281482784584,-0.270598049731298
0.653281482457764,0.270598049531551,-0.653281482784586,-0.270598049731108
0.653281482457921,0.27059804953136,-0.653281482784587,-0.270598049730918
0.653281482458077,0.270598049531169,-0.653281482784589,-0.270598049730728
0.653281482458233,0.270598049530977,-0.65328148278459,-0.270598049730539
0.65328148245839,0.270598049530785,-0.653281482784592,-0.270598049730349
0.653281482458546,0.270598049530594,-0.653281482784593,-0.270598049730159
0.653281482458703,0.270598049530402,-0.653281482784594,-0.270598049729969
0.65328148245886,0.270598049530211,-0.653281482784595,-0.270598049729779
0.653281482459017,0.270598049530019,-0.653281482784597,-0.27059804972959
0.653281482459174,0.270598049529828,-0.653281482784597,-0.2705980497294
0.653281482459331,0.270598049529636,-0.653281482784598,-0.270598049729209
0.653281482459489,0.270598049529444,-0.653281482784599,-0.270598049729019
0.653281482459646,0.270598049529253,-0.6532814827846,-0.270598049728829
0.653281482459804,0.270598049529061,-0.653281482784601,-0.270598049728639
0.653281482459961,0.270598049528869,-0.653281482784601,-0.270598049728448
0.653281482460119,0.270598049528677,-0.653281482784602,-0.270598049728258
0.653281482460277,0.270598049528485,-0.653281482784602,-0.270598049728068
0.653281482460435,0.270598049528294,-0.653281482784603,-0.270598049727877
0.653281482460593,0.270598049528102,-0.653281482784603,-0.270598049727687
0.653281482460751,0.27059804952791,-0.653281482784603,-0.270598049727496
0.653281482460909,0.270598049527718,-0.653281482784604,-0.270598049727306
0.653281482461068,0.270598049527526,-0.653281482784604,-0.270598049727115
0.653281482461226,0.270598049527334,-0.653281482784604,-0.270598049726924
0.653281482461385,0.270598049527142,-0.653281482784603,-0.270598049726733
0.653281482461544,0.27059804952695,-0.653281482784603,-0.270598049726542
0.653281482461703,0.270598049526758,-0.653281482784603,-0.270598049726351
0.653281482461861,0.270598049526566,-0.653281482784603,-0.27059804972616
0.653281482462021,0.270598049526374,-0.653281482784603,-0.270598049725969
0.65328148246218,0.270598049526182,-0.653281482784602,-0.270598049725778
0.653281482462339,0.270598049525989,-0.653281482784601,-0.270598049725587
0.653281482462498,0.270598049525797,-0.653281482784601,-0.270598049725396
0.653281482462658,0.270598049525605,-0.6532814827846,-0.270598049725204
0.653281482462817,0.270598049525413,-0.6532814827846,-0.270598049725013
0.653281482462977,0.270598049525221,-0.653281482784599,-0.270598049724822
0.653281482463137,0.270598049525028,-0.653281482784597,-0.27059804972463
0.653281482463297,0.270598049524836,-0.653281482784597,-0.270598049724439
0.653281482463457,0.270598049524644,-0.653281482784595,-0.270598049724247
0.653281482463618,0.270598049524451,-0.653281482784594,-0.270598049724055
0.653281482463778,0.270598049524259,-0.653281482784593,-0.270598049723864
0.653281482463938,0.270598049524067,-0.653281482784592,-0.270598049723672
0.653281482464098,0.270598049523874,-0.653281482784591,-0.27059804972348
0.653281482464259,0.270598049523682,-0.653281482784589,-0.270598049723288
0.65328148246442,0.270598049523489,-0.653281482784588,-0.270598049723097
0.653281482464581,0.270598049523297,-0.653281482784586,-0.270598049722905
0.653281482464742,0.270598049523104,-0.653281482784584,-0.270598049722713
0.653281482464902,0.270598049522912,-0.653281482784583,-0.270598049722521
0.653281482465064,0.270598049522719,-0.653281482784581,-0.270598049722328
0.653281482465225,0.270598049522527,-0.653281482784579,-0.270598049722136
0.653281482465387,0.270598049522334,-0.653281482784577,-0.270598049721944
0.653281482465548,0.270598049522141,-0.653281482784575,-0.270598049721751
0.65328148246571,0.270598049521949,-0.653281482784573,-0.270598049721559
0.653281482465872,0.270598049521756,-0.65328148278457,-0.270598049721367
0.653281482466033,0.270598049521563,-0.653281482784568,-0.270598049721174
0.653281482466195,0.270598049521371,-0.653281482784566,-0.270598049720982
0.653281482466357,0.270598049521178,-0.653281482784564,-0.270598049720789
0.65328148246652,0.270598049520985,-0.653281482784561,-0.270598049720597
0.653281482466681,0.270598049520792,-0.653281482784559,-0.270598049720404
0.653281482466844,0.270598049520599,-0.653281482784556,-0.270598049720211
0.653281482467007,0.270598049520406,-0.653281482784553,-0.270598049720018
0.653281482467169,0.270598049520213,-0.65328148278455,-0.270598049719825
0.653281482467332,0.270598049520021,-0.653281482784548,-0.270598049719633
0.653281482467495,0.270598049519827,-0.653281482784544,-0.270598049719439
0.653281482467658,0.270598049519635,-0.653281482784542,-0.270598049719246
0.653281482467821,0.270598049519441,-0.653281482784538,-0.270598049719053
0.653281482467984,0.270598049519248,-0.653281482784535,-0.27059804971886
0.653281482468147,0.270598049519055,-0.653281482784532,-0.270598049718667
0.653281482468311,0.270598049518862,-0.653281482784529,-0.270598049718474
0.653281482468474,0.270598049518669,-0.653281482784525,-0.27059804971828
0.653281482468638,0.270598049518476,-0.653281482784521,-0.270598049718087
0.653281482468801,0.270598049518283,-0.653281482784518,-0.270598049717893
0.653281482468965,0.27059804951809,-0.653281482784514,-0.2705980497177
0.653281482469129,0.270598049517896,-0.653281482784511,-0.270598049717506
0.653281482469293,0.270598049517703,-0.653281482784507,-0.270598049717313
0.653281482469457,0.27059804951751,-0.653281482784503,-0.270598049717119
0.653281482469622,0.270598049517316,-0.653281482784499,-0.270598049716925
0.653281482469786,0.270598049517123,-0.653281482784495,-0.270598049716732
0.65328148246995,0.27059804951693,-0.653281482784491,-0.270598049716537
0.653281482470115,0.270598049516737,-0.653281482784487,-0.270598049716344
0.65328148247028,0.270598049516543,-0.653281482784482,-0.27059804971615
0.653281482470445,0.27059804951635,-0.653281482784478,-0.270598049715956
0.65328148247061,0.270598049516156,-0.653281482784474,-0.270598049715762
0.653281482470775,0.270598049515963,-0.653281482784469,-0.270598049715568
0.65328148247094,0.270598049515769,-0.653281482784465,-0.270598049715373
0.653281482471105,0.270598049515576,-0.65328148278446,-0.270598049715179
0.653281482471271,0.270598049515382,-0.653281482784455,-0.270598049714984
0.653281482471436,0.270598049515188,-0.65328148278445,-0.27059804971479
0.653281482471601,0.270598049514995,-0.653281482784446,-0.270598049714596
0.653281482471768,0.270598049514801,-0.65328148278444,-0.270598049714401
0.653281482471933,0.270598049514607,-0.653281482784436,-0.270598049714207
0.653281482472099,0.270598049514414,-0.653281482784431,-0.270598049714012
0.653281482472265,0.27059804951422,-0.653281482784425,-0.270598049713818
0.653281482472431,0.270598049514026,-0.65328148278442,-0.270598049713623
0.653281482472598,0.270598049513832,-0.653281482784415,-0.270598049713428
0.653281482472764,0.270598049513639,-0.653281482784409,-0.270598049713233
0.65328148247293,0.270598049513445,-0.653281482784404,-0.270598049713038
0.653281482473097,0.270598049513251,-0.653281482784398,-0.270598049712844
0.653281482473264,0.270598049513057,-0.653281482784393,-0.270598049712649
0.65328148247343,0.270598049512863,-0.653281482784387,-0.270598049712454
0.653281482473597,0.270598049512669,-0.653281482784381,-0.270598049712258
0.653281482473765,0.270598049512475,-0.653281482784376,-0.270598049712063
0.653281482473932,0.270598049512281,-0.653281482784369,-0.270598049711868
0.653281482474099,0.270598049512087,-0.653281482784363,-0.270598049711672
0.653281482474266,0.270598049511893,-0.653281482784357,-0.270598049711477
0.653281482474434,0.270598049511699,-0.653281482784352,-0.270598049711282
0.653281482474601,0.270598049511505,-0.653281482784345,-0.270598049711086
0.653281482474769,0.270598049511311,-0.653281482784339,-0.270598049710891
0.653281482474937,0.270598049511117,-0.653281482784332,-0.270598049710695
0.653281482475105,0.270598049510923,-0.653281482784326,-0.2705980497105
0.653281482475273,0.270598049510728,-0.653281482784319,-0.270598049710304
0.653281482475441,0.270598049510534,-0.653281482784313,-0.270598049710108
0.65328148247561,0.27059804951034,-0.653281482784306,-0.270598049709913
0.653281482475778,0.270598049510146,-0.653281482784299,-0.270598049709717
0.653281482475946,0.270598049509951,-0.653281482784292,-0.270598049709521
0.653281482476115,0.270598049509757,-0.653281482784285,-0.270598049709325
0.653281482476284,0.270598049509562,-0.653281482784278,-0.270598049709129
0.653281482476453,0.270598049509368,-0.653281482784271,-0.270598049708933
0.653281482476621,0.270598049509174,-0.653281482784264,-0.270598049708736
0.65328148247679,0.270598049508979,-0.653281482784257,-0.27059804970854
0.65328148247696,0.270598049508785,-0.65328148278425,-0.270598049708344
0.653281482477129,0.27059804950859,-0.653281482784242,-0.270598049708148
0.653281482477298,0.270598049508396,-0.653281482784235,-0.270598049707951
0.653281482477468,0.270598049508201,-0.653281482784227,-0.270598049707755
0.653281482477637,0.270598049508006,-0.65328148278422,-0.270598049707558
0.653281482477807,0.270598049507812,-0.653281482784212,-0.270598049707362
0.653281482477977,0.270598049507617,-0.653281482784204,-0.270598049707165
0.653281482478147,0.270598049507422,-0.653281482784196,-0.270598049706968
0.653281482478317,0.270598049507228,-0.653281482784189,-0.270598049706772
0.653281482478487,0.270598049507033,-0.65328148278418,-0.270598049706575
0.653281482478657,0.270598049506838,-0.653281482784172,-0.270598049706378
0.653281482478828,0.270598049506643,-0.653281482784165,-0.270598049706182
0.653281482478998,0.270598049506449,-0.653281482784156,-0.270598049705984
0.653281482479169,0.270598049506254,-0.653281482784148,-0.270598049705787
0.65328148247934,0.270598049506059,-0.653281482784139,-0.27059804970559
0.65328148247951,0.270598049505864,-0.653281482784131,-0.270598049705393
0.653281482479681,0.270598049505669,-0.653281482784122,-0.270598049705196
0.653281482479852,0.270598049505474,-0.653281482784114,-0.270598049704999
0.653281482480024,0.270598049505279,-0.653281482784105,-0.270598049704801
0.653281482480195,0.270598049505084,-0.653281482784096,-0.270598049704604
0.653281482480366,0.270598049504889,-0.653281482784087,-0.270598049704406
0.653281482480538,0.270598049504694,-0.653281482784079,-0.270598049704209
0.653281482480709,0.270598049504499,-0.65328148278407,-0.270598049704011
0.653281482480881,0.270598049504304,-0.653281482784061,-0.270598049703814
0.653281482481053,0.270598049504109,-0.653281482784052,-0.270598049703616
0.653281482481225,0.270598049503914,-0.653281482784042,-0.270598049703418
0.653281482481397,0.270598049503718,-0.653281482784033,-0.270598049703221
0.653281482481569,0.270598049503523,-0.653281482784024,-0.270598049703023
0.653281482481741,0.270598049503328,-0.653281482784014,-0.270598049702825
0.653281482481914,0.270598049503133,-0.653281482784005,-0.270598049702627
0.653281482482086,0.270598049502938,-0.653281482783995,-0.270598049702429
0.653281482482258,0.270598049502742,-0.653281482783985,-0.270598049702231
0.653281482482431,0.270598049502547,-0.653281482783976,-0.270598049702033
0.653281482482604,0.270598049502352,-0.653281482783966,-0.270598049701835
0.653281482482778,0.270598049502156,-0.653281482783956,-0.270598049701636
0.65328148248295,0.270598049501961,-0.653281482783946,-0.270598049701438
0.653281482483124,0.270598049501765,-0.653281482783936,-0.27059804970124
0.653281482483297,0.27059804950157,-0.653281482783926,-0.270598049701041
0.65328148248347,0.270598049501374,-0.653281482783916,-0.270598049700843
0.653281482483644,0.270598049501179,-0.653281482783906,-0.270598049700644
0.653281482483817,0.270598049500983,-0.653281482783895,-0.270598049700446
0.653281482483991,0.270598049500787,-0.653281482783885,-0.270598049700247
0.653281482484165,0.270598049500592,-0.653281482783874,-0.270598049700048
0.653281482484339,0.270598049500396,-0.653281482783864,-0.27059804969985
0.653281482484513,0.2705980495002,-0.653281482783853,-0.270598049699651
0.653281482484687,0.270598049500005,-0.653281482783842,-0.270598049699452
0.653281482484861,0.270598049499809,-0.653281482783831,-0.270598049699253
0.653281482485036,0.270598049499613,-0.65328148278382,-0.270598049699054
0.65328148248521,0.270598049499417,-0.65328148278381,-0.270598049698855
0.653281482485385,0.270598049499221,-0.653281482783799,-0.270598049698656
0.65328148248556,0.270598049499025,-0.653281482783787,-0.270598049698457
0.653281482485734,0.27059804949883,-0.653281482783776,-0.270598049698257
0.65328148248591,0.270598049498634,-0.653281482783765,-0.270598049698058
0.653281482486084,0.270598049498438,-0.653281482783754,-0.270598049697859
0.65328148248626,0.270598049498242,-0.653281482783742,-0.270598049697659
0.653281482486435,0.270598049498046,-0.653281482783731,-0.27059804969746
0.65328148248661,0.27059804949785,-0.653281482783719,-0.27059804969726
0.653281482486786,0.270598049497654,-0.653281482783708,-0.270598049697061
0.653281482486961,0.270598049497458,-0.653281482783696,-0.270598049696861
0.653281482487137,0.270598049497262,-0.653281482783684,-0.270598049696662
0.653281482487313,0.270598049497065,-0.653281482783672,-0.270598049696462
0.653281482487489,0.270598049496869,-0.65328148278366,-0.270598049696262
0.653281482487665,0.270598049496673,-0.653281482783648,-0.270598049696062
0.653281482487841,0.270598049496477,-0.653281482783636,-0.270598049695862
0.653281482488018,0.270598049496281,-0.653281482783624,-0.270598049695662
0.653281482488194,0.270598049496084,-0.653281482783612,-0.270598049695462
0.653281482488371,0.270598049495888,-0.6532814827836,-0.270598049695262
0.653281482488547,0.270598049495692,-0.653281482783587,-0.270598049695062
0.653281482488724,0.270598049495495,-0.653281482783574,-0.270598049694862
0.653281482488901,0.270598049495299,-0.653281482783562,-0.270598049694662
0.653281482489078,0.270598049495102,-0.653281482783549,-0.270598049694461
0.653281482489255,0.270598049494906,-0.653281482783537,-0.270598049694261
0.653281482489432,0.27059804949471,-0.653281482783524,-0.27059804969406
0.653281482489609,0.270598049494513,-0.653281482783511,-0.27059804969386
0.653281482489787,0.270598049494316,-0.653281482783498,-0.270598049693659
0.653281482489964,0.27059804949412,-0.653281482783485,-0.270598049693459
0.653281482490142,0.270598049493923,-0.653281482783472,-0.270598049693258
0.65328148249032,0.270598049493727,-0.653281482783459,-0.270598049693057
0.653281482490498,0.27059804949353,-0.653281482783446,-0.270598049692857
0.653281482490676,0.270598049493334,-0.653281482783433,-0.270598049692656
0.653281482490854,0.270598049493137,-0.653281482783419,-0.270598049692455
0.653281482491031,0.27059804949294,-0.653281482783406,-0.270598049692254
0.65328148249121,0.270598049492743,-0.653281482783392,-0.270598049692053
0.653281482491388,0.270598049492547,-0.653281482783379,-0.270598049691852
0.653281482491567,0.27059804949235,-0.653281482783364,-0.27059804969165
0.653281482491746,0.270598049492153,-0.653281482783351,-0.270598049691449
0.653281482491925,0.270598049491956,-0.653281482783337,-0.270598049691248
0.653281482492103,0.270598049491759,-0.653281482783323,-0.270598049691047
0.653281482492282,0.270598049491562,-0.653281482783309,-0.270598049690845
0.653281482492461,0.270598049491365,-0.653281482783295,-0.270598049690644
0.65328148249264,0.270598049491168,-0.653281482783281,-0.270598049690443
0.65328148249282,0.270598049490971,-0.653281482783267,-0.270598049690241
0.653281482492999,0.270598049490774,-0.653281482783252,-0.270598049690039
0.653281482493179,0.270598049490577,-0.653281482783238,-0.270598049689837
0.653281482493359,0.27059804949038,-0.653281482783224,-0.270598049689636
0.653281482493538,0.270598049490182,-0.653281482783209,-0.270598049689434
0.653281482493718,0.270598049489985,-0.653281482783195,-0.270598049689232
0.653281482493898,0.270598049489788,-0.65328148278318,-0.27059804968903
0.653281482494078,0.270598049489591,-0.653281482783165,-0.270598049688828
0.653281482494258,0.270598049489394,-0.65328148278315,-0.270598049688626
0.653281482494439,0.270598049489196,-0.653281482783135,-0.270598049688424
0.653281482494619,0.270598049488999,-0.65328148278312,-0.270598049688222
0.6532814824948,0.270598049488802,-0.653281482783105,-0.27059804968802
0.65328148249498,0.270598049488604,-0.65328148278309,-0.270598049687818
0.653281482495161,0.270598049488407,-0.653281482783075,-0.270598049687615
0.653281482495342,0.270598049488209,-0.65328148278306,-0.270598049687413
0.653281482495523,0.270598049488012,-0.653281482783045,-0.270598049687211
0.653281482495704,0.270598049487815,-0.653281482783029,-0.270598049687008
0.653281482495885,0.270598049487617,-0.653281482783013,-0.270598049686805
0.653281482496067,0.270598049487419,-0.653281482782998,-0.270598049686603
0.653281482496248,0.270598049487222,-0.653281482782982,-0.2705980496864
0.65328148249643,0.270598049487024,-0.653281482782966,-0.270598049686197
0.653281482496611,0.270598049486827,-0.653281482782951,-0.270598049685995
0.653281482496793,0.270598049486629,-0.653281482782935,-0.270598049685792
0.653281482496975,0.270598049486431,-0.653281482782919,-0.270598049685589
0.653281482497157,0.270598049486234,-0.653281482782903,-0.270598049685386
0.653281482497339,0.270598049486036,-0.653281482782887,-0.270598049685183
0.653281482497522,0.270598049485838,-0.653281482782871,-0.27059804968498
0.653281482497704,0.27059804948564,-0.653281482782854,-0.270598049684777
0.653281482497886,0.270598049485442,-0.653281482782838,-0.270598049684574
0.653281482498069,0.270598049485244,-0.653281482782821,-0.27059804968437
0.653281482498251,0.270598049485046,-0.653281482782805,-0.270598049684167
0.653281482498434,0.270598049484849,-0.653281482782788,-0.270598049683964
0.653281482498617,0.270598049484651,-0.653281482782772,-0.27059804968376
0.6532814824988,0.270598049484453,-0.653281482782755,-0.270598049683557
0.653281482498983,0.270598049484255,-0.653281482782739,-0.270598049683354
0.653281482499167,0.270598049484057,-0.653281482782721,-0.270598049683149
0.65328148249935,0.270598049483858,-0.653281482782704,-0.270598049682946
0.653281482499533,0.27059804948366,-0.653281482782687,-0.270598049682742
0.653281482499717,0.270598049483462,-0.65328148278267,-0.270598049682539
0.653281482499901,0.270598049483264,-0.653281482782653,-0.270598049682335
0.653281482500084,0.270598049483066,-0.653281482782636,-0.270598049682131
0.653281482500268,0.270598049482868,-0.653281482782619,-0.270598049681927
0.653281482500452,0.270598049482669,-0.653281482782601,-0.270598049681723
0.653281482500637,0.270598049482471,-0.653281482782584,-0.270598049681519
0.653281482500821,0.270598049482273,-0.653281482782566,-0.270598049681314
0.653281482501005,0.270598049482074,-0.653281482782548,-0.27059804968111
0.65328148250119,0.270598049481876,-0.653281482782531,-0.270598049680906
0.653281482501374,0.270598049481678,-0.653281482782513,-0.270598049680702
0.653281482501558,0.270598049481479,-0.653281482782495,-0.270598049680498
0.653281482501744,0.270598049481281,-0.653281482782477,-0.270598049680293
0.653281482501929,0.270598049481082,-0.653281482782459,-0.270598049680089
0.653281482502114,0.270598049480884,-0.653281482782441,-0.270598049679884
0.653281482502298,0.270598049480685,-0.653281482782423,-0.270598049679679
0.653281482502484,0.270598049480487,-0.653281482782405,-0.270598049679475
0.653281482502669,0.270598049480288,-0.653281482782386,-0.27059804967927
0.653281482502855,0.270598049480089,-0.653281482782368,-0.270598049679065
0.653281482503041,0.27059804947989,-0.653281482782349,-0.27059804967886
0.653281482503226,0.270598049479692,-0.653281482782331,-0.270598049678656
0.653281482503412,0.270598049479493,-0.653281482782312,-0.270598049678451
0.653281482503598,0.270598049479294,-0.653281482782294,-0.270598049678246
0.653281482503784,0.270598049479095,-0.653281482782275,-0.27059804967804
0.65328148250397,0.270598049478897,-0.653281482782256,-0.270598049677835
0.653281482504157,0.270598049478698,-0.653281482782237,-0.27059804967763
0.653281482504343,0.270598049478499,-0.653281482782218,-0.270598049677425
0.653281482504529,0.2705980494783,-0.653281482782199,-0.27059804967722
0.653281482504716,0.270598049478101,-0.65328148278218,-0.270598049677015
0.653281482504903,0.270598049477902,-0.653281482782161,-0.270598049676809
0.653281482505089,0.270598049477703,-0.653281482782142,-0.270598049676603
0.653281482505276,0.270598049477504,-0.653281482782122,-0.270598049676398
0.653281482505463,0.270598049477305,-0.653281482782103,-0.270598049676192
0.653281482505651,0.270598049477106,-0.653281482782083,-0.270598049675987
0.653281482505838,0.270598049476907,-0.653281482782064,-0.270598049675781
0.653281482506025,0.270598049476708,-0.653281482782044,-0.270598049675575
0.653281482506213,0.270598049476508,-0.653281482782024,-0.270598049675369
0.6532814825064,0.270598049476309,-0.653281482782004,-0.270598049675164
0.653281482506588,0.27059804947611,-0.653281482781984,-0.270598049674957
0.653281482506776,0.27059804947591,-0.653281482781965,-0.270598049674752
0.653281482506964,0.270598049475711,-0.653281482781945,-0.270598049674546
0.653281482507152,0.270598049475512,-0.653281482781925,-0.270598049674339
0.65328148250734,0.270598049475313,-0.653281482781904,-0.270598049674133
0.653281482507529,0.270598049475113,-0.653281482781884,-0.270598049673927
0.653281482507717,0.270598049474914,-0.653281482781864,-0.270598049673721
0.653281482507905,0.270598049474714,-0.653281482781843,-0.270598049673514
0.653281482508094,0.270598049474515,-0.653281482781823,-0.270598049673308
0.653281482508283,0.270598049474315,-0.653281482781802,-0.270598049673101
0.653281482508472,0.270598049474115,-0.653281482781782,-0.270598049672895
0.653281482508661,0.270598049473916,-0.653281482781761,-0.270598049672688
0.65328148250885,0.270598049473716,-0.65328148278174,-0.270598049672482
0.653281482509039,0.270598049473517,-0.653281482781719,-0.270598049672275
0.653281482509228,0.270598049473317,-0.653281482781698,-0.270598049672068
0.653281482509418,0.270598049473117,-0.653281482781677,-0.270598049671861
0.653281482509607,0.270598049472917,-0.653281482781656,-0.270598049671654
0.653281482509797,0.270598049472718,-0.653281482781635,-0.270598049671447
0.653281482509987,0.270598049472518,-0.653281482781613,-0.27059804967124
0.653281482510176,0.270598049472318,-0.653281482781592,-0.270598049671033
0.653281482510366,0.270598049472118,-0.653281482781571,-0.270598049670826
0.653281482510557,0.270598049471918,-0.653281482781549,-0.270598049670619
0.653281482510747,0.270598049471718,-0.653281482781527,-0.270598049670412
0.653281482510937,0.270598049471518,-0.653281482781506,-0.270598049670204
0.653281482511128,0.270598049471318,-0.653281482781484,-0.270598049669997
0.653281482511318,0.270598049471118,-0.653281482781462,-0.270598049669789
0.653281482511509,0.270598049470919,-0.653281482781441,-0.270598049669582
0.653281482511699,0.270598049470719,-0.653281482781419,-0.270598049669374
0.653281482511891,0.270598049470518,-0.653281482781397,-0.270598049669167
0.653281482512082,0.270598049470318,-0.653281482781375,-0.270598049668959
0.653281482512273,0.270598049470118,-0.653281482781353,-0.270598049668752
0.653281482512464,0.270598049469918,-0.65328148278133,-0.270598049668543
0.653281482512655,0.270598049469717,-0.653281482781308,-0.270598049668336
0.653281482512846,0.270598049469517,-0.653281482781286,-0.270598049668128
0.653281482513038,0.270598049469317,-0.653281482781263,-0.27059804966792
0.65328148251323,0.270598049469117,-0.653281482781241,-0.270598049667712
0.653281482513422,0.270598049468916,-0.653281482781218,-0.270598049667504
0.653281482513614,0.270598049468716,-0.653281482781195,-0.270598049667296
0.653281482513805,0.270598049468515,-0.653281482781172,-0.270598049667088
0.653281482513998,0.270598049468315,-0.65328148278115,-0.270598049666879
0.65328148251419,0.270598049468115,-0.653281482781127,-0.270598049666671
0.653281482514382,0.270598049467914,-0.653281482781104,-0.270598049666463
0.653281482514575,0.270598049467713,-0.653281482781081,-0.270598049666254
0.653281482514767,0.270598049467513,-0.653281482781058,-0.270598049666046
0.65328148251496,0.270598049467312,-0.653281482781034,-0.270598049665837
0.653281482515153,0.270598049467111,-0.653281482781011,-0.270598049665629
0.653281482515346,0.270598049466911,-0.653281482780988,-0.27059804966542
0.653281482515539,0.27059804946671,-0.653281482780964,-0.270598049665211
0.653281482515732,0.270598049466509,-0.653281482780941,-0.270598049665002
0.653281482515925,0.270598049466309,-0.653281482780917,-0.270598049664793
0.653281482516119,0.270598049466108,-0.653281482780893,-0.270598049664585
0.653281482516312,0.270598049465907,-0.65328148278087,-0.270598049664376
0.653281482516506,0.270598049465706,-0.653281482780846,-0.270598049664167
0.653281482516699,0.270598049465505,-0.653281482780822,-0.270598049663958
0.653281482516893,0.270598049465304,-0.653281482780798,-0.270598049663748
0.653281482517087,0.270598049465103,-0.653281482780774,-0.270598049663539
0.653281482517281,0.270598049464902,-0.65328148278075,-0.27059804966333
0.653281482517476,0.270598049464701,-0.653281482780726,-0.270598049663121
0.65328148251767,0.2705980494645,-0.653281482780702,-0.270598049662911
0.653281482517864,0.270598049464299,-0.653281482780677,-0.270598049662702
0.653281482518059,0.270598049464098,-0.653281482780653,-0.270598049662492
0.653281482518254,0.270598049463897,-0.653281482780628,-0.270598049662283
0.653281482518448,0.270598049463696,-0.653281482780603,-0.270598049662073
0.653281482518643,0.270598049463494,-0.653281482780579,-0.270598049661863
0.653281482518838,0.270598049463293,-0.653281482780554,-0.270598049661654
0.653281482519033,0.270598049463092,-0.65328148278053,-0.270598049661444
0.653281482519228,0.270598049462891,-0.653281482780504,-0.270598049661234
0.653281482519423,0.270598049462689,-0.653281482780479,-0.270598049661024
0.653281482519619,0.270598049462488,-0.653281482780455,-0.270598049660814
0.653281482519814,0.270598049462287,-0.653281482780429,-0.270598049660604
0.65328148252001,0.270598049462085,-0.653281482780404,-0.270598049660394
0.653281482520206,0.270598049461884,-0.653281482780379,-0.270598049660184
0.653281482520402,0.270598049461682,-0.653281482780354,-0.270598049659974
0.653281482520598,0.270598049461481,-0.653281482780328,-0.270598049659763
0.653281482520794,0.270598049461279,-0.653281482780303,-0.270598049659553
0.65328148252099,0.270598049461078,-0.653281482780277,-0.270598049659343
0.653281482521186,0.270598049460876,-0.653281482780252,-0.270598049659132
0.653281482521383,0.270598049460674,-0.653281482780226,-0.270598049658922
0.653281482521579,0.270598049460473,-0.6532814827802,-0.270598049658711
0.653281482521776,0.270598049460271,-0.653281482780174,-0.270598049658501
0.653281482521972,0.270598049460069,-0.653281482780149,-0.27059804965829
0.653281482522169,0.270598049459867,-0.653281482780122,-0.270598049658079
0.653281482522367,0.270598049459666,-0.653281482780097,-0.270598049657869
0.653281482522564,0.270598049459463,-0.65328148278007,-0.270598049657657
0.653281482522761,0.270598049459262,-0.653281482780044,-0.270598049657447
0.653281482522958,0.27059804945906,-0.653281482780018,-0.270598049657236
0.653281482523155,0.270598049458858,-0.653281482779991,-0.270598049657024
0.653281482523353,0.270598049458656,-0.653281482779965,-0.270598049656813
0.653281482523551,0.270598049458454,-0.653281482779938,-0.270598049656602
0.653281482523749,0.270598049458252,-0.653281482779912,-0.270598049656391
0.653281482523947,0.27059804945805,-0.653281482779885,-0.27059804965618
0.653281482524145,0.270598049457847,-0.653281482779858,-0.270598049655968
0.653281482524343,0.270598049457646,-0.653281482779832,-0.270598049655757
0.653281482524541,0.270598049457443,-0.653281482779804,-0.270598049655545
0.653281482524739,0.270598049457241,-0.653281482779778,-0.270598049655334
0.653281482524937,0.270598049457039,-0.65328148277975,-0.270598049655122
0.653281482525136,0.270598049456837,-0.653281482779724,-0.270598049654911
0.653281482525335,0.270598049456634,-0.653281482779696,-0.270598049654699
0.653281482525534,0.270598049456432,-0.653281482779669,-0.270598049654487
0.653281482525733,0.27059804945623,-0.653281482779642,-0.270598049654276
0.653281482525932,0.270598049456027,-0.653281482779614,-0.270598049654064
0.653281482526131,0.270598049455825,-0.653281482779587,-0.270598049653851
0.65328148252633,0.270598049455622,-0.653281482779559,-0.27059804965364
0.65328148252653,0.27059804945542,-0.653281482779531,-0.270598049653427
0.653281482526729,0.270598049455217,-0.653281482779503,-0.270598049653215
0.653281482526929,0.270598049455015,-0.653281482779476,-0.270598049653003
0.653281482527128,0.270598049454812,-0.653281482779448,-0.270598049652791
0.653281482527328,0.270598049454609,-0.65328148277942,-0.270598049652579
0.653281482527528,0.270598049454407,-0.653281482779392,-0.270598049652366
0.653281482527728,0.270598049454204,-0.653281482779364,-0.270598049652154
0.653281482527929,0.270598049454001,-0.653281482779336,-0.270598049651941
0.653281482528129,0.270598049453799,-0.653281482779307,-0.270598049651729
0.653281482528329,0.270598049453596,-0.653281482779279,-0.270598049651516
0.65328148252853,0.270598049453393,-0.653281482779251,-0.270598049651304
0.65328148252873,0.27059804945319,-0.653281482779222,-0.270598049651091
0.653281482528931,0.270598049452987,-0.653281482779194,-0.270598049650878
0.653281482529132,0.270598049452784,-0.653281482779165,-0.270598049650665
0.653281482529333,0.270598049452581,-0.653281482779136,-0.270598049650452
0.653281482529534,0.270598049452378,-0.653281482779107,-0.270598049650239
0.653281482529735,0.270598049452175,-0.653281482779078,-0.270598049650026
0.653281482529936,0.270598049451972,-0.65328148277905,-0.270598049649813
0.653281482530138,0.270598049451769,-0.653281482779021,-0.2705980496496
0.653281482530339,0.270598049451566,-0.653281482778992,-0.270598049649387
0.653281482530541,0.270598049451363,-0.653281482778962,-0.270598049649174
0.653281482530743,0.270598049451159,-0.653281482778933,-0.27059804964896
0.653281482530945,0.270598049450957,-0.653281482778904,-0.270598049648747
0.653281482531147,0.270598049450753,-0.653281482778874,-0.270598049648533
0.653281482531349,0.27059804945055,-0.653281482778845,-0.27059804964832
0.653281482531551,0.270598049450347,-0.653281482778815,-0.270598049648106
0.653281482531753,0.270598049450143,-0.653281482778786,-0.270598049647893
0.653281482531956,0.27059804944994,-0.653281482778756,-0.270598049647679
0.653281482532158,0.270598049449736,-0.653281482778726,-0.270598049647466
0.653281482532361,0.270598049449533,-0.653281482778696,-0.270598049647252
0.653281482532564,0.270598049449329,-0.653281482778666,-0.270598049647038
0.653281482532767,0.270598049449126,-0.653281482778636,-0.270598049646824
0.65328148253297,0.270598049448923,-0.653281482778606,-0.27059804964661
0.653281482533173,0.270598049448719,-0.653281482778576,-0.270598049646396
0.653281482533376,0.270598049448515,-0.653281482778546,-0.270598049646182
0.653281482533579,0.270598049448312,-0.653281482778516,-0.270598049645968
0.653281482533783,0.270598049448108,-0.653281482778485,-0.270598049645754
0.653281482533987,0.270598049447904,-0.653281482778455,-0.270598049645539
0.65328148253419,0.270598049447701,-0.653281482778424,-0.270598049645325
0.653281482534394,0.270598049447496,-0.653281482778394,-0.270598049645111
0.653281482534598,0.270598049447293,-0.653281482778363,-0.270598049644896
0.653281482534802,0.270598049447089,-0.653281482778332,-0.270598049644682
0.653281482535006,0.270598049446885,-0.653281482778301,-0.270598049644467
0.65328148253521,0.270598049446681,-0.653281482778271,-0.270598049644252
0.653281482535415,0.270598049446477,-0.653281482778239,-0.270598049644038
0.653281482535619,0.270598049446273,-0.653281482778209,-0.270598049643823
0.653281482535824,0.270598049446069,-0.653281482778177,-0.270598049643608
0.653281482536029,0.270598049445865,-0.653281482778146,-0.270598049643393
0.653281482536233,0.270598049445661,-0.653281482778115,-0.270598049643178
0.653281482536438,0.270598049445457,-0.653281482778084,-0.270598049642963
0.653281482536644,0.270598049445253,-0.653281482778052,-0.270598049642748
0.653281482536849,0.270598049445049,-0.653281482778021,-0.270598049642533
0.653281482537054,0.270598049444844,-0.653281482777989,-0.270598049642318
0.653281482537259,0.27059804944464,-0.653281482777958,-0.270598049642103
0.653281482537465,0.270598049444436,-0.653281482777926,-0.270598049641887
0.653281482537671,0.270598049444232,-0.653281482777894,-0.270598049641672
0.653281482537876,0.270598049444027,-0.653281482777862,-0.270598049641457
0.653281482538082,0.270598049443823,-0.65328148277783,-0.270598049641241
0.653281482538288,0.270598049443618,-0.653281482777798,-0.270598049641026
0.653281482538494,0.270598049443414,-0.653281482777766,-0.27059804964081
0.6532814825387,0.270598049443209,-0.653281482777734,-0.270598049640594
0.653281482538907,0.270598049443005,-0.653281482777702,-0.270598049640379
0.653281482539113,0.2705980494428,-0.653281482777669,-0.270598049640163
0.65328148253932,0.270598049442596,-0.653281482777637,-0.270598049639947
0.653281482539526,0.270598049442391,-0.653281482777604,-0.270598049639731
0.653281482539733,0.270598049442186,-0.653281482777572,-0.270598049639515
0.65328148253994,0.270598049441982,-0.653281482777539,-0.270598049639299
0.653281482540147,0.270598049441777,-0.653281482777506,-0.270598049639083
0.653281482540354,0.270598049441572,-0.653281482777474,-0.270598049638867
0.653281482540561,0.270598049441367,-0.653281482777441,-0.270598049638651
0.653281482540769,0.270598049441163,-0.653281482777408,-0.270598049638435
0.653281482540976,0.270598049440958,-0.653281482777375,-0.270598049638218
0.653281482541184,0.270598049440753,-0.653281482777342,-0.270598049638002
0.653281482541391,0.270598049440548,-0.653281482777309,-0.270598049637786
0.653281482541599,0.270598049440343,-0.653281482777275,-0.270598049637569
0.653281482541807,0.270598049440138,-0.653281482777242,-0.270598049637352
0.653281482542015,0.270598049439933,-0.653281482777209,-0.270598049637136
0.653281482542223,0.270598049439728,-0.653281482777176,-0.270598049636919
0.653281482542432,0.270598049439522,-0.653281482777142,-0.270598049636702
0.65328148254264,0.270598049439318,-0.653281482777108,-0.270598049636486
0.653281482542848,0.270598049439112,-0.653281482777075,-0.270598049636269
0.653281482543057,0.270598049438907,-0.653281482777041,-0.270598049636052
0.653281482543266,0.270598049438702,-0.653281482777007,-0.270598049635835
0.653281482543474,0.270598049438496,-0.653281482776973,-0.270598049635618
0.653281482543683,0.270598049438291,-0.653281482776939,-0.270598049635401
0.653281482543892,0.270598049438086,-0.653281482776905,-0.270598049635183
0.653281482544102,0.27059804943788,-0.653281482776871,-0.270598049634966
0.653281482544311,0.270598049437675,-0.653281482776837,-0.270598049634749
0.65328148254452,0.27059804943747,-0.653281482776803,-0.270598049634532
0.65328148254473,0.270598049437264,-0.653281482776768,-0.270598049634314
0.653281482544939,0.270598049437059,-0.653281482776734,-0.270598049634097
0.653281482545149,0.270598049436853,-0.653281482776699,-0.270598049633879
0.653281482545359,0.270598049436648,-0.653281482776665,-0.270598049633662
0.653281482545569,0.270598049436442,-0.65328148277663,-0.270598049633444
0.653281482545779,0.270598049436236,-0.653281482776596,-0.270598049633227
0.653281482545989,0.270598049436031,-0.653281482776561,-0.270598049633009
0.6532814825462,0.270598049435825,-0.653281482776526,-0.270598049632791
0.65328148254641,0.270598049435619,-0.653281482776491,-0.270598049632573
0.653281482546621,0.270598049435413,-0.653281482776456,-0.270598049632355
0.653281482546831,0.270598049435208,-0.653281482776421,-0.270598049632137
0.653281482547042,0.270598049435002,-0.653281482776386,-0.270598049631919
0.653281482547253,0.270598049434796,-0.65328148277635,-0.270598049631701
0.653281482547464,0.27059804943459,-0.653281482776315,-0.270598049631483
0.653281482547675,0.270598049434384,-0.653281482776279,-0.270598049631264
0.653281482547886,0.270598049434178,-0.653281482776244,-0.270598049631046
0.653281482548098,0.270598049433972,-0.653281482776208,-0.270598049630828
0.653281482548309,0.270598049433766,-0.653281482776172,-0.270598049630609
0.653281482548521,0.27059804943356,-0.653281482776137,-0.270598049630391
0.653281482548732,0.270598049433354,-0.653281482776102,-0.270598049630173
0.653281482548944,0.270598049433147,-0.653281482776065,-0.270598049629954
0.653281482549156,0.270598049432941,-0.653281482776029,-0.270598049629735
0.653281482549368,0.270598049432735,-0.653281482775994,-0.270598049629516
0.65328148254958,0.270598049432529,-0.653281482775958,-0.270598049629298
0.653281482549792,0.270598049432322,-0.653281482775921,-0.270598049629078
0.653281482550005,0.270598049432116,-0.653281482775885,-0.27059804962886
0.653281482550218,0.27059804943191,-0.653281482775849,-0.270598049628641
0.65328148255043,0.270598049431703,-0.653281482775813,-0.270598049628422
0.653281482550643,0.270598049431497,-0.653281482775776,-0.270598049628203
0.653281482550855,0.27059804943129,-0.653281482775739,-0.270598049627983
0.653281482551068,0.270598049431084,-0.653281482775703,-0.270598049627764
0.653281482551282,0.270598049430877,-0.653281482775666,-0.270598049627545
0.653281482551494,0.270598049430671,-0.65328148277563,-0.270598049627326
0.653281482551708,0.270598049430464,-0.653281482775593,-0.270598049627106
0.653281482551921,0.270598049430257,-0.653281482775556,-0.270598049626887
0.653281482552135,0.270598049430051,-0.653281482775519,-0.270598049626668
0.653281482552348,0.270598049429844,-0.653281482775482,-0.270598049626448
0.653281482552562,0.270598049429637,-0.653281482775445,-0.270598049626228
0.653281482552776,0.27059804942943,-0.653281482775407,-0.270598049626008
0.65328148255299,0.270598049429223,-0.65328148277537,-0.270598049625789
0.653281482553204,0.270598049429017,-0.653281482775333,-0.270598049625569
0.653281482553418,0.27059804942881,-0.653281482775295,-0.270598049625349
0.653281482553633,0.270598049428602,-0.653281482775258,-0.270598049625129
0.653281482553847,0.270598049428396,-0.653281482775221,-0.270598049624909
0.653281482554062,0.270598049428189,-0.653281482775183,-0.270598049624689
0.653281482554277,0.270598049427982,-0.653281482775145,-0.270598049624469
0.653281482554491,0.270598049427774,-0.653281482775107,-0.270598049624249
0.653281482554706,0.270598049427567,-0.653281482775069,-0.270598049624028
0.653281482554921,0.27059804942736,-0.653281482775031,-0.270598049623808
0.653281482555136,0.270598049427153,-0.653281482774993,-0.270598049623588
0.653281482555351,0.270598049426946,-0.653281482774955,-0.270598049623367
0.653281482555567,0.270598049426739,-0.653281482774917,-0.270598049623147
0.653281482555782,0.270598049426531,-0.653281482774879,-0.270598049622926
0.653281482555998,0.270598049426324,-0.65328148277484,-0.270598049622706
0.653281482556213,0.270598049426117,-0.653281482774802,-0.270598049622485
0.653281482556429,0.270598049425909,-0.653281482774764,-0.270598049622264
0.653281482556645,0.270598049425702,-0.653281482774725,-0.270598049622043
0.653281482556861,0.270598049425494,-0.653281482774686,-0.270598049621822
0.653281482557078,0.270598049425286,-0.653281482774648,-0.270598049621602
0.653281482557294,0.270598049425079,-0.653281482774609,-0.270598049621381
0.65328148255751,0.270598049424872,-0.65328148277457,-0.27059804962116
0.653281482557727,0.270598049424664,-0.653281482774531,-0.270598049620939
0.653281482557943,0.270598049424456,-0.653281482774492,-0.270598049620718
0.65328148255816,0.270598049424249,-0.653281482774453,-0.270598049620496
0.653281482558377,0.270598049424041,-0.653281482774414,-0.270598049620275
0.653281482558594,0.270598049423833,-0.653281482774375,-0.270598049620054
0.653281482558811,0.270598049423625,-0.653281482774335,-0.270598049619832
0.653281482559028,0.270598049423417,-0.653281482774296,-0.270598049619611
0.653281482559245,0.27059804942321,-0.653281482774257,-0.270598049619389
0.653281482559463,0.270598049423002,-0.653281482774217,-0.270598049619168
0.65328148255968,0.270598049422794,-0.653281482774178,-0.270598049618946
0.653281482559898,0.270598049422586,-0.653281482774138,-0.270598049618724
0.653281482560116,0.270598049422378,-0.653281482774098,-0.270598049618502
0.653281482560333,0.27059804942217,-0.653281482774058,-0.270598049618281
0.653281482560551,0.270598049421962,-0.653281482774018,-0.270598049618059
0.653281482560769,0.270598049421754,-0.653281482773978,-0.270598049617837
0.653281482560988,0.270598049421545,-0.653281482773938,-0.270598049617615
0.653281482561206,0.270598049421337,-0.653281482773899,-0.270598049617393
0.653281482561424,0.270598049421129,-0.653281482773858,-0.270598049617171
0.653281482561643,0.270598049420921,-0.653281482773818,-0.270598049616949
0.653281482561862,0.270598049420712,-0.653281482773777,-0.270598049616726
0.65328148256208,0.270598049420504,-0.653281482773737,-0.270598049616504
0.653281482562299,0.270598049420296,-0.653281482773697,-0.270598049616281
0.653281482562519,0.270598049420087,-0.653281482773656,-0.270598049616059
0.653281482562738,0.270598049419879,-0.653281482773615,-0.270598049615837
0.653281482562957,0.270598049419671,-0.653281482773575,-0.270598049615614
0.653281482563176,0.270598049419462,-0.653281482773534,-0.270598049615391
0.653281482563396,0.270598049419253,-0.653281482773493,-0.270598049615169
0.653281482563615,0.270598049419045,-0.653281482773452,-0.270598049614946
0.653281482563835,0.270598049418836,-0.653281482773411,-0.270598049614723
0.653281482564055,0.270598049418627,-0.65328148277337,-0.2705980496145
0.653281482564275,0.270598049418419,-0.653281482773329,-0.270598049614277
0.653281482564494,0.27059804941821,-0.653281482773288,-0.270598049614055
0.653281482564715,0.270598049418001,-0.653281482773246,-0.270598049613831
0.653281482564935,0.270598049417792,-0.653281482773205,-0.270598049613608
0.653281482565156,0.270598049417584,-0.653281482773164,-0.270598049613385
0.653281482565376,0.270598049417375,-0.653281482773122,-0.270598049613162
0.653281482565597,0.270598049417166,-0.65328148277308,-0.270598049612939
0.653281482565818,0.270598049416957,-0.653281482773039,-0.270598049612715
0.653281482566038,0.270598049416748,-0.653281482772997,-0.270598049612492
0.653281482566259,0.270598049416539,-0.653281482772955,-0.270598049612269
0.65328148256648,0.27059804941633,-0.653281482772914,-0.270598049612045
0.653281482566702,0.270598049416121,-0.653281482772871,-0.270598049611821
0.653281482566923,0.270598049415912,-0.653281482772829,-0.270598049611598
0.653281482567144,0.270598049415702,-0.653281482772787,-0.270598049611374
0.653281482567366,0.270598049415493,-0.653281482772745,-0.27059804961115
0.653281482567588,0.270598049415284,-0.653281482772702,-0.270598049610926
0.653281482567809,0.270598049415075,-0.65328148277266,-0.270598049610703
0.653281482568031,0.270598049414865,-0.653281482772618,-0.270598049610479
0.653281482568254,0.270598049414656,-0.653281482772575,-0.270598049610254
0.653281482568475,0.270598049414447,-0.653281482772533,-0.27059804961003
0.653281482568698,0.270598049414237,-0.65328148277249,-0.270598049609806
0.65328148256892,0.270598049414028,-0.653281482772447,-0.270598049609582
0.653281482569143,0.270598049413818,-0.653281482772404,-0.270598049609358
0.653281482569365,0.270598049413609,-0.653281482772362,-0.270598049609133
0.653281482569588,0.270598049413399,-0.653281482772318,-0.270598049608909
0.653281482569811,0.27059804941319,-0.653281482772276,-0.270598049608685
0.653281482570034,0.27059804941298,-0.653281482772232,-0.27059804960846
0.653281482570257,0.27059804941277,-0.653281482772189,-0.270598049608236
0.65328148257048,0.270598049412561,-0.653281482772146,-0.270598049608011
0.653281482570704,0.270598049412351,-0.653281482772103,-0.270598049607786
0.653281482570927,0.270598049412141,-0.653281482772059,-0.270598049607561
0.65328148257115,0.270598049411931,-0.653281482772016,-0.270598049607337
0.653281482571374,0.270598049411721,-0.653281482771972,-0.270598049607112
0.653281482571597,0.270598049411511,-0.653281482771929,-0.270598049606887
0.653281482571821,0.270598049411301,-0.653281482771885,-0.270598049606662
0.653281482572045,0.270598049411092,-0.653281482771841,-0.270598049606437
0.653281482572269,0.270598049410881,-0.653281482771797,-0.270598049606212
0.653281482572494,0.270598049410671,-0.653281482771753,-0.270598049605986
0.653281482572718,0.270598049410461,-0.653281482771709,-0.270598049605761
0.653281482572943,0.270598049410251,-0.653281482771665,-0.270598049605536
0.653281482573167,0.270598049410041,-0.653281482771621,-0.270598049605311
0.653281482573392,0.270598049409831,-0.653281482771577,-0.270598049605085
0.653281482573617,0.270598049409621,-0.653281482771532,-0.27059804960486
0.653281482573841,0.270598049409411,-0.653281482771488,-0.270598049604634
0.653281482574066,0.2705980494092,-0.653281482771444,-0.270598049604408
0.653281482574291,0.27059804940899,-0.653281482771399,-0.270598049604183
0.653281482574517,0.270598049408779,-0.653281482771355,-0.270598049603957
0.653281482574742,0.270598049408569,-0.65328148277131,-0.270598049603731
0.653281482574968,0.270598049408358,-0.653281482771265,-0.270598049603505
0.653281482575193,0.270598049408148,-0.65328148277122,-0.27059804960328
0.653281482575419,0.270598049407937,-0.653281482771175,-0.270598049603054
0.653281482575644,0.270598049407727,-0.653281482771131,-0.270598049602828
0.653281482575871,0.270598049407516,-0.653281482771085,-0.270598049602601
0.653281482576097,0.270598049407306,-0.653281482771041,-0.270598049602375
0.653281482576323,0.270598049407095,-0.653281482770995,-0.270598049602149
0.653281482576549,0.270598049406884,-0.65328148277095,-0.270598049601923
0.653281482576776,0.270598049406673,-0.653281482770905,-0.270598049601696
0.653281482577002,0.270598049406463,-0.653281482770859,-0.27059804960147
0.653281482577229,0.270598049406252,-0.653281482770814,-0.270598049601243
0.653281482577455,0.270598049406041,-0.653281482770768,-0.270598049601017
0.653281482577682,0.27059804940583,-0.653281482770723,-0.27059804960079
0.653281482577909,0.270598049405619,-0.653281482770676,-0.270598049600564
0.653281482578136,0.270598049405408,-0.653281482770631,-0.270598049600337
0.653281482578363,0.270598049405197,-0.653281482770585,-0.270598049600111
0.653281482578591,0.270598049404986,-0.653281482770539,-0.270598049599883
0.653281482578818,0.270598049404775,-0.653281482770493,-0.270598049599656
0.653281482579046,0.270598049404564,-0.653281482770447,-0.27059804959943
0.653281482579273,0.270598049404353,-0.653281482770401,-0.270598049599202
0.653281482579501,0.270598049404142,-0.653281482770355,-0.270598049598975
0.653281482579729,0.27059804940393,-0.653281482770309,-0.270598049598748
0.653281482579957,0.270598049403719,-0.653281482770262,-0.270598049598521
0.653281482580185,0.270598049403508,-0.653281482770216,-0.270598049598294
0.653281482580414,0.270598049403296,-0.653281482770169,-0.270598049598066
0.653281482580642,0.270598049403085,-0.653281482770122,-0.270598049597839
0.65328148258087,0.270598049402873,-0.653281482770076,-0.270598049597611
0.653281482581099,0.270598049402662,-0.653281482770029,-0.270598049597384
0.653281482581328,0.27059804940245,-0.653281482769982,-0.270598049597157
0.653281482581556,0.270598049402239,-0.653281482769935,-0.270598049596929
0.653281482581785,0.270598049402027,-0.653281482769888,-0.270598049596701
0.653281482582014,0.270598049401816,-0.653281482769842,-0.270598049596474
0.653281482582243,0.270598049401604,-0.653281482769794,-0.270598049596246
0.653281482582473,0.270598049401392,-0.653281482769747,-0.270598049596018
0.653281482582702,0.270598049401181,-0.6532814827697,-0.27059804959579
0.653281482582932,0.270598049400969,-0.653281482769652,-0.270598049595562
0.653281482583161,0.270598049400757,-0.653281482769605,-0.270598049595334
0.653281482583391,0.270598049400545,-0.653281482769558,-0.270598049595106
0.653281482583621,0.270598049400333,-0.65328148276951,-0.270598049594877
0.653281482583851,0.270598049400121,-0.653281482769462,-0.270598049594649
0.653281482584081,0.270598049399909,-0.653281482769415,-0.270598049594421
0.653281482584311,0.270598049399697,-0.653281482769367,-0.270598049594193
0.653281482584541,0.270598049399485,-0.653281482769319,-0.270598049593964
0.653281482584772,0.270598049399273,-0.653281482769271,-0.270598049593735
0.653281482585002,0.270598049399061,-0.653281482769223,-0.270598049593507
0.653281482585233,0.270598049398849,-0.653281482769175,-0.270598049593278
0.653281482585464,0.270598049398637,-0.653281482769127,-0.27059804959305
0.653281482585695,0.270598049398424,-0.653281482769078,-0.270598049592821
0.653281482585926,0.270598049398212,-0.65328148276903,-0.270598049592592
0.653281482586157,0.270598049398,-0.653281482768982,-0.270598049592363
0.653281482586388,0.270598049397787,-0.653281482768933,-0.270598049592134
0.65328148258662,0.270598049397575,-0.653281482768884,-0.270598049591905
0.653281482586851,0.270598049397363,-0.653281482768836,-0.270598049591677
0.653281482587082,0.27059804939715,-0.653281482768787,-0.270598049591447
0.653281482587314,0.270598049396938,-0.653281482768738,-0.270598049591218
0.653281482587546,0.270598049396725,-0.65328148276869,-0.270598049590989
0.653281482587778,0.270598049396513,-0.653281482768641,-0.27059804959076
0.65328148258801,0.2705980493963,-0.653281482768592,-0.27059804959053
0.653281482588242,0.270598049396087,-0.653281482768543,-0.270598049590301
0.653281482588475,0.270598049395875,-0.653281482768494,-0.270598049590071
0.653281482588707,0.270598049395662,-0.653281482768445,-0.270598049589842
0.65328148258894,0.270598049395449,-0.653281482768395,-0.270598049589612
0.653281482589172,0.270598049395237,-0.653281482768346,-0.270598049589382
0.653281482589405,0.270598049395023,-0.653281482768296,-0.270598049589153
0.653281482589638,0.27059804939481,-0.653281482768247,-0.270598049588923
0.653281482589871,0.270598049394598,-0.653281482768198,-0.270598049588693
0.653281482590104,0.270598049394385,-0.653281482768148,-0.270598049588463
0.653281482590337,0.270598049394172,-0.653281482768098,-0.270598049588233
0.65328148259057,0.270598049393958,-0.653281482768048,-0.270598049588003
0.653281482590804,0.270598049393745,-0.653281482767998,-0.270598049587773
0.653281482591037,0.270598049393532,-0.653281482767948,-0.270598049587543
0.653281482591271,0.270598049393319,-0.653281482767898,-0.270598049587313
0.653281482591505,0.270598049393106,-0.653281482767848,-0.270598049587082
0.653281482591739,0.270598049392893,-0.653281482767798,-0.270598049586852
0.653281482591973,0.270598049392679,-0.653281482767748,-0.270598049586621
0.653281482592207,0.270598049392466,-0.653281482767698,-0.270598049586391
0.653281482592441,0.270598049392253,-0.653281482767647,-0.270598049586161
0.653281482592675,0.270598049392039,-0.653281482767597,-0.27059804958593
0.65328148259291,0.270598049391826,-0.653281482767546,-0.270598049585699
0.653281482593145,0.270598049391613,-0.653281482767496,-0.270598049585469
0.653281482593379,0.270598049391399,-0.653281482767445,-0.270598049585238
0.653281482593614,0.270598049391186,-0.653281482767394,-0.270598049585007
0.653281482593849,0.270598049390972,-0.653281482767343,-0.270598049584776
0.653281482594084,0.270598049390758,-0.653281482767292,-0.270598049584545
0.65328148259432,0.270598049390545,-0.653281482767242,-0.270598049584314
0.653281482594555,0.270598049390331,-0.65328148276719,-0.270598049584083
0.65328148259479,0.270598049390117,-0.653281482767139,-0.270598049583852
0.653281482595026,0.270598049389903,-0.653281482767088,-0.27059804958362
0.653281482595262,0.27059804938969,-0.653281482767037,-0.270598049583389
0.653281482595497,0.270598049389476,-0.653281482766985,-0.270598049583158
0.653281482595733,0.270598049389262,-0.653281482766934,-0.270598049582927
0.653281482595969,0.270598049389048,-0.653281482766882,-0.270598049582695
0.653281482596205,0.270598049388834,-0.653281482766831,-0.270598049582463
0.653281482596442,0.27059804938862,-0.653281482766779,-0.270598049582232
0.653281482596678,0.270598049388406,-0.653281482766727,-0.270598049582
0.653281482596914,0.270598049388192,-0.653281482766676,-0.270598049581768
0.653281482597151,0.270598049387978,-0.653281482766624,-0.270598049581537
0.653281482597388,0.270598049387763,-0.653281482766572,-0.270598049581305
0.653281482597624,0.270598049387549,-0.65328148276652,-0.270598049581073
0.653281482597861,0.270598049387335,-0.653281482766467,-0.270598049580841
0.653281482598099,0.270598049387121,-0.653281482766415,-0.270598049580609
0.653281482598336,0.270598049386906,-0.653281482766363,-0.270598049580377
0.653281482598573,0.270598049386692,-0.653281482766311,-0.270598049580145
0.65328148259881,0.270598049386478,-0.653281482766258,-0.270598049579913
0.653281482599048,0.270598049386263,-0.653281482766206,-0.27059804957968
0.653281482599285,0.270598049386049,-0.653281482766153,-0.270598049579448
0.653281482599523,0.270598049385834,-0.653281482766101,-0.270598049579216
0.653281482599761,0.27059804938562,-0.653281482766048,-0.270598049578983
0.653281482599999,0.270598049385405,-0.653281482765995,-0.270598049578751
0.653281482600237,0.27059804938519,-0.653281482765942,-0.270598049578518
0.653281482600475,0.270598049384976,-0.653281482765889,-0.270598049578285
0.653281482600714,0.270598049384761,-0.653281482765837,-0.270598049578053
0.653281482600952,0.270598049384546,-0.653281482765783,-0.27059804957782
0.653281482601191,0.270598049384332,-0.65328148276573,-0.270598049577587
0.653281482601429,0.270598049384117,-0.653281482765677,-0.270598049577354
0.653281482601668,0.270598049383902,-0.653281482765624,-0.270598049577121
0.653281482601907,0.270598049383687,-0.65328148276557,-0.270598049576888
0.653281482602146,0.270598049383472,-0.653281482765517,-0.270598049576655
0.653281482602385,0.270598049383257,-0.653281482765463,-0.270598049576422
0.653281482602624,0.270598049383042,-0.65328148276541,-0.270598049576189
0.653281482602864,0.270598049382827,-0.653281482765356,-0.270598049575955
0.653281482603103,0.270598049382612,-0.653281482765302,-0.270598049575722
0.653281482603343,0.270598049382397,-0.653281482765248,-0.270598049575489
0.653281482603583,0.270598049382181,-0.653281482765195,-0.270598049575256
0.653281482603823,0.270598049381966,-0.653281482765141,-0.270598049575022
0.653281482604063,0.270598049381751,-0.653281482765086,-0.270598049574788
0.653281482604303,0.270598049381536,-0.653281482765032,-0.270598049574554
0.653281482604543,0.27059804938132,-0.653281482764978,-0.270598049574321
0.653281482604783,0.270598049381105,-0.653281482764924,-0.270598049574087
0.653281482605023,0.270598049380889,-0.65328148276487,-0.270598049573853
0.653281482605264,0.270598049380674,-0.653281482764815,-0.270598049573619
0.653281482605505,0.270598049380458,-0.653281482764761,-0.270598049573385
0.653281482605746,0.270598049380243,-0.653281482764706,-0.270598049573151
0.653281482605987,0.270598049380027,-0.653281482764651,-0.270598049572917
0.653281482606228,0.270598049379811,-0.653281482764597,-0.270598049572683
0.653281482606468,0.270598049379596,-0.653281482764542,-0.270598049572449
0.65328148260671,0.27059804937938,-0.653281482764487,-0.270598049572215
0.653281482606951,0.270598049379164,-0.653281482764432,-0.27059804957198
0.653281482607193,0.270598049378949,-0.653281482764377,-0.270598049571746
0.653281482607434,0.270598049378733,-0.653281482764322,-0.270598049571511
0.653281482607676,0.270598049378517,-0.653281482764267,-0.270598049571277
0.653281482607918,0.270598049378301,-0.653281482764212,-0.270598049571042
0.65328148260816,0.270598049378085,-0.653281482764156,-0.270598049570807
0.653281482608402,0.270598049377869,-0.653281482764101,-0.270598049570573
0.653281482608644,0.270598049377653,-0.653281482764045,-0.270598049570338
0.653281482608886,0.270598049377437,-0.65328148276399,-0.270598049570103
0.653281482609129,0.270598049377221,-0.653281482763934,-0.270598049569869
0.653281482609372,0.270598049377005,-0.653281482763878,-0.270598049569634
0.653281482609614,0.270598049376789,-0.653281482763823,-0.270598049569399
0.653281482609857,0.270598049376572,-0.653281482763767,-0.270598049569163
0.6532814826101,0.270598049376356,-0.653281482763711,-0.270598049568928
0.653281482610343,0.270598049376139,-0.653281482763655,-0.270598049568693
0.653281482610586,0.270598049375923,-0.653281482763599,-0.270598049568458
0.653281482610829,0.270598049375707,-0.653281482763543,-0.270598049568223
0.653281482611073,0.270598049375491,-0.653281482763487,-0.270598049567987
0.653281482611316,0.270598049375274,-0.653281482763431,-0.270598049567752
0.653281482611559,0.270598049375058,-0.653281482763374,-0.270598049567516
0.653281482611803,0.270598049374841,-0.653281482763318,-0.270598049567281
0.653281482612047,0.270598049374624,-0.653281482763261,-0.270598049567045
0.653281482612291,0.270598049374408,-0.653281482763205,-0.270598049566809
0.653281482612535,0.270598049374191,-0.653281482763148,-0.270598049566573
0.653281482612779,0.270598049373974,-0.653281482763092,-0.270598049566338
0.653281482613023,0.270598049373758,-0.653281482763035,-0.270598049566102
0.653281482613268,0.270598049373541,-0.653281482762978,-0.270598049565866
0.653281482613512,0.270598049373324,-0.653281482762921,-0.27059804956563
0.653281482613757,0.270598049373107,-0.653281482762864,-0.270598049565394
0.653281482614001,0.27059804937289,-0.653281482762807,-0.270598049565158
0.653281482614247,0.270598049372673,-0.65328148276275,-0.270598049564922
0.653281482614491,0.270598049372456,-0.653281482762692,-0.270598049564685
0.653281482614737,0.270598049372239,-0.653281482762635,-0.270598049564449
0.653281482614982,0.270598049372022,-0.653281482762578,-0.270598049564213
0.653281482615227,0.270598049371805,-0.65328148276252,-0.270598049563976
0.653281482615473,0.270598049371588,-0.653281482762463,-0.27059804956374
0.653281482615718,0.270598049371371,-0.653281482762405,-0.270598049563503
0.653281482615964,0.270598049371153,-0.653281482762348,-0.270598049563266
0.65328148261621,0.270598049370936,-0.65328148276229,-0.27059804956303
0.653281482616456,0.270598049370718,-0.653281482762232,-0.270598049562793
0.653281482616701,0.270598049370501,-0.653281482762174,-0.270598049562556
0.653281482616948,0.270598049370284,-0.653281482762116,-0.270598049562319
0.653281482617194,0.270598049370066,-0.653281482762058,-0.270598049562082
0.65328148261744,0.270598049369849,-0.653281482762,-0.270598049561845
0.653281482617687,0.270598049369631,-0.653281482761942,-0.270598049561608
0.653281482617934,0.270598049369414,-0.653281482761883,-0.270598049561371
0.65328148261818,0.270598049369196,-0.653281482761825,-0.270598049561134
0.653281482618427,0.270598049368979,-0.653281482761766,-0.270598049560896
0.653281482618674,0.270598049368761,-0.653281482761708,-0.270598049560659
0.653281482618921,0.270598049368543,-0.65328148276165,-0.270598049560422
0.653281482619168,0.270598049368325,-0.653281482761591,-0.270598049560184
0.653281482619416,0.270598049368107,-0.653281482761532,-0.270598049559947
0.653281482619663,0.270598049367889,-0.653281482761474,-0.270598049559709
0.653281482619911,0.270598049367672,-0.653281482761415,-0.270598049559471
0.653281482620158,0.270598049367454,-0.653281482761356,-0.270598049559234
0.653281482620406,0.270598049367236,-0.653281482761297,-0.270598049558996
0.653281482620654,0.270598049367018,-0.653281482761238,-0.270598049558758
0.653281482620902,0.2705980493668,-0.653281482761178,-0.27059804955852
0.65328148262115,0.270598049366581,-0.653281482761119,-0.270598049558282
0.653281482621398,0.270598049366363,-0.65328148276106,-0.270598049558044
0.653281482621647,0.270598049366145,-0.653281482761,-0.270598049557806
0.653281482621895,0.270598049365927,-0.653281482760941,-0.270598049557568
0.653281482622144,0.270598049365709,-0.653281482760881,-0.27059804955733
0.653281482622393,0.27059804936549,-0.653281482760822,-0.270598049557091
0.653281482622641,0.270598049365272,-0.653281482760762,-0.270598049556853
0.65328148262289,0.270598049365053,-0.653281482760703,-0.270598049556615
0.653281482623163,0.27059804936873,-0.653281482759184,-0.270598049555948
0.653281482615922,0.270598049397146,-0.653281482757878,-0.270598049548166
0.653281482597914,0.270598049458127,-0.653281482757954,-0.270598049530475
0.653281482570669,0.270598049552995,-0.6532814827571,-0.270598049503446
0.653281482538522,0.270598049680753,-0.653281482750452,-0.270598049469345
0.653281482508,0.27059804983756,-0.653281482731548,-0.270598049431862
0.653281482486534,0.270598050019052,-0.653281482693047,-0.270598049395145
0.653281482482178,0.270598050220759,-0.653281482626919,-0.270598049363603
0.653281482503626,0.270598050437997,-0.653281482524463,-0.270598049341933
0.653281482560211,0.270598050665788,-0.653281482376338,-0.27059804933514
0.653281482661861,0.270598050898869,-0.653281482172603,-0.270598049348513
0.653281482819069,0.27059805113171,-0.653281481902753,-0.270598049387614
0.653281483042862,0.270598051358528,-0.653281481555747,-0.270598049458261
0.65328148334477,0.270598051573298,-0.653281481120037,-0.270598049566516
0.65328148373681,0.270598051769767,-0.653281480583589,-0.270598049718676
0.653281484231461,0.27059805194146,-0.653281479933907,-0.270598049921263
0.653281484841645,0.270598052081689,-0.653281479158046,-0.270598050181012
0.653281485580714,0.270598052183565,-0.653281478242634,-0.270598050504868
0.65328148646243,0.27059805224,-0.653281477173883,-0.270598050899976
0.653281487500953,0.270598052243714,-0.653281475937608,-0.270598051373675
0.65328148871083,0.270598052187245,-0.653281474519237,-0.270598051933494
0.653281490106979,0.270598052062952,-0.653281472903822,-0.270598052587142
0.653281491704678,0.270598051863019,-0.653281471076057,-0.270598053342506
0.653281493519555,0.270598051579463,-0.653281469020279,-0.270598054207645
0.65328149556758,0.270598051204141,-0.653281466720488,-0.270598055190785
0.653281497721806,0.270598050857129,-0.653281464303581,-0.270598056171962
0.653281499842857,0.270598050669299,-0.653281461908886,-0.270598057020428
0.653281501928217,0.270598050648718,-0.653281459538876,-0.270598057728216
0.65328150397526,0.270598050803632,-0.653281457196134,-0.270598058287183
0.653281505981254,0.270598051142466,-0.653281454883346,-0.270598058689015
0.65328150794336,0.270598051673815,-0.653281452603304,-0.270598058925229
0.653281509858639,0.270598052406441,-0.6532814503589,-0.270598058987181
0.653281511724053,0.270598053349271,-0.653281448153122,-0.270598058866063
0.653281513536463,0.270598054511388,-0.653281445989057,-0.270598058552916
0.653281515292637,0.270598055902034,-0.653281443869884,-0.270598058038628
0.653281516989249,0.270598057530596,-0.653281441798873,-0.270598057313941
0.653281518622907,0.270598059406501,-0.653281439779363,-0.270598056369566
0.653281520190151,0.270598061539225,-0.653281437814753,-0.270598055196168
0.653281521687443,0.270598063938359,-0.653281435908524,-0.270598053784295
0.653281523111164,0.270598066613615,-0.653281434064232,-0.270598052124385
0.653281524457622,0.270598069574819,-0.653281432285508,-0.270598050206763
0.653281525723046,0.270598072831909,-0.653281430576058,-0.270598048021646
0.653281526903597,0.270598076394932,-0.653281428939656,-0.270598045559145
0.65328152799536,0.270598080274037,-0.653281427380148,-0.270598042809274
0.653281528994356,0.270598084479479,-0.653281425901445,-0.270598039761945
0.653281529896536,0.270598089021607,-0.653281424507526,-0.270598036406979
0.653281530697784,0.270598093910873,-0.653281423202435,-0.270598032734097
0.653281531393921,0.270598099157828,-0.653281421990276,-0.270598028732929
0.653281531980703,0.270598104773112,-0.653281420875218,-0.270598024393014
0.653281532453828,0.270598110767452,-0.653281419861486,-0.270598019703811
0.653281532833237,0.270598117171586,-0.65328141892912,-0.270598014634634
0.653281533140825,0.270598124015169,-0.653281418056203,-0.270598009155871
0.653281533375169,0.270598131307383,-0.653281417244086,-0.270598003258522
0.653281533534835,0.27059813905743,-0.653281416494123,-0.270597996933573
0.653281533618382,0.270598147274525,-0.653281415807678,-0.270597990171998
0.653281533624361,0.270598155967897,-0.65328141518612,-0.270597982964761
0.653281533551313,0.270598165146791,-0.653281414630824,-0.270597975302816
0.653281533397772,0.270598174820463,-0.653281414143175,-0.270597967177108
0.653281533162265,0.27059818499818,-0.653281413724559,-0.270597958578574
0.653281532843311,0.270598195689221,-0.653281413376373,-0.270597949498146
0.65328153243942,0.270598206902873,-0.653281413100017,-0.270597939926746
0.653281531949096,0.270598218648433,-0.653281412896898,-0.270597929855294
0.653281531370835,0.270598230935206,-0.653281412768428,-0.270597919274707
0.653281530703128,0.270598243772503,-0.653281412716025,-0.270597908175896
0.653281529944456,0.270598257169641,-0.653281412741112,-0.270597896549769
0.653281529093296,0.270598271135945,-0.653281412845118,-0.270597884387237
0.653281528148117,0.270598285680741,-0.653281413029477,-0.270597871679206
0.65328152710738,0.270598300813359,-0.653281413295627,-0.270597858416583
0.653281525969543,0.270598316543134,-0.653281413645011,-0.270597844590277
0.653281524733055,0.270598332879401,-0.653281414079077,-0.2705978301912
0.65328152339636,0.270598349831498,-0.653281414599279,-0.270597815210262
0.653281521957898,0.270598367408761,-0.653281415207071,-0.270597799638379
0.653281520416099,0.270598385620528,-0.653281415903917,-0.270597783466473
0.653281518769391,0.270598404476134,-0.65328141669128,-0.270597766685467
0.653281517016194,0.270598423984915,-0.653281417570631,-0.270597749286291
0.653281515239079,0.27059844438742,-0.653281418459354,-0.270597731028504
0.653281513522715,0.270598465928912,-0.653281419272733,-0.270597711666957
0.653281511868672,0.270598488625781,-0.653281420009085,-0.270597691185527
0.653281510278521,0.270598512494414,-0.653281420666726,-0.270597669568104
0.653281508753833,0.27059853755119,-0.653281421243968,-0.270597646798589
0.653281507296178,0.27059856381248,-0.653281421739124,-0.270597622860892
0.653281505907129,0.270598591294645,-0.653281422150502,-0.27059759773894
0.653281504588257,0.270598620014034,-0.653281422476411,-0.270597571416673
0.653281503341132,0.270598649986986,-0.653281422715158,-0.270597543878045
0.653281502167324,0.270598681229826,-0.65328142286505,-0.270597515107029
0.653281501068401,0.270598713758865,-0.653281422924395,-0.270597485087616
0.653281500045931,0.270598747590399,-0.653281422891497,-0.270597453803814
0.653281499101477,0.270598782740709,-0.653281422764664,-0.27059742123965
0.653281498236605,0.270598819226057,-0.653281422542204,-0.270597387379175
0.653281497452872,0.270598857062689,-0.653281422222424,-0.27059735220646
0.653281496751839,0.27059889626683,-0.653281421803633,-0.270597315705597
0.65328149613506,0.270598936854686,-0.653281421284141,-0.270597277860705
0.653281495604087,0.270598978842442,-0.653281420662262,-0.270597238655925
0.653281495160468,0.27059902224626,-0.65328141993631,-0.270597198075425
0.653281494805748,0.270599067082281,-0.653281419104599,-0.270597156103398
0.65328149454147,0.270599113366622,-0.653281418165449,-0.270597112724067
0.653281494369167,0.270599161115375,-0.653281417117181,-0.27059706792168
0.653281494290375,0.270599210344606,-0.653281415958119,-0.270597021680517
0.653281494306619,0.270599261070355,-0.65328141468659,-0.270596973984884
0.653281494419425,0.270599313308637,-0.653281413300923,-0.270596924819123
0.65328149446336,0.270599366600759,-0.65328141196658,-0.270596874641852
0.653281494269783,0.270599420478949,-0.653281410852235,-0.270596823920775
0.653281493835391,0.270599474945554,-0.65328140996104,-0.270596772653899
0.653281493156877,0.270599530002901,-0.653281409296155,-0.270596720839261
0.653281492230932,0.270599585653292,-0.653281408860735,-0.270596668474921
0.653281491054242,0.270599641899008,-0.653281408657943,-0.270596615558967
0.653281489623494,0.270599698742312,-0.65328140869094,-0.270596562089507
0.653281487935368,0.270599756185442,-0.653281408962887,-0.270596508064678
0.653281485986544,0.270599814230621,-0.653281409476946,-0.270596453482637
0.653281483773702,0.270599872880052,-0.653281410236281,-0.270596398341562
0.653281481293518,0.270599932135921,-0.653281411244055,-0.270596342639655
0.653281478542668,0.270599992000395,-0.653281412503429,-0.270596286375138
0.653281475517828,0.270600052475627,-0.653281414017566,-0.270596229546253
0.653281472215671,0.270600113563753,-0.653281415789625,-0.270596172151258
0.653281468632872,0.270600175266894,-0.653281417822766,-0.270596114188435
0.653281464766105,0.270600237587158,-0.653281420120147,-0.270596055656082
0.653281460612045,0.270600300526637,-0.653281422684925,-0.270595996552513
0.653281456167366,0.270600364087412,-0.653281425520253,-0.270595936876059
0.653281451428744,0.27060042827155,-0.653281428629283,-0.270595876625068
0.653281446392858,0.270600493081108,-0.653281432015164,-0.270595815797904
0.653281441056384,0.27060055851813,-0.653281435681042,-0.270595754392944
0.653281435416001,0.27060062458465,-0.653281439630062,-0.270595692408581
0.653281429468392,0.270600691282691,-0.653281443865364,-0.270595629843221
0.65328142321024,0.270600758614268,-0.653281448390082,-0.270595566695284
0.65328141663823,0.270600826581385,-0.653281453207352,-0.270595502963202
0.653281409904711,0.270600895189681,-0.653281458164182,-0.270595438642885
0.653281403164444,0.270600964446121,-0.653281463105163,-0.270595373728935
0.653281396417737,0.27060103435469,-0.653281468029791,-0.270595308217835
0.653281389664889,0.270601104919356,-0.653281472937572,-0.270595242106089
0.653281382906193,0.270601176144074,-0.653281477828014,-0.270595175390215
0.653281376141936,0.270601248032786,-0.653281482700635,-0.270595108066752
0.653281369372398,0.27060132058942,-0.653281487554953,-0.270595040132252
0.65328136259785,0.270601393817888,-0.653281492390496,-0.270594971583288
0.653281355818557,0.270601467722091,-0.653281497206795,-0.270594902416448
0.653281349034777,0.270601542305915,-0.653281502003389,-0.270594832628337
0.653281342246762,0.270601617573233,-0.653281506779821,-0.270594762215578
0.65328133545476,0.270601693528133,-0.653281511535636,-0.270594691174581
0.653281328659022,0.270601770174987,-0.653281516270373,-0.270594619501477
0.65328132185979,0.270601847518179,-0.653281520983582,-0.270594547192386
0.653281315057301,0.270601925562086,-0.653281525674813,-0.270594474243439
0.653281308251785,0.270602004311082,-0.653281530343626,-0.270594400650774
0.653281301443463,0.270602083769533,-0.653281534989584,-0.270594326410542
0.653281294632551,0.270602163941797,-0.653281539612256,-0.2705942515189
0.653281287819256,0.270602244832231,-0.653281544211221,-0.270594175972016
0.653281281003779,0.270602326445181,-0.653281548786057,-0.270594099766065
0.653281274186311,0.270602408784991,-0.653281553336355,-0.270594022897235
0.653281267367039,0.270602491855997,-0.653281557861708,-0.270593945361719
0.653281260546139,0.270602575662529,-0.653281562361717,-0.270593867155722
0.653281253723781,0.270602660208912,-0.653281566835987,-0.270593788275455
0.653281246900129,0.270602745499466,-0.653281571284134,-0.270593708717141
0.653281240609284,0.270602831921112,-0.653281575171599,-0.27059362809494
0.653281235390265,0.270602919864522,-0.653281577958911,-0.270593546019266
0.653281231250579,0.270603009339618,-0.653281579638332,-0.270593462480738
0.653281228197713,0.270603100356304,-0.65328158020215,-0.270593377470007
0.653281226239124,0.270603192924456,-0.653281579642677,-0.270593290977743
0.653281225382247,0.270603287053932,-0.653281577952245,-0.270593202994646
0.653281225634489,0.270603382754564,-0.653281575123217,-0.270593113511439
0.653281227003232,0.270603480036162,-0.653281571147977,-0.270593022518874
0.653281229495832,0.270603578908513,-0.653281566018934,-0.270592930007727
0.653281233119619,0.27060367938138,-0.653281559728523,-0.270592835968799
0.653281237881897,0.270603781464503,-0.653281552269202,-0.27059274039292
0.653281243789942,0.270603885167599,-0.653281543633456,-0.270592643270943
0.653281250851006,0.270603990500361,-0.653281533813796,-0.270592544593749
0.653281259072312,0.270604097472458,-0.653281522802756,-0.270592444352246
0.653281268461059,0.270604206093536,-0.653281510592897,-0.270592342537366
0.653281279024416,0.270604316373218,-0.653281497176807,-0.27059223914007
0.653281290769528,0.2706044283211,-0.653281482547096,-0.270592134151344
0.653281303703511,0.270604541946757,-0.653281466696404,-0.2705920275622
0.653281317833455,0.270604657259739,-0.653281449617394,-0.270591919363679
0.653281333166422,0.270604774269572,-0.653281431302757,-0.270591809546846
0.653281349709449,0.270604892985759,-0.653281411745208,-0.270591698102795
0.653281367469542,0.270605013417775,-0.653281390937492,-0.270591585022644
0.653281386453682,0.270605135575076,-0.653281368872375,-0.270591470297541
0.653281406668823,0.27060525946709,-0.653281345542655,-0.270591353918658
0.653281428121889,0.27060538510322,-0.653281320941152,-0.270591235877195
0.653281451184815,0.270605512231526,-0.653281294695736,-0.270591116425573
0.653281476231708,0.270605640597629,-0.653281266432107,-0.270590995818652
0.653281503272712,0.270605770207258,-0.653281236139862,-0.270590874051317
0.653281532317946,0.270605901066136,-0.653281203808625,-0.270590751118462
0.653281563377505,0.270606033179981,-0.653281169428045,-0.270590627014986
0.653281596461457,0.270606166554506,-0.653281132987793,-0.270590501735798
0.653281631579845,0.270606301195419,-0.653281094477564,-0.270590375275812
0.653281668742686,0.270606437108424,-0.653281053887082,-0.270590247629952
0.653281707959974,0.270606574299219,-0.65328101120609,-0.270590118793146
0.653281749241674,0.270606712773499,-0.653280966424358,-0.270589988760332
0.653281792597727,0.270606852536951,-0.653280919531682,-0.270589857526453
0.653281838038048,0.270606993595259,-0.653280870517879,-0.270589725086462
0.653281885572528,0.270607135954102,-0.653280819372794,-0.270589591435317
0.653281935211029,0.270607279619154,-0.653280766086295,-0.270589456567985
0.653281986963391,0.270607424596084,-0.653280710648275,-0.270589320479438
0.653282040839425,0.270607570890555,-0.653280653048652,-0.270589183164656
0.653282096848918,0.270607718508227,-0.653280593277369,-0.270589044618629
0.65328215500163,0.270607867454752,-0.653280531324393,-0.270588904836351
0.653282215307297,0.27060801773578,-0.653280467179718,-0.270588763812823
0.653282277775628,0.270608169356954,-0.653280400833359,-0.270588621543056
0.653282342416305,0.270608322323913,-0.65328033227536,-0.270588478022067
0.653282409238985,0.270608476642289,-0.653280261495788,-0.270588333244879
0.6532824782533,0.270608632317711,-0.653280188484736,-0.270588187206524
0.653282549468854,0.270608789355802,-0.653280113232321,-0.270588039902039
0.653282622895227,0.270608947762178,-0.653280035728685,-0.270587891326472
0.653282698414534,0.270609108147102,-0.653279956091296,-0.270587740870518
0.653282775907879,0.27060927112466,-0.653279874438624,-0.27058758792105
0.653282855383295,0.270609436706188,-0.653279790762355,-0.270587432467403
0.653282936848802,0.270609604902992,-0.653279705054187,-0.270587274498942
0.653283020312402,0.270609775726351,-0.653279617305829,-0.270587114005064
0.653283105782085,0.270609949187515,-0.653279527509007,-0.270586950975194
0.653283193265824,0.270610125297705,-0.653279435655461,-0.270586785398789
0.65328328277158,0.270610304068112,-0.653279341736943,-0.270586617265335
0.653283374307298,0.270610485509902,-0.65327924574522,-0.270586446564352
0.653283467880907,0.270610669634208,-0.653279147672071,-0.270586273285386
0.653283563500323,0.270610856452139,-0.653279047509292,-0.270586097418016
0.653283661173446,0.27061104597477,-0.653278945248691,-0.27058591895185
0.653283760908161,0.270611238213151,-0.653278840882091,-0.270585737876528
0.65328386271234,0.270611433178302,-0.653278734401329,-0.270585554181719
0.653283966593837,0.270611630881215,-0.653278625798256,-0.270585367857123
0.653284072560493,0.270611831332851,-0.653278515064736,-0.270585178892471
0.653284180620134,0.270612034544145,-0.65327840219265,-0.270584987277522
0.65328429078057,0.270612240526002,-0.653278287173891,-0.270584793002069
0.653284403049596,0.270612449289295,-0.653278170000367,-0.270584596055934
0.653284517434993,0.270612660844874,-0.653278050664001,-0.270584396428967
0.653284633944526,0.270612875203556,-0.65327792915673,-0.270584194111051
0.653284752585943,0.270613092376128,-0.653277805470505,-0.2705839890921
0.653284873366979,0.270613312373352,-0.653277679597293,-0.270583781362056
0.653284996295354,0.270613535205959,-0.653277551529075,-0.270583570910892
0.653285121378771,0.270613760884649,-0.653277421257845,-0.270583357728613
0.65328524726498,0.270613988823432,-0.653277290135366,-0.270583142402474
0.653285372594839,0.270614218433161,-0.653277159520296,-0.27058292552289
0.653285497365705,0.27061444971978,-0.653277029414978,-0.270582707084632
0.653285621574953,0.270614682689227,-0.653276899821735,-0.270582487082477
0.653285745219976,0.27061491734744,-0.653276770742878,-0.270582265511204
0.653285868298181,0.27061515370035,-0.653276642180697,-0.270582042365601
0.653285990806993,0.270615391753887,-0.653276514137468,-0.270581817640458
0.653286112743852,0.270615631513978,-0.653276386615447,-0.270581591330569
0.653286234106213,0.270615872986543,-0.653276259616878,-0.270581363430736
0.653286354891549,0.2706161161775,-0.653276133143983,-0.270581133935763
0.653286475097348,0.270616361092764,-0.653276007198974,-0.270580902840461
0.653286594721115,0.270616607738244,-0.653275881784041,-0.270580670139645
0.653286713760369,0.270616856119848,-0.65327575690136,-0.270580435828134
0.653286832212644,0.270617106243476,-0.653275632553092,-0.270580199900755
0.653286950075493,0.270617358115027,-0.653275508741381,-0.270579962352339
0.653287067346482,0.270617611740393,-0.653275385468354,-0.270579723177722
0.653287184023191,0.270617867125464,-0.653275262736124,-0.270579482371744
0.65328730010322,0.270618124276124,-0.653275140546787,-0.270579239929254
0.65328741558418,0.270618383198253,-0.653275018902424,-0.270578995845103
0.653287530463698,0.270618643897726,-0.6532748978051,-0.270578750114149
0.653287644739417,0.270618906380413,-0.653274777256865,-0.270578502731257
0.653287758408995,0.270619170652179,-0.653274657259752,-0.270578253691294
0.653287871470105,0.270619436718885,-0.653274537815782,-0.270578002989137
0.653287983920434,0.270619704586387,-0.653274418926957,-0.270577750619665
0.653288095757684,0.270619974260533,-0.653274300595268,-0.270577496577766
0.65328820596518,0.270620245248178,-0.653274183837332,-0.270577241356844
0.653288313521797,0.270620517054001,-0.653274069674224,-0.270576985452472
0.653288418418592,0.270620789680581,-0.653273958114589,-0.270576728862799
0.653288520646641,0.270621063130497,-0.653273849167045,-0.270576471585976
0.653288620197049,0.270621337406324,-0.653273742840187,-0.270576213620158
0.653288717060944,0.270621612510633,-0.653273639142588,-0.270575954963501
0.653288811229474,0.270621888445994,-0.653273538082795,-0.270575695614168
0.653288902693816,0.270622165214973,-0.653273439669332,-0.270575435570322
0.653288991445167,0.270622442820131,-0.653273343910698,-0.270575174830131
0.65328907747475,0.270622721264029,-0.653273250815369,-0.270574913391766
0.65328916077381,0.270623000549222,-0.653273160391798,-0.2705746512534
0.653289241333616,0.270623280678262,-0.653273072648413,-0.270574388413212
0.653289319145463,0.270623561653699,-0.653272987593619,-0.270574124869383
0.653289394200624,0.27062384347809,-0.653272905235838,-0.270573860620083
0.653289466490136,0.270624126154076,-0.653272825583732,-0.270573595663404
0.653289536004938,0.270624409684328,-0.65327274864606,-0.270573329997402
0.653289602735983,0.27062469407152,-0.653272674431568,-0.270573063620133
0.653289666674247,0.27062497931832,-0.653272602948976,-0.270572796529659
0.653289727810723,0.270625265427394,-0.653272534206989,-0.270572528724041
0.653289786136429,0.270625552401405,-0.653272468214288,-0.270572260201346
0.6532898416424,0.270625840243012,-0.653272404979535,-0.270571990959642
0.653289894319695,0.270626128954871,-0.653272344511372,-0.270571720997001
0.65328994415939,0.270626418539634,-0.653272286818417,-0.270571450311499
0.653289991152583,0.270626708999951,-0.653272231909272,-0.270571178901212
0.653290035290393,0.270627000338467,-0.653272179792517,-0.270570906764222
0.653290074120582,0.270627292626785,-0.65327213291976,-0.270570633830591
0.653290105181966,0.270627585936524,-0.653272093751558,-0.270570360030365
0.6532901284523,0.270627880270343,-0.653272062309856,-0.270570085361605
0.653290143909391,0.270628175630891,-0.653272038616549,-0.270569809822383
0.653290151531103,0.270628472020804,-0.653272022693476,-0.270569533410781
0.653290151295351,0.270628769442711,-0.653272014562422,-0.270569256124891
0.653290143180105,0.270629067899228,-0.653272014245117,-0.270568977962812
0.65329012716339,0.270629367392961,-0.653272021763239,-0.270568698922655
0.653290103223284,0.270629667926507,-0.653272037138408,-0.27056841900254
0.653290071337919,0.27062996950245,-0.653272060392194,-0.270568138200596
0.653290031485481,0.270630272123366,-0.653272091546111,-0.270567856514964
0.65328998364421,0.270630575791816,-0.653272130621618,-0.270567573943791
0.653289927792401,0.270630880510356,-0.653272177640121,-0.270567290485237
0.653289863908402,0.270631186281527,-0.653272232622972,-0.270567006137468
0.653289791970615,0.270631493107861,-0.653272295591467,-0.270566720898664
0.653289711957497,0.270631800991878,-0.65327236656685,-0.270566434767009
0.653289623847558,0.270632109936088,-0.65327244557031,-0.270566147740702
0.653289527619363,0.270632419942991,-0.653272532622981,-0.270565859817949
0.653289423251498,0.270632731015079,-0.653272627745977,-0.270565570996961
0.653289310722384,0.270633043154862,-0.653272730960574,-0.270565281275931
0.653289190010398,0.270633356364852,-0.653272842288098,-0.270564990653046
0.653289061093962,0.270633670647552,-0.653272961749823,-0.270564699126506
0.653288923951553,0.270633986005454,-0.653273089366971,-0.270564406694515
0.653288778561702,0.270634302441036,-0.653273225160712,-0.270564113355293
0.653288624902991,0.270634619956769,-0.65327336915216,-0.270563819107063
0.653288462367731,0.270634937125996,-0.653273521949266,-0.270563525376233
0.653288290345253,0.270635252517501,-0.653273684162963,-0.270563233593766
0.653288108809752,0.270635566126916,-0.653273855818758,-0.270562943764726
0.653287917735468,0.270635877949883,-0.653274036942117,-0.27056265589416
0.653287717096685,0.270636187982057,-0.653274227558462,-0.270562369987101
0.65328750686773,0.270636496219107,-0.653274427693169,-0.27056208604857
0.653287287022972,0.270636802656711,-0.653274637371573,-0.270561804083571
0.65328705753683,0.270637107290562,-0.653274856618961,-0.270561524097097
0.653286818383762,0.270637410116364,-0.653275085460576,-0.270561246094125
0.653286569538274,0.270637711129834,-0.653275323921618,-0.270560970079617
0.653286310974917,0.270638010326701,-0.653275572027239,-0.270560696058524
0.653286042668285,0.270638307702704,-0.653275829802548,-0.270560424035779
0.65328576459302,0.270638603253596,-0.653276097272608,-0.270560154016306
0.653285476723808,0.270638896975142,-0.653276374462433,-0.270559886005009
0.653285179035383,0.270639188863118,-0.653276661396997,-0.270559620006783
0.653284871502523,0.270639478913312,-0.653276958101222,-0.270559356026506
0.653284554100052,0.270639767121525,-0.653277264599986,-0.270559094069045
0.653284226802844,0.270640053483568,-0.653277580918121,-0.270558834139249
0.653283889585815,0.270640337995264,-0.653277907080412,-0.270558576241956
0.653283542423933,0.270640620652448,-0.653278243111595,-0.270558320381989
0.65328318529221,0.270640901450966,-0.65327858903636,-0.270558066564157
0.653282818165706,0.270641180386678,-0.65327894487935,-0.270557814793257
0.653282441019529,0.270641457455453,-0.653279310665159,-0.270557565074068
0.653282053828835,0.270641732653171,-0.653279686418334,-0.270557317411359
0.65328165656883,0.270642005975726,-0.653280072163373,-0.270557071809884
0.653281249534737,0.270642277830709,-0.653280467604217,-0.270556827863856
0.653280833022622,0.270642548626238,-0.653280872443972,-0.27055658516696
0.653280407009012,0.270642818358997,-0.653281286705813,-0.270556343723142
0.653279971470483,0.27064308702567,-0.653281710412873,-0.270556103536351
0.65327952638365,0.270643354622935,-0.653282143588239,-0.270555864610533
0.653279071725179,0.270643621147469,-0.653282586254956,-0.270555626949636
0.653278607471774,0.270643886595943,-0.653283038436022,-0.27055539055761
0.653278133600188,0.270644150965027,-0.653283500154395,-0.270555155438402
0.653277650087218,0.270644414251387,-0.653283971432982,-0.270554921595962
0.653277156909707,0.270644676451686,-0.653284452294649,-0.270554689034238
0.653276654044543,0.270644937562585,-0.653284942762214,-0.270554457757179
0.653276141468662,0.270645197580738,-0.653285442858452,-0.270554227768735
0.653275619159043,0.270645456502801,-0.65328595260609,-0.270553999072854
0.653275087092713,0.270645714325424,-0.653286472027809,-0.270553771673485
0.653274545246748,0.270645971045254,-0.653287001146243,-0.270553545574575
0.653273993598269,0.270646226658937,-0.653287539983982,-0.270553320780074
0.653273432124443,0.270646481163114,-0.653288088563565,-0.270553097293929
0.653272860802488,0.270646734554424,-0.653288646907487,-0.270552875120086
0.653272279609668,0.270646986829504,-0.653289215038193,-0.270552654262492
0.653271688523296,0.270647237984986,-0.65328979297808,-0.270552434725094
0.653271087520732,0.270647488017502,-0.653290380749501,-0.270552216511837
0.653270476579386,0.27064773692368,-0.653290978374756,-0.270551999626664
0.653269855676718,0.270647984700145,-0.653291585876098,-0.270551784073521
0.653269224790235,0.270648231343518,-0.65329220327573,-0.270551569856348
0.653268583897495,0.270648476850422,-0.653292830595808,-0.270551356979088
0.653267933726852,0.270648719280713,-0.653293467106963,-0.270551147384966
0.653267275008862,0.270648956689869,-0.653294112077641,-0.270550943021582
0.653266607724464,0.270649189067951,-0.653294765526638,-0.270550743899413
0.653265931854637,0.27064941640505,-0.653295427472714,-0.270550550028904
0.653265247380408,0.270649638691286,-0.653296097934579,-0.270550361420464
0.653264554282847,0.270649855916809,-0.653296776930902,-0.270550178084473
0.653263852543069,0.270650068071796,-0.653297464480306,-0.270550000031275
0.653263142142233,0.270650275146458,-0.653298160601372,-0.27054982727118
0.653262423061548,0.270650477131032,-0.653298865312634,-0.270549659814466
0.653261695282265,0.270650674015784,-0.653299578632582,-0.270549497671376
0.653260958785681,0.270650865791013,-0.653300300579659,-0.270549340852119
0.653260213553141,0.270651052447042,-0.653301031172263,-0.270549189366871
0.653259459566035,0.27065123397423,-0.653301770428747,-0.270549043225775
0.653258696805803,0.27065141036296,-0.653302518367418,-0.270548902438938
0.653257925253928,0.270651581603648,-0.653303275006535,-0.270548767016435
0.653257144891942,0.270651747686738,-0.653304040364312,-0.270548636968305
0.653256355701426,0.270651908602706,-0.653304814458914,-0.270548512304555
0.653255557664008,0.270652064342054,-0.653305597308462,-0.270548393035155
0.653254750761364,0.270652214895317,-0.653306388931025,-0.270548279170043
0.653253934975219,0.270652360253059,-0.653307189344628,-0.270548170719122
0.653253110287345,0.270652500405874,-0.653307998567248,-0.27054806769226
0.653252276679566,0.270652635344384,-0.65330881661681,-0.270547970099291
0.653251434133754,0.270652765059244,-0.653309643511194,-0.270547877950015
0.653250582631828,0.270652889541137,-0.653310479268232,-0.270547791254196
0.653249722155762,0.270653008780776,-0.653311323905702,-0.270547710021563
0.653248851433546,0.270653122582663,-0.653312178695998,-0.270547634446312
0.653247969190786,0.270653230749833,-0.653313044913886,-0.270547564724096
0.653247075405958,0.270653333270852,-0.653313922580623,-0.270547500866781
0.653246170057615,0.270653430134308,-0.653314811717388,-0.270547442886203
0.653245253124389,0.270653521328819,-0.653315712345289,-0.270547390794167
0.653244324584982,0.270653606843028,-0.653316624485354,-0.270547344602444
0.653243384418177,0.270653686665606,-0.653317548158537,-0.270547304322773
0.653242432602832,0.27065376078525,-0.653318483385717,-0.270547269966863
0.653241469117881,0.270653829190686,-0.653319430187693,-0.270547241546387
0.653240493942335,0.270653891870666,-0.653320388585192,-0.27054721907299
0.653239507055285,0.27065394881397,-0.653321358598861,-0.27054720255828
0.653238508435896,0.270654000009406,-0.653322340249271,-0.270547192013834
0.653237498063412,0.270654045445808,-0.653323333556914,-0.270547187451196
0.653236475917156,0.270654085112041,-0.653324338542208,-0.270547188881876
0.653235441976528,0.270654118996996,-0.653325355225488,-0.270547196317351
0.653234396221008,0.270654147089592,-0.653326383627015,-0.270547209769065
0.653233338630153,0.270654169378778,-0.65332742376697,-0.270547229248427
0.653232269183374,0.270654185853419,-0.653328475665683,-0.270547254766923
0.653231187859774,0.270654196502222,-0.653329539343788,-0.270547286336194
0.653230094638514,0.270654201313909,-0.653330614821866,-0.270547323967858
0.653228989498833,0.270654200277233,-0.65333170212042,-0.270547367673498
0.653227872420046,0.270654193380972,-0.653332801259874,-0.270547417464667
0.653226743381549,0.270654180613935,-0.653333912260573,-0.270547473352881
0.653225602362818,0.270654161964956,-0.653335035142786,-0.270547535349623
0.653224449343406,0.270654137422902,-0.653336169926699,-0.270547603466342
0.653223287494088,0.270654108849302,-0.653337313441288,-0.270547675842402
0.653222119990954,0.270654078109193,-0.653338462510257,-0.270547750613676
0.653220946821622,0.270654045196724,-0.653339617145791,-0.270547827786338
0.653219767973744,0.270654010106047,-0.653340777360042,-0.270547907366551
0.653218583435011,0.270653972831317,-0.65334194316513,-0.270547989360473
0.653217393193148,0.27065393336669,-0.653343114573139,-0.270548073774252
0.653216197235914,0.270653891706326,-0.653344291596121,-0.270548160614029
0.653214995551106,0.270653847844386,-0.653345474246095,-0.270548249885935
0.653213788126558,0.270653801775034,-0.653346662535043,-0.270548341596091
0.653212574950139,0.270653753492436,-0.653347856474911,-0.270548435750613
0.653211356009756,0.270653702990765,-0.653349056077615,-0.270548532355605
0.653210131293354,0.270653650264193,-0.653350261355031,-0.270548631417162
0.653208900788915,0.270653595306897,-0.653351472319002,-0.27054873294137
0.653207664484457,0.270653538113056,-0.653352688981334,-0.270548836934306
0.653206422368039,0.270653478676855,-0.653353911353798,-0.270548943402037
0.653205174427756,0.270653416992481,-0.653355139448126,-0.270549052350619
0.653203920651744,0.270653353054126,-0.653356373276018,-0.2705491637861
0.653202661028175,0.270653286855984,-0.653357612849133,-0.270549277714516
0.653201395545262,0.270653218392255,-0.653358858179094,-0.270549394141894
0.653200124191258,0.270653147657144,-0.653360109277488,-0.270549513074251
0.653198846954453,0.270653074644858,-0.653361366155863,-0.270549634517591
0.65319756382318,0.270652999349611,-0.653362628825729,-0.270549758477909
0.65319627478581,0.270652921765619,-0.653363897298558,-0.27054988496119
0.653194979830756,0.270652841887105,-0.653365171585785,-0.270550013973406
0.65319367894647,0.270652759708297,-0.653366451698804,-0.270550145520518
0.65319237156047,0.270652674531839,-0.653367738210843,-0.270550280297801
0.65319105710095,0.270652585660271,-0.653369031694445,-0.270550419000629
0.653189735557464,0.270652493087683,-0.653370332159897,-0.270550561635081
0.653188406919638,0.270652396808197,-0.653371639617412,-0.270550708207202
0.653187071177173,0.270652296815967,-0.653372954077132,-0.270550858722996
0.653185728319845,0.270652193105175,-0.653374275549127,-0.270551013188429
0.653184378337506,0.270652085670037,-0.653375604043392,-0.270551171609433
0.653183021220082,0.270651974504799,-0.65337693956985,-0.270551333991898
0.653181656957574,0.270651859603739,-0.653378282138351,-0.270551500341679
0.653180285540059,0.270651740961164,-0.653379631758671,-0.27055167066459
0.653178906957689,0.270651618571415,-0.653380988440514,-0.270551844966411
0.653177521200692,0.270651492428862,-0.653382352193509,-0.270552023252881
0.653176128259369,0.270651362527909,-0.653383723027212,-0.270552205529702
0.6531747281241,0.27065122886299,-0.653385100951107,-0.270552391802537
0.653173320785338,0.27065109142857,-0.653386485974603,-0.270552582077012
0.653171906233613,0.270650950219147,-0.653387878107035,-0.270552776358715
0.653170484459531,0.270650805229248,-0.653389277357664,-0.270552974653193
0.653169055453772,0.270650656453436,-0.65339068373568,-0.270553176965958
0.653167619207095,0.270650503886301,-0.653392097250194,-0.270553383302482
0.653166175710332,0.270650347522468,-0.653393517910248,-0.270553593668199
0.653164724954393,0.270650187356592,-0.653394945724807,-0.270553808068504
0.653163266930265,0.270650023383362,-0.653396380702763,-0.270554026508754
0.653161801629008,0.270649855597497,-0.653397822852932,-0.270554248994268
0.653160329041761,0.270649683993747,-0.653399272184056,-0.270554475530324
0.653158849159739,0.270649508566899,-0.653400728704805,-0.270554706122165
0.653157362240612,0.270649329165322,-0.653402192158024,-0.270554940920204
0.653155868542034,0.270649145636766,-0.65340366228658,-0.27055518007548
0.653154368055299,0.270648957975125,-0.653405139099067,-0.270555423594114
0.653152860771776,0.270648766174327,-0.653406622604012,-0.270555671482188
0.653151346682898,0.270648570228331,-0.653408112809875,-0.270555923745747
0.653149825780169,0.270648370131129,-0.653409609725049,-0.270556180390796
0.653148298055162,0.270648165876742,-0.653411113357861,-0.270556441423303
0.653146763499517,0.270647957459226,-0.65341262371657,-0.270556706849197
0.653145222104946,0.270647744872667,-0.65341414080937,-0.270556976674368
0.653143673863225,0.270647528111185,-0.653415664644385,-0.270557250904667
0.653142118766206,0.270647307168931,-0.653417195229673,-0.270557529545909
0.653140556805803,0.27064708204009,-0.653418732573226,-0.270557812603867
0.653138987974006,0.270646852718876,-0.653420276682966,-0.270558100084277
0.653137412262871,0.27064661919954,-0.65342182756675,-0.270558391992836
0.653135829664523,0.270646381476361,-0.653423385232364,-0.270558688335202
0.653134240171159,0.270646139543656,-0.65342494968753,-0.270558989116992
0.653132643775043,0.270645893395769,-0.653426520939899,-0.270559294343788
0.653131040468513,0.270645643027082,-0.653428098997055,-0.270559604021127
0.653129430243973,0.270645388432006,-0.653429683866516,-0.270559918154514
0.653127813093897,0.270645129604989,-0.653431275555729,-0.270560236749407
0.653126189010833,0.270644866540508,-0.653432874072073,-0.270560559811231
0.653124557987396,0.270644599233076,-0.65343447942286,-0.270560887345368
0.653122920016271,0.270644327677238,-0.653436091615333,-0.270561219357161
0.653121275090216,0.270644051867573,-0.653437710656665,-0.270561555851915
0.653119623202058,0.270643771798694,-0.653439336553963,-0.270561896834892
0.653117964388018,0.270643487564416,-0.653440969271067,-0.270562242211861
0.653116298684453,0.270643199258566,-0.653442608771687,-0.27056259188857
0.653114626084503,0.270642906875821,-0.653444255062623,-0.270562945870196
0.653112946581385,0.270642610410896,-0.653445908150601,-0.270563304161878
0.65311126016839,0.270642309858537,-0.653447568042275,-0.27056366676871
0.653109566838885,0.270642005213524,-0.653449234744224,-0.27056403369575
0.653107866586315,0.270641696470673,-0.653450908262951,-0.270564404948013
0.653106159404197,0.270641383624833,-0.65345258860489,-0.270564780530475
0.653104445286128,0.270641066670886,-0.653454275776396,-0.270565160448069
0.65310272422578,0.270640745603753,-0.653455969783751,-0.270565544705691
0.653100996216898,0.270640420418383,-0.653457670633165,-0.270565933308194
0.653099261253308,0.270640091109765,-0.653459378330771,-0.27056632626039
0.653097519328909,0.270639757672919,-0.65346109288263,-0.270566723567049
0.653095770437677,0.270639420102902,-0.653462814294726,-0.270567125232905
0.653094014573664,0.270639078394806,-0.653464542572971,-0.270567531262646
0.653092251730999,0.270638732543754,-0.653466277723202,-0.270567941660921
0.653090481903887,0.270638382544909,-0.653468019751179,-0.270568356432338
0.653088705086608,0.270638028393466,-0.653469768662593,-0.270568775581464
0.653086921273521,0.270637670084656,-0.653471524463053,-0.270569199112826
0.653085130459059,0.270637307613745,-0.6534732871581,-0.270569627030906
0.653083332637734,0.270636940976035,-0.653475056753197,-0.270570059340149
0.653081527804132,0.270636570166861,-0.653476833253731,-0.270570496044956
0.653079715952916,0.270636195181596,-0.653478616665019,-0.270570937149688
0.653077897078826,0.270635816015648,-0.653480406992298,-0.270571382658666
0.65307607117668,0.27063543266446,-0.653482204240733,-0.270571832576166
0.653074237844421,0.270635046978639,-0.653484008811301,-0.270572285052832
0.653072396680022,0.270634660810366,-0.653485821104945,-0.270572738237734
0.653070547678465,0.270634274157484,-0.653487641126667,-0.270573192132752
0.653068690834806,0.270633887017833,-0.653489468881392,-0.270573646739753
0.653066826144182,0.270633499389258,-0.653491304373966,-0.270574102060603
0.653064953601812,0.270633111269604,-0.653493147609158,-0.270574558097158
0.653063073202989,0.270632722656719,-0.653494998591661,-0.270575014851267
0.653061184943089,0.270632333548453,-0.653496857326088,-0.270575472324772
0.653059288817565,0.270631943942657,-0.653498723816977,-0.270575930519508
0.653057384821951,0.270631553837184,-0.653500598068784,-0.270576389437303
0.653055472951858,0.270631163229891,-0.653502480085893,-0.270576849079977
0.653053553202978,0.270630772118634,-0.653504369872605,-0.270577309449344
0.653051625571083,0.270630380501275,-0.653506267433146,-0.270577770547208
0.653049690052023,0.270629988375676,-0.653508172771664,-0.27057823237537
0.653047746641727,0.270629595739702,-0.653510085892226,-0.270578694935619
0.653045795336206,0.270629202591221,-0.653512006798825,-0.27057915822974
0.653043836131548,0.270628808928101,-0.653513935495373,-0.270579622259509
0.653041869023922,0.270628414748215,-0.653515871985705,-0.270580087026695
0.653039894009577,0.27062802004944,-0.653517816273577,-0.270580552533059
0.653037911084839,0.270627624829651,-0.653519768362668,-0.270581018780355
0.653035920246118,0.270627229086731,-0.653521728256578,-0.27058148577033
0.653033921489901,0.270626832818561,-0.653523695958827,-0.270581953504722
0.653031914812754,0.270626436023029,-0.653525671472859,-0.270582421985262
0.653029900211325,0.270626038698023,-0.653527654802038,-0.270582891213673
0.653027877682341,0.270625640841436,-0.65352964594965,-0.270583361191672
0.65302584898693,0.270625242242118,-0.653531643156212,-0.270583832129408
0.653023815887689,0.270624842690286,-0.653533644660797,-0.270584304235695
0.653021778383647,0.270624442185888,-0.653535650464434,-0.270584777510237
0.653019736473881,0.270624040728877,-0.653537660568109,-0.270585251952726
0.653017690157508,0.270623638319219,-0.653539674972765,-0.270585727562842
0.653015639433692,0.270623234956885,-0.653541693679301,-0.270586204340256
0.653013584301639,0.270622830641854,-0.653543716688574,-0.270586682284628
0.6530115247606,0.270622425374113,-0.653545744001397,-0.270587161395604
0.653009460809869,0.270622019153658,-0.65354777561854,-0.270587641672822
0.653007392448787,0.270621611980493,-0.653549811540731,-0.270588123115908
0.653005319676738,0.27062120385463,-0.653551851768653,-0.270588605724476
0.65300324249315,0.27062079477609,-0.653553896302946,-0.270589089498131
0.653001160897496,0.270620384744899,-0.653555945144207,-0.270589574436464
0.652999074889296,0.270619973761096,-0.653557998292988,-0.270590060539058
0.652996984468109,0.270619561824725,-0.653560055749797,-0.270590547805482
0.652994889633545,0.27061914893584,-0.653562117515102,-0.270591036235297
0.652992790385257,0.270618735094501,-0.653564183589322,-0.270591525828049
0.65299068672294,0.270618320300781,-0.653566253972834,-0.270592016583275
0.65298857864634,0.270617904554756,-0.653568328665972,-0.270592508500502
0.652986466155242,0.270617487856514,-0.653570407669025,-0.270593001579242
0.65298434924981,0.270617070206236,-0.653572490981905,-0.270593495818918
0.652982227931562,0.270616651604455,-0.653574578603165,-0.270593991218618
0.652980102202382,0.27061623205179,-0.653576670530992,-0.270594487777343
0.652977972064188,0.270615811548866,-0.653578766763533,-0.270594985494093
0.652975837518937,0.27061539009631,-0.653580867298904,-0.270595484367861
0.652973694895254,0.270614966511665,-0.653582975806433,-0.270595985577646
0.652971540517335,0.270614539610752,-0.653585095959806,-0.270596490304088
0.65296937438063,0.270614109391648,-0.653587227763533,-0.270596998548605
0.652967196480772,0.270613675852479,-0.653589371221943,-0.270597510312559
0.652965006813577,0.270613238991421,-0.653591526339183,-0.270598025597256
0.65296280537109,0.270612798805665,-0.653593693123193,-0.270598544404931
0.652960592142425,0.27061235529164,-0.653595871584855,-0.270599066738521
0.652958367116914,0.270611908445844,-0.653598061734844,-0.270599592600887
0.652956130284326,0.27061145826489,-0.653600263583403,-0.270600121994751
0.652953881634863,0.270611004745519,-0.653602477140341,-0.270600654922703
0.652951621159167,0.270610547884591,-0.653604702415036,-0.270601191387195
0.65294934884831,0.270610087679086,-0.653606939416439,-0.270601731390546
0.652947064693793,0.270609624126108,-0.653609188153073,-0.270602274934944
0.652944768687547,0.270609157222877,-0.65361144863304,-0.270602822022441
0.652942460821931,0.270608686966736,-0.653613720864014,-0.270603372654959
0.652940141089725,0.270608213355145,-0.653616004853254,-0.270603926834288
0.652937809484134,0.270607736385686,-0.653618300607597,-0.270604484562087
0.652935465998965,0.270607256056104,-0.653620608133281,-0.270605045839839
0.652933110629693,0.270606772364592,-0.653622927434874,-0.270605610668585
0.652930743372717,0.270606285309588,-0.65362525851602,-0.270606179049117
0.652928364224813,0.270605794889637,-0.653627601379992,-0.270606750982115
0.652925973183105,0.270605301103381,-0.653629956029713,-0.270607326468147
0.652923570245061,0.270604803949562,-0.653632322467769,-0.270607905507679
0.652921155408493,0.270604303427016,-0.6536347006964,-0.270608488101068
0.652918728671558,0.270603799534679,-0.653637090717506,-0.270609074248566
0.652916288115675,0.270603290154101,-0.653639494448763,-0.27060966606496
0.652913831817436,0.270602773166162,-0.653641913812627,-0.270610265665628
0.652911359768351,0.270602248569035,-0.653644348817578,-0.270610873051451
0.652908871960417,0.270601716361156,-0.653646799471613,-0.27061148822304
0.652906368386123,0.270601176541223,-0.653649265782239,-0.270612111180729
0.652903849038438,0.270600629108197,-0.653651747756481,-0.270612741924578
0.65290131391082,0.270600074061301,-0.653654245400883,-0.270613380454377
0.652898762997205,0.270599511400017,-0.653656758721511,-0.270614026769643
0.652896196291771,0.270598941124023,-0.653659287724187,-0.270614680869689
0.652893613788262,0.270598363233008,-0.653661832415179,-0.270615342753791
0.652891015480696,0.270597777726877,-0.653664392800477,-0.270616012421001
0.652888401363607,0.270597184605816,-0.653666968885563,-0.270616689870079
0.652885771432041,0.270596583870287,-0.653669560675407,-0.270617375099494
0.652883125681551,0.270595975521032,-0.65367216817447,-0.27061806810743
0.652880464108873,0.27059535955926,-0.653674791386033,-0.270618768891596
0.652877786713871,0.270594735987179,-0.653677430310247,-0.270619477448721
0.652875093497476,0.270594104807405,-0.653680084946187,-0.270620193775125
0.652872384461012,0.270593466022758,-0.653682755292544,-0.270620917866915
0.652869659606181,0.270592819636272,-0.653685441347623,-0.270621649719982
0.652866918935073,0.270592165651185,-0.653688143109347,-0.270622389330004
0.652864162450155,0.270591504070942,-0.653690860575261,-0.270623136692445
0.652861390154276,0.270590834899192,-0.653693593742526,-0.270623891802562
0.652858602050932,0.270590158139872,-0.65369634260766,-0.270624654655318
0.652855798145906,0.270589473797671,-0.653699107164885,-0.270625425244939
0.652852978446265,0.270588781877726,-0.653701887407137,-0.270626203565204
0.652850140994797,0.270588079943655,-0.65370468529023,-0.270626992048246
0.652847283835419,0.270587365560556,-0.653707502768778,-0.270627793124659
0.652844406977411,0.270586638736077,-0.6537103398334,-0.270628606785618
0.652841510430403,0.270585899478105,-0.653713196474366,-0.27062943302206
0.65283859420437,0.27058514779476,-0.653716072681596,-0.27063027182468
0.652835658309634,0.270584383694404,-0.65371896844466,-0.270631123183934
0.652832702756857,0.270583607185627,-0.653721883752783,-0.270631987090041
0.652829727557047,0.270582818277259,-0.653724818594847,-0.270632863532983
0.652826732721551,0.270582016978361,-0.653727772959387,-0.270633752502504
0.652823718262646,0.270581203298416,-0.653730746834006,-0.270634653987932
0.65282068419524,0.270580377247836,-0.653733740203668,-0.270635567977678
0.652817630535074,0.270579538837387,-0.653736753052501,-0.270636494459806
0.652814557298119,0.270578688077991,-0.653739785364395,-0.270637433422223
0.652811464500579,0.270577824980729,-0.65374283712301,-0.270638384852678
0.652808352158885,0.270576949556836,-0.653745908311767,-0.270639348738763
0.6528052202897,0.270576061817705,-0.653748998913858,-0.270640325067914
0.652802068909913,0.270575161774883,-0.653752108912243,-0.270641313827413
0.652798898036639,0.270574249440073,-0.653755238289651,-0.270642315004384
0.652795707687222,0.270573324825134,-0.65375838702858,-0.2706433285858
0.652792497879227,0.270572387942075,-0.653761555111302,-0.270644354558478
0.652789268630445,0.270571438803061,-0.65376474251986,-0.270645392909083
0.652786019958889,0.270570477420411,-0.65376794923607,-0.270646443624126
0.652782751882796,0.270569503806594,-0.653771175241523,-0.270647506689967
0.652779464420622,0.270568517974231,-0.653774420517584,-0.270648582092816
0.652776157591041,0.270567519936096,-0.653777685045398,-0.270649669818728
0.652772832626908,0.270566508993962,-0.653780967593869,-0.27065077056437
0.652769490760245,0.270565484449284,-0.653784266932752,-0.270651885026758
0.65276613200872,0.270564446314521,-0.653787583044226,-0.270653013192316
0.652762756390053,0.270563394602168,-0.653790915910409,-0.270654155047436
0.652759363922014,0.270562329324756,-0.653794265513366,-0.270655310578471
0.652755954622424,0.270561250494858,-0.653797631835105,-0.270656479771747
0.652752528509154,0.270560158125081,-0.653801014857582,-0.270657662613553
0.652749085600124,0.270559052228069,-0.653804414562696,-0.270658859090147
0.652745625913304,0.270557932816506,-0.653807830932293,-0.270660069187752
0.652742149466711,0.270556799903109,-0.653811263948164,-0.270661292892558
0.652738656278413,0.270555653500634,-0.653814713592048,-0.270662530190726
0.652735146366526,0.270554493621873,-0.653818179845629,-0.27066378106838
0.652731619749212,0.270553320279654,-0.65382166269054,-0.270665045511613
0.652728076444682,0.270552133486841,-0.653825162108361,-0.270666323506488
0.652724516471197,0.270550933256336,-0.653828678080619,-0.270667615039033
0.652720939847033,0.270549719601051,-0.653832210588818,-0.270668920095268
0.652717346590439,0.270548492533874,-0.653835759614486,-0.27067023866124
0.6527137367197,0.27054725206772,-0.653839325139111,-0.270671570722979
0.652710110253143,0.270545998215536,-0.653842907144132,-0.270672916266477
0.652706467209145,0.270544730990307,-0.653846505610935,-0.270674275277701
0.652702807606128,0.270543450405051,-0.653850120520859,-0.270675647742582
0.652699131462558,0.270542156472825,-0.653853751855188,-0.270677033647021
0.652695438796947,0.270540849206715,-0.653857399595162,-0.270678432976887
0.652691729627851,0.270539528619847,-0.653861063721968,-0.270679845718021
0.652688003973873,0.270538194725377,-0.653864744216744,-0.27068127185623
0.652684261372872,0.270536849321313,-0.65386844153978,-0.270682709595175
0.652680501365685,0.270535494200768,-0.65387215614838,-0.270684157143437
0.652676723975437,0.270534129369622,-0.653875888019156,-0.270685614494143
0.652672929225284,0.2705327548338,-0.653879637128681,-0.270687081640383
0.652669117138409,0.27053137059927,-0.653883403453498,-0.270688558575202
0.652665287738026,0.270529976672048,-0.653887186970113,-0.270690045291607
0.652661441047379,0.270528573058191,-0.653890987655004,-0.270691541782562
0.652657577089738,0.270527159763801,-0.653894805484613,-0.270693048040993
0.652653695888405,0.270525736795024,-0.653898640435351,-0.270694564059781
0.652649797466707,0.270524304158049,-0.653902492483595,-0.270696089831773
0.652645881848004,0.270522861859109,-0.653906361605692,-0.270697625349771
0.652641949055678,0.27052140990448,-0.653910247777957,-0.270699170606541
0.652637999113143,0.270519948300479,-0.653914150976673,-0.270700725594807
0.652634032043841,0.270518477053468,-0.653918071178093,-0.270702290307256
0.652630047871238,0.27051699616985,-0.653922008358437,-0.270703864736534
0.65262604661883,0.270515505656068,-0.653925962493896,-0.270705448875249
0.652622028310139,0.270514005518612,-0.65392993356063,-0.27070704271597
0.652617992968714,0.270512495764007,-0.653933921534769,-0.270708646251231
0.652613940618129,0.270510976398825,-0.653937926392414,-0.270710259473522
0.652609871281987,0.270509447429676,-0.653941948109633,-0.270711882375299
0.652605784983914,0.270507908863212,-0.653945986662468,-0.270713514948982
0.652601681747565,0.270506360706123,-0.653950042026931,-0.270715157186948
0.652597561596618,0.270504802965145,-0.653954114179003,-0.270716809081542
0.652593424554777,0.270503235647047,-0.65395820309464,-0.270718470625069
0.652589270645773,0.270501658758644,-0.653962308749765,-0.270720141809798
0.65258509927388,0.270500074298031,-0.653966431737596,-0.270721820640408
0.652580909844054,0.270498484261544,-0.65397057265066,-0.270723505123368
0.652576702381087,0.270496888653406,-0.653974731463806,-0.270725195253592
0.652572476909799,0.270495287477868,-0.653978908151852,-0.270726891025968
0.652568233455037,0.270493680739207,-0.653983102689586,-0.270728592435361
0.652563972041675,0.270492068441724,-0.653987315051763,-0.270730299476611
0.652559692694615,0.270490450589751,-0.653991545213111,-0.270732012144538
0.652555395438787,0.27048882718764,-0.653995793148325,-0.270733730433938
0.652551080299145,0.270487198239774,-0.654000058832074,-0.270735454339581
0.652546747300673,0.270485563750558,-0.654004342238994,-0.270737183856219
0.652542396468378,0.270483923724425,-0.654008643343692,-0.270738918978578
0.652538027827296,0.270482278165832,-0.654012962120748,-0.270740659701363
0.652533641402487,0.27048062707926,-0.654017298544713,-0.270742406019257
0.652529237219038,0.270478970469218,-0.654021652590107,-0.270744157926919
0.652524815302061,0.270477308340237,-0.654026024231426,-0.27074591541899
0.652520375676692,0.270475640696873,-0.654030413443133,-0.270747678490084
0.652515918368094,0.270473967543707,-0.654034820199667,-0.270749447134797
0.652511443401453,0.270472288885344,-0.654039244475438,-0.270751221347704
0.652506950801982,0.270470604726414,-0.654043686244829,-0.270753001123355
0.652502440594915,0.270468915071569,-0.654048145482197,-0.270754786456282
0.652497912805512,0.270467219925485,-0.65405262216187,-0.270756577340996
0.652493367459057,0.270465519292864,-0.654057116258153,-0.270758373771986
0.652488804580858,0.270463813178429,-0.65406162774532,-0.270760175743719
0.652484224196245,0.270462101586927,-0.654066156597622,-0.270761983250644
0.652479626330571,0.270460384523127,-0.654070702789286,-0.270763796287189
0.652475011928891,0.270458660635702,-0.654075265377568,-0.270765616201171
0.652470381933547,0.270456928578725,-0.654079843422458,-0.270767444335
0.652465736365861,0.270455188365088,-0.654084436902235,-0.27076928067498
0.652461075247186,0.27045344000769,-0.654089045795147,-0.270771125207409
0.652456398598902,0.270451683519433,-0.654093670079413,-0.270772977918586
0.652451706442415,0.270449918913228,-0.65409830973322,-0.270774838794806
0.652446998799162,0.270448146201988,-0.654102964734727,-0.270776707822359
0.652442275690604,0.270446365398633,-0.654107635062061,-0.270778584987536
0.652437537138231,0.270444576516088,-0.654112320693323,-0.270780470276623
0.652432783163558,0.270442779567282,-0.654117021606582,-0.270782363675906
0.652428013788128,0.270440974565149,-0.654121737779881,-0.270784265171666
0.65242322903351,0.270439161522631,-0.654126469191232,-0.270786174750184
0.652418428921298,0.270437340452672,-0.65413121581862,-0.270788092397737
0.652413613473113,0.27043551136822,-0.654135977640002,-0.270790018100602
0.652408782710599,0.270433674282231,-0.654140754633308,-0.270791951845051
0.65240393665543,0.270431829207662,-0.65414554677644,-0.270793893617357
0.6523990753293,0.270429976157478,-0.654150354047272,-0.270795843403788
0.65239419875393,0.270428115144646,-0.654155176423653,-0.270797801190614
0.652389306951065,0.270426246182139,-0.654160013883404,-0.2707997669641
0.652384399942476,0.270424369282933,-0.65416486640432,-0.27080174071051
0.652379477749955,0.270422484460009,-0.65416973396417,-0.270803722416106
0.65237454039532,0.270420591726353,-0.654174616540698,-0.270805712067149
0.652369587900411,0.270418691094953,-0.654179514111622,-0.270807709649898
0.652364620287093,0.270416782578803,-0.654184426654632,-0.270809715150612
0.652359637577253,0.2704148661909,-0.654189354147398,-0.270811728555546
0.652354641357816,0.270412942869152,-0.654194295006286,-0.270813748929016
0.652349633213705,0.270411013547835,-0.654199247649757,-0.27081577533901
0.652344613163835,0.270409078234517,-0.654204212058584,-0.270817807777281
0.652339581227137,0.270407136936778,-0.654209188213525,-0.270819846235572
0.652334537422558,0.270405189662214,-0.654214176095319,-0.270821890705612
0.652329481769062,0.270403236418435,-0.654219175684688,-0.270823941179119
0.652324414285628,0.270401277213065,-0.654224186962335,-0.270825997647801
0.652319334991251,0.270399312053739,-0.654229209908951,-0.270828060103354
0.65231424390494,0.270397340948111,-0.654234244505206,-0.270830128537462
0.652309141045722,0.270395363903845,-0.654239290731757,-0.270832202941799
0.652304026432636,0.270393380928618,-0.654244348569241,-0.270834283308026
0.652298900084737,0.270391392030123,-0.654249417998281,-0.270836369627797
0.652293762021095,0.270389397216065,-0.654254498999487,-0.270838461892751
0.652288612260794,0.27038739649416,-0.654259591553449,-0.270840560094518
0.652283450822931,0.270385389872142,-0.654264695640744,-0.270842664224718
0.652278277726618,0.270383377357752,-0.654269811241935,-0.270844774274961
0.652273092990982,0.270381358958749,-0.654274938337568,-0.270846890236845
0.65226789663516,0.270379334682901,-0.654280076908177,-0.270849012101958
0.652262688678304,0.270377304537991,-0.654285226934278,-0.270851139861879
0.652257469139582,0.270375268531812,-0.654290388396378,-0.270853273508176
0.65225223803817,0.270373226672172,-0.654295561274965,-0.270855413032407
0.652246995393259,0.270371178966889,-0.654300745550516,-0.270857558426121
0.652241741224053,0.270369125423794,-0.654305941203494,-0.270859709680857
0.652236475549767,0.270367066050731,-0.65431114821435,-0.270861866788143
0.652231198389629,0.270365000855553,-0.654316366563519,-0.2708640297395
0.652225908840831,0.270362931212813,-0.65432159715003,-0.270866197163474
0.652220606004271,0.270360858495506,-0.654326840869183,-0.270868367690191
0.652215289904746,0.270358782709167,-0.654332097695813,-0.270870541313527
0.652209960567053,0.270356703859334,-0.654337367604749,-0.270872718027353
0.652204618015992,0.270354621951552,-0.654342650570823,-0.270874897825541
0.652199262276359,0.270352536991371,-0.654347946568864,-0.270877080701956
0.652193893372955,0.270350448984345,-0.654353255573698,-0.270879266650464
0.652188511330579,0.270348357936031,-0.654358577560153,-0.270881455664925
0.652183116174028,0.270346263851996,-0.654363912503055,-0.270883647739199
0.652177707928103,0.270344166737806,-0.654369260377231,-0.270885842867142
0.652172286617603,0.270342066599035,-0.654374621157505,-0.270888041042608
0.652166852267325,0.27033996344126,-0.654379994818702,-0.270890242259448
0.652161404902067,0.270337857270065,-0.654385381335647,-0.270892446511512
0.652155944546626,0.270335748091033,-0.654390780683165,-0.270894653792647
0.652150471225798,0.270333635909757,-0.654396192836081,-0.270896864096697
0.652144984964377,0.270331520731831,-0.65440161776922,-0.270899077417505
0.652139485787158,0.270329402562853,-0.65440705545741,-0.270901293748912
0.652133973718932,0.270327281408428,-0.654412505875477,-0.270903513084758
0.65212844878449,0.270325157274159,-0.654417968998249,-0.270905735418877
0.652122911008622,0.27032303016566,-0.654423444800554,-0.270907960745106
0.652117360416115,0.270320900088543,-0.654428933257224,-0.270910189057279
0.652111797031753,0.270318767048427,-0.65443443434309,-0.270912420349226
0.65210622088032,0.270316631050933,-0.654439948032985,-0.270914654614778
0.652100631986597,0.270314492101686,-0.654445474301744,-0.270916891847764
0.652095030375363,0.270312350206314,-0.654451013124204,-0.270919132042011
0.652089414384183,0.27031020426863,-0.654456566157238,-0.270921376288438
0.652083782352721,0.270308053196105,-0.654462135055507,-0.270923625674264
0.652078134308899,0.270305896999852,-0.654467719790529,-0.270925880187768
0.652072470280644,0.270303735690981,-0.654473320333817,-0.270928139817235
0.652066790295882,0.270301569280598,-0.654478936656884,-0.270930404550959
0.652061094382545,0.270299397779802,-0.654484568731236,-0.270932674377238
0.652055382568568,0.270297221199686,-0.654490216528374,-0.270934949284378
0.652049654881884,0.270295039551341,-0.654495880019801,-0.270937229260692
0.652043911350433,0.270292852845851,-0.654501559177011,-0.270939514294501
0.652038152002155,0.270290661094296,-0.6545072539715,-0.270941804374131
0.652032376864992,0.270288464307748,-0.654512964374756,-0.270944099487914
0.652026585966888,0.270286262497278,-0.65451869035827,-0.270946399624193
0.652020779335787,0.270284055673948,-0.654524431893525,-0.270948704771315
0.652014956999636,0.270281843848816,-0.654530188952008,-0.270951014917635
0.652009118986384,0.270279627032934,-0.654535961505197,-0.270953330051514
0.652003265323979,0.270277405237351,-0.654541749524574,-0.270955650161322
0.65199739604037,0.270275178473106,-0.654547552981616,-0.270957975235435
0.651991511163508,0.270272946751237,-0.6545533718478,-0.270960305262238
0.651985610721343,0.270270710082774,-0.6545592060946,-0.27096264023012
0.651979694741827,0.27026846847874,-0.654565055693492,-0.270964980127481
0.651973763252912,0.270266221950156,-0.654570920615947,-0.270967324942726
0.651967816282547,0.270263970508034,-0.654576800833439,-0.270969674664268
0.651961853858686,0.270261714163382,-0.654582696317439,-0.270972029280528
0.651955876009277,0.270259452927201,-0.654588607039419,-0.270974388779935
0.651949882762272,0.270257186810487,-0.654594532970849,-0.270976753150923
0.651943873277652,0.270254914830679,-0.654600474948271,-0.270979123371327
0.651937846715224,0.270252636005858,-0.654606433808325,-0.270981500418293
0.651931803102686,0.270250350347986,-0.654612409522623,-0.270983884279228
0.651925742467743,0.270248057869019,-0.654618402062768,-0.270986274941543
0.651919664838109,0.270245758580919,-0.654624411400354,-0.270988672392651
0.651913570241504,0.270243452495646,-0.654630437506967,-0.270991076619961
0.651907458705658,0.270241139625159,-0.654636480354183,-0.27099348761089
0.651901330258306,0.27023881998142,-0.65464253991357,-0.270995905352849
0.651895184927191,0.270236493576389,-0.654648616156687,-0.270998329833257
0.651889022740064,0.27023416042203,-0.654654709055088,-0.271000761039529
0.651882843724681,0.270231820530301,-0.654660818580313,-0.271003198959084
0.651876647908806,0.270229473913164,-0.6546669447039,-0.271005643579342
0.651870435320209,0.270227120582582,-0.654673087397377,-0.271008094887724
0.651864205986666,0.270224760550514,-0.654679246632266,-0.271010552871654
0.651857959935958,0.270222393828922,-0.654685422380081,-0.271013017518555
0.651851697195874,0.270220020429766,-0.654691614612329,-0.271015488815854
0.651845417794208,0.270217640365006,-0.654697823300512,-0.27101796675098
0.651839121758757,0.270215253646603,-0.654704048416123,-0.271020451311362
0.651832809117326,0.270212860286514,-0.654710289930651,-0.271022942484432
0.651826479897724,0.270210460296699,-0.654716547815579,-0.271025440257624
0.651820134127764,0.270208053689116,-0.654722822042384,-0.271027944618374
0.651813771835265,0.270205640475723,-0.654729112582536,-0.27103045555412
0.651807393048051,0.270203220668474,-0.654735419407502,-0.271032973052302
0.651800997793948,0.270200794279327,-0.654741742488742,-0.271035497100363
0.651794586100787,0.270198361320235,-0.654748081797712,-0.271038027685748
0.651788157438424,0.27019591996578,-0.654754437862281,-0.271040566625217
0.651781711276905,0.270193468392963,-0.654760811210056,-0.271043115733049
0.651775247644346,0.270191006617371,-0.654767201812102,-0.271045674992969
0.651768766568874,0.270188534654594,-0.654773609639468,-0.271048244388695
0.651762268078624,0.270186052520228,-0.654780034663198,-0.271050823903943
0.651755752201736,0.270183560229877,-0.654786476854325,-0.271053413522425
0.651749218966359,0.270181057799145,-0.654792936183876,-0.271056013227848
0.651742668400648,0.270178545243644,-0.654799412622866,-0.271058623003918
0.651736100532766,0.27017602257899,-0.654805906142306,-0.271061242834336
0.651729515390881,0.270173489820803,-0.654812416713196,-0.2710638727028
0.651722913003167,0.270170946984709,-0.654818944306531,-0.271066512593005
0.651716293397806,0.270168394086335,-0.654825488893294,-0.271069162488642
0.651709656602986,0.270165831141316,-0.654832050444467,-0.2710718223734
0.651703002646898,0.270163258165289,-0.65483862893102,-0.271074492230965
0.651696331557741,0.270160675173897,-0.654845224323918,-0.27107717204502
0.651689643363717,0.270158082182784,-0.65485183659412,-0.271079861799244
0.651682938093038,0.270155479207601,-0.65485846571258,-0.271082561477317
0.651676215773914,0.270152866264,-0.654865111650241,-0.271085271062913
0.651669476434565,0.270150243367639,-0.654871774378046,-0.271087990539704
0.651662720103214,0.270147610534179,-0.654878453866928,-0.271090719891361
0.651655946808086,0.270144967779283,-0.654885150087817,-0.271093459101551
0.651649156577414,0.270142315118619,-0.654891863011636,-0.271096208153943
0.651642349439433,0.270139652567858,-0.654898592609306,-0.271098967032198
0.65163552542238,0.270136980142673,-0.654905338851739,-0.271101735719979
0.651628684554499,0.270134297858741,-0.654912101709846,-0.271104514200946
0.651621825414249,0.270131605543202,-0.654918882597332,-0.271107302645865
0.651614946582276,0.270128903021681,-0.654925682925614,-0.271110101226969
0.651608048090113,0.270126190307603,-0.654932502662161,-0.27111290993011
0.651601129969297,0.2701234674144,-0.654939341774431,-0.271115728741126
0.651594192251369,0.270120734355521,-0.654946200229878,-0.271118557645848
0.651587234967883,0.27011799114442,-0.654953077995943,-0.271121396630094
0.651580258150392,0.270115237794569,-0.654959975040064,-0.271124245679671
0.651573261830459,0.270112474319447,-0.654966891329671,-0.271127104780377
0.65156624603965,0.270109700732546,-0.654973826832186,-0.271129973918
0.651559210809538,0.270106917047368,-0.654980781515024,-0.271132853078316
0.651552156171699,0.270104123277427,-0.654987755345594,-0.271135742247094
0.651545082157717,0.270101319436248,-0.654994748291299,-0.271138641410088
0.651537988799179,0.270098505537365,-0.655001760319536,-0.271141550553049
0.651530876127674,0.270095681594326,-0.655008791397697,-0.271144469661712
0.651523744174798,0.270092847620685,-0.655015841493165,-0.271147398721806
0.651516592972152,0.270090003630008,-0.655022910573322,-0.271150337719049
0.651509422551339,0.270087149635874,-0.655029998605542,-0.271153286639151
0.651502232943964,0.270084285651868,-0.655037105557195,-0.271156245467813
0.651495024181638,0.270081411691588,-0.655044231395648,-0.271159214190725
0.651487796295974,0.27007852776864,-0.655051376088259,-0.271162192793569
0.651480549318589,0.27007563389664,-0.655058539602388,-0.27116518126202
0.651473283281101,0.270072730089214,-0.655065721905386,-0.271168179581741
0.651465998215132,0.270069816359998,-0.655072922964604,-0.27117118773839
0.651458694152306,0.270066892722636,-0.655080142747386,-0.271174205717613
0.651451371124246,0.270063959190782,-0.655087381221075,-0.271177233505051
0.651444029649613,0.270061015473499,-0.655094637868749,-0.271180271389549
0.651436670244724,0.270058061280257,-0.655101912175841,-0.271183319659548
0.651429292937708,0.270055096625332,-0.655109204113218,-0.271186378300069
0.651421897756698,0.270052121523012,-0.655116513651738,-0.271189447296119
0.651414484729838,0.270049135987595,-0.655123840762252,-0.271192526632701
0.651407053885277,0.270046140033387,-0.655131185415603,-0.271195616294807
0.651399605251171,0.270043133674704,-0.655138547582622,-0.27119871626742
0.651392138855683,0.270040116925874,-0.655145927234138,-0.271201826535516
0.651384654726985,0.270037089801231,-0.655153324340967,-0.271204947084062
0.651377152893251,0.270034052315119,-0.655160738873921,-0.271208077898015
0.651369633382665,0.270031004481893,-0.655168170803802,-0.271211218962328
0.651362096223416,0.270027946315914,-0.655175620101408,-0.271214370261943
0.651354541443696,0.270024877831555,-0.65518308673753,-0.271217531781794
0.651346969071707,0.270021799043194,-0.65519057068295,-0.271220703506808
0.651339379135653,0.270018709965221,-0.655198071908446,-0.271223885421905
0.651331771663745,0.270015610612032,-0.655205590384789,-0.271227077511997
0.651324146684196,0.270012500998035,-0.655213126082745,-0.271230279761988
0.651316504225228,0.27000938113764,-0.655220678973075,-0.271233492156777
0.651308844315064,0.270006251045271,-0.655228249026532,-0.271236714681252
0.651301166981932,0.270003110735358,-0.655235836213867,-0.271239947320299
0.651293472254065,0.269999960222337,-0.655243440505824,-0.271243190058791
0.6512857601597,0.269996799520654,-0.655251061873145,-0.271246442881601
0.651278030727075,0.269993628644763,-0.655258700286565,-0.27124970577359
0.651270283984435,0.269990447609123,-0.655266355716814,-0.271252978719615
0.651262519960026,0.269987256428202,-0.655274028134623,-0.271256261704527
0.651254737598964,0.269984053830573,-0.655281718588056,-0.271259555990936
0.651246935848798,0.269980838546827,-0.655289428122635,-0.271262862839373
0.651239114741431,0.269977610594471,-0.655297156705272,-0.271266182231556
0.651231274308764,0.26997436999102,-0.655304904302872,-0.271269514149193
0.651223414582699,0.269971116754001,-0.655312670882341,-0.271272858573985
0.65121553559514,0.269967850900948,-0.655320456410581,-0.271276215487622
0.65120763737799,0.269964572449406,-0.655328260854495,-0.271279584871787
0.651199719963153,0.269961281416929,-0.655336084180982,-0.271282966708156
0.651191783382533,0.269957977821079,-0.65534392635694,-0.271286360978395
0.651183827668034,0.269954661679427,-0.655351787349267,-0.271289767664162
0.65117585285156,0.269951333009554,-0.65535966712486,-0.271293186747107
0.651167858965012,0.269947991829048,-0.655367565650616,-0.271296618208874
0.651159846040293,0.269944638155507,-0.65537548289343,-0.271300062031098
0.651151814109304,0.269941272006536,-0.655383418820197,-0.271303518195407
0.651143763203945,0.269937893399749,-0.655391373397815,-0.271306986683419
0.651135693356113,0.269934502352767,-0.655399346593179,-0.27131046747675
0.651127604597705,0.26993109888322,-0.655407338373186,-0.271313960557004
0.651119496960616,0.269927683008746,-0.655415348704734,-0.271317465905781
0.65111137047674,0.26992425474699,-0.655423377554722,-0.271320983504674
0.651103225177966,0.269920814115605,-0.65543142489005,-0.271324513335267
0.651095061096182,0.26991736113225,-0.655439490677618,-0.27132805537914
0.651086878263275,0.269913895814593,-0.655447574884332,-0.271331609617865
0.651078676711126,0.269910418180308,-0.655455677477094,-0.271335176033009
0.651070456471615,0.269906928247078,-0.655463798422813,-0.271338754606133
0.651062217576619,0.269903426032589,-0.655471937688399,-0.27134234531879
0.651053959798796,0.269899912050043,-0.655480095498035,-0.27134594766013
0.651045682910225,0.269896386810545,-0.65548827207647,-0.271349561121399
0.65103738694191,0.269892850328658,-0.655496467391462,-0.271353185687282
0.651029071924858,0.269889302618955,-0.655504681410767,-0.271356821342455
0.651020737890074,0.269885743696021,-0.655512914102142,-0.271360468071581
0.651012384868566,0.269882173574451,-0.655521165433338,-0.271364125859316
0.65100401289134,0.269878592268849,-0.65552943537211,-0.271367794690304
0.650995621989404,0.269874999793833,-0.655537723886208,-0.271371474549182
0.650987212193764,0.269871396164028,-0.655546030943385,-0.271375165420574
0.650978783535427,0.269867781394071,-0.655554356511391,-0.271378867289098
0.650970336045398,0.269864155498609,-0.655562700557977,-0.271382580139359
0.650961869754684,0.269860518492297,-0.655571063050894,-0.271386303955958
0.650953384694286,0.269856870389802,-0.655579443957894,-0.271390038723481
0.65094488089521,0.2698532112058,-0.655587843246728,-0.271393784426509
0.650936358388456,0.269849540954977,-0.655596260885149,-0.271397541049613
0.650927817205023,0.269845859652026,-0.65560469684091,-0.271401308577357
0.65091925737591,0.269842167311652,-0.655613151081767,-0.271405086994294
0.650910678932112,0.269838463948568,-0.655621623575477,-0.27140887628497
0.650902081904624,0.269834749577496,-0.655630114289796,-0.271412676433923
0.650893466324436,0.269831024213167,-0.655638623192486,-0.271416487425683
0.650884832222537,0.26982728787032,-0.655647150251308,-0.271420309244771
0.650876179629913,0.269823540563703,-0.655655695434027,-0.271424141875701
0.650867508577545,0.269819782308074,-0.655664258708409,-0.27142798530298
0.650858819096415,0.269816013118197,-0.655672840042226,-0.271431839511106
0.650850111217498,0.269812233008846,-0.655681439403249,-0.27143570448457
0.650841386186409,0.269808443492744,-0.655690055552651,-0.271439578721192
0.650832645246395,0.269804646080462,-0.655698687254116,-0.271443460721024
0.650823888424872,0.269800840783557,-0.655707334479185,-0.271447350471904
0.650815115749253,0.269797027613588,-0.655715997199407,-0.271451247961668
0.650806327246943,0.269793206582119,-0.655724675386334,-0.271455153178145
0.650797522945344,0.269789377700715,-0.655733369011525,-0.271459066109164
0.650788702871854,0.269785540980948,-0.655742078046544,-0.271462986742553
0.650779867053864,0.269781696434391,-0.655750802462957,-0.271466915066135
0.65077101551876,0.26977784407262,-0.655759542232342,-0.271470851067733
0.650762148293924,0.269773983907216,-0.655768297326278,-0.271474794735165
0.650753265406729,0.269770115949762,-0.655777067716353,-0.271478746056249
0.650744366884545,0.269766240211843,-0.65578585337416,-0.271482705018801
0.650735452754734,0.269762356705047,-0.655794654271297,-0.271486671610634
0.650726523044653,0.269758465440968,-0.655803470379373,-0.27149064581956
0.650717577781651,0.269754566431198,-0.655812301670001,-0.27149462763339
0.650708616993072,0.269750659687334,-0.655821148114802,-0.271498617039931
0.650699640706252,0.269746745220975,-0.655830009685403,-0.271502614026992
0.650690648948519,0.269742823043724,-0.65583888635344,-0.271506618582378
0.650681641747198,0.269738893167183,-0.655847778090556,-0.271510630693892
0.650672619129601,0.269734955602958,-0.655856684868403,-0.27151465034934
0.650663581123036,0.269731010362657,-0.655865606658639,-0.271518677536522
0.650654527754801,0.269727057457891,-0.655874543432933,-0.27152271224324
0.650645459052191,0.26972309690027,-0.65588349516296,-0.271526754457295
0.650636375042485,0.269719128701408,-0.655892461820404,-0.271530804166485
0.650627275752961,0.26971515287292,-0.655901443376958,-0.27153486135861
0.650618160525597,0.269711168410707,-0.655910440484664,-0.271538927028951
0.6506090287047,0.269707174313812,-0.655919453793151,-0.271543002169602
0.650599880321021,0.269703170598569,-0.655928483270519,-0.271547086763583
0.650590715405298,0.269699157281308,-0.65593752888488,-0.271551180793921
0.650581533988256,0.269695134378355,-0.655946590604359,-0.271555284243644
0.650572336100608,0.269691101906034,-0.655955668397095,-0.271559397095787
0.650563121773051,0.269687059880665,-0.655964762231241,-0.271563519333387
0.650553891036272,0.269683008318565,-0.655973872074966,-0.271567650939488
0.65054464392094,0.269678947236046,-0.65598299789645,-0.271571791897136
0.650535380457713,0.26967487664942,-0.65599213966389,-0.271575942189382
0.650526100677234,0.269670796574991,-0.656001297345496,-0.271580101799284
0.650516804610132,0.269666707029064,-0.656010470909494,-0.271584270709902
0.650507492287021,0.269662608027935,-0.656019660324124,-0.271588448904303
0.650498163738501,0.2696584995879,-0.656028865557642,-0.271592636365557
0.650488818995157,0.26965438172525,-0.65603808657832,-0.271596833076742
0.65047945808756,0.269650254456271,-0.656047323354443,-0.271601039020939
0.650470081046264,0.269646117797245,-0.656056575854315,-0.271605254181235
0.650460687901808,0.26964197176445,-0.656065844046254,-0.271609478540721
0.650451278684718,0.26963781637416,-0.656075127898594,-0.271613712082496
0.650441853425503,0.269633651642645,-0.656084427379686,-0.271617954789664
0.650432412154655,0.269629477586168,-0.656093742457896,-0.271622206645333
0.650422954902651,0.269625294220989,-0.656103073101609,-0.271626467632618
0.650413481699954,0.269621101563364,-0.656112419279224,-0.27163073773464
0.650403992577009,0.269616899629543,-0.656121780959159,-0.271635016934525
0.650394487564243,0.269612688435771,-0.656131158109849,-0.271639305215407
0.650384966564544,0.269608467884366,-0.656140550826212,-0.27164360267335
0.650375429480401,0.26960423787692,-0.656149959203544,-0.271647909405126
0.650365876341629,0.269599998428589,-0.656159383210869,-0.271652225394939
0.650356307178022,0.269595749554525,-0.656168822817226,-0.271656550626992
0.650346722019365,0.269591491269881,-0.65617827799167,-0.271660885085496
0.650337120895426,0.269587223589807,-0.65618774870327,-0.27166522875466
0.65032750383596,0.269582946529451,-0.65619723492111,-0.271669581618697
0.650317870870705,0.269578660103961,-0.656206736614292,-0.271673943661823
0.650308222029386,0.269574364328481,-0.65621625375193,-0.271678314868258
0.650298557341712,0.269570059218154,-0.656225786303158,-0.271682695222224
0.650288876837375,0.269565744788122,-0.656235334237123,-0.271687084707945
0.650279180546055,0.269561421053523,-0.656244897522989,-0.27169148330965
0.650269468497414,0.269557088029493,-0.656254476129938,-0.271695891011571
0.650259740721097,0.269552745731167,-0.656264070027167,-0.271700307797944
0.650249997246738,0.269548394173676,-0.65627367918389,-0.271704733653006
0.650240238103948,0.269544033372149,-0.656283303569338,-0.271709168561
0.650230463322327,0.269539663341713,-0.656292943152761,-0.271713612506174
0.650220672931457,0.269535284097491,-0.656302597903421,-0.271718065472775
0.650210866960904,0.269530895654605,-0.656312267790605,-0.271722527445058
0.650201045440215,0.269526498028171,-0.65632195278361,-0.271726998407281
0.650191208398923,0.269522091233306,-0.656331652851756,-0.271731478343707
0.650181355866541,0.26951767528512,-0.65634136796438,-0.271735967238601
0.650171487872568,0.269513250198722,-0.656351098090835,-0.271740465076233
0.650161604446484,0.269508815989217,-0.656360843200495,-0.271744971840878
0.650151705617751,0.269504372671707,-0.656370603262749,-0.271749487516817
0.650141790551948,0.269499920449741,-0.656380379102733,-0.271754011901284
0.650131858416031,0.269495459526454,-0.656390171544125,-0.271758544791911
0.65012190924151,0.269490989916327,-0.656399980554163,-0.271763086173576
0.650111943059874,0.269486511633835,-0.656409806100102,-0.271767636031165
0.6501019599026,0.26948202469345,-0.656419648149215,-0.271772194349565
0.650091959801144,0.269477529109641,-0.656429506668792,-0.27177676111367
0.650081942786948,0.269473024896872,-0.65643938162614,-0.27178133630838
0.650071908891434,0.269468512069603,-0.656449272988586,-0.271785919918596
0.65006185814601,0.26946399064229,-0.656459180723475,-0.27179051192923
0.650051790582064,0.269459460629384,-0.656469104798169,-0.271795112325194
0.650041706230967,0.269454922045333,-0.65647904518005,-0.271799721091408
0.650031605124073,0.26945037490458,-0.656489001836517,-0.271804338212797
0.650021487292717,0.269445819221562,-0.65649897473499,-0.271808963674291
0.650011352768217,0.269441255010715,-0.656508963842908,-0.271813597460826
0.650001201581872,0.269436682286466,-0.656518969127726,-0.271818239557343
0.649991033764962,0.26943210106324,-0.656528990556923,-0.27182288994879
0.64998084934875,0.269427511355456,-0.656539028097995,-0.271827548620119
0.649970648364479,0.269422913177529,-0.656549081718457,-0.271832215556291
0.649960430843375,0.269418306543868,-0.656559151385847,-0.27183689074227
0.649950196816642,0.269413691468878,-0.656569237067721,-0.271841574163028
0.649939946315467,0.269409067966956,-0.656579338731653,-0.271846265803541
0.649929679371017,0.269404436052497,-0.656589456345242,-0.271850965648795
0.64991939601444,0.26939979573989,-0.656599589876106,-0.271855673683777
0.649909096276863,0.269395147043517,-0.656609739291883,-0.271860389893487
0.649898780189396,0.269390489977755,-0.656619904560231,-0.271865114262926
0.649888447031692,0.269385824151888,-0.656630086392798,-0.271869847177893
0.649878096084018,0.269381149176093,-0.656640285500527,-0.271874589023257
0.649867727378375,0.26937646506608,-0.656650501850052,-0.271879339782641
0.649857340946745,0.26937177183755,-0.656660735408021,-0.271884099439673
0.649846936821094,0.2693670695062,-0.656670986141105,-0.271888867977988
0.649836515033372,0.269362358087721,-0.656681254015988,-0.27189364538123
0.649826075615509,0.269357637597798,-0.656691538999376,-0.271898431633049
0.649815618599421,0.269352908052107,-0.65670184105799,-0.2719032267171
0.649805144017003,0.269348169466321,-0.656712160158574,-0.271908030617051
0.649794651900136,0.269343421856104,-0.656722496267886,-0.271912843316571
0.64978414228068,0.269338665237115,-0.656732849352705,-0.271917664799343
0.649773615190478,0.269333899625004,-0.65674321937983,-0.271922495049052
0.649763070661355,0.269329125035417,-0.656753606316077,-0.271927334049394
0.649752508725117,0.269324341483991,-0.656764010128284,-0.271932181784073
0.649741929413553,0.269319548986357,-0.656774430783307,-0.271937038236799
0.649731332758431,0.269314747558139,-0.656784868248021,-0.271941903391292
0.649720718791502,0.269309937214953,-0.656795322489323,-0.271946777231278
0.649710087544496,0.269305117972409,-0.656805793474129,-0.271951659740495
0.649699439049127,0.269300289846109,-0.656816281169375,-0.271956550902684
0.649688773337088,0.269295452851647,-0.656826785542017,-0.271961450701598
0.649678090440051,0.26929060700461,-0.656837306559034,-0.271966359120998
0.64966739038967,0.269285752320579,-0.656847844187423,-0.271971276144654
0.649656673217579,0.269280888815126,-0.656858398394203,-0.271976201756342
0.649645938955393,0.269276016503813,-0.656868969146415,-0.271981135939849
0.649635187634705,0.269271135402198,-0.65687955641112,-0.271986078678971
0.649624421307128,0.269266244653996,-0.656890158157715,-0.271991030820587
0.649613642020176,0.269261343404058,-0.65690077235986,-0.27199599321046
0.649602849799262,0.269256431669637,-0.656911398991041,-0.272000965830722
0.649592044669779,0.26925150946798,-0.656922038024767,-0.272005948663512
0.649581226657099,0.269246576816328,-0.656932689434569,-0.272010941690976
0.649570395786573,0.269241633731918,-0.656943353194,-0.272015944895268
0.649559552083531,0.269236680231979,-0.656954029276636,-0.272020958258547
0.649548695573281,0.269231716333735,-0.656964717656075,-0.27202598176298
0.649537826281111,0.269226742054407,-0.656975418305937,-0.272031015390741
0.649526944232286,0.269221757411206,-0.656986131199866,-0.272036059124013
0.649516049452049,0.269216762421338,-0.656996856311528,-0.272041112944982
0.649505141965623,0.269211757102005,-0.657007593614613,-0.272046176835847
0.649494221798209,0.269206741470401,-0.657018343082834,-0.272051250778811
0.649483288974983,0.269201715543713,-0.657029104689925,-0.272056334756085
0.649472343521103,0.269196679339124,-0.657039878409648,-0.272061428749889
0.649461385461702,0.269191632873808,-0.657050664215783,-0.272066532742448
0.649450414821891,0.269186576164934,-0.657061462082139,-0.272071646716
0.649439431626759,0.269181509229663,-0.657072271982545,-0.272076770652786
0.649428435901373,0.26917643208515,-0.657083093890856,-0.272081904535058
0.649417427670776,0.269171344748544,-0.657093927780951,-0.272087048345076
0.64940640695999,0.269166247236985,-0.65710477362673,-0.272092202065106
0.649395373794011,0.269161139567608,-0.657115631402122,-0.272097365677424
0.649384328197815,0.269156021757539,-0.657126501081078,-0.272102539164317
0.649373270196353,0.269150893823898,-0.657137382637572,-0.272107722508076
0.649362199814554,0.269145755783797,-0.657148276045607,-0.272112915691003
0.649351116100114,0.269140609054865,-0.657159182244451,-0.272118117311062
0.649340018104202,0.269135455051661,-0.657170102169882,-0.272123325969305
0.64932890585691,0.269130293786682,-0.657181035790708,-0.272128541652682
0.649317779388301,0.269125125272419,-0.657191983075765,-0.272133764348151
0.64930663872841,0.269119949521356,-0.657202943993921,-0.272138994042677
0.649295483907243,0.269114766545968,-0.657213918514076,-0.272144230723236
0.649284314954776,0.269109576358726,-0.65722490660516,-0.27214947437681
0.649273131900956,0.269104378972089,-0.657235908236133,-0.27215472499039
0.649261934775701,0.269099174398513,-0.65724692337599,-0.272159982550978
0.649250723608897,0.269093962650443,-0.657257951993754,-0.27216524704558
0.649239498430405,0.269088743740318,-0.65726899405848,-0.272170518461216
0.64922825927005,0.26908351768057,-0.657280049539259,-0.27217579678491
0.649217006157633,0.269078284483621,-0.657291118405206,-0.272181082003699
0.649205739122921,0.269073044161887,-0.657302200625476,-0.272186374104625
0.649194458195653,0.269067796727775,-0.657313296169251,-0.272191673074743
0.649183163405536,0.269062542193686,-0.657324405005747,-0.272196978901114
0.649171854782247,0.26905728057201,-0.657335527104212,-0.272202291570809
0.649160532355435,0.26905201187513,-0.657346662433926,-0.27220761107091
0.649149196154715,0.269046736115423,-0.657357810964202,-0.272212937388505
0.649137846209672,0.269041453305255,-0.657368972664387,-0.272218270510694
0.649126482549862,0.269036163456984,-0.657380147503858,-0.272223610424586
0.649115105204808,0.269030866582961,-0.657391335452027,-0.272228957117299
0.649103714204005,0.269025562695528,-0.657402536478338,-0.27223431057596
0.649092309576912,0.269020251807018,-0.657413750552268,-0.272239670787706
0.649080891352961,0.269014933929755,-0.65742497764333,-0.272245037739685
0.649069458921729,0.26900960844909,-0.657436218353019,-0.272250412037893
0.649058011672918,0.26900427475256,-0.657447473282607,-0.272255794286114
0.649046549636107,0.268998932855751,-0.657458742401309,-0.27226118446819
0.649035072840842,0.268993582774237,-0.657470025678371,-0.272266582567977
0.649023581316646,0.26898822452358,-0.657481323083068,-0.272271988569346
0.649012075093011,0.268982858119331,-0.657492634584704,-0.272277402456179
0.649000554199405,0.268977483577028,-0.657503960152613,-0.272282824212373
0.648989018665265,0.268972100912195,-0.65751529975616,-0.272288253821836
0.64897746852,0.268966710140347,-0.657526653364735,-0.272293691268493
0.648965903792993,0.268961311276985,-0.657538020947766,-0.272299136536281
0.648954324513598,0.268955904337597,-0.657549402474702,-0.272304589609149
0.648942730711139,0.268950489337658,-0.65756079791503,-0.272310050471063
0.648931122414914,0.268945066292633,-0.657572207238263,-0.272315519105999
0.648919499654191,0.268939635217972,-0.657583630413944,-0.272320995497951
0.64890786245821,0.268934196129113,-0.65759506741165,-0.272326479630923
0.648896210856181,0.268928749041481,-0.657606518200986,-0.272331971488937
0.648884544877287,0.268923293970488,-0.657617982751588,-0.272337471056024
0.648872864550679,0.268917830931534,-0.657629461033125,-0.272342978316234
0.648861169905483,0.268912359940005,-0.657640953015293,-0.272348493253628
0.648849460970793,0.268906881011274,-0.657652458667824,-0.272354015852284
0.648837737775673,0.268901394160703,-0.657663977960477,-0.272359546096291
0.648826000349161,0.268895899403637,-0.657675510863046,-0.272365083969755
0.648814248720261,0.268890396755411,-0.657687057345353,-0.272370629456796
0.64880248291795,0.268884886231345,-0.657698617377255,-0.272376182541546
0.648790702971177,0.268879367846746,-0.657710190928639,-0.272381743208156
0.648778908240058,0.268873841284156,-0.657721778629279,-0.272387311768883
0.648767098085286,0.268868306226129,-0.65773338110829,-0.272392888535927
0.648755272536619,0.268862762687978,-0.657744998334617,-0.272398473493375
0.648743431623789,0.268857210685002,-0.65775663027723,-0.272404066625323
0.648731575376502,0.268851650232491,-0.657768276905133,-0.272409667915884
0.648719703824431,0.26884608134572,-0.657779938187357,-0.272415277349177
0.648707816997226,0.268840504039956,-0.657791614092966,-0.272420894909341
0.648695914924505,0.268834918330452,-0.657803304591051,-0.272426520580524
0.648683997635861,0.26882932423245,-0.657815009650736,-0.272432154346887
0.648672065160854,0.268823721761179,-0.657826729241172,-0.272437796192604
0.648660117529021,0.268818110931858,-0.657838463331543,-0.272443446101864
0.648648154769865,0.268812491759693,-0.657850211891063,-0.272449104058867
0.648636176912862,0.268806864259878,-0.657861974888976,-0.272454770047826
0.648624183987462,0.268801228447595,-0.657873752294558,-0.272460444052969
0.648612176023082,0.268795584338013,-0.657885544077115,-0.272466126058536
0.648600153049112,0.26878993194629,-0.657897350205985,-0.272471816048781
0.64858811509491,0.268784271287572,-0.657909170650536,-0.272477514007972
0.648576062189808,0.26877860237699,-0.657921005380168,-0.272483219920389
0.648563994363108,0.268772925229666,-0.657932854364312,-0.272488933770325
0.648551911644079,0.268767239860707,-0.65794471757243,-0.272494655542091
0.648539814061965,0.268761546285209,-0.657956594974018,-0.272500385220005
0.648527701645977,0.268755844518254,-0.657968486538601,-0.272506122788405
0.648515574425296,0.268750134574913,-0.657980392235738,-0.27251186823164
0.648503432429027,0.268744416470214,-0.657992312035066,-0.272517621534099
0.648491275686105,0.268738690219101,-0.658004245906391,-0.272523382680262
0.648479103677592,0.26873295610207,-0.658016194359435,-0.272529151392792
0.648466915885116,0.268727214398998,-0.658028157903307,-0.27253492739497
0.648454712338339,0.268721465123828,-0.658040136507011,-0.27254071067226
0.648442493066745,0.268715708290423,-0.658052130139728,-0.272546501210209
0.648430258099779,0.268709943912624,-0.658064138770685,-0.272552298994386
0.648418007466854,0.268704172004262,-0.658076162369137,-0.27255810401037
0.648405741197359,0.268698392579155,-0.658088200904368,-0.272563916243758
0.648393459320654,0.268692605651107,-0.658100254345692,-0.272569735680155
0.64838116186607,0.268686811233911,-0.658112322662454,-0.272575562305185
0.648368848862912,0.268681009341348,-0.658124405824028,-0.27258139610448
0.648356520340455,0.268675199987186,-0.658136503799817,-0.272587237063691
0.648344176327947,0.268669383185178,-0.658148616559256,-0.272593085168479
0.648331816854607,0.268663558949069,-0.65816074407181,-0.272598940404519
0.648319441949625,0.268657727292587,-0.658172886306973,-0.272604802757502
0.648307051642166,0.268651888229449,-0.658185043234272,-0.27261067221313
0.64829464596136,0.268646041773359,-0.658197214823261,-0.272616548757121
0.648282224936313,0.268640187938008,-0.658209401043529,-0.272622432375207
0.648269788596101,0.268634326737074,-0.658221601864693,-0.272628323053132
0.648257336969771,0.268628458184223,-0.658233817256401,-0.272634220776655
0.64824487008634,0.268622582293106,-0.658246047188335,-0.272640125531551
0.648232387974797,0.268616699077362,-0.658258291630204,-0.272646037303606
0.6482198906641,0.268610808550618,-0.658270550551752,-0.272651956078623
0.648207378183178,0.268604910726484,-0.658282823922753,-0.272657881842417
0.648194850560934,0.26859900561856,-0.658295111713011,-0.272663814580819
0.648182307826236,0.268593093240433,-0.658307413892365,-0.272669754279674
0.648169749852811,0.268587174913932,-0.658319730583208,-0.272675699636674
0.648157176514323,0.268581251958935,-0.658332061908037,-0.27268164935152
0.648144587839499,0.26857532438608,-0.65834440783689,-0.272687603413087
0.648131983857038,0.268569392205989,-0.658356768339838,-0.272693561810268
0.648119364595613,0.268563455429267,-0.65836914338698,-0.272699524531975
0.648106730083866,0.268557514066504,-0.658381532948446,-0.272705491567135
0.64809408035041,0.268551568128273,-0.658393936994399,-0.272711462904691
0.64808141542383,0.268545617625132,-0.658406355495032,-0.272717438533605
0.648068735332682,0.26853966256762,-0.658418788420568,-0.272723418442856
0.648056040105492,0.268533702966263,-0.658431235741264,-0.272729402621439
0.648043329770758,0.268527738831569,-0.658443697427406,-0.272735391058367
0.648030604356946,0.268521770174029,-0.658456173449312,-0.27274138374267
0.648017863892496,0.268515797004119,-0.658468663777333,-0.272747380663395
0.648005108405816,0.268509819332298,-0.65848116838185,-0.272753381809606
0.647992337925286,0.268503837169009,-0.658493687233277,-0.272759387170384
0.647979552479255,0.268497850524677,-0.65850622030206,-0.272765396734828
0.647966752096041,0.268491859409714,-0.658518767558676,-0.272771410492055
0.647953936803935,0.268485863834511,-0.658531328973635,-0.272777428431198
0.647941106631196,0.268479863809446,-0.658543904517479,-0.272783450541407
0.647928261606052,0.268473859344877,-0.658556494160784,-0.272789476811852
0.647915401756703,0.26846785045115,-0.658569097874156,-0.272795507231717
0.647902527111317,0.268461837138591,-0.658581715628234,-0.272801541790206
0.647889637698032,0.268455819417509,-0.658594347393692,-0.27280758047654
0.647876733544955,0.268449797298199,-0.658606993141234,-0.272813623279956
0.647863814680162,0.268443770790937,-0.658619652841599,-0.272819670189711
0.647850880862267,0.268437739424172,-0.658632326730634,-0.27282572166901
0.647837931850183,0.268431702728184,-0.658645015043836,-0.272831778179213
0.647824967672393,0.268425660715972,-0.65865771775146,-0.272837839706839
0.647811988357351,0.268419613400515,-0.658670434823798,-0.272843906238425
0.647798993933479,0.268413560794772,-0.658683166231172,-0.272849977760531
0.647785984429169,0.268407502911683,-0.658695911943937,-0.272856054259735
0.647772959872784,0.268401439764168,-0.658708671932482,-0.272862135722639
0.647759920292655,0.268395371365128,-0.658721446167226,-0.272868222135862
0.647746865717082,0.268389297727442,-0.658734234618625,-0.272874313486046
0.647733796174335,0.268383218863972,-0.658747037257165,-0.272880409759853
0.647720711692653,0.268377134787558,-0.658759854053366,-0.272886510943967
0.647707612300244,0.268371045511023,-0.658772684977782,-0.272892617025089
0.647694498025284,0.268364951047168,-0.658785530000998,-0.272898727989946
0.647681368895919,0.268358851408773,-0.658798389093636,-0.272904843825283
0.647668224940265,0.268352746608602,-0.658811262226348,-0.272910964517866
0.647655066186402,0.268346636659396,-0.658824149369823,-0.272917090054481
0.647641892662384,0.268340521573877,-0.658837050494782,-0.272923220421937
0.647628704396229,0.268334401364747,-0.658849965571979,-0.272929355607064
0.647615501415927,0.268328276044686,-0.658862894572203,-0.272935495596709
0.647602283749433,0.26832214562636,-0.658875837466278,-0.272941640377747
0.647589051424672,0.268316010122408,-0.658888794225062,-0.272947789937067
0.647575804469538,0.268309869545452,-0.658901764819445,-0.272953944261583
0.647562542911889,0.268303723908095,-0.658914749220353,-0.272960103338229
0.647549266779555,0.268297573222917,-0.658927747398746,-0.272966267153961
0.647535976100333,0.268291417502481,-0.658940759325621,-0.272972435695756
0.647522672053731,0.268285256671803,-0.658953783840212,-0.272978609036692
0.647509355817106,0.268279090655649,-0.658966819784042,-0.272984787250135
0.647496027414967,0.268272919466176,-0.658979867131582,-0.272990970323513
0.647482686871796,0.268266743115521,-0.658992925857341,-0.272997158244278
0.647469334212039,0.268260561615803,-0.659005995935864,-0.273003350999898
0.647455969460109,0.268254374979123,-0.659019077341727,-0.273009548577864
0.647442592640386,0.268248183217561,-0.659032170049547,-0.273015750965686
0.647429203777216,0.26824198634318,-0.659045274033976,-0.273021958150893
0.647415802894911,0.268235784368023,-0.659058389269697,-0.273028170121037
0.64740239001775,0.268229577304115,-0.659071515731436,-0.273034386863685
0.647388965169979,0.26822336516346,-0.659084653393949,-0.27304060836643
0.647375528375811,0.268217147958045,-0.659097802232031,-0.273046834616881
0.647362079659421,0.268210925699838,-0.659110962220513,-0.273053065602668
0.647348619044954,0.268204698400786,-0.659124133334262,-0.273059301311442
0.64733514655652,0.268198466072818,-0.65913731554818,-0.273065541730873
0.647321662218194,0.268192228727846,-0.659150508837207,-0.273071786848653
0.647308166054019,0.268185986377759,-0.659163713176318,-0.273078036652492
0.647294658088002,0.268179739034429,-0.659176928540526,-0.273084291130121
0.647281138344115,0.268173486709709,-0.659190154904879,-0.273090550269293
0.647267606846299,0.268167229415432,-0.659203392244463,-0.27309681405778
0.647254063618457,0.268160967163412,-0.659216640534398,-0.273103082483372
0.64724050868446,0.268154699965443,-0.659229899749845,-0.273109355533885
0.647226942068143,0.268148427833302,-0.659243169865998,-0.273115633197149
0.647213363793308,0.268142150778743,-0.659256450858089,-0.273121915461019
0.647199773883721,0.268135868813505,-0.659269742701389,-0.273128202313368
0.647186172644237,0.268129581335451,-0.659283045095238,-0.273134494344692
0.647172560382335,0.268123287748858,-0.659296357736421,-0.273140792139156
0.647158937125652,0.268116988075044,-0.659309680596437,-0.273147095675182
0.647145302901781,0.26811068233529,-0.659323013646834,-0.273153404931229
0.647131657738266,0.268104370550841,-0.65933635685921,-0.273159719885793
0.647118001662607,0.268098052742912,-0.659349710205211,-0.273166040517406
0.647104334702255,0.268091728932677,-0.659363073656535,-0.273172366804637
0.647090656884616,0.268085399141277,-0.659376447184927,-0.273178698726092
0.647076968237047,0.26807906338982,-0.659389830762185,-0.273185036260416
0.647063268786862,0.268072721699375,-0.659403224360154,-0.273191379386288
0.647049558561324,0.268066374090979,-0.65941662795073,-0.273197728082426
0.647035837587652,0.268060020585632,-0.659430041505859,-0.273204082327585
0.647022105893018,0.268053661204298,-0.659443464997535,-0.273210442100555
0.647008363504545,0.268047295967907,-0.659456898397805,-0.273216807380166
0.64699461044931,0.268040924897354,-0.659470341678765,-0.273223178145284
0.646980846754344,0.268034548013497,-0.659483794812559,-0.273229554374812
0.64696707244663,0.26802816533716,-0.659497257771385,-0.273235936047691
0.646953287553103,0.26802177688913,-0.659510730527486,-0.273242323142897
0.646939492100653,0.26801538269016,-0.65952421305316,-0.273248715639447
0.646925686116121,0.268008982760965,-0.659537705320752,-0.273255113516393
0.6469118696263,0.268002577122229,-0.659551207302659,-0.273261516752824
0.646898042657939,0.267996165794595,-0.659564718971328,-0.273267925327867
0.646884205237736,0.267989748798674,-0.659578240299256,-0.273274339220688
0.646870357392343,0.26798332615504,-0.659591771258991,-0.273280758410488
0.646856499148366,0.267976897884231,-0.659605311823129,-0.273287182876506
0.646842630338564,0.26797046554256,-0.65961886215443,-0.273293611091964
0.646828750796564,0.267964030686106,-0.659632422414849,-0.273300041530421
0.646814860550195,0.267957593334995,-0.659645992575858,-0.273306474171689
0.646800959627239,0.267951153509303,-0.65965957260898,-0.273312908995632
0.646787048055429,0.267944711229053,-0.659673162485791,-0.273319345982165
0.646773125862445,0.26793826651422,-0.659686762177923,-0.273325785111258
0.646759193075921,0.267931819384729,-0.659700371657056,-0.273332226362928
0.64674524972344,0.267925369860452,-0.659713990894926,-0.273338669717249
0.646731295832535,0.267918917961213,-0.65972761986332,-0.273345115154344
0.646717331430691,0.267912463706786,-0.659741258534078,-0.273351562654387
0.646703356545343,0.267906007116892,-0.659754906879096,-0.273358012197606
0.646689371203874,0.267899548211204,-0.659768564870317,-0.273364463764281
0.64667537543362,0.267893087009344,-0.659782232479743,-0.27337091733474
0.646661369261866,0.267886623530884,-0.659795909679424,-0.273377372889367
0.646647352715847,0.267880157795346,-0.659809596441467,-0.273383830408596
0.646633325822748,0.2678736898222,-0.65982329273803,-0.273390289872912
0.646619288609707,0.267867219630868,-0.659836998541324,-0.273396751262853
0.646605241103806,0.26786074724072,-0.659850713823614,-0.273403214559008
0.646591183332084,0.267854272671077,-0.659864438557216,-0.273409679742018
0.646577115321526,0.26784779594121,-0.659878172714503,-0.273416146792575
0.646563037099066,0.267841317070339,-0.659891916267898,-0.273422615691423
0.646548948691591,0.267834836077633,-0.659905669189879,-0.273429086419358
0.646534850125936,0.267828352982212,-0.659919431452975,-0.273435558957227
0.646520741428887,0.267821867803147,-0.659933203029771,-0.273442033285928
0.646506622627179,0.267815380559457,-0.659946983892904,-0.273448509386412
0.646492493183749,0.267808890778993,-0.659960774567235,-0.273454987720836
0.646478352560269,0.267802397991834,-0.659974575578759,-0.273461468749111
0.646464200781512,0.267795902220273,-0.659988386901886,-0.273467952448906
0.646450037872209,0.267789403486546,-0.66000220851107,-0.27347443879794
0.646435863857053,0.267782901812842,-0.660016040380807,-0.273480927773986
0.646421678760694,0.267776397221296,-0.660029882485636,-0.27348741935487
0.646407482607744,0.267769889733991,-0.660043734800139,-0.273493913518471
0.646393275422774,0.26776337937296,-0.660057597298944,-0.273500410242722
0.646379057230314,0.267756866160182,-0.660071469956717,-0.273506909505607
0.646364828054856,0.267750350117588,-0.660085352748172,-0.273513411285165
0.646350587920848,0.267743831267054,-0.660099245648064,-0.27351991555949
0.646336336852701,0.267737309630407,-0.660113148631193,-0.273526422306724
0.646322074874783,0.26773078522942,-0.660127061672401,-0.273532931505067
0.646307802011423,0.267724258085816,-0.660140984746575,-0.273539443132769
0.646293518286909,0.267717728221267,-0.660154917828643,-0.273545957168135
0.646279223725488,0.267711195657391,-0.660168860893579,-0.273552473589521
0.646264918351367,0.267704660415757,-0.6601828139164,-0.273558992375338
0.646250602188712,0.26769812251788,-0.660196776872165,-0.27356551350405
0.646236275261647,0.267691581985228,-0.660210749735979,-0.273572036954172
0.646221937594258,0.267685038839211,-0.66022473248299,-0.273578562704275
0.646207589210589,0.267678493101192,-0.660238725088389,-0.27358509073298
0.64619323013464,0.267671944792483,-0.660252727527411,-0.273591621018963
0.646178860390376,0.26766539393434,-0.660266739775335,-0.273598153540953
0.646164480001716,0.267658840547973,-0.660280761807485,-0.27360468827773
0.64615008899254,0.267652284654536,-0.660294793599227,-0.273611225208129
0.646135687522778,0.267645725244787,-0.660308834992666,-0.273617765319226
0.646121275750265,0.267639161309686,-0.660322885831932,-0.273624309597827
0.646106853695684,0.267632592870625,-0.66033694609549,-0.27363085802243
0.646092421379681,0.267626019948955,-0.660351015761844,-0.273637410571583
0.646077978822869,0.267619442565981,-0.660365094809537,-0.273643967223875
0.646063526045819,0.267612860742966,-0.66037918321715,-0.273650527957941
0.64604906306907,0.26760627450113,-0.660393280963302,-0.27365709275246
0.646034589913122,0.267599683861648,-0.660407388026654,-0.273663661586157
0.646020106598443,0.267593088845655,-0.660421504385901,-0.273670234437801
0.64600561314546,0.267586489474239,-0.660435630019781,-0.273676811286206
0.645991109574566,0.267579885768447,-0.660449764907069,-0.27368339211023
0.645976595906117,0.267573277749284,-0.660463909026579,-0.273689976888778
0.645962072160432,0.267566665437708,-0.660478062357165,-0.273696565600797
0.645947538357794,0.267560048854636,-0.660492224877718,-0.273703158225282
0.645932994518449,0.267553428020942,-0.660506396567169,-0.273709754741268
0.645918440662609,0.267546802957456,-0.660520577404488,-0.27371635512784
0.645903876810444,0.267540173684965,-0.660534767368684,-0.273722959364127
0.645889302982095,0.267533540224212,-0.660548966438805,-0.273729567429298
0.645874719197658,0.267526902595897,-0.660563174593937,-0.273736179302572
0.645860125477199,0.267520260820678,-0.660577391813209,-0.273742794963212
0.645845521840744,0.267513614919166,-0.660591618075783,-0.273749414390525
0.645830908308283,0.267506964911934,-0.660605853360866,-0.273756037563861
0.645816284899769,0.267500310819506,-0.6606200976477,-0.273762664462619
0.645801651635118,0.267493652662367,-0.660634350915567,-0.273769295066239
0.645787008534211,0.267486990460956,-0.660648613143791,-0.273775929354208
0.645772355956602,0.267480324572624,-0.660662883979765,-0.273782566976648
0.645757694262501,0.267473655353313,-0.660677163070314,-0.2737892075851
0.645743023472717,0.267466982821293,-0.660691450393965,-0.273795851161239
0.64572834360801,0.267460306994787,-0.660705745929297,-0.273802497686784
0.6457136546891,0.267453627891978,-0.660720049654931,-0.2738091471435
0.645698956736659,0.267446945531004,-0.660734361549539,-0.273815799513195
0.645684249771317,0.267440259929964,-0.660748681591835,-0.273822454777721
0.645669533813657,0.267433571106912,-0.660763009760585,-0.273829112918975
0.645654808884222,0.267426879079858,-0.660777346034597,-0.273835773918895
0.645640075003508,0.267420183866772,-0.660791690392729,-0.273842437759466
0.645625332191964,0.267413485485582,-0.660806042813884,-0.273849104422715
0.64561058047,0.26740678395417,-0.660820403277014,-0.273855773890714
0.645595819857979,0.267400079290378,-0.660834771761114,-0.273862446145578
0.645581050376218,0.267393371512005,-0.66084914824523,-0.273869121169467
0.645566272044993,0.267386660636807,-0.660863532708451,-0.273875798944583
0.645551484884533,0.267379946682497,-0.660877925129915,-0.273882479453174
0.645536688915023,0.267373229666748,-0.660892325488807,-0.273889162677529
0.645521884156604,0.267366509607187,-0.660906733764358,-0.273895848599985
0.645507070629374,0.267359786521401,-0.660921149935845,-0.273902537202919
0.645492248353383,0.267353060426932,-0.660935573982593,-0.273909228468753
0.645477417348641,0.267346331341283,-0.660950005883974,-0.273915922379954
0.645462577635109,0.267339599281911,-0.660964445619405,-0.27392261891903
0.645447729232708,0.267332864266233,-0.660978893168352,-0.273929318068536
0.645432872161311,0.267326126311622,-0.660993348510326,-0.273936019811068
0.645418006440748,0.267319385435409,-0.661007811624887,-0.273942724129268
0.645403131657049,0.267312641936612,-0.66102228291517,-0.273949430730852
0.645388247397454,0.267305896114698,-0.661036762783083,-0.273956139323109
0.645373353683541,0.267299147987598,-0.661051251206403,-0.273962849888105
0.645358450536842,0.267292397573196,-0.661065748162958,-0.273969562407959
0.645343537978846,0.26728564488933,-0.66108025363062,-0.273976276864833
0.645328616030998,0.267278889953792,-0.661094767587311,-0.273982993240941
0.645313684714697,0.267272132784324,-0.661109290010997,-0.273989711518543
0.645298744051298,0.267265373398623,-0.661123820879694,-0.273996431679951
0.64528379406211,0.267258611814337,-0.661138360171466,-0.274003153707521
0.645268834768399,0.267251848049068,-0.661152907864419,-0.27400987758366
0.645253866191387,0.267245082120372,-0.661167463936713,-0.274016603290822
0.645238888352247,0.267238314045756,-0.661182028366549,-0.27402333081151
0.645223901272112,0.267231543842679,-0.66119660113218,-0.274030060128275
0.645208904972068,0.267224771528558,-0.661211182211905,-0.274036791223717
0.645193899473157,0.267217997120756,-0.661225771584066,-0.274043524080481
0.645178884796376,0.267211220636596,-0.661240369227059,-0.274050258681264
0.645163860962677,0.267204442093348,-0.661254975119323,-0.274056995008808
0.645148827992968,0.267197661508238,-0.661269589239344,-0.274063733045907
0.645133785908111,0.267190878898446,-0.661284211565658,-0.274070472775398
0.645118734728923,0.267184094281104,-0.661298842076846,-0.274077214180171
0.645103674476179,0.267177307673295,-0.661313480751536,-0.274083957243158
0.645088605170607,0.267170519092059,-0.661328127568404,-0.274090701947346
0.64507352683289,0.267163728554386,-0.661342782506175,-0.274097448275765
0.645058439483666,0.267156936077222,-0.661357445543618,-0.274104196211494
0.645043343143531,0.267150141677463,-0.66137211665955,-0.27411094573766
0.645028237419538,0.267143346193413,-0.661386796236281,-0.274117696036462
0.645013121921085,0.267136550463158,-0.661401484653811,-0.274124446290356
0.644997996672207,0.267129754503198,-0.661416181887572,-0.274131196482938
0.644982861696888,0.267122958329978,-0.66143088791305,-0.274137946597856
0.644967717019059,0.267116161959892,-0.661445602705786,-0.27414469661881
0.644952562662599,0.267109365409284,-0.661460326241376,-0.274151446529557
0.644937398651335,0.267102568694442,-0.661475058495472,-0.274158196313902
0.644922225009042,0.267095771831604,-0.661489799443778,-0.274164945955709
0.644907041759441,0.267088974836955,-0.661504549062057,-0.274171695438889
0.644891848926204,0.267082177726629,-0.661519307326124,-0.274178444747412
0.644876646532948,0.267075380516705,-0.661534074211848,-0.274185193865295
0.644861434603238,0.267068583223214,-0.661548849695156,-0.274191942776613
0.644846213160589,0.267061785862133,-0.661563633752028,-0.274198691465492
0.644830982228462,0.267054988449385,-0.661578426358498,-0.274205439916111
0.644815741830267,0.267048191000845,-0.661593227490657,-0.2742121881127
0.644800491989359,0.267041393532334,-0.661608037124648,-0.274218936039545
0.644785232729044,0.26703459605962,-0.661622855236672,-0.274225683680982
0.644769964072574,0.267027798598423,-0.661637681802982,-0.274232431021402
0.644754686043151,0.267021001164407,-0.661652516799887,-0.274239178045245
0.644739398663921,0.267014203773187,-0.661667360203751,-0.274245924737008
0.64472410195798,0.267007406440326,-0.661682211990993,-0.274252671081238
0.644708795948374,0.267000609181334,-0.661697072138084,-0.274259417062535
0.644693480658093,0.26699381201167,-0.661711940621555,-0.27426616266555
0.644678156110076,0.266987014946744,-0.661726817417987,-0.274272907874989
0.644662822327211,0.26698021800191,-0.661741702504017,-0.274279652675608
0.644647479217023,0.266973421179404,-0.661756595968644,-0.274286397064994
0.644632126685178,0.266966624482367,-0.661771497902662,-0.274293141039842
0.644616764751703,0.266959827927447,-0.661786408285475,-0.274299884583653
0.644601393436587,0.266953031531233,-0.661801327096531,-0.274306627679982
0.644586012759774,0.266946235310263,-0.661816254315323,-0.274313370312439
0.644570622741169,0.266939439281023,-0.661831189921385,-0.274320112464685
0.644555223400637,0.266932643459941,-0.661846133894295,-0.27432685412044
0.644539814758,0.266925847863396,-0.661861086213676,-0.274333595263475
0.644524396833039,0.266919052507712,-0.661876046859192,-0.274340335877615
0.644508969645494,0.26691225740916,-0.661891015810551,-0.27434707594674
0.644493533215066,0.266905462583959,-0.661905993047507,-0.274353815454784
0.644478087561412,0.266898668048271,-0.661920978549854,-0.274360554385734
0.64446263270415,0.266891873818211,-0.66193597229743,-0.274367292723632
0.644447168662855,0.266885079909836,-0.66195097427012,-0.274374030452574
0.644431695457063,0.26687828633915,-0.661965984447846,-0.274380767556707
0.644416213106267,0.266871493122108,-0.661981002810579,-0.274387504020235
0.644400721629919,0.266864700274609,-0.661996029338332,-0.274394239827415
0.644385221047432,0.2668579078125,-0.662011064011159,-0.274400974962555
0.644369711378175,0.266851115751575,-0.66202610680916,-0.27440770941002
0.644354192641478,0.266844324107575,-0.662041157712477,-0.274414443154226
0.644338664856628,0.266837532896189,-0.662056216701297,-0.274421176179644
0.644323128042873,0.266830742133052,-0.662071283755847,-0.274427908470797
0.644307582219418,0.266823951833748,-0.662086358856403,-0.274434640012262
0.644292027405427,0.266817162013808,-0.662101441983279,-0.27444137078867
0.644276463620024,0.266810372688711,-0.662116533116835,-0.274448100784703
0.644260890632366,0.266803584609025,-0.662131632480855,-0.274454829269962
0.644245308210907,0.266796798525346,-0.662146740299804,-0.274461555514071
0.644229716373656,0.266790014453107,-0.662161856555126,-0.274468279501837
0.644214115138585,0.266783232407683,-0.662176981228303,-0.274475001218126
0.644198504523627,0.266776452404388,-0.662192114300858,-0.274481720647863
0.644182884546677,0.26676967445848,-0.662207255754353,-0.274488437776033
0.644167255225593,0.266762898585158,-0.662222405570392,-0.274495152587678
0.644151616578194,0.266756124799561,-0.662237563730617,-0.274501865067903
0.644135968622261,0.266749353116769,-0.66225273021671,-0.274508575201868
0.644120311375538,0.266742583551806,-0.662267905010394,-0.274515282974792
0.64410464485573,0.266735816119635,-0.662283088093433,-0.274521988371957
0.644088969080504,0.266729050835162,-0.662298279447626,-0.274528691378699
0.64407328406749,0.266722287713236,-0.662313479054819,-0.274535391980414
0.644057589834278,0.266715526768644,-0.662328686896891,-0.274542090162557
0.644041886398422,0.266708768016119,-0.662343902955766,-0.274548785910643
0.644026173777438,0.266702011470333,-0.662359127213406,-0.274555479210243
0.644010451988802,0.266695257145902,-0.662374359651813,-0.274562170046987
0.643994721049953,0.266688505057383,-0.662389600253029,-0.274568858406564
0.643978980978293,0.266681755219275,-0.662404848999136,-0.274575544274719
0.643963231791185,0.26667500764602,-0.662420105872254,-0.274582227637259
0.643947473505953,0.266668262352001,-0.662435370854547,-0.274588908480046
0.643931706139885,0.266661519351545,-0.662450643928215,-0.274595586789001
0.643915929710229,0.26665477865892,-0.6624659250755,-0.274602262550102
0.643900144234198,0.266648040288337,-0.662481214278683,-0.274608935749386
0.643884349728963,0.26664130425395,-0.662496511520085,-0.274615606372946
0.643868546154998,0.266634569718608,-0.66251181683684,-0.274622275234133
0.643852733474325,0.26662783584579,-0.66252713026453,-0.274628943145614
0.643836911706383,0.266621102650509,-0.662542451783213,-0.274635610092543
0.643821080870558,0.266614370147731,-0.662557781372997,-0.274642276060127
0.643805240986194,0.266607638352372,-0.662573119014037,-0.274648941033621
0.643789392072587,0.266600907279295,-0.662588464686539,-0.274655604998334
0.643773534148985,0.266594176943317,-0.662603818370753,-0.274662267939623
0.643757667234593,0.266587447359201,-0.662619180046985,-0.274668929842897
0.643741791348565,0.266580718541664,-0.662634549695581,-0.274675590693615
0.643725906510011,0.26657399050537,-0.662649927296941,-0.274682250477287
0.643710012737995,0.266567263264933,-0.662665312831512,-0.274688909179472
0.643694110051533,0.26656053683492,-0.662680706279791,-0.274695566785781
0.643678198469597,0.266553811229846,-0.662696107622319,-0.274702223281876
0.643662278011108,0.266547086464178,-0.662711516839691,-0.274708878653467
0.643646348694945,0.266540362552331,-0.662726933912546,-0.274715532886317
0.643630410539937,0.266533639508673,-0.662742358821576,-0.274722185966235
0.643614463564848,0.266526917347522,-0.662757791547537,-0.274728837879083
0.643598507788388,0.266520196083151,-0.662773232071243,-0.274735488610768
0.643582543229218,0.266513475729781,-0.662788680373557,-0.27474213814725
0.643566569905953,0.266506756301584,-0.662804136435391,-0.274748786474535
0.643550587837162,0.266500037812685,-0.662819600237704,-0.274755433578683
0.64353459704137,0.266493320277156,-0.662835071761504,-0.274762079445801
0.643518597537049,0.266486603709024,-0.662850550987848,-0.274768724062046
0.643502589342632,0.266479888122264,-0.66286603789784,-0.274775367413626
0.643486572476502,0.266473173530804,-0.662881532472631,-0.274782009486797
0.643470547131874,0.266466460159633,-0.662897034523769,-0.274788650062906
0.643454513501609,0.266459748232923,-0.662912543863187,-0.274795288924124
0.643438471603488,0.266453037763296,-0.66292806047269,-0.274801926058016
0.643422421455251,0.266446328763324,-0.662943584334128,-0.274808561452199
0.643406363074589,0.26643962124553,-0.662959115429398,-0.27481519509434
0.643390296479151,0.266432915222388,-0.662974653740441,-0.274821826972154
0.643374221686542,0.26642621070632,-0.662990199249248,-0.274828457073409
0.643358138714322,0.266419507709702,-0.663005751937852,-0.27483508538592
0.643342047580007,0.266412806244858,-0.663021311788336,-0.274841711897555
0.643325948301069,0.266406106324062,-0.663036878782824,-0.274848336596228
0.643309840894936,0.266399407959541,-0.66305245290349,-0.274854959469906
0.64329372537899,0.266392711163471,-0.663068034132553,-0.274861580506603
0.643277601770571,0.266386015947979,-0.663083622452277,-0.274868199694384
0.643261470086974,0.266379322325143,-0.663099217844972,-0.274874817021364
0.643245330345449,0.266372630306993,-0.663114820292996,-0.274881432475707
0.643229182563203,0.266365939905508,-0.663130429778749,-0.274888046045625
0.643213026757398,0.266359251132618,-0.663146046284679,-0.274894657719381
0.643196862945154,0.266352564000206,-0.663161669793281,-0.274901267485286
0.643180691143543,0.266345878520105,-0.663177300287093,-0.274907875331702
0.643164511369598,0.266339194704099,-0.6631929377487,-0.274914481247037
0.643148323640303,0.266332512563923,-0.663208582160733,-0.274921085219752
0.643132127972602,0.266325832111263,-0.663224233505868,-0.274927687238353
0.643115924383392,0.266319153357759,-0.663239891766827,-0.274934287291399
0.643099712889528,0.266312476314998,-0.663255556926377,-0.274940885367493
0.643083493507822,0.266305800994523,-0.663271228967331,-0.274947481455291
0.643067266856068,0.266299127978141,-0.663286907290129,-0.274954074990433
0.643051033550928,0.266292457846793,-0.663302591296442,-0.274960665409476
0.643034793607447,0.266285790610649,-0.663318280970996,-0.274967252702522
0.643018547040627,0.266279126279827,-0.66333397629856,-0.274973836859719
0.643002293865422,0.266272464864398,-0.66334967726395,-0.274980417871268
0.642986034096746,0.266265806374385,-0.663365383852027,-0.274986995727415
0.642969767749468,0.26625915081976,-0.663381096047697,-0.274993570418458
0.642953494838413,0.266252498210446,-0.663396813835911,-0.275000141934744
0.642937215378363,0.266245848556318,-0.663412537201664,-0.275006710266665
0.642920929384056,0.266239201867204,-0.663428266129996,-0.275013275404666
0.642904636870187,0.26623255815288,-0.663444000605993,-0.27501983733924
0.642888337851406,0.266225917423076,-0.663459740614785,-0.275026396060925
0.642872032342319,0.266219279687472,-0.663475486141547,-0.275032951560312
0.642855720357493,0.2662126449557,-0.663491237171499,-0.275039503828038
0.642839401911446,0.266206013237345,-0.663506993689904,-0.275046052854789
0.642823077018655,0.266199384541941,-0.663522755682072,-0.275052598631297
0.642806745693555,0.266192758878976,-0.663538523133355,-0.275059141148346
0.642790407950534,0.266186136257889,-0.663554296029153,-0.275065680396767
0.642774063803941,0.266179516688071,-0.663570074354908,-0.275072216367437
0.642757713268078,0.266172900178865,-0.663585858096106,-0.275078749051282
0.642741356357206,0.266166286739566,-0.663601647238278,-0.275085278439277
0.642724993085542,0.266159676379421,-0.663617441767001,-0.275091804522443
0.642708623467259,0.26615306910763,-0.663633241667894,-0.27509832729185
0.642692247516488,0.266146464933344,-0.663649046926621,-0.275104846738615
0.642675865247318,0.266139863865667,-0.663664857528891,-0.275111362853903
0.642659477429925,0.266133266641716,-0.663680672728639,-0.275117874923761
0.642643084833523,0.266126673997647,-0.663696491780895,-0.275124382235265
0.642626687470692,0.26612008594105,-0.663712314673077,-0.275130884781188
0.642610285353967,0.26611350247947,-0.663728141392649,-0.275137382554356
0.642593878495838,0.2661069236204,-0.663743971927119,-0.275143875547639
0.642577466908749,0.266100349371286,-0.663759806264042,-0.275150363753959
0.642561050605103,0.266093779739524,-0.663775644391018,-0.275156847166283
0.642544629597254,0.266087214732465,-0.663791486295691,-0.275163325777626
0.642528203897515,0.266080654357407,-0.663807331965752,-0.275169799581055
0.64251177351815,0.266074098621604,-0.663823181388937,-0.27517626856968
0.642495338471385,0.266067547532259,-0.663839034553026,-0.275182732736661
0.642478898769395,0.266061001096528,-0.663854891445845,-0.275189192075207
0.642462454424315,0.26605445932152,-0.663870752055264,-0.27519564657857
0.642446005448234,0.266047922214294,-0.663886616369199,-0.275202096240055
0.642429551853197,0.266041389781862,-0.663902484375612,-0.275208541053011
0.642413093651204,0.26603486203119,-0.663918356062506,-0.275214981010834
0.642396630854213,0.266028338969194,-0.663934231417933,-0.27522141610697
0.642380163474135,0.266021820602744,-0.663950110429987,-0.27522784633491
0.64236369152284,0.26601530693866,-0.663965993086808,-0.275234271688191
0.642347215012151,0.266008797983719,-0.663981879376579,-0.275240692160401
0.642330733953849,0.266002293744645,-0.66399776928753,-0.27524710774517
0.642314248359672,0.265995794228121,-0.664013662807932,-0.275253518436177
0.64229775824131,0.265989299440778,-0.664029559926105,-0.27525992422715
0.642281263610413,0.265982809389202,-0.664045460630408,-0.275266325111858
0.642264764478588,0.265976324079932,-0.664061364909248,-0.275272721084123
0.642248260476897,0.265969843444541,-0.664077273118993,-0.275279112210369
0.642231751238595,0.265963367415245,-0.664093185613824,-0.275285498556378
0.642215236778507,0.265956895999475,-0.664109102378938,-0.275291880115073
0.642198717111404,0.265950429204613,-0.664125023399585,-0.275298256879424
0.642182192252009,0.265943967037993,-0.664140948661065,-0.27530462884245
0.642165662214995,0.2659375095069,-0.664156878148728,-0.275310995997218
0.642149127014984,0.265931056618572,-0.664172811847976,-0.275317358336842
0.642132586666549,0.265924608380199,-0.66418874974426,-0.275323715854483
0.642116041184214,0.265918164798922,-0.664204691823084,-0.275330068543352
0.642099490582452,0.265911725881834,-0.664220638070001,-0.275336416396706
0.642082934875687,0.265905291635982,-0.664236588470614,-0.275342759407848
0.642066374078292,0.265898862068362,-0.664252543010577,-0.275349097570132
0.642049808204593,0.265892437185927,-0.664268501675595,-0.275355430876956
0.642033237268864,0.265886016995577,-0.664284464451422,-0.275361759321765
0.642016661285332,0.26587960150417,-0.664300431323862,-0.275368082898054
0.642000080268172,0.265873190718512,-0.664316402278772,-0.275374401599364
0.641983494231511,0.265866784645364,-0.664332377302055,-0.27538071541928
0.641966903189429,0.265860383291439,-0.664348356379666,-0.275387024351437
0.641950307155952,0.265853986663405,-0.664364339497611,-0.275393328389516
0.641933706145061,0.265847594767879,-0.664380326641944,-0.275399627527245
0.641917100170684,0.265841207611435,-0.664396317798769,-0.275405921758395
0.641900489246705,0.265834825200597,-0.66441231295424,-0.275412211076789
0.641883873386956,0.265828447541843,-0.664428312094561,-0.275418495476292
0.641867252605219,0.265822074641606,-0.664444315205985,-0.275424774950818
0.64185062691523,0.265815706506272,-0.664460322274816,-0.275431049494326
0.641833997017399,0.265809344380926,-0.664476332624564,-0.275437317904203
0.641817363611485,0.265802989508795,-0.664492345579542,-0.275443578979778
0.641800726710177,0.265796641893396,-0.664508361127323,-0.275449832717979
0.641784086326109,0.265790301538197,-0.664524379255533,-0.275456079115788
0.641767442471866,0.265783968446618,-0.664540399951853,-0.275462318170234
0.641750795159979,0.265777642622027,-0.66455642320401,-0.275468549878394
0.64173414440293,0.265771324067747,-0.664572448999786,-0.275474774237392
0.641717490213146,0.265765012787049,-0.664588477327016,-0.275480991244403
0.641700832603006,0.265758708783154,-0.664604508173584,-0.275487200896646
0.641684171584836,0.265752412059238,-0.664620541527424,-0.275493403191389
0.641667507170911,0.265746122618426,-0.664636577376524,-0.275499598125951
0.641650839373454,0.265739840463794,-0.664652615708924,-0.275505785697693
0.641634168204639,0.265733565598372,-0.664668656512712,-0.275511965904029
0.641617493676588,0.265727298025137,-0.664684699776029,-0.275518138742415
0.64160081580137,0.265721037747023,-0.664700745487065,-0.275524304210358
0.641584134591005,0.265714784766911,-0.664716793634064,-0.275530462305411
0.641567450057464,0.265708539087639,-0.664732844205318,-0.275536613025173
0.641550762212663,0.265702300711992,-0.664748897189172,-0.275542756367293
0.641534071068471,0.265696069642711,-0.664764952574018,-0.275548892329461
0.641517376636705,0.265689845882487,-0.664781010348303,-0.275555020909419
0.641500678929131,0.265683629433964,-0.66479707050052,-0.275561142104954
0.641483977957465,0.265677420299738,-0.664813133019217,-0.275567255913899
0.641467273733372,0.265671218482359,-0.664829197892988,-0.275573362334133
0.641450566268469,0.265665023984329,-0.66484526511048,-0.275579461363582
0.64143385557432,0.265658836808101,-0.664861334660389,-0.275585553000217
0.641417142158981,0.26565265767961,-0.664877406052698,-0.275591636544
0.641400426529532,0.265646487324456,-0.664893478798451,-0.275597711295298
0.641383708696,0.265640325744514,-0.664909552888002,-0.275603777252762
0.641366988668364,0.265634172941616,-0.664925628311754,-0.275609834415097
0.641350266456556,0.26562802891754,-0.664941705060158,-0.275615882781049
0.641333542070459,0.265621893674016,-0.664957783123711,-0.275621922349418
0.641316815519911,0.265615767212724,-0.664973862492955,-0.275627953119049
0.641300086814702,0.265609649535294,-0.664989943158482,-0.275633975088835
0.641283355964572,0.265603540643309,-0.665006025110931,-0.275639988257717
0.641266622979217,0.265597440538302,-0.665022108340983,-0.275645992624685
0.641249887868285,0.265591349221755,-0.66503819283937,-0.275651988188774
0.641233150641376,0.265585266695104,-0.66505427859687,-0.275657974949069
0.641216411308044,0.265579192959734,-0.665070365604306,-0.2756639529047
0.641199669877796,0.265573128016984,-0.665086453852547,-0.275669922054845
0.641182926360092,0.265567071868141,-0.665102543332509,-0.275675882398731
0.641166180764344,0.265561024514448,-0.665118634035155,-0.275681833935628
0.641149433099919,0.265554985957094,-0.665134725951493,-0.275687776664856
0.641132683376138,0.265548956197226,-0.665150819072578,-0.27569371058578
0.641115931602273,0.265542935235938,-0.665166913389509,-0.275699635697813
0.641099177787551,0.265536923074279,-0.665183008893431,-0.275705552000413
0.641082421941152,0.265530919713248,-0.665199105575538,-0.275711459493086
0.641065664072212,0.265524925153798,-0.665215203427066,-0.275717358175382
0.641048904189817,0.265518939396834,-0.665231302439297,-0.275723248046899
0.64103214230301,0.265512962443213,-0.665247402603561,-0.27572912910728
0.641015378420786,0.265506994293744,-0.66526350391123,-0.275735001356214
0.640998612736113,0.265501035547039,-0.665279606176579,-0.275740864217411
0.640981845442146,0.265495086801335,-0.665295709213757,-0.275746717114995
0.640965076548088,0.265489148056811,-0.665311813014021,-0.27575256004935
0.640948306063078,0.265483219313707,-0.665327917568689,-0.275758393020797
0.640931533996174,0.265477300572502,-0.665344022869163,-0.275764216029433
0.64091476035638,0.265471391833655,-0.665360128906891,-0.275770029075371
0.640897985152655,0.265465493097571,-0.665376235673372,-0.275775832158773
0.640881208393906,0.265459604364612,-0.66539234316015,-0.275781625279851
0.640864430088996,0.265453725635085,-0.665408451358815,-0.27578740843886
0.640847650246741,0.265447856909252,-0.665424560261003,-0.275793181636107
0.640830868875907,0.265441998187322,-0.665440669858399,-0.275798944871943
0.640814085985214,0.265436149469459,-0.665456780142731,-0.275804698146768
0.640797301583336,0.265430310755775,-0.665472891105776,-0.27581044146103
0.640780515678898,0.265424482046335,-0.665489002739354,-0.27581617481522
0.640763728280478,0.265418663341155,-0.665505115035335,-0.275821898209881
0.640746939396609,0.265412854640201,-0.665521227985631,-0.275827611645599
0.640730149035774,0.265407055943393,-0.665537341582203,-0.275833315123009
0.640713357206414,0.265401267250601,-0.665553455817055,-0.27583900864279
0.640696563916918,0.265395488561647,-0.665569570682238,-0.27584469220567
0.640679769175631,0.265389719876306,-0.665585686169849,-0.275850365812422
0.640662972990852,0.265383961194303,-0.66560180227203,-0.275856029463865
0.640646175370833,0.265378212515317,-0.665617918980968,-0.275861683160865
0.640629376323777,0.265372473838978,-0.665634036288896,-0.275867326904333
0.640612575857845,0.265366745164869,-0.665650154188092,-0.275872960695226
0.64059577398115,0.265361026492526,-0.665666272670877,-0.275878584534547
0.640578970115075,0.265355317298241,-0.665682392294052,-0.275884198926883
0.640562163680796,0.265349617059693,-0.665698513614496,-0.275889804375411
0.640545354686049,0.265343925778427,-0.665714636624718,-0.275895400879095
0.640528543138531,0.265338243455944,-0.665730761317263,-0.275900988436943
0.640511729045903,0.265332570093692,-0.665746887684717,-0.27590656704801
0.640494912415787,0.265326905693074,-0.665763015719696,-0.275912136711394
0.640478093255768,0.265321250255449,-0.66577914541486,-0.275917697426243
0.640461271573393,0.265315603782123,-0.665795276762902,-0.275923249191747
0.640444447376171,0.265309966274359,-0.665811409756553,-0.275928792007143
0.640427620671576,0.265304337733371,-0.665827544388579,-0.275934325871714
0.640410791467042,0.265298718160327,-0.665843680651784,-0.275939850784785
0.640393959769966,0.26529310755635,-0.665859818539009,-0.275945366745731
0.64037712558771,0.265287505922512,-0.665875958043131,-0.275950873753968
0.640360288927595,0.265281913259843,-0.665892099157063,-0.275956371808959
0.640343449796909,0.265276329569324,-0.665908241873755,-0.27596186091021
0.6403266082029,0.26527075485189,-0.665924386186192,-0.275967341057273
0.640309764152781,0.265265189108429,-0.665940532087398,-0.275972812249747
0.640292917653725,0.265259632339786,-0.665956679570429,-0.27597827448727
0.640276068712872,0.265254084546756,-0.665972828628381,-0.275983727769527
0.640259217337323,0.265248545730091,-0.665988979254384,-0.27598917209625
0.640242363534143,0.265243015890495,-0.666005131441604,-0.275994607467212
0.640225507310359,0.265237495028628,-0.666021285183244,-0.27600003388223
0.640208648672963,0.265231983145104,-0.666037440472541,-0.276005451341165
0.64019178762891,0.265226480240491,-0.666053597302768,-0.276010859843925
0.640174924185118,0.265220986315312,-0.666069755667236,-0.276016259390457
0.64015805845207,0.265215501360004,-0.666085915459721,-0.276021649990402
0.640141190539024,0.26521002536461,-0.666102076575195,-0.276027031653781
0.64012432045101,0.265204558328999,-0.66611823900881,-0.27603240438118
0.640107448193024,0.265199100252993,-0.666134402755752,-0.276037768173227
0.640090573770026,0.265193651136372,-0.666150567811238,-0.276043123030594
0.640073697186944,0.265188210978872,-0.666166734170521,-0.276048468953993
0.640056818448673,0.265182779780185,-0.666182901828882,-0.276053805944178
0.640039937560073,0.26517735753996,-0.666199070781639,-0.276059134001944
0.640023054525971,0.265171944257802,-0.666215241024138,-0.276064453128128
0.640006169351161,0.265166539933274,-0.666231412551761,-0.27606976332361
0.639989282040402,0.265161144565896,-0.66624758535992,-0.276075064589308
0.639972392598422,0.265155758155142,-0.666263759444061,-0.276080356926185
0.639955501029914,0.265150380700446,-0.66627993479966,-0.276085640335242
0.639938607339539,0.2651450122012,-0.666296111422227,-0.276090914817522
0.639921711531923,0.26513965265675,-0.666312289307303,-0.276096180374111
0.639904813611661,0.265134302066402,-0.66632846845046,-0.276101437006132
0.639887913583315,0.265128960429418,-0.666344648847305,-0.276106684714751
0.639871011451411,0.265123627745018,-0.666360830493472,-0.276111923501174
0.639854107220448,0.265118304012381,-0.666377013384632,-0.276117153366649
0.639837200894886,0.265112989230642,-0.666393197516481,-0.276122374312462
0.639820292479156,0.265107683398893,-0.666409382884754,-0.27612758633994
0.639803381977655,0.265102386516189,-0.666425569485212,-0.276132789450451
0.639786469394748,0.265097098581536,-0.66644175731365,-0.276137983645402
0.639769554734768,0.265091819593904,-0.666457946365893,-0.276143168926242
0.639752638002015,0.265086549552217,-0.666474136637796,-0.276148345294456
0.639735719689956,0.265081287651515,-0.666490327655689,-0.276153513523187
0.639718800291581,0.265076033087464,-0.666506518946417,-0.276158674384931
0.639701879810422,0.26507078585988,-0.666522710506668,-0.276163827880267
0.639684958249974,0.265065545968545,-0.666538902333162,-0.276168974009807
0.639668035613698,0.265060313413202,-0.666555094422655,-0.276174112774195
0.639651111905017,0.26505508819356,-0.666571286771936,-0.276179244174113
0.639634187127322,0.265049870309293,-0.666587479377829,-0.276184368210275
0.639617261283966,0.265044659760039,-0.666603672237192,-0.276189484883429
0.639600334378268,0.2650394565454,-0.666619865346916,-0.276194594194357
0.639583406413512,0.265034260664945,-0.666636058703927,-0.276199696143873
0.639566477392946,0.265029072118204,-0.666652252305185,-0.276204790732829
0.639549547319783,0.265023890904677,-0.666668446147682,-0.276209877962106
0.639532616197203,0.265018717023824,-0.666684640228445,-0.276214957832621
0.639515684028348,0.265013550475073,-0.666700834544534,-0.276220030345323
0.639498750816328,0.265008391257817,-0.666717029093044,-0.276225095501196
0.639481816564218,0.265003239371413,-0.6667332238711,-0.276230153301255
0.639464881275057,0.264998094815185,-0.666749418875863,-0.276235203746551
0.63944794495185,0.264992957588422,-0.666765614104527,-0.276240246838165
0.639431007597568,0.264987827690376,-0.666781809554317,-0.276245282577213
0.639414069215149,0.264982705120268,-0.666798005222495,-0.276250310964843
0.639397129807493,0.264977589877282,-0.666814201106351,-0.276255332002236
0.639380189377471,0.264972481960571,-0.66683039720321,-0.276260345690607
0.639363247927915,0.26496738136925,-0.666846593510432,-0.2762653520312
0.639346305461626,0.264962288102402,-0.666862790025406,-0.276270351025297
0.63932936198137,0.264957202159076,-0.666878986745555,-0.276275342674207
0.639312417299523,0.264952122961311,-0.666895183850898,-0.276280327532403
0.639295471229227,0.264947049931445,-0.666911381520671,-0.276285306154012
0.639278523774344,0.264941983068932,-0.66692757975117,-0.276290278539878
0.639261574938707,0.264936922373193,-0.666943778538727,-0.276295244690874
0.639244624726111,0.264931867843615,-0.666959977879706,-0.276300204607904
0.639227673140318,0.264926819479555,-0.666976177770502,-0.276305158291902
0.639210720185057,0.264921777280338,-0.666992378207546,-0.276310105743836
0.639193765864022,0.264916741245256,-0.667008579187299,-0.2763150469647
0.639176810180875,0.264911711373572,-0.667024780706256,-0.27631998195552
0.639159853139243,0.264906687664514,-0.667040982760943,-0.276324910717352
0.639142894742719,0.264901670117281,-0.667057185347922,-0.276329833251284
0.639125934994864,0.264896658731039,-0.667073388463782,-0.27633474955843
0.639108973899206,0.264891653504924,-0.66708959210515,-0.276339659639938
0.639092011459237,0.264886654438039,-0.667105796268681,-0.276344563496985
0.639075047678418,0.264881661529458,-0.667122000951064,-0.276349461130775
0.639058082560177,0.264876674778223,-0.667138206149019,-0.276354352542547
0.639041116107908,0.264871694183343,-0.667154411859299,-0.276359237733564
0.639024148324973,0.264866719743799,-0.667170618078689,-0.276364116705122
0.639007179214699,0.26486175145854,-0.667186824804005,-0.276368989458546
0.638990208780383,0.264856789326483,-0.667203032032094,-0.276373855995191
0.638973237025287,0.264851833346515,-0.667219239759836,-0.276378716316439
0.638956263952642,0.264846883517493,-0.667235447984142,-0.276383570423704
0.638939289565646,0.264841939838243,-0.667251656701954,-0.276388418318427
0.638922313867464,0.264837002307559,-0.667267865910246,-0.276393260002081
0.638905336861229,0.264832070924208,-0.667284075606023,-0.276398095476163
0.638888358767493,0.264827144676179,-0.667300285578345,-0.276402925710097
0.638871379806312,0.264822222552345,-0.667316495616758,-0.276407751672388
0.63885439998003,0.264817304552759,-0.667332705719041,-0.276412573363207
0.638837419290958,0.264812390677445,-0.667348915883004,-0.276417390782749
0.638820437741375,0.264807480926407,-0.667365126106489,-0.276422203931232
0.638803455333526,0.26480257529962,-0.667381336387367,-0.276427012808897
0.638786472069627,0.264797673797037,-0.66739754672354,-0.276431817416009
0.63876948795186,0.264792776418588,-0.667413757112943,-0.276436617752857
0.638752502982377,0.264787883164175,-0.66742996755354,-0.276441413819752
0.638735517163297,0.264782994033679,-0.667446178043326,-0.27644620561703
0.638718530496708,0.264778109026954,-0.667462388580325,-0.276450993145049
0.638701542984666,0.264773228143831,-0.667478599162594,-0.276455776404189
0.638684554629195,0.264768351384119,-0.667494809788219,-0.276460555394856
0.638667565432291,0.264763478747599,-0.667511020455315,-0.276465330117477
0.638650575395914,0.26475861023403,-0.667527231162029,-0.276470100572503
0.638633584521995,0.264753745843148,-0.667543441906536,-0.276474866760406
0.638616592812436,0.264748885574663,-0.667559652687044,-0.276479628681684
0.638599600269105,0.264744029428263,-0.667575863501789,-0.276484386336856
0.638582606893839,0.264739177403611,-0.667592074349035,-0.276489139726463
0.638565612688448,0.264734329500347,-0.667608285227079,-0.27649388885107
0.638548617654707,0.264729485718086,-0.667624496134245,-0.276498633711265
0.638531621794361,0.264724646056421,-0.667640707068888,-0.276503374307656
0.638514625109127,0.264719810514922,-0.667656918029392,-0.276508110640877
0.638497627600691,0.264714979093132,-0.66767312901417,-0.276512842711582
0.638480629270705,0.264710151790575,-0.667689340021664,-0.276517570520449
0.638463629953671,0.264705328496442,-0.667705551210216,-0.276522294173607
0.638446629484326,0.264700509099453,-0.667721762737911,-0.276527013777623
0.638429627864634,0.264695693598387,-0.667737974602852,-0.276531729333859
0.638412625096529,0.264690881991998,-0.667754186803165,-0.2765364408437
0.638395621181917,0.26468607427902,-0.667770399337006,-0.276541148308551
0.638378616122675,0.264681270458162,-0.667786612202558,-0.276545851729839
0.638361609920652,0.26467647052811,-0.667802825398032,-0.276550551109015
0.63834460257767,0.264671674487531,-0.667819038921667,-0.276555246447548
0.63832759409552,0.264666882335065,-0.667835252771726,-0.276559937746932
0.638310584475967,0.264662094069331,-0.667851466946502,-0.27656462500868
0.638293573720747,0.264657309688926,-0.667867681444314,-0.276569308234326
0.638276561831568,0.264652529192426,-0.667883896263508,-0.276573987425427
0.63825954881011,0.264647752578381,-0.667900111402458,-0.276578662583561
0.638242534658025,0.264642979845322,-0.667916326859563,-0.276583333710327
0.638225519376939,0.264638210991755,-0.667932542633249,-0.276588000807343
0.638208502968447,0.264633446016168,-0.66794875872197,-0.276592663876251
0.63819148543412,0.264628684917022,-0.667964975124206,-0.276597322918713
0.638174466775497,0.264623927692759,-0.667981191838462,-0.276601977936411
0.638157446994095,0.264619174341799,-0.667997408863271,-0.276606628931049
0.638140426091399,0.264614424862539,-0.668013626197192,-0.276611275904351
0.63812340406887,0.264609679253354,-0.66802984383881,-0.276615918858062
0.638106380927939,0.264604937512598,-0.668046061786735,-0.276620557793948
0.638089356670013,0.264600199638603,-0.668062280039605,-0.276625192713795
0.638072331296469,0.264595465629681,-0.668078498596082,-0.276629823619411
0.638055304808657,0.264590735484118,-0.668094717454857,-0.276634450512621
0.638038277228183,0.264586008952884,-0.668110936595393,-0.276639073631516
0.638021248575825,0.264581285787227,-0.668127155997942,-0.276643693213898
0.638004218851664,0.264576565985824,-0.668143375662401,-0.276648309261196
0.63798718805576,0.264571849547333,-0.668159595588691,-0.276652921774856
0.637970156188147,0.264567136470391,-0.668175815776754,-0.276657530756347
0.637953123248838,0.264562426753617,-0.668192036226552,-0.276662136207152
0.637936089237825,0.264557720395608,-0.66820825693807,-0.276666738128775
0.637919054155075,0.264553017394943,-0.668224477911313,-0.276671336522739
0.637902018000535,0.26454831775018,-0.668240699146308,-0.276675931390585
0.63788498077413,0.264543621459858,-0.668256920643102,-0.276680522733873
0.637867942475761,0.264538928522496,-0.668273142401765,-0.276685110554181
0.637850903105308,0.264534238936594,-0.668289364422385,-0.276689694853106
0.637833862662629,0.264529552700632,-0.668305586705072,-0.276694275632262
0.637816821147562,0.264524869813072,-0.668321809249959,-0.276698852893283
0.637799778559919,0.264520190272353,-0.668338032057195,-0.276703426637821
0.637782734899495,0.264515514076899,-0.668354255126953,-0.276707996867547
0.637765690166061,0.264510841225112,-0.668370478459426,-0.276712563584146
0.637748644359365,0.264506171715376,-0.668386702054826,-0.276717126789328
0.637731597479138,0.264501505546054,-0.668402925913388,-0.276721686484814
0.637714549525085,0.264496842715493,-0.668419150035363,-0.276726242672349
0.637697500496893,0.264492183222019,-0.668435374421027,-0.276730795353692
0.637680450394226,0.264487527063938,-0.668451599070672,-0.276735344530621
0.637663399216727,0.26448287423954,-0.668467823984612,-0.276739890204933
0.637646346964019,0.264478224747093,-0.668484049163181,-0.27674443237844
0.637629293635704,0.264473578584849,-0.668500274606733,-0.276748971052975
0.637612239257121,0.264468935707764,-0.66851650029109,-0.276753506271692
0.637595183853416,0.264464296070648,-0.668532726192268,-0.276758038077882
0.637578127423864,0.264459659671505,-0.668548952310937,-0.27676256647361
0.63756106996772,0.264455026508318,-0.668565178647784,-0.276767091460957
0.637544011484219,0.264450396579055,-0.668581405203516,-0.276771613042021
0.637526951972573,0.264445769881664,-0.668597631978862,-0.276776131218918
0.637509891431978,0.264441146414074,-0.668613858974568,-0.27678064599378
0.637492829861603,0.264436526174199,-0.6686300861914,-0.276785157368757
0.637475767260604,0.264431909159933,-0.668646313630144,-0.276789665346012
0.637458703628109,0.264427295369153,-0.668662541291603,-0.276794169927729
0.637441638963233,0.264422684799718,-0.668678769176601,-0.276798671116107
0.637424573265066,0.26441807744947,-0.66869499728598,-0.276803168913361
0.63740750653268,0.264413473316231,-0.668711225620601,-0.276807663321723
0.637390438765125,0.264408872397808,-0.668727454181345,-0.276812154343443
0.637373369961434,0.26440427469199,-0.66874368296911,-0.276816641980783
0.637356300120618,0.264399680196549,-0.668759911984815,-0.276821126236028
0.63733922924167,0.264395088909236,-0.668776141229392,-0.276825607111472
0.637322157323562,0.26439050082779,-0.668792370703799,-0.276830084609431
0.637305084365245,0.264385915949929,-0.668808600409007,-0.276834558732233
0.637288010365655,0.264381334273354,-0.668824830346007,-0.276839029482226
0.637270935323704,0.26437675579575,-0.668841060515809,-0.276843496861772
0.637253859238287,0.264372180514785,-0.66885729091944,-0.276847960873248
0.637236782108279,0.264367608428109,-0.668873521557945,-0.276852421519049
0.637219703932536,0.264363039533355,-0.668889752432388,-0.276856878801584
0.637202624709897,0.264358473828139,-0.66890598354385,-0.27686133272328
0.637185544130025,0.264353911314446,-0.668922215188014,-0.276865783282151
0.637168461883145,0.264349351994347,-0.668938447659979,-0.27687023047611
0.6371513779689,0.264344795865565,-0.668954680959977,-0.276874674307456
0.637134292386919,0.264340242925806,-0.668970915088255,-0.276879114778504
0.637117205136809,0.264335693172759,-0.668987150045079,-0.276883551891587
0.63710011621816,0.264331146604094,-0.669003385830731,-0.276887985649053
0.637083025630545,0.264326603217463,-0.66901962244551,-0.276892416053267
0.637065933373519,0.2643220630105,-0.669035859889732,-0.276896843106611
0.637048839446619,0.264317525980824,-0.66905209816373,-0.276901266811482
0.637031743849364,0.264312992126035,-0.669068337267852,-0.276905687170295
0.637014646581255,0.264308461443714,-0.669084577202465,-0.276910104185481
0.636997547641778,0.264303933931426,-0.669100817967951,-0.276914517859486
0.636980447030398,0.264299409586721,-0.66911705956471,-0.276918928194774
0.636963344746564,0.264294888407128,-0.669133301993155,-0.276923335193824
0.63694624078971,0.264290370390159,-0.669149545253719,-0.27692773885913
0.63692913515925,0.264285855533313,-0.669165789346848,-0.276932139193205
0.63691202785458,0.264281343834067,-0.669182034273008,-0.276936536198575
0.636894918875083,0.264276835289883,-0.669198280032677,-0.276940929877784
0.636877808220122,0.264272329898207,-0.669214526626352,-0.27694532023339
0.636860695889043,0.264267827656466,-0.669230774054543,-0.276949707267968
0.636843581881177,0.264263328562072,-0.669247022317779,-0.276954090984109
0.636826466195836,0.264258832612419,-0.669263271416602,-0.276958471384419
0.636809348832317,0.264254339804885,-0.669279521351571,-0.276962848471518
0.6367922297899,0.264249850136831,-0.66929577212326,-0.276967222248046
0.636775109067849,0.2642453636056,-0.66931202373226,-0.276971592716653
0.636757987011873,0.264240880005241,-0.669328275849624,-0.276975960073816
0.636740863966504,0.264236399130004,-0.669344528147584,-0.276980324515819
0.63672373992921,0.26423192097751,-0.669360780628517,-0.276984686045054
0.636706614897447,0.264227445545367,-0.669377033294817,-0.276989044663924
0.636689488868657,0.264222972831171,-0.669393286148888,-0.276993400374847
0.636672361840263,0.264218502832502,-0.669409539193149,-0.276997753180252
0.636655233809678,0.264214035546925,-0.669425792430033,-0.277002103082583
0.636638104774299,0.264209570971991,-0.669442045861986,-0.277006450084297
0.636620974731507,0.26420510910524,-0.669458299491465,-0.277010794187862
0.636603843678671,0.264200649944195,-0.669474553320943,-0.277015135395761
0.636586711613145,0.264196193486365,-0.669490807352904,-0.277019473710487
0.636569578532268,0.264191739729246,-0.669507061589846,-0.27702380913455
0.636552444433365,0.264187288670321,-0.66952331603428,-0.277028141670469
0.636535309313748,0.264182840307059,-0.669539570688729,-0.277032471320777
0.636518173170716,0.264178394636914,-0.66955582555573,-0.277036798088021
0.63650103600155,0.264173951657327,-0.66957208063783,-0.277041121974759
0.636483897803523,0.264169511365724,-0.669588335937591,-0.277045442983561
0.636466758573889,0.264165073759521,-0.669604591457586,-0.277049761117011
0.636449618309892,0.264160638836117,-0.669620847200402,-0.277054076377705
0.636432477008762,0.264156206592898,-0.669637103168636,-0.277058388768251
0.636415334667713,0.264151777027239,-0.669653359364899,-0.27706269829127
0.636398191283949,0.264147350136499,-0.669669615791814,-0.277067004949395
0.636381046854659,0.264142925918024,-0.669685872452015,-0.277071308745271
0.636363901377019,0.264138504369147,-0.669702129348148,-0.277075609681555
0.636346754848193,0.264134085487189,-0.669718386482873,-0.277079907760917
0.636329608295981,0.264129669246296,-0.669734642879166,-0.277084203009197
0.636312462746988,0.264125255620059,-0.669750897561321,-0.277088495452817
0.636295318196558,0.264120844604947,-0.66976715053399,-0.277092785095336
0.636278174640015,0.264116436197416,-0.669783401801843,-0.27709707194032
0.636261032072661,0.264112030393914,-0.669799651369568,-0.277101355991344
0.63624389048978,0.26410762719088,-0.669815899241872,-0.277105637251996
0.636226749886632,0.26410322658474,-0.669832145423482,-0.277109915725869
0.636209610258462,0.26409882857191,-0.66984838991914,-0.277114191416566
0.636192471600492,0.264094433148798,-0.669864632733607,-0.2771184643277
0.636175333907925,0.264090040311801,-0.669880873871662,-0.277122734462892
0.636158197175943,0.264085650057304,-0.669897113338102,-0.277127001825773
0.636141061399712,0.264081262381686,-0.669913351137743,-0.277131266419981
0.636123926574374,0.264076877281312,-0.669929587275415,-0.277135528249165
0.636106792695056,0.264072494752539,-0.669945821755968,-0.27713978731698
0.636089659756861,0.264068114791714,-0.669962054584269,-0.277144043627094
0.636072527754879,0.264063737395174,-0.669978285765201,-0.277148297183178
0.636055396684175,0.264059362559247,-0.669994515303665,-0.277152547988916
0.636038266539798,0.26405499028025,-0.670010743204579,-0.277156796048
0.636021137316779,0.264050620554492,-0.670026969472879,-0.277161041364129
0.636004009010129,0.26404625337827,-0.670043194113515,-0.277165283941012
0.635986881614841,0.264041888747872,-0.670059417131454,-0.277169523782364
0.635969755125888,0.264037526659579,-0.670075638531683,-0.277173760891912
0.635952629538228,0.264033167109659,-0.670091858319202,-0.277177995273389
0.635935504846798,0.264028810094373,-0.670108076499027,-0.277182226930537
0.635918381046517,0.264024455609972,-0.670124293076194,-0.277186455867105
0.635901258031991,0.264020104476593,-0.670140508149941,-0.277190681304473
0.635884135698961,0.264015757512718,-0.670156721818435,-0.277194902465646
0.63586701404402,0.264011414712095,-0.670172934085118,-0.277199119356834
0.635849893063743,0.264007076068462,-0.670189144953449,-0.277203331984255
0.635832772754685,0.264002741575542,-0.670205354426907,-0.277207540354136
0.635815653113387,0.26399841122705,-0.670221562508984,-0.277211744472717
0.635798534136367,0.263994085016684,-0.670237769203191,-0.277215944346248
0.635781415820127,0.263989762938136,-0.670253974513052,-0.277220139980987
0.635764298161151,0.263985444985081,-0.670270178442113,-0.277224331383206
0.635747181155904,0.263981131151186,-0.670286380993932,-0.277228518559184
0.635730064800834,0.263976821430106,-0.670302582172084,-0.277232701515212
0.63571294909237,0.263972515815483,-0.67031878198016,-0.277236880257589
0.635695834026927,0.263968214300947,-0.670334980421768,-0.277241054792626
0.635678719600896,0.263963916880119,-0.670351177500531,-0.277245225126643
0.635661605810657,0.263959623546608,-0.670367373220087,-0.277249391265969
0.635644492652568,0.263955334294011,-0.670383567584092,-0.277253553216946
0.635627380122972,0.263951049115913,-0.670399760596215,-0.277257710985922
0.635610268218194,0.263946768005889,-0.670415952260143,-0.277261864579256
0.635593156934543,0.263942490957504,-0.670432142579577,-0.277266014003317
0.635576046268309,0.26393821796431,-0.670448331558232,-0.277270159264484
0.635558936215766,0.263933949019849,-0.670464519199841,-0.277274300369144
0.635541826773171,0.263929684117652,-0.67048070550815,-0.277278437323694
0.635524717936767,0.263925423251238,-0.670496890486921,-0.277282570134541
0.635507609702775,0.263921166414118,-0.670513074139932,-0.277286698808102
0.635490502067405,0.263916913599789,-0.670529256470972,-0.2772908233508
0.635473395294108,0.26391266537154,-0.670545437229599,-0.277294943229106
0.635456289645836,0.263908422292046,-0.670561616165903,-0.277299057910125
0.635439185118019,0.263904184353874,-0.670577793284494,-0.277303167401246
0.635422081706066,0.263899951549575,-0.670593968590003,-0.27730727170987
0.635404979405371,0.263895723871692,-0.670610142087074,-0.277311370843409
0.635387878211309,0.263891501312752,-0.670626313780367,-0.277315464809283
0.635370778119239,0.263887283865271,-0.670642483674558,-0.277319553614927
0.635353679124499,0.263883071521753,-0.670658651774341,-0.277323637267782
0.635336581222412,0.263878864274692,-0.67067481808442,-0.277327715775301
0.635319484408285,0.263874662116566,-0.670690982609519,-0.277331789144947
0.635302388677404,0.263870465039845,-0.670707145354374,-0.277335857384194
0.635285294025041,0.263866273036984,-0.670723306323741,-0.277339920500526
0.63526820044645,0.263862086100428,-0.670739465522385,-0.277343978501435
0.635251107936867,0.263857904222611,-0.67075562295509,-0.277348031394425
0.635234016491513,0.263853727395953,-0.670771778626654,-0.27735207918701
0.635216926105592,0.263849555612863,-0.670787932541888,-0.277356121886713
0.635199836774289,0.263845388865742,-0.67080408470562,-0.277360159501067
0.635182748492776,0.263841227146974,-0.670820235122691,-0.277364192037615
0.635165661256207,0.263837070448936,-0.670836383797957,-0.277368219503909
0.635148575059718,0.263832918763992,-0.670852530736289,-0.277372241907512
0.635131489898431,0.263828772084493,-0.670868675942571,-0.277376259255995
0.635114405767453,0.263824630402783,-0.670884819421701,-0.277380271556939
0.635097322661873,0.263820493711191,-0.670900961178592,-0.277384278817934
0.635080240576763,0.263816362002036,-0.670917101218171,-0.277388281046583
0.635063159507183,0.263812235267627,-0.670933239545377,-0.277392278250491
0.635046079672833,0.2638081131001,-0.670949375953014,-0.277396270816664
0.635029001293056,0.263803995092842,-0.670965510234252,-0.277400259130898
0.635011924362342,0.263799881240025,-0.67098164239461,-0.277404243199011
0.634994848875167,0.263795771535809,-0.670997772439618,-0.277408223026828
0.634977774825992,0.263791665974342,-0.67101390037482,-0.277412198620184
0.634960702209265,0.263787564549768,-0.671030026205771,-0.277416169984919
0.634943631019438,0.263783467256272,-0.67104614993802,-0.277420137126833
0.634926561250966,0.263779374088064,-0.671062271577115,-0.277424100051701
0.634909492898285,0.263775285039343,-0.671078391128614,-0.277428058765307
0.634892425955821,0.263771200104298,-0.671094508598092,-0.277432013273443
0.634875360417982,0.26376711927711,-0.671110623991135,-0.27743596358191
0.634858296279162,0.263763042551947,-0.671126737313339,-0.277439909696517
0.634841233533742,0.263758969922969,-0.671142848570317,-0.277443851623083
0.634824172176087,0.263754901384326,-0.671158957767692,-0.277447789367433
0.634807112200548,0.263750836930158,-0.6711750649111,-0.277451722935402
0.634790053601464,0.263746776554594,-0.671191170006186,-0.277455652332833
0.634772996373156,0.263742720251756,-0.671207273058614,-0.277459577565578
0.634755940509934,0.263738668015752,-0.671223374074053,-0.277463498639496
0.634738886006094,0.263734619840684,-0.671239473058188,-0.277467415560455
0.634721832855917,0.263730575720644,-0.671255570016715,-0.27747132833433
0.634704781053672,0.263726535649712,-0.671271664955341,-0.277475236967006
0.634687730593612,0.263722499621961,-0.671287757879785,-0.277479141464375
0.634670681469979,0.263718467631453,-0.671303848795778,-0.277483041832337
0.634653633677,0.263714439672241,-0.671319937709062,-0.2774869380768
0.63463658720889,0.263710415738369,-0.671336024625389,-0.27749083020368
0.634619541982403,0.263706395299112,-0.671352109624718,-0.27749471871521
0.634602497914381,0.263702377824583,-0.671368192786897,-0.277498604112788
0.634585454999151,0.263698363310072,-0.671384274117532,-0.277502486401085
0.634568413231033,0.26369435175086,-0.67140035362224,-0.277506365584781
0.634551372604332,0.263690343142222,-0.671416431306647,-0.277510241668561
0.634534333113343,0.263686337479423,-0.671432507176386,-0.277514114657118
0.634517294752353,0.263682334757721,-0.671448581237103,-0.277517984555152
0.634500257515635,0.263678334972364,-0.671464653494451,-0.277521851367369
0.634483221397452,0.263674338118596,-0.67148072395409,-0.277525715098482
0.634466186392057,0.263670344191649,-0.671496792621692,-0.27752957575321
0.634449152493694,0.263666353186749,-0.671512859502936,-0.277533433336281
0.634432119696595,0.263662365099114,-0.671528924603511,-0.277537287852425
0.634415087994981,0.263658379923956,-0.671544987929111,-0.277541139306384
0.634398057383065,0.263654397656475,-0.671561049485444,-0.277544987702902
0.634381027855048,0.263650418291868,-0.671577109278223,-0.277548833046733
0.634363999405123,0.263646441825322,-0.671593167313168,-0.277552675342633
0.634346972027471,0.263642468252015,-0.671609223596009,-0.277556514595369
0.634329945716267,0.26363849756712,-0.671625278132485,-0.277560350809712
0.634312920465672,0.263634529765803,-0.671641330928343,-0.27756418399044
0.634295896269839,0.26363056484322,-0.671657381989334,-0.277568014142336
0.634278873122914,0.26362660279452,-0.671673431321222,-0.277571841270191
0.634261851019029,0.263622643614846,-0.671689478929774,-0.2775756653788
0.634244829952312,0.263618687299333,-0.671705524820768,-0.277579486472966
0.634227809916877,0.263614733843109,-0.67172156899999,-0.277583304557499
0.634210790906833,0.263610783241293,-0.671737611473229,-0.27758711963721
0.634193773031855,0.263606835276793,-0.671753652137491,-0.277590931917663
0.634176756401662,0.26360288973257,-0.671769690889756,-0.277594741604353
0.634159741010407,0.263598946603819,-0.671785727735792,-0.27759854870201
0.634142726852231,0.263595005885731,-0.67180176268138,-0.277602353215366
0.634125713921261,0.263591067573489,-0.67181779573231,-0.27760615514916
0.634108702211614,0.263587131662271,-0.671833826894383,-0.277609954508132
0.634091691717393,0.263583198147251,-0.671849856173411,-0.277613751297029
0.634074682432688,0.263579267023597,-0.671865883575216,-0.277617545520603
0.634057674351577,0.26357533828647,-0.671881909105633,-0.277621337183606
0.634040667468126,0.263571411931027,-0.671897932770503,-0.2776251262908
0.634023661776391,0.263567487952421,-0.67191395457568,-0.277628912846946
0.634006657270414,0.263563566345798,-0.671929974527029,-0.277632696856812
0.633989653944225,0.263559647106298,-0.671945992630422,-0.27763647832517
0.633972651791844,0.263555730229057,-0.671962008891744,-0.277640257256794
0.633955650807277,0.263551815709207,-0.671978023316886,-0.277644033656466
0.633938650984521,0.263547903541872,-0.671994035911753,-0.277647807528967
0.633921652317561,0.263543993722175,-0.672010046682257,-0.277651578879087
0.633904654800371,0.26354008624523,-0.672026055634319,-0.277655347711615
0.633887658426912,0.263536181106148,-0.672042062773872,-0.277659114031348
0.633870663191136,0.263532278300035,-0.672058068106855,-0.277662877843084
0.633853669086984,0.263528377821991,-0.672074071639219,-0.277666639151627
0.633836676108386,0.263524479667113,-0.672090073376921,-0.277670397961782
0.633819684249261,0.263520583830492,-0.672106073325931,-0.277674154278361
0.633802693503517,0.263516690307214,-0.672122071492222,-0.277677908106177
0.633785703865053,0.263512799092361,-0.672138067881783,-0.277681659450048
0.633768715382859,0.263508909738029,-0.672154062449542,-0.277685408733002
0.633751728105549,0.263505021797275,-0.672170055150783,-0.27768915637713
0.633734742026446,0.263501135266618,-0.672186045992031,-0.277692902385848
0.633717757138866,0.263497250142575,-0.672202034979818,-0.277696646762573
0.633700773436119,0.263493366421659,-0.672218022120679,-0.277700389510724
0.633683790911508,0.26348948410038,-0.672234007421154,-0.277704130633724
0.633666809558329,0.263485603175246,-0.672249990887787,-0.277707870134995
0.633649829369875,0.26348172364276,-0.672265972527128,-0.277711608017964
0.63363285033943,0.263477845499426,-0.67228195234573,-0.277715344286057
0.633615872460274,0.263473968741741,-0.672297930350152,-0.277719078942705
0.633598895725678,0.263470093366202,-0.672313906546957,-0.277722811991338
0.633581920128911,0.263466219369303,-0.67232988094271,-0.27772654343539
0.633564945663236,0.263462346747534,-0.672345853543982,-0.277730273278296
0.633547972321907,0.263458475497385,-0.672361824357349,-0.277734001523492
0.633531000098177,0.263454605615339,-0.672377793389389,-0.277737728174417
0.633514028985291,0.263450737097881,-0.672393760646683,-0.277741453234512
0.633497058976489,0.26344686994149,-0.672409726135819,-0.277745176707219
0.633480090065006,0.263443004142646,-0.672425689863385,-0.27774889859598
0.633463122244074,0.263439139697822,-0.672441651835976,-0.277752618904243
0.633446155506918,0.263435276603492,-0.672457612060187,-0.277756337635452
0.633429189846757,0.263431414856127,-0.672473570542618,-0.277760054793058
0.633412225256809,0.263427554452195,-0.672489527289874,-0.277763770380509
0.633395261730284,0.263423695388161,-0.672505482308559,-0.277767484401259
0.633378299260389,0.263419837660489,-0.672521435605283,-0.277771196858759
0.633361337840327,0.263415981265641,-0.672537387186659,-0.277774907756465
0.633344377160009,0.263412126037755,-0.672553337345574,-0.277778617250142
0.633327416910191,0.263408271811052,-0.672569286374065,-0.277782325495451
0.633310457085337,0.263404418582116,-0.672585234277472,-0.277786032495692
0.633293497679903,0.263400566347529,-0.672601181061139,-0.277789738254164
0.633276538688345,0.263396715103868,-0.672617126730413,-0.277793442774166
0.633259580105113,0.263392864847714,-0.672633071290644,-0.277797146059001
0.633242621924655,0.263389015575643,-0.672649014747181,-0.277800848111971
0.633225664141414,0.26338516728423,-0.672664957105378,-0.277804548936377
0.633208706749831,0.263381319970049,-0.672680898370591,-0.277808248535524
0.633191749744344,0.263377473629673,-0.672696838548178,-0.277811946912715
0.633174793119387,0.263373628259674,-0.672712777643498,-0.277815644071255
0.63315783686939,0.263369783856621,-0.672728715661914,-0.277819340014449
0.633140880988781,0.263365940417084,-0.672744652608788,-0.277823034745602
0.633123925471987,0.26336209793763,-0.672760588489486,-0.277826728268021
0.633106970313429,0.263358256414826,-0.672776523309374,-0.277830420585013
0.633090015507527,0.263354415845238,-0.672792457073821,-0.277834111699883
0.633073061048698,0.263350576225429,-0.672808389788197,-0.277837801615941
0.633056106931357,0.263346737551964,-0.672824321457874,-0.277841490336493
0.633039153149916,0.263342899821405,-0.672840252088222,-0.277845177864848
0.633022199698785,0.263339063030313,-0.672856181684616,-0.277848864204314
0.633005246572371,0.263335227175248,-0.672872110252432,-0.2778525493582
0.632988293765081,0.26333139225277,-0.672888037797044,-0.277856233329815
0.632971341271317,0.263327558259438,-0.67290396432383,-0.277859916122469
0.632954389085482,0.26332372519181,-0.672919889838167,-0.27786359773947
0.632937437201976,0.263319893046442,-0.672935814345432,-0.277867278184127
0.632920485672883,0.263316061910684,-0.672951737796464,-0.277870957374408
0.632903534549879,0.263312231871438,-0.672967660142497,-0.277874635228703
0.632886583826746,0.263308402924597,-0.672983581389506,-0.277878311750962
0.632869633497263,0.263304575066047,-0.672999501543465,-0.277881986945133
0.632852683555211,0.263300748291682,-0.673015420610352,-0.277885660815162
0.632835733994366,0.263296922597389,-0.673031338596142,-0.277889333364995
0.632818784808507,0.263293097979059,-0.67304725550681,-0.277893004598578
0.632801835991407,0.263289274432583,-0.673063171348332,-0.277896674519855
0.632784887536843,0.263285451953851,-0.673079086126683,-0.277900343132769
0.632767939438587,0.263281630538755,-0.673094999847838,-0.277904010441264
0.632750991690414,0.263277810183184,-0.673110912517772,-0.27790767644928
0.632734044286095,0.263273990883031,-0.673126824142459,-0.277911341160758
0.632717097219403,0.263270172634188,-0.673142734727872,-0.277915004579637
0.632700150484109,0.263266355432547,-0.673158644279983,-0.277918666709856
0.632683204073986,0.263262539274001,-0.673174552804766,-0.277922327555352
0.632666257982803,0.263258724154442,-0.67319046030819,-0.277925987120061
0.632649312204332,0.263254910069766,-0.673206366796225,-0.277929645407918
0.632632366732345,0.263251097015865,-0.673222272274842,-0.277933302422856
0.632615421560612,0.263247284988635,-0.673238176750006,-0.277936958168807
0.632598476682906,0.263243473983972,-0.673254080227684,-0.277940612649703
0.632581532092997,0.263239663997771,-0.673269982713842,-0.277944265869474
0.632564587784657,0.263235855025931,-0.673285884214442,-0.277947917832047
0.632547643751661,0.263232047064348,-0.673301784735447,-0.277951568541349
0.632530699987781,0.263228240108921,-0.673317684282817,-0.277955218001306
0.63251375648679,0.263224434155549,-0.673333582862509,-0.277958866215842
0.632496813060864,0.263220628885939,-0.673349480652109,-0.277962513483881
0.632479869522535,0.263216823982922,-0.673365377828822,-0.277966160103256
0.632462925866121,0.263213019444089,-0.673381274398035,-0.277969806076252
0.632445982085947,0.263209215267032,-0.673397170365129,-0.277973451405153
0.632429038176337,0.263205411449343,-0.673413065735482,-0.277977096092243
0.63241209413163,0.263201607988629,-0.673428960514457,-0.277980740139787
0.632395149946171,0.26319780488251,-0.673444854707414,-0.277984383550044
0.632378205614311,0.263194002128607,-0.673460748319702,-0.277988026325267
0.632361261130404,0.263190199724541,-0.67347664135667,-0.277991668467709
0.632344316488807,0.263186397667937,-0.673492533823659,-0.277995309979622
0.632327371683886,0.26318259595642,-0.673508425726004,-0.277998950863251
0.632310426710028,0.26317879458768,-0.673524317069017,-0.278002591120787
0.632293481561638,0.263174993559437,-0.673540207857995,-0.278006230754387
0.632276536233122,0.263171192869415,-0.67355609809823,-0.278009869766205
0.632259590718887,0.263167392515337,-0.673571987795012,-0.278013508158398
0.632242645013345,0.263163592494926,-0.673587876953629,-0.278017145933121
0.632225699110908,0.263159792805903,-0.673603765579362,-0.278020783092526
0.632208753005993,0.263155993445991,-0.673619653677494,-0.278024419638769
0.632191806693017,0.263152194412914,-0.6736355412533,-0.278028055574003
0.6321748601664,0.263148395704392,-0.673651428312055,-0.278031690900382
0.632157913420567,0.263144597318148,-0.673667314859028,-0.278035325620059
0.632140966449944,0.263140799251904,-0.673683200899486,-0.278038959735186
0.632124019248958,0.263137001503382,-0.673699086438691,-0.278042593247915
0.632107071812044,0.263133204070304,-0.673714971481902,-0.278046226160398
0.632090124133636,0.263129406950393,-0.673730856034374,-0.278049858474785
0.632073176200692,0.263125609939254,-0.673746740108965,-0.278053490383069
0.632056227999745,0.263121812832709,-0.673762623718923,-0.278057122077022
0.632039279524602,0.263118015628806,-0.673778506870084,-0.278060753558466
0.632022330769076,0.263114218325592,-0.673794389568276,-0.278064384829219
0.632005381726985,0.263110420921117,-0.673810271819323,-0.278068015891098
0.631988432392154,0.263106623413436,-0.673826153629037,-0.278071646745917
0.631971482758415,0.263102825800604,-0.673842035003228,-0.278075277395488
0.631954532819606,0.263099028080675,-0.673857915947694,-0.278078907841619
0.631937582569571,0.263095230251712,-0.673873796468232,-0.278082538086118
0.631920632002163,0.263091432311774,-0.673889676570624,-0.278086168130789
0.63190368111124,0.263087634258926,-0.673905556260651,-0.278089797977432
0.631886729890665,0.263083836091233,-0.673921435544083,-0.278093427627847
0.631869778334313,0.263080037806767,-0.673937314426683,-0.278097057083828
0.631852826436061,0.2630762394036,-0.673953192914207,-0.278100686347168
0.631835874189795,0.263072440879805,-0.673969071012404,-0.278104315419655
0.631818921589407,0.26306864223346,-0.673984948727016,-0.278107944303077
0.631801968628794,0.263064843462642,-0.674000826063779,-0.27811157299922
0.63178501530186,0.263061044565434,-0.674016703028418,-0.278115201509864
0.631768061602518,0.263057245539918,-0.674032579626655,-0.27811882983679
0.631751107524685,0.263053446384178,-0.674048455864202,-0.278122457981775
0.631734153062286,0.263049647096304,-0.674064331746765,-0.278126085946593
0.631717198209254,0.263045847674384,-0.674080207280042,-0.278129713733018
0.631700242959527,0.263042048116511,-0.674096082469722,-0.278133341342817
0.631683287307052,0.263038248420779,-0.674111957321487,-0.278136968777758
0.631666331245781,0.263034448585285,-0.674127831841012,-0.278140596039604
0.631649374786038,0.263030648620147,-0.674143706018577,-0.278144223118888
0.631632417938277,0.263026848535239,-0.674159579844341,-0.278147850006374
0.631615460696658,0.263023048328293,-0.674175453323785,-0.278151476704167
0.631598503055348,0.263019247997046,-0.674191326462388,-0.278155103214372
0.631581545008518,0.263015447539239,-0.674207199265617,-0.278158729539089
0.631564586550345,0.263011646952613,-0.674223071738938,-0.278162355680414
0.631547627675012,0.263007846234913,-0.674238943887807,-0.278165981640441
0.631530668376708,0.26300404538389,-0.674254815717677,-0.278169607421261
0.631513708649628,0.263000244397293,-0.674270687233991,-0.27817323302496
0.631496748487973,0.262996443272877,-0.674286558442186,-0.278176858453622
0.631479787885948,0.262992642008401,-0.674302429347695,-0.278180483709328
0.631462826837768,0.262988840601626,-0.674318299955941,-0.278184108794152
0.631445865337652,0.262985039050316,-0.674334170272341,-0.278187733710169
0.631428903379825,0.262981237352238,-0.674350040302307,-0.278191358459449
0.63141194095852,0.262977435505163,-0.674365910051241,-0.278194983044058
0.631394978067976,0.262973633506865,-0.674381779524539,-0.278198607466057
0.631378014702437,0.262969831355122,-0.67439764872759,-0.278202231727507
0.631361050856158,0.262966029047714,-0.674413517665776,-0.278205855830462
0.631344086523396,0.262962226582425,-0.674429386344469,-0.278209479776974
0.631327121698419,0.262958423957044,-0.674445254769037,-0.278213103569091
0.631310156375499,0.26295462116936,-0.674461122944838,-0.278216727208858
0.631293190548919,0.262950818217169,-0.674476990877224,-0.278220350698315
0.631276224212964,0.262947015098269,-0.674492858571537,-0.278223974039499
0.631259257361931,0.262943211810461,-0.674508726033112,-0.278227597234442
0.631242289990123,0.26293940835155,-0.674524593267277,-0.278231220285174
0.631225321956174,0.262935604703024,-0.674540460406549,-0.278234843208576
0.631208353119181,0.262931800846469,-0.674556327582989,-0.278238466021423
0.631191383474152,0.262927996779848,-0.674572194801228,-0.278242088725586
0.631174413016103,0.262924192501128,-0.674588062065884,-0.27824571132293
0.631157441740058,0.262920388008276,-0.67460392938157,-0.27824933381532
0.63114046964105,0.262916583299267,-0.674619796752888,-0.278252956204612
0.631123496714124,0.262912778372078,-0.674635664184431,-0.278256578492663
0.631106522954331,0.262908973224687,-0.674651531680782,-0.278260200681324
0.631089548356732,0.26290516785508,-0.674667399246515,-0.278263822772442
0.631072572916398,0.262901362261243,-0.674683266886193,-0.278267444767861
0.631055596628409,0.262897556441167,-0.674699134604373,-0.278271066669421
0.631038619487855,0.262893750392848,-0.674715002405597,-0.278274688478957
0.631021641489835,0.262889944114283,-0.674730870294401,-0.278278310198302
0.631004662629459,0.262886137603476,-0.674746738275311,-0.278281931829284
0.630987682901845,0.262882330858432,-0.67476260635284,-0.278285553373726
0.630970702302121,0.262878523877163,-0.674778474531494,-0.27828917483345
0.630953720825426,0.26287471665768,-0.674794342815767,-0.278292796210271
0.63093673846691,0.262870909198004,-0.674810211210143,-0.278296417506001
0.630919755221731,0.262867101496154,-0.674826079719097,-0.278300038722449
0.630902771085058,0.262863293550158,-0.674841948347092,-0.278303659861417
0.630885786052072,0.262859485358044,-0.67485781709858,-0.278307280924706
0.630868800117962,0.262855676917848,-0.674873685978004,-0.278310901914111
0.630851813277928,0.262851868227606,-0.674889554989795,-0.278314522831424
0.630834825527183,0.262848059285361,-0.674905424138375,-0.278318143678432
0.630817836860948,0.262844250089159,-0.674921293428152,-0.278321764456917
0.630800847230144,0.262840440445457,-0.674937162905662,-0.278325385347843
0.630783856585784,0.26283663016145,-0.674953032617339,-0.278329006531473
0.630766864923248,0.26283281923629,-0.674968902567421,-0.278332628008525
0.63074987223793,0.262829007669136,-0.674984772760138,-0.278336249779719
0.63073287852523,0.262825195459151,-0.675000643199707,-0.278339871845766
0.630715883780564,0.262821382605503,-0.675016513890336,-0.278343494207378
0.630698887999356,0.262817569107362,-0.675032384836218,-0.278347116865256
0.630681891177042,0.262813754963903,-0.67504825604154,-0.278350739820104
0.63066489330907,0.262809940174306,-0.675064127510473,-0.278354363072616
0.630647894390899,0.262806124737754,-0.675079999247177,-0.278357986623486
0.630630894418,0.262802308653437,-0.675095871255803,-0.2783616104734
0.630613893385856,0.262798491920547,-0.675111743540488,-0.278365234623043
0.63059689128996,0.262794674538279,-0.675127616105357,-0.278368859073094
0.630579888125819,0.262790856505837,-0.675143488954525,-0.278372483824227
0.630562883888952,0.262787037822424,-0.675159362092093,-0.278376108877114
0.630545878574888,0.262783218487252,-0.675175235522151,-0.278379734232419
0.63052887217917,0.262779398499535,-0.675191109248776,-0.278383359890805
0.630511864697353,0.262775577858492,-0.675206983276035,-0.27838698585293
0.630494856125004,0.262771756563346,-0.675222857607979,-0.278390612119445
0.630477846457703,0.262767934613326,-0.675238732248649,-0.278394238690999
0.630460835691042,0.262764112007664,-0.675254607202074,-0.278397865568236
0.630443823820626,0.262760288745598,-0.675270482472268,-0.278401492751795
0.630426810842072,0.26275646482637,-0.675286358063235,-0.27840512024231
0.630409796751012,0.262752640249227,-0.675302233978963,-0.278408748040412
0.630392781543089,0.262748815013419,-0.67531811022343,-0.278412376146725
0.630375765310301,0.26274498922536,-0.67533398671014,-0.278416004462036
0.630358748144154,0.262741162990737,-0.675349863353078,-0.27841963288782
0.630341730039575,0.262737336307716,-0.675365740156917,-0.278423261425733
0.630324710991504,0.262733509174469,-0.675381617126318,-0.278426890077423
0.630307690994898,0.262729681589177,-0.675397494265928,-0.278430518844533
0.630290670044728,0.262725853550025,-0.675413371580377,-0.278434147728698
0.630273648135979,0.262722025055206,-0.675429249074283,-0.278437776731547
0.630256625263652,0.262718196102919,-0.675445126752246,-0.278441405854703
0.630239601422761,0.262714366691371,-0.675461004618854,-0.278445035099782
0.630222576608339,0.262710536818773,-0.675476882678679,-0.278448664468394
0.630205550815431,0.262706706483345,-0.675492760936278,-0.278452293962141
0.630188524039097,0.262702875683314,-0.675508639396191,-0.27845592358262
0.630171496274414,0.262699044416911,-0.675524518062945,-0.278459553331419
0.630154467516476,0.262695212682377,-0.675540396941051,-0.278463183210124
0.630137437760389,0.262691380477958,-0.675556276035004,-0.278466813220307
0.630120407001277,0.262687547801908,-0.675572155349285,-0.278470443363541
0.63010337523428,0.262683714652486,-0.675588034888357,-0.278474073641386
0.630086342454552,0.26267988102796,-0.675603914656669,-0.278477704055399
0.630069308657266,0.262676046926605,-0.675619794658653,-0.278481334607128
0.630052273837608,0.262672212346701,-0.675635674898726,-0.278484965298115
0.630035237990784,0.262668377286537,-0.675651555381288,-0.278488596129896
0.630018201112012,0.262664541744408,-0.675667436110725,-0.278492227103998
0.630001163196529,0.262660705718617,-0.675683317091403,-0.278495858221943
0.629984124239589,0.262656869207474,-0.675699198327676,-0.278499489485244
0.629967084236462,0.262653032209295,-0.67571507982388,-0.278503120895408
0.62995004313729,0.262649194891438,-0.675730961625845,-0.278506752295912
0.629933000892566,0.26264535742071,-0.675746843779077,-0.278510383530757
0.629915957498108,0.262641519794608,-0.675762726287393,-0.278514014602231
0.629898912949748,0.262637682010635,-0.675778609154593,-0.278517645512614
0.629881867243337,0.262633844066303,-0.675794492384465,-0.278521276264179
0.629864820374741,0.26263000595913,-0.675810375980778,-0.278524906859194
0.62984777233984,0.262626167686639,-0.675826259947287,-0.278528537299919
0.629830723134534,0.262622329246362,-0.67584214428773,-0.278532167588606
0.629813672754738,0.262618490635838,-0.67585802900583,-0.278535797727504
0.629796621196383,0.262614651852611,-0.675873914105291,-0.278539427718852
0.629779568455417,0.262610812894233,-0.675889799589803,-0.278543057564883
0.629762514527807,0.262606973758263,-0.67590568546304,-0.278546687267823
0.629745459409532,0.262603134442267,-0.675921571728659,-0.278550316829892
0.629728403096593,0.262599294943819,-0.675937458390299,-0.278553946253302
0.629711345585005,0.262595455260497,-0.675953345451584,-0.278557575540259
0.629694286870801,0.262591615389889,-0.67596923291612,-0.27856120469296
0.629677226950033,0.262587775329591,-0.675985120787498,-0.278564833713598
0.629660165818767,0.262583935077202,-0.676001009069291,-0.278568462604357
0.629643103473089,0.262580094630333,-0.676016897765054,-0.278572091367414
0.629626039909103,0.262576253986599,-0.676032786878326,-0.278575720004938
0.629608975122929,0.262572413143624,-0.676048676412629,-0.278579348519093
0.629591909110705,0.262568572099038,-0.676064566371467,-0.278582976912035
0.629574841868588,0.26256473085048,-0.676080456758326,-0.278586605185912
0.629557773392747,0.262560889395594,-0.676096347576682,-0.278590233342865
0.629540703679333,0.262557047732033,-0.676112238830024,-0.278593861385031
0.629523632675732,0.26255320615241,-0.676128130566153,-0.278597489039223
0.629506560329507,0.262549364948279,-0.676144022832701,-0.278601116033264
0.629489486637083,0.262545524115707,-0.676159915632903,-0.278604742370793
0.629472411594901,0.262541683650769,-0.676175808969977,-0.278608368055442
0.629455335199421,0.262537843549544,-0.676191702847122,-0.278611993090838
0.629438257447116,0.26253400380812,-0.676207597267525,-0.2786156174806
0.629421178334482,0.262530164422592,-0.676223492234353,-0.278619241228339
0.629404097858026,0.262526325389059,-0.676239387750757,-0.278622864337662
0.629387016014279,0.262522486703629,-0.676255283819871,-0.278626486812166
0.629369932799785,0.262518648362418,-0.676271180444811,-0.278630108655444
0.629352848211107,0.262514810361548,-0.676287077628678,-0.27863372987108
0.629335762244826,0.262510972697148,-0.676302975374554,-0.27863735046265
0.629318674897542,0.262507135365352,-0.676318873685504,-0.278640970433727
0.629301586165871,0.262503298362305,-0.676334772564577,-0.278644589787873
0.629284496046447,0.262499461684157,-0.676350672014802,-0.278648208528644
0.629267404535924,0.262495625327066,-0.676366572039193,-0.278651826659588
0.629250311630975,0.262491789287196,-0.676382472640744,-0.278655444184249
0.629233217328286,0.262487953560719,-0.676398373822434,-0.27865906110616
0.629216121624569,0.262484118143815,-0.676414275587221,-0.278662677428848
0.629199024516549,0.262480283032672,-0.676430177938048,-0.278666293155833
0.629181926000971,0.262476448223482,-0.676446080877838,-0.278669908290628
0.629164826074601,0.262472613712449,-0.676461984409497,-0.278673522836737
0.629147724734221,0.262468779495781,-0.676477888535913,-0.278677136797658
0.629130621976633,0.262464945569696,-0.676493793259954,-0.278680750176881
0.629113517798659,0.262461111930419,-0.676509698584471,-0.278684362977889
0.629096412050626,0.262457278599329,-0.676525604648688,-0.27868797518011
0.629079304583558,0.262453445598213,-0.676541511591151,-0.278691586762598
0.629062195395349,0.262449612923909,-0.67655741941367,-0.278695197728252
0.629045084483914,0.262445780573262,-0.676573328118038,-0.278698808079973
0.629027971847186,0.262441948543123,-0.67658923770603,-0.278702417820653
0.629010857483115,0.262438116830347,-0.676605148179403,-0.27870602695318
0.628993741389671,0.262434285431791,-0.676621059539895,-0.278709635480437
0.628976623564844,0.262430454344324,-0.676636971789229,-0.278713243405302
0.628959504006641,0.262426623564813,-0.676652884929106,-0.278716850730647
0.628942382713089,0.262422793090134,-0.676668798961212,-0.278720457459342
0.628925259682235,0.262418962917169,-0.676684713887214,-0.278724063594247
0.628908134912144,0.262415133042803,-0.67670062970876,-0.278727669138221
0.6288910084009,0.262411303463926,-0.676716546427479,-0.278731274094115
0.628873880146609,0.262407474177436,-0.676732464044982,-0.278734878464777
0.628856750147394,0.262403645180233,-0.676748382562864,-0.278738482253048
0.628839618401398,0.262399816469225,-0.676764301982697,-0.278742085461763
0.628822484906786,0.262395988041326,-0.676780222306038,-0.278745688093755
0.628805349661741,0.262392159893452,-0.676796143534422,-0.278749290151848
0.628788212664465,0.262388332022528,-0.676812065669367,-0.278752891638862
0.628771073913182,0.262384504425483,-0.676827988712372,-0.278756492557612
0.628753933406137,0.262380677099252,-0.676843912664916,-0.278760092910906
0.628736791141591,0.262376850040774,-0.676859837528459,-0.278763692701549
0.62871964711783,0.262373023246998,-0.676875763304443,-0.278767291932337
0.628702501333157,0.262369196714874,-0.67689168999429,-0.278770890606064
0.628685353785899,0.262365370441359,-0.676907617599399,-0.278774488725515
0.628668204485583,0.262361544361506,-0.676923546111021,-0.278778086351131
0.628651053441558,0.26235771841074,-0.676939475520567,-0.278781683542999
0.628633900651917,0.262353892586589,-0.676955405829656,-0.278785280303367
0.62861674611477,0.262350066886586,-0.676971337039884,-0.278788876634478
0.628599589828252,0.262346241308269,-0.676987269152831,-0.27879247253857
0.628582431790518,0.262342415849184,-0.677003202170052,-0.278796068017876
0.628565271999748,0.26233859050688,-0.677019136093083,-0.278799663074622
0.628548110454141,0.262334765278912,-0.677035070923438,-0.27880325771103
0.62853094715192,0.262330940162842,-0.677051006662611,-0.278806851929316
0.628513782091331,0.262327115156237,-0.677066943312073,-0.27881044573169
0.628496615270641,0.26232329025667,-0.677082880873276,-0.278814039120358
0.628479446688141,0.262319465461718,-0.677098819347649,-0.27881763209752
0.628462276342144,0.262315640768966,-0.677114758736599,-0.278821224665367
0.628445104230986,0.262311816176003,-0.677130699041514,-0.278824816826091
0.628427930353026,0.262307991680426,-0.677146640263757,-0.278828408581872
0.628410754706647,0.262304167279835,-0.677162582404673,-0.278831999934889
0.628393577290252,0.26230034297184,-0.677178525465581,-0.278835590887311
0.628376398102272,0.262296518754052,-0.677194469447782,-0.278839181441306
0.628359217141157,0.262292694624092,-0.677210414352553,-0.278842771599031
0.628342034405383,0.262288870579586,-0.677226360181147,-0.278846361362642
0.628324849893449,0.262285046618164,-0.677242306934799,-0.278849950734287
0.628307663603877,0.262281222737465,-0.677258254614719,-0.278853539716106
0.628290475535213,0.262277398935133,-0.677274203222095,-0.278857128310239
0.628273285686029,0.262273575208817,-0.677290152758093,-0.278860716518813
0.628256094054917,0.262269751556175,-0.677306103223856,-0.278864304343955
0.628238900559696,0.26226592796138,-0.677322054695661,-0.278867891799949
0.628221705118438,0.262262104408607,-0.67733800724954,-0.278871478901077
0.628204507730148,0.26225828089552,-0.67735396088623,-0.27887506564945
0.628187308393852,0.262254457419789,-0.677369915606452,-0.278878652047172
0.6281701071086,0.262250633979091,-0.677385871410904,-0.278882238096342
0.628152903873461,0.26224681057111,-0.677401828300267,-0.27888582379905
0.628135698687527,0.262242987193533,-0.677417786275198,-0.278889409157384
0.62811849154991,0.262239163844056,-0.677433745336338,-0.278892994173425
0.628101282459746,0.262235340520382,-0.677449705484303,-0.278896578849245
0.62808407141619,0.262231517220218,-0.677465666719693,-0.278900163186913
0.628066858418422,0.262227693941278,-0.677481629043085,-0.278903747188491
0.62804964346564,0.262223870681285,-0.677497592455036,-0.278907330856034
0.628032426557068,0.262220047437965,-0.677513556956082,-0.278910914191593
0.628015207691949,0.262216224209053,-0.677529522546739,-0.278914497197211
0.627997986869551,0.262212400992289,-0.677545489227503,-0.278918079874924
0.627980764089161,0.26220857778542,-0.677561456998846,-0.278921662226764
0.627963539350091,0.262204754586201,-0.677577425861224,-0.278925244254756
0.627946312651674,0.262200931392391,-0.677593395815067,-0.278928825960917
0.627929083993266,0.262197108201759,-0.677609366860787,-0.278932407347259
0.627911853374245,0.262193285012076,-0.677625338998774,-0.278935988415789
0.627894620794013,0.262189461821126,-0.677641312229398,-0.278939569168504
0.627877386251994,0.262185638626694,-0.677657286553005,-0.278943149607398
0.627860149747633,0.262181815426576,-0.677673261969923,-0.278946729734458
0.627842911280401,0.262177992218572,-0.677689238480456,-0.278950309551662
0.627825670849791,0.262174169000491,-0.677705216084888,-0.278953889060983
0.627808428647035,0.262170345933473,-0.677721194604735,-0.27895746811368
0.627791184862175,0.262166523177662,-0.67773717386266,-0.27896104656195
0.627773939492949,0.262162700729382,-0.677753153860631,-0.278964624409168
0.627756692537123,0.262158878584965,-0.677769134600592,-0.278968201658701
0.627739443992488,0.262155056740752,-0.677785116084465,-0.278971778313906
0.627722193856858,0.262151235193095,-0.677801098314146,-0.278975354378132
0.627704942128076,0.262147413938353,-0.677817081291509,-0.278978929854718
0.627687688804009,0.262143592972894,-0.677833065018399,-0.278982504746995
0.62767043388255,0.262139772293098,-0.67784904949664,-0.278986079058285
0.627653177361619,0.262135951895353,-0.677865034728032,-0.2789896527919
0.627635919239161,0.262132131776054,-0.677881020714349,-0.278993225951146
0.627618659513148,0.262128311931609,-0.67789700745734,-0.278996798539317
0.627601398181576,0.262124492358433,-0.67791299495873,-0.279000370559698
0.627584135242471,0.262120673052952,-0.67792898322022,-0.279003942015567
0.627566870693884,0.2621168540116,-0.677944972243484,-0.279007512910191
0.62754960453389,0.262113035230822,-0.677960962030172,-0.279011083246828
0.627532336760594,0.262109216707071,-0.67797695258191,-0.279014653028729
0.627515067372126,0.262105398436811,-0.677992943900296,-0.279018222259132
0.627497796366643,0.262101580416516,-0.678008935986907,-0.279021790941269
0.627480523742331,0.262097762642669,-0.678024928843291,-0.279025359078361
0.627463249497399,0.262093945111761,-0.678040922470971,-0.27902892667362
0.627445973630087,0.262090127820295,-0.678056916871446,-0.279032493730249
0.62742869613866,0.262086310764785,-0.67807291204619,-0.279036060251442
0.62741141702141,0.262082493941751,-0.678088907996648,-0.279039626240382
0.627394136276657,0.262078677347727,-0.678104904724243,-0.279043191700244
0.627376853845425,0.26207486095621,-0.678120902283635,-0.279046756655276
0.627359569669495,0.262071044741221,-0.678136900728767,-0.279050321129243
0.627342283748504,0.262067228700051,-0.678152900059821,-0.279053885124612
0.627324996082282,0.262063412829962,-0.678168900276801,-0.279057448643881
0.627307706670697,0.262059597128219,-0.678184901379672,-0.279061011689543
0.627290415513649,0.262055781592097,-0.678200903368371,-0.279064574264083
0.627273122611068,0.262051966218877,-0.678216906242809,-0.27906813636998
0.627255827962913,0.262048151005847,-0.678232910002867,-0.279071698009706
0.627238531569176,0.262044335950303,-0.678248914648398,-0.279075259185724
0.627221233429876,0.26204052104955,-0.678264920179228,-0.279078819900492
0.627203933545066,0.262036706300899,-0.678280926595152,-0.27908238015646
0.627186631914828,0.262032891701669,-0.678296933895939,-0.27908593995607
0.627169328539275,0.262029077249188,-0.678312942081328,-0.279089499301759
0.627152023418552,0.26202526294079,-0.67832895115103,-0.279093058195953
0.627134716552834,0.262021448773818,-0.678344961104725,-0.279096616641074
0.627117407942328,0.262017634745624,-0.678360971942068,-0.279100174639535
0.627100097587271,0.262013820853565,-0.67837698366268,-0.279103732193741
0.627082785487933,0.262010007095009,-0.678392996266157,-0.279107289306091
0.627065471644616,0.262006193467329,-0.678409009752065,-0.279110845978975
0.627048156057651,0.26200237996791,-0.678425024119938,-0.279114402214777
0.627030838727404,0.261998566594141,-0.678441039369283,-0.279117958015872
0.62701351965427,0.261994753343423,-0.678457055499579,-0.279121513384628
0.626996198838678,0.261990940213163,-0.67847307251027,-0.279125068323406
0.626978876281089,0.261987127200775,-0.678489090400776,-0.279128622834557
0.626961551981994,0.261983314303685,-0.678505109170483,-0.279132176920427
0.626944225956709,0.261979501703622,-0.678521128804113,-0.279135730412747
0.626926898221009,0.261975689580531,-0.678537149285971,-0.279139283144916
0.626909568776136,0.261971877929181,-0.678553170614774,-0.279142835121762
0.626892237623371,0.261968066744357,-0.6785691927892,-0.279146386348096
0.626874904764036,0.261964256020857,-0.678585215807892,-0.279149936828717
0.626857570199491,0.261960445753499,-0.678601239669455,-0.279153486568407
0.626840233931136,0.261956635937116,-0.678617264372458,-0.279157035571933
0.626822895960414,0.261952826566554,-0.678633289915432,-0.279160583844047
0.626805556288804,0.26194901763668,-0.678649316296874,-0.279164131389486
0.62678821491783,0.261945209142375,-0.678665343515239,-0.279167678212971
0.626770871849051,0.261941401078537,-0.678681371568948,-0.279171224319208
0.626753527084071,0.261937593440079,-0.678697400456384,-0.279174769712886
0.626736180624533,0.261933786221934,-0.678713430175892,-0.279178314398682
0.626718832472121,0.261929979419047,-0.67872946072578,-0.279181858381253
0.626701482628561,0.261926173026385,-0.678745492104318,-0.279185401665244
0.626684131095616,0.261922367038927,-0.678761524309738,-0.279188944255281
0.626666777875097,0.261918561451673,-0.678777557340234,-0.279192486155978
0.626649422968849,0.261914756259636,-0.678793591193963,-0.27919602737193
0.626632066378764,0.26191095145785,-0.678809625869042,-0.279199567907716
0.626614708106772,0.261907147041364,-0.678825661363552,-0.279203107767901
0.626597348154847,0.261903343005243,-0.678841697675535,-0.279206646957033
0.626579986525002,0.261899539344571,-0.678857734802994,-0.279210185479643
0.626562623219295,0.261895736054451,-0.678873772743894,-0.279213723340249
0.626545258239825,0.261891933129999,-0.67888981149616,-0.279217260543347
0.626527891588731,0.261888130566352,-0.678905851057682,-0.279220797093423
0.626510523293835,0.261884328380832,-0.678921891402473,-0.279224332974571
0.626493153382805,0.261880526591036,-0.678937932504697,-0.279227868170638
0.626475781857612,0.261876725192536,-0.678953974362401,-0.279231402685705
0.626458408720272,0.261872924180918,-0.678970016973597,-0.279234936523841
0.626441033972844,0.261869123551779,-0.678986060336252,-0.279238469689105
0.626423657617426,0.261865323300729,-0.679002104448299,-0.279242002185544
0.626406279656165,0.261861523423391,-0.679018149307629,-0.279245534017191
0.626388900091247,0.261857723915402,-0.679034194912092,-0.27924906518807
0.626371518924903,0.261853924772411,-0.679050241259499,-0.27925259570219
0.626354136159408,0.26185012599008,-0.679066288347622,-0.279256125563549
0.626336751797079,0.261846327564084,-0.679082336174194,-0.279259654776135
0.626319365840278,0.261842529490111,-0.679098384736904,-0.279263183343922
0.62630197829141,0.261838731763863,-0.679114434033405,-0.279266711270869
0.626284589152924,0.261834934381055,-0.679130484061306,-0.279270238560926
0.626267198427315,0.261831137337413,-0.67914653481818,-0.279273765218033
0.626249806117119,0.261827340628681,-0.679162586301556,-0.279277291246112
0.626232412224917,0.261823544250612,-0.679178638508923,-0.279280816649075
0.626215016753337,0.261819748198976,-0.679194691437731,-0.279284341430823
0.626197619705047,0.261815952469553,-0.679210745085388,-0.279287865595242
0.626180221082764,0.26181215705814,-0.679226799449261,-0.279291389146207
0.626162820889246,0.261808361960545,-0.679242854526678,-0.27929491208758
0.626145419127298,0.261804567172591,-0.679258910314923,-0.27929843442321
0.626128015799768,0.261800772690115,-0.679274966811242,-0.279301956156933
0.626110610909552,0.261796978508968,-0.679291024012839,-0.279305477292573
0.626093204459586,0.261793184625013,-0.679307081916875,-0.279308997833941
0.626075796478894,0.261789391078993,-0.67932314049617,-0.279312517743528
0.626058386996347,0.261785597911195,-0.67933919972369,-0.279316036984249
0.626040976014729,0.261781805116825,-0.679355259596753,-0.279319555560528
0.626023563536865,0.261778012691105,-0.679371320112638,-0.279323073476775
0.62600614956563,0.261774220629272,-0.679387381268581,-0.279326590737385
0.625988734103942,0.261770428926579,-0.679403443061778,-0.279330107346738
0.625971317154765,0.261766637578294,-0.679419505489383,-0.2793336233092
0.625953898721107,0.261762846579702,-0.679435568548506,-0.279337138629123
0.625936478806024,0.261759055926103,-0.679451632236219,-0.279340653310844
0.625919057412616,0.261755265612813,-0.67946769654955,-0.279344167358685
0.62590163454403,0.261751475635163,-0.679483761485485,-0.279347680776953
0.625884210203458,0.261747685988504,-0.679499827040969,-0.279351193569941
0.625866784394138,0.261743896668197,-0.679515893212905,-0.279354705741926
0.625849357119354,0.261740107669624,-0.679531959998153,-0.279358217297171
0.625831928382438,0.261736318988181,-0.679548027393531,-0.279361728239922
0.625814498186765,0.261732530619282,-0.679564095395817,-0.279365238574413
0.625797066535759,0.261728742558357,-0.679580164001743,-0.27936874830486
0.625779633432888,0.261724954800851,-0.679596233208002,-0.279372257435465
0.625762198881668,0.261721167342226,-0.679612303011243,-0.279375765970415
0.625744762885661,0.261717380177963,-0.679628373408073,-0.279379273913881
0.625727325448477,0.261713593303558,-0.679644444395057,-0.279382781270018
0.625709886573769,0.261709806714522,-0.679660515968715,-0.279386288042968
0.62569244626524,0.261706020406387,-0.679676588125529,-0.279389794236853
0.625675004526639,0.261702234374698,-0.679692660861935,-0.279393299855784
0.625657561361776,0.261698448615013,-0.679708734174311,-0.279396804903861
0.625640116792624,0.261694663135245,-0.679724808042211,-0.279400309373883
0.625622670841121,0.261690877943263,-0.679740882445221,-0.279403813258693
0.62560522351119,0.261687093034549,-0.679756957379625,-0.279407316562463
0.625587774806802,0.261683308404604,-0.679773032841661,-0.279410819289348
0.625570324731973,0.261679524048943,-0.67978910882753,-0.279414321443488
0.625552873290764,0.261675739963101,-0.67980518533339,-0.279417823029006
0.625535420487279,0.261671956142632,-0.679821262355358,-0.279421324050008
0.625517966325672,0.261668172583105,-0.679837339889509,-0.279424824510583
0.625500510810136,0.261664389280111,-0.67985341793188,-0.279428324414806
0.625483053944916,0.261660606229254,-0.679869496478463,-0.279431823766733
0.625465595734296,0.261656823426159,-0.679885575525211,-0.279435322570405
0.625448136182609,0.261653040866471,-0.679901655068036,-0.279438820829844
0.625430675294233,0.261649258545849,-0.679917735102809,-0.279442318549059
0.625413213073589,0.261645476459973,-0.679933815625359,-0.279445815732038
0.625395749525144,0.261641694604542,-0.679949896631474,-0.279449312382755
0.625378284653412,0.26163791297527,-0.679965978116903,-0.279452808505165
0.625360818462951,0.261634131567894,-0.67998206007735,-0.279456304103208
0.625343350958362,0.261630350378167,-0.679998142508484,-0.279459799180805
0.625325882144294,0.26162656940186,-0.680014225405928,-0.279463293741863
0.625308412025439,0.261622788634765,-0.680030308765266,-0.279466787790267
0.625290940606534,0.261619008072691,-0.680046392582043,-0.279470281329889
0.625273467892363,0.261615227711467,-0.68006247685176,-0.279473774364581
0.625255993887752,0.261611447546941,-0.68007856156988,-0.27947726689818
0.625238518597573,0.261607667574978,-0.680094646731825,-0.279480758934503
0.625221042026744,0.261603887791466,-0.680110732332976,-0.27948425047735
0.6252035641276,0.261600108098249,-0.680126818417727,-0.279487741616891
0.625186084853283,0.261596328398749,-0.680142905029718,-0.279491232441832
0.62516860420997,0.261592548691246,-0.680158992163138,-0.279494722953763
0.625151122203879,0.261588768974025,-0.680175079812145,-0.279498213154266
0.625133638841268,0.261584989245379,-0.68019116797086,-0.279501703044914
0.625116154128432,0.261581209503613,-0.680207256633369,-0.279505192627277
0.625098668071705,0.261577429747039,-0.680223345793726,-0.279508681902911
0.625081180677459,0.261573649973978,-0.680239435445948,-0.279512170873368
0.625063691952103,0.261569870182759,-0.680255525584021,-0.279515659540193
0.625046201902085,0.261566090371721,-0.680271616201895,-0.27951914790492
0.625028710533891,0.261562310539212,-0.680287707293488,-0.279522635969078
0.625011217854042,0.261558530683587,-0.680303798852683,-0.279526123734187
0.624993723869098,0.261554750803214,-0.68031989087333,-0.279529611201758
0.624976228585656,0.261550970896465,-0.68033598334925,-0.279533098373297
0.624958732010348,0.261547190961724,-0.680352076274226,-0.2795365852503
0.624941234149844,0.261543410997384,-0.680368169642013,-0.279540071834255
0.624923735010849,0.261539631001845,-0.68038426344633,-0.279543558126644
0.624906234600102,0.261535850973519,-0.680400357680868,-0.279547044128939
0.62488873292438,0.261532070910825,-0.680416452339284,-0.279550529842605
0.624871229990495,0.261528290812192,-0.680432547415205,-0.279554015269097
0.624853725805291,0.261524510676057,-0.680448642902228,-0.279557500409866
0.624836220375647,0.261520730500869,-0.680464738793918,-0.279560985266351
0.624818713708478,0.261516950285082,-0.68048083508381,-0.279564469839985
0.624801205810731,0.261513170027164,-0.680496931765412,-0.279567954132192
0.624783696689384,0.261509389725588,-0.680513028832201,-0.279571438144389
0.624766186310948,0.261505609388746,-0.680529126314848,-0.279574921868618
0.624748674642331,0.261501829024471,-0.680545224243659,-0.279578405297431
0.624731161691153,0.261498048630431,-0.680561322611519,-0.279581888432995
0.624713647465061,0.261494268204311,-0.68057742141129,-0.279585371277451
0.624696131971734,0.261490487743822,-0.680593520635808,-0.279588853832924
0.624678615218874,0.261486707246693,-0.680609620277885,-0.279592336101519
0.624661097214213,0.261482926710677,-0.680625720330311,-0.27959581808532
0.624643577965506,0.261479146133548,-0.680641820785852,-0.279599299786393
0.624626057480535,0.261475365513102,-0.680657921637254,-0.279602781206782
0.624608535767104,0.261471584847158,-0.68067402287724,-0.279606262348512
0.624591012833041,0.261467804133556,-0.680690124498514,-0.27960974321359
0.624573488686199,0.261464023370158,-0.680706226493761,-0.279613223803999
0.624555963334448,0.261460242554849,-0.680722328855646,-0.279616704121705
0.62453843678568,0.261456461685537,-0.680738431576819,-0.279620184168653
0.624520909047807,0.26145268076015,-0.680754534649911,-0.279623663946766
0.624503380128759,0.261448899776642,-0.68077063806754,-0.279627143457948
0.624485850036481,0.261445118732986,-0.680786741822308,-0.279630622704084
0.624468318778937,0.26144133762718,-0.680802845906804,-0.279634101687034
0.624450786364102,0.261437556457246,-0.680818950313606,-0.279637580408643
0.624433252799964,0.261433775221224,-0.680835055035278,-0.279641058870731
0.624415718094526,0.261429993917183,-0.680851160064381,-0.279644537075098
0.624398182255798,0.26142621254321,-0.680867265393462,-0.279648015023524
0.624380645291798,0.261422431097419,-0.680883371015064,-0.279651492717767
0.624363107210553,0.261418649577945,-0.680899476921726,-0.279654970159566
0.624345568020092,0.261414867982947,-0.680915583105981,-0.279658447350635
0.624328027715199,0.261411086283142,-0.68093168957272,-0.279661924317841
0.624310486290648,0.261407304450008,-0.680947796326832,-0.279665401087346
0.62429294375446,0.261403522482869,-0.680963903360854,-0.279668877659794
0.624275400114653,0.26139974038106,-0.680980010667326,-0.279672354035814
0.624257855379241,0.261395958143929,-0.680996118238792,-0.279675830216029
0.624240309556234,0.261392175770837,-0.681012226067805,-0.279679306201046
0.624222762653629,0.261388393261155,-0.681028334146927,-0.279682781991465
0.624205214679413,0.261384610614266,-0.681044442468732,-0.279686257587874
0.624187665641557,0.261380827829568,-0.68106055102581,-0.279689732990851
0.624170115548016,0.261377044906467,-0.681076659810768,-0.279693208200963
0.624152564406722,0.261373261844383,-0.681092768816234,-0.279696683218765
0.62413501222558,0.261369478642746,-0.68110887803486,-0.279700158044803
0.624117459012473,0.261365695301001,-0.681124987459326,-0.279703632679613
0.624099904775245,0.2613619118186,-0.681141097082342,-0.279707107123718
0.62408234952171,0.261358128195012,-0.681157206896652,-0.279710581377632
0.624064793259637,0.261354344429713,-0.681173316895039,-0.279714055441858
0.624047235996754,0.261350560522194,-0.681189427070328,-0.279717529316888
0.624029677740738,0.261346776471955,-0.681205537415389,-0.279721003003205
0.624012118499212,0.26134299227851,-0.681221647923145,-0.279724476501279
0.623994558279741,0.261339207941381,-0.681237758586573,-0.279727949811572
0.623976997089822,0.261335423460105,-0.681253869398712,-0.279731422934533
0.623959434936887,0.261331638834229,-0.681269980352666,-0.279734895870601
0.623941871828286,0.261327854063309,-0.68128609144161,-0.279738368620208
0.623924307771291,0.261324069146915,-0.681302202658797,-0.27974184118377
0.623906742773082,0.261320284084629,-0.681318313997562,-0.279745313561697
0.62388917682205,0.261316498863951,-0.681334425468576,-0.279748785765366
0.623871609906663,0.261312713472551,-0.681350537082437,-0.279752257806003
0.623854042034055,0.261308927910274,-0.681366648832517,-0.279755729683772
0.623836473211238,0.261305142176968,-0.681382760712309,-0.27975920139883
0.623818903445086,0.261301356272489,-0.681398872715427,-0.279762672951331
0.623801332742333,0.261297570196698,-0.681414984835618,-0.279766144341422
0.623783761109563,0.261293783949459,-0.681431097066768,-0.279769615569245
0.623766188553197,0.261289997530643,-0.681447209402911,-0.279773086634936
0.623748615079489,0.261286210940124,-0.681463321838239,-0.279776557538628
0.623731040694513,0.261282424177778,-0.681479434367108,-0.279780028280451
0.623713465404156,0.261278637243484,-0.681495546984047,-0.279783498860531
0.623695889214102,0.261274850137122,-0.681511659683773,-0.279786969278992
0.623678312129831,0.261271062858575,-0.681527772461192,-0.279790439535954
0.623660734156596,0.261267275407726,-0.681543885311414,-0.279793909631538
0.623643155299426,0.261263487784455,-0.681559998229763,-0.279797379565863
0.623625575563103,0.261259699988643,-0.681576111211786,-0.279800849339047
0.623607994952157,0.261255912020169,-0.681592224253262,-0.27980431895121
0.623590413470856,0.261252123878909,-0.681608337350215,-0.279807788402471
0.62357283112319,0.261248335564735,-0.681624450498919,-0.279811257692953
0.623555247912864,0.261244547077515,-0.681640563695915,-0.279814726822779
0.623537663843284,0.261240758417112,-0.681656676938016,-0.279818195792076
0.623520078917551,0.261236969583381,-0.681672790222319,-0.279821664600976
0.623502493138444,0.261233180576173,-0.681688903546212,-0.279825133249615
0.623484906508415,0.261229391395329,-0.681705016907387,-0.279828601738131
0.623467319029578,0.26122560204068,-0.681721130303846,-0.279832070066674
0.623449730679877,0.261221812519515,-0.681737243755713,-0.279835538228389
0.623432141436954,0.26121802283887,-0.681753357283382,-0.279839006216653
0.62341455130194,0.261214232998191,-0.681769470885755,-0.279842474031956
0.623396960275594,0.261210442996926,-0.681785584562073,-0.279845941674791
0.6233793683583,0.26120665283452,-0.681801698311926,-0.279849409145645
0.623361775550056,0.261202862510415,-0.681817812135251,-0.27985287644501
0.623344181850476,0.261199072024048,-0.681833926032342,-0.279856343573377
0.623326587258785,0.261195281374848,-0.681850040003848,-0.27985981053124
0.623308991773813,0.261191490562241,-0.68186615405078,-0.279863277319097
0.623291395393998,0.261187699585641,-0.681882268174508,-0.279866743937453
0.623273798117383,0.261183908444452,-0.681898382376766,-0.279870210386817
0.623256199941615,0.26118011713807,-0.681914496659648,-0.279873676667707
0.62323860086395,0.261176325665874,-0.681930611025608,-0.27987714278065
0.62322100088125,0.261172534027233,-0.68194672547746,-0.279880608726179
0.623203399989989,0.261168742221498,-0.681962840018373,-0.279884074504844
0.623185798186255,0.261164950248006,-0.681978954651871,-0.279887540117202
0.623168195465756,0.261161158106074,-0.681995069381822,-0.279891005563827
0.623150591823822,0.261157365795004,-0.682011184212445,-0.279894470845304
0.623132987255412,0.261153573314075,-0.682027299148294,-0.279897935962234
0.623115381755121,0.261149780662547,-0.682043414194258,-0.279901400915237
0.623097775317184,0.261145987839656,-0.682059529355555,-0.279904865704948
0.623080167935485,0.261142194844617,-0.682075644637723,-0.27990833033202
0.623062559603563,0.26113840167662,-0.682091760046615,-0.279911794797125
0.623044950314622,0.261134608334831,-0.682107875588392,-0.279915259100959
0.623027340061533,0.261130814818389,-0.682123991269515,-0.279918723244233
0.623009728823534,0.261127021126022,-0.682140107108942,-0.279922187227946
0.622992116579504,0.261123227256642,-0.682156223125952,-0.279925651052922
0.622974503321295,0.261119433209633,-0.682172339327932,-0.279929114719643
0.622956889040442,0.26111563898436,-0.68218845572256,-0.279932578228603
0.622939273728164,0.261111844580171,-0.682204572317802,-0.27993604158031
0.622921657375377,0.261108049996395,-0.6822206891219,-0.279939504775289
0.622904039972699,0.261104255232342,-0.682236806143367,-0.279942967814075
0.622886421510461,0.261100460287306,-0.682252923390977,-0.279946430697222
0.622868801978713,0.261096665160559,-0.682269040873763,-0.279949893425295
0.622851181367229,0.261092869851357,-0.682285158601003,-0.279953355998875
0.622833559665521,0.261089074358936,-0.682301276582222,-0.279956818418557
0.622815936862838,0.261085278682512,-0.682317394827174,-0.279960280684954
0.622798312948181,0.261081482821283,-0.682333513345848,-0.279963742798691
0.622780687910303,0.261077686774428,-0.68234963214845,-0.279967204760409
0.622763061737721,0.261073890541105,-0.682365751245408,-0.279970666570767
0.622745434418719,0.261070094120453,-0.682381870647356,-0.279974128230437
0.622727805941353,0.26106629751159,-0.682397990365137,-0.27997758974011
0.62271017629346,0.261062500713612,-0.682414110409791,-0.279981051100491
0.62269254546266,0.261058703725597,-0.682430230792558,-0.279984512312307
0.622674913436362,0.261054906546596,-0.682446351524865,-0.2799879733763
0.622657280201766,0.261051109175641,-0.682462472618331,-0.27999143429323
0.622639645745871,0.261047311611735,-0.682478594084758,-0.279994895063883
0.622622010055473,0.261043513853857,-0.682494715936128,-0.27999835568906
0.622604373117167,0.261039715900957,-0.682510838184608,-0.280001816169593
0.622586734917354,0.261035917751955,-0.68252696084254,-0.280005276506333
0.622569095443324,0.261032119409456,-0.682543083921424,-0.280008736696771
0.62255145468206,0.261028320875948,-0.682559207433037,-0.280012196738496
0.622533812619248,0.26102452215016,-0.682575331390373,-0.280015656632531
0.62251616924043,0.261020723230838,-0.682591455806548,-0.28001911637988
0.622498524531019,0.261016924116747,-0.682607580694799,-0.280022575981528
0.622480878476299,0.261013124806681,-0.682623706068476,-0.280026035438432
0.62246323106143,0.261009325299456,-0.68263983194104,-0.280029494751528
0.622445582271452,0.261005525593917,-0.682655958326059,-0.280032953921722
0.622427932091285,0.261001725688929,-0.68267208523721,-0.280036412949901
0.622410280505727,0.260997925583381,-0.682688212688275,-0.280039871836928
0.622392627499457,0.260994125276176,-0.682704340693145,-0.280043330583653
0.622374973057034,0.260990324766229,-0.682720469265816,-0.28004678919091
0.622357317162894,0.260986524052461,-0.682736598420397,-0.280050247659531
0.622339659801351,0.260982723133795,-0.682752728171104,-0.280053705990337
0.622322000956596,0.260978922009154,-0.682768858532262,-0.280057164184154
0.622304340612699,0.260975120677457,-0.682784989518305,-0.280060622241809
0.622286678753607,0.260971319137611,-0.682801121143777,-0.280064080164132
0.622269015363144,0.260967517388519,-0.682817253423331,-0.280067537951964
0.622251350425013,0.260963715429067,-0.682833386371729,-0.280070995606153
0.622233683922799,0.260959913258131,-0.682849520003837,-0.280074453127557
0.622216015839965,0.260956110874569,-0.682865654334632,-0.280077910517049
0.622198346159856,0.260952308277225,-0.682881789379192,-0.280081367775511
0.622180674865701,0.260948505464926,-0.682897925152703,-0.28008482490384
0.622163001940612,0.260944702436481,-0.682914061670453,-0.28008828190295
0.622145327367586,0.260940899190679,-0.682930198947833,-0.280091738773768
0.622127651112587,0.260937095728963,-0.682946337015777,-0.280095195514672
0.622109973140767,0.260933292052679,-0.682962475905958,-0.280098652124121
0.622092293433735,0.260929488160446,-0.682978615635023,-0.280102108603185
0.622074611972984,0.260925684050863,-0.682994756219724,-0.28010556495295
0.622056928739895,0.260921879722505,-0.683010897676908,-0.280109021174522
0.622039243715735,0.260918075173926,-0.683027040023527,-0.280112477269023
0.622021556881663,0.260914270403658,-0.683043183276628,-0.280115933237596
0.622003868218729,0.260910465410211,-0.683059327453354,-0.280119389081401
0.621986177707871,0.260906660192072,-0.683075472570946,-0.280122844801616
0.621968485329922,0.260902854747705,-0.68309161864674,-0.28012630039944
0.62195079106561,0.260899049075552,-0.683107765698164,-0.280129755876088
0.621933094895554,0.260895243174034,-0.683123913742743,-0.280133211232795
0.62191539680027,0.260891437041545,-0.683140062798091,-0.280136666470816
0.621897696760169,0.260887630676462,-0.683156212881916,-0.280140121591423
0.621879994755561,0.260883824077134,-0.683172364012017,-0.280143576595908
0.62186229076665,0.260880017241889,-0.683188516206283,-0.280147031485582
0.62184458477354,0.260876210169032,-0.683204669482694,-0.280150486261776
0.621826876756235,0.260872402856846,-0.683220823859317,-0.280153940925838
0.621809166694635,0.260868595303589,-0.68323697935431,-0.280157395479138
0.621791454568541,0.260864787507497,-0.68325313598592,-0.280160849923063
0.621773740357656,0.260860979466782,-0.683269293772478,-0.280164304259021
0.621756024041583,0.260857171179633,-0.683285452732405,-0.280167758488437
0.621738305599825,0.260853362644216,-0.683301612884208,-0.280171212612758
0.62172058501179,0.260849553858672,-0.683317774246481,-0.28017466663345
0.621702862256784,0.260845744821122,-0.683333936837903,-0.280178120551998
0.621685137313394,0.260841935566,-0.683350100677538,-0.280181574336728
0.621667410160352,0.260838126128561,-0.683366265784311,-0.280185027955221
0.62164968077704,0.260834316508124,-0.683382432176812,-0.280188481407869
0.621631949142749,0.260830506703989,-0.683398599873716,-0.280191934695078
0.621614215236676,0.260826696715438,-0.683414768893778,-0.280195387817266
0.621596479037922,0.260822886541737,-0.683430939255836,-0.280198840774869
0.621578740525499,0.260819076182132,-0.683447110978807,-0.280202293568334
0.621560999678325,0.260815265635854,-0.683463284081692,-0.280205746198124
0.621543256475225,0.260811454902114,-0.683479458583572,-0.280209198664717
0.621525510894933,0.260807643980107,-0.683495634503606,-0.280212650968604
0.621507762916091,0.260803832869006,-0.683511811861034,-0.280216103110292
0.621490012517251,0.260800021567972,-0.683527990675178,-0.280219555090302
0.621472259676871,0.260796210076142,-0.683544170965437,-0.280223006909171
0.621454504373324,0.260792398392638,-0.68356035275129,-0.280226458567448
0.621436746584886,0.260788586516563,-0.683576536052295,-0.2802299100657
0.621418986289747,0.260784774447002,-0.683592720888089,-0.280233361404506
0.621401223466006,0.26078096218302,-0.683608907278386,-0.280236812584464
0.621383458091671,0.260777149723665,-0.683625095242981,-0.280240263606183
0.621365690144662,0.260773337067965,-0.683641284801745,-0.28024371447029
0.621347919602808,0.260769524214932,-0.683657475974627,-0.280247165177424
0.621330146443851,0.260765711163555,-0.683673668781655,-0.280250615728243
0.621312370645443,0.260761897912808,-0.683689863242933,-0.280254066123419
0.621294592185145,0.260758084461645,-0.683706059378643,-0.280257516363637
0.621276811040433,0.260754270808999,-0.683722257209046,-0.280260966449602
0.621259027188692,0.260750456953787,-0.683738456754476,-0.280264416382029
0.621241240636335,0.26074664290011,-0.683754658008761,-0.28026786615713
0.62122345139021,0.260742828651715,-0.683770860965341,-0.280271315771441
0.621205659428216,0.260739014206952,-0.68378706564408,-0.2802747652262
0.62118786472817,0.260735199564144,-0.683803272064919,-0.280278214522665
0.621170067267801,0.260731384721593,-0.683819480247875,-0.280281663662113
0.621152267024749,0.260727569677575,-0.683835690213042,-0.280285112645843
0.62113446397657,0.260723754430342,-0.683851901980586,-0.280288561475173
0.621116658100732,0.260719938978122,-0.683868115570749,-0.280292010151441
0.621098849374618,0.260716123319118,-0.68388433100385,-0.280295458676006
0.621081037775523,0.260712307451508,-0.683900548300282,-0.280298907050247
0.621063223280657,0.260708491373447,-0.683916767480512,-0.280302355275565
0.621045405867144,0.260704675083063,-0.683932988565082,-0.28030580335338
0.62102758551206,0.260700858578463,-0.683949211574575,-0.280309251285131
0.621009762192705,0.260697041857734,-0.683965436529363,-0.280312699072277
0.620991935886474,0.260693224918943,-0.683981663449731,-0.280316146716291
0.620974106570695,0.260689407760134,-0.683997892356021,-0.280319594218669
0.620956274222616,0.260685590379325,-0.684014123268641,-0.280323041580927
0.620938438819415,0.260681772774512,-0.684030356208064,-0.280326488804598
0.620920600338189,0.260677954943664,-0.684046591194829,-0.28032993589124
0.620902758755964,0.260674136884729,-0.684062828249537,-0.280333382842427
0.620884914049687,0.260670318595629,-0.684079067392859,-0.280336829659755
0.620867066196232,0.260666500074261,-0.684095308645526,-0.280340276344841
0.620849215172398,0.260662681318497,-0.684111552028336,-0.280343722899321
0.620831360954907,0.260658862326187,-0.68412779756215,-0.280347169324852
0.620813503520408,0.260655043095154,-0.684144045267897,-0.280350615623113
0.620795642836363,0.260651223611589,-0.684160295174952,-0.280354061806299
0.620777778869827,0.260647403861343,-0.684176547313064,-0.280357507886913
0.620759911596721,0.260643583841692,-0.68419280170381,-0.280360953867118
0.620742040992892,0.260639763549886,-0.684209058368832,-0.280364399749102
0.620724167034108,0.260635942983145,-0.68422531732984,-0.280367845535075
0.620706289696064,0.260632122138664,-0.684241578608605,-0.280371291227268
0.620688408954378,0.260628301013609,-0.684257842226968,-0.280374736827939
0.620670524784591,0.260624479605122,-0.68427410820683,-0.280378182339366
0.620652637162172,0.260620657910312,-0.68429037657016,-0.280381627763849
0.620634746062511,0.260616835926265,-0.684306647338991,-0.280385073103713
0.620616851460925,0.260613013650036,-0.68432292053542,-0.280388518361307
0.620598953332651,0.260609191078656,-0.684339196181609,-0.280391963538999
0.620581051652857,0.260605368209126,-0.684355474299786,-0.280395408639184
0.620563146396631,0.26060154503842,-0.684371754912241,-0.280398853664278
0.620545237538987,0.260597721563484,-0.684388038041331,-0.280402298616721
0.620527325054864,0.260593897781236,-0.684404323709476,-0.280405743498975
0.620509408919125,0.260590073688567,-0.684420611939161,-0.280409188313526
0.620491489106558,0.260586249282341,-0.684436902752934,-0.280412633062883
0.620473565591877,0.260582424559391,-0.684453196173409,-0.280416077749577
0.620455638349719,0.260578599516526,-0.684469492223263,-0.280419522376165
0.620437707354648,0.260574774150525,-0.684485790925239,-0.280422966945223
0.62041977258115,0.26057094845814,-0.684502092302141,-0.280426411459354
0.620401834003638,0.260567122436094,-0.68451839637684,-0.280429855921183
0.62038389159645,0.260563296081081,-0.68453470317227,-0.280433300333357
0.620365945333849,0.260559469389772,-0.684551012711428,-0.280436744698548
0.6203479951318,0.260555642332375,-0.684567325070541,-0.280440189043019
0.62033004090564,0.260551814878773,-0.684583640326393,-0.280443633393323
0.620312082628573,0.260547987025096,-0.684599958502921,-0.280447077752599
0.620294120273729,0.260544158767445,-0.684616279624123,-0.280450522124009
0.620276153814161,0.260540330101891,-0.684632603714065,-0.280453966510742
0.620258183222847,0.260536501024477,-0.684648930796876,-0.280457410916009
0.620240208472688,0.260532671531215,-0.684665260896748,-0.280460855343046
0.62022222953651,0.26052884161809,-0.684681594037939,-0.280464299795113
0.620204246387065,0.260525011281055,-0.684697930244772,-0.280467744275496
0.620186258997026,0.260521180516035,-0.684714269541631,-0.280471188787505
0.620168267338993,0.260517349318926,-0.684730611952967,-0.280474633334471
0.62015027138549,0.260513517685593,-0.684746957503297,-0.280478077919753
0.620132271108965,0.260509685611872,-0.684763306217197,-0.280481522546735
0.620114266481788,0.260505853093572,-0.684779658119312,-0.280484967218821
0.620096257476257,0.260502020126467,-0.684796013234349,-0.280488411939444
0.620078244064592,0.260498186706308,-0.684812371587079,-0.280491856712059
0.620060226218938,0.260494352828811,-0.684828733202339,-0.280495301540147
0.620042203911366,0.260490518489665,-0.684845098105028,-0.280498746427211
0.620024177113866,0.26048668368453,-0.684861466320111,-0.28050219137678
0.620006145798359,0.260482848409034,-0.684877837872616,-0.280505636392409
0.619988109936686,0.260479012658778,-0.684894212787636,-0.280509081477675
0.619970069500613,0.26047517642933,-0.684910591090327,-0.280512526636181
0.61995202446183,0.260471339716232,-0.684926972805911,-0.280515971871552
0.619933974791952,0.260467502514993,-0.684943357959672,-0.280519417187442
0.619915920462519,0.260463664821094,-0.684959746576959,-0.280522862587526
0.619897861443278,0.260459826671202,-0.684976138684406,-0.280526308038051
0.619879797704175,0.260455988102544,-0.684992534308455,-0.280529753504757
0.61986172921693,0.260452149111398,-0.685008933474269,-0.280533198990594
0.61984365595319,0.260448309694016,-0.685025336207074,-0.280536644498537
0.619825577884528,0.260444469846623,-0.685041742532157,-0.280540090031581
0.619807494982442,0.260440629565417,-0.685058152474871,-0.280543535592742
0.619789407218353,0.260436788846568,-0.68507456606063,-0.28054698118506
0.619771314563608,0.26043294768622,-0.685090983314913,-0.280550426811598
0.619753216989481,0.26042910608049,-0.685107404263259,-0.280553872475439
0.619735114467171,0.260425264025466,-0.685123828931275,-0.280557318179689
0.619717006967799,0.260421421517212,-0.685140257344625,-0.280560763927475
0.619698894462414,0.260417578551762,-0.685156689529043,-0.28056420972195
0.619680776921989,0.260413735125123,-0.68517312551032,-0.280567655566284
0.619662654317424,0.260409891233277,-0.685189565314314,-0.280571101463675
0.61964452661954,0.260406046872176,-0.685206008966945,-0.280574547417337
0.619626393799086,0.260402202037747,-0.685222456494196,-0.280577993430512
0.619608255826737,0.260398356725886,-0.685238907922113,-0.280581439506461
0.61959011267309,0.260394510932466,-0.685255363276805,-0.280584885648467
0.619571964308669,0.26039066465333,-0.685271822584446,-0.280588331859839
0.619553810703921,0.260386817884293,-0.685288285871271,-0.280591778143905
0.619535651829219,0.260382970621145,-0.685304753163579,-0.280595224504016
0.619517487654862,0.260379122859646,-0.685321224487733,-0.280598670943546
0.619499318151072,0.260375274595529,-0.685337699870157,-0.280602117465892
0.619481143287996,0.260371425824501,-0.685354179337342,-0.280605564074472
0.619462963035707,0.260367576542238,-0.685370662915838,-0.280609010772728
0.619444777394213,0.260363726718068,-0.685387150605255,-0.28061245758826
0.619426586363708,0.260359876320886,-0.685403642405037,-0.280615904549056
0.619408389914426,0.260356025345683,-0.685420138341587,-0.280619351659177
0.619390188016529,0.260352173787418,-0.685436638441366,-0.280622798922709
0.619371980640104,0.260348321641022,-0.6854531427309,-0.280626246343762
0.619353767755163,0.260344468901394,-0.685469651236779,-0.280629693926469
0.619335549331643,0.260340615563408,-0.685486163985652,-0.280633141674987
0.619317325339407,0.260336761621903,-0.685502681004235,-0.2806365895935
0.619299095748242,0.26033290707169,-0.685519202319303,-0.280640037686213
0.619280860527859,0.260329051907553,-0.685535727957698,-0.280643485957358
0.619262619647898,0.260325196124243,-0.68555225794632,-0.280646934411189
0.619244373077922,0.260321339716481,-0.685568792312136,-0.280650383051987
0.619226120787417,0.260317482678961,-0.685585331082174,-0.280653831884054
0.619207862745796,0.260313625006344,-0.685601874283523,-0.280657280911719
0.619189598922398,0.260309766693263,-0.685618421943339,-0.280660730139334
0.619171329286485,0.260305907734321,-0.685634974088838,-0.280664179571276
0.619153053807244,0.260302048124091,-0.685651530747299,-0.280667629211946
0.619134772453788,0.260298187857114,-0.685668091946064,-0.280671079065769
0.619116485195153,0.260294326927904,-0.685684657712539,-0.280674529137196
0.619098192000303,0.260290465330943,-0.685701228074192,-0.280677979430701
0.619079892838123,0.260286603060684,-0.685717803058555,-0.280681429950782
0.619061587677425,0.26028274011155,-0.685734382693222,-0.280684880701963
0.619043276486944,0.260278876477933,-0.685750967005849,-0.280688331688791
0.619024959235342,0.260275012154195,-0.685767556024157,-0.280691782915838
0.619006635891203,0.26027114713467,-0.685784149775929,-0.280695234387701
0.618988306537243,0.260267281331213,-0.685800748186237,-0.280698686184693
0.61896997125691,0.260263414655058,-0.685817351179511,-0.280702138387701
0.618951630019771,0.260259547099551,-0.685833958782664,-0.280705591002217
0.618933282795318,0.260255678658006,-0.685850571022672,-0.280709044033759
0.618914929552971,0.260251809323709,-0.685867187926569,-0.28071249748787
0.618896570262074,0.260247939089912,-0.685883809521455,-0.28071595137012
0.6188782048919,0.260244067949837,-0.68590043583449,-0.2807194056861
0.618859833411642,0.260240195896675,-0.685917066892898,-0.280722860441432
0.618841455790423,0.260236322923585,-0.685933702723963,-0.280726315641758
0.61882307199729,0.260232449023695,-0.685950343355033,-0.28072977129275
0.618804682001216,0.260228574190103,-0.685966988813516,-0.280733227400103
0.618786285771099,0.260224698415873,-0.685983639126886,-0.280736683969536
0.618767883275761,0.260220821694041,-0.686000294322675,-0.280740141006796
0.618749474483952,0.26021694401761,-0.68601695442848,-0.280743598517654
0.618731059364346,0.260213065379551,-0.686033619471961,-0.280747056507906
0.618712637885541,0.260209185772805,-0.686050289480836,-0.280750514983375
0.618694210016061,0.26020530519028,-0.686066964482892,-0.280753973949908
0.618675775724356,0.260201423624856,-0.686083644505973,-0.280757433413378
0.618657334978799,0.260197541069377,-0.686100329577987,-0.280760893379682
0.618638887747689,0.260193657516659,-0.686117019726907,-0.280764353854744
0.618620433999251,0.260189772959486,-0.686133714980765,-0.280767814844514
0.618601973701633,0.26018588739061,-0.686150415367658,-0.280771276354964
0.618583506822907,0.260182000802752,-0.686167120915745,-0.280774738392095
0.618565033331072,0.2601781131886,-0.686183831653246,-0.280778200961932
0.618546553194052,0.260174224540812,-0.686200547608446,-0.280781664070525
0.61852806632372,0.260170334658918,-0.686217268862051,-0.28078512789821
0.618509572631132,0.260166443341244,-0.6862339954955,-0.280788592626381
0.618491072082861,0.260162550578602,-0.686250727538279,-0.280792058262717
0.618472564645405,0.260158656361768,-0.686267465019935,-0.28079552481492
0.618454050285182,0.26015476068149,-0.686284207970084,-0.280798992290722
0.618435528968532,0.260150863528477,-0.686300956418404,-0.280802460697877
0.618417000661717,0.26014696489341,-0.686317710394642,-0.280805930044168
0.618398465330918,0.260143064766935,-0.686334469928605,-0.280809400337404
0.618379922942241,0.260139163139667,-0.686351235050169,-0.280812871585419
0.618361373461712,0.260135260002187,-0.686368005789274,-0.280816343796075
0.618342816855277,0.260131355345043,-0.686384782175925,-0.280819816977257
0.618324253088805,0.26012744915875,-0.686401564240193,-0.28082329113688
0.618305682128087,0.260123541433793,-0.686418352012213,-0.280826766282883
0.618287103938832,0.260119632160621,-0.686435145522186,-0.280830242423231
0.618268518486673,0.260115721329651,-0.686451944800379,-0.280833719565916
0.618249925737163,0.260111808931268,-0.686468749877124,-0.280837197718955
0.618231325655776,0.260107894955823,-0.686485560782817,-0.280840676890393
0.618212718207907,0.260103979393636,-0.68650237754792,-0.280844157088301
0.618194103358874,0.260100062234993,-0.686519200202963,-0.280847638320773
0.618175481073912,0.260096143470146,-0.686536028778536,-0.280851120595933
0.61815685131818,0.260092223089316,-0.686552863305301,-0.280854603921929
0.618138214056755,0.260088301082691,-0.686569703813981,-0.280858088306936
0.618119569254639,0.260084377440424,-0.686586550335365,-0.280861573759155
0.61810091687675,0.260080452152639,-0.686603402900309,-0.280865060286813
0.61808225688793,0.260076525209423,-0.686620261539734,-0.280868547898163
0.618063589243566,0.260072596605706,-0.686637126293054,-0.280872036596993
0.61804491389904,0.260068666337003,-0.686653997199676,-0.280875526386562
0.618026230819061,0.260064734394233,-0.68667087429061,-0.28087901727436
0.618007539968261,0.260060800768287,-0.686687757596931,-0.280882509267905
0.61798884131119,0.260056865450024,-0.686704647149779,-0.280886002374733
0.617970134812322,0.260052928430277,-0.686721542980359,-0.280889496602406
0.617951420436051,0.260048989699846,-0.686738445119941,-0.280892991958508
0.61793269814669,0.260045049249504,-0.686755353599861,-0.280896488450648
0.617913967908474,0.260041107069994,-0.686772268451521,-0.280899986086455
0.617895229685558,0.260037163152029,-0.686789189706386,-0.280903484873582
0.617876483442019,0.260033217486293,-0.686806117395988,-0.280906984819707
0.617857729141854,0.260029270063439,-0.686823051551924,-0.280910485932529
0.617838966748978,0.260025320874093,-0.686839992205858,-0.280913988219771
0.617820196227231,0.260021369908849,-0.686856939389515,-0.280917491689178
0.617801417540368,0.260017417158272,-0.686873893134691,-0.280920996348521
0.61778263065207,0.260013462612899,-0.686890853473243,-0.280924502205589
0.617763835525934,0.260009506263234,-0.686907820437097,-0.280928009268201
0.617745032125477,0.260005548099755,-0.686924794058241,-0.280931517544192
0.61772622041414,0.260001588112908,-0.686941774368732,-0.280935027041425
0.61770740035528,0.259997626293109,-0.68695876140069,-0.280938537767784
0.617688571912177,0.259993662630745,-0.686975755186302,-0.280942049731177
0.617669735048028,0.259989697116174,-0.686992755757822,-0.280945562939536
0.617650889725953,0.259985729739724,-0.687009763147565,-0.280949077400814
0.61763203590899,0.25998176049169,-0.687026777387917,-0.280952593122987
0.617613173560097,0.259977789362342,-0.687043798511327,-0.280956110114058
0.617594302526106,0.259973816472796,-0.687060826653851,-0.280959628262832
0.617575422653146,0.259969841944943,-0.687077861952149,-0.280963147457409
0.617556533902995,0.259965865770166,-0.687094904439676,-0.280966667704764
0.61753763623735,0.259961887939823,-0.687111954149954,-0.280970189011897
0.617518729617826,0.259957908445238,-0.68712901111657,-0.280973711385829
0.617499814005956,0.25995392727771,-0.687146075373182,-0.280977234833604
0.61748088936319,0.259949944428506,-0.687163146953511,-0.280980759362289
0.617461955650897,0.259945959888865,-0.687180225891346,-0.280984284978971
0.617443012830365,0.259941973649996,-0.687197312220545,-0.280987811690764
0.617424060862798,0.259937985703081,-0.687214405975031,-0.2809913395048
0.617405099709318,0.259933996039269,-0.687231507188795,-0.280994868428237
0.617386129330965,0.259930004649683,-0.687248615895894,-0.280998398468253
0.617367149688698,0.259926011525414,-0.687265732130453,-0.281001929632052
0.61734816074339,0.259922016657525,-0.687282855926664,-0.281005461926856
0.617329162455837,0.25991802003705,-0.687299987318788,-0.281008995359915
0.617310154786746,0.259914021654993,-0.68731712634115,-0.281012529938497
0.617291137696747,0.259910021502328,-0.687334273028145,-0.281016065669895
0.617272111146385,0.259906019569999,-0.687351427414233,-0.281019602561425
0.61725307509612,0.259902015848923,-0.687368589533943,-0.281023140620425
0.617234029506334,0.259898010329984,-0.687385759421871,-0.281026679854255
0.617214974337322,0.25989400300404,-0.687402937112682,-0.281030220270301
0.617195909549297,0.259889993861915,-0.687420122641105,-0.281033761875967
0.617176835102392,0.259885982894408,-0.687437316041938,-0.281037304678683
0.617157750956652,0.259881970092284,-0.687454517350049,-0.281040848685901
0.617138657072043,0.259877955446281,-0.68747172660037,-0.281044393905096
0.617119553492141,0.259873938782088,-0.687488943754008,-0.28104794049333
0.617100440261171,0.25986991992414,-0.687506168771506,-0.281051488608786
0.617081317339946,0.259865898861255,-0.687523401687046,-0.281055038260659
0.617062184689197,0.259861875582215,-0.687540642534878,-0.28105858945817
0.617043042269572,0.259857850075772,-0.687557891349316,-0.281062142210563
0.617023890041641,0.259853822330643,-0.687575148164743,-0.281065696527106
0.617004727965889,0.259849792335517,-0.687592413015606,-0.281069252417095
0.61698555600272,0.259845760079048,-0.687609685936419,-0.281072809889849
0.616966374112458,0.259841725549858,-0.687626966961764,-0.281076368954711
0.616947182255344,0.259837688736537,-0.687644256126285,-0.28107992962105
0.616927980391536,0.259833649627642,-0.687661553464698,-0.28108349189826
0.616908768481112,0.259829608211699,-0.68767885901178,-0.281087055795759
0.616889546484067,0.259825564477202,-0.68769617280238,-0.281090621322991
0.616870314360313,0.25982151841261,-0.687713494871408,-0.281094188489424
0.616851072069683,0.259817470006352,-0.687730825253844,-0.281097757304551
0.616831819571923,0.259813419246825,-0.687748163984733,-0.28110132777789
0.6168125568267,0.259809366122392,-0.687765511099189,-0.281104899918984
0.616793283793598,0.259805310621384,-0.687782866632389,-0.2811084737374
0.616774000432118,0.2598012527321,-0.687800230619579,-0.281112049242731
0.61675470670168,0.259797192442805,-0.687817603096071,-0.281115626444594
0.616735402561618,0.259793129741736,-0.687834984097245,-0.281119205352633
0.616716087971187,0.259789064617091,-0.687852373658546,-0.281122785976512
0.616696762889557,0.259784997057041,-0.687869771815487,-0.281126368325926
0.616677427275817,0.259780927049722,-0.687887178603647,-0.28112995241059
0.61665808108897,0.259776854583238,-0.687904594058673,-0.281133538240247
0.61663872429936,0.259772779632502,-0.687922018206124,-0.281137125836619
0.616619356877134,0.259768702172681,-0.687939451071724,-0.281140715221196
0.616599978780888,0.259764622192209,-0.687956892691465,-0.281144306403406
0.61658058996913,0.259760539679489,-0.687974343101406,-0.281147899392703
0.616561190400289,0.259756454622893,-0.687991802337673,-0.281151494198562
0.616541780032707,0.259752367010761,-0.68800927043646,-0.281155090830484
0.616522358824644,0.259748276831403,-0.688026747434029,-0.281158689297992
0.616502926734278,0.259744184073099,-0.688044233366705,-0.281162289610633
0.616483483719701,0.259740088724095,-0.688061728270884,-0.281165891777977
0.616464029738923,0.259735990772607,-0.688079232183028,-0.281169495809618
0.616444564749869,0.25973189020682,-0.688096745139668,-0.281173101715175
0.616425088710383,0.259727787014889,-0.688114267177398,-0.281176709504288
0.616405601578221,0.259723681184934,-0.688131798332883,-0.281180319186622
0.616386103311059,0.259719572705048,-0.688149338642855,-0.281183930771865
0.616366593866487,0.259715461563291,-0.688166888144112,-0.281187544269729
0.616347073202012,0.25971134774769,-0.68818444687352,-0.281191159689951
0.616327541275055,0.259707231246243,-0.688202014868014,-0.281194777042289
0.616307998042954,0.259703112046915,-0.688219592164593,-0.281198396336526
0.616288443462964,0.259698990137641,-0.688237178800328,-0.281202017582469
0.616268877492255,0.259694865506324,-0.688254774812353,-0.281205640789949
0.616249300087911,0.259690738140835,-0.688272380237873,-0.281209265968818
0.616229711206933,0.259686608029013,-0.688289995114159,-0.281212893128954
0.616210110806237,0.259682475158668,-0.688307619478551,-0.281216522280259
0.616190498842656,0.259678339517575,-0.688325253368455,-0.281220153432656
0.616170875272935,0.259674201093481,-0.688342896821345,-0.281223786596096
0.61615123986212,0.259670059869266,-0.688360550047103,-0.281227421783001
0.616131592374287,0.259665915827774,-0.688378213256438,-0.281231059005797
0.616111932764604,0.259661768956653,-0.688395886488166,-0.28123469827448
0.616092260988155,0.259657619243515,-0.68841356978117,-0.281238339599064
0.616072576999936,0.259653466675943,-0.688431263174404,-0.281241982989592
0.616052880754861,0.259649311241486,-0.688448966706885,-0.281245628456127
0.616033172207755,0.259645152927661,-0.688466680417703,-0.281249276008758
0.61601345131336,0.259640991721956,-0.688484404346013,-0.281252925657597
0.615993718026331,0.259636827611823,-0.688502138531039,-0.281256577412779
0.615973972301239,0.259632660584684,-0.688519883012074,-0.281260231284465
0.615954214092566,0.25962849062793,-0.688537637828477,-0.281263887282839
0.615934443354713,0.259624317728917,-0.688555403019675,-0.281267545418107
0.615914660041989,0.259620141874972,-0.688573178625167,-0.281271205700502
0.615894864108623,0.259615963053387,-0.688590964684516,-0.281274868140278
0.615875055508753,0.259611781251425,-0.688608761237355,-0.281278532747715
0.615855234196435,0.259607596456313,-0.688626568323386,-0.281282199533116
0.615835400125636,0.259603408655249,-0.688644385982376,-0.281285868506808
0.615815553250237,0.259599217835397,-0.688662214254166,-0.281289539679142
0.615795693524035,0.259595023983889,-0.688680053178659,-0.281293213060494
0.615775820900738,0.259590827087825,-0.68869790279583,-0.281296888661261
0.615755935333968,0.259586627134274,-0.688715763145724,-0.281300566491868
0.615736036777261,0.259582424110269,-0.68873363426845,-0.28130424656276
0.615716125184067,0.259578218002813,-0.688751516204188,-0.281307928884408
0.615696200507748,0.259574008798878,-0.688769408993187,-0.281311613467307
0.615676262701579,0.2595697964854,-0.688787312675763,-0.281315300321977
0.615656312026704,0.259565580793201,-0.688805227018366,-0.281318989692027
0.61563634874581,0.259561361451989,-0.688823151786111,-0.281322681822078
0.615616372814358,0.259557138446987,-0.68884108701742,-0.281326376724197
0.615596384187727,0.259552911763386,-0.68885903275078,-0.281330074410474
0.615576382821208,0.259548681386343,-0.688876989024752,-0.281333774893026
0.615556368670007,0.259544447300982,-0.688894955877959,-0.281337478183991
0.615536341689239,0.259540209492395,-0.688912933349098,-0.281341184295533
0.615516301833938,0.259535967945643,-0.688930921476931,-0.28134489323984
0.615496249059048,0.259531722645752,-0.688948920300291,-0.281348605029123
0.615476183319427,0.259527473577715,-0.68896692985808,-0.281352319675618
0.615456104569846,0.259523220726496,-0.688984950189266,-0.281356037191585
0.615436012764989,0.25951896407702,-0.689002981332889,-0.281359757589307
0.615415907859454,0.259514703614185,-0.689021023328056,-0.281363480881092
0.61539578980775,0.259510439322854,-0.689039076213944,-0.281367207079273
0.615375658564299,0.259506171187857,-0.689057140029799,-0.281370936196205
0.615355514083437,0.25950189919399,-0.689075214814935,-0.281374668244268
0.615335356319412,0.259497623326019,-0.689093300608737,-0.281378403235867
0.615315185226385,0.259493343568675,-0.689111397450657,-0.28138214118343
0.615295000758427,0.259489059906657,-0.689129505380218,-0.281385882099409
0.615274802869524,0.25948477232463,-0.689147624437012,-0.28138962599628
0.615254591513572,0.259480480807227,-0.689165754660699,-0.281393372886545
0.615234366644382,0.259476185339049,-0.68918389609101,-0.281397122782727
0.615214128215674,0.259471885904661,-0.689202048767745,-0.281400875697375
0.615193876181081,0.259467582488598,-0.689220212730772,-0.281404631643063
0.615173610494149,0.25946327507536,-0.689238388020031,-0.281408390632387
0.6151533309893,0.259458963598872,-0.68925657478279,-0.28141215272206
0.615133037499987,0.259454647993258,-0.689274773167154,-0.281415917968588
0.615112729978165,0.259450328243272,-0.689292983214419,-0.281419686384295
0.615092408375702,0.259446004333636,-0.689311204965949,-0.281423457981527
0.615072072644379,0.259441676249041,-0.68932943846318,-0.281427232772651
0.615051722735889,0.259437343974144,-0.689347683747614,-0.281431010770059
0.615031358601835,0.259433007493573,-0.689365940860821,-0.281434791986165
0.615010980193733,0.259428666791922,-0.689384209844443,-0.281438576433406
0.614990587463012,0.259424321853754,-0.689402490740189,-0.281442364124241
0.614970180361012,0.259419972663601,-0.689420783589837,-0.281446155071154
0.614949758838984,0.259415619205962,-0.689439088435233,-0.28144994928665
0.614929322848092,0.259411261465303,-0.689457405318293,-0.281453746783257
0.61490887233941,0.259406899426059,-0.689475734281004,-0.281457547573527
0.614888407263925,0.259402533072635,-0.689494075365418,-0.281461351670033
0.614867927572535,0.259398162389401,-0.689512428613658,-0.281465159085373
0.614847433216047,0.259393787360696,-0.689530794067916,-0.281468969832166
0.614826924145183,0.259389407970827,-0.689549171770455,-0.281472783923056
0.614806400310575,0.25938502420407,-0.689567561763604,-0.281476601370708
0.614785861662764,0.259380636044667,-0.689585964089763,-0.281480422187811
0.614765308152205,0.259376243476828,-0.6896043787914,-0.281484246387076
0.614744739729261,0.259371846484733,-0.689622805911055,-0.281488073981238
0.614724156344208,0.259367445052526,-0.689641245491333,-0.281491904983055
0.614703557947233,0.259363039164322,-0.689659697574912,-0.281495739405308
0.614682944488431,0.259358628804203,-0.689678162204537,-0.281499577260798
0.614662315917811,0.259354213956218,-0.689696639423025,-0.281503418562353
0.614641672009199,0.259349794416102,-0.689715129432925,-0.281507263489569
0.6146210125359,0.259345369978913,-0.689733632437214,-0.281511112222612
0.614600337447007,0.259340940627634,-0.68975214847945,-0.281514964775198
0.614579646691524,0.259336506345219,-0.68977067760326,-0.281518821161067
0.614558940218365,0.259332067114586,-0.689789219852339,-0.281522681393981
0.614538217976355,0.259327622918621,-0.689807775270452,-0.281526545487726
0.614517479914228,0.259323173740178,-0.689826343901434,-0.28153041345611
0.614496725980632,0.259318719562077,-0.689844925789185,-0.281534285312965
0.614475956124123,0.259314260367108,-0.689863520977679,-0.281538161072144
0.614455170293166,0.259309796138026,-0.689882129510955,-0.281542040747526
0.614434368436138,0.259305326857554,-0.689900751433124,-0.281545924353012
0.614413550501328,0.25930085250838,-0.689919386788365,-0.281549811902523
0.61439271643693,0.259296373073161,-0.689938035620926,-0.281553703410008
0.614371866191053,0.259291888534524,-0.689956697975125,-0.281557598889436
0.614350999711713,0.259287398875057,-0.689975373895349,-0.2815614983548
0.614330116946836,0.259282904077319,-0.689994063426053,-0.281565401820114
0.614309217844258,0.259278404123836,-0.690012766611763,-0.28156930929942
0.614288302351726,0.2592738989971,-0.690031483497075,-0.281573220806777
0.614267370416894,0.259269388679569,-0.690050214126652,-0.281577136356273
0.614246421987327,0.25926487315367,-0.690068958545228,-0.281581055962013
0.6142254570105,0.259260352401795,-0.690087716797606,-0.28158497963813
0.614204475433795,0.259255826406305,-0.69010648892866,-0.281588907398778
0.614183477204504,0.259251295149526,-0.690125274983333,-0.281592839258135
0.614162462269829,0.259246758613751,-0.690144075006635,-0.281596775230401
0.614141430576881,0.259242216781241,-0.690162889043649,-0.281600715329799
0.61412038193868,0.259237669361065,-0.690181717262284,-0.281604659813396
0.614099316168103,0.259233116061563,-0.690200559830544,-0.281608608938868
0.614078233211913,0.259228556863853,-0.690219416793752,-0.281612562721397
0.614057133016782,0.25922399174902,-0.690238288197299,-0.281616521176183
0.614036015529294,0.259219420698116,-0.690257174086646,-0.281620484318451
0.614014880695945,0.259214843692161,-0.690276074507317,-0.281624452163447
0.61399372846314,0.259210260712141,-0.690294989504907,-0.281628424726439
0.613972558777195,0.259205671739012,-0.690313919125078,-0.28163240202272
0.613951371584337,0.259201076753693,-0.690332863413559,-0.281636384067603
0.613930166830706,0.259196475737073,-0.690351822416145,-0.281640370876422
0.613908944462349,0.25919186867001,-0.690370796178703,-0.281644362464539
0.613887704425224,0.259187255533324,-0.690389784747165,-0.281648358847333
0.613866446665202,0.259182636307807,-0.690408788167529,-0.281652360040207
0.613845171128061,0.259178010974214,-0.690427806485865,-0.281656366058588
0.613823877759491,0.259173379513271,-0.690446839748307,-0.281660376917924
0.613802566505093,0.259168741905669,-0.690465888001059,-0.281664392633685
0.613781237310376,0.259164098132065,-0.690484951290393,-0.281668413221364
0.613759890120758,0.259159448173085,-0.690504029662648,-0.281672438696479
0.613738524881571,0.259154792009319,-0.690523123164231,-0.281676469074566
0.613717141538053,0.259150129621329,-0.690542231841619,-0.281680504371186
0.613695740035353,0.259145460989638,-0.690561355741353,-0.281684544601923
0.613674320318529,0.259140786094739,-0.690580494910046,-0.281688589782382
0.613652882332549,0.259136104917093,-0.690599649394378,-0.281692639928192
0.61363142602229,0.259131417437124,-0.690618819241096,-0.281696695055002
0.613609951332539,0.259126723635226,-0.690638004497018,-0.281700755178487
0.613588458048618,0.259122023908555,-0.690657205346754,-0.281704819940421
0.61356694595546,0.259117318656016,-0.690676421975212,-0.281708888981028
0.613545414997131,0.25911260786058,-0.690695654429745,-0.281712962313689
0.613523865117604,0.259107891505183,-0.690714902757778,-0.281717039951807
0.613502296260761,0.259103169572733,-0.690734167006801,-0.281721121908809
0.613480708370395,0.259098442046099,-0.690753447224374,-0.28172520819814
0.61345910139021,0.259093708908123,-0.690772743458124,-0.281729298833269
0.613437475263814,0.259088970141613,-0.690792055755745,-0.28173339382769
0.613415829934728,0.259084225729341,-0.690811384164999,-0.281737493194913
0.613394165346381,0.259079475654051,-0.690830728733719,-0.281741596948475
0.61337248144211,0.259074719898453,-0.690850089509802,-0.281745705101934
0.61335077816516,0.259069958445221,-0.690869466541215,-0.281749817668867
0.613329055458688,0.259065191277002,-0.690888859875994,-0.281753934662878
0.613307313265754,0.259060418376404,-0.690908269562242,-0.281758056097589
0.613285551529332,0.259055639726007,-0.69092769564813,-0.281762181986647
0.613263770192301,0.259050855308355,-0.690947138181899,-0.281766312343719
0.613241969197449,0.25904606510596,-0.690966597211855,-0.281770447182496
0.613220148487472,0.259041269101302,-0.690986072786375,-0.28177458651669
0.613198308004973,0.259036467276827,-0.691005564953906,-0.281778730360035
0.613176447692464,0.259031659614946,-0.691025073762959,-0.28178287872629
0.613154567492366,0.25902684609804,-0.691044599262116,-0.281787031629231
0.613132667347005,0.259022026708457,-0.691064141500028,-0.281791189082661
0.613110747198615,0.259017201428507,-0.691083700525414,-0.281795351100403
0.613088806989339,0.259012370240473,-0.691103276387062,-0.281799517696304
0.613066846661227,0.259007533126599,-0.691122869133827,-0.28180368888423
0.613044866568543,0.259002690950631,-0.691142478437157,-0.281807863896722
0.613022867066673,0.258997844578565,-0.691162103967558,-0.281812041964413
0.613000848099212,0.258992993995977,-0.691181745772576,-0.281816223098354
0.612978809609656,0.258988139188408,-0.69120140389983,-0.281820407309617
0.612956751540674,0.258983280141211,-0.691221078397668,-0.28182459460943
0.612934673832639,0.258978416839239,-0.691240769316471,-0.28182878500943
0.612912576425448,0.258973549267232,-0.691260476707036,-0.281832978521346
0.61289045925888,0.258968677409889,-0.691280200620247,-0.281837175156938
0.612868322272597,0.258963801251869,-0.691299941107081,-0.281841374927991
0.612846165406143,0.258958920777791,-0.691319698218605,-0.281845577846318
0.612823988598944,0.258954035972233,-0.691339472005975,-0.281849783923763
0.612801791790309,0.258949146819736,-0.691359262520439,-0.281853993172195
0.612779574919427,0.258944253304796,-0.691379069813337,-0.281858205603514
0.612757337925372,0.258939355411872,-0.691398893936096,-0.281862421229646
0.612735080747096,0.258934453125383,-0.691418734940238,-0.281866640062546
0.612712803323434,0.258929546429705,-0.691438592877376,-0.281870862114198
0.612690505593102,0.258924635309175,-0.69145846779921,-0.281875087396614
0.612668187494696,0.25891971974809,-0.691478359757536,-0.281879315921834
0.612645848966696,0.258914799730705,-0.69149826880424,-0.281883547701927
0.612623489947457,0.258909875241234,-0.691518194991299,-0.28188778274899
0.612601110375219,0.258904946263853,-0.691538138370783,-0.281892021075149
0.612578710188101,0.258900012782694,-0.691558098994851,-0.281896262692558
0.6125562893241,0.258895074781848,-0.691578076915758,-0.2819005076134
0.612533847721096,0.258890132245369,-0.691598072185848,-0.281904755849887
0.612511385316845,0.258885185157265,-0.691618084857557,-0.281909007414258
0.612488902664757,0.258880233800072,-0.69163811443183,-0.281913262060027
0.61246640031954,0.258875278456228,-0.691658160408565,-0.281917519540868
0.61244387822072,0.258870319109531,-0.691678222838781,-0.28192177986931
0.612421336307703,0.258865355743736,-0.691698301773586,-0.281926043057914
0.612398774519772,0.258860388342557,-0.691718397264186,-0.281930309119269
0.612376192796092,0.258855416889663,-0.691738509361876,-0.281934578065996
0.612353591075704,0.258850441368679,-0.691758638118046,-0.281938849910747
0.612330969297531,0.258845461763189,-0.691778783584179,-0.281943124666203
0.612308327400371,0.258840478056733,-0.69179894581185,-0.281947402345076
0.612285665322902,0.258835490232806,-0.691819124852729,-0.281951682960109
0.61226298300368,0.258830498274861,-0.691839320758582,-0.281955966524077
0.612240280381139,0.258825502166308,-0.691859533581265,-0.281960253049784
0.612217557393589,0.258820501890513,-0.691879763372729,-0.281964542550064
0.612194813979219,0.258815497430797,-0.691900010185021,-0.281968835037785
0.612172050076096,0.25881048877044,-0.69192027407028,-0.281973130525843
0.612149265622162,0.258805475892675,-0.691940555080741,-0.281977429027165
0.612126460555238,0.258800458780694,-0.691960853268731,-0.28198173055471
0.612103634813019,0.258795437417644,-0.691981168686674,-0.281986035121467
0.612080788333078,0.258790411786627,-0.692001501387089,-0.281990342740458
0.612057921052866,0.258785381870704,-0.692021851422586,-0.28199465342473
0.612035032909707,0.258780347652888,-0.692042218845875,-0.281998967187369
0.612012123840803,0.25877530911615,-0.692062603709756,-0.282003284041487
0.61198919378323,0.258770266243418,-0.692083006067129,-0.282007604000228
0.611966242673941,0.258765219017574,-0.692103425970986,-0.282011927076766
0.611943270449763,0.258760167421456,-0.692123863474414,-0.282016253284309
0.611920277238132,0.258755111149074,-0.692144318464433,-0.282020582895013
0.611897263166315,0.258750049893173,-0.692164790828246,-0.282024916182143
0.611874228170703,0.258744983634622,-0.692185280619355,-0.282029253160608
0.611851172187559,0.258739912354246,-0.692205787891362,-0.282033593845355
0.611828095153021,0.258734836032821,-0.692226312697964,-0.282037938251357
0.611804997003102,0.258729754651082,-0.692246855092953,-0.282042286393622
0.611781877673687,0.258724668189715,-0.692267415130218,-0.282046638287192
0.611758737100539,0.25871957662936,-0.692287992863744,-0.282050993947136
0.611735575219289,0.258714479950611,-0.692308588347613,-0.282055353388559
0.611712391965446,0.258709378134018,-0.692329201636003,-0.282059716626598
0.611689187274389,0.258704271160082,-0.692349832783188,-0.282064083676421
0.611665961081373,0.25869915900926,-0.69237048184354,-0.282068454553228
0.611642713321522,0.258694041661961,-0.692391148871527,-0.282072829272251
0.611619443929837,0.25868891909855,-0.692411833921715,-0.282077207848755
0.611596152841187,0.258683791299342,-0.692432537048764,-0.282081590298038
0.611572839990316,0.258678658244608,-0.692453258307436,-0.282085976635429
0.61154950531184,0.258673519914573,-0.692473997752586,-0.28209036687629
0.611526148740245,0.258668376289415,-0.69249475543917,-0.282094761036014
0.61150277020989,0.258663227349263,-0.692515531422238,-0.282099159130029
0.611479369655005,0.258658073074202,-0.69253632575694,-0.282103561173791
0.611455947009692,0.258652913444271,-0.692557138498524,-0.282107967182793
0.611432502207921,0.258647748439458,-0.692577969702335,-0.282112377172558
0.611409035183537,0.258642578039708,-0.692598819423815,-0.282116791158642
0.611385545870252,0.258637402224917,-0.692619687718505,-0.282121209156633
0.61136203420165,0.258632220974936,-0.692640574642047,-0.282125631182153
0.611338500271928,0.258627033878535,-0.692661480112177,-0.282130057599805
0.611314944175154,0.258621840523642,-0.69268240404677,-0.282134488774911
0.611291365844514,0.258616640888767,-0.692703346501821,-0.282138924724215
0.611267765213067,0.258611434952378,-0.692724307533425,-0.282143365464494
0.611244142213732,0.258606222692893,-0.69274528719778,-0.282147811012556
0.611220496779296,0.258601004088684,-0.692766285551187,-0.282152261385242
0.611196828842412,0.258595779118075,-0.692787302650047,-0.282156716599424
0.611173138335597,0.258590547759344,-0.692808338550864,-0.282161176672007
0.611149425191233,0.258585309990723,-0.692829393310245,-0.282165641619926
0.611125689341567,0.258580065790395,-0.692850466984902,-0.282170111460151
0.61110193071871,0.258574815136496,-0.692871559631643,-0.282174586209682
0.61107814925464,0.258569558007116,-0.692892671307387,-0.282179065885551
0.611054344881194,0.258564294380296,-0.69291380206915,-0.282183550504825
0.611030517530077,0.258559024234031,-0.692934951974054,-0.282188040084599
0.611006667132856,0.258553747546268,-0.692956121079323,-0.282192534642004
0.610982793620961,0.258548464294907,-0.692977309442286,-0.2821970341942
0.610958896925686,0.258543174457799,-0.692998517120372,-0.282201538758382
0.610934976978188,0.258537878012748,-0.693019744171119,-0.282206048351775
0.610911033709485,0.25853257493751,-0.693040990652163,-0.282210562991638
0.61088706705046,0.258527265209795,-0.693062256621249,-0.282215082695262
0.610863076931856,0.258521948807262,-0.693083542136223,-0.282219607479969
0.610839063284279,0.258516625707525,-0.693104847255035,-0.282224137363116
0.610815026038197,0.258511295888148,-0.693126172035741,-0.282228672362089
0.610790965123939,0.258505959326648,-0.693147516536501,-0.28223321249431
0.610766880471696,0.258500616000493,-0.693168880815578,-0.282237757777229
0.610742772039773,0.258495266191323,-0.693190264902614,-0.282242307959128
0.610718639785948,0.258489910182005,-0.693211668827694,-0.282246862787211
0.61069448363941,0.258484547951775,-0.693233092649912,-0.282251422277372
0.610670303529202,0.258479179479822,-0.693254536428466,-0.282255986445537
0.610646099384228,0.258473804745285,-0.693276000222664,-0.28226055530766
0.610621871133247,0.258468423727259,-0.69329748409192,-0.282265128879733
0.610597618704874,0.258463036404789,-0.693318988095759,-0.282269707177776
0.610573342027583,0.258457642756873,-0.693340512293809,-0.282274290217842
0.610549041029705,0.25845224276246,-0.693362056745811,-0.282278878016017
0.610524715639423,0.258446836400453,-0.693383621511611,-0.282283470588417
0.610500365784781,0.258441423649704,-0.693405206651166,-0.282288067951193
0.610475991393674,0.25843600448902,-0.693426812224539,-0.282292670120526
0.610451592393857,0.258430578897157,-0.693448438291903,-0.28229727711263
0.610427168712938,0.258425146852825,-0.69347008491354,-0.282301888943751
0.610402720278378,0.258419708334685,-0.693491752149841,-0.282306505630169
0.610378247017496,0.258414263321349,-0.693513440061305,-0.282311127188193
0.610353748857465,0.25840881179138,-0.693535148708541,-0.282315753634166
0.61032922572531,0.258403353723292,-0.693556878152269,-0.282320384984466
0.610304677547913,0.258397889095554,-0.693578628453315,-0.282325021255499
0.610280104252007,0.258392417886582,-0.693600399672618,-0.282329662463706
0.61025550576418,0.258386940074745,-0.693622191871225,-0.28233430862556
0.610230882010873,0.258381455638362,-0.693644005110293,-0.282338959757567
0.61020623291838,0.258375964555705,-0.693665839451091,-0.282343615876264
0.610181558412847,0.258370466804994,-0.693687694954995,-0.282348276998222
0.610156858420275,0.258364962364404,-0.693709571683493,-0.282352943140044
0.610132132557921,0.2583594514826,-0.693731469967798,-0.282357614075222
0.61010738044195,0.25835393440848,-0.693753390139999,-0.282362289577025
0.610082601996496,0.258348411120477,-0.693775332263071,-0.282366969661779
0.610057797145547,0.258342881596977,-0.693797296400099,-0.282371654345839
0.61003296581294,0.258337345816314,-0.693819282614279,-0.282376343645598
0.610008107922362,0.25833180375677,-0.693841290968921,-0.282381037577482
0.60998322339735,0.258326255396576,-0.693863321527442,-0.28238573615795
0.609958312161293,0.258320700713912,-0.693885374353373,-0.282390439403495
0.609933374137428,0.258315139686906,-0.693907449510357,-0.282395147330646
0.609908409248841,0.258309572293636,-0.693929547062148,-0.282399859955966
0.609883417418469,0.258303998512125,-0.693951667072611,-0.282404577296051
0.609858398569096,0.258298418320347,-0.693973809605726,-0.282409299367531
0.609833352623356,0.258292831696224,-0.693995974725582,-0.282414026187073
0.60980827950373,0.258287238617625,-0.694018162496383,-0.282418757771375
0.60978317913255,0.258281639062367,-0.694040372982443,-0.282423494137171
0.609758051431992,0.258276033008217,-0.694062606248191,-0.282428235301231
0.609732896324082,0.258270420432886,-0.694084862358168,-0.282432981280356
0.609707713730694,0.258264801314037,-0.694107141377026,-0.282437732091384
0.609682503573547,0.258259175629278,-0.694129443369534,-0.282442487751186
0.609657265774207,0.258253543356164,-0.694151768400572,-0.28244724827667
0.609632000254089,0.2582479044722,-0.694174116535132,-0.282452013684776
0.609606706934452,0.258242258954837,-0.694196487838322,-0.282456783992479
0.609581385736401,0.258236606781473,-0.694218882375364,-0.282461559216791
0.609556036580889,0.258230947929454,-0.694241300211591,-0.282466339374755
0.609530659388711,0.258225282376072,-0.694263741412452,-0.282471124483452
0.609505253707832,0.25821961000179,-0.694286206373822,-0.282475914640736
0.609479819086007,0.258213930686435,-0.694308695491661,-0.282480709944976
0.609454355443488,0.258208244406263,-0.694331208831708,-0.282485510414071
0.609428862700378,0.258202551137477,-0.694353746459811,-0.28249031606596
0.609403340776633,0.258196850856227,-0.69437630844193,-0.282495126918614
0.609377789592057,0.258191143538607,-0.694398894844131,-0.282499942990041
0.609352209066301,0.258185429160658,-0.69442150573259,-0.282504764298282
0.60932659911887,0.258179707698367,-0.694444141173595,-0.282509590861418
0.609300959669114,0.258173979127664,-0.694466801233542,-0.282514422697562
0.609275290636236,0.258168243424428,-0.694489485978936,-0.282519259824864
0.609249591939283,0.25816250056448,-0.694512195476394,-0.282524102261509
0.609223863497153,0.25815675052359,-0.694534929792642,-0.282528950025717
0.609198105228592,0.258150993277469,-0.694557688994515,-0.282533803135745
0.609172317052193,0.258145228801778,-0.694580473148961,-0.282538661609886
0.609146498886397,0.258139457072118,-0.694603282323037,-0.282543525466468
0.609120650649492,0.258133678064038,-0.694626116583911,-0.282548394723853
0.609094772259613,0.258127891753033,-0.694648975998862,-0.282553269400442
0.60906886363474,0.258122098114538,-0.69467186063528,-0.282558149514669
0.609042924692703,0.258116297123938,-0.694694770560665,-0.282563035085006
0.609016955351175,0.258110488756559,-0.694717705842631,-0.282567926129962
0.608990955527677,0.258104672987673,-0.694740666548899,-0.282572822668076
0.608964925139574,0.258098849792496,-0.694763652747307,-0.28257772471793
0.608938864104077,0.25809301914619,-0.694786664505801,-0.282582632298137
0.608912772338241,0.258087181023858,-0.69480970189244,-0.28258754542735
0.608886649758969,0.258081335400549,-0.694832764975393,-0.282592464124255
0.60886049706717,0.258075482781429,-0.694855853124874,-0.28259738795034
0.608834314965513,0.258069623673181,-0.694878965709697,-0.282602316465876
0.608808103373295,0.258063758053052,-0.694902102796111,-0.28260724968778
0.608781862209656,0.258057885898233,-0.694925264450478,-0.282612187633002
0.608755591393575,0.258052007185862,-0.694948450739281,-0.282617130318528
0.608729290843869,0.258046121893022,-0.694971661729118,-0.282622077761382
0.608702960479198,0.258040229996742,-0.694994897486704,-0.282627029978618
0.60867660021806,0.258034331473995,-0.695018158078871,-0.282631986987329
0.60865020997879,0.258028426301702,-0.695041443572572,-0.282636948804642
0.608623789679565,0.258022514456726,-0.695064754034872,-0.28264191544772
0.608597339238397,0.258016595915878,-0.69508808953296,-0.28264688693376
0.608570858573139,0.258010670655912,-0.695111450134139,-0.282651863279997
0.60854434760148,0.258004738653529,-0.695134835905831,-0.282656844503698
0.608517806240946,0.257998799885373,-0.695158246915577,-0.282661830622168
0.608491234408903,0.257992854328033,-0.695181683231037,-0.282666821652746
0.60846463202255,0.257986901958046,-0.695205144919989,-0.282671817612809
0.608437998998926,0.257980942751888,-0.695228632050331,-0.282676818519766
0.608411335254903,0.257974976685983,-0.695252144690077,-0.282681824391063
0.608384640707192,0.257969003736701,-0.695275682907365,-0.282686835244184
0.608357915272338,0.257963023880351,-0.695299246770448,-0.282691851096645
0.60833115886672,0.257957037093192,-0.695322836347703,-0.282696871966
0.608304371406555,0.257951043351424,-0.695346451707622,-0.282701897869838
0.608277552807892,0.257945042631191,-0.69537009291882,-0.282706928825783
0.608250702986617,0.257939034908582,-0.695393760050033,-0.282711964851496
0.608223821858447,0.25793302015963,-0.695417453170114,-0.282717005964673
0.60819690908007,0.257926998968193,-0.695441172567818,-0.282722051644734
0.60816996430662,0.257920971918823,-0.695464918533185,-0.282727101370501
0.608142987451231,0.257914938988502,-0.695488691137172,-0.282732155158824
0.608115978426871,0.257908900154153,-0.695512490450861,-0.282737213026594
0.608088937146339,0.257902855392642,-0.695536316545453,-0.282742274990742
0.608061863522265,0.257896804680773,-0.695560169492275,-0.282747341068233
0.608034757467109,0.257890747995292,-0.69558404936277,-0.282752411276073
0.608007618893162,0.257884685312887,-0.695607956228508,-0.282757485631305
0.607980447712546,0.257878616610185,-0.695631890161179,-0.282762564151012
0.607953243837211,0.257872541863753,-0.695655851232595,-0.282767646852312
0.607926007178938,0.2578664610501,-0.695679839514691,-0.282772733752364
0.607898737649336,0.257860374145673,-0.695703855079525,-0.282777824868365
0.607871435159845,0.257854281126861,-0.695727897999279,-0.282782920217548
0.607844099621731,0.257848181969992,-0.695751968346256,-0.282788019817189
0.607816730946091,0.257842076651335,-0.695776066192882,-0.282793123684598
0.607789329043845,0.257835965147098,-0.69580019161171,-0.282798231837126
0.607761893825747,0.257829847433428,-0.695824344675412,-0.282803344292161
0.607734425202374,0.257823723486413,-0.695848525456785,-0.282808461067131
0.607706923084131,0.25781759328208,-0.695872734028754,-0.282813582179501
0.60767938738125,0.257811456796394,-0.695896970464362,-0.282818707646776
0.607651818003788,0.257805314005263,-0.69592123483678,-0.282823837486499
0.607624214861631,0.257799164884531,-0.695945527219302,-0.282828971716252
0.607596577864486,0.257793009409982,-0.695969847685349,-0.282834110353655
0.607568906921889,0.257786847557338,-0.695994196308463,-0.282839253416367
0.607541201943201,0.257780679302262,-0.696018573162313,-0.282844400922086
0.607513463035196,0.257774504990747,-0.696042978142181,-0.282849552565887
0.607485690304687,0.257768324968966,-0.696067411143342,-0.28285470804273
0.607457883660815,0.257762139212753,-0.696091872239649,-0.282859867370203
0.607430043012548,0.257755947697884,-0.696116361505084,-0.282865030565929
0.60740216826867,0.257749750400068,-0.696140879013755,-0.282870197647574
0.607374259337786,0.257743547294956,-0.696165424839903,-0.282875368632842
0.607346316128321,0.257737338358133,-0.696189999057895,-0.282880543539477
0.607318338548519,0.257731123565123,-0.69621460174223,-0.282885722385264
0.607290326506441,0.257724902891388,-0.696239232967537,-0.282890905188027
0.607262279909967,0.257718676312325,-0.696263892808571,-0.28289609196563
0.607234198666797,0.257712443803269,-0.696288581340223,-0.282901282735976
0.607206082684446,0.257706205339493,-0.696313298637508,-0.282906477517009
0.607177931870247,0.257699960896205,-0.696338044775577,-0.282911676326713
0.607149746131351,0.257693710448552,-0.696362819829709,-0.28291687918311
0.607121525374724,0.257687453971615,-0.696387623875313,-0.282922086104266
0.607093269507151,0.257681191440414,-0.696412456987932,-0.282927297108283
0.607064978435228,0.257674922829903,-0.696437319243238,-0.282932512213304
0.607036652065372,0.257668648114974,-0.696462210717035,-0.282937731437514
0.607008290303811,0.257662367270455,-0.696487131485258,-0.282942954799137
0.60697989305659,0.25765608027111,-0.696512081623976,-0.282948182316436
0.606951460229566,0.257649787091638,-0.696537061209387,-0.282953414007715
0.606922991728415,0.257643487706676,-0.696562070317823,-0.282958649891318
0.60689448745862,0.257637182090796,-0.69658710902575,-0.282963889985632
0.606865947325483,0.257630870218504,-0.696612177409763,-0.282969134309079
0.606837371234116,0.257624552064243,-0.696637275546592,-0.282974382880126
0.606808758901835,0.257618227686279,-0.696662403676409,-0.28297963564116
0.606780110045911,0.257611897142633,-0.696687562039351,-0.282984892534761
0.606751424571116,0.257605560407286,-0.696712750712288,-0.282990153579743
0.606722702382033,0.257599217454155,-0.69673796977222,-0.282995418794961
0.606693943383068,0.257592868257087,-0.696763219296273,-0.283000688199311
0.606665147478441,0.257586512789868,-0.696788499361703,-0.28300596181173
0.606636314572191,0.257580151026215,-0.696813810045894,-0.283011239651198
0.606607444568171,0.257573782939781,-0.696839151426357,-0.283016521736731
0.606578537370054,0.257567408504152,-0.696864523580735,-0.283021808087393
0.606549592881323,0.257561027692848,-0.696889926586797,-0.283027098722285
0.606520611005282,0.257554640479322,-0.696915360522443,-0.283032393660549
0.606491591645047,0.257548246836962,-0.696940825465702,-0.28303769292137
0.606462534703549,0.257541846739087,-0.696966321494731,-0.283042996523973
0.606433440083533,0.257535440158953,-0.696991848687821,-0.283048304487626
0.606404307687559,0.257529027069747,-0.697017407123387,-0.283053616831637
0.606375137418,0.257522607444589,-0.69704299687998,-0.283058933575355
0.606345929177042,0.257516181256533,-0.697068618036277,-0.283064254738172
0.606316682866683,0.257509748478566,-0.697094270671087,-0.283069580339521
0.606287398388736,0.257503309083606,-0.69711995486335,-0.283074910398874
0.606258075644824,0.257496863044506,-0.697145670692138,-0.283080244935748
0.606228714536381,0.257490410334052,-0.697171418236651,-0.2830855839697
0.606199314964654,0.257483950924959,-0.697197197576223,-0.283090927520328
0.606169876830701,0.257477484789878,-0.697223008790317,-0.283096275607273
0.606140400035389,0.257471011901391,-0.697248851958531,-0.283101628250215
0.606110884479397,0.257464532232012,-0.697274727160592,-0.28310698546888
0.606081329837618,0.257458046097217,-0.697300634668928,-0.283112346979742
0.606051735785102,0.25745155381297,-0.697326574755736,-0.283117712498858
0.606022102222481,0.257445055352408,-0.697352547500589,-0.283123082045388
0.605992429050198,0.257438550688602,-0.697378552983194,-0.283128455638529
0.605962716168511,0.257432039794553,-0.697404591283385,-0.283133833297526
0.605932963477487,0.257425522643193,-0.697430662481125,-0.283139215041663
0.605903170877006,0.257418999207384,-0.697456766656507,-0.283144600890268
0.605873338266758,0.25741246945992,-0.697482903889756,-0.283149990862712
0.605843465546246,0.257405933373524,-0.697509074261225,-0.283155384978407
0.605813552614781,0.257399390920851,-0.697535277851396,-0.283160783256808
0.605783599371485,0.257392842074485,-0.697561514740885,-0.283166185717416
0.60575360571529,0.257386286806941,-0.697587785010436,-0.283171592379769
0.605723571544936,0.257379725090663,-0.697614088740926,-0.283177003263452
0.605693496758973,0.257373156898026,-0.697640426013361,-0.283182418388092
0.605663381255759,0.257366582201334,-0.697666796908879,-0.283187837773357
0.60563322493346,0.257360000972823,-0.69769320150875,-0.28319326143896
0.605603027690049,0.257353413184655,-0.697719639894377,-0.283198689404657
0.605572789423307,0.257346818808923,-0.697746112147291,-0.283204121690243
0.605542510030822,0.257340217817652,-0.697772618349158,-0.283209558315561
0.605512189409988,0.257333610182791,-0.697799158581776,-0.283214999300494
0.605481827458005,0.257326995876223,-0.697825732927075,-0.283220444664969
0.60545142407188,0.257320374869756,-0.697852341467118,-0.283225894428955
0.605420979148423,0.257313747135131,-0.6978789842841,-0.283231348612466
0.60539049258425,0.257307112644015,-0.69790566146035,-0.283236807235556
0.605359964275781,0.257300471368003,-0.697932373078329,-0.283242270318325
0.605329394574777,0.257293824029011,-0.697959118812181,-0.283247737232244
0.605298783833538,0.257287171350165,-0.697985898335655,-0.283253207347844
0.605268131949002,0.257280513304766,-0.698012711730832,-0.283258680683879
0.605237438817908,0.257273849866048,-0.698039559079933,-0.283264157259146
0.605206704336793,0.257267181007169,-0.698066440465314,-0.283269637092484
0.605175928401993,0.25726050670122,-0.698093355969471,-0.283275120202779
0.60514511090964,0.257253826921215,-0.698120305675039,-0.283280606608957
0.605114251755668,0.2572471416401,-0.698147289664789,-0.283286096329991
0.605083350835804,0.257240450830746,-0.698174308021635,-0.283291589384895
0.605052408045575,0.257233754465954,-0.698201360828629,-0.283297085792728
0.605021423280302,0.25722705251845,-0.698228448168959,-0.283302585572593
0.604990396435102,0.257220344960889,-0.698255570125958,-0.283308088743635
0.604959327404892,0.257213631765855,-0.698282726783096,-0.283313595325046
0.604928216084379,0.257206912905856,-0.698309918223983,-0.283319105336058
0.604897062368066,0.257200188353328,-0.698337144532371,-0.28332461879595
0.604865866150253,0.257193458080636,-0.698364405792151,-0.283330135724044
0.60483462732503,0.25718672206007,-0.698391702087355,-0.283335656139703
0.604803345786283,0.257179980263847,-0.698419033502157,-0.283341180062339
0.604772021427691,0.25717323266411,-0.69844640012087,-0.283346707511404
0.604740654142723,0.25716647923293,-0.698473802027953,-0.283352238506396
0.604709243824645,0.257159719942305,-0.698501239308001,-0.283357773066856
0.604677790366509,0.257152954764155,-0.698528712045756,-0.283363311212369
0.604646293661161,0.257146183670331,-0.698556220326099,-0.283368852962565
0.60461475360124,0.257139406632608,-0.698583764234054,-0.283374398337116
0.604583170079171,0.257132623622687,-0.698611343854787,-0.283379947355742
0.604551542820093,0.257125834988674,-0.698638959413678,-0.283385499707723
0.604519871548915,0.257119041078619,-0.698666611136227,-0.283391055082399
0.604488156157403,0.257112241864024,-0.698694299107997,-0.28339661349964
0.604456396537119,0.257105437316318,-0.698722023414687,-0.283402174979362
0.604424592579416,0.257098627406849,-0.698749784142138,-0.283407739541525
0.604392744175443,0.257091812106891,-0.698777581376329,-0.283413307206136
0.604360851216138,0.257084991387643,-0.698805415203381,-0.283418877993249
0.604328913592231,0.257078165220223,-0.698833285709551,-0.283424451922961
0.604296931194245,0.257071333575675,-0.698861192981241,-0.283430029015416
0.604264903912492,0.257064496424966,-0.698889137104988,-0.283435609290806
0.604232831637075,0.257057653738985,-0.698917118167476,-0.283441192769365
0.604200714257889,0.257050805488544,-0.698945136255524,-0.283446779471375
0.604168551664616,0.257043951644378,-0.698973191456094,-0.283452369417164
0.604136343746728,0.257037092177143,-0.699001283856292,-0.283457962627105
0.604104090393486,0.257030227057419,-0.699029413543362,-0.283463559121618
0.604071791493937,0.257023356255707,-0.69905758060469,-0.283469158921169
0.60403944693692,0.257016479742432,-0.699085785127806,-0.283474762046267
0.604007056611056,0.25700959748794,-0.69911402720038,-0.283480368517472
0.603974620404757,0.257002709462496,-0.699142306910228,-0.283485978355386
0.60394213820622,0.256995815636292,-0.699170624345303,-0.283491591580659
0.603909609903428,0.256988915979437,-0.699198979593705,-0.283497208213986
0.603877035384148,0.256982010461965,-0.699227372743678,-0.283502828276108
0.603844414535935,0.256975099053829,-0.699255803883604,-0.283508451787815
0.603811747246124,0.256968181724904,-0.699284273102014,-0.283514078769939
0.603779033401839,0.256961258444985,-0.69931278048758,-0.28351970924336
0.603746273336303,0.256954328546218,-0.699341325750628,-0.283525343790009
0.603713467382745,0.256947391359463,-0.699369908601566,-0.283530982992879
0.603680615427963,0.256940446852466,-0.699398529129416,-0.283536626874519
0.603647717358534,0.256933494992899,-0.699427187423349,-0.283542275457521
0.603614773060809,0.256926535748353,-0.699455883572687,-0.283547928764521
0.603581782420912,0.256919569086343,-0.699484617666904,-0.283553586818201
0.603548745324746,0.256912594974303,-0.699513389795623,-0.28355924964129
0.603515661657986,0.256905613379591,-0.699542200048619,-0.283564917256557
0.603482531306079,0.256898624269483,-0.69957104851582,-0.283570589686819
0.603449354154248,0.256891627611179,-0.699599935287304,-0.283576266954941
0.603416130087487,0.2568846233718,-0.699628860453303,-0.283581949083826
0.603382858990563,0.256877611518386,-0.6996578241042,-0.283587636096427
0.603349540748014,0.2568705920179,-0.69968682633053,-0.283593328015742
0.60331617524415,0.256863564837222,-0.699715867222984,-0.283599024864813
0.60328276236305,0.256856529943156,-0.699744946872402,-0.283604726666726
0.603249301988566,0.256849487302426,-0.699774065369779,-0.283610433444613
0.603215794004316,0.256842436881674,-0.699803222806266,-0.283616145221652
0.60318223829369,0.256835378647465,-0.699832419273164,-0.283621862021067
0.603148634739846,0.256828312566281,-0.699861654861932,-0.283627583866123
0.60311498322571,0.256821238604525,-0.699890929664179,-0.283633310780136
0.603081283633976,0.256814156728521,-0.699920243771671,-0.283639042786461
0.603047535847102,0.256807066904511,-0.69994959727633,-0.283644779908503
0.603013739747318,0.256799969098656,-0.699978990270231,-0.283650522169712
0.602979895216616,0.256792863277037,-0.700008422845606,-0.28365626959358
0.602946002136755,0.256785749405656,-0.700037895094842,-0.283662022203648
0.602912060591491,0.256778626091568,-0.700067406955836,-0.283667781205376
0.602878070664141,0.256771491940161,-0.700096958366875,-0.283673547805498
0.602844032235455,0.256764346914809,-0.700126549421156,-0.283679322029532
0.60280994518595,0.256757190978808,-0.700156180212035,-0.283685103903037
0.602775809395898,0.256750024095374,-0.700185850833026,-0.283690893451617
0.602741624745338,0.256742846227644,-0.700215561377799,-0.283696690700918
0.602707391114067,0.256735657338673,-0.700245311940184,-0.283702495676629
0.602673108381646,0.256728457391438,-0.700275102614168,-0.283708308404485
0.602638776427391,0.256721246348836,-0.700304933493896,-0.28371412891026
0.602604395130381,0.256714024173683,-0.700334804673672,-0.283719957219775
0.602569964369454,0.256706790828714,-0.70036471624796,-0.283725793358892
0.602535484023204,0.256699546276584,-0.700394668311382,-0.283731637353518
0.602500953969984,0.256692290479868,-0.700424660958721,-0.283737489229604
0.602466374087907,0.256685023401059,-0.700454694284916,-0.283743349013141
0.602431744254837,0.256677745002569,-0.700484768385071,-0.283749216730167
0.602397064348401,0.256670455246731,-0.700514883354447,-0.283755092406763
0.602362334245976,0.256663154095793,-0.700545039288466,-0.283760976069052
0.602327553824696,0.256655841511924,-0.700575236282711,-0.283766867743201
0.602292722961452,0.256648517457212,-0.700605474432927,-0.283772767455422
0.602257841532885,0.25664118189366,-0.700635753835018,-0.283778675231969
0.602222909415393,0.256633834783192,-0.700666074585052,-0.283784591099141
0.602187926485125,0.256626476087649,-0.700696436779257,-0.28379051508328
0.602152892617982,0.256619105768789,-0.700726840514025,-0.283796447210772
0.602117807689619,0.256611723788289,-0.700757285885907,-0.283802387508046
0.60208267157544,0.256604330107742,-0.70078777299162,-0.283808336001576
0.602047483876403,0.256596924448965,-0.700818302169089,-0.283814292921024
0.602012244192829,0.256589506534216,-0.700848873756634,-0.283820258495583
0.601976952398798,0.25658207632562,-0.70087948785181,-0.283826232751083
0.60194160836814,0.256574633785223,-0.700910144552336,-0.283832215713401
0.601906211974435,0.256567178874984,-0.700940843956088,-0.283838207408455
0.601870763091012,0.256559711556782,-0.700971586161109,-0.283844207862208
0.601835261590948,0.256552231792409,-0.701002371265599,-0.283850217100667
0.601799707347072,0.256544739543576,-0.701033199367927,-0.283856235149883
0.601764100231958,0.25653723477191,-0.701064070566619,-0.283862262035951
0.601728440117928,0.256529717438951,-0.701094984960368,-0.283868297785007
0.601692726877051,0.256522187506159,-0.70112594264803,-0.283874342423236
0.601656960381141,0.256514644934905,-0.701156943728623,-0.283880395976865
0.601621140501761,0.25650708968648,-0.70118798830133,-0.283886458472161
0.601585267110214,0.256499521722086,-0.701219076465499,-0.283892529935442
0.601549340077551,0.256491941002843,-0.701250208320641,-0.283898610393066
0.601513359274566,0.256484347489785,-0.701281383966433,-0.283904699871436
0.601477324571796,0.25647674114386,-0.701312603502716,-0.283910798396999
0.601441235839521,0.256469121925931,-0.701343867029498,-0.283916905996246
0.601405092947764,0.256461489796775,-0.70137517464695,-0.283923022695714
0.601368895766286,0.256453844717085,-0.701406526455411,-0.283929148521983
0.601332644164593,0.256446186647465,-0.701437922555386,-0.283935283501676
0.601296338011929,0.256438515548434,-0.701469363047545,-0.283941427661464
0.60125997717728,0.256430831380426,-0.701500848032726,-0.283947581028059
0.601223561529368,0.256423134103787,-0.701532377611934,-0.283953743628219
0.601187090936655,0.256415423678777,-0.70156395188634,-0.283959915488747
0.601150565269169,0.256407701240225,-0.701595570936891,-0.283966095622347
0.601113984396493,0.256399967924708,-0.701627234844859,-0.283972283040334
0.601077348186027,0.256392223694973,-0.701658943712153,-0.2839784777675
0.601040656504906,0.256384468513678,-0.701690697640857,-0.283984679828681
0.601003909219997,0.256376702343392,-0.701722496733223,-0.283990889248762
0.6009671061979,0.256368925146597,-0.701754341091674,-0.283997106052669
0.600930247304946,0.256361136885684,-0.701786230818808,-0.284003330265381
0.600893332407199,0.256353337522955,-0.701818166017391,-0.284009561911916
0.600856361370453,0.256345527020625,-0.701850146790363,-0.284015801017345
0.60081933406023,0.256337705340817,-0.701882173240836,-0.28402204760678
0.600782250341784,0.256329872445564,-0.701914245472094,-0.284028301705383
0.600745110080097,0.256322028296811,-0.701946363587595,-0.28403456333836
0.600707913139878,0.256314172856412,-0.701978527690971,-0.284040832530963
0.600670659385566,0.25630630608613,-0.702010737886025,-0.284047109308494
0.600633348681323,0.256298427947638,-0.702042994276736,-0.284053393696299
0.600595980891041,0.256290538402519,-0.702075296967256,-0.28405968571977
0.600558555878335,0.256282637412265,-0.702107646061913,-0.284065985404346
0.600521073506547,0.256274724938275,-0.702140041665207,-0.284072292775513
0.600483533638743,0.25626680094186,-0.702172483881815,-0.284078607858804
0.600445936137711,0.256258865384237,-0.702204972816588,-0.284084930679798
0.600408280865963,0.256250918226533,-0.702237508574555,-0.284091261264121
0.600370567685734,0.256242959429781,-0.702270091260918,-0.284097599637445
0.60033279645898,0.256234988954926,-0.702302720981057,-0.28410394582549
0.600294967047379,0.256227006762816,-0.702335397840528,-0.284110299854021
0.600257079312328,0.25621901281421,-0.702368121945061,-0.284116661748852
0.600219132680288,0.256211006868963,-0.702400893778177,-0.284123031701644
0.600181126577178,0.256202988685497,-0.702433713823663,-0.284129409905178
0.600143060863168,0.256194958222287,-0.702466582187925,-0.284135796387016
0.600104935398146,0.256186915437709,-0.702499498977543,-0.284142191174771
0.600066750041723,0.256178860290045,-0.702532464299271,-0.284148594296102
0.600028504653228,0.256170792737485,-0.702565478260039,-0.284155005778716
0.59999019909171,0.256162712738118,-0.702598540966951,-0.284161425650368
0.599951833215935,0.256154620249943,-0.702631652527289,-0.28416785393886
0.599913406884389,0.256146515230859,-0.702664813048507,-0.284174290672045
0.599874919955272,0.256138397638671,-0.702698022638239,-0.28418073587782
0.599836372286503,0.256130267431088,-0.702731281404293,-0.284187189584132
0.599797763735715,0.256122124565721,-0.702764589454656,-0.284193651818976
0.599759094160256,0.256113969000086,-0.70279794689749,-0.284200122610396
0.59972036341719,0.256105800691603,-0.702831353841136,-0.284206601986482
0.599681571363292,0.256097619597592,-0.702864810394112,-0.284213089975374
0.599642717855052,0.256089425675278,-0.702898316665112,-0.284219586605258
0.599603802748672,0.256081218881789,-0.702931872763013,-0.28422609190437
0.599564825900066,0.256072999174154,-0.702965478796867,-0.284232605900995
0.599525787164855,0.256064766509304,-0.702999134875904,-0.284239128623464
0.599486686398377,0.256056520844074,-0.703032841109537,-0.284245660100158
0.599447523455675,0.2560482621352,-0.703066597607355,-0.284252200359505
0.599408298191501,0.256039990339318,-0.703100404479128,-0.284258749429982
0.599369010460316,0.256031705412967,-0.703134261834807,-0.284265307340115
0.59932966011629,0.256023407312587,-0.703168169784522,-0.284271874118478
0.599290247013296,0.256015095994519,-0.703202128438584,-0.284278449793693
0.599250771033635,0.256006770481194,-0.7032361378985,-0.284285035197045
0.599211232060227,0.255998429793928,-0.703270198265175,-0.284291631160627
0.599171629947442,0.255990073887237,-0.703304309648283,-0.284298237714347
0.599131964549356,0.255981702715542,-0.703338472157682,-0.284304854888162
0.599092235719749,0.255973316233164,-0.703372685903407,-0.284311482712073
0.599052443312109,0.255964914394323,-0.703406950995672,-0.284318121216131
0.59901258717963,0.255956497153146,-0.703441267544875,-0.284324770430431
0.598972667175207,0.255948064463655,-0.703475635661591,-0.284331430385118
0.598932683151441,0.255939616279777,-0.703510055456578,-0.284338101110383
0.598892634960635,0.255931152555337,-0.703544527040775,-0.284344782636463
0.598852522454794,0.25592267324406,-0.703579050525301,-0.284351474993644
0.598812345485623,0.255914178299574,-0.703613626021459,-0.284358178212258
0.598772103904531,0.255905667675404,-0.703648253640734,-0.284364892322686
0.598731797562623,0.255897141324977,-0.703682933494791,-0.284371617355354
0.598691426310706,0.255888599201616,-0.703717665695482,-0.284378353340737
0.598650989999285,0.255880041258546,-0.703752450354837,-0.284385100309358
0.598610488478561,0.255871467448891,-0.703787287585073,-0.284391858291785
0.598569921598433,0.255862877725673,-0.703822177498591,-0.284398627318637
0.598529289208497,0.255854272041812,-0.703857120207974,-0.284405407420576
0.598488591158044,0.255845650350126,-0.70389211582599,-0.284412198628316
0.598447827296058,0.255837012603334,-0.703927164465592,-0.284419000972616
0.598406997471221,0.25582835875405,-0.703962266239917,-0.284425814484283
0.598366101531904,0.255819688754785,-0.70399742126229,-0.284432639194172
0.598325139326174,0.25581100255795,-0.704032629646218,-0.284439475133187
0.598284110701786,0.255802300115853,-0.704067891505396,-0.284446322332277
0.598243015402322,0.25579358096962,-0.704103207049751,-0.284453181172809
0.598201853170631,0.255784844660345,-0.704138576489706,-0.284460052036056
0.598160623852902,0.255776091140131,-0.704173999939988,-0.284466934952905
0.598119327295011,0.255767320360976,-0.704209477515511,-0.284473829954287
0.598077963342523,0.255758532274775,-0.704245009331376,-0.284480737071181
0.598036531840684,0.255749726833319,-0.704280595502878,-0.284487656334615
0.597995032634423,0.255740903988294,-0.704316236145498,-0.284494587775664
0.597953465568355,0.255732063691283,-0.704351931374909,-0.28450153142545
0.597911830486776,0.255723205893764,-0.704387681306976,-0.284508487315143
0.597870127233663,0.255714330547109,-0.70442348605775,-0.284515455475962
0.597828355652676,0.255705437602586,-0.704459345743477,-0.284522435939171
0.597786515587151,0.255696527011359,-0.704495260480595,-0.284529428736083
0.597744606880106,0.255687598724482,-0.70453123038573,-0.284536433898061
0.597702629374237,0.255678652692907,-0.704567255575704,-0.284543451456512
0.597660582911917,0.25566968886748,-0.704603336167529,-0.284550481442894
0.597618467335196,0.255660707198938,-0.70463947227841,-0.284557523888711
0.5975762824858,0.255651707637912,-0.704675664025747,-0.284564578825516
0.597534028205129,0.255642690134929,-0.704711911527132,-0.28457164628491
0.597491704334261,0.255633654640406,-0.704748214900349,-0.284578726298543
0.597449310713943,0.255624601104653,-0.70478457426338,-0.284585818898109
0.597406847184597,0.255615529477873,-0.704820989734399,-0.284592924115357
0.597364313586317,0.255606439710162,-0.704857461431773,-0.284600041982077
0.597321709758868,0.255597331751506,-0.704893989474069,-0.284607172530113
0.597279035541684,0.255588205551783,-0.704930573980044,-0.284614315791354
0.597236290773872,0.255579061060764,-0.704967215068654,-0.284621471797738
0.597193474992969,0.255569898289182,-0.705003913115292,-0.284628640523764
0.597150587735203,0.255560717247812,-0.705040668496266,-0.284635821943803
0.597107628837219,0.255551517886323,-0.705077481332201,-0.284643016089681
0.59706459813532,0.255542300154272,-0.705114351743924,-0.284650222993269
0.597021495465474,0.255533064001108,-0.70515127985246,-0.28465744268649
0.596978320663308,0.255523809376166,-0.705188265779033,-0.284664675201313
0.596935073564112,0.255514536228672,-0.705225309645067,-0.284671920569759
0.596891754002833,0.255505244507736,-0.705262411572186,-0.284679178823895
0.596848361814077,0.255495934162363,-0.705299571682218,-0.284686449995841
0.596804896832108,0.255486605141439,-0.705336790097187,-0.284693734117764
0.596761358890847,0.255477257393741,-0.705374066939322,-0.28470103122188
0.596717747823872,0.255467890867934,-0.705411402331053,-0.284708341340455
0.596674063464414,0.255458505512567,-0.70544879639501,-0.284715664505805
0.59663030564536,0.255449101276079,-0.705486249254028,-0.284723000750294
0.596586474199249,0.255439678106793,-0.705523761031144,-0.284730350106335
0.596542568958276,0.255430235952918,-0.705561331849597,-0.284737712606394
0.596498589754281,0.255420774762552,-0.70559896183283,-0.284745088282982
0.596454536418763,0.255411294483675,-0.705636651104492,-0.284752477168664
0.596410408782865,0.255401795064154,-0.705674399788432,-0.284759879296051
0.59636620667738,0.255392276451743,-0.705712208008706,-0.284767294697804
0.596321929932753,0.255382738594076,-0.705750075889575,-0.284774723406637
0.596277578379071,0.255373181438676,-0.705788003555504,-0.284782165455311
0.596233151846072,0.255363604932949,-0.705825991131164,-0.284789620876637
0.596188650163136,0.255354009024183,-0.705864038741433,-0.284797089703475
0.596144073159289,0.255344393659552,-0.705902146511393,-0.284804571968738
0.596099420646139,0.255334758801977,-0.705940314580581,-0.284812067691564
0.596054692436268,0.255325104414213,-0.705978543087601,-0.284819576891205
0.596009888359639,0.25531543044301,-0.70601683215644,-0.284827099600821
0.595965008245863,0.255305736835003,-0.706055181911287,-0.284834635853622
0.595920051924197,0.255296023536707,-0.706093592476532,-0.284842185682866
0.595875019223548,0.255286290494522,-0.70613206397677,-0.284849749121865
0.595829909972468,0.255276537654727,-0.706170596536797,-0.284857326203977
0.595784723999155,0.255266764963485,-0.706209190281612,-0.284864916962615
0.59573946113145,0.25525697236684,-0.706247845336417,-0.284872521431239
0.59569412119684,0.255247159810715,-0.70628656182662,-0.28488013964336
0.595648704022452,0.255237327240915,-0.70632533987783,-0.284887771632542
0.595603209435055,0.255227474603128,-0.706364179615864,-0.284895417432396
0.595557637261062,0.255217601842918,-0.70640308116674,-0.284903077076586
0.595511987326521,0.255207708905731,-0.706442044656685,-0.284910750598826
0.595466259457124,0.255197795736893,-0.706481070212129,-0.284918438032882
0.595420453478198,0.255187862281609,-0.706520157959707,-0.284926139412567
0.595374569214707,0.255177908484962,-0.706559308026264,-0.28493385477175
0.595328606491254,0.255167934291916,-0.706598520538848,-0.284941584144346
0.595282565132073,0.255157939647311,-0.706637795624716,-0.284949327564324
0.595236444961037,0.255147924495866,-0.706677133411331,-0.284957085065703
0.595190245801649,0.255137888782179,-0.706716534026364,-0.284964856682554
0.595143967477046,0.255127832450723,-0.706755997597695,-0.284972642448995
0.595097609809998,0.255117755445852,-0.706795524253411,-0.284980442399201
0.595051172622902,0.255107657711793,-0.706835114121808,-0.284988256567394
0.595004655737788,0.255097539192653,-0.706874767331391,-0.284996084987848
0.594958059231496,0.255087401091896,-0.706914483770909,-0.285003926630114
0.594911383180885,0.255077244614243,-0.706954263329103,-0.285011780462874
0.594864627407456,0.255067069705492,-0.706994106134787,-0.285019646519174
0.594817791732336,0.255056876311317,-0.707034012316989,-0.285027524832114
0.594770875975255,0.255046664377037,-0.707073982005815,-0.285035415435021
0.594723879954626,0.255036433847631,-0.707114015332391,-0.285043318361441
0.594676803488414,0.255026184667938,-0.707154112428113,-0.285051233644981
0.594629646394199,0.255015916782666,-0.707194273424595,-0.285059161319304
0.594582408489169,0.255005630136395,-0.707234498453678,-0.285067101418129
0.594535089590125,0.254995324673577,-0.707274787647418,-0.285075053975228
0.594487689513475,0.254985000338529,-0.707315141138098,-0.285083019024429
0.594440208075236,0.254974657075443,-0.707355559058222,-0.285090996599613
0.594392645091031,0.254964294828378,-0.707396041540516,-0.285098986734718
0.594345000376092,0.254953913541262,-0.707436588717931,-0.285106989463736
0.594297273745252,0.254943513157892,-0.707477200723639,-0.285115004820713
0.594249465012952,0.254933093621934,-0.707517877691039,-0.285123032839752
0.594201573993232,0.254922654876922,-0.707558619753753,-0.285131073555009
0.594153600499737,0.254912196866257,-0.707599427045627,-0.285139127000695
0.594105544345713,0.254901719533208,-0.707640299700732,-0.285147193211079
0.594057405344003,0.254891222820912,-0.707681237853368,-0.285155272220481
0.594009183307052,0.254880706672371,-0.707722241638056,-0.285163364063278
0.593960878046901,0.254870171030456,-0.707763311189549,-0.285171468773905
0.593912489375188,0.254859615837903,-0.707804446642821,-0.285179586386847
0.593864017103148,0.254849041037313,-0.707845648133078,-0.285187716936648
0.593815461041609,0.254838446571153,-0.707886915795749,-0.285195860457905
0.593766822057833,0.254827832591016,-0.707928248868032,-0.285204016828215
0.59371810102076,0.254817199248536,-0.707969646586032,-0.285212185925294
0.593669297743127,0.254806546486045,-0.708011109083886,-0.285220367784006
0.593620412037268,0.254795874245742,-0.708052636495961,-0.285228562439268
0.59357144371511,0.254785182469692,-0.70809422895685,-0.285236769926055
0.593522392588175,0.25477447109983,-0.708135886601378,-0.285244990279391
0.593473258467578,0.254763740077953,-0.708177609564596,-0.285253223534358
0.593424041164024,0.254752989345729,-0.708219397981787,-0.28526146972609
0.59337474048781,0.254742218844687,-0.708261251988461,-0.285269728889777
0.593325356248821,0.254731428516225,-0.708303171720362,-0.285278001060662
0.593275888256533,0.254720618301605,-0.708345157313463,-0.285286286274044
0.593226336320005,0.254709788141954,-0.708387208903968,-0.285294584565274
0.593176700247886,0.254698937978263,-0.708429326628312,-0.285302895969759
0.593126979848409,0.254688067751388,-0.708471510623164,-0.285311220522961
0.593077174929391,0.254677177402048,-0.708513761025424,-0.285319558260396
0.593027285298232,0.254666266870826,-0.708556077972224,-0.285327909217634
0.592977310761913,0.254655336098168,-0.708598461600932,-0.285336273430301
0.592927251126997,0.254644385024383,-0.708640912049147,-0.285344650934076
0.592877106199626,0.254633413589642,-0.708683429454704,-0.285353041764693
0.592826875785523,0.25462242173398,-0.70872601395567,-0.285361445957942
0.592776559689983,0.254611409397291,-0.708768665690349,-0.285369863549665
0.592726157717884,0.254600376519332,-0.708811384797279,-0.285378294575763
0.592675669673674,0.254589323039721,-0.708854171415236,-0.285386739072189
0.592625095361379,0.254578248897938,-0.708897025683227,-0.285395197074951
0.592574434584595,0.254567154033322,-0.708939947740501,-0.285403668620111
0.592523687804449,0.254556037729808,-0.708982937184233,-0.285412154309403
0.592472855482292,0.254544899270941,-0.709025993611552,-0.285420654744811
0.592421937421412,0.254533738595265,-0.709069117161994,-0.285429169962863
0.592370933424667,0.254522555641184,-0.70911230797533,-0.285437700000139
0.592319843294485,0.254511350346962,-0.709155566191573,-0.285446244893276
0.592268666832859,0.254500122650725,-0.709198891950975,-0.285454804678961
0.59221740384135,0.254488872490459,-0.709242285394026,-0.285463379393935
0.592166054121085,0.254477599804008,-0.709285746661457,-0.285471969074996
0.592114617472751,0.254466304529078,-0.709329275894241,-0.285480573758993
0.592063093696602,0.254454986603232,-0.709372873233591,-0.28548919348283
0.592011482592451,0.254443645963893,-0.709416538820963,-0.285497828283465
0.591959783959673,0.25443228254834,-0.709460272798051,-0.285506478197911
0.591907997597202,0.254420896293713,-0.709504075306795,-0.285515143263233
0.591856123303528,0.254409487137008,-0.709547946489377,-0.285523823516553
0.591804160876702,0.254398055015078,-0.709591886488221,-0.285532518995043
0.591752110114329,0.254386599864633,-0.709635895445996,-0.285541229735934
0.591699970813567,0.254375121622239,-0.709679973505614,-0.285549955776508
0.591647742771129,0.254363620224321,-0.709724120810232,-0.285558697154102
0.591595425783281,0.254352095607155,-0.709768337503251,-0.285567453906108
0.59154301964584,0.254340547706877,-0.709812623728319,-0.285576226069972
0.591490524154171,0.254328976459474,-0.709856979629326,-0.285585013683194
0.59143793910319,0.254317381800791,-0.709901405350414,-0.285593816783329
0.59138526428736,0.254305763666525,-0.709945901035965,-0.285602635407986
0.591332499500689,0.254294121992228,-0.709990466830613,-0.28561146959483
0.591279644536733,0.254282456713304,-0.710035102879236,-0.285620319381578
0.591226698531377,0.254270767478529,-0.710079809885149,-0.285629185033739
0.591173660619193,0.254259053936123,-0.710124588552337,-0.285638066817055
0.591120530591075,0.254247316020433,-0.710169439027055,-0.285646964769676
0.591067308237461,0.254235553665657,-0.710214361455805,-0.28565587892981
0.591013993348327,0.254223766805841,-0.710259355985334,-0.285664809335719
0.590960585713186,0.254211955374878,-0.710304422762638,-0.285673756025724
0.590907085121092,0.25420011930651,-0.710349561934961,-0.285682719038202
0.590853491360631,0.254188258534328,-0.710394773649794,-0.285691698411584
0.590799804219928,0.254176372991768,-0.710440058054878,-0.285700694184361
0.590746023486637,0.254164462612113,-0.710485415298203,-0.285709706395077
0.590692148947948,0.254152527328492,-0.710530845528007,-0.285718735082336
0.590638180390582,0.254140567073882,-0.710576348892779,-0.285727780284795
0.590584117600786,0.254128581781104,-0.710621925541258,-0.285736842041171
0.59052996036434,0.254116571382824,-0.710667575622433,-0.285745920390235
0.590475708466549,0.254104535811552,-0.710713299285547,-0.285755015370817
0.590421361692245,0.254092474999644,-0.71075909668009,-0.285764127021801
0.590366919825785,0.254080388879299,-0.710804967955809,-0.285773255382131
0.590312382651048,0.254068277382559,-0.7108509132627,-0.285782400490806
0.590257749951438,0.25405614044131,-0.710896932751012,-0.285791562386881
0.590203021509876,0.254043977987281,-0.710943026571249,-0.285800741109471
0.590148197108807,0.254031789952042,-0.710989194874168,-0.285809936697745
0.590093276530192,0.254019576267004,-0.71103543781078,-0.285819149190931
0.59003825955551,0.254007336863422,-0.711081755532349,-0.285828378628312
0.589983145965755,0.253995071672391,-0.711128148190398,-0.285837625049229
0.589927935541437,0.253982780624845,-0.711174615936701,-0.285846888493081
0.589872628439638,0.25397046367964,-0.711221158606891,-0.285856168983516
0.589817224818107,0.253958120795944,-0.71126777603606,-0.285865466543928
0.589761724457616,0.253945751904921,-0.711314468375558,-0.285874781213419
0.589706127138451,0.253933356937576,-0.711361235776996,-0.285884113031151
0.589650432640407,0.253920935824757,-0.711408078392237,-0.285893462036341
0.589594640742787,0.253908488497149,-0.711454996373408,-0.285902828268262
0.589538751224403,0.253896014885277,-0.711501989872889,-0.285912211766244
0.589482763863571,0.253883514919507,-0.711549059043324,-0.285921612569673
0.589426678438113,0.253870988530042,-0.711596204037612,-0.285931030717992
0.589370494725352,0.253858435646925,-0.711643425008916,-0.285940466250702
0.589314212502116,0.253845856200034,-0.711690722110657,-0.285949919207358
0.589257831544732,0.253833250119088,-0.711738095496515,-0.285959389627574
0.589201351629026,0.25382061733364,-0.711785545320434,-0.28596887755102
0.589144772530323,0.253807957773082,-0.71183307173662,-0.285978383017422
0.589088094023444,0.253795271366639,-0.711880674899538,-0.285987906066565
0.589031315882704,0.253782558043376,-0.711928354963918,-0.285997446738288
0.588974437881915,0.253769817732189,-0.711976112084752,-0.286007005072489
0.588917459794377,0.253757050361812,-0.712023946417295,-0.286016581109123
0.588860381392886,0.253744255860812,-0.712071858117067,-0.286026174888201
0.588803202449724,0.25373143415759,-0.71211984733985,-0.286035786449791
0.588745922736663,0.253718585180379,-0.712167914241694,-0.28604541583402
0.588688542024961,0.253705708857249,-0.712216058978911,-0.286055063081069
0.588631060085363,0.253692805116099,-0.712264281708081,-0.286064728231179
0.588573476688098,0.253679873884661,-0.712312582586048,-0.286074411324646
0.588515791602876,0.253666915090499,-0.712360961769922,-0.286084112401826
0.588458003977974,0.253653927182909,-0.712409419966125,-0.286093832723595
0.58840011295693,0.253640908609757,-0.712457957884515,-0.286103573551458
0.588342118301561,0.253627859296208,-0.712506575687778,-0.286113334926793
0.588284019773139,0.253614779167256,-0.712555273538874,-0.286123116891035
0.588225817132392,0.253601668147726,-0.712604051601046,-0.286132919485671
0.588167510139505,0.25358852616227,-0.712652910037815,-0.286142742752246
0.588109098554112,0.253575353135367,-0.712701849012982,-0.28615258673236
0.588050582135303,0.253562148991324,-0.71275086869063,-0.286162451467666
0.587991960641617,0.253548913654276,-0.712799969235124,-0.286172336999874
0.58793323383104,0.253535647048184,-0.712849150811109,-0.286182243370751
0.587874401461007,0.253522349096834,-0.712898413583511,-0.286192170622116
0.587815463288398,0.253509019723838,-0.712947757717543,-0.286202118795846
0.587756419069539,0.253495658852632,-0.712997183378697,-0.286212087933872
0.587697268560196,0.25348226640648,-0.713046690732751,-0.286222078078183
0.587638011515578,0.253468842308464,-0.713096279945763,-0.286232089270819
0.587578647690332,0.253455386481495,-0.713145951184082,-0.286242121553881
0.587519176838547,0.253441898848305,-0.713195704614337,-0.286252174969521
0.587459598713745,0.253428379331447,-0.713245540403443,-0.28626224955995
0.587399913068882,0.253414827853298,-0.713295458718602,-0.286272345367434
0.587340119656353,0.253401244336055,-0.713345459727302,-0.286282462434293
0.587280218227981,0.253387628701738,-0.713395543597318,-0.286292600802906
0.58722020853502,0.253373980872185,-0.713445710496711,-0.286302760515704
0.587160090328153,0.253360300769055,-0.713495960593831,-0.286312941615177
0.587099863357491,0.253346588313828,-0.713546294057315,-0.286323144143869
0.587039527372571,0.253332843427799,-0.71359671105609,-0.286333368144382
0.586979082124957,0.253319066141086,-0.713647211754867,-0.286343613568829
0.586918527363703,0.253305256484719,-0.713697796320239,-0.286353880368449
0.586857862833709,0.253291414381095,-0.713748464924386,-0.286364168584617
0.586797088279286,0.253277539752429,-0.713799217739786,-0.286374478258762
0.586736203444156,0.253263632520751,-0.713850054939213,-0.286384809432369
0.586675208071449,0.253249692607908,-0.713900976695737,-0.286395162146979
0.5866141019037,0.253235719935564,-0.713951983182727,-0.286405536444188
0.58655288468285,0.253221714425197,-0.714003074573848,-0.286415932365648
0.586491556150244,0.2532076759981,-0.714054251043063,-0.286426349953068
0.586430116046627,0.253193604575379,-0.714105512764635,-0.286436789248212
0.586368564112145,0.253179500077956,-0.714156859913125,-0.2864472502929
0.586306900086342,0.253165362426564,-0.714208292663395,-0.286457733129008
0.58624512370816,0.253151191541749,-0.714259811190604,-0.286468237798467
0.586183234715934,0.25313698734387,-0.714311415670217,-0.286478764343267
0.586121232847394,0.253122749753097,-0.714363106277993,-0.286489312805449
0.586059117839661,0.25310847868941,-0.714414883189999,-0.286499883227116
0.585996889429247,0.2530941740726,-0.714466746582599,-0.286510475650423
0.585934547352052,0.253079835822268,-0.714518696632462,-0.286521090117582
0.585872091343361,0.253065463857825,-0.714570733516559,-0.286531726670863
0.585809521137848,0.253051058098489,-0.714622857412166,-0.286542385352589
0.585746836469567,0.253036618463287,-0.714675068496859,-0.286553066205142
0.585684037071955,0.253022144871054,-0.714727366948523,-0.28656376927096
0.585621122677828,0.253007637240433,-0.714779752945344,-0.286574494592535
0.585558093019382,0.25299309548987,-0.714832226665815,-0.286585242212419
0.585494947828189,0.252978519537621,-0.714884788288735,-0.286596012173217
0.585431687028497,0.252963908574868,-0.714937437849192,-0.286606805123546
0.585368310539483,0.25294926179285,-0.714990175386322,-0.286617621711647
0.585304818084152,0.252934579109611,-0.715043001085462,-0.286628461979646
0.585241209384859,0.252919860443001,-0.715095915132273,-0.286639325969722
0.585177484163302,0.252905105710677,-0.715148917712739,-0.286650213724108
0.585113642140523,0.252890314830101,-0.715202009013168,-0.286661125285089
0.585049683036907,0.252875487718539,-0.715255189220188,-0.286672060695002
0.584985606572177,0.252860624293059,-0.715308458520757,-0.286683019996241
0.584921412465396,0.252845724470536,-0.715361817102154,-0.286694003231248
0.584857100434962,0.252830788167644,-0.715415265151988,-0.286705010442524
0.584792670198608,0.252815815300861,-0.715468802858187,-0.286716041672619
0.5847281214734,0.252800805786466,-0.715522430409013,-0.286727096964139
0.584663453975733,0.252785759540539,-0.715576147993049,-0.28673817635974
0.584598667421333,0.252770676478961,-0.715629955799208,-0.286749279902135
0.584533761525252,0.252755556517412,-0.715683854016733,-0.286760407634089
0.584468736001869,0.25274039957137,-0.71573784283519,-0.28677155959842
0.584403590564884,0.252725205556113,-0.71579192244448,-0.286782735838
0.58433832492732,0.252709974386716,-0.715846093034828,-0.286793936395755
0.584272938801518,0.252694705978052,-0.715900354796793,-0.286805161314662
0.584207431899139,0.25267940024479,-0.715954707921263,-0.286816410637755
0.584141803931158,0.252664057101396,-0.716009152599456,-0.28682768440812
0.584076054607867,0.25264867646213,-0.716063689022922,-0.286838982668896
0.584010183638865,0.252633258241049,-0.716118317383542,-0.286850305463276
0.583944190733067,0.252617802352,-0.716173037873532,-0.286861652834507
0.583878075598692,0.252602308708629,-0.716227850685439,-0.28687302482589
0.583811838182004,0.252586776852263,-0.716282755823782,-0.286884421792858
0.583745478429206,0.252571206324388,-0.716337753292998,-0.28689584409057
0.583678996047386,0.252555597038573,-0.716392843286005,-0.286907291761988
0.583612390742942,0.252539948908181,-0.716448025996049,-0.286918764850133
0.583545662221576,0.252524261846363,-0.716503301616707,-0.286930263398078
0.583478810188298,0.252508535766061,-0.716558670341885,-0.286941787448949
0.583411834347417,0.252492770580007,-0.716614132365821,-0.28695333704593
0.583344734402547,0.252476966200722,-0.716669687883083,-0.286964912232255
0.583277510056597,0.252461122540513,-0.716725337088571,-0.286976513051216
0.583210161011776,0.252445239511477,-0.716781080177516,-0.286988139546156
0.583142686969586,0.252429317025497,-0.716836917345483,-0.286999791760476
0.583075087630823,0.252413354994242,-0.71689284878837,-0.287011469737628
0.583007362695573,0.252397353329167,-0.716948874702408,-0.28702317352112
0.582939511863212,0.252381311941511,-0.717004995284161,-0.287034903154515
0.582871534832403,0.252365230742298,-0.717061210730529,-0.28704665868143
0.582803431301094,0.252349109642336,-0.717117521238746,-0.287058440145536
0.582735200966517,0.252332948552214,-0.717173927006381,-0.287070247590558
0.582666843525183,0.252316747382307,-0.717230428231341,-0.287082081060278
0.582598358672885,0.252300506042767,-0.717287025111867,-0.287093940598529
0.582529746104691,0.25228422444353,-0.717343717846538,-0.287105826249202
0.582461005514945,0.252267902494313,-0.71740050663427,-0.287117738056241
0.582392136597263,0.25225154010461,-0.717457391674317,-0.287129676063644
0.582323139044535,0.252235137183694,-0.717514373166272,-0.287141640315464
0.582254012548916,0.25221869364062,-0.717571451310063,-0.28715363085581
0.582184756801833,0.252202209384216,-0.717628626305963,-0.287165647728845
0.582115372107232,0.252185683699268,-0.717685897865891,-0.28717769150479
0.58204585877374,0.252169115870208,-0.717743265697987,-0.287189762754116
0.581976216498707,0.252152505805004,-0.71780072999735,-0.287201861521437
0.581906444978767,0.2521358534114,-0.717858290959407,-0.287213987851425
0.581836543909839,0.252119158596915,-0.717915948779908,-0.287226141788804
0.58176651298712,0.252102421268844,-0.717973703654933,-0.287238323378359
0.581696351905089,0.252085641334254,-0.718031555780889,-0.287250532664928
0.581626060357498,0.252068818699988,-0.718089505354508,-0.287262769693406
0.581555638037376,0.252051953272661,-0.718147552572852,-0.287275034508743
0.581485084637022,0.252035044958659,-0.718205697633313,-0.287287327155947
0.581414399848009,0.25201809366414,-0.718263940733609,-0.28729964768008
0.581343583361175,0.252001099295034,-0.718322282071791,-0.287311996126262
0.581272634866627,0.251984061757039,-0.718380721846237,-0.287324372539667
0.581201554053734,0.251966980955624,-0.718439260255656,-0.28733677696553
0.581130340611129,0.251949856796024,-0.71849789749909,-0.287349209449135
0.581058994226706,0.251932689183245,-0.71855663377591,-0.287361670035828
0.580987514587613,0.251915478022059,-0.71861546928582,-0.287374158771009
0.58091590138026,0.251898223217004,-0.718674404228857,-0.287386675700134
0.580844154290306,0.251880924672384,-0.718733438805389,-0.287399220868717
0.580772273002663,0.251863582292267,-0.718792573216117,-0.287411794322326
0.580700257201496,0.251846195980487,-0.718851807662078,-0.287424396106588
0.580628106570213,0.251828765640641,-0.718911142344642,-0.287437026267185
0.580555820791471,0.251811291176089,-0.718970577465511,-0.287449684849854
0.580483399547169,0.251793772489952,-0.719030113226728,-0.287462371900392
0.580410842518447,0.251776209485114,-0.719089749830664,-0.287475087464647
0.580338150070528,0.251758601115394,-0.719149486943331,-0.28748783237953
0.58026532257144,0.251740946334579,-0.719209324228506,-0.287500607481809
0.580192359705397,0.251723245045143,-0.719269261885717,-0.287513412817214
0.580119261155854,0.251705497149323,-0.719329300114827,-0.28752624843153
0.580046026605513,0.251687702549117,-0.71938943911603,-0.287539114370597
0.579972655736311,0.25166986114628,-0.719449679089852,-0.287552010680314
0.579899148229424,0.251651972842328,-0.719510020237155,-0.287564937406633
0.579825503765266,0.251634037538535,-0.719570462759133,-0.287577894595565
0.57975172202348,0.251616055135931,-0.719631006857316,-0.287590882293174
0.579677802682945,0.251598025535304,-0.719691652733568,-0.287603900545584
0.579603745421765,0.251579948637197,-0.719752400590089,-0.287616949398971
0.579529549917274,0.251561824341908,-0.719813250629414,-0.287630028899572
0.579455215846029,0.251543652549491,-0.719874203054415,-0.287643139093675
0.579380742883808,0.251525433159752,-0.719935258068301,-0.287656280027629
0.579306130705614,0.251507166072249,-0.719996415874617,-0.287669451747837
0.579231378985663,0.251488851186294,-0.720057676677248,-0.287682654300758
0.57915648739739,0.251470488400949,-0.720119040680412,-0.28769588773291
0.579081455613443,0.251452077615028,-0.720180508088673,-0.287709152090863
0.579006283305681,0.251433618727091,-0.720242079106927,-0.287722447421248
0.578930970145172,0.251415111635452,-0.720303753940413,-0.287735773770749
0.578855515802193,0.25139655623817,-0.72036553279471,-0.287749131186108
0.578779919946222,0.25137795243305,-0.720427415875735,-0.287762519714125
0.578704182245943,0.251359300117649,-0.720489403389749,-0.287775939401653
0.578628302369239,0.251340599189264,-0.72055149554335,-0.287789390295604
0.57855227998319,0.251321849544939,-0.720613692543483,-0.287802872442946
0.578476114585569,0.251303050953175,-0.720675994737427,-0.287816385990843
0.578399805672006,0.251284203182635,-0.720738402473768,-0.287829931086074
0.578323352905153,0.251265306130225,-0.72080091596192,-0.287843507775117
0.578246755946842,0.251246359692592,-0.720863535411642,-0.287857116104504
0.578170014458085,0.251227363766124,-0.720926261033046,-0.287870756120824
0.578093128099066,0.251208318246946,-0.720989093036589,-0.287884427870725
0.578016096529149,0.251189223030925,-0.72105203163308,-0.287898131400908
0.577938919406862,0.251170078013663,-0.721115077033676,-0.287911866758134
0.577861596389908,0.2511508830905,-0.721178229449889,-0.28792563398922
0.577784127135151,0.251131638156512,-0.721241489093574,-0.287939433141038
0.577706511298624,0.25111234310651,-0.721304856176945,-0.287953264260517
0.577628748535519,0.251092997835041,-0.721368330912564,-0.287967127394645
0.577550838500189,0.251073602236383,-0.721431913513344,-0.287981022590465
0.577472780846141,0.25105415620455,-0.721495604192554,-0.287994949895077
0.577394575226039,0.251034659633285,-0.721559403163814,-0.288008909355638
0.577316221291699,0.251015112416063,-0.721623310641097,-0.28802290101936
0.577237718694086,0.250995514446091,-0.721687326838731,-0.288036924933515
0.577159067083314,0.250975865616303,-0.721751451971398,-0.28805098114543
0.577080266108639,0.250956165819363,-0.721815686254135,-0.288065069702487
0.577001315418462,0.250936414947663,-0.721880029902333,-0.288079190652129
0.576922214660322,0.25091661289332,-0.721944483131741,-0.288093344041851
0.576842963480898,0.250896759548179,-0.722009046158461,-0.288107529919209
0.576763561526002,0.25087685480381,-0.722073719198953,-0.288121748331813
0.576684008440579,0.250856898551506,-0.722138502470036,-0.288135999327331
0.576604303868705,0.250836890682284,-0.722203396188882,-0.288150282953487
0.576524447507809,0.25081683261423,-0.722268400491321,-0.288164598024964
0.576444439052019,0.250796725766085,-0.722333515515628,-0.288178943356117
0.576364278139139,0.250776570029432,-0.722398741483188,-0.288193318994263
0.576283964406083,0.250756365295569,-0.722464078615754,-0.288207724986776
0.576203497488867,0.250736111455519,-0.722529527135451,-0.288222161381087
0.576122877022612,0.250715808400018,-0.722595087264769,-0.288236628224684
0.57604210264154,0.250695456019524,-0.722660759226569,-0.288251125565113
0.575961173978971,0.250675054204207,-0.722726543244083,-0.288265653449976
0.57588009066732,0.250654602843955,-0.722792439540911,-0.288280211926931
0.575798852338095,0.25063410182837,-0.722858448341025,-0.288294801043695
0.575717458621894,0.250613551046767,-0.722924569868769,-0.288309420848042
0.575635909148402,0.250592950388175,-0.722990804348856,-0.288324071387798
0.575554203546391,0.250572299741334,-0.723057152006373,-0.288338752710854
0.575472341443715,0.250551598994694,-0.723123613066779,-0.28835346486515
0.575390322467305,0.250530848036419,-0.723190187755907,-0.288368207898688
0.575308146243172,0.250510046754376,-0.723256876299959,-0.288382981859524
0.575225812396402,0.250489195036147,-0.723323678925516,-0.288397786795772
0.57514332055115,0.250468292769016,-0.723390595859531,-0.288412622755602
0.575060670330643,0.250447339839976,-0.723457627329329,-0.288427489787241
0.574977861357172,0.250426336135726,-0.723524773562615,-0.288442387938973
0.574894893252093,0.250405281542668,-0.723592034787464,-0.288457317259137
0.574811765635825,0.250384175946908,-0.723659411232332,-0.28847227779613
0.574728478127842,0.250363019234256,-0.723726903126047,-0.288487269598406
0.574645030346676,0.250341811290223,-0.723794510697816,-0.288502292714473
0.574561421909911,0.25032055200002,-0.723862234177222,-0.288517347192899
0.574477652455549,0.250299241562321,-0.723930073769088,-0.288532432830646
0.574393721621987,0.250277880174625,-0.723998029677595,-0.288547549425565
0.574309629025985,0.25025646771993,-0.724066102131922,-0.28856269702764
0.574225374283356,0.25023500408093,-0.724134291361616,-0.288577875686906
0.574140957008961,0.250213489140017,-0.724202597596602,-0.28859308545346
0.574056376816708,0.250191922779277,-0.724271021067175,-0.288608326377453
0.57397163331955,0.250170304880487,-0.724339562004005,-0.288623598509094
0.573886726129481,0.250148635325122,-0.724408220638134,-0.288638901898649
0.573801654857532,0.250126913994345,-0.724476997200981,-0.288654236596438
0.573716419113771,0.250105140769011,-0.724545891924338,-0.288669602652842
0.573631018507299,0.250083315529666,-0.724614905040373,-0.288685000118295
0.573545452646247,0.250061438156544,-0.724684036781627,-0.288700429043287
0.573459721137773,0.250039508529567,-0.72475328738102,-0.288715889478369
0.573373823588059,0.250017526528345,-0.724822657071846,-0.288731381474142
0.57328775960231,0.249995492032174,-0.724892146087778,-0.288746905081268
0.573201528784751,0.249973404920035,-0.724961754662862,-0.288762460350463
0.573115130738619,0.249951265070592,-0.725031483031526,-0.288778047332502
0.573028565066169,0.249929072362194,-0.725101331428572,-0.288793666078211
0.572941831368663,0.249906826672872,-0.725171300089182,-0.288809316638477
0.572854929246371,0.249884527880337,-0.725241389248916,-0.28882499906424
0.572767858298571,0.249862175861982,-0.725311599143713,-0.288840713406497
0.572680618123538,0.249839770494879,-0.72538193000989,-0.288856459716302
0.57259320831855,0.249817311655776,-0.725452382084146,-0.288872238044761
0.572505628479877,0.2497947992211,-0.725522955603559,-0.28888804844304
0.572417878202786,0.249772233066956,-0.725593650805584,-0.288903890962358
0.572329956901578,0.249749612489856,-0.725664468086909,-0.288919766112235
0.572241863989922,0.249726936785501,-0.725735407844127,-0.288935674402433
0.57215359906062,0.249704205828286,-0.725806470315132,-0.28895161588462
0.572065161705456,0.249681419492277,-0.7258776557382,-0.288967590610518
0.571976551515194,0.249658577651212,-0.725948964351983,-0.288983598631902
0.571887768079574,0.249635680178499,-0.726020396395516,-0.288999640000606
0.571798810987311,0.249612726947216,-0.726091952108214,-0.289015714768512
0.571709679826091,0.249589717830107,-0.726163631729875,-0.289031822987562
0.571620374182567,0.249566652699586,-0.726235435500677,-0.28904796470975
0.571530893642355,0.24954353142773,-0.726307363661179,-0.289064139987125
0.571441237790038,0.249520353886282,-0.726379416452324,-0.289080348871788
0.571351406209153,0.249497119946651,-0.726451594115437,-0.289096591415898
0.571261398482195,0.249473829479905,-0.726523896892226,-0.289112867671663
0.571171214190612,0.249450482356777,-0.726596325024781,-0.289129177691349
0.571080852914801,0.24942707844766,-0.726668878755578,-0.289145521527275
0.570990314234106,0.249403617622606,-0.726741558327474,-0.289161899231811
0.570899597726814,0.249380099751326,-0.726814363983713,-0.289178310857385
0.570808702970155,0.249356524703189,-0.726887295967922,-0.289194756456475
0.570717629540293,0.249332892347218,-0.726960354524113,-0.289211236081614
0.57062637701233,0.249309202552096,-0.727033539896683,-0.289227749785387
0.570534944960297,0.249285455186156,-0.727106852330415,-0.289244297620435
0.570443332957153,0.249261650117387,-0.727180292070477,-0.289260879639449
0.570351540574786,0.249237787213428,-0.727253859362424,-0.289277495895175
0.570259567384,0.249213866341571,-0.727327554452197,-0.289294146440411
0.570167412954522,0.249189887368757,-0.727401377586123,-0.289310831328008
0.570075076605109,0.249165850042169,-0.727475329212561,-0.28932755069906
0.569982557651474,0.249141754109029,-0.727549409781602,-0.289344304694257
0.569889855657138,0.249117599435805,-0.727623619542759,-0.289361093365923
0.569796970184519,0.249093385888615,-0.727697958745938,-0.289377916766437
0.569703900794927,0.249069113333215,-0.72777242764144,-0.289394774948227
0.569610647048561,0.249044781635009,-0.727847026479958,-0.289411667963771
0.569517208504507,0.249020390659042,-0.727921755512581,-0.289428595865603
0.569423584720733,0.248995940269999,-0.727996614990788,-0.289445558706302
0.569329775254084,0.248971430332205,-0.728071605166458,-0.289462556538503
0.569235779660286,0.248946860709624,-0.728146726291862,-0.28947958941489
0.569141597493935,0.248922231265857,-0.728221978619665,-0.289496657388196
0.569047228308496,0.248897541864143,-0.72829736240293,-0.289513760511207
0.568952671656302,0.248872792367353,-0.728372877895114,-0.289530898836757
0.568857927088549,0.248847982637996,-0.728448525350071,-0.289548072417734
0.56876299415529,0.248823112538211,-0.728524305022051,-0.289565281307073
0.568667872405437,0.24879818192977,-0.728600217165699,-0.28958252555776
0.568572561386756,0.248773190674074,-0.728676262036059,-0.28959980522283
0.568477060645859,0.248748138632156,-0.728752439888571,-0.28961712035537
0.568381369728207,0.248723025664676,-0.728828750979072,-0.289634471008515
0.568285488178103,0.24869785163192,-0.728905195563797,-0.28965185723545
0.568189415538691,0.248672616393801,-0.728981773899378,-0.28966927908941
0.568093151351947,0.248647319809857,-0.729058486242848,-0.289686736623677
0.567996695158686,0.248621961739248,-0.729135332851633,-0.289704229891585
0.567900046498546,0.248596542040758,-0.729212313983564,-0.289721758946516
0.567803204909995,0.248571060572792,-0.729289429896865,-0.289739323841898
0.567706168309716,0.248545516474798,-0.72936668214868,-0.289756925154176
0.567608934607843,0.248519908884959,-0.729444072299484,-0.289774563459779
0.567511503331231,0.248494237659209,-0.72952160061311,-0.289792238812192
0.567413874005526,0.248468502653089,-0.729599267353788,-0.289809951264945
0.567316046155163,0.248442703721754,-0.729677072786156,-0.289827700871615
0.567218019303357,0.248416840719964,-0.729755017175253,-0.289845487685826
0.567119792972106,0.248390913502091,-0.729833100786526,-0.289863311761247
0.567021366682181,0.248364921922111,-0.729911323885821,-0.289881173151592
0.566922739953129,0.248338865833605,-0.729989686739392,-0.289899071910623
0.566823912303261,0.248312745089759,-0.730068189613896,-0.289917008092145
0.566724883249659,0.248286559543361,-0.730146832776397,-0.289934981750009
0.566625652308162,0.2482603090468,-0.73022561649436,-0.289952992938113
0.56652621899337,0.248233993452066,-0.730304541035658,-0.289971041710397
0.566426582818636,0.248207612610748,-0.730383606668568,-0.289989128120848
0.566326743296064,0.248181166374033,-0.730462813661775,-0.290007252223496
0.566226699936505,0.248154654592701,-0.730542162284366,-0.290025414072416
0.566126452249553,0.248128077117131,-0.730621652805836,-0.290043613721728
0.566025999743543,0.248101433797293,-0.730701285496085,-0.290061851225594
0.565925341925544,0.248074724482752,-0.730781060625421,-0.290080126638222
0.565824478298839,0.24804794902197,-0.730860978466555,-0.290098440014335
0.565723408360457,0.248021107261656,-0.730941039296549,-0.290116791409617
0.565622131606066,0.247994199048078,-0.731021243392934,-0.290135180879813
0.565520647530027,0.247967224227079,-0.731101591033665,-0.290153608480715
0.565418955625393,0.247940182644081,-0.731182082497117,-0.290172074268162
0.565317055383898,0.247913074144082,-0.731262718062092,-0.290190578298039
0.565214947353341,0.247885899437234,-0.731343497154823,-0.290209119977142
0.56511263208438,0.247858659235658,-0.731424419199567,-0.290227698711102
0.565010109071074,0.247831353386679,-0.73150548447279,-0.290246314554119
0.564907377806173,0.247803981737199,-0.731586693251374,-0.290264967560439
0.564804437781112,0.2477765441337,-0.731668045812622,-0.290283657784349
0.564701288486009,0.247749040422244,-0.731749542434252,-0.290302385280179
0.564597929409661,0.247721470448468,-0.731831183394403,-0.290321150102298
0.564494360039539,0.247693834057586,-0.731912968971629,-0.290339952305119
0.564390579861787,0.247666131094386,-0.731994899444907,-0.290358791943098
0.564286588361214,0.247638361403228,-0.732076975093628,-0.290377669070729
0.564182385021292,0.247610524828045,-0.732159196197606,-0.290396583742548
0.564077969324153,0.247582621212338,-0.732241563037071,-0.290415536013133
0.563973340750584,0.247554650399178,-0.732324075892673,-0.290434525937101
0.563868498780024,0.247526612231204,-0.732406735045482,-0.290453553569109
0.563763442890555,0.247498506550619,-0.732489540776985,-0.290472618963856
0.563658172558908,0.247470333199193,-0.732572493369092,-0.290491722176079
0.563552687260449,0.247442092018257,-0.732655593104128,-0.290510863260556
0.56344698646918,0.247413782848704,-0.732738840264841,-0.290530042272102
0.563341069657735,0.247385405530988,-0.732822235134397,-0.290549259265574
0.563234936297372,0.247356959905123,-0.732905777996383,-0.290568514295865
0.563128585857977,0.247328445810678,-0.732989469134804,-0.290587807417908
0.563022017808049,0.24729986308678,-0.733073308834087,-0.290607138686675
0.562915231614705,0.247271211572109,-0.733157297379077,-0.290626508157174
0.562808226743672,0.247242491104901,-0.733241435055039,-0.290645915884453
0.562701002659284,0.24721370152294,-0.733325722147661,-0.290665361923594
0.56259355934726,0.247184842273769,-0.733410158547203,-0.290684846648117
0.562485896792321,0.247155912803259,-0.733494744144466,-0.290704370432525
0.562378014455202,0.247126912946008,-0.733579479226573,-0.290723933333447
0.562269911795228,0.247097842536156,-0.733664364081071,-0.29074353540755
0.562161588270314,0.247068701407382,-0.733749398995925,-0.29076317671154
0.562053043336956,0.247039489392904,-0.733834584259524,-0.290782857302165
0.561944276450228,0.247010206325478,-0.733919920160676,-0.290802577236209
0.56183528706378,0.246980852037395,-0.734005406988613,-0.290822336570496
0.561726074629832,0.246951426360481,-0.734091045032986,-0.290842135361889
0.561616638599171,0.246921929126092,-0.734176834583868,-0.290861973667287
0.561506978421143,0.246892360165118,-0.734262775931754,-0.290881851543631
0.561397093543654,0.246862719307977,-0.73434886936756,-0.290901769047894
0.561286983413164,0.246833006384615,-0.734435115182623,-0.290921726237093
0.561176647474679,0.246803221224505,-0.734521513668703,-0.290941723168276
0.561066085171752,0.246773363656645,-0.734608065117978,-0.290961759898531
0.560955295946475,0.246743433509556,-0.734694769823051,-0.290981836484982
0.560844279239477,0.246713430611282,-0.734781628076943,-0.291001952984787
0.560733034489916,0.246683354789387,-0.7348686401731,-0.291022109455145
0.560621561135483,0.246653205870952,-0.734955806405386,-0.291042305953285
0.560509858612384,0.246622983682577,-0.735043127068088,-0.291062542536474
0.560397926355349,0.246592688050378,-0.735130602455912,-0.291082819262013
0.560285763797619,0.246562318799984,-0.735218232863989,-0.291103136187239
0.560173370370948,0.246531875756538,-0.735306018587867,-0.291123493369522
0.560060745505591,0.246501358744693,-0.735393959923518,-0.291143890866267
0.559947888630306,0.246470767588611,-0.735482057167333,-0.29116432873491
0.559834799959625,0.246440103137652,-0.735570309977965,-0.291184806263291
0.559721479707525,0.246409366242803,-0.735658718014506,-0.291205322738259
0.559607927299667,0.246378556729933,-0.73574728157464,-0.291225878215816
0.559494142160202,0.246347674424421,-0.735836000956477,-0.291246472751997
0.559380123711761,0.246316719151158,-0.735924876458548,-0.291267106402863
0.559265871375454,0.246285690734541,-0.736013908379808,-0.291287779224505
0.559151384570865,0.246254588998478,-0.736103097019636,-0.291308491273043
0.559036662716045,0.246223413766377,-0.736192442677832,-0.291329242604625
0.55892170522751,0.246192164861154,-0.736281945654624,-0.291350033275428
0.558806511520235,0.246160842105225,-0.736371606250656,-0.291370863341652
0.558691081007652,0.246129445320509,-0.736461424767001,-0.291391732859529
0.55857541310164,0.24609797432842,-0.73655140150515,-0.291412641885316
0.558459507212527,0.246066428949872,-0.73664153676702,-0.291433590475296
0.558343362749079,0.246034809005274,-0.736731830854949,-0.291454578685778
0.5582269791185,0.24600311431453,-0.736822284071696,-0.291475606573096
0.558110355726427,0.245971344697034,-0.736912896720445,-0.291496674193611
0.557993491976921,0.245939499971673,-0.7370036691048,-0.291517781603709
0.557876387272468,0.245907579956823,-0.737094601528786,-0.291538928859797
0.557759041013971,0.245875584470345,-0.737185694296853,-0.291560116018308
0.557641452600743,0.245843513329589,-0.737276947713868,-0.291581343135701
0.557523621430509,0.245811366351387,-0.737368362085123,-0.291602610268457
0.557405546899396,0.245779143352055,-0.737459937716329,-0.291623917473076
0.55728722840193,0.245746844147387,-0.737551674913619,-0.291645264806085
0.557168665331028,0.245714468552659,-0.737643573983545,-0.291666652324032
0.557049857078,0.245682016382624,-0.737735635233082,-0.291688080083485
0.556930803232631,0.245649488325658,-0.737827858790188,-0.291709547476741
0.556811503383838,0.245616885070603,-0.737920244782933,-0.291731053895775
0.556691956919198,0.24558420643212,-0.738012793519085,-0.291752599396709
0.556572163224661,0.245551452224348,-0.738105505306828,-0.291774184035681
0.556452121684553,0.245518622260898,-0.738198380454764,-0.291795807868848
0.556331831681567,0.245485716354858,-0.73829141927191,-0.291817470952381
0.556211292596757,0.245452734318785,-0.7383846220677,-0.291839173342471
0.556090503809534,0.245419675964706,-0.738477989151986,-0.291860915095319
0.555969464697664,0.245386541104116,-0.738571520835032,-0.291882696267147
0.555848174637257,0.245353329547977,-0.73866521742752,-0.291904516914188
0.55572663300277,0.245320041106714,-0.738759079240547,-0.29192637709269
0.555604839166993,0.245286675590217,-0.738853106585625,-0.291948276858917
0.555482792501053,0.245253232807835,-0.738947299774677,-0.291970216269144
0.555360492374403,0.245219712568377,-0.739041659120046,-0.291992195379659
0.555237938154816,0.24518611468011,-0.739136184934485,-0.292014214246764
0.555115129208389,0.245152438950756,-0.739230877531161,-0.292036272926772
0.554992064899526,0.245118685187492,-0.739325737223654,-0.292058371476006
0.55486874459094,0.245084853196946,-0.739420764325958,-0.292080509950803
0.554745167643649,0.245050942785199,-0.739515959152479,-0.292102688407508
0.554621333416966,0.245016953757777,-0.739611322018035,-0.292124906902478
0.554497241268497,0.244982885919656,-0.739706853237854,-0.292147165492077
0.554372890554136,0.244948739075255,-0.739802553127578,-0.29216946423268
0.554248280628058,0.24491451302844,-0.739898422003259,-0.29219180318067
0.554123410842715,0.244880207582513,-0.739994460181359,-0.292214182392437
0.553998280548833,0.24484582254022,-0.74009066797875,-0.292236601924379
0.553872886996186,0.244811355461739,-0.74018704737717,-0.292259063473768
0.55374722742756,0.244776803901552,-0.740283600360599,-0.292281568740111
0.553621301180566,0.244742167652998,-0.740380327249885,-0.292304117783178
0.553495107591036,0.244707446508822,-0.740477228366286,-0.292326710662749
0.553368645993015,0.244672640261176,-0.740574304031471,-0.292349347438617
0.553241915718759,0.244637748701616,-0.740671554567517,-0.292372028170584
0.553114916098726,0.244602771621097,-0.740768980296912,-0.292394752918464
0.552987646461574,0.244567708809979,-0.740866581542551,-0.29241752174208
0.552860106134155,0.244532560058016,-0.740964358627739,-0.292440334701264
0.552732294441506,0.244497325154359,-0.741062311876185,-0.292463191855856
0.552604210706848,0.244462003887554,-0.741160441612009,-0.292486093265707
0.552475854251577,0.244426596045537,-0.741258748159734,-0.292509038990672
0.552347224395262,0.244391101415635,-0.741357231844291,-0.292532029090615
0.552218320455637,0.244355519784564,-0.741455892991016,-0.292555063625406
0.552089141748596,0.244319850938425,-0.741554731925649,-0.292578142654921
0.551959687588186,0.244284094662703,-0.741653748974335,-0.292601266239041
0.551829957286604,0.244248250742265,-0.741752944463622,-0.292624434437652
0.551699950154192,0.244212318961358,-0.74185231872046,-0.292647647310644
0.551569665499427,0.244176299103607,-0.741951872072204,-0.292670904917911
0.551439102628919,0.244140190952013,-0.742051604846607,-0.292694207319348
0.551308260847406,0.244103994288952,-0.742151517371827,-0.292717554574855
0.551177139457743,0.244067708896168,-0.74225160997642,-0.292740946744332
0.551045737760904,0.244031334554779,-0.742351882989341,-0.292764383887682
0.55091405505597,0.243994871045269,-0.742452336739947,-0.292787866064806
0.550782090640126,0.243958318147486,-0.742552971557991,-0.292811393335606
0.550649843835158,0.243921677303892,-0.742653787701816,-0.292834964506832
0.550517313962279,0.243884949960864,-0.742754785429276,-0.29285857838256
0.550384500314957,0.243848135903178,-0.742855965069988,-0.292882235018678
0.550251402184748,0.243811234914987,-0.742957326953966,-0.292905934471062
0.550118018861286,0.24377424677982,-0.743058871411616,-0.292929676795576
0.549984349632283,0.243737171280576,-0.743160598773743,-0.29295346204807
0.549850393783516,0.243700008199526,-0.743262509371543,-0.292977290284383
0.54971615059883,0.243662757318308,-0.743364603536608,-0.293001161560338
0.549581619360122,0.243625418417926,-0.743466881600918,-0.293025075931742
0.549446799347346,0.243587991278752,-0.743569343896848,-0.293049033454389
0.549311689838496,0.243550475680513,-0.743671990757164,-0.293073034184055
0.54917629010961,0.243512871402301,-0.74377482251502,-0.293097078176501
0.549040599434757,0.243475178222565,-0.743877839503962,-0.293121165487468
0.548904617086033,0.243437395919109,-0.743981042057921,-0.29314529617268
0.54876834233356,0.24339952426909,-0.744084430511219,-0.29316947028784
0.548631774445471,0.243361563049018,-0.744188005198561,-0.293193687888635
0.548494912687912,0.243323512034752,-0.744291766455042,-0.293217949030727
0.548357756325031,0.243285371001497,-0.74439571461614,-0.293242253769761
0.548220304618973,0.243247139723804,-0.744499850017716,-0.293266602161355
0.548082556829878,0.243208817975566,-0.744604172996016,-0.293290994261109
0.547944512214661,0.243170405529662,-0.744708683888583,-0.293315430124827
0.54780617002668,0.243131902157848,-0.744813383034503,-0.293339909808579
0.547667529517157,0.243093307631188,-0.744918270773325,-0.293364433368432
0.547528589935267,0.243054621720075,-0.745023347444984,-0.293389000860429
0.547389350528131,0.243015844194228,-0.745128613389801,-0.293413612340584
0.54724981054888,0.242976976112215,-0.74523406890135,-0.293438266901774
0.547109969249559,0.242938018533106,-0.745339714273024,-0.293462963636573
0.546969825872564,0.242898971226366,-0.745445549845448,-0.293487702600515
0.54682937965822,0.242859833960786,-0.745551575959624,-0.293512483849097
0.546688629844781,0.242820606504482,-0.745657792956935,-0.293537307437785
0.546547575668414,0.242781288624892,-0.745764201179139,-0.293562173422014
0.546406216363201,0.242741880088774,-0.745870800968374,-0.29358708185718
0.546264551161128,0.242702380662204,-0.74597759266715,-0.293612032798648
0.54612257929208,0.242662790110574,-0.746084576618351,-0.293637026301746
0.545980299983835,0.242623108198589,-0.746191753165239,-0.293662062421765
0.545837712462057,0.242583334690265,-0.746299122651442,-0.293687141213959
0.54569481595029,0.242543469348926,-0.746406685420963,-0.293712262733542
0.545551609669953,0.242503511937204,-0.746514441818173,-0.293737427035691
0.545408092840328,0.242463462217035,-0.746622392187813,-0.293762634175541
0.545264264678561,0.242423319949656,-0.746730536874991,-0.293787884208186
0.545120124399652,0.242383084895605,-0.746838876225181,-0.29381317718868
0.544975671216446,0.242342756814716,-0.746947410584224,-0.293838513172032
0.544830904339632,0.242302335466119,-0.747056140298323,-0.293863892213208
0.54468582297773,0.242261820608237,-0.747165065714045,-0.29388931436713
0.544540426337093,0.242221211998784,-0.747274187178319,-0.293914779688673
0.54439471362189,0.242180509394759,-0.747383505038432,-0.293940288232667
0.544248684034107,0.242139712552451,-0.747493019642035,-0.293965840053894
0.544102336773539,0.242098821227429,-0.747602731337132,-0.293991435207088
0.543955671037781,0.242057835174546,-0.747712640472087,-0.294017073746933
0.543808686022224,0.242016754147932,-0.747822747395617,-0.294042755728063
0.543661381830604,0.241975577020244,-0.747933051811927,-0.294068481886541
0.543513758564142,0.24193430266036,-0.748043553426755,-0.294094252960507
0.543365815411121,0.24189293081563,-0.748154252591652,-0.294120069007641
0.543217551557583,0.241851461232662,-0.748265149658529,-0.294145930085577
0.543068966187325,0.241809893657316,-0.748376244979656,-0.294171836251905
0.542920058481887,0.241768227834697,-0.748487538907658,-0.294197787564168
0.542770827620552,0.24172646350916,-0.748599031795516,-0.29422378407986
0.542621272780329,0.241684600424303,-0.748710723996566,-0.29424982585643
0.542471393135957,0.241642638322964,-0.748822615864495,-0.294275912951275
0.542321187859892,0.24160057694722,-0.748934707753343,-0.294302045421742
0.542170656122302,0.241558416038388,-0.749047000017497,-0.294328223325128
0.542019797091056,0.241516155337014,-0.749159493011695,-0.294354446718677
0.541868609931725,0.241473794582878,-0.74927218709102,-0.294380715659579
0.541717093807566,0.241431333514988,-0.749385082610902,-0.294407030204971
0.541565247879523,0.241388771871579,-0.749498179927113,-0.294433390411934
0.541413071306214,0.241346109390108,-0.749611479395768,-0.294459796337493
0.541260563243926,0.241303345807256,-0.749724981373325,-0.294486248038614
0.54110772284661,0.241260480858918,-0.749838686216575,-0.294512745572207
0.54095454926587,0.24121751428021,-0.749952594282655,-0.294539288995122
0.540801041650958,0.241174445805458,-0.750066705929032,-0.294565878364146
0.540647199148768,0.241131275168199,-0.750181021513508,-0.294592513736007
0.540493020903825,0.24108800210118,-0.750295541394222,-0.294619195167371
0.540338506058284,0.24104462633635,-0.75041026592964,-0.294645922714838
0.540183653751915,0.241001147604865,-0.750525195478559,-0.294672696434944
0.540028463122103,0.240957565637079,-0.750640330400103,-0.294699516384159
0.539872933751447,0.240913880117462,-0.750755670727462,-0.294726382666896
0.539717065220349,0.240870090730413,-0.750871216494481,-0.294753295387097
0.539560856659292,0.240826197204976,-0.750986968061758,-0.29478025460042
0.539404307196346,0.240782199269387,-0.75110292579021,-0.294807260362451
0.539247415957163,0.240738096651075,-0.751219090041069,-0.294834312728705
0.539090182064971,0.240693889076656,-0.751335461175886,-0.294861411754622
0.538932604640563,0.240649576271933,-0.751452039556525,-0.294888557495569
0.538774682802291,0.24060515796189,-0.75156882554516,-0.294915750006834
0.53861641566606,0.240560633870694,-0.751685819504278,-0.294942989343632
0.53845780234532,0.240516003721689,-0.751803021796673,-0.294970275561095
0.538298841951057,0.240471267237392,-0.751920432785445,-0.294997608714278
0.538139533591786,0.240426424139495,-0.752038052834,-0.295024988858157
0.537979876373547,0.240381474148857,-0.752155882306046,-0.295052416047621
0.537819869399892,0.240336416985506,-0.75227392156559,-0.295079890337482
0.53765951177188,0.240291252368632,-0.752392170976941,-0.295107411782463
0.537498802588071,0.240245980016588,-0.752510630904701,-0.295134980437203
0.537337740944515,0.240200599646884,-0.75262930171377,-0.295162596356255
0.53717632593475,0.240155110976186,-0.752748183769338,-0.295190259594083
0.537014556649785,0.240109513720314,-0.752867277436889,-0.295217970205061
0.536852432178102,0.240063807594236,-0.752986583082192,-0.295245728243474
0.536689951605645,0.24001799231207,-0.753106101071304,-0.295273533763515
0.536527114015808,0.239972067587076,-0.753225831770566,-0.295301386819282
0.536363918489433,0.239926033131657,-0.753345775546603,-0.295329287464781
0.536200364104801,0.239879888657353,-0.753465932766317,-0.295357235753921
0.536036449937622,0.239833633874844,-0.753586303796892,-0.295385231740516
0.535872174899315,0.239787267837762,-0.753706889145335,-0.295413275948188
0.53570753789959,0.239740789598192,-0.753827689318013,-0.295441368900599
0.535542538007715,0.239694198863171,-0.753948704681548,-0.295469510651461
0.535377174290366,0.239647495338862,-0.754069935602822,-0.29549770125439
0.535211445811622,0.239600678730548,-0.754191382448978,-0.295525940762895
0.535045351632952,0.239553748742625,-0.754313045587415,-0.29555422923038
0.534878890813211,0.239506705078609,-0.754434925385787,-0.295582566710148
0.534712062408629,0.23945954744112,-0.754557022212002,-0.29561095325539
0.534544865472807,0.239412275531892,-0.754679336434215,-0.295639388919191
0.534377299056707,0.23936488905176,-0.75480186842083,-0.295667873754526
0.53420936220864,0.239317387700662,-0.754924618540496,-0.295696407814258
0.534041053974267,0.239269771177636,-0.755047587162104,-0.295724991151137
0.533872373396582,0.239222039180816,-0.755170774654788,-0.295753623817801
0.53370331951591,0.239174191407428,-0.755294181387914,-0.295782305866769
0.533533891369895,0.23912622755379,-0.755417807731088,-0.295811037350446
0.533364087993495,0.239078147315305,-0.755541654054147,-0.295839818321117
0.533193908418973,0.239029950386462,-0.755665720727157,-0.295868648830949
0.533023351675887,0.23898163646083,-0.755790008120412,-0.295897528931986
0.532852416791083,0.238933205231057,-0.75591451660443,-0.295926458676149
0.532681102788688,0.238884656388864,-0.756039246549953,-0.295955438115234
0.532509408690101,0.238835989625047,-0.75616419832794,-0.295984467300915
0.532337333513985,0.238787204629469,-0.756289372309568,-0.296013546284734
0.532164876276256,0.238738301091058,-0.756414768866227,-0.296042675118108
0.531992035990079,0.238689278697808,-0.756540388369518,-0.296071853852319
0.531818811665859,0.238640137136769,-0.756666231191251,-0.296101082538523
0.531645201811454,0.23859087494378,-0.756792298101584,-0.296130362034262
0.531471204931139,0.238541490652194,-0.756918589870666,-0.296159693197226
0.531296820025769,0.238491983943906,-0.757045106870603,-0.296189076078581
0.531122046093393,0.238442354499851,-0.757171849473696,-0.296218510729358
0.530946882129249,0.238392602,-0.757298818052439,-0.296247997200451
0.530771327125757,0.238342726123351,-0.757426012979516,-0.296277535542615
0.530595380072507,0.238292726547934,-0.757553434627799,-0.296307125806465
0.530419039956252,0.238242602950802,-0.757681083370342,-0.296336768042475
0.530242305760898,0.238192355008031,-0.757808959580382,-0.296366462300972
0.530065176467501,0.238141982394714,-0.757937063631332,-0.29639620863214
0.529887651054249,0.23809148478496,-0.758065395896782,-0.296426007086017
0.529709728496461,0.23804086185189,-0.758193956750492,-0.296455857712491
0.529531407766577,0.237990113267634,-0.758322746566391,-0.296485760561299
0.529352687834146,0.237939238703326,-0.758451765718574,-0.296515715682026
0.529173567665821,0.237888237829104,-0.758581014581298,-0.296545723124106
0.528994046225348,0.237837110314103,-0.758710493528979,-0.296575782936815
0.528814122473557,0.237785855826457,-0.758840202936188,-0.296605895169273
0.528633795368356,0.237734474033287,-0.758970143177651,-0.29663605987044
0.52845306386472,0.237682964600707,-0.759100314628239,-0.296666277089117
0.528271926914682,0.237631327193815,-0.759230717662973,-0.296696546873941
0.528090383467325,0.237579561476692,-0.759361352657015,-0.296726869273386
0.527908432468771,0.237527667112396,-0.759492219985665,-0.296757244335761
0.527726072862177,0.237475643762963,-0.759623320024359,-0.296787672109205
0.527543303587721,0.237423491089398,-0.759754653148667,-0.29681815264169
0.527360123582595,0.237371208751678,-0.759886219734286,-0.296848685981014
0.52717653077334,0.237318797784628,-0.76001802082092,-0.296879271164722
0.526992523079949,0.237266259224783,-0.760150057449757,-0.296909907228504
0.526808099425267,0.237213592733133,-0.760282329998905,-0.296940594217115
0.526623258729093,0.237160797969635,-0.760414838846594,-0.296971332175119
0.526437999908168,0.237107874593205,-0.760547584371173,-0.297002121146893
0.526252321876167,0.237054822261721,-0.760680566951105,-0.297032961176623
0.526066223543689,0.237001640632013,-0.760813786964962,-0.297063852308301
0.525879703818251,0.236948329359865,-0.760947244791428,-0.297094794585723
0.525692761604273,0.236894888100007,-0.761080940809284,-0.297125788052491
0.525505395803072,0.236841316506117,-0.761214875397415,-0.297156832752008
0.525317605312854,0.236787614230811,-0.7613490489348,-0.297187928727471
0.525129389028703,0.236733780925644,-0.761483461800511,-0.297219076021881
0.52494074584257,0.236679816241105,-0.761618114373706,-0.297250274678028
0.524751674643265,0.236625719826615,-0.76175300703363,-0.297281524738501
0.52456217431645,0.236571491330519,-0.761888140159605,-0.297312826245676
0.524372243744624,0.23651713040009,-0.76202351413103,-0.297344179241717
0.52418188180712,0.236462636681517,-0.762159129327378,-0.29737558376858
0.523991087380089,0.236408009819909,-0.76229498612819,-0.297407039868
0.523799859336493,0.236353249459284,-0.762431084913066,-0.297438547581498
0.523608196546101,0.236298355242572,-0.762567426061674,-0.297470106950377
0.523416097875469,0.236243326811608,-0.76270400995373,-0.297501718015713
0.523223562187937,0.236188163807131,-0.762840836969007,-0.297533380818365
0.523030588343619,0.236132865868774,-0.762977907487323,-0.297565095398962
0.522837175199391,0.236077432635068,-0.763115221888539,-0.297596861797906
0.522643321608883,0.236021863743436,-0.763252780552555,-0.29762868005537
0.522449026195976,0.235966159712314,-0.763390583985281,-0.297660549586455
0.522254287580007,0.235910321058868,-0.763528632693428,-0.297692469806519
0.522059104602888,0.235854347416935,-0.763666927058143,-0.297724440755771
0.521863476103237,0.235798238419226,-0.763805467460598,-0.297756462474173
0.521667400916369,0.235741993697328,-0.763944254281986,-0.297788535001449
0.521470877874285,0.235685612881697,-0.764083287903515,-0.297820658377078
0.521273905805663,0.235629095601652,-0.764222568706401,-0.297852832640292
0.521076483535849,0.235572441485374,-0.764362097071872,-0.297885057830071
0.520878609886843,0.235515650159902,-0.764501873381152,-0.297917333985147
0.520680283677294,0.23545872125113,-0.764641898015465,-0.297949661143997
0.520481503722487,0.235401654383802,-0.764782171356027,-0.297982039344841
0.520282268834333,0.235344449181505,-0.764922693784039,-0.298014468625639
0.520082577821361,0.235287105266673,-0.765063465680689,-0.298046949024094
0.519882429488705,0.235229622260576,-0.765204487427139,-0.298079480577643
0.519681822638094,0.23517199978332,-0.765345759404528,-0.298112063323458
0.519480756067845,0.23511423745384,-0.76548728199396,-0.298144697298441
0.519279228572851,0.235056334889902,-0.765629055576503,-0.298177382539226
0.519077238944568,0.234998291708091,-0.765771080533184,-0.298210119082172
0.518874785971009,0.234940107523814,-0.765913357244983,-0.298242906963364
0.518671868436732,0.234881781951293,-0.766055886092828,-0.298275746218608
0.518468485122829,0.234823314603561,-0.766198667457591,-0.298308636883428
0.518264634806914,0.234764705092459,-0.766341701720081,-0.298341578993068
0.518060316263119,0.234705953028633,-0.766484989261041,-0.298374572582485
0.517855528262077,0.234647058021525,-0.76662853046114,-0.298407617686348
0.517650269570914,0.234588019679377,-0.766772325700971,-0.298440714339034
0.517444539000648,0.234528838551933,-0.766916375293061,-0.298473861926368
0.51723833536053,0.234469515189027,-0.767060679548864,-0.298507059833643
0.517031657409746,0.234410049197227,-0.767205238847225,-0.298540308093995
0.516824503903957,0.234350440181891,-0.767350053566884,-0.298573606740252
0.51661687359528,0.234290687747162,-0.76749512408647,-0.298606955804938
0.516408765232281,0.234230791495967,-0.767640450784498,-0.298640355320268
0.516200177559964,0.234170751030011,-0.767786034039356,-0.298673805318141
0.51599110931976,0.234110565949775,-0.767931874229307,-0.298707305830144
0.515781559249515,0.234050235854507,-0.768077971732483,-0.298740856887542
0.515571526083484,0.233989760342226,-0.768224326926874,-0.298774458521284
0.515361008552316,0.23392913900971,-0.768370940190325,-0.298808110761993
0.515150005383044,0.233868371452498,-0.768517811900532,-0.298841813639965
0.514938515299077,0.23380745726488,-0.768664942435036,-0.298875567185169
0.514726537020184,0.2337463960399,-0.768812332171212,-0.298909371427242
0.514514069262491,0.233685187369345,-0.768959981486271,-0.298943226395483
0.514301110738462,0.233623830843747,-0.769107890757246,-0.298977132118859
0.514087660156894,0.233562326052373,-0.769256060360992,-0.299011088625992
0.513873716222904,0.233500672583225,-0.769404490674179,-0.299045095945163
0.513659277637918,0.233438870023036,-0.769553182073281,-0.299079154104307
0.51344434309966,0.233376917957262,-0.769702134934578,-0.299113263131009
0.513228911302143,0.233314815970082,-0.769851349634142,-0.299147423052502
0.513012980935655,0.233252563644391,-0.770000826547837,-0.299181633895665
0.512796550686751,0.233190160561798,-0.770150566051306,-0.299215895687019
0.512579619238239,0.23312760630262,-0.770300568519973,-0.299250208452725
0.512362185269173,0.233064900445879,-0.770450834329027,-0.299284572218576
0.512144248248872,0.233002042957092,-0.770601363298974,-0.299318986776954
0.511925807646397,0.232939033800993,-0.770752155248939,-0.299353451920233
0.511706862134761,0.232875872553477,-0.770903210551685,-0.29938796767365
0.511487410383199,0.232812558789129,-0.771054529579716,-0.299422534062067
0.511267451057158,0.232749092081226,-0.771206112705275,-0.299457151109971
0.511046982818284,0.232685472001726,-0.771357960300334,-0.299491818841468
0.510826004324413,0.232621698121269,-0.771510072736588,-0.299526537280283
0.510604514229559,0.232557770009169,-0.771662450385449,-0.299561306449752
0.510382511183903,0.232493687233413,-0.77181509361804,-0.299596126372824
0.510159993833781,0.232429449360654,-0.771968002805186,-0.299630997072053
0.509936960821673,0.232365055956207,-0.772121178317407,-0.299665918569602
0.509713410786193,0.232300506584047,-0.772274620524915,-0.299700890887231
0.509489342362076,0.232235800806801,-0.772428329797602,-0.299735914046299
0.509264754180169,0.232170938185747,-0.772582306505035,-0.299770988067762
0.509039644867418,0.232105918280808,-0.77273655101645,-0.299806112972163
0.508814013046855,0.232040740650546,-0.772891063700743,-0.299841288779639
0.50858785733759,0.231975404852162,-0.773045844926465,-0.299876515509906
0.508361176354799,0.231909910441486,-0.77320089506181,-0.299911793182265
0.50813396870971,0.231844256972977,-0.773356214474615,-0.299947121815596
0.507906233009595,0.231778443999717,-0.773511803532346,-0.299982501428351
0.507677967857754,0.231712471073406,-0.773667662602094,-0.300017932038554
0.507449171853508,0.231646337744358,-0.773823792050565,-0.300053413663799
0.507219843592188,0.231580043561497,-0.773980192244077,-0.300088946321243
0.506989981665117,0.23151358807235,-0.774136863548546,-0.300124530027605
0.506759584659605,0.231446970823047,-0.774293806329485,-0.300160164799159
0.506528649613963,0.231380192350533,-0.774451021947145,-0.300195849926524
0.506297173556352,0.231313253190898,-0.774608511763249,-0.300231584699239
0.506065155052763,0.231246152886875,-0.774766276144888,-0.300267369131289
0.505832592665086,0.231178890979776,-0.774924315458717,-0.300303203236191
0.505599484951083,0.23111146700949,-0.775082630070956,-0.300339087026997
0.505365830464392,0.231043880514479,-0.775241220347374,-0.300375020516287
0.505131627754503,0.230976131031772,-0.775400086653288,-0.300411003716166
0.504896875366751,0.230908218096958,-0.775559229353547,-0.300447036638258
0.504661571842307,0.230840141244185,-0.775718648812532,-0.300483119293708
0.504425715718157,0.230771900006156,-0.775878345394141,-0.300519251693172
0.504189305527099,0.230703493914119,-0.776038319461785,-0.300555433846817
0.503952339797726,0.230634922497867,-0.776198571378377,-0.300591665764316
0.503714817054415,0.230566185285733,-0.776359101506326,-0.300627947454844
0.503476735817314,0.230497281804581,-0.776519910207526,-0.300664278927075
0.503238094602332,0.230428211579808,-0.776680997843348,-0.300700660189177
0.502998891921125,0.230358974135333,-0.776842364774632,-0.30073709124881
0.502759126281082,0.230289568993595,-0.77700401136168,-0.30077357211312
0.502518796185317,0.230219995675549,-0.777165937964242,-0.300810102788736
0.502277900132654,0.230150253700659,-0.777328144941513,-0.300846683281767
0.502036436617614,0.230080342586894,-0.777490632652122,-0.300883313597794
0.501794404130404,0.230010261850725,-0.777653401454121,-0.300919993741873
0.501551801156906,0.229940011007117,-0.777816451704978,-0.300956723718526
0.501308626178658,0.229869589569527,-0.777979783761567,-0.300993503531735
0.501064877672853,0.229798997049896,-0.778143397980161,-0.301030333184945
0.500820554112314,0.229728232958647,-0.77830729471642,-0.301067212681054
0.500575654314352,0.229657294787981,-0.778471474176625,-0.301104143365211
0.500330177095698,0.229586180024315,-0.778635936564143,-0.301141126583716
0.500084120921752,0.229514888167083,-0.778800682229314,-0.301178162340374
0.499837484253528,0.229443418714162,-0.778965711521814,-0.301215250638437
0.49959026554764,0.229371771161864,-0.779131024790649,-0.301252391480602
0.499342463256295,0.229299945004932,-0.779296622384142,-0.301289584869006
0.499094075827275,0.229227939736537,-0.77946250464993,-0.301326830805221
0.498845101703928,0.229155754848267,-0.779628671934945,-0.301364129290253
0.498595539325154,0.229083389830127,-0.779795124585411,-0.301401480324534
0.498345387125391,0.229010844170535,-0.779961862946831,-0.301438883907918
0.498094643534607,0.228938117356312,-0.780128887363979,-0.30147634003968
0.49784330697828,0.22886520887268,-0.780296198180887,-0.30151384871851
0.497591375877394,0.228792118203255,-0.780463795740838,-0.301551409942506
0.497338848648419,0.228718844830045,-0.780631680386354,-0.301589023709172
0.497085723703303,0.228645388233441,-0.780799852459186,-0.301626690015415
0.496831999449457,0.228571747892216,-0.780968312300304,-0.301664408857538
0.496577674289742,0.228497923283514,-0.781137060249885,-0.301702180231234
0.496322746622457,0.228423913882852,-0.781306096647306,-0.301740004131588
0.496067214841329,0.228349719164108,-0.781475421831128,-0.301777880553065
0.495811077335492,0.22827533859952,-0.781645036139093,-0.301815809489511
0.495554332489485,0.228200771659681,-0.781814939908104,-0.301853790934147
0.495296978683229,0.228126017813529,-0.781985133474222,-0.301891824879558
0.495039014292022,0.228051076528346,-0.782155617172652,-0.301929911317701
0.494780437686519,0.227975947269754,-0.78232639133773,-0.301968050239888
0.494521247232728,0.227900629501704,-0.782497456302916,-0.302006241636791
0.49426144385185,0.227825122891931,-0.782668810734942,-0.302044485471119
0.494001028466943,0.22774942710981,-0.782840453299696,-0.302082781704425
0.49373999943981,0.227673541619252,-0.783012384328034,-0.302121130324658
0.493478355127592,0.227597465882495,-0.783184604149907,-0.302159531319115
0.493216093882749,0.227521199360104,-0.78335711309434,-0.302197984674425
0.492953214053053,0.227444741510965,-0.783529911489432,-0.302236490376556
0.492689713981571,0.227368091792276,-0.783702999662336,-0.302275048410803
0.492425592006657,0.227291249659545,-0.783876377939252,-0.302313658761783
0.492160846461932,0.227214214566585,-0.784050046645412,-0.302352321413433
0.491895475676278,0.227136985965504,-0.784224006105073,-0.302391036349005
0.491629477973819,0.227059563306707,-0.7843982566415,-0.302429803551059
0.491362851673912,0.226981946038884,-0.78457279857696,-0.302468623001459
0.491095595091133,0.226904133609007,-0.784747632232703,-0.302507494681368
0.490827706535262,0.226826125462326,-0.784922757928956,-0.302546418571243
0.490559184311271,0.226747921042361,-0.785098175984908,-0.30258539465083
0.490290026719311,0.226669519790899,-0.785273886718699,-0.302624422899159
0.490020232054699,0.226590921147985,-0.785449890447408,-0.302663503294538
0.489749798607904,0.226512124551923,-0.785626187487037,-0.302702635814548
0.489478724664534,0.226433129439261,-0.785802778152506,-0.302741820436041
0.489207008505324,0.226353935244795,-0.785979662757632,-0.302781057135128
0.488934648406119,0.226274541401558,-0.786156841615124,-0.302820345887183
0.488661642637866,0.226194947340815,-0.786334315036563,-0.302859686666826
0.488387989466596,0.226115152492059,-0.786512083332395,-0.30289907944793
0.488113687153413,0.226035156283004,-0.786690146811918,-0.302938524203607
0.487838733954479,0.225954958139582,-0.786868505783265,-0.302978020906208
0.487563127393401,0.225874557169286,-0.78704716102932,-0.30301756969792
0.487286864984038,0.22579395247672,-0.787226113333472,-0.303057170720056
0.487009944960462,0.225713143480772,-0.78740536300283,-0.303096823942479
0.486732365551717,0.225632129598519,-0.787584910343288,-0.303136529334264
0.486454124981804,0.225550910245212,-0.78776475565951,-0.303176286863694
0.486175221469672,0.225469484834279,-0.787944899254918,-0.303216096498251
0.485895653229201,0.225387852777312,-0.788125341431681,-0.303255958204611
0.485615418469187,0.225306013484068,-0.788306082490695,-0.303295871948643
0.485334515393333,0.225223966362457,-0.788487122731574,-0.303335837695394
0.48505294220023,0.225141710818541,-0.788668462452634,-0.303375855409094
0.484770697083345,0.225059246256524,-0.788850101950884,-0.303415925053141
0.484487778231012,0.22497657207875,-0.789032041522002,-0.303456046590103
0.484204183826409,0.224893687685695,-0.78921428146033,-0.303496219981705
0.483919912047552,0.224810592475964,-0.789396822058858,-0.303536445188829
0.483634961067277,0.224727285846279,-0.789579663609204,-0.303576722171504
0.483349329053227,0.22464376719148,-0.789762806401605,-0.303617050888904
0.48306301416784,0.224560035904516,-0.789946250724903,-0.303657431299337
0.482776014568332,0.224476091376439,-0.790129996866527,-0.303697863360243
0.482488328406685,0.224391932996397,-0.790314045112478,-0.303738347028187
0.482199953829633,0.224307560151632,-0.790498395747319,-0.303778882258853
0.481910888978646,0.22422297222747,-0.790683049054154,-0.303819469007035
0.481621131989919,0.224138168607318,-0.790868005314617,-0.303860107226638
0.481330680994356,0.224053148672655,-0.791053264808858,-0.303900796870664
0.481039534117558,0.22396791180303,-0.791238827815522,-0.303941537891209
0.480747689479804,0.223882457376051,-0.791424694611737,-0.303982330239458
0.480455144589155,0.223796784084325,-0.791610865880994,-0.304023174265501
0.480161896948549,0.223710890617601,-0.791797342303803,-0.304064070318221
0.479867944662561,0.22362477634628,-0.791984124150495,-0.304105018345601
0.479573285830397,0.223538440638793,-0.792171211689811,-0.304146018294684
0.479277918545875,0.223451882861598,-0.792358605188887,-0.304187070111569
0.478981840897415,0.223365102379175,-0.792546304913242,-0.304228173741404
0.478685050968023,0.223278098554019,-0.792734311126754,-0.30426932912838
0.478387546835274,0.223190870746631,-0.792922624091651,-0.304310536215722
0.478089326571303,0.223103418315519,-0.79311124406849,-0.304351794945685
0.477790388242788,0.223015740617183,-0.793300171316145,-0.304393105259546
0.477490729910937,0.222927837006116,-0.793489406091786,-0.3044344670976
0.47719034963147,0.222839706834794,-0.793678948650865,-0.304475880399149
0.476889245454612,0.222751349453672,-0.793868799247096,-0.304517345102496
0.476587415425071,0.222662764211175,-0.794058958132445,-0.304558861144944
0.47628485758203,0.222573950453696,-0.794249425557105,-0.304600428462781
0.475981569959127,0.222484907525585,-0.794440201769484,-0.304642046991279
0.475677550584447,0.222395634769148,-0.794631287016187,-0.304683716664685
0.475372797480503,0.222306131524634,-0.794822681541996,-0.304725437416213
0.475067308664222,0.222216397130237,-0.795014385589857,-0.30476720917804
0.474761082146934,0.222126430922084,-0.795206399400857,-0.304809031881296
0.474454115934353,0.222036232234229,-0.795398723214213,-0.304850905456057
0.474146408026569,0.221945800398649,-0.795591357267248,-0.304892829831342
0.473837956418025,0.221855134745236,-0.795784301795376,-0.304934804935102
0.47352875909751,0.221764234601793,-0.795977557032086,-0.304976830694212
0.473218814048144,0.221673099294025,-0.796171123208917,-0.305018907034467
0.472908118338938,0.221581728359926,-0.796365001100871,-0.305061033709261
0.472596669034064,0.221490121337034,-0.796559191478668,-0.305103210469612
0.472284464100835,0.221398277547211,-0.796753694564451,-0.305145437236104
0.471971501500842,0.22130619631021,-0.796948510578332,-0.305187713928208
0.471657779189944,0.221213876943662,-0.797143639738376,-0.305230040464267
0.471343295118249,0.221121318763079,-0.79733908226058,-0.305272416761496
0.471028047230102,0.221028521081839,-0.797534838358854,-0.305314842735966
0.470712033464073,0.220935483211186,-0.797730908245003,-0.305357318302606
0.470395251752936,0.22084220446022,-0.797927292128708,-0.30539984337519
0.470077700023662,0.220748684135891,-0.798123990217504,-0.305442417866325
0.469759376197398,0.220654921542995,-0.798321002716764,-0.305485041687457
0.469440278189459,0.220560915984165,-0.798518329829677,-0.305527714748848
0.469120403909308,0.220466666759865,-0.79871597175723,-0.305570436959576
0.468799751260546,0.220372173168385,-0.798913928698186,-0.305613208227529
0.468478318140894,0.220277434505834,-0.799112200849066,-0.305656028459392
0.468156102442181,0.220182450066132,-0.799310788404129,-0.305698897560642
0.467833102050326,0.220087219141005,-0.799509691555349,-0.305741815435539
0.467509314845332,0.219991741019979,-0.799708910492398,-0.305784781987119
0.467184738701259,0.219896014990372,-0.799908445402623,-0.305827797117186
0.466859371486221,0.21980004033729,-0.800108296471027,-0.305870860726301
0.466533211062365,0.219703816343616,-0.800308463880248,-0.30591397271378
0.466206255285859,0.219607342290009,-0.800508947810538,-0.305957132977679
0.465878502006876,0.219510617454893,-0.80070974843974,-0.306000341414792
0.465549949069581,0.219413641114454,-0.800910865943271,-0.306043597920635
0.465220594312118,0.219316412542629,-0.801112300494097,-0.306086902389448
0.46489043508589,0.219218928678105,-0.801314052655372,-0.306130256087013
0.464559468727439,0.219121186449537,-0.801516122991624,-0.306173660279754
0.464227693043472,0.219023185112387,-0.801718511674148,-0.306217114860927
0.463895105834529,0.218924923919787,-0.80192121887171,-0.306260619722479
0.463561704894963,0.218826402122526,-0.802124244750536,-0.306304174755044
0.46322748801293,0.218727618969048,-0.802327589474279,-0.306347779847929
0.462892452970373,0.218628573705443,-0.802531253204002,-0.306391434889109
0.462556597543006,0.218529265575442,-0.802735236098159,-0.30643513976522
0.462219919500295,0.218429693820404,-0.802939538312562,-0.306478894361545
0.461882416605452,0.218329857679319,-0.80314416000037,-0.306522698562009
0.461544086615413,0.218229756388792,-0.803349101312058,-0.306566552249168
0.461204927280825,0.21812938918304,-0.803554362395396,-0.306610455304205
0.46086493634603,0.218028755293886,-0.803759943395428,-0.306654407606913
0.460524111549052,0.21792785395075,-0.803965844454447,-0.306698409035691
0.460182450621582,0.217826684380641,-0.804172065711971,-0.306742459467538
0.459839951288959,0.217725245808152,-0.804378607304719,-0.306786558778035
0.459496611270159,0.217623537455455,-0.80458546936659,-0.306830706841345
0.45915242827778,0.217521558542288,-0.804792652028636,-0.306874903530196
0.458807400018024,0.217419308285953,-0.80500015541904,-0.306919148715881
0.458461524190685,0.217316785901306,-0.80520797966309,-0.306963442268237
0.45811479848913,0.217213990600752,-0.805416124883157,-0.307007784055647
0.457767220600292,0.217110921594238,-0.805624591198667,-0.307052173945023
0.457418788204644,0.217007578089244,-0.805833378726081,-0.3070966118018
0.457069498976192,0.216903959290775,-0.806042487578864,-0.307141097489924
0.456719350582459,0.216800064401358,-0.806251917867468,-0.307185630871846
0.456368339640555,0.216695895440411,-0.80646167017811,-0.307230210113743
0.456016462763413,0.216591454434653,-0.806671745090893,-0.307274833376635
0.455663717602557,0.216486740593873,-0.806882142702471,-0.307319500512947
0.455310101803017,0.216381753125426,-0.807092863106354,-0.307364211373546
0.454955613003319,0.216276491234224,-0.807303906392883,-0.307408965807731
0.454600248835466,0.216170954122732,-0.807515272649205,-0.307453763663223
0.454244006924929,0.216065140990958,-0.807726961959245,-0.307498604786154
0.453886884890627,0.215959051036448,-0.807938974403681,-0.307543489021061
0.453528880344917,0.21585268345428,-0.808151310059918,-0.307588416210868
0.453169990893574,0.215746037437056,-0.80836396900206,-0.307633386196887
0.452810214135785,0.215639112174894,-0.808576951300883,-0.307678398818795
0.452449547664127,0.215531906855423,-0.808790257023809,-0.307723453914635
0.452087989064556,0.215424420663778,-0.809003886234879,-0.3077685513208
0.451725535916391,0.215316652782588,-0.809217838994726,-0.307813690872023
0.451362185792303,0.215208602391973,-0.809432115360545,-0.307858872401368
0.450997936258296,0.215100268669537,-0.809646715386068,-0.307904095740219
0.450632784873697,0.214991650790359,-0.809861639121538,-0.307949360718268
0.450266729191138,0.214882747926988,-0.810076886613673,-0.307994667163508
0.449899766756545,0.214773559249438,-0.810292457905648,-0.308040014902218
0.449531895109121,0.214664083925174,-0.810508353037061,-0.308085403758956
0.449163111781335,0.214554321119115,-0.810724572043904,-0.308130833556548
0.448793414298902,0.214444269993618,-0.810941114958538,-0.308176304116072
0.448422800180778,0.214333929708477,-0.81115798180966,-0.308221815256855
0.448051266939135,0.214223299420916,-0.811375172622279,-0.308267366796456
0.447678812079356,0.214112378285576,-0.811592687417679,-0.308312958550659
0.447305432287276,0.214001166014224,-0.811810526649412,-0.308358589976103
0.44693112424255,0.213889662313955,-0.812028690765383,-0.308404260528887
0.446555885431061,0.213777866328515,-0.812247179772746,-0.308449970021282
0.446179713331841,0.213665777199027,-0.812465993674807,-0.308495718263739
0.445802605417063,0.213553394063988,-0.812685132471001,-0.308541505064879
0.445424559152021,0.213440716059262,-0.812904596156859,-0.308587330231477
0.445045571995119,0.213327742318072,-0.813124384723977,-0.30863319356846
0.444665641397858,0.213214471970991,-0.813344498159984,-0.308679094878884
0.444284764804821,0.213100904145939,-0.813564936448516,-0.308725033963931
0.443902939653657,0.212987037968176,-0.813785699569181,-0.308771010622895
0.44352016337507,0.21287287256029,-0.814006787497528,-0.308817024653169
0.443136433392807,0.212758407042193,-0.814228200205018,-0.308863075850236
0.442751747123638,0.212643640531116,-0.81444993765899,-0.308909164007654
0.442366101977348,0.212528572141599,-0.814671999822631,-0.308955288917046
0.441979495356722,0.212413200985485,-0.814894386654942,-0.30900145036809
0.441591924657528,0.212297526171912,-0.81511709811071,-0.309047648148504
0.441203387268509,0.21218154680731,-0.81534013414047,-0.309093882044034
0.440813880571366,0.212065261995387,-0.815563494690477,-0.309140151838445
0.440423401940743,0.211948670837129,-0.815787179702672,-0.309186457313509
0.440031948744217,0.211831772430786,-0.816011189114648,-0.309232798248984
0.439639518342283,0.211714565871873,-0.816235522859618,-0.309279174422617
0.439246108088341,0.211597050253157,-0.816460180866382,-0.30932558561012
0.438851715328681,0.21147922466465,-0.816685163059293,-0.309372031585159
0.438456337402472,0.211361088193607,-0.816910469358224,-0.309418512119348
0.438059971641749,0.211242639924512,-0.817136099678532,-0.309465026982228
0.437662619061358,0.211123877313185,-0.817362051965928,-0.309511577022003
0.437264280687283,0.211004797811525,-0.81758832415939,-0.309558163086991
0.436864953857612,0.210885400493965,-0.817814916157316,-0.309604784943786
0.436464635903384,0.210765684432147,-0.818041827853482,-0.309651442356899
0.436063324148573,0.210645648694909,-0.818269059137002,-0.30969813508874
0.435661015910079,0.21052529234828,-0.818496609892291,-0.309744862899606
0.435257708497717,0.210404614455476,-0.818724479999035,-0.309791625547672
0.434853399214198,0.210283614076889,-0.818952669332154,-0.309838422788972
0.434448085355125,0.210162290270083,-0.819181177761768,-0.309885254377394
0.434041764208974,0.210040642089784,-0.819410005153158,-0.309932120064659
0.433634433057087,0.209918668587877,-0.819639151366734,-0.309979019600314
0.433226089173658,0.209796368813394,-0.819868616257997,-0.310025952731718
0.432816729825719,0.209673741812514,-0.820098399677505,-0.310072919204024
0.432406352273132,0.209550786628548,-0.820328501470834,-0.310119918760173
0.431994953768575,0.209427502301936,-0.820558921478544,-0.310166951140877
0.431582531557531,0.209303887870244,-0.82078965953614,-0.310214016084604
0.431169082878273,0.209179942368148,-0.821020715474039,-0.310261113327572
0.43075460496186,0.209055664827436,-0.821252089117525,-0.310308242603722
0.430339095032116,0.208931054276995,-0.821483780286722,-0.310355403644723
0.429922550305627,0.208806109742806,-0.821715788796549,-0.310402596179939
0.429504967991721,0.208680830247939,-0.821948114456684,-0.310449819936432
0.429086345292468,0.208555214812542,-0.822180757071527,-0.310497074638937
0.428666679402655,0.208429262453839,-0.822413716440163,-0.310544360009854
0.428245967509787,0.208302972186119,-0.822646992356319,-0.310591675769231
0.427824206794067,0.208176343020731,-0.822880584608329,-0.310639021634754
0.427401391447895,0.208049377243997,-0.823114494420352,-0.310686395408484
0.426977515642253,0.207922077147944,-0.823348723012353,-0.310733794886204
0.426552576514141,0.207794441748077,-0.823583270158171,-0.31078121977257
0.426126571193092,0.20766647005698,-0.823818135626087,-0.310828669769779
0.425699496801153,0.20753816108431,-0.824053319178789,-0.310876144577563
0.425271350452874,0.207409513836789,-0.82428882057333,-0.310923643893167
0.424842129255302,0.207280527318195,-0.824524639561089,-0.310971167411335
0.424411830307961,0.207151200529363,-0.82476077588773,-0.311018714824301
0.423980450702852,0.207021532468169,-0.824997229293157,-0.31106628582177
0.423547987524429,0.20689152212953,-0.825233999511483,-0.311113880090901
0.423114437849598,0.206761168505393,-0.825471086270975,-0.311161497316297
0.422679798747702,0.206630470584733,-0.825708489294025,-0.311209137179989
0.422244067280509,0.206499427353543,-0.825946208297101,-0.311256799361417
0.421807240502204,0.206368037794826,-0.826184242990707,-0.311304483537421
0.421369315459375,0.206236300888593,-0.826422593079342,-0.311352189382222
0.420930289191003,0.206104215611854,-0.826661258261456,-0.311399916567407
0.420490158728456,0.20597178093861,-0.826900238229404,-0.311447664761914
0.42004892109547,0.205838995839849,-0.827139532669413,-0.311495433632018
0.419606573308146,0.205705859283537,-0.827379141261529,-0.311543222841314
0.419163112374936,0.205572370234615,-0.827619063679576,-0.311591032050702
0.418718535296634,0.205438527654989,-0.827859299591115,-0.311638860918371
0.418272839066364,0.205304330503526,-0.8280998486574,-0.311686709099784
0.417826020669573,0.205169777736044,-0.82834071053333,-0.311734576247662
0.417378077084018,0.205034868305311,-0.828581884867408,-0.311782462011969
0.416929005279758,0.204899601161033,-0.828823371301695,-0.311830366039894
0.41647880154239,0.204763973412123,-0.829065169917807,-0.311878288900416
0.416027462149576,0.204627982154236,-0.829307280788966,-0.311926231162561
0.415574984047882,0.204491626312529,-0.829549703534834,-0.31197419246939
0.415121364176132,0.204354904809001,-0.829792437768437,-0.312022172461135
0.41466659946539,0.204217816562478,-0.83003548309612,-0.312070170775187
0.41421068683896,0.204080360488617,-0.8302788391175,-0.312118187046078
0.413753623212368,0.203942535499888,-0.83052250542542,-0.312166220905463
0.413295405493359,0.203804340505577,-0.830766481605902,-0.312214271982108
0.412836030581886,0.203665774411773,-0.8310107672381,-0.312262339901868
0.412375495370099,0.203526836121363,-0.831255361894253,-0.312310424287675
0.41191379674234,0.203387524534027,-0.831500265139638,-0.312358524759518
0.411450931575134,0.20324783854623,-0.83174547653252,-0.312406640934428
0.410986896737175,0.203107777051214,-0.831990995624106,-0.31245477242646
0.410521689089327,0.202967338938993,-0.832236821958496,-0.312502918846677
0.410055305484605,0.202826523096347,-0.832482955072637,-0.312551079803133
0.409587742768176,0.202685328406813,-0.832729394496269,-0.312599254900856
0.409118997777347,0.202543753750682,-0.83297613975188,-0.312647443741829
0.408649067341555,0.202401798004987,-0.833223190354655,-0.312695645924974
0.408177948282365,0.202259460043505,-0.833470545812427,-0.312743861046135
0.407705637413455,0.202116738736738,-0.833718205625627,-0.312792088698063
0.407232131540617,0.201973632951922,-0.833966169287236,-0.312840328470391
0.40675742746174,0.201830141553005,-0.834214436282727,-0.312888579949625
0.406281521966811,0.201686263400653,-0.834463006090026,-0.31293684271912
0.405804411837905,0.201541997352236,-0.834711878179451,-0.312985116359065
0.405326093849174,0.201397342261824,-0.834961052013664,-0.313033400446469
0.404846562656658,0.2012522940961,-0.835210528261081,-0.313081695900594
0.404365812898485,0.201106848811741,-0.835460307580869,-0.313130003635612
0.403883841309996,0.200961005242803,-0.835710389410155,-0.313178323216041
0.403400644618512,0.200814762219969,-0.835960773178157,-0.313226654203126
0.402916219543329,0.200668118570541,-0.83621145830613,-0.313274996154826
0.402430562795708,0.200521073118432,-0.83646244420732,-0.31332334862579
0.401943671078875,0.200373624684161,-0.836713730286902,-0.313371711167339
0.401455541088011,0.200225772084846,-0.83696531594193,-0.31342008332745
0.400966169510246,0.200077514134201,-0.837217200561283,-0.313468464650734
0.400475553024652,0.199928849642523,-0.837469383525611,-0.313516854678421
0.399983688302242,0.199779777416691,-0.837721864207278,-0.313565252948338
0.39949057200596,0.19963029626016,-0.837974641970309,-0.313613658994891
0.398996200790678,0.199480404972951,-0.838227716170334,-0.313662072349046
0.398500571303188,0.199330102351647,-0.838481086154533,-0.313710492538309
0.398003680182202,0.199179387189389,-0.83873475126158,-0.313758919086709
0.397505524058341,0.199028258275864,-0.838988710821583,-0.313807351514775
0.397006099554136,0.198876714397306,-0.839242964156036,-0.313855789339522
0.396505403284019,0.198724754336484,-0.839497510577755,-0.313904232074425
0.396003431854322,0.198572376872702,-0.839752349390822,-0.313952679229404
0.39550018186327,0.198419580781785,-0.84000747989053,-0.314001130310802
0.39499564990098,0.198266364836081,-0.840262901363326,-0.314049584821368
0.394489832549453,0.198112727804449,-0.84051861308675,-0.314098042260234
0.393982726382575,0.19795866845226,-0.840774614329376,-0.314146502122895
0.393474327966112,0.197804185541381,-0.841030904350758,-0.314194963901193
0.392964633857704,0.197649277830182,-0.84128748240137,-0.314243427083293
0.392453639808907,0.197493943278096,-0.841544348152645,-0.314291891498253
0.391941341566404,0.197338179844267,-0.841801501262497,-0.314340356968502
0.391427735668373,0.197181986281384,-0.842058940947294,-0.314388822966688
0.390912818644922,0.197025361338647,-0.842316666414052,-0.31443728896169
0.390396587018082,0.196868303761766,-0.842574676860373,-0.314485754418599
0.389879037301807,0.196710812292953,-0.842832971474393,-0.314534218798698
0.389360166001974,0.196552885670922,-0.843091549434711,-0.31458268155944
0.388839969616382,0.196394522630877,-0.843350409910329,-0.314631142154429
0.38831844463475,0.19623572190451,-0.843609552060599,-0.314679600033398
0.387795587538716,0.196076482219999,-0.843868975035151,-0.314728054642188
0.387271394801838,0.195916802302001,-0.844128677973835,-0.314776505422726
0.386745862889593,0.195756680871642,-0.844388660006658,-0.314824951813008
0.386218988259377,0.195596116646522,-0.844648920253723,-0.314873393247069
0.385690767360505,0.195435108340703,-0.844909457825162,-0.314921829154971
0.385161196634212,0.195273654664707,-0.845170271821076,-0.314970258962778
0.384630272513653,0.195111754325511,-0.845431361331467,-0.315018682092533
0.384097991423904,0.194949406026541,-0.845692725436181,-0.315067097962238
0.383564349781966,0.19478660846767,-0.845954363204833,-0.31511550598583
0.383029343996761,0.194623360345213,-0.846216273696754,-0.315163905573163
0.382492970469137,0.19445966035192,-0.846478455960916,-0.315212296129982
0.381955225591692,0.194295507176919,-0.84674090903596,-0.315260677057923
0.381416105745879,0.194130899504819,-0.847003631951536,-0.315309047754746
0.380875607302898,0.193965836015974,-0.847266623727796,-0.31535740761424
0.380333726625727,0.193800315387109,-0.847529883374334,-0.315405756026
0.379790460069247,0.193634336291355,-0.847793409890054,-0.315454092375406
0.379245809453134,0.193467900399076,-0.848057199542634,-0.315502414937375
0.378699776628319,0.193301009395059,-0.848321248586786,-0.315550721984074
0.378152357984692,0.193133661968784,-0.848585555985817,-0.315599012890387
0.377603549904412,0.192965856806283,-0.848850120692183,-0.315647287026942
0.377053348761915,0.192797592590145,-0.849114941647414,-0.315695543760089
0.376501750923916,0.1926288679995,-0.849380017782054,-0.315743782451872
0.375948752749416,0.192459681710032,-0.849645348015586,-0.315792002460013
0.375394350589711,0.192290032393963,-0.849910931256373,-0.315840203137888
0.374838540786805,0.192119918719568,-0.850176766402344,-0.315888383834639
0.374281319671305,0.191949339350519,-0.850442852341928,-0.315936543895338
0.373722683565853,0.191778292946939,-0.850709187952344,-0.315984682660659
0.373162628785388,0.191606778165475,-0.850975772099405,-0.316032799466838
0.372601151637147,0.191434793659291,-0.851242603637452,-0.316080893645641
0.372038248420683,0.191262338078075,-0.851509681409283,-0.316128964524353
0.371473915427865,0.191089410068028,-0.851777004246083,-0.316177011425742
0.370908148942892,0.190916008271869,-0.852044570967351,-0.316225033668046
0.370340945242303,0.190742131328828,-0.852312380380831,-0.316273030564944
0.369772300594983,0.190567777874648,-0.852580431282444,-0.316321001425535
0.369202211262176,0.190392946541579,-0.852848722456209,-0.316368945554313
0.368630673497495,0.190217635958381,-0.853117252674173,-0.316416862251144
0.368057683546931,0.19004184475032,-0.853386020696344,-0.316464750811241
0.367483237648868,0.189865571539167,-0.853655025270612,-0.316512610525145
0.366907332034088,0.189688814943195,-0.853924265132679,-0.316560440678692
0.36632996292579,0.18951157357718,-0.854193739005985,-0.316608240553
0.365751126539595,0.189333846052401,-0.854463445601632,-0.316656009424437
0.365170823923657,0.189155634126309,-0.854733381276937,-0.316703745421624
0.364589056126132,0.188976939558591,-0.855003542389171,-0.316751446674035
0.364005819351283,0.188797760958623,-0.855273927630757,-0.31679911245215
0.363421109795797,0.188618096932288,-0.855544535681632,-0.316846742021651
0.362834923648796,0.188437946081969,-0.85581536520917,-0.316894334643389
0.362247257091848,0.188257307006553,-0.85608641486811,-0.316941889573372
0.361658106298986,0.188076178301429,-0.856357683300478,-0.316989406062726
0.361067467436712,0.187894558558486,-0.856629169135513,-0.317036883357681
0.36047533666402,0.187712446366112,-0.856900870989592,-0.317084320699543
0.359881710132404,0.187529840309194,-0.857172787466151,-0.317131717324668
0.359286583985874,0.187346738969118,-0.857444917155613,-0.317179072464439
0.358689954360973,0.18716314092377,-0.857717258635307,-0.317226385345241
0.358091817386788,0.18697904474753,-0.85798981046939,-0.317273655188433
0.357492169184969,0.186794449011279,-0.858262571208776,-0.317320881210328
0.356891005869744,0.186609352282393,-0.858535539391051,-0.317368062622163
0.356288323547933,0.186423753124747,-0.858808713540399,-0.317415198630078
0.355684118318966,0.186237650098713,-0.859082092167522,-0.317462288435088
0.355078386274904,0.186051041761161,-0.85935567376956,-0.317509331233056
0.354471123500448,0.185863926665457,-0.859629456830016,-0.317556326214672
0.353862326072965,0.18567630336147,-0.859903439818672,-0.317603272565422
0.353251990062502,0.185488170395564,-0.86017762119151,-0.317650169465568
0.352640111531803,0.185299526310604,-0.860451999390633,-0.31769701609012
0.352026686536332,0.185110369645955,-0.860726572844186,-0.317743811608805
0.351411711124289,0.184920698937484,-0.86100133996627,-0.317790555186052
0.350795181336634,0.184730512717561,-0.861276299156866,-0.317837245980954
0.350177099143787,0.184539807175621,-0.861551446396443,-0.317883884484606
0.349557466540342,0.184348578492244,-0.861826777655291,-0.317930471188412
0.348936279592891,0.18415682518122,-0.86210229129678,-0.317977005243912
0.348313534361116,0.183964545752794,-0.862377985669958,-0.318023485797294
0.347689226897812,0.183771738713662,-0.862653859109454,-0.31806991198937
0.347063353248912,0.183578402566979,-0.862929909935405,-0.318116282955543
0.34643590945351,0.18338453581235,-0.86320613645337,-0.318162597825787
0.345806891543885,0.183190136945841,-0.863482536954249,-0.318208855724622
0.345176295545525,0.182995204459975,-0.863759109714199,-0.318255055771081
0.344544117477156,0.182799736843735,-0.864035852994552,-0.31830119707869
0.343910353350766,0.182603732582565,-0.864312765041726,-0.318347278755438
0.343274999171627,0.182407190158373,-0.864589844087151,-0.318393299903756
0.342638050938329,0.182210108049532,-0.864867088347175,-0.318439259620482
0.341999504642804,0.182012484730882,-0.865144496022985,-0.318485156996842
0.34135935627035,0.181814318673732,-0.865422065300519,-0.318530991118421
0.340717601799666,0.181615608345863,-0.865699794350383,-0.318576761065134
0.340074237202876,0.181416352211529,-0.865977681327763,-0.318622465911203
0.33942925844556,0.181216548731462,-0.866255724372341,-0.318668104725129
0.338782661486783,0.181016196362872,-0.866533921608208,-0.318713676569661
0.338134442279123,0.180815293559452,-0.866812271143776,-0.318759180501777
0.337484596768709,0.180613838771377,-0.867090771071694,-0.31880461557265
0.336833120895241,0.180411830445314,-0.867369419468757,-0.318849980827623
0.336180010592032,0.180209267024418,-0.867648214395821,-0.318895275306185
0.335525261786035,0.180006146948339,-0.867927153897714,-0.318940498041939
0.334868870397876,0.179802468653225,-0.868206236003148,-0.318985648062576
0.334210831953065,0.179598229116931,-0.868485458966114,-0.319030724958773
0.333551141940924,0.179393425309736,-0.868764821034551,-0.319075728312811
0.332889796218021,0.179188055651102,-0.869044320203693,-0.319120657130816
0.332226790634216,0.178982118556902,-0.869323954452349,-0.319165510412862
0.331562121032686,0.17877561243942,-0.869603721742816,-0.319210287152935
0.330895783249956,0.178568535707354,-0.869883620020786,-0.319254986338916
0.33022777311593,0.17836088676582,-0.870163647215257,-0.31929960695254
0.329558086453918,0.178152664016357,-0.870443801238436,-0.319344147969377
0.328886719080676,0.177943865856926,-0.870724079985658,-0.319388608358799
0.328213666806427,0.177734490681917,-0.871004481335282,-0.319432987083951
0.327538925434901,0.177524536882154,-0.871285003148607,-0.319477283101724
0.326862490763364,0.177314002844895,-0.871565643269776,-0.319521495362726
0.326184358582652,0.177102886953837,-0.871846399525684,-0.31956562281125
0.325504524677204,0.176891187589124,-0.872127269725884,-0.31960966438525
0.324822984825099,0.176678903127346,-0.872408251662494,-0.319653619016307
0.324139734798087,0.176466031941545,-0.872689343110102,-0.319697485629605
0.323454770361624,0.176252572401222,-0.872970541825672,-0.319741263143895
0.322768087274913,0.176038522872341,-0.873251845548452,-0.319784950471471
0.322079681290935,0.17582388171733,-0.873533251999874,-0.319828546518139
0.321389548156485,0.17560864729509,-0.873814758883462,-0.319872050183187
0.320697683612215,0.175392817961001,-0.874096363884737,-0.319915460359358
0.320004083392665,0.175176392066922,-0.874378064671118,-0.319958775932816
0.319308743226306,0.174959367961202,-0.87465985889183,-0.320001995783118
0.318611658835577,0.174741743988682,-0.874941744177801,-0.320045118783187
0.317912825936924,0.174523518490704,-0.875223718141571,-0.320088143799278
0.31721223384098,0.174304685403647,-0.875505781091592,-0.320131071005538
0.316509871819935,0.174085238643939,-0.875787933306788,-0.320173900561925
0.315805735523502,0.173865176517649,-0.876070172327388,-0.32021663130326
0.315099820595278,0.173644497327218,-0.87635249567465,-0.3202592620575
0.31439212267279,0.173423199371469,-0.876634900850756,-0.3203017916457
0.313682637387532,0.173201280945608,-0.876917385338718,-0.320344218881986
0.312971360365008,0.172978740341237,-0.877199946602267,-0.320386542573522
0.312258287224771,0.172755575846349,-0.877482582085763,-0.320428761520482
0.311543413580469,0.172531785745345,-0.877765289214088,-0.320470874516014
0.310826735039885,0.172307368319031,-0.878048065392543,-0.320512880346214
0.310108247204978,0.172082321844633,-0.87833090800675,-0.320554777790091
0.309387945671932,0.171856644595794,-0.878613814422545,-0.320596565619536
0.308665826031196,0.171630334842589,-0.878896781985879,-0.320638242599297
0.30794188386753,0.171403390851527,-0.879179808022715,-0.320679807486934
0.307216114760052,0.171175810885558,-0.87946288983892,-0.320721259032802
0.306488514282278,0.170947593204082,-0.879746024720168,-0.32076259598001
0.305759078002177,0.170718736062956,-0.88002920993183,-0.320803817064394
0.305027801482211,0.170489237714497,-0.880312442718874,-0.32084492101448
0.304294680279385,0.170259096407496,-0.880595720305758,-0.320885906551461
0.303559709945295,0.170028310387223,-0.880879039896326,-0.320926772389158
0.302822886026177,0.16979687789543,-0.881162398673702,-0.320967517233986
0.302084204062954,0.169564797170367,-0.881445793800187,-0.321008139784932
0.301343659591289,0.169332066446784,-0.881729222417148,-0.321048638733515
0.300601248141629,0.169098683955942,-0.882012681644919,-0.321089012763753
0.299856965239265,0.168864647925621,-0.882296168582688,-0.321129260552139
0.299110796121828,0.168629944648478,-0.88257968472895,-0.321169384460857
0.298362726000642,0.168394560377307,-0.882863231526609,-0.321209386829204
0.297612750353951,0.168158493274649,-0.883146805959157,-0.321249266287873
0.29686086465504,0.167921741499281,-0.883430404988142,-0.321289021459805
0.296107064372291,0.167684303206215,-0.883714025553061,-0.321328650960156
0.295351344969239,0.167446176546711,-0.88399766457125,-0.321368153396264
0.294593701904632,0.167207359668279,-0.88428131893777,-0.321407527367616
0.293834130632482,0.166967850714689,-0.884564985525301,-0.321446771465814
0.293072626602129,0.166727647825974,-0.884848661184024,-0.321485884274547
0.292309185258295,0.166486749138439,-0.885132342741518,-0.321524864369552
0.291543802041145,0.16624515278467,-0.885416027002641,-0.321563710318583
0.290776472386348,0.166002856893537,-0.885699710749424,-0.321602420681378
0.290007191725135,0.165759859590201,-0.885983390740952,-0.321640994009631
0.289235955484359,0.165516158996126,-0.886267063713258,-0.321679428846949
0.288462759086558,0.165271753229079,-0.886550726379207,-0.321717723728828
0.28768759795002,0.165026640403144,-0.886834375428381,-0.321755877182613
0.286910467488839,0.164780818628724,-0.887118007526971,-0.321793887727471
0.286131363112982,0.164534286012554,-0.887401619317659,-0.321831753874354
0.285350280228353,0.164287040657701,-0.887685207419506,-0.321869474125963
0.284567214236857,0.164039080663577,-0.887968768427836,-0.321907046976724
0.283782160536464,0.163790404125948,-0.888252298914125,-0.321944470912745
0.282995114521274,0.163541009136933,-0.888535795425884,-0.321981744411786
0.282206071581584,0.163290893785022,-0.888819254486544,-0.322018865943228
0.281415027103956,0.163040056155076,-0.889102672595342,-0.322055833968038
0.280621976471281,0.162788494328339,-0.889386046227207,-0.322092646938735
0.27982691446383,0.16253620831137,-0.88966937191735,-0.32212930261248
0.279029835901477,0.162283198161579,-0.889952646157811,-0.322165798724748
0.278230736221787,0.162029462031758,-0.890235865321924,-0.322202133682734
0.277429610859705,0.161774998072013,-0.890519025758227,-0.322238305885025
0.276626455247629,0.161519804429786,-0.890802123790346,-0.322274313721563
0.2758212648155,0.16126387924988,-0.891085155716878,-0.32231015557361
0.275014034990881,0.16100722067448,-0.891368117811276,-0.322345829813721
0.274204761199044,0.160749826843173,-0.891651006321733,-0.3223813348057
0.273393438863052,0.160491695892975,-0.891933817471065,-0.322416668904578
0.272580063403847,0.160232825958354,-0.892216547456592,-0.322451830456572
0.271764630240337,0.159973215171251,-0.892499192450025,-0.322486817799053
0.270947134789481,0.159712861661107,-0.892781748597346,-0.322521629260513
0.270127572466379,0.159451763554885,-0.893064212018694,-0.322556263160532
0.269305938684363,0.159189918977099,-0.893346578808243,-0.322590717809745
0.26848222885508,0.158927326049831,-0.893628845034087,-0.322624991509805
0.267656438388592,0.158663982892767,-0.893911006738124,-0.322659082553355
0.266828562693459,0.158399887623213,-0.894193059935932,-0.322692989223986
0.265998597176836,0.158135038356126,-0.894475000616659,-0.322726709796213
0.265166537244567,0.157869433204142,-0.894756824742899,-0.322760242535436
0.264332378301273,0.157603070277598,-0.895038528250575,-0.322793585697907
0.263496115750454,0.157335947684561,-0.89532010704882,-0.322826737530697
0.262657744994578,0.157068063530858,-0.895601557019861,-0.322859696271663
0.261817261435183,0.156799415920098,-0.895882874018896,-0.322892460149412
0.260974660472968,0.156530002953707,-0.896164053873979,-0.322925027383272
0.260129937507897,0.156259822730952,-0.896445092385899,-0.322957396183252
0.259283090431693,0.155988879266525,-0.896725984187404,-0.322989563058152
0.258434117156807,0.155717176599932,-0.897006723889397,-0.323021524512436
0.257583013113753,0.155444712864813,-0.897287307218717,-0.32305327873557
0.25672977373307,0.155171486193188,-0.897567729874553,-0.323084823907601
0.255874394445435,0.154897494715485,-0.897847987528336,-0.323116158199131
0.255016870681768,0.154622736560584,-0.898128075823611,-0.323147279771272
0.25415719787334,0.154347209855852,-0.898407990375924,-0.323178186775624
0.253295371451892,0.154070912727183,-0.898687726772696,-0.323208877354234
0.25243138684974,0.15379384329904,-0.898967280573112,-0.323239349639568
0.251565239499889,0.153515999694488,-0.899246647307995,-0.323269601754474
0.250696924836151,0.153237380035242,-0.899525822479688,-0.323299631812152
0.249826438293254,0.152957982441705,-0.899804801561937,-0.323329437916118
0.248953775306963,0.15267780503301,-0.900083579999769,-0.323359018160173
0.248078931314194,0.152396845927062,-0.900362153209373,-0.323388370628369
0.247201901753132,0.152115103240584,-0.900640516577981,-0.323417493394976
0.24632268206335,0.151832575089155,-0.900918665463746,-0.323446384524448
0.245441267685929,0.15154925958726,-0.901196595195626,-0.323475042071392
0.244557654063576,0.151265154848334,-0.901474301073262,-0.323503464080533
0.243671836640749,0.150980258984805,-0.901751778366857,-0.323531648586683
0.242783810863778,0.150694570108141,-0.90202902231706,-0.323559593614705
0.241893572180986,0.150408086328902,-0.902306028134843,-0.323587297179484
0.241001116042817,0.15012080575678,-0.902582791001383,-0.323614757285891
0.240106437901958,0.149832726500654,-0.90285930606794,-0.323641971928752
0.239209533213466,0.149543846668636,-0.903135568455742,-0.323668939092812
0.238310397434896,0.149254164368123,-0.903411573255861,-0.323695656752706
0.237409007698049,0.148963678731838,-0.903687320693019,-0.323722121426971
0.236505340948843,0.148672388839978,-0.903962810946012,-0.323748329610933
0.235599392367579,0.148380292719467,-0.904238038991044,-0.323774279228823
0.234691157134108,0.148087388395676,-0.904512999773164,-0.323799968194182
0.233780630427887,0.147793673892461,-0.904787688206151,-0.323825394409824
0.232867807428041,0.147499147232193,-0.905062099172383,-0.323850555767798
0.231952683313418,0.147203806435793,-0.905336227522725,-0.323875450149342
0.231035253262643,0.146907649522764,-0.905610068076398,-0.323900075424851
0.230115512454176,0.146610674511227,-0.905883615620861,-0.323924429453831
0.229193456066361,0.146312879417949,-0.906156864911689,-0.323948510084865
0.228269079277475,0.146014262258389,-0.906429810672452,-0.323972315155563
0.227342377265776,0.14571482104672,-0.906702447594591,-0.323995842492533
0.226413345209548,0.145414553795867,-0.906974770337303,-0.324019089911331
0.225481978287146,0.145113458517548,-0.907246773527415,-0.324042055216427
0.22454827167703,0.144811533222299,-0.907518451759268,-0.324064736201159
0.223612220557808,0.144508775919515,-0.907789799594595,-0.324087130647693
0.222673820108265,0.144205184617483,-0.908060811562402,-0.324109236326986
0.221733065507396,0.143900757323416,-0.908331482158851,-0.324131050998736
0.220789951934435,0.143595492043491,-0.90860180584714,-0.324152572411348
0.219844474568871,0.143289386782878,-0.908871777057386,-0.324173798301887
0.218896628590475,0.142982439545783,-0.909141390186509,-0.324194726396038
0.21794640917931,0.142674648335477,-0.909410639598112,-0.324215354408063
0.216993811515745,0.142366011154332,-0.909679519622368,-0.324235680040756
0.216038830780458,0.142056526003858,-0.909948024555905,-0.324255700985401
0.215081462154434,0.141746190884736,-0.91021614866169,-0.32427541492173
0.214121717240331,0.141435002233901,-0.910483882033167,-0.324294820968455
0.213159607978298,0.141122956497762,-0.910751214709811,-0.324313918265116
0.212195130063687,0.140810051690587,-0.911018140822671,-0.324332704505963
0.211228279202578,0.14049628582668,-0.911284654468497,-0.324351177374551
0.210259051112074,0.140181656920441,-0.911550749709613,-0.324369334543715
0.209287441520588,0.139866162986421,-0.911816420573792,-0.324387173675564
0.20831344616815,0.139549802039385,-0.912081661054129,-0.324404692421453
0.207337060806708,0.13923257209437,-0.91234646510892,-0.324421888421976
0.206358281200447,0.138914471166748,-0.912610826661524,-0.324438759306943
0.205377103126107,0.138595497272286,-0.912874739600253,-0.324455302695374
0.204393522373316,0.138275648427213,-0.913138197778228,-0.324471516195477
0.203407534744926,0.137954922648281,-0.913401195013266,-0.32448739740464
0.202419136057359,0.137633317952829,-0.913663725087742,-0.324502943909415
0.201428322140965,0.137310832358856,-0.913925781748472,-0.32451815328551
0.200435088840383,0.13698746388508,-0.914187358706573,-0.324533023097775
0.199439432014918,0.136663210551014,-0.914448449637344,-0.324547550900192
0.198441347538929,0.13633807037703,-0.914709048180134,-0.324561734235871
0.19744083130222,0.136012041384431,-0.914969147938209,-0.324575570637034
0.196437879210455,0.135685121595528,-0.915228742478629,-0.324589057625013
0.195432487185574,0.135357309033709,-0.91548782533211,-0.324602192710244
0.19442465116623,0.135028601723513,-0.915746389992898,-0.324614973392259
0.193414367108239,0.134698997690713,-0.916004429918636,-0.324627397159686
0.192401630985038,0.134368494962386,-0.916261938530225,-0.324639461490243
0.191386438788171,0.134037091567,-0.9165189092117,-0.324651163850736
0.19036878652778,0.133704785534492,-0.916775335310085,-0.324662501697066
0.189348650415836,0.133371571123526,-0.917031214921297,-0.324673472063417
0.188326006239374,0.13303744253044,-0.917286546120047,-0.324684071931534
0.18730084938827,0.132702397692427,-0.917541322165936,-0.324694298661217
0.186273175256157,0.132366434546132,-0.917795536281455,-0.324704149599861
0.185242979240311,0.132029551027648,-0.918049181651902,-0.32471362208242
0.184210256741515,0.131691745072502,-0.918302251425292,-0.324722713431358
0.183175003163902,0.131353014615649,-0.918554738712282,-0.324731420956607
0.182137213914778,0.131013357591452,-0.918806636586087,-0.324739741955522
0.181096884404425,0.130672771933657,-0.91905793808241,-0.324747673712828
0.180054010045871,0.130331255575374,-0.919308636199366,-0.324755213500582
0.17900858625464,0.129988806449042,-0.919558723897418,-0.324762358578116
0.177960608448472,0.12964542248639,-0.919808194099309,-0.324769106191988
0.176910072047001,0.129301101618398,-0.920057039690008,-0.324775453575933
0.175856972471411,0.128955841775242,-0.920305253516651,-0.324781397950806
0.174801305144042,0.128609640886241,-0.920552828388498,-0.324786936524529
0.173743065487961,0.12826249687979,-0.920799757076881,-0.324792066492032
0.172682248926476,0.127914407683283,-0.921046032315178,-0.324796785035194
0.171618850882614,0.127565371223029,-0.921291646798774,-0.324801089322783
0.17055286677853,0.127215385424162,-0.921536593185043,-0.324804976510386
0.169484292034855,0.126864448210525,-0.921780864093335,-0.324808443740348
0.16841312206998,0.126512557504557,-0.922024452104972,-0.324811488141699
0.167339352299262,0.126159711227157,-0.922267349763246,-0.324814106830078
0.166262978134144,0.125805907297531,-0.922509549573449,-0.324816296907655
0.165183994981182,0.125451143633027,-0.92275104400289,-0.324818055463052
0.164102398240968,0.125095418148943,-0.922991825480948,-0.324819379571251
0.163018182290407,0.124738715058822,-0.92323188748818,-0.324820268969192
0.161931342011169,0.124381018484036,-0.923471223354033,-0.324820723403452
0.160841873579417,0.124022326196733,-0.923709825220955,-0.324820739945109
0.159749773204088,0.123662635964583,-0.923947685188698,-0.32482031565464
0.158655037128671,0.123301945550516,-0.924184795314035,-0.324819447582058
0.157557661633184,0.122940252712436,-0.924421147610443,-0.324818132767055
0.156457643036373,0.122577555202931,-0.924656734047768,-0.32481636823918
0.155354977698182,0.122213850768951,-0.924891546551844,-0.324814151018025
0.154249662022526,0.121849137151476,-0.925125577004083,-0.324811478113442
0.15314169246043,0.121483412085164,-0.925358817241013,-0.324808346525784
0.152031065513594,0.121116673297987,-0.925591259053757,-0.324804753246176
0.150917777738464,0.120748918510851,-0.925822894187449,-0.324800695256829
0.149801825750908,0.120380145437202,-0.92605371434056,-0.324796169531392
0.148683206231615,0.120010351782645,-0.92628371116414,-0.324791173035354
0.147561915932365,0.119639535244549,-0.926512876260923,-0.324785702726504
0.146437951683358,0.119267693511683,-0.926741201184299,-0.324779755555466
0.145311310401843,0.118894824263885,-0.926968677437092,-0.324773328466311
0.144181989102341,0.118520925171792,-0.927195296470125,-0.324766418397271
0.143049984908855,0.11814599389667,-0.927421049680491,-0.324759022281569
0.141915295069575,0.117770028090395,-0.92764592840947,-0.324751137048409
0.14077791697474,0.117393025395661,-0.927869923939994,-0.324742759624131
0.139637848178549,0.117014983446523,-0.928093027493512,-0.324733886933597
0.138495086426324,0.116635899869426,-0.928315230226087,-0.324724515901868
0.137349629688577,0.116255772284972,-0.928536523223472,-0.324714643456222
